Adox CHM 125;510-Pyro;1+100;125;7;/;21C
Adox CHM 125;510-Pyro;1+500;125;50;/;21C
Adox CHM 125;777;stock;100;10-14;/;24C
Adox CHM 125;ACU-1;1+10;100;9;/;21C
Adox CHM 125;Acufine;stock;125;4;/;20C
Adox CHM 125;Acufine;stock;200;6;/;20C
Adox CHM 125;Acufine;stock;320;5;/;21C
Adox CHM 125;Amaloco AM74;1+7;125;3;/;20C
Adox CHM 125;Amaloco AM74;1+7;200;4;/;20C
Adox CHM 125;Amaloco AM74;1+7;400;5;/;20C
Adox CHM 125;Arista Liquid;1+9;125;5.5;/;20C
Adox CHM 125;Arista Liquid;1+9;125;5;/;24C
Adox CHM 125;Arista Liquid;1+19;250;9;/;24C
Adox CHM 125;Arista Premium;1+9;125;5.5;/;20C
Adox CHM 125;Atomal 49;stock;125;8;/;20C
Adox CHM 125;D-23;1+1;100;8;/;20C
Adox CHM 125;D-23;1+3;100;13;/;20C
Adox CHM 125;D-23;stock;100;6;/;20C
Adox CHM 125;D-76;1+1;50;8;/;20C
Adox CHM 125;D-76;1+3;50;17;/;20C
Adox CHM 125;D-76;stock;50;6.5;/;20C
Adox CHM 125;D-76;1+1;125;11;/;20C
Adox CHM 125;D-76;1+3;125;20;/;20C
Adox CHM 125;D-76;1+5;125;23;/;20C
Adox CHM 125;D-76;stock;125;8.5;/;20C
Adox CHM 125;D-76;1+1;200;15;/;20C
Adox CHM 125;D-76;stock;200;10;/;20C
Adox CHM 125;Diafine;stock;250;3+3;/;20C
Adox CHM 125;Eco Pro;1+1;32;8.5;/;20C
Adox CHM 125;Eco Pro;1+2;32;10;/;20C
Adox CHM 125;Eco Pro;1+3;32;12.5;/;20C
Adox CHM 125;Eco Pro;stock;32;6.5;/;20C
Adox CHM 125;Eco Pro;1+1;64;8.5;/;20C
Adox CHM 125;Eco Pro;1+2;64;10;/;20C
Adox CHM 125;Eco Pro;1+3;64;12.5;/;20C
Adox CHM 125;Eco Pro;stock;64;6.5;/;20C
Adox CHM 125;Eco Pro;1+1;125;10;/;20C
Adox CHM 125;Eco Pro;1+2;125;11.5;/;20C
Adox CHM 125;Eco Pro;1+3;125;14.75;/;20C
Adox CHM 125;Eco Pro;stock;125;8;/;20C
Adox CHM 125;Eco Pro;1+1;250;12;/;20C
Adox CHM 125;Eco Pro;1+2;250;13.75;/;20C
Adox CHM 125;Eco Pro;1+3;250;17;/;20C
Adox CHM 125;Eco Pro;stock;250;9;/;20C
Adox CHM 125;Eco Pro;1+1;500;14.5;/;20C
Adox CHM 125;Eco Pro;1+2;500;17.25;/;20C
Adox CHM 125;Eco Pro;1+3;500;20;/;20C
Adox CHM 125;Eco Pro;stock;500;11;/;20C
Adox CHM 125;Eco Pro;1+1;1000;17.5;/;20C
Adox CHM 125;Eco Pro;1+2;1000;21;/;20C
Adox CHM 125;Eco Pro;1+3;1000;23.5;/;20C
Adox CHM 125;Eco Pro;stock;1000;14;/;20C
Adox CHM 125;Emofin;stock;125;6+6;/;20C
Adox CHM 125;Extend Plus;1+15;125;8;/;20C
Adox CHM 125;F76+;1+9;125;5.5;/;20C
Adox CHM 125;F76+;1+9;125;5;/;24C
Adox CHM 125;F76+;1+19;250;9;/;24C
Adox CHM 125;FA-1027;1+14;125;9;/;20C
Adox CHM 125;FA-1027;1+14;125;4.5;/;24C
Adox CHM 125;FA-1027;1+9;125;6.5;/;20C
Adox CHM 125;FD10;1+14;125;9;/;20C
Adox CHM 125;FD10;1+9;125;6;/;20C
Adox CHM 125;Fomadon Excel;stock;125;10;/;20C
Adox CHM 125;Fomadon P;stock;125;10;/;20C
Adox CHM 125;FX-19;stock;100;9;/;20C
Adox CHM 125;FX-2;1+1+8;64;9;/;20C
Adox CHM 125;FX-37;1+3;160;4.5;/;20C
Adox CHM 125;FX-39;1+9;125;5.5;/;20C
Adox CHM 125;HC-110;B;50;6;/;20C
Adox CHM 125;HC-110;A;125;4.5;/;20C
Adox CHM 125;HC-110;B;125;7-9;/;20C
Adox CHM 125;HC-110;A;200;6;/;20C
Adox CHM 125;HC-110;B;200;12;/;20C
Adox CHM 125;ID-11;1+1;50;8;/;20C
Adox CHM 125;ID-11;1+3;50;17;/;20C
Adox CHM 125;ID-11;stock;50;6.5;/;20C
Adox CHM 125;ID-11;1+1;125;11;/;20C
Adox CHM 125;ID-11;1+3;125;20;/;20C
Adox CHM 125;ID-11;stock;125;8.5;/;20C
Adox CHM 125;ID-11;1+1;200;15;/;20C
Adox CHM 125;ID-11;stock;200;10;/;20C
Adox CHM 125;Ilfosol 3;1+14;100;7;/;20C
Adox CHM 125;Ilfosol 3;1+9;100;4;/;20C
Adox CHM 125;Ilfosol 3;1+14;125;5;/;24C
Adox CHM 125;Ilfosol 3;1+9;125;4;/;24C
Adox CHM 125;Ilfotec DD;stock;50;7;/;24C
Adox CHM 125;Ilfotec DD;stock;125;13;/;20C
Adox CHM 125;Ilfotec DD;stock;125;8.5;/;24C
Adox CHM 125;Ilfotec DD;stock;200;11.5;/;24C
Adox CHM 125;Ilfotec DD-X;1+4;50;8;/;20C
Adox CHM 125;Ilfotec DD-X;1+4;125;10;/;20C
Adox CHM 125;Ilfotec DD-X;1+4;200;12;/;20C
Adox CHM 125;Ilfotec HC;1+31;50;6;/;20C
Adox CHM 125;Ilfotec HC;1+47;50;8;/;20C
Adox CHM 125;Ilfotec HC;1+31;125;8;/;20C
Adox CHM 125;Ilfotec HC;1+47;125;12;/;20C
Adox CHM 125;Ilfotec HC;1+15;200;5;/;20C
Adox CHM 125;Ilfotec HC;1+31;200;9;/;20C
Adox CHM 125;Ilfotec LC29;1+19;50;6;/;20C
Adox CHM 125;Ilfotec LC29;1+29;50;8;/;20C
Adox CHM 125;Ilfotec LC29;1+19;125;8;/;20C
Adox CHM 125;Ilfotec LC29;1+29;125;12;/;20C
Adox CHM 125;Ilfotec LC29;1+19;200;9;/;20C
Adox CHM 125;Ilfotec LC29;1+9;200;5;/;20C
Adox CHM 125;Microdol-X;1+3;50;17;/;20C
Adox CHM 125;Microdol-X;stock;50;10;/;20C
Adox CHM 125;Microdol-X;1+3;125;23;/;20C
Adox CHM 125;Microdol-X;stock;125;15;/;20C
Adox CHM 125;Microphen;1+1;125;10;/;20C
Adox CHM 125;Microphen;1+3;125;14;/;20C
Adox CHM 125;Microphen;stock;125;8;/;20C
Adox CHM 125;Microphen;1+1;200;14;/;20C
Adox CHM 125;Microphen;1+3;200;18;/;20C
Adox CHM 125;Microphen;stock;200;9;/;20C
Adox CHM 125;Microphen;stock;400;15.5;/;20C
Adox CHM 125;Neofin Blue;stock;125;4;/;20C
Adox CHM 125;Neopress HC;1+15;125;2.5;/;20C
Adox CHM 125;Neopress HC;1+15;125;4.5;/;20C
Adox CHM 125;Neopress HC;1+31;125;7;/;20C
Adox CHM 125;Neopress HC;1+31;125;3;/;20C
Adox CHM 125;Neopress HC;1+15;400;2.5;/;20C
Adox CHM 125;Nucleol BF200;4+3;125;7;/;20C
Adox CHM 125;Nucleol BF200;4+3;250;11;/;20C
Adox CHM 125;Nucleol BF200;7+4;400;12;/;20C
Adox CHM 125;Perceptol;1+1;50;13;/;20C
Adox CHM 125;Perceptol;1+3;50;17;/;20C
Adox CHM 125;Perceptol;stock;50;9;/;20C
Adox CHM 125;Perceptol;1+2;80;12.5;/;24C
Adox CHM 125;Perceptol;1+1;125;15;/;20C
Adox CHM 125;Perceptol;1+3;125;21;/;20C
Adox CHM 125;Perceptol;stock;125;12;/;20C
Adox CHM 125;Perceptol;stock;400;17;/;20C
Adox CHM 125;PMK;1+2+100;125;10;/;20C
Adox CHM 125;Promicrol;1+9;185;6;/;20C
Adox CHM 125;Promicrol;1+14;185;9;/;20C
Adox CHM 125;Promicrol;1+9;250;6;/;20C
Adox CHM 125;Promicrol;1+14;250;9;/;20C
Adox CHM 125;Rodinal;1+100;64;21;/;20C
Adox CHM 125;Rodinal;1+24;80;7.5;/;20C
Adox CHM 125;Rodinal;1+50;100;12;/;20C
Adox CHM 125;Rodinal;1+100;125;20;/;20C
Adox CHM 125;Rodinal;1+25;125;9;/;20C
Adox CHM 125;Rodinal;1+50;125;15;/;20C
Adox CHM 125;Rodinal;1+25;200;13;/;20C
Adox CHM 125;Rodinal;1+50;200;20;/;20C
Adox CHM 125;Rodinal;1+50;250;26;/;20C
Adox CHM 125;Silberra Ascorol;1+29;125;9;/;20C
Adox CHM 125;Sprint Standard;1+9;125;8.5;/;20C
Adox CHM 125;Spur HRX;1+19;80;3.5-4;/;20C
Adox CHM 125;Spur SLD;1+9;125;3.5;/;20C
Adox CHM 125;Spur SLD;1+9;160;3.5;/;20C
Adox CHM 125;Studional;1+15;100;3.5;/;20C
Adox CHM 125;Suprol;1+19;125;2.75;/;20C
Adox CHM 125;Tanol;1+1+100;80;13.5;/;22C
Adox CHM 125;TMax Dev;1+4;100;4.5;/;20C
Adox CHM 125;TMax Dev;1+4;125;6.5-8;/;20C
Adox CHM 125;TMax Dev;1+9;160;11;/;24C
Adox CHM 125;TMax Dev;1+4;200;9;/;20C
Adox CHM 125;TMax Dev;1+4;320;12;/;20C
Adox CHM 125;TMax RS;stock;125;5;/;24C
Adox CHM 125;Ultrafin;1+10;125;7-8;/;20C
Adox CHM 125;Ultrafin;1+20;125;11;/;20C
Adox CHM 125;Ultrafin;1+10;200;9;/;20C
Adox CHM 125;Ultrafin;1+20;200;14;/;20C
Adox CHM 125;Xtol;1+1;32;8.5;/;20C
Adox CHM 125;Xtol;1+2;32;10;/;20C
Adox CHM 125;Xtol;1+3;32;12.5;/;20C
Adox CHM 125;Xtol;stock;32;6.5;/;20C
Adox CHM 125;Xtol;1+1;64;8.5;/;20C
Adox CHM 125;Xtol;1+2;64;10;/;20C
Adox CHM 125;Xtol;1+3;64;12.5;/;20C
Adox CHM 125;Xtol;stock;64;6.5;/;20C
Adox CHM 125;Xtol;1+1;125;10;/;20C
Adox CHM 125;Xtol;1+2;125;11.5;/;20C
Adox CHM 125;Xtol;1+3;125;14.75;/;20C
Adox CHM 125;Xtol;stock;125;8;/;20C
Adox CHM 125;Xtol;1+1;250;12;/;20C
Adox CHM 125;Xtol;1+2;250;13.75;/;20C
Adox CHM 125;Xtol;1+3;250;17;/;20C
Adox CHM 125;Xtol;stock;250;9;/;20C
Adox CHM 125;Xtol;1+1;500;14.5;/;20C
Adox CHM 125;Xtol;1+2;500;17.25;/;20C
Adox CHM 125;Xtol;1+3;500;20;/;20C
Adox CHM 125;Xtol;stock;500;11;/;20C
Adox CHM 125;Xtol;1+1;1000;17.5;/;20C
Adox CHM 125;Xtol;1+2;1000;21;/;20C
Adox CHM 125;Xtol;1+3;1000;23.5;/;20C
Adox CHM 125;Xtol;stock;1000;14;/;20C
Adox CHM 400;510-Pyro;1+100;400;6.5;/;21C
Adox CHM 400;777;stock;400;11-15;/;24C
Adox CHM 400;ACU-1;1+10;800;10;/;21C
Adox CHM 400;Acufine;stock;400;4.5;/;20C
Adox CHM 400;Acufine;stock;640;6.5;/;21C
Adox CHM 400;Acufine;stock;800;6.5;/;20C
Adox CHM 400;Acufine;stock;800;6.5;/;21C
Adox CHM 400;Acufine;stock;1600;9.5;/;20C
Adox CHM 400;Amaloco AM74;1+7;400;5;/;20C
Adox CHM 400;Amaloco AM74;1+7;800;7;/;20C
Adox CHM 400;Arista Liquid;1+9;400;7;/;20C
Adox CHM 400;Arista Liquid;1+9;400;6;/;24C
Adox CHM 400;Arista Liquid;1+19;800;12;/;24C
Adox CHM 400;Arista Premium;1+9;400;7;/;20C
Adox CHM 400;Atomal 49;stock;400;7.5;/;20C
Adox CHM 400;D-23;1+1;400;13;/;20C
Adox CHM 400;D-23;1+3;400;20;/;20C
Adox CHM 400;D-23;stock;400;7.5;/;20C
Adox CHM 400;D-23;1+1;800;20;/;20C
Adox CHM 400;D-76;1+3;200;14;/;20C
Adox CHM 400;D-76;1+1;400;13;/;20C
Adox CHM 400;D-76;1+3;400;20;/;20C
Adox CHM 400;D-76;stock;400;7.5;/;20C
Adox CHM 400;D-76;1+1;800;16.5;/;20C
Adox CHM 400;D-76;stock;800;10.5;/;20C
Adox CHM 400;D-76;stock;1600;14;/;20C
Adox CHM 400;Diafine;stock;800;3+3;/;20C
Adox CHM 400;DK-50;stock;400;6;/;20C
Adox CHM 400;Eco Pro;1+2;100;12.75;/;20C
Adox CHM 400;Eco Pro;1+3;100;14.5;/;20C
Adox CHM 400;Eco Pro;1+1;100;10.25;/;20C
Adox CHM 400;Eco Pro;1+2;200;12.75;/;20C
Adox CHM 400;Eco Pro;1+3;200;14.5;/;20C
Adox CHM 400;Eco Pro;1+1;200;10.25;/;20C
Adox CHM 400;Eco Pro;stock;200;7.5;/;20C
Adox CHM 400;Eco Pro;1+1;400;12;/;20C
Adox CHM 400;Eco Pro;1+2;400;15.5;/;20C
Adox CHM 400;Eco Pro;1+3;400;18;/;20C
Adox CHM 400;Eco Pro;stock;400;8.5;/;20C
Adox CHM 400;Eco Pro;1+1;800;14.25;/;20C
Adox CHM 400;Eco Pro;1+2;800;18;/;20C
Adox CHM 400;Eco Pro;1+3;800;23;/;20C
Adox CHM 400;Eco Pro;stock;800;10.5;/;20C
Adox CHM 400;Eco Pro;1+1;1600;18;/;20C
Adox CHM 400;Eco Pro;1+2;1600;21;/;20C
Adox CHM 400;Eco Pro;1+3;1600;27.5;/;20C
Adox CHM 400;Eco Pro;stock;1600;13;/;20C
Adox CHM 400;Eco Pro;1+1;3200;22.5;/;20C
Adox CHM 400;Eco Pro;stock;3200;17.5;/;20C
Adox CHM 400;Emofin;stock;400;5.5+5.5;/;20C
Adox CHM 400;Emofin;stock;800;8+8;/;20C
Adox CHM 400;Extend Plus;1+15;400;10;/;20C
Adox CHM 400;F76+;1+14;250;9;/;20C
Adox CHM 400;F76+;1+9;400;7;/;20C
Adox CHM 400;F76+;1+9;400;6;/;24C
Adox CHM 400;F76+;1+19;800;12;/;24C
Adox CHM 400;FA-1027;1+14;400;9;/;20C
Adox CHM 400;FA-1027;1+9;400;6-7;/;20C
Adox CHM 400;FD10;1+14;400;11;/;20C
Adox CHM 400;FD10;1+9;400;7;/;20C
Adox CHM 400;Fomadon Excel;stock;400;8;/;20C
Adox CHM 400;Fomadon P;stock;400;14;/;20C
Adox CHM 400;FX-19;stock;100;10;/;20C
Adox CHM 400;FX-37;1+3;640;6.5;/;20C
Adox CHM 400;FX-39;1+9;400;9;/;20C
Adox CHM 400;HC-110;A;400;2.5;/;20C
Adox CHM 400;HC-110;B;400;5;/;20C
Adox CHM 400;HC-110;A;800;3.5;/;20C
Adox CHM 400;HC-110;B;800;10;/;20C
Adox CHM 400;HC-110;B;800;7.5;/;20C
Adox CHM 400;HC-110;A;1600;5.5;/;20C
Adox CHM 400;HC-110;B;1600;11;/;20C
Adox CHM 400;HC-110;A;3200;9.5;/;20C
Adox CHM 400;HC-110;H;3200;38;/;20C
Adox CHM 400;ID-11;1+3;200;14;/;20C
Adox CHM 400;ID-11;1+1;400;13;/;20C
Adox CHM 400;ID-11;1+3;400;20;/;20C
Adox CHM 400;ID-11;stock;400;7.5;/;20C
Adox CHM 400;ID-11;1+1;800;16.5;/;20C
Adox CHM 400;ID-11;stock;800;10.5;/;20C
Adox CHM 400;ID-11;1+7;1600;60;/;20C
Adox CHM 400;ID-11;stock;1600;14;/;20C
Adox CHM 400;Ilfosol 3;1+14;200;7;/;20C
Adox CHM 400;Ilfosol 3;1+9;200;5;/;20C
Adox CHM 400;Ilfosol 3;1+14;400;11;/;20C
Adox CHM 400;Ilfosol 3;1+9;400;6.5;/;20C
Adox CHM 400;Ilfosol 3;1+14;800;19.5;/;20C
Adox CHM 400;Ilfosol 3;1+9;800;13.5;/;20C
Adox CHM 400;Ilfotec DD;stock;200;6;/;24C
Adox CHM 400;Ilfotec DD;stock;400;10;/;20C
Adox CHM 400;Ilfotec DD;stock;400;7;/;24C
Adox CHM 400;Ilfotec DD;stock;800;10;/;24C
Adox CHM 400;Ilfotec DD;stock;1600;14;/;24C
Adox CHM 400;Ilfotec DD;stock;3200;18;/;24C
Adox CHM 400;Ilfotec DD-X;1+4;400;9;/;20C
Adox CHM 400;Ilfotec DD-X;1+9;400;15.75;/;20C
Adox CHM 400;Ilfotec DD-X;1+9;400;11.75;/;24C
Adox CHM 400;Ilfotec DD-X;1+9;640;9;/;24C
Adox CHM 400;Ilfotec DD-X;1+4;800;10;/;20C
Adox CHM 400;Ilfotec DD-X;1+4;1600;13;/;20C
Adox CHM 400;Ilfotec DD-X;1+9;1600;16;/;24C
Adox CHM 400;Ilfotec DD-X;1+4;3200;20;/;20C
Adox CHM 400;Ilfotec HC;1+31;400;6.5;/;20C
Adox CHM 400;Ilfotec HC;1+47;400;9;/;20C
Adox CHM 400;Ilfotec HC;1+15;800;5;/;20C
Adox CHM 400;Ilfotec HC;1+31;800;9.5;/;20C
Adox CHM 400;Ilfotec HC;1+15;1600;7.5;/;20C
Adox CHM 400;Ilfotec HC;1+31;1600;14;/;20C
Adox CHM 400;Ilfotec HC;1+15;3200;11;/;20C
Adox CHM 400;Ilfotec LC29;1+19;400;6.5;/;20C
Adox CHM 400;Ilfotec LC29;1+29;400;9;/;20C
Adox CHM 400;Ilfotec LC29;1+19;800;9.5;/;20C
Adox CHM 400;Ilfotec LC29;1+9;800;5;/;20C
Adox CHM 400;Ilfotec LC29;1+19;1600;14;/;20C
Adox CHM 400;Ilfotec LC29;1+9;1600;7.5;/;20C
Adox CHM 400;Ilfotec LC29;1+9;3200;12.5;/;20C
Adox CHM 400;Microdol-X;1+1;50;9.5;/;20C
Adox CHM 400;Microdol-X;1+3;400;25;/;20C
Adox CHM 400;Microdol-X;stock;400;11;/;20C
Adox CHM 400;Microphen;1+1;400;12;/;20C
Adox CHM 400;Microphen;1+3;400;23;/;20C
Adox CHM 400;Microphen;stock;400;6.5;/;20C
Adox CHM 400;Microphen;1+1;800;15;/;20C
Adox CHM 400;Microphen;stock;800;8;/;20C
Adox CHM 400;Microphen;stock;1600;11;/;20C
Adox CHM 400;Microphen;stock;3200;16;/;20C
Adox CHM 400;Microphen;stock;6400;20.5;/;20C
Adox CHM 400;Neopress HC;1+15;400;3;/;20C
Adox CHM 400;Neopress HC;1+31;400;4;/;20C
Adox CHM 400;Neopress HC;1+31;400;6;/;20C
Adox CHM 400;Neopress HC;1+15;800;3.5;/;20C
Adox CHM 400;Neopress HC;1+15;1600;6;/;20C
Adox CHM 400;Nucleol BF200;4+3;400;9.5;/;20C
Adox CHM 400;Nucleol BF200;4+3;800;14;/;20C
Adox CHM 400;Nucleol BF200;7+4;1600;16;/;20C
Adox CHM 400;Nucleol BF200;12+7;3200;25;/;20C
Adox CHM 400;PC-TEA;1+50;200;8;/;20C
Adox CHM 400;Perceptol;1+2;200;14.5;/;20C
Adox CHM 400;Perceptol;stock;200;11;/;20C
Adox CHM 400;Perceptol;1+2;250;12.5;/;24C
Adox CHM 400;Perceptol;1+1;400;15;/;20C
Adox CHM 400;Perceptol;1+3;400;25;/;20C
Adox CHM 400;Perceptol;stock;400;11;/;20C
Adox CHM 400;PMK;1+2+100;400;12;/;20C
Adox CHM 400;PMK;1+2+100;3200;25;/;21C
Adox CHM 400;Promicrol;1+14;600;16;/;20C
Adox CHM 400;Promicrol;1+9;600;11;/;20C
Adox CHM 400;Promicrol;1+14;800;16;/;20C
Adox CHM 400;Promicrol;1+9;800;11;/;20C
Adox CHM 400;Pyrocat-HD;1+1+100;200;9;/;20C
Adox CHM 400;Rodinal;1+100;160;20;/;20C
Adox CHM 400;Rodinal;1+50;200;10;/;20C
Adox CHM 400;Rodinal;1+100;400;16;/;20C
Adox CHM 400;Rodinal;1+25;400;6;/;20C
Adox CHM 400;Rodinal;1+50;400;11;/;20C
Adox CHM 400;Rodinal;1+50;400;7.25;/;24C
Adox CHM 400;Rodinal;23+1000;400;13.5;/;20C
Adox CHM 400;Rodinal;1+25;800;8;/;20C
Adox CHM 400;Rodinal;1+50;800;16;/;20C
Adox CHM 400;Rodinal;1+25;1600;12;/;20C
Adox CHM 400;Rodinal;1+50;1600;24;/;20C
Adox CHM 400;Rodinal;1+25;3200;18;/;21C
Adox CHM 400;Silberra Ascorol;1+29;400;8;/;20C
Adox CHM 400;Sprint Standard;1+9;400;10;/;20C
Adox CHM 400;Spur HRX;1+19;300;8.5;/;20C
Adox CHM 400;Spur SLD;1+9;600;6;/;20C
Adox CHM 400;Studional;1+15;400;4;/;20C
Adox CHM 400;Suprol;1+19;400;3.25;/;20C
Adox CHM 400;Tanol;1+1+100;200;12.5;/;24C
Adox CHM 400;TMax Dev;1+4;125;4.5;/;20C
Adox CHM 400;TMax Dev;1+4;400;6.5;/;20C
Adox CHM 400;TMax Dev;1+9;500;15;/;24C
Adox CHM 400;TMax Dev;1+4;800;8;/;20C
Adox CHM 400;TMax Dev;1+4;1600;9.5;/;20C
Adox CHM 400;TMax Dev;1+4;3200;11.5;/;20C
Adox CHM 400;TMax Dev;1+4;3200;9.5;/;24C
Adox CHM 400;TMax RS;stock;250;5;/;20C
Adox CHM 400;TMax RS;stock;400;6.5;/;20C
Adox CHM 400;TMax RS;stock;800;5;/;24C
Adox CHM 400;TMax RS;stock;1600;7;/;24C
Adox CHM 400;TMax RS;stock;3200;10.5;/;24C
Adox CHM 400;Ultrafin;1+10;400;4.5;/;20C
Adox CHM 400;Ultrafin;1+20;400;8;/;20C
Adox CHM 400;Xtol;1+2;100;12.75;/;20C
Adox CHM 400;Xtol;1+3;100;14.5;/;20C
Adox CHM 400;Xtol;1+1;100;10.25;/;20C
Adox CHM 400;Xtol;stock;200;7.5;/;20C
Adox CHM 400;Xtol;1+2;200;12.75;/;20C
Adox CHM 400;Xtol;1+3;200;14.5;/;20C
Adox CHM 400;Xtol;1+1;200;10.25;/;20C
Adox CHM 400;Xtol;1+1;400;12;/;20C
Adox CHM 400;Xtol;1+2;400;15.5;/;20C
Adox CHM 400;Xtol;1+3;400;18;/;20C
Adox CHM 400;Xtol;stock;400;8.5;/;20C
Adox CHM 400;Xtol;1+1;800;14.25;/;20C
Adox CHM 400;Xtol;1+2;800;18;/;20C
Adox CHM 400;Xtol;1+3;800;23;/;20C
Adox CHM 400;Xtol;stock;800;10.5;/;20C
Adox CHM 400;Xtol;1+1;1600;18;/;20C
Adox CHM 400;Xtol;1+2;1600;21;/;20C
Adox CHM 400;Xtol;1+3;1600;27.5;/;20C
Adox CHM 400;Xtol;stock;1600;13;/;20C
Adox CHM 400;Xtol;1+1;3200;22.5;/;20C
Adox CHM 400;Xtol;stock;3200;17.5;/;20C
Adox CHS 100;ABC Pyro;stock;100;6;6;20C
Adox CHS 100;Acufine;stock;100;3;3;20C
Adox CHS 100;Acufine;stock;250;3.25;3.25;20C
Adox CHS 100;Acurol-N;1+50;50;9.5;9.5;20C
Adox CHS 100;Amaloco AM74;1+15;100;7.5;7.5;20C
Adox CHS 100;Atomal 49;1+1;100;12;12;20C
Adox CHS 100;Atomal 49;1+2;100;15;15;20C
Adox CHS 100;Atomal 49;stock;100;8;8;20C
Adox CHS 100;D-76;1+1;100;10;10;20C
Adox CHS 100;D-76;stock;100;7;7;20C
Adox CHS 100;Eco Pro;1+2;64;8.5;8.5;20C
Adox CHS 100;Eco Pro;1+2;80;11.75;11.75;20C
Adox CHS 100;Eco Pro;stock;100;8-9;8-9;20C
Adox CHS 100;Emofin;stock;100;4+4;4+4;20C
Adox CHS 100;Emofin;stock;400;4+4;4+4;20C
Adox CHS 100;F76+;1+4;64;12;12;20C
Adox CHS 100;F76+;1+19;100;22.5;22.5;20C
Adox CHS 100;F76+;1+9;100;13.5;13.5;20C
Adox CHS 100;Finol;1+1+100;80;13.5;13.5;24C
Adox CHS 100;Fomadon LQN;1+10;100;9;9;20C
Adox CHS 100;Fomadon R09;1+100;100;19;19;20C
Adox CHS 100;Fomadon R09;1+50;100;9.5;9.5;20C
Adox CHS 100;FX-39;1+14;100;11;11;20C
Adox CHS 100;FX-39;1+9;100;7;7;20C
Adox CHS 100;HC-110;B;100;6.25;6.25;18C
Adox CHS 100;HC-110;B;100;5.5;5.5;20C
Adox CHS 100;HC-110;H;100;11;11;20C
Adox CHS 100;ID-11;1+1;100;10;10;20C
Adox CHS 100;ID-11;stock;100;7;7;20C
Adox CHS 100;Ilfosol 3;1+9;100;5.5;5.5;20C
Adox CHS 100;Ilfotec DD-X;1+4;100;7;7;20C
Adox CHS 100;Ilfotec DD-X;1+9;100;13;13;20C
Adox CHS 100;Ilfotec LC29;1+29;100;11;11;20C
Adox CHS 100;Microdol-X;1+3;100;17;17;25C
Adox CHS 100;Microphen;1+3;100;18;18;21C
Adox CHS 100;Neofin Blue;stock;100;15;15;20C
Adox CHS 100;Neofin Blue;stock;100;8;8;20C
Adox CHS 100;PC-TEA;1+50;100;10.5;10.5;20C
Adox CHS 100;Perceptol;1+3;50;23;23;20C
Adox CHS 100;PMK;1+2+100;50;12;12;21C
Adox CHS 100;PMK;1+2+100;100;10;10;20C
Adox CHS 100;Pyrocat-HD;2+2+100;100;8;8;20C
Adox CHS 100;Rodinal;1+50;50;9;9;20C
Adox CHS 100;Rodinal;1+25;80;5;5;20C
Adox CHS 100;Rodinal;1+100;100;16;16;20C
Adox CHS 100;Rodinal;1+25;100;6;6;20C
Adox CHS 100;Rodinal;1+50;100;10;10;20C
Adox CHS 100;Rodinal;1+25;160;8;8;20C
Adox CHS 100;Rodinal;1+50;200;14;14;20C
Adox CHS 100;Rodinal;1+50;400;24;24;20C
Adox CHS 100;Silberra Ascorol;1+29;100;7;7;20C
Adox CHS 100;Sprint Standard;1+9;100;10;10;20C
Adox CHS 100;Tanol;1+1+100;80;14;14;22C
Adox CHS 100;Tanol;2+3+130;100;12;12;20C
Adox CHS 100;TMax Dev;1+4;100;7;7;20C
Adox CHS 100;TMax Dev;1+9;100;6;6;24C
Adox CHS 100;TMax RS;stock;80;4;4;20C
Adox CHS 100;TMax RS;stock;100;6;6;20C
Adox CHS 100;Ultrafin;1+10;100;3.5;3.5;20C
Adox CHS 100;Ultrafin;1+20;100;5;5;20C
Adox CHS 100;Ultrafin;1+30;100;7;7;20C
Adox CHS 100;WD2D+;stock;100;9.5;9.5;20C
Adox CHS 100;Xtol;1+2;64;8.5;8.5;20C
Adox CHS 100;Xtol;1+2;80;11.75;11.75;20C
Adox CHS 100;Xtol;stock;100;8-9;8-9;20C
Adox CHS 100 II;ADX II;1+24;100;10;10;20C
Adox CHS 100 II;Amaloco AM74;1+15;100;7.5;7.5;20C
Adox CHS 100 II;Ars-Imago FD;1+39;100;6;6;20C
Adox CHS 100 II;Atomal 49;stock;100;6.5;6.5;20C
Adox CHS 100 II;Atomal 49;1+1;100;10;10;20C
Adox CHS 100 II;D-76;1+1;100;9;9;20C
Adox CHS 100 II;D-76;stock;100;6.5;6.5;20C
Adox CHS 100 II;Eco Pro;1+1;100;8;8;20C
Adox CHS 100 II;FX-39;1+19;100;13;13;20C
Adox CHS 100 II;FX-39;1+9;100;7.5;7.5;20C
Adox CHS 100 II;HC-110;B;100;8;8;20C
Adox CHS 100 II;HC-110;D;100;7;7;20C
Adox CHS 100 II;HC-110;B;100;5.5;5.5;20C
Adox CHS 100 II;HC-110;E;100;9;9;20C
Adox CHS 100 II;HC-110;B;200;7.5;7.5;20C
Adox CHS 100 II;HC-110;B;400;9;9;20C
Adox CHS 100 II;ID-11;1+1;100;9;9;20C
Adox CHS 100 II;ID-11;stock;100;6.5;6.5;20C
Adox CHS 100 II;Paranol S;1+25;100;8;8;20C
Adox CHS 100 II;Paranol S;1+50;100;25;25;20C
Adox CHS 100 II;Rodinal;1+100;100;30;30;20C
Adox CHS 100 II;Rodinal;1+50;100;12.5;12.5;20C
Adox CHS 100 II;Rodinal;1+25;100;5.5;5.5;20C
Adox CHS 100 II;Silberra Ascorol;1+29;100;7;7;20C
Adox CHS 100 II;Silvermax;1+19;100;8.5;8.5;20C
Adox CHS 100 II;Silvermax;1+19;125;10;10;20C
Adox CHS 100 II;Spur HRX;1+17;100;11;11;20C
Adox CHS 100 II;Xtol;1+1;100;8;8;20C
Adox CHS 25;510-Pyro;1+100;16;5;5;21C
Adox CHS 25;Acufine;stock;64;4;4;21C
Adox CHS 25;Acurol-N;1+70;8;8.5;8.5;20C
Adox CHS 25;Acurol-N;1+70;10;8.5;8.5;20C
Adox CHS 25;Amaloco AM74;1+15;20;3;3;20C
Adox CHS 25;Atomal 49;1+1;25;5;5;20C
Adox CHS 25;Atomal 49;1+2;25;7;7;20C
Adox CHS 25;Atomal 49;stock;25;4;4;20C
Adox CHS 25;Beutler;1+1+10;25;7.5;7.5;20C
Adox CHS 25;D-76;1+1;20;5;5;20C
Adox CHS 25;D-76;1+3;25;9-10;9-10;20C
Adox CHS 25;D-76;1+1;50(25);8-9;8-9;20C
Adox CHS 25;D-76;stock;50(25);6;6;20C
Adox CHS 25;Diafine;stock;25;3+3;3+3;20C
Adox CHS 25;DK-50;stock;25;5;5;20C
Adox CHS 25;Eco Pro;1+3;20;11;11;20C
Adox CHS 25;Eco Pro;stock;20;6;6;20C
Adox CHS 25;Eco Pro;1+1;50;8;8;20C
Adox CHS 25;Emofin;stock;25;3+3;3+3;20C
Adox CHS 25;Emofin;stock;32;4+4;4+4;20C
Adox CHS 25;F76+;1+19;25;12.5;12.5;20C
Adox CHS 25;F76+;1+9;25;5.5;5.5;20C
Adox CHS 25;F76+;1+9;50;8.5;8.5;20C
Adox CHS 25;FD10;1+14;25;6;6;20C
Adox CHS 25;Finol;1+1+100;20;7;7;24C
Adox CHS 25;Finol;1+1+100;25;8.5;8.5;24C
Adox CHS 25;Fomadon LQN;1+10;25;4;4;20C
Adox CHS 25;Fomadon R09;1+100;25;18;18;20C
Adox CHS 25;FX-39;1+9;25;4;4;20C
Adox CHS 25;FX-39;1+19;32;6;6;20C
Adox CHS 25;HC-110;B;25;7;7;20C
Adox CHS 25;HC-110;H;50;7;7;20C
Adox CHS 25;ID-11;1+1;20;5;5;20C
Adox CHS 25;ID-11;1+3;25;9-10;9-10;20C
Adox CHS 25;ID-11;1+1;50(25);8-9;8-9;20C
Adox CHS 25;ID-11;stock;50(25);6;6;20C
Adox CHS 25;Ilfotec LC29;1+19;50;4.5;4.5;20C
Adox CHS 25;Microdol-X;1+3;25;14.5;14.5;20C
Adox CHS 25;Microphen;stock;25;5;5;20C
Adox CHS 25;Moersch eco;2+1+70;25;10.5;10.5;20C
Adox CHS 25;Neofin Blue;stock;25;3.75;3.75;20C
Adox CHS 25;Neofin Blue;stock;25;7-8;7-8;20C
Adox CHS 25;PMK;1+2+100;25;7.5;7.5;21C
Adox CHS 25;Pyrocat-HD;1+1+100;12;10;10;20C
Adox CHS 25;Pyrocat-HD;2+2+100;25;10;10;20C
Adox CHS 25;Rodinal;1+100;12;9;9;20C
Adox CHS 25;Rodinal;1+50;12;3.5;3.5;20C
Adox CHS 25;Rodinal;1+50;20;4;4;20C
Adox CHS 25;Rodinal;1+99;20;6.5;6.5;20C
Adox CHS 25;Rodinal;1+100;25;12;12;20C
Adox CHS 25;Rodinal;1+100;25;11;11;20C
Adox CHS 25;Rodinal;1+100;25;17;18;21C
Adox CHS 25;Rodinal;1+100;25;10;10;24C
Adox CHS 25;Rodinal;1+25;25;4;4;20C
Adox CHS 25;Rodinal;1+50;25;8;8;20C
Adox CHS 25;Sprint Standard;1+9;25;5;5;20C
Adox CHS 25;Spur HRX;1+24;16;3.5;3.5;20C
Adox CHS 25;Tanol;1+1+100;16;12.5;12.5;20C
Adox CHS 25;Tanol Speed;1+1+130;25;12;12;24C
Adox CHS 25;TMax Dev;1+4;25;4-5;4-5;20C
Adox CHS 25;TMax RS;stock;25;5;5;20C
Adox CHS 25;Ultrafin;1+10;20;2;2;20C
Adox CHS 25;Ultrafin;1+10;20;3;3;20C
Adox CHS 25;Ultrafin;1+20;20;5;5;20C
Adox CHS 25;Ultrafin;1+20;20;2.5;2.5;20C
Adox CHS 25;Ultrafin;1+30;20;3.5;3.5;20C
Adox CHS 25;Ultrafin;1+30;20;8;8;20C
Adox CHS 25;WD2D+;stock;25;9;9;20C
Adox CHS 25;Xtol;1+3;20;11;11;20C
Adox CHS 25;Xtol;stock;20;6;6;20C
Adox CHS 25;Xtol;1+1;50;8;8;20C
Adox CHS 50;Acufine;stock;160;2.75;2.75;20C
Adox CHS 50;Acurol-N;1+50;40;8-8.5;8-8.5;20C
Adox CHS 50;Amaloco AM74;1+15;40;3.5;3.5;20C
Adox CHS 50;Atomal 49;1+1;50;8;8;20C
Adox CHS 50;Atomal 49;1+2;50;11;11;20C
Adox CHS 50;Atomal 49;stock;50;6;6;20C
Adox CHS 50;Beutler;1+1+10;50;8.5;8.5;20C
Adox CHS 50;D-76;1+1;40;5.25;5.25;20C
Adox CHS 50;D-76;1+1;50;8-9;8-9;20C
Adox CHS 50;D-76;stock;50;6.5;6.5;20C
Adox CHS 50;D-76;1+1;100(50);12;12;20C
Adox CHS 50;D-76;stock;100(50);7;7;20C
Adox CHS 50;Diafine;stock;50;4+4;4+4;20C
Adox CHS 50;Eco Pro;1+1;50;10;10;20C
Adox CHS 50;Eco Pro;stock;50;8;8;20C
Adox CHS 50;Emofin;stock;50;2.5+2.5;2.5+2.5;20C
Adox CHS 50;Emofin;stock;64;5+5;5+5;20C
Adox CHS 50;Finol;1+1+100;50;10;10;24C
Adox CHS 50;Fomadon LQN;1+10;50;7;7;20C
Adox CHS 50;Fomadon R09;1+100;50;19;19;20C
Adox CHS 50;FX-39;1+9;50;5.5;5.5;20C
Adox CHS 50;HC-110;B;50;7;7;20C
Adox CHS 50;ID-11;1+1;40;5.25;5.25;20C
Adox CHS 50;ID-11;1+1;50;8;8;20C
Adox CHS 50;ID-11;stock;50;6.5;6.5;20C
Adox CHS 50;ID-11;1+1;100(50);12;12;20C
Adox CHS 50;ID-11;stock;100(50);7;7;20C
Adox CHS 50;ID-68;stock;50;6;6;20C
Adox CHS 50;Neofin Blue;stock;50;4;4;20C
Adox CHS 50;Neofin Blue;stock;50;8;8;20C
Adox CHS 50;PMK;1+2+100;50;8;8;20C
Adox CHS 50;Rodinal;1+100;50;18;18;20C
Adox CHS 50;Rodinal;1+200;50;50;50;20C
Adox CHS 50;Rodinal;1+25;50;6;6;20C
Adox CHS 50;Rodinal;1+50;50;9;9;20C
Adox CHS 50;Silberra Ascorol;1+29;50;7;7;20C
Adox CHS 50;Sprint Standard;1+9;50;8.5;8.5;20C
Adox CHS 50;Tanol;1+1+100;32;12;12;22C
Adox CHS 50;TMax Dev;1+4;50;6;6;20C
Adox CHS 50;TMax RS;stock;50;5;5;20C
Adox CHS 50;Ultrafin;1+10;40;2;2;20C
Adox CHS 50;Ultrafin;1+10;40;3.5;3.5;20C
Adox CHS 50;Ultrafin;1+20;40;7;7;20C
Adox CHS 50;Ultrafin;1+20;40;2.5;2.5;20C
Adox CHS 50;Ultrafin;1+30;40;12;12;20C
Adox CHS 50;Ultrafin;1+30;40;3.5;3.5;20C
Adox CHS 50;WD2D+;stock;50;10;10;20C
Adox CHS 50;Xtol;1+1;50;10;10;20C
Adox CHS 50;Xtol;stock;50;8;8;20C
Adox CMS 20;Caffenol LC+C;stock;20;15;/;20C
Adox CMS 20;Perceptol;stock;20;10;/;23C
Adox CMS 20;PMK;1+2+100;12;10;/;20C
Adox CMS 20;Rodinal;1+200;10;14-15;/;20C
Adox CMS 20;Rodinal;1+100;20;18;/;20C
Adox CMS 20;Spur Nanospeed;1+24;20;5.5;/;20C
Adox CMS 20;TMax Dev;1+4;20;5.5;/;22C
Adox CMS 20 II;Adotech III;1+11;20;10-10.5;11-11.5;20C
Adox CMS 20 II;Adotech III;1+9;20;8;9;20C
Adox CMS 20 II;Adotech IV;1+14;12;10;10;23C
Adox CMS 20 II;Adotech IV;1+14;20;11;11;20C
Adox CMS 20 II;Atomal 49;1+2;20;6;6;20C
Adox CMS 20 II;Caffenol C-L;1+1;12;15;15;20C
Adox CMS 20 II;Caffenol C-L;stock;20;15;15;20C
Adox CMS 20 II;D-76;1+3;20;10.5;10.5;21C
Adox CMS 20 II;Eco Pro;stock;20;6.5;6.5;20C
Adox CMS 20 II;ID-11;1+3;20;10.5;10.5;21C
Adox CMS 20 II;Ilfosol 3;1+14;20;6;6;20C
Adox CMS 20 II;Romek PQ9;1+53;25;33;33;20C
Adox CMS 20 II;Xtol;stock;20;6.5;6.5;20C
Adox ORT 25;D-76;stock;25;6;6;20C
Adox ORT 25;Eco Pro;stock;25;6;6;20C
Adox ORT 25;Finol;1+1+150;20;12.5;12.5;24C
Adox ORT 25;HC-110;B;25;3;3;25C
Adox ORT 25;ID-11;stock;25;6;6;20C
Adox ORT 25;Rodinal;1+50;25;10;10;21C
Adox ORT 25;Rodinal;1+50;25;5-6;5-6;20C
Adox ORT 25;Rodinal;1+25;25;4;4;20C
Adox ORT 25;Rollei RLS Low Speed;1+4;25;12;12;24C
Adox ORT 25;Silberra Ascorol;1+29;25;6;6;20C
Adox ORT 25;TMax Dev;1+4;25;9;9;20C
Adox ORT 25;Xtol;stock;25;6;6;20C
Adox Silvermax;Acufine;stock;80;3.5;/;24C
Adox Silvermax;Acurol-N;1+50;50;10;/;20C
Adox Silvermax;Adox HR-DEV;1+30;200;15;/;20C
Adox Silvermax;ADX II;1+24;100;10;/;20C
Adox Silvermax;Atomal 49;stock;100;8-10;/;20C
Adox Silvermax;Atomal 49;1+1;100;12;/;22C
Adox Silvermax;Caffenol Concoction;stock;100;15;/;20C
Adox Silvermax;D-76;1+1;100;11;/;20C
Adox Silvermax;D-76;stock;100;9;/;20C
Adox Silvermax;Diafine;stock;100;4+4;/;20C
Adox Silvermax;Eco Pro;stock;100;7;/;20C
Adox Silvermax;FX-39;1+9;100;8;/;20C
Adox Silvermax;HC-110;B;100;7;/;20C
Adox Silvermax;ID-11;stock;100;9;/;20C
Adox Silvermax;ID-11;1+1;100;11;/;20C
Adox Silvermax;Ilfosol 3;1+14;100;8.75;/;20C
Adox Silvermax;Microphen;stock;100;9;/;20C
Adox Silvermax;Paranol S;1+25;100;13;/;20C
Adox Silvermax;Paranol S;1+50;100;30;/;20C
Adox Silvermax;Rodinal;1+50;50;17;/;25C
Adox Silvermax;Rodinal;1+50;80;14;/;21C
Adox Silvermax;Rodinal;1+100;100;70;/;19C
Adox Silvermax;Rodinal;1+100;100;18;/;21C
Adox Silvermax;Rodinal;1+25;100;8;/;20C
Adox Silvermax;Rodinal;1+50;100;12;/;20C
Adox Silvermax;Romek PQ9;1+9;100;10;/;20C
Adox Silvermax;Silberra Ascorol;1+29;100;9;/;20C
Adox Silvermax;Silvermax;1+56;80;24;/;20C
Adox Silvermax;Silvermax;1+100;80;70;/;20C
Adox Silvermax;Silvermax;1+29;100;11;/;20C
Adox Silvermax;Silvermax;1+56;160;24;/;20C
Adox Silvermax;Spur HRX;1+20;50;10;/;20C
Adox Silvermax;Ultrafin T-Plus;1+4;100;8.75;/;20C
Adox Silvermax;Xtol;stock;100;7;/;20C
Adox Pan 25;Acufine;stock;25;4;4;20C
Adox Pan 25;D-76;stock;25;5;5;20C
Adox Pan 25;Eco Pro;stock;25;6.5;6.5;20C
Adox Pan 25;FX-39;1+14;25;6;6;20C
Adox Pan 25;HC-110;F;25;13.5;13.5;20C
Adox Pan 25;HC-110;B;25;5.5;5.5;20C
Adox Pan 25;ID-11;stock;25;5;5;20C
Adox Pan 25;Neofin Blue;stock;25;12;12;20C
Adox Pan 25;Perceptol;1+1;25;10;10;20C
Adox Pan 25;Rodinal;1+50;25;11;11;20C
Adox Pan 25;Rodinal;1+100;25;20;20;20C
Adox Pan 25;Rodinal;1+25;25;6;6;20C
Adox Pan 25;Rollei RLS Low Speed;1+4;25;10;10;24C
Adox Pan 25;Silberra Ascorol;1+29;25;5;5;20C
Adox Pan 25;Windisch;stock;25;5;5;20C
Adox Pan 25;Xtol;stock;25;6.5;6.5;20C
AgfaPhoto APX 100;510-Pyro;1+300;100;20;/;20C
AgfaPhoto APX 100;510-Pyro;1+100;200;15;/;21C
AgfaPhoto APX 100;Acurol-N;1+70;64;10;/;20C
AgfaPhoto APX 100;Adox HR-DEV;1+35;160;10;/;20C
AgfaPhoto APX 100;ADX II;1+24;100;6;/;20C
AgfaPhoto APX 100;Atomal 49;stock;100;9.5;/;20C
AgfaPhoto APX 100;Caffenol C;stock;100;10;/;18C
AgfaPhoto APX 100;Caffenol C-M (rs);stock;100;10;/;20C
AgfaPhoto APX 100;D-76;stock;50;7;/;20C
AgfaPhoto APX 100;D-76;1+3;50;17.5;/;20C
AgfaPhoto APX 100;D-76;1+1;50;8.5;/;20C
AgfaPhoto APX 100;D-76;stock;100;9;/;20C
AgfaPhoto APX 100;D-76;1+1;100;11.5;/;20C
AgfaPhoto APX 100;D-76;1+3;100;21;/;20C
AgfaPhoto APX 100;D-76;stock;200;11;/;20C
AgfaPhoto APX 100;D-76;1+1;200;15.5;/;20C
AgfaPhoto APX 100;Eco Pro;stock;50;6.5;/;20C
AgfaPhoto APX 100;Eco Pro;1+1;50;8.5;/;20C
AgfaPhoto APX 100;Eco Pro;stock;100;8;/;20C
AgfaPhoto APX 100;Eco Pro;1+1;100;10;/;20C
AgfaPhoto APX 100;Fomadon R09;1+100;100;64;/;20C
AgfaPhoto APX 100;FX-2;1+1+8;64;10;/;20C
AgfaPhoto APX 100;FX-39;1+9;100;7.5;/;20C
AgfaPhoto APX 100;HC-110;B;400;15;/;20C
AgfaPhoto APX 100;HC-110;B;800;30;/;20C
AgfaPhoto APX 100;ID-11;stock;50;7;/;20C
AgfaPhoto APX 100;ID-11;1+3;50;17.5;/;20C
AgfaPhoto APX 100;ID-11;1+1;50;8.5;/;20C
AgfaPhoto APX 100;ID-11;1+3;100;21;/;20C
AgfaPhoto APX 100;ID-11;1+1;100;11.5;/;20C
AgfaPhoto APX 100;ID-11;stock;100;9;/;20C
AgfaPhoto APX 100;ID-11;1+1;200;15.5;/;20C
AgfaPhoto APX 100;ID-11;stock;200;11;/;20C
AgfaPhoto APX 100;Ilfosol 3;1+9;100;5;/;20C
AgfaPhoto APX 100;Ilfosol 3;1+14;100;7.5;/;20C
AgfaPhoto APX 100;Ilfotec DD;1+4;50;7.5;/;24C
AgfaPhoto APX 100;Ilfotec DD;1+4;100;9;/;24C
AgfaPhoto APX 100;Ilfotec DD;1+4;200;12;/;24C
AgfaPhoto APX 100;Ilfotec DD-X;1+4;50;8.5;/;20C
AgfaPhoto APX 100;Ilfotec DD-X;1+4;100;10.5;/;20C
AgfaPhoto APX 100;Ilfotec DD-X;1+4;200;12.5;/;20C
AgfaPhoto APX 100;Ilfotec HC;1+31;50;5;/;20C
AgfaPhoto APX 100;Ilfotec HC;1+15;100;4;/;20C
AgfaPhoto APX 100;Ilfotec HC;1+31;100;6.5;/;20C
AgfaPhoto APX 100;Ilfotec HC;1+15;200;5;/;20C
AgfaPhoto APX 100;Ilfotec HC;1+31;200;8;/;20C
AgfaPhoto APX 100;Ilfotec LC29;1+19;50;5.5;/;20C
AgfaPhoto APX 100;Ilfotec LC29;1+29;50;7.5;/;20C
AgfaPhoto APX 100;Ilfotec LC29;1+9;100;4;/;20C
AgfaPhoto APX 100;Ilfotec LC29;1+29;100;11;/;20C
AgfaPhoto APX 100;Ilfotec LC29;1+19;100;7;/;20C
AgfaPhoto APX 100;Ilfotec LC29;1+19;200;8;/;20C
AgfaPhoto APX 100;Ilfotec LC29;1+9;200;5;/;20C
AgfaPhoto APX 100;Microphen;1+1;100;10.5;/;20C
AgfaPhoto APX 100;Microphen;stock;100;8.5;/;20C
AgfaPhoto APX 100;Microphen;1+3;100;14.5;/;20C
AgfaPhoto APX 100;Microphen;stock;200;9;/;20C
AgfaPhoto APX 100;Microphen;1+1;200;14;/;20C
AgfaPhoto APX 100;Mikratol-2;1+50;100;18;/;20C
AgfaPhoto APX 100;Neofin Blue;1+9;100;15;/;20C
AgfaPhoto APX 100;Neofin Blue;1+5;100;10;/;20C
AgfaPhoto APX 100;Paranol S;1+25;100;11;/;20C
AgfaPhoto APX 100;Paranol S;1+50;100;22;/;20C
AgfaPhoto APX 100;Perceptol;1+1;50;13.5;/;20C
AgfaPhoto APX 100;Perceptol;stock;50;9.5;/;20C
AgfaPhoto APX 100;Perceptol;stock;100;12.5;/;20C
AgfaPhoto APX 100;Perceptol;1+1;100;15.5;/;20C
AgfaPhoto APX 100;Rodinal;1+50;100;10;/;20C
AgfaPhoto APX 100;Rodinal;1+25;100;5.5;/;20C
AgfaPhoto APX 100;Silberra Ascorol;1+29;100;9;/;20C
AgfaPhoto APX 100;Spur HRX;1+20;80;9.5;/;20C
AgfaPhoto APX 100;Studional;1+30;100;9;/;20C
AgfaPhoto APX 100;TMax Dev;1+4;100;8;/;20C
AgfaPhoto APX 100;Uncle Mort's;1+9;100;6;/;20C
AgfaPhoto APX 100;Xtol;1+1;50;8.5;/;20C
AgfaPhoto APX 100;Xtol;stock;50;6.5;/;20C
AgfaPhoto APX 100;Xtol;stock;100;8;/;20C
AgfaPhoto APX 100;Xtol;1+1;100;10;/;20C
AgfaPhoto APX 400;Acurol-N;1+50;200;11.5;/;20C
AgfaPhoto APX 400;Adox HR-DEV;1+24;400;13.5;/;20C
AgfaPhoto APX 400;ADX II;1+24;500;10.5;/;20C
AgfaPhoto APX 400;Amaloco AM74;1+9;400;6;/;20C
AgfaPhoto APX 400;Ars-Imago FD;1+39;400;6.5;/;20C
AgfaPhoto APX 400;Atomal 49;stock;400;10.5;/;20C
AgfaPhoto APX 400;D-76;stock;400;9.5;/;20C
AgfaPhoto APX 400;D-76;1+3;400;28;/;20C
AgfaPhoto APX 400;D-76;1+1;400;14;/;20C
AgfaPhoto APX 400;D-76;1+1;800;17;/;20C
AgfaPhoto APX 400;D-76;stock;800;12.5;/;20C
AgfaPhoto APX 400;Dektol;1+5;400;12;/;24C
AgfaPhoto APX 400;DK-50;stock;320;5;/;20C
AgfaPhoto APX 400;Eco Pro;1+1;400;12;/;20C
AgfaPhoto APX 400;Eco Pro;1+3;400;18.5;/;20C
AgfaPhoto APX 400;Eco Pro;stock;400;9;/;20C
AgfaPhoto APX 400;Eco Pro;stock;800;10.5;/;20C
AgfaPhoto APX 400;Eco Pro;1+1;800;14.5;/;20C
AgfaPhoto APX 400;Eco Pro;1+1;1600;18;/;20C
AgfaPhoto APX 400;Eco Pro;stock;1600;13;/;20C
AgfaPhoto APX 400;Eco Pro;stock;3200;17.5;/;20C
AgfaPhoto APX 400;FD10;1+9;400;12;/;20C
AgfaPhoto APX 400;HC-110;F;400;16;/;20C
AgfaPhoto APX 400;ID-11;stock;400;9.5;/;20C
AgfaPhoto APX 400;ID-11;1+3;400;25.5;/;20C
AgfaPhoto APX 400;ID-11;1+1;400;16.5;/;20C
AgfaPhoto APX 400;ID-11;1+1;800;20.5;/;20C
AgfaPhoto APX 400;ID-11;stock;800;13;/;20C
AgfaPhoto APX 400;Ilfosol 3;1+9;400;4.5;/;20C
AgfaPhoto APX 400;Ilfosol 3;1+14;400;11;/;20C
AgfaPhoto APX 400;Ilfosol 3;1+9;800;6.5;/;20C
AgfaPhoto APX 400;Ilfosol 3;1+14;800;25;/;20C
AgfaPhoto APX 400;Ilfotec DD;1+4;400;9;/;24C
AgfaPhoto APX 400;Ilfotec DD;1+4;800;13;/;24C
AgfaPhoto APX 400;Ilfotec DD-X;1+4;400;11.5;/;20C
AgfaPhoto APX 400;Ilfotec DD-X;1+4;800;13;/;20C
AgfaPhoto APX 400;Ilfotec HC;1+31;400;8;/;20C
AgfaPhoto APX 400;Ilfotec HC;1+15;400;4.5;/;20C
AgfaPhoto APX 400;Ilfotec HC;1+31;800;12.5;/;20C
AgfaPhoto APX 400;Ilfotec HC;1+15;800;6.5;/;20C
AgfaPhoto APX 400;Ilfotec LC29;1+29;200;9;/;20C
AgfaPhoto APX 400;Ilfotec LC29;1+19;250;8;/;20C
AgfaPhoto APX 400;Ilfotec LC29;1+9;400;4.5;/;20C
AgfaPhoto APX 400;Ilfotec LC29;1+29;400;11;/;20C
AgfaPhoto APX 400;Ilfotec LC29;1+19;400;8;/;20C
AgfaPhoto APX 400;Ilfotec LC29;1+9;800;6.5;/;20C
AgfaPhoto APX 400;Ilfotec LC29;1+19;800;12.5;/;20C
AgfaPhoto APX 400;Microphen;1+3;200;9;/;20C
AgfaPhoto APX 400;Microphen;stock;400;8;/;20C
AgfaPhoto APX 400;Microphen;1+1;400;15;/;20C
AgfaPhoto APX 400;Microphen;1+1;800;19;/;20C
AgfaPhoto APX 400;Microphen;stock;800;10;/;20C
AgfaPhoto APX 400;Perceptol;1+1;320;23;/;20C
AgfaPhoto APX 400;PMK;1+2+100;400;13;/;20C
AgfaPhoto APX 400;Rodinal;1+50;400;21;/;20C
AgfaPhoto APX 400;Rodinal;1+25;400;11.5;/;20C
AgfaPhoto APX 400;Rodinal;1+50;800;31.5;/;20C
AgfaPhoto APX 400;Rodinal;1+25;800;19;/;20C
AgfaPhoto APX 400;Rodinal;1+25;1600;30;/;20C
AgfaPhoto APX 400;Rodinal;1+25;1600;25;/;20C
AgfaPhoto APX 400;Rollei Supergrain;1+9;400;6;/;20C
AgfaPhoto APX 400;Spur HRX;1+13;400;14;/;20C
AgfaPhoto APX 400;Studional;1+30;400;8;/;20C
AgfaPhoto APX 400;TMax Dev;1+9;400;10;/;20C
AgfaPhoto APX 400;TMax Dev;1+4;400;5.5;/;20C
AgfaPhoto APX 400;TMax Dev;1+9;1600;18;/;20C
AgfaPhoto APX 400;TMax RS;stock;400;6.5;/;20C
AgfaPhoto APX 400;Uncle Mort's;1+9;400;10;/;20C
AgfaPhoto APX 400;Xtol;1+3;400;18.5;/;20C
AgfaPhoto APX 400;Xtol;stock;400;9;/;20C
AgfaPhoto APX 400;Xtol;1+1;400;12;/;20C
AgfaPhoto APX 400;Xtol;1+1;800;14.5;/;20C
AgfaPhoto APX 400;Xtol;stock;800;10.5;/;20C
AgfaPhoto APX 400;Xtol;1+1;1600;18;/;20C
AgfaPhoto APX 400;Xtol;stock;1600;13;/;20C
AgfaPhoto APX 400;Xtol;stock;3200;17.5;/;20C
Agfa Copex;Bellini Hydrofen;1+45;12;7;/;24C
Agfa Copex;D-76;stock;25;5;/;20C
Agfa Copex;ID-11;stock;25;5;/;20C
Agfa Copex;Studional;1+45;12;7;/;24C
Agfa Copex Rapid;510-Pyro;1+300;64;20;20;21C
Agfa Copex Rapid;Caffenol LC+C;stock;64;15;15;20C
Agfa Copex Rapid;HC-110;1+80;50;15;15;20C
Agfa Copex Rapid;POTA;stock;50;17;17;20C
Agfa Copex Rapid;Spur Modular UR;1+5;50;5;5;20C
Agfa Copex Rapid;Ultrafin;1+10;100;10;10;22C
Agfa Aviphot ASP 400 S;Rodinal;1+50;200;11;/;20C
Agfa Aviphot ASP 400 S;Rollei Supergrain;1+9;200;8;/;20C
Argenti LSRF;D-76;1+1;50;9-12;/;20C
Argenti LSRF;Diafine;stock;50;3+3;/;20C
Argenti LSRF;Eco Pro;stock;50;8;/;20C
Argenti LSRF;Fomadon LQN;1+10;50;7;/;20C
Argenti LSRF;HC-110;H;25;12.5;/;20C
Argenti LSRF;Rodinal;1+25;50;6;/;20C
Argenti LSRF;Rollei D74;1+15;50;8;/;20C
Argenti LSRF;Studional;1+15;50;7.5;/;20C
Argenti LSRF;Tanol;1+1+100;32;12.5;/;24C
Argenti LSRF;Uncle Mort's;1+9;50;8;/;20C
Argenti LSRF;Xtol;stock;50;8;/;20C
Argenti Pan-X;Finol;1+1+100;100;11;/;20C
Argenti Pan-X;Rodinal;1+24;100;7;/;20C
Argenti Pan-X;Rodinal;1+24;200;10;/;20C
Argenti Pan-X;Rodinal;1+24;400;22;/;20C
Argenti Protopan 400;Acufine;stock;400;17;/;20C
Argenti Protopan 400;D-76;stock;400;10;/;20C
Argenti Protopan 400;Diafine;stock;800;4+4;/;20C
Argenti Protopan 400;Eco Pro;1+2;400;17;/;20C
Argenti Protopan 400;Finol;1+1+100;320;15;/;24C
Argenti Protopan 400;Fomadon R09;1+25;400;9;/;24C
Argenti Protopan 400;HC-110;B;400;7;/;20C
Argenti Protopan 400;ID-11;1+1;400;11;/;20C
Argenti Protopan 400;Rodinal;1+25;400;10;/;20C
Argenti Protopan 400;Rollei D74;1+15;400;5.5;/;20C
Argenti Protopan 400;Studional;1+30;200;7.75;/;20C
Argenti Protopan 400;Studional;1+30;400;10.25;/;20C
Argenti Protopan 400;Studional;1+15;400;8;/;20C
Argenti Protopan 400;Tanol;1+1+100;200;19;/;20C
Argenti Protopan 400;Uncle Mort's;1+9;320;13;/;20C
Argenti Protopan 400;Xtol;1+2;400;17;/;20C
Arista EDU Ultra 100;Acufine;stock;100;3.5;3.5;20C
Arista EDU Ultra 100;Atomal 49;1+1;100;13;13;20C
Arista EDU Ultra 100;Atomal 49;1+2;100;17;17;20C
Arista EDU Ultra 100;Atomal 49;3+2;100;6;6;23C
Arista EDU Ultra 100;Atomal 49;stock;100;6-8;6-8;20C
Arista EDU Ultra 100;Beutler-Pyro;10+10+978+2;100;10;10;22C
Arista EDU Ultra 100;D-23;1+1;100;18.5;18.5;20C
Arista EDU Ultra 100;D-23;stock;100;11;11;20C
Arista EDU Ultra 100;D-23;stock;200;15;15;20C
Arista EDU Ultra 100;D-76;1+1;100;10;10;20C
Arista EDU Ultra 100;D-76;1+3;100;17;17;20C
Arista EDU Ultra 100;D-76;stock;100;6-7;6-7;20C
Arista EDU Ultra 100;Diafine;stock;100;4+4;4+4;20C
Arista EDU Ultra 100;DK-50;1+1;50;2;2;20C
Arista EDU Ultra 100;Eco Pro;stock;100;5-6;5-6;20C
Arista EDU Ultra 100;Eco Pro;1+2;125;9;9;20C
Arista EDU Ultra 100;F76+;1+9;50;8;8;20C
Arista EDU Ultra 100;Fomadon LQN;1+10;100;18;18;20C
Arista EDU Ultra 100;Fomadon LQN;1+10;100;7-8;7-8;20C
Arista EDU Ultra 100;Fomadon LQN;1+14;100;9-10;9-10;20C
Arista EDU Ultra 100;Fomadon LQR;1+10;100;5-6;5-6;20C
Arista EDU Ultra 100;Fomadon P;stock;100;7-8;7-8;20C
Arista EDU Ultra 100;HC-110;B;50;4.5;4.5;20C
Arista EDU Ultra 100;HC-110;B;100;6;6;20C
Arista EDU Ultra 100;HC-110;H;100;11.5;11.5;20C
Arista EDU Ultra 100;ID-11;1+1;100;8-10;8-10;20C
Arista EDU Ultra 100;ID-11;1+3;100;15-17;15-16;20C
Arista EDU Ultra 100;ID-11;stock;100;6-7;6-7;20C
Arista EDU Ultra 100;Ilfosol 3;1+14;50;3.5;3.5;21C
Arista EDU Ultra 100;Ilfosol 3;1+14;100;6;6;20C
Arista EDU Ultra 100;Ilfosol 3;1+9;100;5;5;20C
Arista EDU Ultra 100;Ilfotec HC;1+79;100;13;13;20C
Arista EDU Ultra 100;Ilfotec LC29;1+19;100;7;7;20C
Arista EDU Ultra 100;Liquidol;1+19;100;1;1;20C
Arista EDU Ultra 100;Microdol-X;1+1;100;9-10;9-10;20C
Arista EDU Ultra 100;Microdol-X;stock;100;8;8;20C
Arista EDU Ultra 100;Microphen;1+1;100;8-9;8-9;20C
Arista EDU Ultra 100;Microphen;1+3;100;13-14;13-14;20C
Arista EDU Ultra 100;Microphen;stock;100;5-7;5-7;20C
Arista EDU Ultra 100;PC-TEA;1+50;100;10;10;20C
Arista EDU Ultra 100;Perceptol;stock;50;7.5;7.5;20C
Arista EDU Ultra 100;Perceptol;1+1;100;10-11;10-11;20C
Arista EDU Ultra 100;Perceptol;1+3;100;14-15;14-15;20C
Arista EDU Ultra 100;Perceptol;stock;100;8;8;20C
Arista EDU Ultra 100;PMK;1+2+50;125;10;10;21C
Arista EDU Ultra 100;Promicrol;1+14;200;13;13;20C
Arista EDU Ultra 100;Pyrocat-HD;1+1+100;50;9;9;21C
Arista EDU Ultra 100;Pyrocat-HD;1+1+100;100;11;11;21C
Arista EDU Ultra 100;Pyrocat-HD;1+1+100;100;8;8;30C
Arista EDU Ultra 100;Pyrocat-M;1+2+100;100;5.5;5.5;30C
Arista EDU Ultra 100;Rodinal;1+100;50;7;7;20C
Arista EDU Ultra 100;Rodinal;1+25;100;3.5;3.5;20C
Arista EDU Ultra 100;Rodinal;1+50;100;7;7;20C
Arista EDU Ultra 100;Sprint Standard;1+9;100;8.5;8.5;20C
Arista EDU Ultra 100;Tanol;1+1+100;64;11;11;24C
Arista EDU Ultra 100;TMax Dev;1+4;100;5-6;5-6;20C
Arista EDU Ultra 100;TMax RS;stock;100;5.5;5.5;20C
Arista EDU Ultra 100;Ultrafin;1+20;100;4.5;4.5;20C
Arista EDU Ultra 100;Ultrafin;1+20;100;7.5;7.5;20C
Arista EDU Ultra 100;Ultrafin T-Plus;1+8;100;9;9;20C
Arista EDU Ultra 100;Xtol;stock;100;5-6;5-6;20C
Arista EDU Ultra 100;Xtol;1+2;125;9;9;20C
Arista EDU Ultra 200;510-Pyro;1+100;200;6;6;21C
Arista EDU Ultra 200;510-Pyro;1+200;200;24;24;21C
Arista EDU Ultra 200;Acufine;stock;200;3;3;20C
Arista EDU Ultra 200;Atomal 49;1+1;200;13;13;20C
Arista EDU Ultra 200;Atomal 49;1+2;200;17;13;20C
Arista EDU Ultra 200;Atomal 49;3+2;200;8;8;20C
Arista EDU Ultra 200;Atomal 49;stock;200;8-10;8-10;20C
Arista EDU Ultra 200;D-76;1+1;200;8-9;8-9;20C
Arista EDU Ultra 200;D-76;1+3;200;12-13;12-13;20C
Arista EDU Ultra 200;D-76;stock;200;5-6;5-6;20C
Arista EDU Ultra 200;D-76;1+3;400;18;18;20C
Arista EDU Ultra 200;Diafine;stock;200;4+4;4+4;20C
Arista EDU Ultra 200;Eco Pro;1+1;200;9;9;20C
Arista EDU Ultra 200;Eco Pro;stock;200;6;6;20C
Arista EDU Ultra 200;FD10;1+9;200;6;6;22C
Arista EDU Ultra 200;Fomadon LQN;1+10;200;5-7;5-7;20C
Arista EDU Ultra 200;HC-110;B;200;3.5;3.5;20C
Arista EDU Ultra 200;Hypercat;1+1+100;200;6;6;21C
Arista EDU Ultra 200;ID-11;1+1;200;8-9;8-9;20C
Arista EDU Ultra 200;ID-11;1+3;200;12-13;12-13;20C
Arista EDU Ultra 200;ID-11;stock;200;5-6;5-6;20C
Arista EDU Ultra 200;ID-11;1+3;400;18;18;20C
Arista EDU Ultra 200;Ilfosol 3;1+9;200;6;6;20C
Arista EDU Ultra 200;Ilfotec DD-X;1+4;200;6;6;20C
Arista EDU Ultra 200;Ilfotec HC;1+31;800;12;12;20C
Arista EDU Ultra 200;Microdol-X;1+1;200;8.5;8.5;20C
Arista EDU Ultra 200;Microdol-X;stock;200;9;9;20C
Arista EDU Ultra 200;Microphen;1+3;200;12-13;12-13;20C
Arista EDU Ultra 200;Microphen;stock;200;5-6;5-6;20C
Arista EDU Ultra 200;Perceptol;1+1;200;7.5;7.5;20C
Arista EDU Ultra 200;Perceptol;1+3;200;12-13;12-13;20C
Arista EDU Ultra 200;Perceptol;stock;200;6;6;20C
Arista EDU Ultra 200;PMK;1+2+50;250;12;12;20C
Arista EDU Ultra 200;PMK;1+2+50;250;11;11;21C
Arista EDU Ultra 200;Rodinal;1+25;200;5;5;20C
Arista EDU Ultra 200;Rodinal;1+50;200;8-10;8-10;20C
Arista EDU Ultra 200;Silberra Ascorol;1+29;200;7;7;20C
Arista EDU Ultra 200;Sprint Standard;1+9;200;6.5;6.5;20C
Arista EDU Ultra 200;Tanol;1+1+100;125;12.5;12.5;24C
Arista EDU Ultra 200;TMax Dev;1+4;200;5-6;5-6;20C
Arista EDU Ultra 200;TMax RS;stock;200;4.5;4.5;20C
Arista EDU Ultra 200;Ultrafin;1+20;200;7.5;7.5;20C
Arista EDU Ultra 200;Xtol;stock;200;6;6;20C
Arista EDU Ultra 200;Xtol;1+1;200;9;9;20C
Arista EDU Ultra 400;Acufine;stock;400;6;6;20C
Arista EDU Ultra 400;Atomal 49;1+1;400;13;13;20C
Arista EDU Ultra 400;Atomal 49;1+2;400;17;17;20C
Arista EDU Ultra 400;Atomal 49;stock;400;8-10;8-10;20C
Arista EDU Ultra 400;Beutler-Pyro;10+10+978+2;400;12;12;22C
Arista EDU Ultra 400;D-76;1+1;200;8-9;8-9;20C
Arista EDU Ultra 400;D-76;1+1;400;10-13;10-13;20C
Arista EDU Ultra 400;D-76;1+3;400;22-23;22-23;20C
Arista EDU Ultra 400;D-76;stock;400;7-8;7-8;20C
Arista EDU Ultra 400;D-76;1+1;800;17;17;20C
Arista EDU Ultra 400;D-76;stock;1600;20;20;20C
Arista EDU Ultra 400;DS-10;1+1;400;13;13;20C
Arista EDU Ultra 400;Eco Pro;1+1;320;12;12;20C
Arista EDU Ultra 400;Eco Pro;1+1;400;9.5;9.5;20C
Arista EDU Ultra 400;Eco Pro;stock;400;7;7;20C
Arista EDU Ultra 400;Fomadon Excel;1+1;400;15;15;20C
Arista EDU Ultra 400;Fomadon LQN;1+10;400;8-10;8-10;20C
Arista EDU Ultra 400;Fomadon LQR;1+10;400;7-8;7-8;20C
Arista EDU Ultra 400;Fomadon P;stock;400;10-11;10-11;20C
Arista EDU Ultra 400;Fomadon R09;1+200;400;60-62;60-62;20C
Arista EDU Ultra 400;HC-110;E;200;7.5;7.5;20C
Arista EDU Ultra 400;HC-110;B;320;6;6;20C
Arista EDU Ultra 400;HC-110;B;400;7;7;20C
Arista EDU Ultra 400;HC-110;B;1600;12.5;12.5;20C
Arista EDU Ultra 400;ID-11;1+1;400;12-13;12-13;20C
Arista EDU Ultra 400;ID-11;1+3;400;22-23;22-23;20C
Arista EDU Ultra 400;ID-11;stock;400;7-8;7-8;20C
Arista EDU Ultra 400;Ilfotec HC;1+31;400;7;7;21C
Arista EDU Ultra 400;Microdol-X;1+3;400;32;32;20C
Arista EDU Ultra 400;Microdol-X;stock;400;15;15;20C
Arista EDU Ultra 400;Microphen;1+1;400;12-13;12-13;20C
Arista EDU Ultra 400;Microphen;1+3;400;24-25;24-25;20C
Arista EDU Ultra 400;Microphen;stock;400;8-9;8-9;20C
Arista EDU Ultra 400;Perceptol;stock;400;9-10;9-10;20C
Arista EDU Ultra 400;Promicrol;1+14;800;15;15;20C
Arista EDU Ultra 400;Pyrocat-HD;1+1+100;400;10;10;30C
Arista EDU Ultra 400;Pyrocat-M;1+2+100;400;7;7;30C
Arista EDU Ultra 400;Rodinal;1+100;400;120;120;20C
Arista EDU Ultra 400;Rodinal;1+25;400;5.5;5.5;20C
Arista EDU Ultra 400;Rodinal;1+50;400;11;11;20C
Arista EDU Ultra 400;Rollo Pyro;1+2+750;200;7;7;26C
Arista EDU Ultra 400;Silberra Ascorol;1+29;400;9;9;20C
Arista EDU Ultra 400;Sprint Standard;1+9;400;13;13;20C
Arista EDU Ultra 400;TMax Dev;1+4;400;7-8;7-8;20C
Arista EDU Ultra 400;TMax RS;stock;400;8;8;20C
Arista EDU Ultra 400;Ultrafin;1+20;400;15;15;20C
Arista EDU Ultra 400;Xtol;1+1;320;12;12;20C
Arista EDU Ultra 400;Xtol;1+1;400;9.5;9.5;20C
Arista EDU Ultra 400;Xtol;stock;400;7;7;20C
Arista EDU Ultra 400;Xtol;1+3;400;12.5;12.5;20C
Arista II 100;510-Pyro;1+100;100;9;/;20C
Arista II 100;ACU-1;1+10;320;12;/;21C
Arista II 100;Acufine;stock;160;5;/;21C
Arista II 100;Acufine;stock;400;9;/;20C
Arista II 100;Amaloco AM74;1+7;100;5;/;20C
Arista II 100;Amaloco AM74;1+7;200;6;/;20C
Arista II 100;Amaloco AM74;1+7;400;7;/;20C
Arista II 100;Arista Liquid;1+9;100;9;/;20C
Arista II 100;Arista Liquid;1+9;100;6.5;/;24C
Arista II 100;Arista Liquid;1+19;200;12.5;/;24C
Arista II 100;Atomal 49;3+2;100;6.5;/;20C
Arista II 100;Atomal 49;stock;100;5.75;/;20C
Arista II 100;Atomal 49;stock;200;7.5;/;20C
Arista II 100;Caffenol C;stock;100;20;/;20C
Arista II 100;D-23;stock;100;11;/;20C
Arista II 100;D-76;1+1;100;13.5;/;20C
Arista II 100;D-76;stock;100;9;/;20C
Arista II 100;Diafine;stock;200;3+3;/;20C
Arista II 100;Eco Pro;1+1;25;8;/;20C
Arista II 100;Eco Pro;1+2;25;12;/;20C
Arista II 100;Eco Pro;1+3;25;15.25;/;20C
Arista II 100;Eco Pro;stock;25;5.75;/;20C
Arista II 100;Eco Pro;1+1;50;8;/;20C
Arista II 100;Eco Pro;1+2;50;12;/;20C
Arista II 100;Eco Pro;1+3;50;15.25;/;20C
Arista II 100;Eco Pro;stock;50;5.75;/;20C
Arista II 100;Eco Pro;1+1;100;9.75;/;20C
Arista II 100;Eco Pro;1+2;100;13.75;/;20C
Arista II 100;Eco Pro;1+3;100;17.25;/;20C
Arista II 100;Eco Pro;stock;100;6.75;/;20C
Arista II 100;Eco Pro;1+1;200;12;/;20C
Arista II 100;Eco Pro;1+2;200;15.25;/;20C
Arista II 100;Eco Pro;1+3;200;19.5;/;20C
Arista II 100;Eco Pro;stock;200;8.75;/;20C
Arista II 100;Eco Pro;1+1;400;15.5;/;20C
Arista II 100;Eco Pro;1+2;400;18.75;/;20C
Arista II 100;Eco Pro;1+3;400;23;/;20C
Arista II 100;Eco Pro;stock;400;11;/;20C
Arista II 100;Eco Pro;1+1;800;22;/;20C
Arista II 100;Eco Pro;1+2;800;23;/;20C
Arista II 100;Eco Pro;1+3;800;29;/;20C
Arista II 100;Eco Pro;stock;800;13;/;20C
Arista II 100;Emofin;stock;100;4+4;/;20C
Arista II 100;Extend Plus;1+15;100;13;/;20C
Arista II 100;F76+;1+9;100;6.5;/;20C
Arista II 100;F76+;1+9;100;9;/;20C
Arista II 100;F76+;1+9;100;6.5;/;24C
Arista II 100;F76+;1+19;200;12.5;/;24C
Arista II 100;FD10;1+14;100;11;/;20C
Arista II 100;FD10;1+9;100;5;/;20C
Arista II 100;Fomadon Excel;stock;100;10;/;20C
Arista II 100;Fomadon P;stock;100;10;/;20C
Arista II 100;FX-19;stock;100;9;/;20C
Arista II 100;FX-37;1+3;160;4;/;20C
Arista II 100;FX-39;1+9;100;7.5;/;20C
Arista II 100;HC-110;B;80;7;/;20C
Arista II 100;HC-110;B;100;7;/;20C
Arista II 100;HC-110;B;800;20;/;20C
Arista II 100;ID-11;1+1;100;13.5;/;20C
Arista II 100;ID-11;stock;100;9;/;20C
Arista II 100;Ilfosol 3;1+14;80;8.5;/;20C
Arista II 100;Ilfosol 3;1+9;80;6;/;20C
Arista II 100;Ilfosol 3;1+14;100;7;/;24C
Arista II 100;Ilfosol 3;1+9;100;5;/;24C
Arista II 100;Ilfotec DD;stock;50;8.5;/;24C
Arista II 100;Ilfotec DD;stock;100;12.5;/;24C
Arista II 100;Ilfotec DD-X;1+4;50;6;/;20C
Arista II 100;Ilfotec DD-X;1+4;100;7;/;20C
Arista II 100;Ilfotec DD-X;1+4;200;8;/;20C
Arista II 100;Ilfotec HC;1+31;100;7.5;/;20C
Arista II 100;Ilfotec LC29;1+19;100;7.5;/;20C
Arista II 100;Ilfotec LC29;1+29;100;9;/;20C
Arista II 100;Microdol-X;1+3;100;20;/;20C
Arista II 100;Microdol-X;stock;100;13;/;20C
Arista II 100;Microphen;stock;100;9;/;20C
Arista II 100;Neofin Blue;stock;100;14;/;20C
Arista II 100;Neopress HC;1+15;100;2.5;/;20C
Arista II 100;Neopress HC;1+31;100;2.5;/;20C
Arista II 100;Neopress HC;1+31;100;4;/;20C
Arista II 100;Nucleol BF200;4+3;100;4.5;/;20C
Arista II 100;Perceptol;1+1;100;18;/;19C
Arista II 100;Perceptol;stock;100;9;/;20C
Arista II 100;PMK;11+20+1000;25;10.5;/;21C
Arista II 100;PMK;1+2+100;100;13;/;20C
Arista II 100;Promicrol;1+9;150;7;/;20C
Arista II 100;Promicrol;1+14;150;11;/;20C
Arista II 100;Promicrol;1+9;200;7;/;20C
Arista II 100;Promicrol;1+14;200;11;/;20C
Arista II 100;Rodinal;1+50;50;11.5;/;20C
Arista II 100;Rodinal;1+24;64;7.5;/;20C
Arista II 100;Rodinal;1+50;100;13;/;20C
Arista II 100;Rodinal;1+25;125;8;/;20C
Arista II 100;Rodinal;1+50;160;17;/;20C
Arista II 100;Rodinal;1+25;200;11;/;20C
Arista II 100;Rodinal;1+50;400;29;/;20C
Arista II 100;Sprint Standard;1+9;100;8.5;/;20C
Arista II 100;Spur SLD;1+9;100;4;/;20C
Arista II 100;Spur SLD;1+9;125;4;/;20C
Arista II 100;Studional;1+15;64;3.5;/;20C
Arista II 100;Studional;1+29;64;7;/;20C
Arista II 100;Studional;1+15;100;3.5;/;20C
Arista II 100;Studional;1+15;100;4;/;20C
Arista II 100;Studional;1+15;125;4;/;20C
Arista II 100;Studional;1+15;200;6;/;20C
Arista II 100;Suprol;1+19;100;3.25;/;20C
Arista II 100;Tanol;1+1+100;80;13.5;/;24C
Arista II 100;TFX-2;stock;160;17;/;20C
Arista II 100;TMax Dev;1+19;100;16.5;/;20C
Arista II 100;TMax Dev;1+4;100;6.5;/;20C
Arista II 100;TMax Dev;1+9;100;10;/;20C
Arista II 100;TMax Dev;1+9;125;9.5;/;24C
Arista II 100;TMax RS;stock;100;5;/;20C
Arista II 100;Ultrafin;1+10;100;10;/;20C
Arista II 100;Ultrafin;1+20;100;13;/;20C
Arista II 100;Xtol;1+1;25;8;/;20C
Arista II 100;Xtol;1+2;25;12;/;20C
Arista II 100;Xtol;1+3;25;15.25;/;20C
Arista II 100;Xtol;stock;25;5.75;/;20C
Arista II 100;Xtol;1+1;50;8;/;20C
Arista II 100;Xtol;1+2;50;12;/;20C
Arista II 100;Xtol;1+3;50;15.25;/;20C
Arista II 100;Xtol;stock;50;5.75;/;20C
Arista II 100;Xtol;1+1;100;9.75;/;20C
Arista II 100;Xtol;1+2;100;13.75;/;20C
Arista II 100;Xtol;1+3;100;17.25;/;20C
Arista II 100;Xtol;stock;100;6.75;/;20C
Arista II 100;Xtol;1+1;200;12;/;20C
Arista II 100;Xtol;1+2;200;15.25;/;20C
Arista II 100;Xtol;1+3;200;19.5;/;20C
Arista II 100;Xtol;stock;200;8.75;/;20C
Arista II 100;Xtol;1+1;400;15.5;/;20C
Arista II 100;Xtol;1+2;400;18.75;/;20C
Arista II 100;Xtol;1+3;400;23;/;20C
Arista II 100;Xtol;stock;400;11;/;20C
Arista II 100;Xtol;1+1;800;22;/;20C
Arista II 100;Xtol;1+2;800;23;/;20C
Arista II 100;Xtol;1+3;800;29;/;20C
Arista II 100;Xtol;stock;800;13;/;20C
Arista II 400;Amaloco AM74;1+7;400;5;/;20C
Arista II 400;Amaloco AM74;1+7;800;6.5;/;20C
Arista II 400;Arista Liquid;1+9;400;8;/;20C
Arista II 400;Arista Liquid;1+9;400;6;/;24C
Arista II 400;Arista Liquid;1+19;800;12;/;24C
Arista II 400;Arista Premium;1+9;400;7.5;/;20C
Arista II 400;Atomal 49;stock;400;9;/;20C
Arista II 400;D-23;stock;100;12;/;20C
Arista II 400;D-76;1+1;250;11;/;20C
Arista II 400;D-76;1+3;400;27;/;20C
Arista II 400;D-76;stock;400;10;/;20C
Arista II 400;D-76;stock;400;12;/;20C
Arista II 400;D-76;1+1;400;11;/;20C
Arista II 400;Eco Pro;1+4;100;6.5;/;20C
Arista II 400;Eco Pro;1+1;400;10.5;/;20C
Arista II 400;Eco Pro;1+1;400;13.5;/;20C
Arista II 400;Eco Pro;1+2;400;12;/;20C
Arista II 400;Eco Pro;stock;400;8;/;20C
Arista II 400;Eco Pro;1+2;1600;18;/;20C
Arista II 400;Eco Pro;1+1;3200;21;/;20C
Arista II 400;Emofin;stock;400;6+6;/;20C
Arista II 400;Extend Plus;1+15;400;12;/;20C
Arista II 400;F76+;1+9;400;8;/;20C
Arista II 400;F76+;1+9;400;9;/;21C
Arista II 400;F76+;1+9;400;6;/;24C
Arista II 400;F76+;1+19;800;12;/;24C
Arista II 400;FD10;1+14;400;12;/;20C
Arista II 400;FD10;1+9;400;7;/;20C
Arista II 400;Foma W-17 Hydrofen;1+1;400;11;/;20C
Arista II 400;Fomadon P;stock;400;13;/;20C
Arista II 400;FX-19;stock;100;10;/;20C
Arista II 400;FX-39;1+9;400;11;/;20C
Arista II 400;HC-110;B;400;6;/;20C
Arista II 400;HC-110;G;400;18;/;20C
Arista II 400;HC-110;H;400;12;/;20C
Arista II 400;ID-11;1+1;250;11;/;20C
Arista II 400;ID-11;stock;400;10;/;20C
Arista II 400;ID-11;stock;400;12;/;20C
Arista II 400;ID-11;1+1;400;11;/;20C
Arista II 400;Ilfosol 3;1+14;320;14.5;/;20C
Arista II 400;Ilfosol 3;1+9;320;9;/;20C
Arista II 400;Ilfosol 3;1+14;400;12;/;24C
Arista II 400;Ilfotec DD;stock;200;8;/;24C
Arista II 400;Ilfotec DD;stock;400;9;/;24C
Arista II 400;Ilfotec DD;stock;800;10;/;24C
Arista II 400;Ilfotec DD;stock;1600;14;/;24C
Arista II 400;Ilfotec DD-X;1+4;200;10;/;20C
Arista II 400;Ilfotec DD-X;1+4;400;12;/;20C
Arista II 400;Ilfotec DD-X;1+4;800;15;/;20C
Arista II 400;Ilfotec LC29;1+29;320;15;/;20C
Arista II 400;Microdol-X;stock;320;13;/;20C
Arista II 400;Microphen;1+1;400;11;/;20C
Arista II 400;Microphen;1+1;6400;55;/;20C
Arista II 400;Neofin Blue;1+10;400;13;/;20C
Arista II 400;Neofin Blue;stock;400;20;/;20C
Arista II 400;Neopress HC;1+15;400;2;/;20C
Arista II 400;Neopress HC;1+15;400;3.5;/;20C
Arista II 400;Neopress HC;1+31;400;7;/;20C
Arista II 400;Neopress HC;1+31;400;4;/;20C
Arista II 400;Neopress HC;1+15;800;3.5;/;20C
Arista II 400;Neopress HC;1+15;1600;6;/;20C
Arista II 400;Perceptol;stock;320;16;/;20C
Arista II 400;Promicrol;1+14;400;13;/;20C
Arista II 400;Promicrol;1+14;400;8.75;/;24C
Arista II 400;Promicrol;1+9;400;8.75;/;20C
Arista II 400;Promicrol;1+9;400;6;/;24C
Arista II 400;Promicrol;1+14;600;13;/;20C
Arista II 400;Promicrol;1+9;600;8;/;20C
Arista II 400;Promicrol;1+14;800;13;/;20C
Arista II 400;Promicrol;1+9;800;8;/;20C
Arista II 400;Promicrol;1+14;1600;20;/;20C
Arista II 400;Promicrol;1+14;1600;14;/;24C
Arista II 400;Promicrol;1+9;1600;14;/;20C
Arista II 400;Promicrol;1+9;1600;9.5;/;24C
Arista II 400;Rodinal;1+100;200;15;/;20C
Arista II 400;Rodinal;1+50;200;10;/;20C
Arista II 400;Rodinal;1+24;250;5;/;20C
Arista II 400;Rodinal;1+49;250;8;/;20C
Arista II 400;Rodinal;1+25;320;10;/;20C
Arista II 400;Rodinal;1+50;320;30;/;20C
Arista II 400;Rodinal;1+25;320;7;/;20C
Arista II 400;Rodinal;1+50;320;11;/;20C
Arista II 400;Rodinal;1+100;400;17;/;24C
Arista II 400;Rodinal;1+25;400;7;/;20C
Arista II 400;Rodinal;1+50;500;11;/;20C
Arista II 400;Rodinal;1+100;800;22;/;24C
Arista II 400;Rodinal;1+25;800;14;/;20C
Arista II 400;Sprint Standard;1+9;400;15;/;20C
Arista II 400;Studional;1+15;200;5;/;19C
Arista II 400;Studional;1+15;400;4.5;/;20C
Arista II 400;Studional;1+15;400;6;/;20C
Arista II 400;Suprol;1+19;400;5;/;20C
Arista II 400;Tanol;1+1+100;250;14.5;/;24C
Arista II 400;TMax Dev;1+9;250;12;/;24C
Arista II 400;TMax Dev;1+4;400;12;/;20C
Arista II 400;TMax Dev;1+4;400;7;/;20C
Arista II 400;TMax Dev;1+4;1600;15;/;20C
Arista II 400;TMax RS;stock;200;5;/;20C
Arista II 400;TMax RS;stock;320;6;/;20C
Arista II 400;Ultrafin;1+10;400;15;/;20C
Arista II 400;Xtol;1+4;100;6.5;/;20C
Arista II 400;Xtol;1+1;400;10.5;/;20C
Arista II 400;Xtol;1+1;400;13.5;/;20C
Arista II 400;Xtol;1+2;400;12;/;20C
Arista II 400;Xtol;stock;400;8;/;20C
Arista II 400;Xtol;1+2;1600;18;/;20C
Arista II 400;Xtol;1+1;3200;21;/;20C
Arista Premium 100;ACU-1;1+10;250;9;/;21C
Arista Premium 100;Acufine;stock;250;4;/;21C
Arista Premium 100;Arista Liquid;1+19;125;9;/;24C
Arista Premium 100;Arista Liquid;1+9;125;5.5;/;20C
Arista Premium 100;Arista Liquid;1+9;125;5.75;/;20C
Arista Premium 100;Arista Premium;1+9;125;5.5;/;20C
Arista Premium 100;D-23;1+1;125;13;/;20C
Arista Premium 100;D-23;1+3;125;16;/;20C
Arista Premium 100;D-23;stock;125;7;/;20C
Arista Premium 100;D-76;1+1;125;7;/;20C
Arista Premium 100;D-76;1+3;125;13;/;20C
Arista Premium 100;D-76;stock;125;5.5;/;20C
Arista Premium 100;D-76;stock;125;5.5;/;20C
Arista Premium 100;D-76;1+1;125;8.5;/;20C
Arista Premium 100;D-76;stock;250;5.5;/;20C
Arista Premium 100;D-76;1+1;250;8.5;/;20C
Arista Premium 100;D-76;stock;500;7.75;/;20C
Arista Premium 100;Diafine;stock;400;3+3;/;20C
Arista Premium 100;Eco Pro;1+1;32;6.5;/;20C
Arista Premium 100;Eco Pro;1+2;32;7.5;/;20C
Arista Premium 100;Eco Pro;1+3;32;9.5;/;20C
Arista Premium 100;Eco Pro;stock;32;4.5;/;20C
Arista Premium 100;Eco Pro;1+1;64;6.5;/;20C
Arista Premium 100;Eco Pro;1+2;64;7.5;/;20C
Arista Premium 100;Eco Pro;1+3;64;9.5;/;20C
Arista Premium 100;Eco Pro;stock;64;4.5;/;20C
Arista Premium 100;Eco Pro;1+1;125;7.5;/;20C
Arista Premium 100;Eco Pro;stock;125;5.25;/;20C
Arista Premium 100;Eco Pro;stock;125;5.5;/;20C
Arista Premium 100;Eco Pro;1+1;125;8.25;/;20C
Arista Premium 100;Eco Pro;1+2;125;8.5;/;20C
Arista Premium 100;Eco Pro;1+3;125;10.5;/;20C
Arista Premium 100;Eco Pro;1+1;250;8.75;/;20C
Arista Premium 100;Eco Pro;stock;250;6.5;/;20C
Arista Premium 100;Eco Pro;stock;250;5.5;/;20C
Arista Premium 100;Eco Pro;1+1;250;8.25;/;20C
Arista Premium 100;Eco Pro;1+2;250;9.75;/;20C
Arista Premium 100;Eco Pro;1+3;250;12;/;20C
Arista Premium 100;Eco Pro;1+1;500;11;/;20C
Arista Premium 100;Eco Pro;1+1;500;12.25;/;20C
Arista Premium 100;Eco Pro;stock;500;8.25;/;20C
Arista Premium 100;Eco Pro;stock;500;8;/;20C
Arista Premium 100;Eco Pro;1+2;500;13;/;20C
Arista Premium 100;Eco Pro;1+3;500;15.5;/;20C
Arista Premium 100;Eco Pro;1+1;1000;15.5;/;20C
Arista Premium 100;Eco Pro;1+1;1000;14.75;/;20C
Arista Premium 100;Eco Pro;stock;1000;10.25;/;20C
Arista Premium 100;Eco Pro;stock;1000;10;/;20C
Arista Premium 100;Eco Pro;1+2;1000;16.5;/;20C
Arista Premium 100;Eco Pro;1+3;1000;19.5;/;20C
Arista Premium 100;Emofin;stock;125;4+4;/;20C
Arista Premium 100;Extend Plus;1+15;125;8;/;20C
Arista Premium 100;F76+;1+19;125;9;/;24C
Arista Premium 100;F76+;1+9;125;5.5;/;20C
Arista Premium 100;FD10;1+14;125;10;/;20C
Arista Premium 100;FD10;1+9;125;7;/;20C
Arista Premium 100;FX-1;stock;200;13;/;20C
Arista Premium 100;FX-19;stock;100;8;/;20C
Arista Premium 100;FX-37;1+3;200;5.5;/;20C
Arista Premium 100;FX-39;1+9;125;6.5;/;20C
Arista Premium 100;HC-110;B;125;5;/;20C
Arista Premium 100;HC-110;B;125;3.5;/;20C
Arista Premium 100;HC-110;B;250;3.5;/;20C
Arista Premium 100;ID-11;1+1;125;7;/;20C
Arista Premium 100;ID-11;1+3;125;13;/;20C
Arista Premium 100;ID-11;stock;125;5.5;/;20C
Arista Premium 100;ID-11;stock;125;5.5;/;20C
Arista Premium 100;ID-11;1+1;125;8.5;/;20C
Arista Premium 100;ID-11;stock;250;5.5;/;20C
Arista Premium 100;ID-11;1+1;250;8.5;/;20C
Arista Premium 100;ID-11;stock;500;7.75;/;20C
Arista Premium 100;Ilfosol 3;1+14;125;8.5;/;20C
Arista Premium 100;Ilfosol 3;1+9;125;5;/;20C
Arista Premium 100;Ilfotec DD;stock;50;7;/;24C
Arista Premium 100;Ilfotec DD;stock;125;8;/;24C
Arista Premium 100;Ilfotec DD;stock;200;10;/;24C
Arista Premium 100;Ilfotec DD-X;1+4;64;5;/;20C
Arista Premium 100;Ilfotec DD-X;1+4;125;6;/;20C
Arista Premium 100;Ilfotec DD-X;1+4;200;8;/;20C
Arista Premium 100;Ilfotec HC;1+31;100;5.5;/;20C
Arista Premium 100;Ilfotec LC29;1+19;100;5.5;/;20C
Arista Premium 100;Ilfotec LC29;1+29;100;9;/;20C
Arista Premium 100;Microdol-X;1+3;125;9.5;/;24C
Arista Premium 100;Microdol-X;stock;125;7;/;20C
Arista Premium 100;Microdol-X;stock;125;8;/;20C
Arista Premium 100;Microdol-X;1+3;125;13;/;20C
Arista Premium 100;Microdol-X;stock;250;8;/;20C
Arista Premium 100;Microdol-X;1+3;250;13;/;20C
Arista Premium 100;Microphen;1+1;200;8.5;/;20C
Arista Premium 100;Microphen;1+3;200;13.5;/;20C
Arista Premium 100;Microphen;stock;200;6;/;20C
Arista Premium 100;Microphen;stock;400;19.5;/;20C
Arista Premium 100;Microphen;stock;640;18;/;20C
Arista Premium 100;Neofin Blue;stock;125;18;/;20C
Arista Premium 100;Nucleol BF200;4+3;125;7;/;20C
Arista Premium 100;Nucleol BF200;4+3;250;11;/;20C
Arista Premium 100;Nucleol BF200;14+9;400;12;/;20C
Arista Premium 100;Perceptol;1+1;64;9.5;/;20C
Arista Premium 100;Perceptol;1+3;64;12;/;20C
Arista Premium 100;Perceptol;stock;64;8;/;20C
Arista Premium 100;Perceptol;1+3;125;18;/;20C
Arista Premium 100;PMK;1+2+100;80;10;/;20C
Arista Premium 100;Promicrol;1+14;125;5.5;/;20C
Arista Premium 100;Promicrol;1+14;125;4;/;24C
Arista Premium 100;Promicrol;1+9;125;4;/;20C
Arista Premium 100;Promicrol;1+9;125;2.5;/;24C
Arista Premium 100;Promicrol;1+14;185;7;/;20C
Arista Premium 100;Promicrol;1+9;185;5;/;20C
Arista Premium 100;Promicrol;1+14;250;7;/;20C
Arista Premium 100;Promicrol;1+9;250;5;/;20C
Arista Premium 100;Rodinal;1+100;64;10;/;20C
Arista Premium 100;Rodinal;1+25;125;6;/;20C
Arista Premium 100;Rodinal;1+50;125;13;/;20C
Arista Premium 100;Rodinal;1+85;200;12;/;24C
Arista Premium 100;Sprint Standard;1+9;125;8.5;/;20C
Arista Premium 100;Studional;1+15;125;5;/;20C
Arista Premium 100;Suprol;1+19;125;2.5;/;20C
Arista Premium 100;Suprol;1+19;125;2;/;20C
Arista Premium 100;TMax Dev;1+4;125;4.25;/;24C
Arista Premium 100;TMax Dev;1+4;125;5.75;/;20C
Arista Premium 100;TMax Dev;1+4;250;4.25;/;24C
Arista Premium 100;TMax Dev;1+4;250;5.75;/;20C
Arista Premium 100;TMax Dev;1+4;500;6.25;/;24C
Arista Premium 100;TMax RS;stock;125;3;/;24C
Arista Premium 100;TMax RS;stock;125;4.25;/;20C
Arista Premium 100;TMax RS;stock;125;5.5;/;20C
Arista Premium 100;TMax RS;stock;250;3;/;24C
Arista Premium 100;TMax RS;stock;250;4.25;/;20C
Arista Premium 100;TMax RS;stock;250;5.5;/;20C
Arista Premium 100;TMax RS;stock;500;5;/;24C
Arista Premium 100;TMax RS;stock;500;6.5;/;24C
Arista Premium 100;Ultrafin;1+10;125;8;/;20C
Arista Premium 100;Ultrafin;1+20;125;15;/;20C
Arista Premium 100;Xtol;1+1;32;6.5;/;20C
Arista Premium 100;Xtol;1+2;32;7.5;/;20C
Arista Premium 100;Xtol;1+3;32;9.5;/;20C
Arista Premium 100;Xtol;stock;32;4.5;/;20C
Arista Premium 100;Xtol;1+1;64;6.5;/;20C
Arista Premium 100;Xtol;1+2;64;7.5;/;20C
Arista Premium 100;Xtol;1+3;64;9.5;/;20C
Arista Premium 100;Xtol;stock;64;4.5;/;20C
Arista Premium 100;Xtol;1+1;125;7.5;/;20C
Arista Premium 100;Xtol;1+2;125;8.5;/;20C
Arista Premium 100;Xtol;1+3;125;10.5;/;20C
Arista Premium 100;Xtol;stock;125;5.25;/;20C
Arista Premium 100;Xtol;stock;125;5.5;/;20C
Arista Premium 100;Xtol;1+1;125;8.25;/;20C
Arista Premium 100;Xtol;1+1;250;8.75;/;20C
Arista Premium 100;Xtol;1+2;250;9.75;/;20C
Arista Premium 100;Xtol;1+3;250;12;/;20C
Arista Premium 100;Xtol;stock;250;6.5;/;20C
Arista Premium 100;Xtol;stock;250;5.5;/;20C
Arista Premium 100;Xtol;1+1;250;8.25;/;20C
Arista Premium 100;Xtol;1+1;500;11;/;20C
Arista Premium 100;Xtol;1+1;500;12.25;/;20C
Arista Premium 100;Xtol;1+2;500;13;/;20C
Arista Premium 100;Xtol;1+3;500;15.5;/;20C
Arista Premium 100;Xtol;stock;500;8.25;/;20C
Arista Premium 100;Xtol;stock;500;8;/;20C
Arista Premium 100;Xtol;1+1;1000;15.5;/;20C
Arista Premium 100;Xtol;1+1;1000;14.75;/;20C
Arista Premium 100;Xtol;1+2;1000;16.5;/;20C
Arista Premium 100;Xtol;1+3;1000;19.5;/;20C
Arista Premium 100;Xtol;stock;1000;10.25;/;20C
Arista Premium 100;Xtol;stock;1000;10;/;20C
Arista Premium 400;777;stock;400;9.5;/;24C
Arista Premium 400;ACU-1;1+5;1000;10;/;21C
Arista Premium 400;Acufine;stock;1000;5;/;21C
Arista Premium 400;Acufine;1+3;1600;18.5;/;21C
Arista Premium 400;Amaloco AM74;1+7;400;5;/;20C
Arista Premium 400;Arista Liquid;1+19;400;11;/;24C
Arista Premium 400;Arista Liquid;1+9;400;6.25;/;20C
Arista Premium 400;Arista Liquid;1+9;400;6;/;20C
Arista Premium 400;Arista Premium;1+9;400;6;/;20C
Arista Premium 400;Beutler;1+1+10;200;10;/;20C
Arista Premium 400;D-23;1+1;400;13;/;20C
Arista Premium 400;D-23;1+3;400;20;/;20C
Arista Premium 400;D-23;stock;400;7.5;/;20C
Arista Premium 400;D-76;1+1;50;7;/;20C
Arista Premium 400;D-76;1+1;200;9.5;/;20C
Arista Premium 400;D-76;1+1;400;10-11;/;20C
Arista Premium 400;D-76;1+1;400;9.75;/;20C
Arista Premium 400;D-76;stock;400;8;/;20C
Arista Premium 400;D-76;stock;400;6.75;/;20C
Arista Premium 400;D-76;1+1;1600;13.25;/;20C
Arista Premium 400;D-76;stock;1600;13;/;20C
Arista Premium 400;D-76;stock;1600;9.5;/;20C
Arista Premium 400;D-76;1+1;3200;16;/;20C
Arista Premium 400;D-76;stock;3200;11;/;20C
Arista Premium 400;Dektol;1+10;400;5;/;22C
Arista Premium 400;Dektol;1+3;400;3.5;/;24C
Arista Premium 400;Diafine;stock;1600;3+3;/;20C
Arista Premium 400;DK-50;1+1;400;6;/;20C
Arista Premium 400;Eco Pro;stock;100;5.5;/;20C
Arista Premium 400;Eco Pro;1+1;100;8;/;20C
Arista Premium 400;Eco Pro;1+2;100;8.75;/;20C
Arista Premium 400;Eco Pro;1+3;100;10.75;/;20C
Arista Premium 400;Eco Pro;1+1;200;8;/;20C
Arista Premium 400;Eco Pro;stock;200;5.5;/;20C
Arista Premium 400;Eco Pro;1+3;200;10.75;/;20C
Arista Premium 400;Eco Pro;1+2;200;8.75;/;20C
Arista Premium 400;Eco Pro;1+1;400;8.75;/;20C
Arista Premium 400;Eco Pro;1+1;400;9;/;20C
Arista Premium 400;Eco Pro;stock;400;6.75;/;20C
Arista Premium 400;Eco Pro;stock;400;7;/;20C
Arista Premium 400;Eco Pro;1+2;400;10.5;/;20C
Arista Premium 400;Eco Pro;1+3;400;12.5;/;20C
Arista Premium 400;Eco Pro;1+1;800;10;/;20C
Arista Premium 400;Eco Pro;1+2;800;12.5;/;20C
Arista Premium 400;Eco Pro;1+3;800;14;/;20C
Arista Premium 400;Eco Pro;stock;800;7.75;/;20C
Arista Premium 400;Eco Pro;1+1;1600;11.75;/;20C
Arista Premium 400;Eco Pro;1+1;1600;13.25;/;20C
Arista Premium 400;Eco Pro;stock;1600;9.75;/;20C
Arista Premium 400;Eco Pro;stock;1600;9;/;20C
Arista Premium 400;Eco Pro;1+2;1600;14.5;/;20C
Arista Premium 400;Eco Pro;1+3;1600;16.5;/;20C
Arista Premium 400;Eco Pro;1+1;3200;15.5;/;20C
Arista Premium 400;Eco Pro;1+1;3200;13.5;/;20C
Arista Premium 400;Eco Pro;stock;3200;10.5;/;20C
Arista Premium 400;Eco Pro;stock;3200;11.5;/;20C
Arista Premium 400;Eco Pro;1+2;3200;17;/;20C
Arista Premium 400;Eco Pro;1+3;3200;20;/;20C
Arista Premium 400;Emofin;stock;400;6.5+6.5;/;20C
Arista Premium 400;Emofin;stock;800;3.5+3.5;/;20C
Arista Premium 400;Extend Plus;1+15;400;11;/;20C
Arista Premium 400;Extend Plus;1+15;400;9;/;20C
Arista Premium 400;F76+;1+19;400;11;/;24C
Arista Premium 400;F76+;1+9;400;6.25;/;20C
Arista Premium 400;F76+;1+9;400;6;/;20C
Arista Premium 400;FA-1027;1+14;400;8;/;20C
Arista Premium 400;FA-1027;1+9;400;5.5;/;20C
Arista Premium 400;FD10;1+14;400;13;/;20C
Arista Premium 400;FD10;1+9;400;9;/;20C
Arista Premium 400;Foma Universal;1+3;400;7.5;/;20C
Arista Premium 400;Foma W-17 Hydrofen;1+1;1600;18;/;22C
Arista Premium 400;FX-19;stock;100;9;/;20C
Arista Premium 400;FX-39;1+9;400;8;/;20C
Arista Premium 400;HC-110;B;200;6.75;/;20C
Arista Premium 400;HC-110;E;200;4.5;/;20C
Arista Premium 400;HC-110;D;250;9;/;22C
Arista Premium 400;HC-110;A;400;3.75;/;20C
Arista Premium 400;HC-110;B;400;4.5-6;/;20C
Arista Premium 400;HC-110;B;400;7.5;/;20C
Arista Premium 400;HC-110;1+100;400;27-30;/;20C
Arista Premium 400;HC-110;A;800;5.25;/;20C
Arista Premium 400;HC-110;B;1600;16;/;20C
Arista Premium 400;HC-110;1+100;1600;50;/;20C
Arista Premium 400;HC-110;1+100;3200;21;/;30C
Arista Premium 400;ID-11;1+1;50;7;/;20C
Arista Premium 400;ID-11;1+1;200;9.5;/;20C
Arista Premium 400;ID-11;1+1;400;10-11;/;20C
Arista Premium 400;ID-11;1+1;400;9.75;/;20C
Arista Premium 400;ID-11;stock;400;8;/;20C
Arista Premium 400;ID-11;stock;400;6.75;/;20C
Arista Premium 400;ID-11;1+1;1600;13.25;/;20C
Arista Premium 400;ID-11;stock;1600;13;/;20C
Arista Premium 400;ID-11;stock;1600;9.5;/;20C
Arista Premium 400;ID-11;1+1;3200;16;/;20C
Arista Premium 400;ID-11;stock;3200;11;/;20C
Arista Premium 400;Ilfosol 3;1+14;200;8.5;/;20C
Arista Premium 400;Ilfosol 3;1+9;200;5.5;/;20C
Arista Premium 400;Ilfosol 3;1+14;400;12;/;20C
Arista Premium 400;Ilfosol 3;1+9;400;7.5;/;20C
Arista Premium 400;Ilfosol 3;1+14;800;18.5;/;20C
Arista Premium 400;Ilfosol 3;1+9;800;10.5;/;20C
Arista Premium 400;Ilfosol 3;1+14;1600;24;/;20C
Arista Premium 400;Ilfotec DD;stock;200;6.5;/;24C
Arista Premium 400;Ilfotec DD;stock;400;7.5;/;24C
Arista Premium 400;Ilfotec DD;stock;800;8.5;/;24C
Arista Premium 400;Ilfotec DD;stock;1600;9.5;/;24C
Arista Premium 400;Ilfotec DD;stock;3200;10.5;/;24C
Arista Premium 400;Ilfotec DD-X;1+4;200;6.5;/;20C
Arista Premium 400;Ilfotec DD-X;1+4;400;8;/;20C
Arista Premium 400;Ilfotec DD-X;1+9;400;12;/;22C
Arista Premium 400;Ilfotec DD-X;1+4;800;10;/;20C
Arista Premium 400;Ilfotec DD-X;1+4;1600;14;/;20C
Arista Premium 400;Ilfotec HC;1+31;400;6.5;/;20C
Arista Premium 400;Ilfotec LC29;1+19;400;6.5;/;21C
Arista Premium 400;Microdol-X;1+3;400;17;/;20C
Arista Premium 400;Microdol-X;1+3;400;13;/;24C
Arista Premium 400;Microdol-X;stock;400;10;/;20C
Arista Premium 400;Microdol-X;stock;400;9.25;/;20C
Arista Premium 400;Microphen;1+1;500;11;/;20C
Arista Premium 400;Microphen;1+3;500;22;/;20C
Arista Premium 400;Microphen;stock;500;6;/;20C
Arista Premium 400;Microphen;stock;640;8;/;20C
Arista Premium 400;Microphen;1+1;800;15;/;20C
Arista Premium 400;Microphen;stock;800;11;/;20C
Arista Premium 400;Microphen;stock;1600;16;/;20C
Arista Premium 400;Microphen;stock;3200;25;/;20C
Arista Premium 400;Neofin Blue;stock;400;20;/;20C
Arista Premium 400;Neopress HC;1+15;400;2.5;/;20C
Arista Premium 400;Neopress HC;1+31;400;3;/;20C
Arista Premium 400;Neopress HC;1+31;400;4;/;20C
Arista Premium 400;Neopress HC;1+15;800;3;/;20C
Arista Premium 400;Neopress HC;1+15;1600;5.5;/;20C
Arista Premium 400;Nucleol BF200;4+3;400;9.5;/;20C
Arista Premium 400;Nucleol BF200;4+3;800;12;/;20C
Arista Premium 400;Nucleol BF200;7+4;1600;16;/;20C
Arista Premium 400;Nucleol BF200;12+7;3200;25;/;20C
Arista Premium 400;Perceptol;1+1;320;12;/;20C
Arista Premium 400;Perceptol;1+3;320;15;/;20C
Arista Premium 400;Perceptol;stock;320;10;/;20C
Arista Premium 400;Promicrol;1+14;600;13;/;20C
Arista Premium 400;Promicrol;1+9;600;9;/;20C
Arista Premium 400;Promicrol;1+14;800;13;/;20C
Arista Premium 400;Promicrol;1+9;800;9;/;20C
Arista Premium 400;Pyrocat-HD;1+1+100;200;10;/;20C
Arista Premium 400;Rodinal;1+50;100;7.5;/;20C
Arista Premium 400;Rodinal;1+50;200;9;/;20C
Arista Premium 400;Rodinal;1+100;250;15;/;20C
Arista Premium 400;Rodinal;1+100;250;20;/;20C
Arista Premium 400;Rodinal;1+24;320;6;/;20C
Arista Premium 400;Rodinal;1+100;400;20;/;20C
Arista Premium 400;Rodinal;1+100;400;24;/;21C
Arista Premium 400;Rodinal;1+25;400;7;/;20C
Arista Premium 400;Rodinal;1+35;400;10;/;20C
Arista Premium 400;Rodinal;1+50;400;13;/;20C
Arista Premium 400;Rodinal;1+60;400;15;/;20C
Arista Premium 400;Rodinal;1+75;400;17.5;/;20C
Arista Premium 400;Rodinal;1+50;640;15.5;/;20C
Arista Premium 400;Rodinal;1+100;800;17.5;/;24C
Arista Premium 400;Rodinal;1+50;800;16.5;/;20C
Arista Premium 400;Rodinal;1+50;1600;18.5;/;20C
Arista Premium 400;Rodinal;1+50;3200;33;/;20C
Arista Premium 400;Rodinal;1+50;12800;51;/;20C
Arista Premium 400;Sprint Standard;1+4;250;5.75;/;22C
Arista Premium 400;Sprint Standard;1+9;400;10;/;20C
Arista Premium 400;Sprint Standard;1+4;1600;13;/;20C
Arista Premium 400;Spur SLD;1+9;400;5;/;20C
Arista Premium 400;Studional;1+15;250;5.5;/;20C
Arista Premium 400;Studional;1+15;400;3.5-5;/;20C
Arista Premium 400;Suprol;1+19;400;4;/;20C
Arista Premium 400;Tanol;1+1+100;200;11.5;/;24C
Arista Premium 400;TMax Dev;1+4;400;4.75;/;24C
Arista Premium 400;TMax Dev;1+9;400;10.5;/;20C
Arista Premium 400;TMax Dev;1+4;400;6;/;20C
Arista Premium 400;TMax Dev;1+9;640;11;/;24C
Arista Premium 400;TMax Dev;1+4;800;6;/;20C
Arista Premium 400;TMax Dev;1+4;1600;10;/;20C
Arista Premium 400;TMax Dev;1+4;1600;8.75;/;20C
Arista Premium 400;TMax Dev;1+4;3200;12;/;24C
Arista Premium 400;TMax RS;stock;400;4.5;/;20C
Arista Premium 400;TMax RS;stock;400;3.5;/;24C
Arista Premium 400;TMax RS;stock;400;5;/;24C
Arista Premium 400;TMax RS;stock;800;5;/;24C
Arista Premium 400;TMax RS;stock;1600;7.75;/;20C
Arista Premium 400;TMax RS;stock;1600;8;/;24C
Arista Premium 400;TMax RS;stock;3200;9.5;/;20C
Arista Premium 400;TMax RS;stock;3200;11;/;24C
Arista Premium 400;Ultrafin;1+10;400;9;/;20C
Arista Premium 400;Xtol;stock;100;5.5;/;20C
Arista Premium 400;Xtol;1+1;100;8;/;20C
Arista Premium 400;Xtol;1+2;100;8.75;/;20C
Arista Premium 400;Xtol;1+3;100;10.75;/;20C
Arista Premium 400;Xtol;1+1;200;8;/;20C
Arista Premium 400;Xtol;stock;200;5.5;/;20C
Arista Premium 400;Xtol;1+3;200;10.75;/;20C
Arista Premium 400;Xtol;1+2;200;8.75;/;20C
Arista Premium 400;Xtol;1+1;400;8.75;/;20C
Arista Premium 400;Xtol;1+1;400;9;/;20C
Arista Premium 400;Xtol;1+2;400;10.5;/;20C
Arista Premium 400;Xtol;1+3;400;12.5;/;20C
Arista Premium 400;Xtol;stock;400;6.75;/;20C
Arista Premium 400;Xtol;stock;400;7;/;20C
Arista Premium 400;Xtol;1+1;800;10;/;20C
Arista Premium 400;Xtol;1+2;800;12.5;/;20C
Arista Premium 400;Xtol;1+3;800;14;/;20C
Arista Premium 400;Xtol;stock;800;7.75;/;20C
Arista Premium 400;Xtol;1+1;1600;11.75;/;20C
Arista Premium 400;Xtol;1+1;1600;13.25;/;20C
Arista Premium 400;Xtol;1+2;1600;14.5;/;20C
Arista Premium 400;Xtol;1+3;1600;16.5;/;20C
Arista Premium 400;Xtol;stock;1600;9.75;/;20C
Arista Premium 400;Xtol;stock;1600;9;/;20C
Arista Premium 400;Xtol;1+1;3200;15.5;/;20C
Arista Premium 400;Xtol;1+1;3200;13.5;/;20C
Arista Premium 400;Xtol;1+2;3200;17;/;20C
Arista Premium 400;Xtol;1+3;3200;20;/;20C
Arista Premium 400;Xtol;stock;3200;10.5;/;20C
Arista Premium 400;Xtol;stock;3200;11.5;/;20C
Atomic X;D-76;stock;100;/;/;20C
Atomic X;ID-11;stock;100;/;/;20C
Bergger Pancro 400;Acufine;stock;400;4.5;4.5;20C
Bergger Pancro 400;Adox HR-DEV;1+19;250;14;14;20C
Bergger Pancro 400;Amaloco AM74;1+9;400;9.5;9.5;20C
Bergger Pancro 400;Ars-Imago FD;1+39;400;10.5;10.5;20C
Bergger Pancro 400;Atomal 49;1+1;400;22.5;22.5;20C
Bergger Pancro 400;Atomal 49;stock;400;14;14;20C
Bergger Pancro 400;Berspeed;1+1;400;12;12;20C
Bergger Pancro 400;Berspeed;1+1;800;10.75;10.75;24C
Bergger Pancro 400;Berspeed;1+1;1600;13.75;13.75;24C
Bergger Pancro 400;Caffenol C-M;stock;400;13.5;13.5;21C
Bergger Pancro 400;D-76;stock;400;9;9;20C
Bergger Pancro 400;D-76;1+1;400;17;17;20C
Bergger Pancro 400;Eco Pro;1+1;400;18;18;20C
Bergger Pancro 400;Eco Pro;stock;400;10;10;20C
Bergger Pancro 400;Eco Pro;1+1;800;22;22;20C
Bergger Pancro 400;Fomadon Excel;stock;400;10;10;20C
Bergger Pancro 400;HC-110;B;100;7;7;20C
Bergger Pancro 400;HC-110;B;400;9;9;20C
Bergger Pancro 400;HC-110;B;800;11.25;11.25;20C
Bergger Pancro 400;ID-11;stock;400;9;9;20C
Bergger Pancro 400;ID-11;1+1;400;17;17;20C
Bergger Pancro 400;Ilfosol 3;1+9;400;8.5;8.5;20C
Bergger Pancro 400;Ilfotec DD-X;1+4;400;10.5;10.5;20C
Bergger Pancro 400;Ilfotec LC29;1+19;400;8;8;20C
Bergger Pancro 400;Microphen;stock;400;8;8;20C
Bergger Pancro 400;Perceptol;1+1;320;14;14;21C
Bergger Pancro 400;PMK;1+2+100;400;18;18;20C
Bergger Pancro 400;Pyrocat-HD;1+1+100;200;17;17;24C
Bergger Pancro 400;Pyrocat-HD;1+1+100;400;20;20;20C
Bergger Pancro 400;Rodinal;1+50;400;22;22;20C
Bergger Pancro 400;Rodinal;1+25;400;8;8;20C
Bergger Pancro 400;Rodinal;1+50;400;17.5;17.5;20C
Bergger Pancro 400;Rodinal;1+25;800;13;13;20C
Bergger Pancro 400;Rodinal;1+25;1600;10;10;24C
Bergger Pancro 400;Rollei Supergrain;1+9;400;9.5;9.5;20C
Bergger Pancro 400;Silberra Ascorol;1+29;400;9;9;20C
Bergger Pancro 400;Silberra Ascorol;stock;400;9;9;22C
Bergger Pancro 400;Sprint Standard;1+9;400;11.5;11.5;20C
Bergger Pancro 400;Studional;1+15;400;6;6;20C
Bergger Pancro 400;TMax Dev;1+9;400;9;9;20C
Bergger Pancro 400;Xtol;1+1;400;18;18;20C
Bergger Pancro 400;Xtol;stock;400;10;10;20C
Bergger Pancro 400;Xtol;1+1;800;22;22;20C
Bluefire Pan 400;D-76;1+1;400;13;/;20C
Bluefire Police;Bluefire HR;stock;80;15;/;20C
CHM 100 Universal;*see notes*;/;/;/;/;/
CHM 100 Universal;Adox HR-DEV;1+35;160;10;/;20C
CHM 100 Universal;Atomal 49;1+2;100;22;/;20C
CHM 100 Universal;Atomal 49;stock;160;9.5;/;20C
CHM 100 Universal;D-76;stock;100;9;/;20C
CHM 100 Universal;FX-39;1+9;160;5.5;/;20C
CHM 100 Universal;ID-11;stock;100;9;/;20C
CHM 100 Universal;Microphen;stock;200;9;/;20C
CHM 100 Universal;Rodinal;1+50;80;10;/;20C
CHM 100 Universal;Rodinal;1+24;80;5.5;/;20C
CHM 100 Universal;Silvermax;1+24;100;8.5;/;20C
CHM 400 Universal;*see notes*;/;/;/;/;/
CHM 400 Universal;Adox HR-DEV;1+24;100;13.5;/;20C
CHM 400 Universal;FX-39;1+9;400;11;/;20C
Eastman 2366;Ilfosol 3;1+9;6;10.5;/;20C
Eastman 2383;Rodinal;1+25;1.6;6;/;20C
Eastman 5129;Rodinal;1+25;500;6;/;20C
Eastman 5201;Rodinal;1+25;50;7.5;/;23C
Eastman 5203;Ilfosol 3;1+14;12;10;/;22C
Eastman 5205;HC-110;D;250;8;/;23C
Eastman 5207;D-76;1+2;250;7;/;24C
Eastman 5207;ID-11;1+2;250;7;/;24C
Eastman 5207;Ilfosol 3;1+14;100;8;/;22C
Eastman 5207;Ilfosol 3;1+14;250;10;/;22C
Eastman 5212;Rodinal;1+49;100;10;/;22C
Eastman 5219;DK-50;1+1;50;2.5;/;20C
Eastman 5231;HC-110;E;80;6.5;/;20C
Eastman 5231;HC-110;J;125;60;/;20C
Eastman 5231;HC-110;E;125;7;/;20C
Eastman 5231;Pyrocat-HD;1+1+100;100;9;/;24C
Eastman 5234;Dektol;stock;6;5;/;24C
Eastman 5234;Dektol;stock;12;7.5;/;24C
Eastman 5234;Dektol;stock;25;12.5;/;24C
Eastman 5234;Eco Pro;stock;6;13;/;20C
Eastman 5234;Xtol;stock;6;13;/;20C
Eastman 5234;Xtol;1+3;6;27;/;20C
Eastman 5260;HC-110;E;500;7;/;23C
Eastman 5302;Dektol;1+5;25;8;/;24C
Eastman 5363;Eco Pro;1+1;12;12.5;/;20C
Eastman 5363;Eco Pro;1+1;25;12;/;20C
Eastman 5363;HC-110;G;25;25;/;20C
Eastman 5363;HC-110;F;25;5;/;20C
Eastman 5363;Xtol;1+1;12;12.5;/;20C
Eastman 5363;Xtol;1+1;25;12;/;20C
Eastman Double-X (5222);Adox HR-DEV;1+30;400;14;/;20C
Eastman Double-X (5222);Adox HR-DEV;1+24;800;15;/;20C
Eastman Double-X (5222);Adox HR-DEV;1+20;1000;15;/;24C
Eastman Double-X (5222);Agfa Ansco 47;stock;250;5;/;20C
Eastman Double-X (5222);D-76;stock;64;3;/;22C
Eastman Double-X (5222);D-76;1+2;100;9;/;20C
Eastman Double-X (5222);D-76;1+3;100;13;/;18C
Eastman Double-X (5222);D-76;1+2;200;11;/;20C
Eastman Double-X (5222);D-76;1+1;250;10;/;20C
Eastman Double-X (5222);D-76;stock;250;7;/;20C
Eastman Double-X (5222);D-76;stock;250 (200);6;/;21C
Eastman Double-X (5222);D-76;1+3;250;20;/;22C
Eastman Double-X (5222);D-76;1+2;250;12;/;22C
Eastman Double-X (5222);D-76;stock;400;9;/;20C
Eastman Double-X (5222);D-96;stock;200;6.5;/;20C
Eastman Double-X (5222);D-96;stock;250;7;/;21C
Eastman Double-X (5222);D-96;stock;1600;25;/;20C
Eastman Double-X (5222);Diafine;stock;640;3+3;/;20C
Eastman Double-X (5222);Diafine;stock;800;5+5;/;27C
Eastman Double-X (5222);DK-50;1+1;200;6;/;20C
Eastman Double-X (5222);Eco Pro;1+1;250;10;/;20C
Eastman Double-X (5222);Eco Pro;stock;250 (200);7;/;20C
Eastman Double-X (5222);FA-1027;1+19;200;10;/;20C
Eastman Double-X (5222);Fomadon LQN;1+7;400;17;/;20C
Eastman Double-X (5222);Fomadon LQN;1+4;800;10;/;20C
Eastman Double-X (5222);HC-110;B;64;3;/;22C
Eastman Double-X (5222);HC-110;B;100;4;/;20C
Eastman Double-X (5222);HC-110;B;200;5;/;20C
Eastman Double-X (5222);HC-110;B;250;6;/;20C
Eastman Double-X (5222);HC-110;B;400;6.5;/;20C
Eastman Double-X (5222);HC-110;H;400;14;/;20C
Eastman Double-X (5222);ID-11;stock;64;3;/;22C
Eastman Double-X (5222);ID-11;1+2;100;9;/;20C
Eastman Double-X (5222);ID-11;1+3;100;13;/;18C
Eastman Double-X (5222);ID-11;1+2;200;11;/;20C
Eastman Double-X (5222);ID-11;1+1;250;10;/;20C
Eastman Double-X (5222);ID-11;stock;250;7;/;20C
Eastman Double-X (5222);ID-11;1+3;250;20;/;22C
Eastman Double-X (5222);ID-11;1+2;250;12;/;22C
Eastman Double-X (5222);ID-11;stock;400;9;/;20C
Eastman Double-X (5222);Ilfosol 3;1+4;250;7;/;20C
Eastman Double-X (5222);Ilfosol 3;1+9;600;17;/;20C
Eastman Double-X (5222);Ilfotec DD-X;1+9;200;12;/;20C
Eastman Double-X (5222);Ilfotec DD-X;1+4;250;7;/;20C
Eastman Double-X (5222);Ilfotec DD-X;1+4;3200;20;/;20C
Eastman Double-X (5222);Ilfotec HC;1+49;200;7;/;20C
Eastman Double-X (5222);Ilfotec LC29;1+29;250;8;/;20C
Eastman Double-X (5222);Microdol-X;1+3;250;18;/;7C
Eastman Double-X (5222);Microphen;1+2;320;14;/;20C
Eastman Double-X (5222);Microphen;stock;400;8.5;/;20C
Eastman Double-X (5222);Microphen;stock;800;10;/;20C
Eastman Double-X (5222);Paranol S;1+50;250;12.5;/;20C
Eastman Double-X (5222);Perceptol;1+2;200;13;/;20C
Eastman Double-X (5222);PMK;1+2+50;250;9;/;21C
Eastman Double-X (5222);Rodinal;1+100;25;3;/;20C
Eastman Double-X (5222);Rodinal;1+20;200;5;/;20C
Eastman Double-X (5222);Rodinal;1+60;200;7;/;20C
Eastman Double-X (5222);Rodinal;1+300;200;480;/;20C
Eastman Double-X (5222);Rodinal;1+25;250;5.75;/;20C
Eastman Double-X (5222);Rodinal;1+50;250;11;/;20C
Eastman Double-X (5222);Rodinal;1+50;400;11;/;20C
Eastman Double-X (5222);Rodinal;1+100;400;60;/;20C
Eastman Double-X (5222);Rodinal;1+50;800;18;/;18C
Eastman Double-X (5222);Rodinal;1+20;1600;10;/;20C
Eastman Double-X (5222);Rollei D74;1+15;250;5;/;20C
Eastman Double-X (5222);TMax Dev;1+4;400;6;/;20C
Eastman Double-X (5222);TMax Dev;1+9;400;10.5;/;20C
Eastman Double-X (5222);Ultrafin;1+20;200;12;/;20C
Eastman Double-X (5222);Xtol;1+1;250;10;/;20C
Eastman Double-X (5222);Xtol;stock;250 (200);7;/;20C
Eastman Double-X (5222);Xtol;1+2;250;9.5;/;24C
Efke 25;510-Pyro;1+100;16;5;5;21C
Efke 25;Acufine;stock;64;4;4;21C
Efke 25;Acurol-N;1+70;8;8.5;8.5;20C
Efke 25;Acurol-N;1+70;10;8.5;8.5;20C
Efke 25;Amaloco AM74;1+15;20;3;3;20C
Efke 25;Atomal 49;1+1;25;5;5;20C
Efke 25;Atomal 49;1+2;25;7;7;20C
Efke 25;Atomal 49;stock;25;4;4;20C
Efke 25;Beutler;1+1+10;25;7.5;7.5;20C
Efke 25;Caffenol;stock;25;11;11;20C
Efke 25;D-76;1+1;20;5;5;20C
Efke 25;D-76;1+3;25;9-10;9-10;20C
Efke 25;D-76;1+1;25;7;7;20C
Efke 25;D-76;1+1;50(25);8-9;8-9;20C
Efke 25;D-76;stock;50(25);6;6;20C
Efke 25;Diafine;stock;25;3+3;3+3;20C
Efke 25;DK-50;stock;25;5;5;20C
Efke 25;Eco Pro;stock;20;6;6;20C
Efke 25;Eco Pro;1+3;20;11;11;20C
Efke 25;Eco Pro;1+1;50;8;8;20C
Efke 25;Emofin;stock;25;3+3;3+3;20C
Efke 25;Emofin;stock;32;4+4;4+4;20C
Efke 25;F76+;1+9;25;5.5;5.5;20C
Efke 25;F76+;1+19;25;12.5;12.5;20C
Efke 25;F76+;1+9;50;8.5;8.5;20C
Efke 25;FD10;1+14;25;7;7;19C
Efke 25;Finol;1+1+100;20;7;7;24C
Efke 25;Finol;1+1+100;25;8.5;8.5;24C
Efke 25;Fomadon LQN;1+10;25;4;4;20C
Efke 25;Fomadon R09;1+100;25;18;18;20C
Efke 25;FX-39;1+9;25;4;4;20C
Efke 25;FX-39;1+19;32;6;6;20C
Efke 25;HC-110;B;25;7;7;20C
Efke 25;HC-110;H;50;7;7;20C
Efke 25;ID-11;1+1;20;5;5;20C
Efke 25;ID-11;1+3;25;9-10;9-10;20C
Efke 25;ID-11;1+1;50(25);8-9;8-9;20C
Efke 25;ID-11;stock;50(25);6;6;20C
Efke 25;Ilfosol 3;1+14;25;6;6;20C
Efke 25;Ilfotec DD-X;1+7;25;13;13;20C
Efke 25;Microdol-X;1+3;25;14.5;14.5;20C
Efke 25;Microphen;stock;25;5;5;20C
Efke 25;Neofin Blue;stock;25;3.75;3.75;20C
Efke 25;Neofin Blue;stock;25;7-8;7-8;20C
Efke 25;PMK;1+2+100;25;7.5;7.5;21C
Efke 25;PMK;1+2+100;25;11;11;21C
Efke 25;Pyrocat-HD;1+1+100;12;10;10;20C
Efke 25;Pyrocat-HD;2+2+100;25;10;10;20C
Efke 25;Rodinal;1+50;12;3.5;3.5;20C
Efke 25;Rodinal;1+100;12;9;9;20C
Efke 25;Rodinal;1+99;20;6.5;6.5;20C
Efke 25;Rodinal;1+50;20;4;4;20C
Efke 25;Rodinal;1+50;25;8;8;20C
Efke 25;Rodinal;1+100;25;10;10;24C
Efke 25;Rodinal;1+100;25;11;11;20C
Efke 25;Rodinal;1+25;25;4;4;20C
Efke 25;Rodinal;1+100;25;12;12;20C
Efke 25;Rodinal;1+100;25;17;18;21C
Efke 25;Sprint Standard;1+9;25;5;5;20C
Efke 25;Spur 2525;1+15;20;3-3.5;3-3.5;20C
Efke 25;Spur HRX;1+24;16;3.5;3.5;20C
Efke 25;Tanol;1+1+100;16;12.5;12.5;20C
Efke 25;TMax Dev;1+4;25;4-5;4-5;20C
Efke 25;TMax RS;stock;25;5;5;20C
Efke 25;Ultrafin;1+30;20;3.5;3.5;20C
Efke 25;Ultrafin;1+10;20;2;2;20C
Efke 25;Ultrafin;1+10;20;3;3;20C
Efke 25;Ultrafin;1+20;20;5;5;20C
Efke 25;Ultrafin;1+30;20;8;8;20C
Efke 25;Ultrafin;1+20;20;2.5;2.5;20C
Efke 25;WD2D+;stock;25;9;9;20C
Efke 25;Xtol;stock;20;6;6;20C
Efke 25;Xtol;1+3;20;11;11;20C
Efke 25;Xtol;1+1;50;8;8;20C
Efke 50;Acufine;stock;160;2.75;2.75;20C
Efke 50;Acurol-N;1+50;40;8-8.5;8-8.5;20C
Efke 50;Amaloco AM74;1+15;40;3.5;3.5;20C
Efke 50;Atomal 49;1+1;50;8;8;20C
Efke 50;Atomal 49;1+2;50;11;11;20C
Efke 50;Atomal 49;stock;50;6;6;20C
Efke 50;Beutler;1+1+10;50;8.5;8.5;20C
Efke 50;Caffenol C;stock;100;10;10;20C
Efke 50;D-76;1+1;40;5.25;5.25;20C
Efke 50;D-76;1+1;50;8-9;8-9;20C
Efke 50;D-76;stock;50;6.5;6.5;20C
Efke 50;D-76;1+1;100(50);12;12;20C
Efke 50;D-76;stock;100(50);7;7;20C
Efke 50;Diafine;stock;50;4+4;4+4;20C
Efke 50;DK-50;1+1;50;5.5;5.5;20C
Efke 50;Eco Pro;1+1;50;10;10;20C
Efke 50;Eco Pro;stock;50;8;8;20C
Efke 50;Emofin;stock;50;2.5+2.5;2.5+2.5;20C
Efke 50;Emofin;stock;64;5+5;5+5;20C
Efke 50;Finol;1+1+100;50;10;10;24C
Efke 50;Fomadon LQN;1+10;50;7;7;20C
Efke 50;Fomadon R09;1+100;50;19;19;20C
Efke 50;FX-39;1+9;50;5.5;5.5;20C
Efke 50;HC-110;B;50;7;7;20C
Efke 50;Hubl Glycin Paste;1+60;80;16;16;21C
Efke 50;ID-11;1+1;40;5.25;5.25;20C
Efke 50;ID-11;1+1;50;8;8;20C
Efke 50;ID-11;stock;50;6.5;6.5;20C
Efke 50;ID-11;1+1;100(50);12;12;20C
Efke 50;ID-11;stock;100(50);7;7;20C
Efke 50;ID-68;stock;50;6;6;20C
Efke 50;Neofin Blue;stock;50;4;4;20C
Efke 50;Neofin Blue;stock;50;8-9;8-9;20C
Efke 50;PMK;1+2+100;50;8;8;20C
Efke 50;Pyrocat-HD;1+1+100;50;14;14;20C
Efke 50;Rodinal;1+100;50;18;18;20C
Efke 50;Rodinal;1+50;50;9;9;20C
Efke 50;Rodinal;1+25;50;6;6;20C
Efke 50;Sprint Standard;1+9;50;8.5;8.5;20C
Efke 50;Spur 2525;1+12;25;3-3.5;3-3.5;20C
Efke 50;Tanol;1+1+100;32;12;12;22C
Efke 50;TMax Dev;1+4;50;6;6;20C
Efke 50;TMax RS;stock;50;5;5;20C
Efke 50;Ultrafin;1+30;40;12;12;20C
Efke 50;Ultrafin;1+20;40;2.5;2.5;20C
Efke 50;Ultrafin;1+20;40;7;7;20C
Efke 50;Ultrafin;1+10;40;3.5;3.5;20C
Efke 50;Ultrafin;1+10;40;2;2;20C
Efke 50;Ultrafin;1+30;40;3.5;3.5;20C
Efke 50;WD2D+;stock;50;10;10;20C
Efke 50;Xtol;1+1;50;10;10;20C
Efke 50;Xtol;stock;50;8;8;20C
Efke 100;510-Pyro;1+100;100;6;6;21C
Efke 100;ABC Pyro;stock;100;6;6;20C
Efke 100;Acufine;stock;250;3.25;3.25;20C
Efke 100;Acurol-N;1+50;50;9.5;9.5;20C
Efke 100;Amaloco AM74;1+15;100;7.5;7.5;20C
Efke 100;Atomal 49;stock;100;8;8;20C
Efke 100;Atomal 49;1+2;100;15;15;20C
Efke 100;Atomal 49;1+1;100;12;12;20C
Efke 100;D-76;1+1;100;10;10;20C
Efke 100;D-76;1+3;100;13;13;20C
Efke 100;D-76;stock;100;7;7;20C
Efke 100;Eco Pro;1+2;64;8.5;8.5;20C
Efke 100;Eco Pro;1+2;80;11.75;11.75;20C
Efke 100;Eco Pro;stock;100;8-9;8-9;20C
Efke 100;Eco Pro;stock;100;6;6;20C
Efke 100;Emofin;stock;100;4+4;4+4;20C
Efke 100;Emofin;stock;400;4+4;4+4;20C
Efke 100;F76+;1+4;64;12;12;20C
Efke 100;F76+;1+9;100;13.5;13.5;20C
Efke 100;F76+;1+19;100;22.5;22.5;20C
Efke 100;Finol;1+1+100;80;13.5;13.5;24C
Efke 100;Fomadon LQN;1+10;100;9;9;20C
Efke 100;Fomadon R09;1+100;100;19;19;20C
Efke 100;FX-39;1+14;100;11;11;20C
Efke 100;FX-39;1+9;100;7;7;20C
Efke 100;HC-110;B;100;5.5;5.5;20C
Efke 100;HC-110;B;100;6.25;6.25;18C
Efke 100;HC-110;H;100;11;11;20C
Efke 100;ID-11;stock;100;7;7;20C
Efke 100;ID-11;1+3;100;16;16;20C
Efke 100;ID-11;1+1;100;10;10;20C
Efke 100;Ilfosol 3;1+14;100;8;8;20C
Efke 100;Ilfosol 3;1+9;100;5.5;5.5;20C
Efke 100;Ilfotec DD-X;1+9;100;13;13;20C
Efke 100;Ilfotec DD-X;1+4;100;7;7;20C
Efke 100;Ilfotec DD-X;1+7;100;12.5;12.5;20C
Efke 100;Ilfotec DD-X;1+7;130;16;16;20C
Efke 100;Ilfotec LC29;1+29;100;11;11;20C
Efke 100;Ilfotec LC29;1+19;100;6;6;20C
Efke 100;Microdol-X;1+3;100;17;17;25C
Efke 100;Microphen;1+3;100;18;18;21C
Efke 100;Neofin Blue;stock;100;15;15;20C
Efke 100;Neofin Blue;stock;100;8;8;20C
Efke 100;PC-TEA;1+50;100;10.5;10.5;20C
Efke 100;Perceptol;1+3;50;23;23;20C
Efke 100;PMK;1+2+100;50;12;12;21C
Efke 100;PMK;1+2+100;100;10;10;20C
Efke 100;Pyrocat-HD;2+2+100;100;8;8;20C
Efke 100;Rodinal;1+50;50;9;9;20C
Efke 100;Rodinal;1+25;80;5;5;20C
Efke 100;Rodinal;1+100;100;16;16;20C
Efke 100;Rodinal;1+25;100;6;6;20C
Efke 100;Rodinal;1+75;100;13.5;13.5;20C
Efke 100;Rodinal;1+50;100;10;10;20C
Efke 100;Rodinal;1+25;160;8;8;20C
Efke 100;Rodinal;1+50;200;14;14;20C
Efke 100;Rodinal;1+75;400;19.5;19.5;20C
Efke 100;Rodinal;1+50;400;24;24;20C
Efke 100;Rodinal;1+25;400;13.5;13.5;20C
Efke 100;Sprint Standard;1+9;100;10;10;20C
Efke 100;Studional;1+60;800;60;60;21C
Efke 100;Tanol;1+1+100;80;14;14;22C
Efke 100;Tanol;2+3+130;100;12;12;20C
Efke 100;TMax Dev;1+4;100;7;7;20C
Efke 100;TMax Dev;1+9;100;6;6;24C
Efke 100;TMax RS;stock;80;4;4;20C
Efke 100;TMax RS;stock;100;6;6;20C
Efke 100;Ultrafin;1+30;100;7;7;20C
Efke 100;Ultrafin;1+20;100;5;5;20C
Efke 100;Ultrafin;1+10;100;3.5;3.5;20C
Efke 100;WD2D+;stock;100;9.5;9.5;20C
Efke 100;Xtol;1+2;64;8.5;8.5;20C
Efke 100;Xtol;1+2;80;11.75;11.75;20C
Efke 100;Xtol;stock;100;6;6;20C
Efke 100;Xtol;stock;100;8-9;8-9;20C
Efke IR820;D-76;stock;/;8;8;20C
Efke IR820;D-76;stock;3;/;8.75;20C
Efke IR820;Diafine;stock;100;/;4+3;20C
Efke IR820;Eco Pro;1+2;/;16;16;20C
Efke IR820;Eco Pro;1+1;4;14;/;20C
Efke IR820;Eco Pro;1+3;12;14;14;20C
Efke IR820;Eco Pro;1+3;15;14;14;20C
Efke IR820;Eco Pro;1+2;200;20;20;20C
Efke IR820;Ecoprint Universal;1+12;/;6;6;20C
Efke IR820;F76+;1+9;100;14;14;20C
Efke IR820;Finol;1+1+100;12;14;14;24C
Efke IR820;FX-39;1+14;64;/;11;20C
Efke IR820;HC-110;B;/;7;7;20C
Efke IR820;HC-110;H;1.5;15;/;20C
Efke IR820;HC-110;B;100;/;7.5;20C
Efke IR820;ID-11;stock;/;8;8;20C
Efke IR820;Ilfosol 3;1+9;/;5.5;5.5;20C
Efke IR820;Ilfotec DD-X;1+4;3;/;11.5;20C
Efke IR820;Ilfotec DD-X;1+4;12;10;11;20C
Efke IR820;Ilfotec HC;1+5;/;7;7;20C
Efke IR820;Microdol-X;stock;64;/;15;22C
Efke IR820;Microphen;stock;/;7;7;20C
Efke IR820;Microphen;1+1;6;/;13;20C
Efke IR820;Nucleol BF200;4+3;4;12;/;20C
Efke IR820;Perceptol;stock;/;10;10;20C
Efke IR820;Perceptol;stock;3;/;12;20C
Efke IR820;PMK;2+4+100;6;13;13;21C
Efke IR820;Promicrol;1+9;100;4;4;24C
Efke IR820;Promicrol;1+9;100;6;6;20C
Efke IR820;Promicrol;1+14;100;5.75;5.75;24C
Efke IR820;Promicrol;1+14;100;8.5;8.5;20C
Efke IR820;Pyrocat-HD;1+1+100;100;9.5;/;20C
Efke IR820;Rodinal;1+25;/;9;9;20C
Efke IR820;Rodinal;1+50;1.5;/;/;20C
Efke IR820;Rodinal;1+50;3;/;11;20C
Efke IR820;Rodinal;1+50;4;/;11;20C
Efke IR820;Tanol;1+1+100;3;/;/;20C
Efke IR820;Tanol;1+1+100;6;/;/;20C
Efke IR820;Tanol;1+1+100;40;/;/;20C
Efke IR820;Tanol;1+1+100;50;14.5;14.5;20C
Efke IR820;Tanol;1+1+100;250;14.5;14.5;24C
Efke IR820;TMax Dev;1+4;/;7;7;20C
Efke IR820;Ultrafin;1+10;/;8;8;20C
Efke IR820;Ultrafin;1+20;/;11;11;20C
Efke IR820;Xtol;1+2;/;16;16;20C
Efke IR820;Xtol;1+1;4;14;/;20C
Efke IR820;Xtol;1+3;12;14;14;20C
Efke IR820;Xtol;1+3;15;14;14;20C
Efke IR820;Xtol;1+2;200;20;20;20C
ERA 100;Caffenol C;stock;100;13;/;20C
ERA 100;D-23;1+2;100;21;/;20C
ERA 100;D-23;stock;100;6-10;/;20C
ERA 100;D-76;stock;100;8;/;20C
ERA 100;D-76;stock;200;12;/;20C
ERA 100;D-76;stock;400;18;/;20C
ERA 100;Diafine;stock;200;3+3;/;20C
ERA 100;DiXactol Ultra;1+7+300;100;/;/;21C
ERA 100;Eco Pro;1+1;100;9;/;20C
ERA 100;Emofin;stock;100;5+5;/;21C
ERA 100;HC-110;B;80;/;/;20C
ERA 100;HC-110;B;100;6.5-7;/;20C
ERA 100;HC-110;B;400;/;/;21C
ERA 100;ID-11;stock;100;8;/;20C
ERA 100;ID-11;stock;200;12;/;20C
ERA 100;ID-11;stock;400;18;/;20C
ERA 100;Ilfotec DD-X;1+4;100;9;/;20C
ERA 100;Ilfotec LC29;1+58;100;15.5;/;20C
ERA 100;PMK;1+2+100;100;8;/;21C
ERA 100;Pyrocat-HD;1+1+100;50;/;/;20C
ERA 100;Rodinal;1+50;100;14;/;20C
ERA 100;Xtol;1+1;100;9;/;20C
ERA PSS 45 Pan;Rodinal;1+100;100;/;/;20C
ReraPan 100;D-76;stock;100;/;8;20C
ReraPan 100;HC-110;B;100;/;6.5;20C
ReraPan 100;HC-110;H;400;/;26;20C
ReraPan 100;ID-11;stock;100;/;8;20C
ReraPan 100;Ilfotec LC29;1+19;80;/;6.5;20C
ReraPan 100;Rodinal;1+50;100;/;16.5;20C
ReraPan 400;Acurol-N;1+50;200;/;10;20C
ReraPan 400;D-76;1+3;400;/;28;20C
ReraPan 400;D-76;1+1;400;/;14;20C
ReraPan 400;D-76;stock;400;/;8;20C
ReraPan 400;D-76;1+1;800;/;18;20C
ReraPan 400;D-76;stock;800;/;11;20C
ReraPan 400;Emofin;stock;400;/;6+6;20C
ReraPan 400;FX-39;1+9;400;/;11;20C
ReraPan 400;HC-110;B;400;/;6;20C
ReraPan 400;ID-11;1+3;400;/;28;20C
ReraPan 400;ID-11;1+1;400;/;14;20C
ReraPan 400;ID-11;stock;400;/;8;20C
ReraPan 400;ID-11;1+1;800;/;18;20C
ReraPan 400;ID-11;stock;800;/;11;20C
ReraPan 400;Ilfosol 3;1+14;400;/;11;20C
ReraPan 400;Ilfosol 3;1+9;400;/;6.5;20C
ReraPan 400;Ilfosol 3;1+9;800;/;15;20C
ReraPan 400;Ilfosol 3;1+14;800;/;25;20C
ReraPan 400;Ilfotec DD-X;1+4;400;/;10;20C
ReraPan 400;Ilfotec DD-X;1+4;800;/;12;20C
ReraPan 400;Ilfotec LC29;1+9;400;/;4.5;20C
ReraPan 400;Ilfotec LC29;1+19;400;/;8;20C
ReraPan 400;Ilfotec LC29;1+9;800;/;6.5;20C
ReraPan 400;Ilfotec LC29;1+19;800;/;12.5;20C
ReraPan 400;Microphen;stock;400;/;7;20C
ReraPan 400;Microphen;1+1;400;/;13;20C
ReraPan 400;Microphen;1+1;800;/;16;20C
ReraPan 400;Microphen;stock;800;/;10;20C
ReraPan 400;Perceptol;1+1;320;/;20;20C
ReraPan 400;Promicrol;1+9;400;/;10;20C
ReraPan 400;Rodinal;1+25;400;/;12;20C
ReraPan 400;Rodinal;1+50;400;/;21;20C
ReraPan 400;Rollei RLS Low Speed;1+4;400;/;18;24C
ReraPan 400;Rollei Supergrain;1+12;400;/;7;20C
ReraPan 400;Studional;1+15;400;/;5;20C
ReraPan 400;TMax Dev;1+4;400;/;7;20C
ReraPan 400;TMax Dev;1+9;400;/;10;20C
ReraPan 400;TMax Dev;1+9;1600;/;18;20C
ReraPan 400;Xtol;stock;400;/;9;20C
ReraPan 400;Xtol;1+1;400;/;12;20C
Fomapan 100;510-Pyro;1+100;50;8;8;20C
Fomapan 100;Acufine;stock;100;3.5;3.5;20C
Fomapan 100;Acurol-N;1+50;80;9;9;20C
Fomapan 100;Acurol-N;1+50;100;10;10;20C
Fomapan 100;Acurol-N;1+50;125;11;11;20C
Fomapan 100;Adox HR-DEV;1+40;100;12;12;20C
Fomapan 100;ADX II;1+24;100;7-7.5;7-7.5;20C
Fomapan 100;Agfa 14;1+1;50;14;14;20C
Fomapan 100;Amaloco AM74;1+15;100;6.5;6.5;20C
Fomapan 100;Atomal 49;1+1;100;13;13;20C
Fomapan 100;Atomal 49;1+2;100;17;17;20C
Fomapan 100;Atomal 49;3+2;100;6;6;23C
Fomapan 100;Atomal 49;stock;100;6-8;6-8;20C
Fomapan 100;Berspeed;1+1;100;8;8;20C
Fomapan 100;Berspeed;1+1;100;6;6;24C
Fomapan 100;Beutler;1+1+8;100;10;10;20C
Fomapan 100;Beutler-Pyro;10+10+978+2;100;10;10;22C
Fomapan 100;Caffenol C;stock;100;17;17;20C
Fomapan 100;Caffenol C-M;stock;200;15;15;20C
Fomapan 100;D-23;stock;100;11;11;20C
Fomapan 100;D-23;stock;200;15;15;20C
Fomapan 100;D-76;1+1;100;10;10;20C
Fomapan 100;D-76;1+3;100;17;17;20C
Fomapan 100;D-76;stock;100;6-7;6-7;20C
Fomapan 100;D-76;1+1;200;10;10;23C
Fomapan 100;D-76;1+1;400;18;18;20C
Fomapan 100;Diafine;stock;100;4+4;4+4;20C
Fomapan 100;Diafine;stock;200;3+3;3+3;20C
Fomapan 100;DK-76b;1+1;100;/;/;20C
Fomapan 100;Eco Pro;1+1;100;8;8;20C
Fomapan 100;Eco Pro;stock;100;5-6;5-6;20C
Fomapan 100;Eco Pro;1+3;100;10;10;21C
Fomapan 100;Eco Pro;1+2;125;9;9;20C
Fomapan 100;Eco Pro;1+1;400;11.5;11.5;20C
Fomapan 100;F76+;1+9;50;8;8;20C
Fomapan 100;FD10;1+9;100;8;8;20C
Fomapan 100;Foma Universal;1+3;100;5;5;20C
Fomapan 100;Foma W-17 Hydrofen;1+1;100;5.5;5.5;20C
Fomapan 100;Fomadon Excel;1+1;100;8-9;8-9;20C
Fomapan 100;Fomadon LQN;1+10;100;18;18;20C
Fomapan 100;Fomadon LQN;1+10;100;7-8;7-8;20C
Fomapan 100;Fomadon LQN;1+14;100;9-10;9-10;20C
Fomapan 100;Fomadon LQN;1+10;200;7-8;7-8;20C
Fomapan 100;Fomadon LQR;1+10;100;5-6;5-6;20C
Fomapan 100;Fomadon P;stock;100;7-8;7-8;20C
Fomapan 100;Fomadon R09;1+50;64;10.5;10.5;18C
Fomapan 100;Fomadon R09;1+50;64;9;9;20C
Fomapan 100;Fomadon R09;1+25;100;4;4;20C
Fomapan 100;Fomadon R09;1+50;100;9;9;20C
Fomapan 100;HC-110;B;50;4.5;4.5;20C
Fomapan 100;HC-110;G;50;13;13;20C
Fomapan 100;HC-110;B;100;6;6;20C
Fomapan 100;HC-110;F;100;12;12;20C
Fomapan 100;HC-110;H;100;10;10;20C
Fomapan 100;HC-110;H;100;9;9;20C
Fomapan 100;HC-110;F;100;7.75;7.75;20C
Fomapan 100;ID-11;1+1;100;8-10;8-10;20C
Fomapan 100;ID-11;1+3;100;13;13;20C
Fomapan 100;ID-11;1+3;100;15-17;15-16;20C
Fomapan 100;ID-11;stock;100;6-7;6-7;20C
Fomapan 100;ID-11;1+1;200;10;10;23C
Fomapan 100;ID-11;1+1;400;18;18;20C
Fomapan 100;Ilfosol 3;1+14;100;6;6;20C
Fomapan 100;Ilfosol 3;1+9;100;5;5;20C
Fomapan 100;Ilfotec DD;1+4;100;9;9;20C
Fomapan 100;Ilfotec DD;1+4;100;8.5;8.5;24C
Fomapan 100;Ilfotec DD-X;1+9;100;12;12;20C
Fomapan 100;Ilfotec DD-X;1+4;100;8;8;20C
Fomapan 100;Ilfotec HC;1+31;100;7;7;20C
Fomapan 100;Ilfotec LC29;1+19;100;6.5;6.5;20C
Fomapan 100;Kalogen;1+60;200;16;16;20C
Fomapan 100;Liquidol;1+19;100;1;1;20C
Fomapan 100;Metolal;1+50;100;14;14;20C
Fomapan 100;Microdol-X;1+1;100;9-10;9-10;20C
Fomapan 100;Microdol-X;stock;100;8;8;20C
Fomapan 100;Microphen;1+3;50;11.5;11.5;20C
Fomapan 100;Microphen;1+1;100;8-9;8-9;20C
Fomapan 100;Microphen;1+3;100;13-14;13-14;20C
Fomapan 100;Microphen;stock;100;5-7;5-7;20C
Fomapan 100;Mikratol-2;1+50;100;11;11;20C
Fomapan 100;Mikratol-2;1+100;100;32;32;20C
Fomapan 100;Paranol S;1+25;100;4;4;20C
Fomapan 100;Paranol S;1+50;100;10;10;20C
Fomapan 100;PC-TEA;1+50;50;8.5;8.5;20C
Fomapan 100;PC-TEA;1+50;100;10;10;20C
Fomapan 100;Perceptol;stock;50;7.5;7.5;20C
Fomapan 100;Perceptol;1+1;100;10-11;10-11;20C
Fomapan 100;Perceptol;1+3;100;14-15;14-15;20C
Fomapan 100;Perceptol;stock;100;8;8;20C
Fomapan 100;PMK;1+2+100;40;11;11;20C
Fomapan 100;PMK;1+2+50;125;10;10;21C
Fomapan 100;Promicrol;1+14;200;13;13;20C
Fomapan 100;Pyrocat-HD;1+1+100;50;9;9;21C
Fomapan 100;Pyrocat-HD;1+1+100;100;12;12;20C
Fomapan 100;Pyrocat-HD;1+1+100;100;11;11;21C
Fomapan 100;Pyrocat-HD;1+1+100;100;8;8;30C
Fomapan 100;Pyrocat-HD;1+1+300;100;50;50;21C
Fomapan 100;Pyrocat-HD;2+2+100;100;10;10;20C
Fomapan 100;Pyrocat-M;1+2+100;100;5.5;5.5;30C
Fomapan 100;Rodinal;1+100;50;7;7;20C
Fomapan 100;Rodinal;1+200;100;30;30;20C
Fomapan 100;Rodinal;1+25;100;4;4;20C
Fomapan 100;Rodinal;1+25;100;/;/;20C
Fomapan 100;Rodinal;1+37;100;6.25;6.25;20C
Fomapan 100;Rodinal;1+50;100;8-9;8-9;20C
Fomapan 100;Rodinal;1+100;100;18;18;20C
Fomapan 100;Rodinal;1+50;200;21.5;21.5;20C
Fomapan 100;Rodinal;1+100;400;26;26;20C
Fomapan 100;Silberra Ascorol;1+29;100;6;6;20C
Fomapan 100;Sprint Standard;1+9;100;8.5;8.5;20C
Fomapan 100;Spur 2525;1+15;40;5.5-6;5.5-6;20C
Fomapan 100;Spur SLD;1+19;64;6;6;20C
Fomapan 100;Studional;1+31;100;10;10;20C
Fomapan 100;Tanol;1+1+100;64;11;11;24C
Fomapan 100;TMax Dev;1+4;100;5-6;5-6;20C
Fomapan 100;TMax Dev;1+9;100;8;8;20C
Fomapan 100;TMax RS;stock;100;5.5;5.5;20C
Fomapan 100;Ultrafin;1+20;100;4.5;4.5;20C
Fomapan 100;Ultrafin;1+20;100;7.5;7.5;20C
Fomapan 100;Ultrafin T-Plus;1+4;100;4.5;4.5;20C
Fomapan 100;Xtol;1+1;100;8;8;20C
Fomapan 100;Xtol;stock;100;5-6;5-6;20C
Fomapan 100;Xtol;1+3;100;10;10;21C
Fomapan 100;Xtol;1+2;125;9;9;20C
Fomapan 100;Xtol;1+1;400;11.5;11.5;20C
Fomapan 200;510-Pyro;1+100;200;6;6;21C
Fomapan 200;510-Pyro;1+200;200;24;24;21C
Fomapan 200;Acufine;stock;200;3;3;20C
Fomapan 200;Adox HR-DEV;1+35;125;12;12;20C
Fomapan 200;ADX II;1+24;160;10;10;20C
Fomapan 200;Agfa 14;1+1;100;21;21;18C
Fomapan 200;Agfa 14;1+1;200;17;17;20C
Fomapan 200;Amaloco AM74;1+15;200;7.5;7.5;20C
Fomapan 200;Atomal 49;3+2;200;8;8;20C
Fomapan 200;Atomal 49;1+2;200;17;17;20C
Fomapan 200;Atomal 49;1+1;200;13;13;20C
Fomapan 200;Atomal 49;stock;200;8-10;8-10;20C
Fomapan 200;Berspeed;1+1;200;10;10;20C
Fomapan 200;Berspeed;1+1;200;7.25;7.25;24C
Fomapan 200;Beutler;1+1+8;200;8;8;20C
Fomapan 200;BW-TNEG;1+6;200;6;6;20C
Fomapan 200;Caffenol C;stock;200;25;25;20C
Fomapan 200;D-23;1+3;100;19;19;20C
Fomapan 200;D-23;stock;200;7;7;20C
Fomapan 200;D-76;1+1;100;7.75;7.75;20C
Fomapan 200;D-76;1+3;100;8;8;20C
Fomapan 200;D-76;1+3;200;12-13;12-13;20C
Fomapan 200;D-76;1+1;200;8-9;8-9;20C
Fomapan 200;D-76;stock;200;5-6;5-6;20C
Fomapan 200;D-76;1+3;400;18;18;20C
Fomapan 200;Diafine;stock;200;4+4;4+4;20C
Fomapan 200;Eco Pro;1+1;200;8.5;8.5;20C
Fomapan 200;Eco Pro;stock;200;6;6;20C
Fomapan 200;F76+;1+19;200;10.5;10.5;20C
Fomapan 200;FA-1027;1+19;200;10.5;10.5;20C
Fomapan 200;FD10;1+9;200;6;6;22C
Fomapan 200;Fomadon LQN;1+10;200;5-7;5-7;20C
Fomapan 200;Fomadon LQR;1+10;200;5-6;5-6;20C
Fomapan 200;Fomadon R09;1+50;200;10;10;20C
Fomapan 200;Fomadon R09;1+40;200;9;9;20C
Fomapan 200;Fomadon R09;1+25;200;5;5;20C
Fomapan 200;FX-39;1+9;100;10;10;20C
Fomapan 200;FX-39;1+9;200;14;14;20C
Fomapan 200;HC-110;B;200;3.5;3.5;20C
Fomapan 200;HC-110;H;200;9;9;20C
Fomapan 200;HC-110;H;400;18;18;20C
Fomapan 200;HC-110;E;800;11;11;20C
Fomapan 200;HC-110;B;3200;20;20;20C
Fomapan 200;Hypercat;1+1+100;200;6;6;21C
Fomapan 200;ID-11;1+1;200;8-9;8-9;20C
Fomapan 200;ID-11;1+3;200;12-13;12-13;20C
Fomapan 200;ID-11;stock;200;5-6;5-6;20C
Fomapan 200;ID-11;1+3;400;18;18;20C
Fomapan 200;Ilfosol 3;1+14;200;6;6;20C
Fomapan 200;Ilfotec DD-X;1+9;200;9;9;20C
Fomapan 200;Ilfotec DD-X;1+4;200;6;6;20C
Fomapan 200;Ilfotec DD-X;1+9;400;45;45;21C
Fomapan 200;Ilfotec HC;1+31;200;9;9;20C
Fomapan 200;Ilfotec HC;1+31;800;12;12;20C
Fomapan 200;Ilfotec LC29;1+19;200;6.5;6.5;20C
Fomapan 200;Ilfotec LC29;1+29;400;15;15;20C
Fomapan 200;Microdol-X;stock;200;9;9;20C
Fomapan 200;Microdol-X;1+1;200;8.5;8.5;20C
Fomapan 200;Microphen;1+3;200;12-13;12-13;20C
Fomapan 200;Microphen;stock;200;5-6;5-6;20C
Fomapan 200;Neofin Blue;1+9;200;12;12;20C
Fomapan 200;Paranol S;1+50;200;11;11;20C
Fomapan 200;Paranol S;1+25;200;5;5;20C
Fomapan 200;PC-TEA;1+50;200;9;9;20C
Fomapan 200;Perceptol;1+1;200;7.5;7.5;20C
Fomapan 200;Perceptol;1+3;200;12-13;12-13;20C
Fomapan 200;Perceptol;stock;200;6;6;20C
Fomapan 200;PMK;1+2+100;64;11;11;20C
Fomapan 200;PMK;1+2+250;125;30;30;21C
Fomapan 200;PMK;1+2+50;250;11;11;21C
Fomapan 200;PMK;1+2+50;250;12;12;20C
Fomapan 200;Promicrol;1+14;250;6;6;24C
Fomapan 200;Pyrocat-HD;1+1+100;100;7;7;20C
Fomapan 200;Rodinal;1+50;50;5.75;5.75;20C
Fomapan 200;Rodinal;1+50;160;8;8;20C
Fomapan 200;Rodinal;1+25;200;5;5;20C
Fomapan 200;Rodinal;1+50;200;8-10;8-10;20C
Fomapan 200;Rodinal;1+50;400;14;14;20C
Fomapan 200;Silberra Ascorol;1+29;200;7;7;20C
Fomapan 200;Sprint Standard;1+9;200;6.5;6.5;20C
Fomapan 200;Spur HRX;1+17;125;9;9;20C
Fomapan 200;Spur SLD;1+9;200;3.5;3.5;20C
Fomapan 200;Studional;1+31;200;12;12;20C
Fomapan 200;Tanol;1+1+100;125;12.5;12.5;24C
Fomapan 200;TFX-2;stock;400;18;18;20C
Fomapan 200;TMax Dev;1+4;200;5-6;5-6;20C
Fomapan 200;TMax Dev;1+4;400;7.5;7.5;20C
Fomapan 200;TMax RS;stock;200;4.5;4.5;20C
Fomapan 200;Ultrafin;1+20;200;7.5;7.5;20C
Fomapan 200;Ultrafin T-Plus;1+4;200;6.25;6.25;20C
Fomapan 200;Xtol;stock;200;6;6;20C
Fomapan 200;Xtol;1+1;200;8.5;8.5;20C
Fomapan 400;510-Pyro;1+150;400;15;15;20C
Fomapan 400;Acufine;stock;400;6;6;20C
Fomapan 400;Acufine;stock;800;10;10;21C
Fomapan 400;Adox HR-DEV;1+30;200;15;15;20C
Fomapan 400;ADX II;1+24;320;13;13;20C
Fomapan 400;Atomal 49;1+1;400;13;13;20C
Fomapan 400;Atomal 49;1+2;400;17;17;20C
Fomapan 400;Atomal 49;stock;400;8-10;8-10;20C
Fomapan 400;Berspeed;1+1;400;12;12;20C
Fomapan 400;Berspeed;1+1;400;8.75;8.75;24C
Fomapan 400;Beutler-Pyro;10+10+978+2;400;12;12;22C
Fomapan 400;Caffenol C;stock;320;40;40;20C
Fomapan 400;Caffenol C-M (+i);stock;400;15;15;20C
Fomapan 400;D-23;stock;250;7.5;7.5;20C
Fomapan 400;D-76;1+1;200;8-9;8-9;20C
Fomapan 400;D-76;1+1;400;10-13;10-13;20C
Fomapan 400;D-76;1+3;400;22-23;22-23;20C
Fomapan 400;D-76;stock;400;7-8;7-8;20C
Fomapan 400;D-76;1+1;800;17;17;20C
Fomapan 400;D-76;stock;1600;20;20;20C
Fomapan 400;DK-50;1+3;100;5;5;20C
Fomapan 400;DS-10;1+1;400;13;13;20C
Fomapan 400;Eco Pro;1+3;160;5.25;5.25;20C
Fomapan 400;Eco Pro;1+1;320;12;12;20C
Fomapan 400;Eco Pro;1+1;320;/;/;20C
Fomapan 400;Eco Pro;1+1;400;9.5;9.5;20C
Fomapan 400;Eco Pro;1+1;400;12;12;20C
Fomapan 400;Eco Pro;stock;400;7;7;20C
Fomapan 400;F76+;1+9;400;8;8;21C
Fomapan 400;FD10;1+9;400;10;10;20C
Fomapan 400;Foma Universal;1+3;400;7.5;7.5;20C
Fomapan 400;Foma W-17 Hydrofen;stock;1600;10;10;20C
Fomapan 400;Foma W-17 Hydrofen;stock;3200;12;12;24C
Fomapan 400;Fomadon Excel;1+1;400;9.5;9.5;20C
Fomapan 400;Fomadon Excel;1+1;400;12;12;20C
Fomapan 400;Fomadon LQN;1+10;400;9-10;9-10;20C
Fomapan 400;Fomadon LQR;1+10;400;7-8;7-8;20C
Fomapan 400;Fomadon P;1+3;400;22;22;20C
Fomapan 400;Fomadon P;stock;400;10-11;10-11;20C
Fomapan 400;Fomadon R09;1+200;400;60-62;60-62;20C
Fomapan 400;Fomadon R09;1+25;400;6;6;20C
Fomapan 400;Fomadon R09;1+50;400;12;12;20C
Fomapan 400;Fomadon R09;1+100;3200;70;70;20C
Fomapan 400;FotoApteka A-RSC;1+34;400;8;8;20C
Fomapan 400;FX-39;1+9;400;12;12;20C
Fomapan 400;FX-4;1+3;400;18;18;20C
Fomapan 400;HC-110;G;200;/;/;20C
Fomapan 400;HC-110;E;240;7.5;7.5;20C
Fomapan 400;HC-110;B;320;6;6;20C
Fomapan 400;HC-110;B;400;7;7;20C
Fomapan 400;HC-110;H;400;13;13;20C
Fomapan 400;HC-110;B;1600;13;13;20C
Fomapan 400;ID-11;1+1;400;12-13;12-13;20C
Fomapan 400;ID-11;1+3;400;22-23;22-23;20C
Fomapan 400;ID-11;stock;400;7-8;7-8;20C
Fomapan 400;ID-11;1+1;800;17;17;20C
Fomapan 400;Ilfosol 3;1+9;400;8.5;8.5;20C
Fomapan 400;Ilfotec DD-X;1+9;400;12;12;20C
Fomapan 400;Ilfotec DD-X;1+9;400;45;45;21C
Fomapan 400;Ilfotec HC;1+31;400;7;7;21C
Fomapan 400;Ilfotec LC29;1+29;200;7;7;20C
Fomapan 400;Ilfotec LC29;1+29;400;9;9;20C
Fomapan 400;Ilfotec LC29;1+19;400;6.5;6.5;20C
Fomapan 400;Ilfotec LC29;1+19;1600;14;14;20C
Fomapan 400;Microdol-X;1+3;400;32;32;20C
Fomapan 400;Microdol-X;stock;400;15;15;20C
Fomapan 400;Microphen;1+1;400;12-13;12-13;20C
Fomapan 400;Microphen;1+3;400;24-25;24-25;20C
Fomapan 400;Microphen;stock;400;8-9;8-9;20C
Fomapan 400;Paranol S;1+25;400;7;7;20C
Fomapan 400;Paranol S;1+50;400;15;15;20C
Fomapan 400;Perceptol;stock;400;9-10;9-10;20C
Fomapan 400;PMK;1+2+100;400;13;13;20C
Fomapan 400;Promicrol;1+14;400;12;12;20C
Fomapan 400;Promicrol;1+14;800;15;15;20C
Fomapan 400;Pyrocat-HD;1+1+100;400;14;14;22C
Fomapan 400;Pyrocat-HD;1+1+100;400;10;10;30C
Fomapan 400;Pyrocat-M;1+2+100;400;7;7;30C
Fomapan 400;Pyrocat-MC;1+1+100;400;16;16;21C
Fomapan 400;Rodinal;1+50;200;11;11;20C
Fomapan 400;Rodinal;1+100;400;120;120;20C
Fomapan 400;Rodinal;1+25;400;5.5;5.5;20C
Fomapan 400;Rodinal;1+50;400;11;11;20C
Fomapan 400;Rodinal;1+50;800;19;19;20C
Fomapan 400;Rodinal;1+25;800;10;10;20C
Fomapan 400;Rodinal;1+50;1600;24;24;20C
Fomapan 400;Rodinal;1+25;3200;25;25;20C
Fomapan 400;Rodinal;1+50;3200;52;52;20C
Fomapan 400;Romek PQ7;1+3;400;12.5;12.5;20C
Fomapan 400;Romek PQ7;1+3;1600;25;25;20C
Fomapan 400;Silberra Ascorol;1+29;400;8;8;20C
Fomapan 400;Sprint Standard;1+9;400;12;12;20C
Fomapan 400;Spur HRX;1+11;200;13;13;20C
Fomapan 400;Studional;1+30;400;12;12;20C
Fomapan 400;Studional;1+30;800;18;18;20C
Fomapan 400;TMax Dev;1+4;400;7-8;7-8;20C
Fomapan 400;TMax RS;stock;400;8;8;20C
Fomapan 400;Ultrafin;1+20;400;15;15;20C
Fomapan 400;Ultrafin T-Plus;1+4;400;7.5;7.5;20C
Fomapan 400;Xtol;1+3;160;5.25;5.25;20C
Fomapan 400;Xtol;1+1;320;12;12;20C
Fomapan 400;Xtol;1+1;320;/;/;20C
Fomapan 400;Xtol;1+1;400;9.5;9.5;20C
Fomapan 400;Xtol;stock;400;7;7;20C
Fomapan 400;Xtol;1+1;400;12;12;20C
Foma Retropan 320;Adox HR-DEV;1+20;125;13;/;20C
Foma Retropan 320;Caffenol C-H;stock;320;14.5;/;20C
Foma Retropan 320;Caffenol C-H;stock;400;17;/;20C
Foma Retropan 320;D-76;stock;320;9.5;/;20C
Foma Retropan 320;Eco Pro;stock;320;7;/;24C
Foma Retropan 320;Eco Pro;1+3;320;15;/;20C
Foma Retropan 320;Eco Pro;stock;640;9.5;/;24C
Foma Retropan 320;Foma Retro Special;stock;320;4-5;/;20C
Foma Retropan 320;Foma Retro Special;stock;640;7-8;/;20C
Foma Retropan 320;Fomadon LQN;1+10;320;9.5;/;20C
Foma Retropan 320;HC-110;1+100;320;15;/;20C
Foma Retropan 320;HC-110;B;320;7-8;/;20C
Foma Retropan 320;HC-110;B;640;11-13;/;20C
Foma Retropan 320;HC-110;B;3200;20;/;20C
Foma Retropan 320;ID-11;stock;320;9.5;/;20C
Foma Retropan 320;Ilfotec DD-X;1+4;320;10;/;20C
Foma Retropan 320;Microphen;stock;320;10-11;/;20C
Foma Retropan 320;Microphen;stock;640;15-17;/;20C
Foma Retropan 320;Rodinal;1+25;160;16.5;/;20C
Foma Retropan 320;Rollei Supergrain;1+9;320;6.5-7.5;/;20C
Foma Retropan 320;Rollei Supergrain;1+9;640;10-11;/;20C
Foma Retropan 320;Silberra Ascorol;1+29;320;10;/;20C
Foma Retropan 320;Spur NHC;1+15;320;16-17;/;20C
Foma Retropan 320;Spur NHC;1+15;640;25-27;/;20C
Foma Retropan 320;Xtol;stock;320;7;/;24C
Foma Retropan 320;Xtol;1+3;320;15;/;20C
Foma Retropan 320;Xtol;stock;640;9.5;/;24C
Fujifilm C200;HC-110;H;200;8.25;/;24C
Fujifilm C200;HC-110;H;200;12;/;20C
Fujifilm HR-S;Eco Pro;1+1;80;/;/;20C
Fujifilm HR-S;Xtol;1+1;80;/;/;20C
Fujifilm HR-T30;HC-110;H;50;/;/;20C
Fujifilm HR-T30;Rodinal;1+100;400;/;/;20C
Fujifilm HR-T30;Rodinal;1+50;400;/;/;20C
Fujifilm Super HG-II 200;Caffenol C;stock;50;16;/;24C
Fujifilm Super HR;Bluefire HR;1+16;25;14;/;20C
Fujifilm Super RX-N;Rodinal;1+100;25;/;/;20C
Fuji Neopan 100 Acros;510-Pyro;1+100;100;6;6;21C
Fuji Neopan 100 Acros;510-Pyro;1+100;100;7;7;21C
Fuji Neopan 100 Acros;777;stock;50;8;8;24C
Fuji Neopan 100 Acros;Acufine;stock;100;3;3;20C
Fuji Neopan 100 Acros;Acurol-N;1+70;50;13.5;13.5;20C
Fuji Neopan 100 Acros;Adox HR-DEV;1+35;100;11;11;20C
Fuji Neopan 100 Acros;ADX II;1+24;100;8.5;8.5;20C
Fuji Neopan 100 Acros;Amaloco AM74;1+7;100;4;4;20C
Fuji Neopan 100 Acros;Amaloco AM74;1+7;200;6.5;6.5;20C
Fuji Neopan 100 Acros;Arista Liquid;1+9;100;7;7;20C
Fuji Neopan 100 Acros;Ars-Imago FD;1+39;100;4;4;20C
Fuji Neopan 100 Acros;Ars-Imago FD;1+39;200;5;5;20C
Fuji Neopan 100 Acros;Atomal 49;stock;100;7.25;7.25;20C
Fuji Neopan 100 Acros;Atomal 49;1+2;100;14;14;22C
Fuji Neopan 100 Acros;Bellini Hydrofen;1+39;100;4;4;20C
Fuji Neopan 100 Acros;Bellini Hydrofen;1+39;200;5;5;20C
Fuji Neopan 100 Acros;Berspeed;1+1;100;11;11;20C
Fuji Neopan 100 Acros;Berspeed;1+1;100;8;8;24C
Fuji Neopan 100 Acros;Caffenol C-M;stock;200;15;15;20C
Fuji Neopan 100 Acros;Caffenol C-M;stock;400;15;15;20C
Fuji Neopan 100 Acros;Caffenol Concoction;stock;100;15;15;20C
Fuji Neopan 100 Acros;D-19;1+1;200;8;8;20C
Fuji Neopan 100 Acros;D-19;1+2;200;9;9;20C
Fuji Neopan 100 Acros;D-23;stock;100;9;9;20C
Fuji Neopan 100 Acros;D-72;stock;100;3;3;20C
Fuji Neopan 100 Acros;D-76;stock;64;6.25;6.25;20C
Fuji Neopan 100 Acros;D-76;1+1;100;10.5;10.5;20C
Fuji Neopan 100 Acros;D-76;1+3;100;14.5;14.5;20C
Fuji Neopan 100 Acros;D-76;1+3;100;17;17;20C
Fuji Neopan 100 Acros;D-76;stock;100;7.25;7.25;20C
Fuji Neopan 100 Acros;D-76;stock;100;5.25;5.25;24C
Fuji Neopan 100 Acros;D-76;stock;200;10;10;20C
Fuji Neopan 100 Acros;D-76;1+1;200;14.5;14.5;20C
Fuji Neopan 100 Acros;D-76;1+1;400;17;17;20C
Fuji Neopan 100 Acros;D-76;1+1;800;21;21;20C
Fuji Neopan 100 Acros;Diafine;stock;100;4.5+4.5;4.5+4.5;20C
Fuji Neopan 100 Acros;Diafine;stock;200;5+5;5+5;22C
Fuji Neopan 100 Acros;DiXactol Ultra;1+7+300;100;9.5;9.5;21C
Fuji Neopan 100 Acros;DK-50;1+1;100;6;6;20C
Fuji Neopan 100 Acros;Eco Pro;1+1;100;9.5;10;20C
Fuji Neopan 100 Acros;Eco Pro;1+2;100;13;13;20C
Fuji Neopan 100 Acros;Eco Pro;1+3;100;14;14;20C
Fuji Neopan 100 Acros;Eco Pro;stock;100;8;8;20C
Fuji Neopan 100 Acros;Eco Pro;1+4;100;16;16;20C
Fuji Neopan 100 Acros;Eco Pro;1+1;200;13;13;20C
Fuji Neopan 100 Acros;Eco Pro;1+1;400;22;22;20C
Fuji Neopan 100 Acros;Emofin;stock;100;4.5+4.5;4.5+4.5;20C
Fuji Neopan 100 Acros;Emofin;stock;200;5+5;5+5;20C
Fuji Neopan 100 Acros;F76+;1+19;100;7.5;7.5;20C
Fuji Neopan 100 Acros;F76+;1+9;100;5.5;5.5;20C
Fuji Neopan 100 Acros;FD10;1+14;100;10;10;20C
Fuji Neopan 100 Acros;FD10;1+14;100;16;16;20C
Fuji Neopan 100 Acros;FD10;1+9;100;9;9;20C
Fuji Neopan 100 Acros;FD10;1+9;100;7;7;20C
Fuji Neopan 100 Acros;FD10;1+4;1600;23;23;20C
Fuji Neopan 100 Acros;Finol;1+1+100;80;11.5;11.5;24C
Fuji Neopan 100 Acros;Fomadon Excel;1+2;100;8.5;8.5;20C
Fuji Neopan 100 Acros;Fomadon Excel;1+3;100;9.5;9.5;20C
Fuji Neopan 100 Acros;Fomadon LQN;1+10;100;8;8;20C
Fuji Neopan 100 Acros;FX-19;stock;100;8;8;20C
Fuji Neopan 100 Acros;FX-37;1+3;100;6.5;6.5;20C
Fuji Neopan 100 Acros;FX-39;1+14;100;8.25;8.25;20C
Fuji Neopan 100 Acros;FX-39;1+19;100;11;11;20C
Fuji Neopan 100 Acros;FX-39;1+40;100;16.75;16.75;20.5C
Fuji Neopan 100 Acros;FX-39;1+9;200;6.5;6.5;20C
Fuji Neopan 100 Acros;FX-55;1+9;100;11;11;20C
Fuji Neopan 100 Acros;GSD-10;1+10;200;28;28;21C
Fuji Neopan 100 Acros;HC-110;F;64;7;7;24C
Fuji Neopan 100 Acros;HC-110;B;80;4.5;4.5;20C
Fuji Neopan 100 Acros;HC-110;E;100;7;7;20C
Fuji Neopan 100 Acros;HC-110;H;100;7.5;7.5;21C
Fuji Neopan 100 Acros;HC-110;B;100;5.5;5;20C
Fuji Neopan 100 Acros;HC-110;C;100;5;5;20C
Fuji Neopan 100 Acros;HC-110;B;125;5.5;5;20C
Fuji Neopan 100 Acros;HC-110;B;400;10;10;20C
Fuji Neopan 100 Acros;HC-110;E;400;7;7;24C
Fuji Neopan 100 Acros;Hypercat;1+1+100;100;9;9;24C
Fuji Neopan 100 Acros;ID-11;stock;64;6.25;6.25;20C
Fuji Neopan 100 Acros;ID-11;1+1;100;10;10;20C
Fuji Neopan 100 Acros;ID-11;1+3;100;14.5;14.5;20C
Fuji Neopan 100 Acros;ID-11;stock;100;6.75;6.75;20C
Fuji Neopan 100 Acros;ID-11;stock;100;5.25;5.25;24C
Fuji Neopan 100 Acros;ID-11;1+1;200;14.5;14.5;20C
Fuji Neopan 100 Acros;ID-11;1+1;400;17;17;20C
Fuji Neopan 100 Acros;ID-11;1+1;800;21;21;20C
Fuji Neopan 100 Acros;Ilfosol 3;1+14;80;7;7;20C
Fuji Neopan 100 Acros;Ilfosol 3;1+9;80;5;5;20C
Fuji Neopan 100 Acros;Ilfosol 3;1+14;100;9.5;9.5;20C
Fuji Neopan 100 Acros;Ilfotec DD;stock;50;8.5;8.5;24C
Fuji Neopan 100 Acros;Ilfotec DD;stock;100;13;13;20C
Fuji Neopan 100 Acros;Ilfotec DD;stock;100;9;9;24C
Fuji Neopan 100 Acros;Ilfotec DD;stock;200;10.5;10.5;24C
Fuji Neopan 100 Acros;Ilfotec DD-X;1+4;100;9;10;20C
Fuji Neopan 100 Acros;Ilfotec DD-X;1+9;100;16;16;20C
Fuji Neopan 100 Acros;Ilfotec DD-X;1+4;200;14;14;20C
Fuji Neopan 100 Acros;Ilfotec HC;1+31;100;6;6;18C
Fuji Neopan 100 Acros;Ilfotec HC;1+47;100;8;8;20C
Fuji Neopan 100 Acros;Ilfotec LC29;1+19;80;4.5;4.5;20C
Fuji Neopan 100 Acros;Ilfotec LC29;1+29;80;7;7;20C
Fuji Neopan 100 Acros;Ilfotec LC29;1+19;100;5;5;20C
Fuji Neopan 100 Acros;Ilfotec LC29;1+29;100;8;8;20C
Fuji Neopan 100 Acros;Microdol-X;1+3;80;16;16;24C
Fuji Neopan 100 Acros;Microdol-X;stock;100;11.5;11.5;20C
Fuji Neopan 100 Acros;Microphen;1+1;100;9;9;20C
Fuji Neopan 100 Acros;Microphen;1+3;100;14.5;14.5;20C
Fuji Neopan 100 Acros;Microphen;stock;100;8;8;20C
Fuji Neopan 100 Acros;Microphen;stock;400;13;13;20C
Fuji Neopan 100 Acros;Mikratol-2;1+50;100;14;14;20C
Fuji Neopan 100 Acros;Mocon;1+64;100;15;15;20C
Fuji Neopan 100 Acros;Neofin Blue;stock;100;6;6;20C
Fuji Neopan 100 Acros;Neopress HC;1+31;100;3.5;3.5;20C
Fuji Neopan 100 Acros;Neopress HC;1+31;400;4.5;/;20C
Fuji Neopan 100 Acros;Nucleol BF200;4+3;50;6;6;20C
Fuji Neopan 100 Acros;Nucleol BF200;4+3;100;7.5;7.5;20C
Fuji Neopan 100 Acros;Paranol S;1+25;100;6;6;20C
Fuji Neopan 100 Acros;Paranol S;1+50;100;14;14;20C
Fuji Neopan 100 Acros;PC-TEA;1+50;100;10;10;20C
Fuji Neopan 100 Acros;Perceptol;stock;50;12.5;12.5;20C
Fuji Neopan 100 Acros;Perceptol;1+2;100;16;16;24C
Fuji Neopan 100 Acros;Perceptol;1+3;100;22;22;20C
Fuji Neopan 100 Acros;Perceptol;1+1;100;14.5;14.5;20C
Fuji Neopan 100 Acros;Perceptol;stock;100;12.5;12.5;20C
Fuji Neopan 100 Acros;PMK;1+2+100;50;11-17;11-17;20C
Fuji Neopan 100 Acros;PMK;1+2+100;50;6.5;6.5;27C
Fuji Neopan 100 Acros;Pyrocat-HD;1+1+250;50;40;40;20C
Fuji Neopan 100 Acros;Pyrocat-HD;1+1+50;64;7;7;21C
Fuji Neopan 100 Acros;Pyrocat-HD;1+1+100;64;17;17;21C
Fuji Neopan 100 Acros;Pyrocat-HD;1+1+100;100;18;18;20C
Fuji Neopan 100 Acros;Pyrocat-HD;1+1+100;100;19;19;20C
Fuji Neopan 100 Acros;Pyrocat-HD;1+1+90;100;10;10;21C
Fuji Neopan 100 Acros;Rodinal;1+50;50;11;11;20C
Fuji Neopan 100 Acros;Rodinal;1+50;64;10;10;20C
Fuji Neopan 100 Acros;Rodinal;1+50;64;7;7;22C
Fuji Neopan 100 Acros;Rodinal;1+50;80;11.5;11.5;20C
Fuji Neopan 100 Acros;Rodinal;1+100;100;18;18;20C
Fuji Neopan 100 Acros;Rodinal;1+50;100;13.5;13.5;20C
Fuji Neopan 100 Acros;Rodinal;1+50;100;8;8;24C
Fuji Neopan 100 Acros;Rodinal;1+100;100;60;60;20C
Fuji Neopan 100 Acros;Rodinal;1+25;100;6.5;6.5;20C
Fuji Neopan 100 Acros;Rodinal;1+300;100;180;180;20C
Fuji Neopan 100 Acros;Rodinal;1+400;100;240;240;20C
Fuji Neopan 100 Acros;Rodinal;1+25;125;6.75;6.75;20C
Fuji Neopan 100 Acros;Rodinal;1+25;400;7.75;7.75;20C
Fuji Neopan 100 Acros;Rollei D74;1+15;100;7;7;20C
Fuji Neopan 100 Acros;Rollei D74;1+9;100;5;5;20C
Fuji Neopan 100 Acros;Rollei RHS DC;1+15;100;4.5;4.5;21C
Fuji Neopan 100 Acros;Rollei RLC Low Contrast;1+4;40;14;14;24C
Fuji Neopan 100 Acros;Rollei RLS Low Speed;1+4;50;12;12;24C
Fuji Neopan 100 Acros;Rollei RPX-D;1+19;80;7.5;7.5;20C
Fuji Neopan 100 Acros;Rollei RPX-D;1+19;100;8;8;20C
Fuji Neopan 100 Acros;Silberra Ascorol;1+29;100;7;7;20C
Fuji Neopan 100 Acros;Sprint Standard;1+9;100;10;10;20C
Fuji Neopan 100 Acros;Spur 2525;1+15;80;7;7;20C
Fuji Neopan 100 Acros;Spur HRX;1+20;64;11;11;20C
Fuji Neopan 100 Acros;Spur HRX;1+20;100;14;14;18C
Fuji Neopan 100 Acros;Spur SLD;1+19;100;5.5-6;5.5-6;20C
Fuji Neopan 100 Acros;Studional;1+30;100;7;7;20C
Fuji Neopan 100 Acros;Suprol;1+19;100;5;5;20C
Fuji Neopan 100 Acros;Tanol;1+1+100;50;12.5;12.5;20C
Fuji Neopan 100 Acros;TMax Dev;1+4;100;5.5;5.5;20C
Fuji Neopan 100 Acros;TMax Dev;1+4;100;5;5;22C
Fuji Neopan 100 Acros;TMax Dev;1+9;100;10.5;10.5;20C
Fuji Neopan 100 Acros;TMax Dev;1+4;200;8;8;20C
Fuji Neopan 100 Acros;TMax RS;stock;100;5.25;5.25;20C
Fuji Neopan 100 Acros;Ultrafin;1+20;100;3.5;3.5;20C
Fuji Neopan 100 Acros;Ultrafin T-Plus;1+4;100;6.25;6.25;20C
Fuji Neopan 100 Acros;Ultrafine Liquid;1+2;100;8;8;20C
Fuji Neopan 100 Acros;Ultrafine Liquid;1+4;100;10;10;20C
Fuji Neopan 100 Acros;Uncle Mort's;1+9;100;5;5;20C
Fuji Neopan 100 Acros;WD2D+;1+1+50;100;10;10;20C
Fuji Neopan 100 Acros;Xtol;1+1;100;9.5;10;20C
Fuji Neopan 100 Acros;Xtol;1+2;100;13;13;20C
Fuji Neopan 100 Acros;Xtol;1+3;100;14;14;20C
Fuji Neopan 100 Acros;Xtol;stock;100;8;8;20C
Fuji Neopan 100 Acros;Xtol;1+4;100;16;16;20C
Fuji Neopan 100 Acros;Xtol;1+1;200;13;13;20C
Fuji Neopan 100 Acros;Xtol;1+1;400;22;22;20C
Fuji Neopan 100ss;Acufine;stock;200;3.5;3.5;20C
Fuji Neopan 100ss;Acufine;stock;400;5;5;20C
Fuji Neopan 100ss;Beutler;1+1+10;100;9;9;20C
Fuji Neopan 100ss;Caffenol Concoction;stock;100;15;15;20C
Fuji Neopan 100ss;D-76;1+1;100;8.25;9.5;20C
Fuji Neopan 100ss;D-76;1+3;100;9.75;9.75;26C
Fuji Neopan 100ss;D-76;stock;100;6.75;7;20C
Fuji Neopan 100ss;D-76;stock;200;7.25;9.75;20C
Fuji Neopan 100ss;D-76;1+1;200;9;9;20C
Fuji Neopan 100ss;Eco Pro;stock;100;6;6;20C
Fuji Neopan 100ss;Eco Pro;1+1;100;9.5;9.5;20C
Fuji Neopan 100ss;Eco Pro;stock;200;6.5;6.5;20C
Fuji Neopan 100ss;Emofin;stock;100;5+5;5+5;20C
Fuji Neopan 100ss;Fomadon LQN;1+10;100;8;8;20C
Fuji Neopan 100ss;FX-19;stock;100;9;9;20C
Fuji Neopan 100ss;HC-110;B;100;5.5;4.5;20C
Fuji Neopan 100ss;HC-110;B;200;6.25;7;20C
Fuji Neopan 100ss;HC-110;F;400;18;18;18C
Fuji Neopan 100ss;HC-110;B;1600;16;16;20C
Fuji Neopan 100ss;ID-11;1+1;100;7.25;7.25;20C
Fuji Neopan 100ss;ID-11;1+3;100;9.75;9.75;26C
Fuji Neopan 100ss;ID-11;stock;100;5.5;6.25;20C
Fuji Neopan 100ss;ID-11;stock;200;6;6;20C
Fuji Neopan 100ss;ID-11;stock;400;8.5;8.5;20C
Fuji Neopan 100ss;Ilfotec DD-X;1+4;100;5;5;20C
Fuji Neopan 100ss;Ilfotec DD-X;1+4;800;14.5;14.5;24C
Fuji Neopan 100ss;Ilfotec LC29;1+19;100;5;5;20C
Fuji Neopan 100ss;Ilfotec LC29;1+19;200;6;6;20C
Fuji Neopan 100ss;Microdol-X;stock;100;7;7;20C
Fuji Neopan 100ss;Microdol-X;1+1;100;8.5;8.5;20C
Fuji Neopan 100ss;Microphen;1+1;100;10.5;10.5;20C
Fuji Neopan 100ss;PC-TEA;1+50;100;10;10;20C
Fuji Neopan 100ss;Perceptol;stock;100;9;9;20C
Fuji Neopan 100ss;Perceptol;1+3;100;23;23;20C
Fuji Neopan 100ss;Pyrocat-HD;1+1+100;100;18;18;20C
Fuji Neopan 100ss;Rodinal;1+300;100;360;360;20C
Fuji Neopan 100ss;Rodinal;1+25;100;7-10;7-10;20C
Fuji Neopan 100ss;Rodinal;1+50;100;14-16;14-16;20C
Fuji Neopan 100ss;Silberra Ascorol;1+29;100;7;7;20C
Fuji Neopan 100ss;Studional;1+15;50;3.5;3.5;20C
Fuji Neopan 100ss;Studional;1+15;100;4;4;20C
Fuji Neopan 100ss;TMax Dev;1+4;100;5;5;20C
Fuji Neopan 100ss;TMax Dev;1+4;200;5.5;5.5;20C
Fuji Neopan 100ss;TMax Dev;1+4;400;8.5;8.5;20C
Fuji Neopan 100ss;TMax RS;stock;200;5.5;5.5;20C
Fuji Neopan 100ss;TMax RS;stock;400;8;8;20C
Fuji Neopan 100ss;Ultrafin;1+9;80;7;7;20C
Fuji Neopan 100ss;Xtol;stock;100;6;6;20C
Fuji Neopan 100ss;Xtol;1+1;100;9.5;9.5;20C
Fuji Neopan 100ss;Xtol;stock;200;6.5;6.5;20C
Fuji Neopan 400;510-Pyro;1+100;800;10;10;21C
Fuji Neopan 400;777;stock;400;10-13;10-13;24C
Fuji Neopan 400;ACU-1;1+5;400;5.75;5.75;20C
Fuji Neopan 400;ACU-1;1+10;800;12.75;12.75;21C
Fuji Neopan 400;Acufine;stock;400;3.25;3.25;20C
Fuji Neopan 400;Acufine;stock;800;4.5;4.5;20C
Fuji Neopan 400;Acufine;stock;1600;7;7;20C
Fuji Neopan 400;Acurol-N;1+50;200;13;13;20C
Fuji Neopan 400;Amaloco AM74;1+7;400;6;6;20C
Fuji Neopan 400;Amaloco AM74;1+7;800;6.75;6.75;20C
Fuji Neopan 400;Amaloco AM74;1+7;1600;7.5;7.5;20C
Fuji Neopan 400;Arista Liquid;1+9;400;6;6;20C
Fuji Neopan 400;Arista Liquid;1+9;400;5.5;5.5;24C
Fuji Neopan 400;Arista Liquid;1+19;800;11;11;24C
Fuji Neopan 400;Arista Premium;1+9;400;6;6;20C
Fuji Neopan 400;Atomal 49;1+1;400;13;13;20C
Fuji Neopan 400;Bellini Hydrofen;1+15;320;3;3;20C
Fuji Neopan 400;Beutler;1+1+8;320;15;15;20C
Fuji Neopan 400;Caffenol C-M;stock;400;12;12;20C
Fuji Neopan 400;D-23;stock;100;9;9;20C
Fuji Neopan 400;D-76;1+1;200;9;9;22C
Fuji Neopan 400;D-76;stock;250;6.5;6.5;20C
Fuji Neopan 400;D-76;1+1;400;9.5;9.75;20C
Fuji Neopan 400;D-76;1+3;400;15;15;20C
Fuji Neopan 400;D-76;stock;400;7.5;7.5;20C
Fuji Neopan 400;D-76;1+1;800;13;13;20C
Fuji Neopan 400;D-76;stock;800;8.75;9.5;20C
Fuji Neopan 400;D-76;1+1;1600;16.5;16.5;20C
Fuji Neopan 400;D-76;stock;1600;13.5;13.5;20C
Fuji Neopan 400;D-76;1+1;3200;19.5;19.5;20C
Fuji Neopan 400;Diafine;stock;640;3+3;3+3;20C
Fuji Neopan 400;DiXactol Ultra;stock;320;5+5;5+5;24C
Fuji Neopan 400;Eco Pro;1+2;100;11;11;20C
Fuji Neopan 400;Eco Pro;1+1;100;8.25;8.25;20C
Fuji Neopan 400;Eco Pro;stock;100;7.5;7.5;20C
Fuji Neopan 400;Eco Pro;1+3;100;13.5;13.5;20C
Fuji Neopan 400;Eco Pro;1+2;200;11;11;20C
Fuji Neopan 400;Eco Pro;1+1;200;8.25;8.25;20C
Fuji Neopan 400;Eco Pro;stock;200;7.5;7.5;20C
Fuji Neopan 400;Eco Pro;1+3;200;13.5;13.5;20C
Fuji Neopan 400;Eco Pro;1+1;400;9.75;9.75;20C
Fuji Neopan 400;Eco Pro;1+2;400;12.5;12.5;20C
Fuji Neopan 400;Eco Pro;1+3;400;15.75;15.75;20C
Fuji Neopan 400;Eco Pro;stock;400;8.25;8.25;20C
Fuji Neopan 400;Eco Pro;1+1;800;11.5;11.5;20C
Fuji Neopan 400;Eco Pro;1+2;800;14.5;14.5;20C
Fuji Neopan 400;Eco Pro;1+3;800;18.5;18.5;20C
Fuji Neopan 400;Eco Pro;stock;800;9.75;9.75;20C
Fuji Neopan 400;Eco Pro;1+1;1600;13.5;13.5;20C
Fuji Neopan 400;Eco Pro;1+2;1600;17;17;20C
Fuji Neopan 400;Eco Pro;1+3;1600;22.5;22.5;20C
Fuji Neopan 400;Eco Pro;stock;1600;11.5;11.5;20C
Fuji Neopan 400;Eco Pro;1+1;3200;16.5;16.5;20C
Fuji Neopan 400;Eco Pro;1+2;3200;20.5;20.5;20C
Fuji Neopan 400;Eco Pro;1+3;3200;26;26;20C
Fuji Neopan 400;Eco Pro;stock;3200;13.5;13.5;20C
Fuji Neopan 400;Emofin;stock;400;6+6;6+6;20C
Fuji Neopan 400;Extend Plus;1+15;400;9;9;20C
Fuji Neopan 400;F76+;1+9;400;6;6;20C
Fuji Neopan 400;F76+;1+9;400;5.5;5.5;24C
Fuji Neopan 400;F76+;1+19;800;11;11;24C
Fuji Neopan 400;FD10;1+14;400;13;13;20C
Fuji Neopan 400;FD10;1+14;400;17;17;20C
Fuji Neopan 400;FD10;1+9;400;9;9;20C
Fuji Neopan 400;FD10;1+9;400;6;6;20C
Fuji Neopan 400;Finol;1+1+100;320;13.5;13.5;24C
Fuji Neopan 400;Fomadon Excel;stock;400;6.5;6.5;20C
Fuji Neopan 400;Fomadon LQN;1+10;400;9;9;20C
Fuji Neopan 400;Fomadon R09;1+100;400;50;50;20C
Fuji Neopan 400;Fomadon R09;1+25;400;4.5;4.5;20C
Fuji Neopan 400;Fomadon R09;1+50;400;8;8;20C
Fuji Neopan 400;FX-19;stock;100;8;8;20C
Fuji Neopan 400;FX-37;1+3;?;6;6;20C
Fuji Neopan 400;FX-39;1+9;400;10;14;20C
Fuji Neopan 400;FX-55;1+9;400;16.5;16.5;20C
Fuji Neopan 400;HC-110;H;200;7;7;20C
Fuji Neopan 400;HC-110;B;400;5;5;20C
Fuji Neopan 400;HC-110;E;400;8;8;20C
Fuji Neopan 400;HC-110;F;400;19.25;19.25;20C
Fuji Neopan 400;HC-110;B;800;7.25;7.25;20C
Fuji Neopan 400;HC-110;E;1000;12;12;20C
Fuji Neopan 400;HC-110;B;1600;12;12;20C
Fuji Neopan 400;HC-110;B;3200;18;18;20C
Fuji Neopan 400;ID-11;1+1;200;9;9;22C
Fuji Neopan 400;ID-11;stock;250;6.5;6.5;20C
Fuji Neopan 400;ID-11;1+1;400;9.5;9.75;20C
Fuji Neopan 400;ID-11;1+3;400;15;15;20C
Fuji Neopan 400;ID-11;stock;400;7.5;7.5;20C
Fuji Neopan 400;ID-11;1+1;800;13;13;20C
Fuji Neopan 400;ID-11;stock;800;8.75;9.5;20C
Fuji Neopan 400;ID-11;stock;1600;13.5;13.5;20C
Fuji Neopan 400;ID-11;1+1;1600;16.5;16.5;20C
Fuji Neopan 400;ID-11;1+1;3200;19.5;19.5;20C
Fuji Neopan 400;Ilfosol 3;1+9;100;4;4;20C
Fuji Neopan 400;Ilfosol 3;1+14;250;8;8;20C
Fuji Neopan 400;Ilfosol 3;1+14;400;9.5;9.5;20C
Fuji Neopan 400;Ilfosol 3;1+9;400;6.5;6.5;20C
Fuji Neopan 400;Ilfosol 3;1+9;800;9.5;9.5;20C
Fuji Neopan 400;Ilfotec DD;stock;200;6.5;6.5;24C
Fuji Neopan 400;Ilfotec DD;stock;400;7.5;7.5;24C
Fuji Neopan 400;Ilfotec DD;stock;800;8.5;8.5;24C
Fuji Neopan 400;Ilfotec DD;stock;1600;9.5;9.5;24C
Fuji Neopan 400;Ilfotec DD;stock;3200;11;11;24C
Fuji Neopan 400;Ilfotec DD-X;1+4;250;6.25;6.25;20C
Fuji Neopan 400;Ilfotec DD-X;1+4;400;7;7;20C
Fuji Neopan 400;Ilfotec DD-X;1+4;800;10;10;20C
Fuji Neopan 400;Ilfotec DD-X;1+4;1600;13-14;13-14;20C
Fuji Neopan 400;Ilfotec DD-X;1+4;3200;18;18;20C
Fuji Neopan 400;Ilfotec HC;1+31;400;6;6;20C
Fuji Neopan 400;Ilfotec LC29;1+19;400;6;6;20C
Fuji Neopan 400;Ilfotec LC29;1+29;400;8;8;20C
Fuji Neopan 400;Microdol-X;stock;200;8.5;8.5;20C
Fuji Neopan 400;Microdol-X;stock;400;10;10;20C
Fuji Neopan 400;Microphen;1+1;400;7;7;20C
Fuji Neopan 400;Microphen;1+1;400;5;5;24C
Fuji Neopan 400;Microphen;1+3;400;9;9;20C
Fuji Neopan 400;Microphen;stock;400;4.5;4.5;20C
Fuji Neopan 400;Microphen;stock;800;5.75;5.75;20C
Fuji Neopan 400;Microphen;stock;1600;8.5;8.5;20C
Fuji Neopan 400;Microphen;stock;3200;16;16;20C
Fuji Neopan 400;Mocon;1+64;400;14.25;14.25;20C
Fuji Neopan 400;Neofin Blue;stock;400;20;20;20C
Fuji Neopan 400;Neopress HC;1+15;400;3.5;3.5;20C
Fuji Neopan 400;Neopress HC;1+31;400;5.5;5.5;20C
Fuji Neopan 400;Neopress HC;1+15;800;3;3;20C
Fuji Neopan 400;Neopress HC;1+15;1600;4.5;4.5;20C
Fuji Neopan 400;Nucleol BF200;4+3;400;10;10;20C
Fuji Neopan 400;Nucleol BF200;4+3;400;8;8;24C
Fuji Neopan 400;Paranol S;1+25;400;8;8;20C
Fuji Neopan 400;Paranol S;1+50;400;22;22;20C
Fuji Neopan 400;PC-TEA;1+50;400;10;10;20C
Fuji Neopan 400;Perceptol;stock;250;14;14;20C
Fuji Neopan 400;Perceptol;1+1;400;14;14;20C
Fuji Neopan 400;Perceptol;1+3;400;20;20;20C
Fuji Neopan 400;Perceptol;1+3;400;16;16;24C
Fuji Neopan 400;Perceptol;stock;400;10;10;20C
Fuji Neopan 400;Promicrol;1+14;600;19;19;20C
Fuji Neopan 400;Promicrol;1+9;600;12;12;20C
Fuji Neopan 400;Promicrol;1+14;800;19;19;20C
Fuji Neopan 400;Promicrol;1+9;800;12;12;20C
Fuji Neopan 400;Pyrocat-HD;1+1+100;200;13;13;21C
Fuji Neopan 400;Pyrocat-HD;1+1+100;250;14;14;24C
Fuji Neopan 400;Pyrocat-HD;1+1+100;320;13;13;21C
Fuji Neopan 400;Pyrocat-HD;1+1+100;400;15;15;20C
Fuji Neopan 400;Rodinal;1+100;200;15;15;20C
Fuji Neopan 400;Rodinal;1+50;200;8-9;8-9;20C
Fuji Neopan 400;Rodinal;1+100;250;20;20;20C
Fuji Neopan 400;Rodinal;1+100;250;13;13;24C
Fuji Neopan 400;Rodinal;1+25;250;4.5;4.5;20C
Fuji Neopan 400;Rodinal;1+50;250;8-9;8-9;20C
Fuji Neopan 400;Rodinal;1+25;400;6;6;20C
Fuji Neopan 400;Rodinal;1+50;400;11;11;20C
Fuji Neopan 400;Rodinal;1+25;800;7.5;7.5;22C
Fuji Neopan 400;Rodinal;1+25;1600;10;10;20C
Fuji Neopan 400;Rodinal;1+60;1600;90;/;20C
Fuji Neopan 400;Rollei D74;1+15;400;10.5;10.5;20C
Fuji Neopan 400;Rollei D74;1+9;400;7.5;7.5;20C
Fuji Neopan 400;Rollei RLS Low Speed;1+4;200;11;11;24C
Fuji Neopan 400;Silberra Ascorol;1+29;400;7;7;20C
Fuji Neopan 400;Sprint Standard;1+19;400;17;17;20C
Fuji Neopan 400;Sprint Standard;1+9;400;8.5;8.5;20C
Fuji Neopan 400;Spur 2525;1+15;250;7;7;20C
Fuji Neopan 400;Spur SLD;1+9;320;4;4;20C
Fuji Neopan 400;Spur SLD;1+9;400;5.5;5.5;20C
Fuji Neopan 400;Spur SLD;1+9;640;7.5;7.5;20C
Fuji Neopan 400;Studional;1+15;200;4;4;20C
Fuji Neopan 400;Studional;1+15;320;3;3;20C
Fuji Neopan 400;Studional;1+15;400;6;6;20C
Fuji Neopan 400;Studional;1+30;400;10.5;10.5;20C
Fuji Neopan 400;Studional;1+45;400;10;10;24C
Fuji Neopan 400;Suprol;1+19;400;4.75;4.75;20C
Fuji Neopan 400;Tanol;1+1+100;200;14;14;20C
Fuji Neopan 400;Tanol;1+1+100;400;17;17;20C
Fuji Neopan 400;TMax Dev;1+4;400;6;6;20C
Fuji Neopan 400;TMax Dev;1+9;400;15.25;15.25;20C
Fuji Neopan 400;TMax Dev;1+9;640;17;17;20C
Fuji Neopan 400;TMax Dev;1+9;640;11;11;24C
Fuji Neopan 400;TMax Dev;1+4;800;7.25;7.25;20C
Fuji Neopan 400;TMax Dev;1+9;800;19;19;20C
Fuji Neopan 400;TMax Dev;1+4;1600;10;10;20C
Fuji Neopan 400;TMax Dev;1+4;3200;15;15;20C
Fuji Neopan 400;TMax RS;stock;250;5;5;20C
Fuji Neopan 400;TMax RS;stock;400;5.5;5.5;20C
Fuji Neopan 400;TMax RS;stock;800;6.5;7;20C
Fuji Neopan 400;TMax RS;stock;1600;9.5;10;20C
Fuji Neopan 400;Ultrafin;1+10;400;9;9;20C
Fuji Neopan 400;Ultrafin;1+25;400;14;14;20C
Fuji Neopan 400;Ultrafine Liquid;1+2;400;7.5;7.5;20C
Fuji Neopan 400;Ultrafine Liquid;1+4;400;9.5;9.5;20C
Fuji Neopan 400;Uncle Mort's;1+9;400;12;12;20C
Fuji Neopan 400;Xtol;1+2;100;11;11;20C
Fuji Neopan 400;Xtol;1+1;100;8.25;8.25;20C
Fuji Neopan 400;Xtol;stock;100;7.5;7.5;20C
Fuji Neopan 400;Xtol;1+3;100;13.5;13.5;20C
Fuji Neopan 400;Xtol;1+2;200;11;11;20C
Fuji Neopan 400;Xtol;1+1;200;8.25;8.25;20C
Fuji Neopan 400;Xtol;stock;200;7.5;7.5;20C
Fuji Neopan 400;Xtol;1+3;200;13.5;13.5;20C
Fuji Neopan 400;Xtol;1+1;400;9.75;9.75;20C
Fuji Neopan 400;Xtol;1+2;400;12.5;12.5;20C
Fuji Neopan 400;Xtol;1+3;400;15.75;15.75;20C
Fuji Neopan 400;Xtol;stock;400;8.25;8.25;20C
Fuji Neopan 400;Xtol;1+1;800;11.5;11.5;20C
Fuji Neopan 400;Xtol;1+2;800;14.5;14.5;20C
Fuji Neopan 400;Xtol;1+3;800;18.5;18.5;20C
Fuji Neopan 400;Xtol;stock;800;9.75;9.75;20C
Fuji Neopan 400;Xtol;1+1;1600;13.5;13.5;20C
Fuji Neopan 400;Xtol;1+2;1600;17;17;20C
Fuji Neopan 400;Xtol;1+3;1600;22.5;22.5;20C
Fuji Neopan 400;Xtol;stock;1600;11.5;11.5;20C
Fuji Neopan 400;Xtol;1+1;3200;16.5;16.5;20C
Fuji Neopan 400;Xtol;1+2;3200;20.5;20.5;20C
Fuji Neopan 400;Xtol;1+3;3200;26;26;20C
Fuji Neopan 400;Xtol;stock;3200;13.5;13.5;20C
Fuji Neopan 1600;ACU-1;1+5;1600;5.75;/;21C
Fuji Neopan 1600;ACU-1;1+10;2400;14.5;/;21C
Fuji Neopan 1600;Acufine;stock;1600;4;/;21C
Fuji Neopan 1600;Amaloco AM74;1+7;1600;6;/;20C
Fuji Neopan 1600;Amaloco AM74;1+7;3200;7.5;/;20C
Fuji Neopan 1600;Atomal 49;stock;1600;8-10;/;20C
Fuji Neopan 1600;Bellini Hydrofen;1+15;800;3;/;20C
Fuji Neopan 1600;Caffenol C;stock;1600;15;/;21C
Fuji Neopan 1600;Caffenol C-L;stock;1600;60;/;20C
Fuji Neopan 1600;Caffenol C-L;stock;3200;60;/;20C
Fuji Neopan 1600;D-23;stock;100;8;/;20C
Fuji Neopan 1600;D-76;1+1;400;5.5;/;20C
Fuji Neopan 1600;D-76;stock;400;4;/;20C
Fuji Neopan 1600;D-76;1+1;800;7;/;20C
Fuji Neopan 1600;D-76;1+3;800;11.5;/;20C
Fuji Neopan 1600;D-76;stock;800;5;/;20C
Fuji Neopan 1600;D-76;1+1;1600;9;/;20C
Fuji Neopan 1600;D-76;1+3;1600;15.25;/;20C
Fuji Neopan 1600;D-76;stock;1600;7.5;/;20C
Fuji Neopan 1600;D-76;stock;3200;15;/;20C
Fuji Neopan 1600;Diafine;stock;2400;3+3;/;20C
Fuji Neopan 1600;Eco Pro;1+1;200;5.5;/;20C
Fuji Neopan 1600;Eco Pro;1+2;200;7;/;20C
Fuji Neopan 1600;Eco Pro;1+3;200;9.25;/;20C
Fuji Neopan 1600;Eco Pro;stock;200;4;/;20C
Fuji Neopan 1600;Eco Pro;1+1;400;6;/;20C
Fuji Neopan 1600;Eco Pro;1+2;400;7.75;/;20C
Fuji Neopan 1600;Eco Pro;1+3;400;10.25;/;20C
Fuji Neopan 1600;Eco Pro;stock;400;4.5;/;20C
Fuji Neopan 1600;Eco Pro;1+1;800;6.75;/;20C
Fuji Neopan 1600;Eco Pro;1+2;800;8.5;/;20C
Fuji Neopan 1600;Eco Pro;1+3;800;11.5;/;20C
Fuji Neopan 1600;Eco Pro;stock;800;5;/;20C
Fuji Neopan 1600;Eco Pro;2+5;1600;11.5;/;20C
Fuji Neopan 1600;Eco Pro;1+1;1600;7.5;/;20C
Fuji Neopan 1600;Eco Pro;1+2;1600;10;/;20C
Fuji Neopan 1600;Eco Pro;1+3;1600;13;/;20C
Fuji Neopan 1600;Eco Pro;stock;1600;5.75;/;20C
Fuji Neopan 1600;Eco Pro;1+1;3200;8.5;/;20C
Fuji Neopan 1600;Eco Pro;1+2;3200;11.25;/;20C
Fuji Neopan 1600;Eco Pro;1+3;3200;14.75;/;20C
Fuji Neopan 1600;Eco Pro;stock;3200;6.5;/;20C
Fuji Neopan 1600;Eco Pro;1+1;6400;9.75;/;20C
Fuji Neopan 1600;Eco Pro;1+2;6400;13;/;20C
Fuji Neopan 1600;Eco Pro;1+3;6400;16.5;/;20C
Fuji Neopan 1600;Eco Pro;stock;6400;7.25;/;20C
Fuji Neopan 1600;Emofin;stock;1600;3.5+3.5;/;20C
Fuji Neopan 1600;F76+;1+9;1600;8;/;20C
Fuji Neopan 1600;FD10;1+14;1600;14;/;20C
Fuji Neopan 1600;FD10;1+9;1600;8;/;20C
Fuji Neopan 1600;Fomadon R09;1+25;1600;3.5;/;20C
Fuji Neopan 1600;Fomadon R09;1+50;1600;8;/;20C
Fuji Neopan 1600;FX-19;stock;100;7;/;20C
Fuji Neopan 1600;FX-37;1+3;1600;5;/;20C
Fuji Neopan 1600;FX-39;1+9;1600;5.5;/;20C
Fuji Neopan 1600;FX-55;1+9;1600;15.5;/;20C
Fuji Neopan 1600;HC-110;H;200;5;/;20C
Fuji Neopan 1600;HC-110;B;800;4.75;/;20C
Fuji Neopan 1600;HC-110;B;1600;7;/;20C
Fuji Neopan 1600;Hypercat;1+1+100;800;10;/;24C
Fuji Neopan 1600;ID-11;1+1;400;5.5;/;20C
Fuji Neopan 1600;ID-11;stock;400;4;/;20C
Fuji Neopan 1600;ID-11;1+1;800;7;/;20C
Fuji Neopan 1600;ID-11;1+3;800;11.5;/;20C
Fuji Neopan 1600;ID-11;stock;800;5;/;20C
Fuji Neopan 1600;ID-11;1+1;1600;9;/;20C
Fuji Neopan 1600;ID-11;1+3;1600;15.25;/;20C
Fuji Neopan 1600;ID-11;stock;1600;7.5;/;20C
Fuji Neopan 1600;ID-11;stock;3200;15;/;20C
Fuji Neopan 1600;Ilfosol 3;1+14;800;7;/;20C
Fuji Neopan 1600;Ilfosol 3;1+9;800;5;/;20C
Fuji Neopan 1600;Ilfosol 3;1+14;1600;10;/;20C
Fuji Neopan 1600;Ilfosol 3;1+9;1600;7.5;/;20C
Fuji Neopan 1600;Ilfotec DD;stock;400;5;/;24C
Fuji Neopan 1600;Ilfotec DD;stock;800;5.5;/;24C
Fuji Neopan 1600;Ilfotec DD;stock;1600;6;/;24C
Fuji Neopan 1600;Ilfotec DD;stock;3200;7;/;24C
Fuji Neopan 1600;Ilfotec DD;stock;6400;8;/;24C
Fuji Neopan 1600;Ilfotec DD;stock;12500;9;/;24C
Fuji Neopan 1600;Ilfotec DD-X;1+9;320;5.5;/;20C
Fuji Neopan 1600;Ilfotec DD-X;1+4;800;4.5;/;20C
Fuji Neopan 1600;Ilfotec DD-X;1+4;1600;5;/;20C
Fuji Neopan 1600;Ilfotec DD-X;1+4;3200;9;/;20C
Fuji Neopan 1600;Ilfotec HC;1+31;1600;7;/;20C
Fuji Neopan 1600;Ilfotec LC29;1+19;1600;7;/;20C
Fuji Neopan 1600;Ilfotec LC29;1+29;1600;10;/;20C
Fuji Neopan 1600;Microdol-X;stock;400;6.5;/;20C
Fuji Neopan 1600;Microdol-X;stock;800;8.25;/;20C
Fuji Neopan 1600;Microdol-X;stock;1600;10.5;/;20C
Fuji Neopan 1600;Microphen;1+1;320;5.5;/;20C
Fuji Neopan 1600;Microphen;stock;1600;3.25;/;20C
Fuji Neopan 1600;Microphen;stock;3200;5.75;/;20C
Fuji Neopan 1600;Microphen;stock;6400;8.5;/;24C
Fuji Neopan 1600;Moersch eco;2+1+60;800;8.25;/;20C
Fuji Neopan 1600;Neofin Blue;stock;1600;12;/;20C
Fuji Neopan 1600;Neopress HC;1+15;1600;2;/;20C
Fuji Neopan 1600;Neopress HC;1+31;1600;2.5;/;20C
Fuji Neopan 1600;Neopress HC;1+31;1600;3.5;/;20C
Fuji Neopan 1600;Neopress HC;1+15;3200;3;/;20C
Fuji Neopan 1600;Neopress HC;1+15;6400;5;/;20C
Fuji Neopan 1600;Nucleol BF200;8+5;640;5;/;20C
Fuji Neopan 1600;Nucleol BF200;8+5;800;8;/;20C
Fuji Neopan 1600;Nucleol BF200;8+5;1600;9.5;/;24C
Fuji Neopan 1600;Nucleol BF200;8+5;3200;13;/;24C
Fuji Neopan 1600;PMK;1+2+100;1600;12;/;20C
Fuji Neopan 1600;Promicrol;1+14;2400;19;/;20C
Fuji Neopan 1600;Promicrol;1+9;2400;12;/;20C
Fuji Neopan 1600;Promicrol;1+14;3200;19;/;20C
Fuji Neopan 1600;Promicrol;1+9;3200;12;/;20C
Fuji Neopan 1600;Rodinal;1+25;200;3;/;20C
Fuji Neopan 1600;Rodinal;1+100;250;15;/;20C
Fuji Neopan 1600;Rodinal;1+49;320;5;/;20C
Fuji Neopan 1600;Rodinal;1+100;400;20;/;20C
Fuji Neopan 1600;Rodinal;1+25;400;3.5;/;20C
Fuji Neopan 1600;Rodinal;1+25;1600;5;/;20C
Fuji Neopan 1600;Rodinal;1+50;1600;8;/;20C
Fuji Neopan 1600;Rodinal;1+25;3200;7.5;/;20C
Fuji Neopan 1600;Rollei D74;1+15;1600;10.5;/;20C
Fuji Neopan 1600;Rollei D74;1+9;1600;7.5;/;20C
Fuji Neopan 1600;Rollei RLS Low Speed;1+4;800;16;/;24C
Fuji Neopan 1600;Silberra Ascorol;1+29;1600;8;/;20C
Fuji Neopan 1600;Sprint Standard;1+9;1600;11.5;/;20C
Fuji Neopan 1600;Spur 2525;1+15;400;5.5-6;/;20C
Fuji Neopan 1600;Spur SLD;1+7;640;3.5;/;20C
Fuji Neopan 1600;Spur SLD;1+7;800;5;/;20C
Fuji Neopan 1600;Spur SLD;1+7;1000;7;/;20C
Fuji Neopan 1600;Studional;1+15;800;3;/;20C
Fuji Neopan 1600;Suprol;1+19;1600;3.5;/;20C
Fuji Neopan 1600;TMax Dev;1+9;640;6;/;24C
Fuji Neopan 1600;TMax Dev;1+4;1600;4.5;/;20C
Fuji Neopan 1600;TMax Dev;1+4;3200;10;/;20C
Fuji Neopan 1600;TMax RS;stock;400;4;/;20C
Fuji Neopan 1600;TMax RS;stock;1600;5;/;20C
Fuji Neopan 1600;TMax RS;stock;3200;9.5;/;20C
Fuji Neopan 1600;Ultrafin;1+10;1600;5.5;/;20C
Fuji Neopan 1600;Ultrafin;1+20;1600;11;/;20C
Fuji Neopan 1600;Ultrafine Liquid;1+2;1600;7.5;/;20C
Fuji Neopan 1600;Ultrafine Liquid;1+4;1600;9;/;20C
Fuji Neopan 1600;WD2D+;3+2+100;1600;7.25;/;22C
Fuji Neopan 1600;Xtol;1+1;200;5.5;/;20C
Fuji Neopan 1600;Xtol;1+2;200;7;/;20C
Fuji Neopan 1600;Xtol;1+3;200;9.25;/;20C
Fuji Neopan 1600;Xtol;stock;200;4;/;20C
Fuji Neopan 1600;Xtol;1+1;400;6;/;20C
Fuji Neopan 1600;Xtol;1+2;400;7.75;/;20C
Fuji Neopan 1600;Xtol;1+3;400;10.25;/;20C
Fuji Neopan 1600;Xtol;stock;400;4.5;/;20C
Fuji Neopan 1600;Xtol;1+1;800;6.75;/;20C
Fuji Neopan 1600;Xtol;1+2;800;8.5;/;20C
Fuji Neopan 1600;Xtol;1+3;800;11.5;/;20C
Fuji Neopan 1600;Xtol;stock;800;5;/;20C
Fuji Neopan 1600;Xtol;1+1;1600;7.5;/;20C
Fuji Neopan 1600;Xtol;1+2;1600;10;/;20C
Fuji Neopan 1600;Xtol;2+5;1600;11.5;/;20C
Fuji Neopan 1600;Xtol;1+3;1600;13;/;20C
Fuji Neopan 1600;Xtol;stock;1600;5.75;/;20C
Fuji Neopan 1600;Xtol;1+1;3200;8.5;/;20C
Fuji Neopan 1600;Xtol;1+2;3200;11.25;/;20C
Fuji Neopan 1600;Xtol;1+3;3200;14.75;/;20C
Fuji Neopan 1600;Xtol;stock;3200;6.5;/;20C
Fuji Neopan 1600;Xtol;1+1;6400;9.75;/;20C
Fuji Neopan 1600;Xtol;1+2;6400;13;/;20C
Fuji Neopan 1600;Xtol;1+3;6400;16.5;/;20C
Fuji Neopan 1600;Xtol;stock;6400;7.25;/;20C
Holga 400;Acufine;stock;400;6;6;20C
Holga 400;Atomal 49;1+1;400;13;13;20C
Holga 400;Atomal 49;1+2;400;17;17;20C
Holga 400;Atomal 49;stock;400;8-10;8-10;20C
Holga 400;Beutler-Pyro;10+10+978+2;400;12;12;22C
Holga 400;Caffenol C;stock;320;40;40;20C
Holga 400;Caffenol C-M (+i);stock;400;15;15;20C
Holga 400;D-76;1+1;200;8-9;8-9;20C
Holga 400;D-76;stock;400;7-8;7-8;20C
Holga 400;D-76;1+3;400;22-23;22-23;20C
Holga 400;D-76;1+1;400;10-13;10-13;20C
Holga 400;D-76;1+1;800;17;17;20C
Holga 400;D-76;stock;1600;20;20;20C
Holga 400;DS-10;1+1;400;13;13;20C
Holga 400;Eco Pro;1+1;320;12;12;20C
Holga 400;Eco Pro;1+1;400;9.5;12;20C
Holga 400;Eco Pro;stock;400;7;7;20C
Holga 400;F76+;1+9;400;8;8;21C
Holga 400;FD10;1+9;400;10;10;20C
Holga 400;Foma W-17 Hydrofen;stock;1600;10;10;20C
Holga 400;Foma W-17 Hydrofen;stock;3200;12;12;24C
Holga 400;Fomadon Excel;1+1;400;15;15;20C
Holga 400;Fomadon LQN;1+10;400;9-10;9-10;20C
Holga 400;Fomadon LQR;1+10;400;7-8;7-8;20C
Holga 400;Fomadon P;1+3;400;22;22;20C
Holga 400;Fomadon P;stock;400;10-11;10-11;20C
Holga 400;Fomadon R09;1+25;400;6;6;20C
Holga 400;Fomadon R09;1+50;400;12;12;20C
Holga 400;Fomadon R09;1+200;400;60-62;60-62;20C
Holga 400;FX-4;1+3;400;18;18;20C
Holga 400;HC-110;E;240;7.5;7.5;20C
Holga 400;HC-110;B;320;6;6;20C
Holga 400;HC-110;H;400;13;13;20C
Holga 400;HC-110;B;400;7;7;20C
Holga 400;HC-110;B;1600;13;13;20C
Holga 400;ID-11;1+3;400;22-23;22-23;20C
Holga 400;ID-11;stock;400;7-8;7-8;20C
Holga 400;ID-11;1+1;400;12-13;12-13;20C
Holga 400;ID-11;1+1;800;17;17;20C
Holga 400;Ilfosol 3;1+9;400;8.5;8.5;20C
Holga 400;Ilfotec DD-X;1+9;400;12;12;20C
Holga 400;Ilfotec HC;1+31;400;7;7;21C
Holga 400;Ilfotec LC29;1+29;200;7;7;20C
Holga 400;Ilfotec LC29;1+29;400;9;9;20C
Holga 400;Microdol-X;stock;400;15;15;20C
Holga 400;Microdol-X;1+3;400;32;32;20C
Holga 400;Microphen;1+3;400;24-25;24-25;20C
Holga 400;Microphen;stock;400;8-9;8-9;20C
Holga 400;Microphen;1+1;400;12-13;12-13;20C
Holga 400;Microphen;stock;400;13;13;23C
Holga 400;Perceptol;stock;400;9-10;9-10;20C
Holga 400;PMK;1+2+100;400;13;13;20C
Holga 400;Promicrol;1+14;800;15;15;20C
Holga 400;Pyrocat-HD;1+1+100;400;10;10;30C
Holga 400;Pyrocat-HD;1+1+100;400;14;14;22C
Holga 400;Pyrocat-M;1+2+100;400;7;7;30C
Holga 400;Pyrocat-MC;1+1+100;400;16;16;21C
Holga 400;Rodinal;1+50;200;11;11;20C
Holga 400;Rodinal;1+25;400;5.5;5.5;20C
Holga 400;Rodinal;1+50;400;11;11;20C
Holga 400;Rodinal;1+100;400;120;120;20C
Holga 400;Rodinal;1+50;800;19;19;20C
Holga 400;Rodinal;1+50;1600;24;24;20C
Holga 400;Rodinal;1+50;3200;52;52;20C
Holga 400;Rodinal;1+25;3200;25;25;20C
Holga 400;Romek PQ7;1+3;400;12.5;12.5;20C
Holga 400;Romek PQ7;1+3;1600;25;25;20C
Holga 400;Silberra Ascorol;1+29;400;8;8;20C
Holga 400;Sprint Standard;1+9;400;12;12;20C
Holga 400;TMax Dev;1+4;400;7-8;7-8;20C
Holga 400;TMax RS;stock;400;8;8;20C
Holga 400;Ultrafin;1+20;400;15;15;20C
Holga 400;Xtol;1+1;320;12;12;20C
Holga 400;Xtol;stock;400;7;7;20C
Holga 400;Xtol;1+1;400;9.5;12;20C
Ilford Pan F+;510-Pyro;1+100;50;6.5;6.5;21C
Ilford Pan F+;510-Pyro;1+100;50;8;8;20C
Ilford Pan F+;ACU-1;1+10;50;7;7;21C
Ilford Pan F+;ACU-1;1+10;64;6.5;6.5;21C
Ilford Pan F+;Acufine;stock;50;3.5;3.5;20C
Ilford Pan F+;Acufine;stock;80;5;4.5;21C
Ilford Pan F+;Acurol-N;1+70;12;11;11;20C
Ilford Pan F+;Acurol-N;1+100;16;15;15;20C
Ilford Pan F+;Acurol-N;1+100;20;15;15;20C
Ilford Pan F+;Acurol-N;1+100;25;20;20;20C
Ilford Pan F+;Acurol-N;1+100;32;27;27;24C
Ilford Pan F+;Acurol-N;1+100;40;25;25;22C
Ilford Pan F+;Acurol-N;1+100;40;27;27;24C
Ilford Pan F+;Acurol-N;1+100;50;27;27;24C
Ilford Pan F+;Adox HR-DEV;1+49;25;10;10;20C
Ilford Pan F+;ADX II;1+24;25;5;5;20C
Ilford Pan F+;Amaloco AM74;1+7;50;3;3;20C
Ilford Pan F+;Amaloco AM74;1+7;100;3.5;3.5;20C
Ilford Pan F+;Arista Liquid;1+14;50;5.5;5.5;20C
Ilford Pan F+;Atomal 49;stock;50;7.5;7.5;20C
Ilford Pan F+;Bellini Hydrofen;1+15;25;3;3;20C
Ilford Pan F+;D-19;1+1;50;5.5;5.5;20C
Ilford Pan F+;D-23;1+1;50;8.5;8.5;20C
Ilford Pan F+;D-23;1+3;50;15;15;20C
Ilford Pan F+;D-23;stock;50;6.5;6.5;20C
Ilford Pan F+;D-76;1+3;12;9;9;20C
Ilford Pan F+;D-76;1+1;25;6;6;20C
Ilford Pan F+;D-76;1+3;25;12.5;12.5;20C
Ilford Pan F+;D-76;stock;25;4.5;4.5;20C
Ilford Pan F+;D-76;1+1;50;8.5;8.5;20C
Ilford Pan F+;D-76;1+3;50;15;15;20C
Ilford Pan F+;D-76;stock;50;6.5;6.5;20C
Ilford Pan F+;D-76;1+1;100;11;11;21C
Ilford Pan F+;Diafine;stock;80;3+3;3+3;20C
Ilford Pan F+;Diafine;stock;100;3+3;3+3;20C
Ilford Pan F+;DiXactol Ultra;1+7+300;50;10;10;21C
Ilford Pan F+;DK-50;1+1;50;5;5;20C
Ilford Pan F+;DK-50;1+3;50;9;9;20C
Ilford Pan F+;Eco Pro;1+1;25;6.75;6.75;20C
Ilford Pan F+;Eco Pro;1+2;25;8.75;8.75;20C
Ilford Pan F+;Eco Pro;1+3;25;10.5;10.5;20C
Ilford Pan F+;Eco Pro;stock;25;6;6;20C
Ilford Pan F+;Eco Pro;1+1;50;7.75;7.75;20C
Ilford Pan F+;Eco Pro;1+2;50;10;10;20C
Ilford Pan F+;Eco Pro;1+3;50;12;12;20C
Ilford Pan F+;Eco Pro;stock;50;7;7;20C
Ilford Pan F+;Eco Pro;1+1;100;9.5;9.5;20C
Ilford Pan F+;Eco Pro;1+2;100;11.5;11.5;20C
Ilford Pan F+;Eco Pro;1+3;100;13.5;13.5;20C
Ilford Pan F+;Eco Pro;stock;100;8;8;20C
Ilford Pan F+;Eco Pro;1+1;200;11.25;11.25;20C
Ilford Pan F+;Eco Pro;1+2;200;13.25;13.25;20C
Ilford Pan F+;Eco Pro;1+3;200;15.75;15.75;20C
Ilford Pan F+;Eco Pro;stock;200;9;9;20C
Ilford Pan F+;Eco Pro;1+1;400;13;13;20C
Ilford Pan F+;Eco Pro;1+2;400;15.5;15.5;20C
Ilford Pan F+;Eco Pro;1+3;400;18.5;18.5;20C
Ilford Pan F+;Eco Pro;stock;400;10;10;20C
Ilford Pan F+;Emofin;stock;50;4+4;4+4;20C
Ilford Pan F+;F76+;1+14;50;5.5;5.5;20C
Ilford Pan F+;FA-1027;1+14;50;5;5;20C
Ilford Pan F+;FD10;1+14;50;6;6;20C
Ilford Pan F+;FD10;1+9;50;4;4;20C
Ilford Pan F+;Finol;1+1+100;40;8.5;8.5;24C
Ilford Pan F+;Foma W-17 Hydrofen;1+1;50;7.5;7.5;20C
Ilford Pan F+;Fomadon Excel;1+1;50;10.5;10.5;20C
Ilford Pan F+;Fomadon Excel;stock;50;7.5;7.5;20C
Ilford Pan F+;Fomadon R09;1+25;12;1.75;1.75;20C
Ilford Pan F+;Fomadon R09;1+25;50;6;6;20C
Ilford Pan F+;Fomadon R09;1+50;50;12;12;20C
Ilford Pan F+;FX-19;stock;100;7;7;20C
Ilford Pan F+;FX-37;1+3;80;4;4;20C
Ilford Pan F+;FX-39;1+9;50;4.5;6.5;20C
Ilford Pan F+;FX-55;1+9;50;7;7;20C
Ilford Pan F+;GSD-10;1+5;50;6.5;6.5;21C
Ilford Pan F+;GSD-10;1+10;200;60;60;21C
Ilford Pan F+;HC-110;B;50;4;4;20C
Ilford Pan F+;HC-110;E;50;5.5;5.5;20C
Ilford Pan F+;HC-110;F;50;9.5;9.5;20C
Ilford Pan F+;HC-110;F;100;11.5;11.5;20C
Ilford Pan F+;Hypercat;2+3+400;50;15;15;21C
Ilford Pan F+;Hypercat;1+3+200;50;9.75;9.75;21C
Ilford Pan F+;Hypercat;2+3+500;50;15;15;21C
Ilford Pan F+;ID-11;1+3;12;9;9;20C
Ilford Pan F+;ID-11;1+1;25;6;6;20C
Ilford Pan F+;ID-11;1+3;25;12.5;12.5;20C
Ilford Pan F+;ID-11;stock;25;4.5;4.5;20C
Ilford Pan F+;ID-11;1+3;50;15;15;20C
Ilford Pan F+;ID-11;1+1;50;8.5;8.5;20C
Ilford Pan F+;ID-11;stock;50;6.5;6.5;20C
Ilford Pan F+;ID-11;1+1;100;11;11;21C
Ilford Pan F+;Ilfosol 3;1+14;50;4.5;4.5;20C
Ilford Pan F+;Ilfotec DD;stock;25;4.5;4.5;24C
Ilford Pan F+;Ilfotec DD;stock;50;10;10;20C
Ilford Pan F+;Ilfotec DD;stock;50;5.5;5.5;24C
Ilford Pan F+;Ilfotec DD-X;1+4;25;7;7;20C
Ilford Pan F+;Ilfotec DD-X;1+4;50;8;8;20C
Ilford Pan F+;Ilfotec DD-X;1+4;50;5;5;24C
Ilford Pan F+;Ilfotec DD-X;1+4;100;9;9;20C
Ilford Pan F+;Ilfotec DD-X;1+4;100;6;6;24C
Ilford Pan F+;Ilfotec HC;1+31;50;4;4;20C
Ilford Pan F+;Ilfotec HC;1+47;50;5.5;5.5;20C
Ilford Pan F+;Ilfotec LC29;1+19;50;4;4;20C
Ilford Pan F+;Ilfotec LC29;1+29;50;5.5;5.5;20C
Ilford Pan F+;Microdol-X;1+3;25;15;15;20C
Ilford Pan F+;Microdol-X;stock;25;12;12;20C
Ilford Pan F+;Microdol-X;1+3;50;18;18;20C
Ilford Pan F+;Microdol-X;stock;50;15;15;20C
Ilford Pan F+;Microphen;1+1;25;6;6;20C
Ilford Pan F+;Microphen;1+3;25;11;11;20C
Ilford Pan F+;Microphen;stock;25;4.5;4.5;20C
Ilford Pan F+;Microphen;1+1;50;6;6;20C
Ilford Pan F+;Microphen;1+3;50;11;11;20C
Ilford Pan F+;Microphen;stock;50;4.5;4.5;20C
Ilford Pan F+;Microphen;stock;100;8;8;20C
Ilford Pan F+;Microphen;stock;200;12;12;20C
Ilford Pan F+;Mocon;1+64;50;12.25;12.25;20C
Ilford Pan F+;Moersch eco;2+1+70;32;9.5;9.5;20C
Ilford Pan F+;Neofin Blue;stock;50;4.5;4.5;20C
Ilford Pan F+;Neopress HC;1+15;50;2.5;2.5;20C
Ilford Pan F+;Neopress HC;1+31;50;3.5;3.5;20C
Ilford Pan F+;Neopress HC;1+31;50;4.5;4.5;20C
Ilford Pan F+;Nucleol BF200;4+3;50;5;5;20C
Ilford Pan F+;Paranol S;1+25;50;17;17;20C
Ilford Pan F+;Paranol S;1+50;50;36;36;20C
Ilford Pan F+;Perceptol;1+1;25;10.5;10.5;20C
Ilford Pan F+;Perceptol;1+2;25;16;16;20C
Ilford Pan F+;Perceptol;1+3;25;15;15;20C
Ilford Pan F+;Perceptol;stock;25;9;9;20C
Ilford Pan F+;Perceptol;1+2;32;13.5;13.5;20C
Ilford Pan F+;Perceptol;1+3;32;17;17;20C
Ilford Pan F+;Perceptol;1+1;50;15;15;20C
Ilford Pan F+;Perceptol;1+3;50;17;17;20C
Ilford Pan F+;Perceptol;stock;50;14;14;20C
Ilford Pan F+;PMK;1+2+100;50;7.5;7.5;20C
Ilford Pan F+;Promicrol;1+14;75;7;7;20C
Ilford Pan F+;Promicrol;1+9;75;5;5;20C
Ilford Pan F+;Promicrol;1+14;100;7;7;20C
Ilford Pan F+;Promicrol;1+9;100;5;5;20C
Ilford Pan F+;Pyrocat-M;1+1+100;50;15;15;20C
Ilford Pan F+;Rodinal;1+100;25;15;15;20C
Ilford Pan F+;Rodinal;1+50;25;8;8;21C
Ilford Pan F+;Rodinal;1+24;40;5;5;20C
Ilford Pan F+;Rodinal;1+100;50;60;60;20C
Ilford Pan F+;Rodinal;1+19;50;5;5;20C
Ilford Pan F+;Rodinal;1+25;50;6;6;20C
Ilford Pan F+;Rodinal;1+50;50;11;11;20C
Ilford Pan F+;Rodinal;1+80;50;17;17;20C
Ilford Pan F+;Rodinal;1+50;64;12;12;20C
Ilford Pan F+;Rodinal;1+50;80;13.5;13.5;20C
Ilford Pan F+;Rodinal;1+25;100;12;12;20C
Ilford Pan F+;Rodinal;1+150;100;60;60;20C
Ilford Pan F+;Rollei D74;1+15;50;5.5;5.5;20C
Ilford Pan F+;Rollei RLS Low Speed;1+4;25;12;12;24C
Ilford Pan F+;Silberra Ascorol;1+29;50;7;7;20C
Ilford Pan F+;Sprint Standard;1+9;50;8.5;8.5;20C
Ilford Pan F+;Spur 2525;1+15;32;4.5;4.5;20C
Ilford Pan F+;Spur HRX;1+19;32;3;3;20C
Ilford Pan F+;Spur HRX;1+20;32;8.5;8.5;20C
Ilford Pan F+;Spur SLD;1+24;50;3.5-4;3.5-4;20C
Ilford Pan F+;Studional;1+15;50;3;3;20C
Ilford Pan F+;Suprol;1+19;50;2.25;2.25;20C
Ilford Pan F+;Tanol;1+1+100;100;11;11;22C
Ilford Pan F+;TMax Dev;1+4;50;4;4;20C
Ilford Pan F+;TMax Dev;1+9;80;6;6;24C
Ilford Pan F+;TMax Dev;1+4;125;7;7;20C
Ilford Pan F+;TMax RS;stock;50;4;4;20C
Ilford Pan F+;Ultrafin;1+10;50;3;3;20C
Ilford Pan F+;Ultrafin;1+20;50;5.5;5.5;20C
Ilford Pan F+;Ultrafin;1+30;50;9;9;20C
Ilford Pan F+;Ultrafin T-Plus;1+4;50;11.25;11.25;20C
Ilford Pan F+;Ultrafine Endurance;1+9;50;4.25;4.25;20C
Ilford Pan F+;Ultrafine Liquid;1+2;50;6.5;6.5;20C
Ilford Pan F+;Ultrafine Liquid;1+4;50;10.5;10.5;20C
Ilford Pan F+;Ultrafine Powder;1+1;50;10.5;10.5;20C
Ilford Pan F+;Uncle Mort's;1+9;50;5;5;20C
Ilford Pan F+;WD2D+;stock;50;7;7;20C
Ilford Pan F+;Windisch;stock;50;6.75;6.75;20C
Ilford Pan F+;Xtol;1+1;25;6.75;6.75;20C
Ilford Pan F+;Xtol;1+2;25;8.75;8.75;20C
Ilford Pan F+;Xtol;1+3;25;10.5;10.5;20C
Ilford Pan F+;Xtol;stock;25;6;6;20C
Ilford Pan F+;Xtol;1+1;50;7.75;7.75;20C
Ilford Pan F+;Xtol;1+2;50;10;10;20C
Ilford Pan F+;Xtol;1+3;50;12;12;20C
Ilford Pan F+;Xtol;stock;50;7;7;20C
Ilford Pan F+;Xtol;1+1;100;9.5;9.5;20C
Ilford Pan F+;Xtol;1+2;100;11.5;11.5;20C
Ilford Pan F+;Xtol;1+3;100;13.5;13.5;20C
Ilford Pan F+;Xtol;stock;100;8;8;20C
Ilford Pan F+;Xtol;1+1;200;11.25;11.25;20C
Ilford Pan F+;Xtol;1+2;200;13.25;13.25;20C
Ilford Pan F+;Xtol;1+3;200;15.75;15.75;20C
Ilford Pan F+;Xtol;stock;200;9;9;20C
Ilford Pan F+;Xtol;1+1;400;13;13;20C
Ilford Pan F+;Xtol;1+2;400;15.5;15.5;20C
Ilford Pan F+;Xtol;1+3;400;18.5;18.5;20C
Ilford Pan F+;Xtol;stock;400;10;10;20C
Ilford FP4+;123-Pyro;1+100;100;9;9;20C
Ilford FP4+;510-Pyro;1+200;64;7;7;20C
Ilford FP4+;510-Pyro;1+100;125;7;7;21C
Ilford FP4+;510-Pyro;1+500;125;50;50;21C
Ilford FP4+;777;stock;100;10-14;10-14;24C
Ilford FP4+;ACU-1;1+10;100;9;9;21C
Ilford FP4+;ACU-1;1+10;200;11;11;21C
Ilford FP4+;Acufine;stock;125;4;4;20C
Ilford FP4+;Acufine;stock;200;6;6;20C
Ilford FP4+;Acufine;stock;200;5.5;5.5;21C
Ilford FP4+;Acufine;stock;320;5;5;21C
Ilford FP4+;Acurol-N;1+70;50;10.5;10.5;20C
Ilford FP4+;Acurol-N;1+100;80;20.5;20.5;24C
Ilford FP4+;Acurol-N;1+100;100;20.5;20.5;24C
Ilford FP4+;Adox HR-DEV;1+35;200;9;9;20C
Ilford FP4+;ADX II;1+24;100;6.5;6.5;20C
Ilford FP4+;Amaloco AM74;1+15;125;4.75;4.75;20C
Ilford FP4+;Amaloco AM74;1+7;125;3;3;20C
Ilford FP4+;Amaloco AM74;1+7;200;4;4;20C
Ilford FP4+;Amaloco AM74;1+7;400;5;5;20C
Ilford FP4+;Arista Liquid;1+9;125;5.5;5.5;20C
Ilford FP4+;Arista Liquid;1+9;125;5;5;24C
Ilford FP4+;Arista Liquid;1+19;250;9;9;24C
Ilford FP4+;Arista Premium;1+9;125;5.5;5.5;20C
Ilford FP4+;Ars-Imago FD;1+39;125;5;5;20C
Ilford FP4+;Ars-Imago FD;1+39;250;6.5;6.5;20C
Ilford FP4+;Ars-Imago FD;1+39;400;8;8;20C
Ilford FP4+;Atomal 49;1+1;125;11;11;20C
Ilford FP4+;Atomal 49;stock;125;8;8;20C
Ilford FP4+;Bellini Hydrofen;1+15;100;3.5;3.5;20C
Ilford FP4+;Bellini Hydrofen;1+39;125;5;5;20C
Ilford FP4+;Bellini Hydrofen;1+39;250;6.5;6.5;20C
Ilford FP4+;Bellini Hydrofen;1+39;400;8;8;20C
Ilford FP4+;Berspeed;1+1;125;10;10;20C
Ilford FP4+;Berspeed;1+1;125;7.5;7.5;24C
Ilford FP4+;Beutler;1+1+8;125;6.75;6.75;20C
Ilford FP4+;Caffenol C;stock;125;12;12;20C
Ilford FP4+;D-23;1+1;100;8;8;20C
Ilford FP4+;D-23;1+3;100;13;13;20C
Ilford FP4+;D-23;stock;100;6;6;20C
Ilford FP4+;D-23;stock;125;12;12;20C
Ilford FP4+;D-76;1+1;50;8;8;20C
Ilford FP4+;D-76;1+3;50;17;17;20C
Ilford FP4+;D-76;stock;50;6.5;6.5;20C
Ilford FP4+;D-76;1+1;80;9.5;9.5;21C
Ilford FP4+;D-76;1+1;125;11;11;20C
Ilford FP4+;D-76;1+3;125;20;20;20C
Ilford FP4+;D-76;1+5;125;23;23;20C
Ilford FP4+;D-76;stock;125;8.5;8.5;20C
Ilford FP4+;D-76;1+1;200;15;15;20C
Ilford FP4+;D-76;stock;200;10;10;20C
Ilford FP4+;D-76;stock;400;12;12;20C
Ilford FP4+;D-76;1+1;400;18;18;20C
Ilford FP4+;D-96;stock;125;8;8;20C
Ilford FP4+;Diafine;stock;200;3+3;3+3;20C
Ilford FP4+;Diafine;stock;250;3+3;3+3;20C
Ilford FP4+;DK-50;1+1;125;5;5.5;20C
Ilford FP4+;DK-50;1+3;125;8;9;20C
Ilford FP4+;DK-50;stock;125;4;4;20C
Ilford FP4+;Eco Pro;1+1;32;8.5;8.5;20C
Ilford FP4+;Eco Pro;1+2;32;10;10;20C
Ilford FP4+;Eco Pro;1+3;32;12.5;12.5;20C
Ilford FP4+;Eco Pro;stock;32;6.5;6.5;20C
Ilford FP4+;Eco Pro;1+1;64;8.5;8.5;20C
Ilford FP4+;Eco Pro;1+2;64;10;10;20C
Ilford FP4+;Eco Pro;1+3;64;12.5;12.5;20C
Ilford FP4+;Eco Pro;stock;64;6.5;6.5;20C
Ilford FP4+;Eco Pro;1+1;125;10;10;20C
Ilford FP4+;Eco Pro;1+2;125;11.5;11.5;20C
Ilford FP4+;Eco Pro;1+3;125;14.75;14.75;20C
Ilford FP4+;Eco Pro;stock;125;8;8;20C
Ilford FP4+;Eco Pro;1+1;250;12;12;20C
Ilford FP4+;Eco Pro;1+2;250;13.75;13.75;20C
Ilford FP4+;Eco Pro;1+3;250;17;17;20C
Ilford FP4+;Eco Pro;stock;250;9;9;20C
Ilford FP4+;Eco Pro;1+1;500;14.5;14.5;20C
Ilford FP4+;Eco Pro;1+2;500;17.25;17.25;20C
Ilford FP4+;Eco Pro;1+3;500;20;20;20C
Ilford FP4+;Eco Pro;stock;500;11;11;20C
Ilford FP4+;Eco Pro;1+1;1000;17.5;17.5;20C
Ilford FP4+;Eco Pro;1+2;1000;21;21;20C
Ilford FP4+;Eco Pro;1+3;1000;23.5;23.5;20C
Ilford FP4+;Eco Pro;stock;1000;14;14;20C
Ilford FP4+;Emofin;stock;125;6+6;6+6;20C
Ilford FP4+;Extend Plus;1+15;125;8;8;20C
Ilford FP4+;F76+;1+9;125;5.5;5.5;20C
Ilford FP4+;F76+;1+9;125;5;5;24C
Ilford FP4+;F76+;1+19;250;9;9;24C
Ilford FP4+;FA-1027;1+19;100;9.5;9.5;20C
Ilford FP4+;FA-1027;1+14;125;9;9;20C
Ilford FP4+;FA-1027;1+14;125;4.5;4.5;24C
Ilford FP4+;FA-1027;1+9;125;6.5;6.5;20C
Ilford FP4+;FD10;1+14;125;9;9;20C
Ilford FP4+;FD10;1+9;125;6;6;20C
Ilford FP4+;Finol;1+1+100;125;11;11;24C
Ilford FP4+;Fomadon Excel;stock;125;10;10;20C
Ilford FP4+;Fomadon LQN;1+14;125;11;11;20C
Ilford FP4+;Fomadon LQR;1+10;125;5;5;20C
Ilford FP4+;Fomadon P;stock;125;10;10;20C
Ilford FP4+;Fomadon R09;1+25;125;8;8;20C
Ilford FP4+;Fomadon R09;1+50;125;18;18;20C
Ilford FP4+;FX-19;stock;100;9;9;20C
Ilford FP4+;FX-2;1+1+8;64;9;9;20C
Ilford FP4+;FX-37;1+3;160;4.5;4.5;20C
Ilford FP4+;FX-37;1+9;200;10.5;10.5;20C
Ilford FP4+;FX-39;1+16;125;16.5;16.5;21C
Ilford FP4+;FX-39;1+50;125;25;25;22C
Ilford FP4+;FX-39;1+9;125;5.5;8.5;20C
Ilford FP4+;FX-39;1+14;250;11.5;11.5;20C
Ilford FP4+;FX-55;1+9;125;8.5;8.5;20C
Ilford FP4+;GSD-10;1+10;160;24;24;21C
Ilford FP4+;HC-110;B;50;6;6;20C
Ilford FP4+;HC-110;G;65;14;14;20C
Ilford FP4+;HC-110;G;80;14;14;20C
Ilford FP4+;HC-110;H;100;10.5;10.5;21C
Ilford FP4+;HC-110;A;125;4.5;4.5;20C
Ilford FP4+;HC-110;B;125;7-9;7-9;20C
Ilford FP4+;HC-110;E;125;12;12;18C
Ilford FP4+;HC-110;G;125;60;60;20C
Ilford FP4+;HC-110;G;125;18;18;20C
Ilford FP4+;HC-110;A;200;6;6;20C
Ilford FP4+;HC-110;B;200;12;12;20C
Ilford FP4+;HC-110;B;400;16-18;16-18;20C
Ilford FP4+;HC-110;E;500;25;25;24C
Ilford FP4+;HC-110;B;800;24;24;20C
Ilford FP4+;ID-11;1+1;50;8;8;20C
Ilford FP4+;ID-11;1+3;50;17;17;20C
Ilford FP4+;ID-11;stock;50;6.5;6.5;20C
Ilford FP4+;ID-11;1+1;80;9.5;9.5;21C
Ilford FP4+;ID-11;1+1;125;11;11;20C
Ilford FP4+;ID-11;1+3;125;20;20;20C
Ilford FP4+;ID-11;1+3;125;18;18;24C
Ilford FP4+;ID-11;stock;125;8.5;8.5;20C
Ilford FP4+;ID-11;1+1;200;15;15;20C
Ilford FP4+;ID-11;stock;200;10;10;20C
Ilford FP4+;ID-11;stock;400;12;12;20C
Ilford FP4+;ID-11;1+1;400;18;18;20C
Ilford FP4+;Ilfosol 3;1+14;100;7;7;20C
Ilford FP4+;Ilfosol 3;1+9;100;4;4;20C
Ilford FP4+;Ilfosol 3;1+14;125;7.5;7.5;20C
Ilford FP4+;Ilfosol 3;1+14;125;5;5;24C
Ilford FP4+;Ilfosol 3;1+9;125;4;4;24C
Ilford FP4+;Ilfosol 3;1+14;400;9.5;9.5;24C
Ilford FP4+;Ilfotec DD;stock;50;7;7;24C
Ilford FP4+;Ilfotec DD;stock;125;13;13;20C
Ilford FP4+;Ilfotec DD;stock;125;8.5;8.5;24C
Ilford FP4+;Ilfotec DD;stock;200;11.5;11.5;24C
Ilford FP4+;Ilfotec DD-X;1+4;50;8;8;20C
Ilford FP4+;Ilfotec DD-X;1+4;50;6;6;24C
Ilford FP4+;Ilfotec DD-X;1+4;125;10;10;20C
Ilford FP4+;Ilfotec DD-X;1+4;125;8;8;24C
Ilford FP4+;Ilfotec DD-X;1+4;200;12;12;20C
Ilford FP4+;Ilfotec DD-X;1+4;200;10;10;24C
Ilford FP4+;Ilfotec DD-X;1+4;400;18;18;20C
Ilford FP4+;Ilfotec HC;1+31;50;6;6;20C
Ilford FP4+;Ilfotec HC;1+47;50;8;8;20C
Ilford FP4+;Ilfotec HC;1+31;125;8;8;20C
Ilford FP4+;Ilfotec HC;1+47;125;12;12;20C
Ilford FP4+;Ilfotec HC;1+15;200;5;5;20C
Ilford FP4+;Ilfotec HC;1+31;200;9;9;20C
Ilford FP4+;Ilfotec LC29;1+19;50;6;6;20C
Ilford FP4+;Ilfotec LC29;1+29;50;8;8;20C
Ilford FP4+;Ilfotec LC29;1+19;125;8;8;20C
Ilford FP4+;Ilfotec LC29;1+29;125;12;12;20C
Ilford FP4+;Ilfotec LC29;1+19;200;9;9;20C
Ilford FP4+;Ilfotec LC29;1+9;200;5;5;20C
Ilford FP4+;Ilfotec LC29;1+29;6400;120;120;24C
Ilford FP4+;Melonal;stock;125;10;10;22C
Ilford FP4+;Microdol-X;1+3;25;11;11;20C
Ilford FP4+;Microdol-X;1+3;50;17;17;20C
Ilford FP4+;Microdol-X;stock;50;10;10;20C
Ilford FP4+;Microdol-X;1+3;125;23;23;20C
Ilford FP4+;Microdol-X;stock;125;15;15;20C
Ilford FP4+;Microphen;1+1;125;10;10;20C
Ilford FP4+;Microphen;1+3;125;14;14;20C
Ilford FP4+;Microphen;stock;125;8;8;20C
Ilford FP4+;Microphen;1+1;200;14;14;20C
Ilford FP4+;Microphen;1+3;200;18;18;20C
Ilford FP4+;Microphen;stock;200;9;9;20C
Ilford FP4+;Microphen;stock;400;15.5;15.5;20C
Ilford FP4+;Microphen;stock;800;20;20;20C
Ilford FP4+;Mikratol-2;1+50;125;11;11;20C
Ilford FP4+;Mikratol-2;1+100;125;25;25;20C
Ilford FP4+;Mikratol-2;1+50;250;11;11;20C
Ilford FP4+;Mocon;1+64;125;16;16;20C
Ilford FP4+;Neofin Blue;stock;125;4;4;20C
Ilford FP4+;Neofin Blue;1+5;125;8;8;20C
Ilford FP4+;Neofin Blue;stock;200;9;9;20C
Ilford FP4+;Neopress HC;1+15;125;2.5;2.5;20C
Ilford FP4+;Neopress HC;1+15;125;4.5;4.5;20C
Ilford FP4+;Neopress HC;1+31;125;7;7;20C
Ilford FP4+;Neopress HC;1+31;125;3;3;20C
Ilford FP4+;Neopress HC;1+15;400;2.5;2.5;20C
Ilford FP4+;Nucleol BF200;4+3;125;7;7;20C
Ilford FP4+;Nucleol BF200;4+3;250;11;11;20C
Ilford FP4+;Nucleol BF200;7+4;400;12;12;20C
Ilford FP4+;Paranol S;1+25;125;11;11;20C
Ilford FP4+;Paranol S;1+50;125;30;30;20C
Ilford FP4+;PC-TEA;1+50;125;13;13;20C
Ilford FP4+;Perceptol;1+1;50;13;13;20C
Ilford FP4+;Perceptol;1+3;50;17;17;20C
Ilford FP4+;Perceptol;stock;50;9;9;20C
Ilford FP4+;Perceptol;1+2;80;12.5;12.5;24C
Ilford FP4+;Perceptol;1+1;125;15;15;20C
Ilford FP4+;Perceptol;1+3;125;21;21;20C
Ilford FP4+;Perceptol;stock;125;12;12;20C
Ilford FP4+;Perceptol;stock;400;17;17;20C
Ilford FP4+;PMK;1+2+100;125;10;10;20C
Ilford FP4+;PQ Universal;1+19;64;4;4;20C
Ilford FP4+;Promicrol;1+14;185;9;9;20C
Ilford FP4+;Promicrol;1+9;185;6;6;20C
Ilford FP4+;Promicrol;1+14;250;9;9;20C
Ilford FP4+;Promicrol;1+9;250;6;6;20C
Ilford FP4+;Pyrocat-HD;1+1+100;64;8;8;20C
Ilford FP4+;Pyrocat-HD;2+2+100;100;6;6;22C
Ilford FP4+;Pyrocat-HD;1+1+100;100;18;18;20C
Ilford FP4+;Pyrocat-HD;1+1+100;125;20;20;20C
Ilford FP4+;Pyrocat-HD;3+3+200;125;11.5;11.5;21C
Ilford FP4+;Rodinal;1+25;25;4;4;20C
Ilford FP4+;Rodinal;1+100;50;19;19;20C
Ilford FP4+;Rodinal;1+100;64;21;21;20C
Ilford FP4+;Rodinal;1+24;80;7.5;7.5;20C
Ilford FP4+;Rodinal;1+50;100;12;12;20C
Ilford FP4+;Rodinal;1+100;125;20;20;20C
Ilford FP4+;Rodinal;1+25;125;9;9;20C
Ilford FP4+;Rodinal;1+50;125;15;15;20C
Ilford FP4+;Rodinal;1+25;200;13;13;20C
Ilford FP4+;Rodinal;1+50;200;20;20;20C
Ilford FP4+;Rodinal;1+100;200;42;42;20C
Ilford FP4+;Rodinal;1+50;250;26;26;20C
Ilford FP4+;Rodinal;1+24;400;20;20;20C
Ilford FP4+;Rollei D74;1+15;125;5.5;5.5;20C
Ilford FP4+;Rollei RLS Low Speed;1+4;50;10;10;24C
Ilford FP4+;Rollo Pyro;1+2+100;64;7;7;24C
Ilford FP4+;Rollo Pyro;1+2+100;100;5;5;24C
Ilford FP4+;Silberra Ascorol;1+29;125;9;9;20C
Ilford FP4+;Silvermax;1+24;125;8;8;20C
Ilford FP4+;Sprint Standard;1+9;125;8.5;8.5;20C
Ilford FP4+;Spur 2525;1+15;100;5.5-6;5.5-6;20C
Ilford FP4+;Spur HRX;1+19;80;3.5-4;3.5-4;20C
Ilford FP4+;Spur HRX;1+20;100;9.5;9.5;20C
Ilford FP4+;Spur SLD;1+9;125;3.5;3.5;20C
Ilford FP4+;Spur SLD;1+9;160;3.5;3.5;20C
Ilford FP4+;Studional;1+15;100;3.5;3.5;20C
Ilford FP4+;Suprol;1+19;125;2.75;2.75;20C
Ilford FP4+;Tanol;1+1+100;80;13.5;13.5;22C
Ilford FP4+;Tanol;1+1+100;100;13.5;13.5;22C
Ilford FP4+;Tanol;1+1+100;125;13;13;20C
Ilford FP4+;TMax Dev;1+4;100;4.5;4.5;20C
Ilford FP4+;TMax Dev;1+4;100;6;6;20C
Ilford FP4+;TMax Dev;1+4;125;5.5;5.5;20C
Ilford FP4+;TMax Dev;1+4;125;8;8;20C
Ilford FP4+;TMax Dev;1+9;160;11;11;24C
Ilford FP4+;TMax Dev;1+4;200;9;9;20C
Ilford FP4+;TMax Dev;1+4;320;12;12;20C
Ilford FP4+;TMax Dev;1+4;400;14;14;20C
Ilford FP4+;TMax RS;stock;125;5;7.5;24C
Ilford FP4+;Ultrafin;1+10;125;7-8;7-8;20C
Ilford FP4+;Ultrafin;1+20;125;11;11;20C
Ilford FP4+;Ultrafin;1+10;200;9;9;20C
Ilford FP4+;Ultrafin;1+20;200;14;14;20C
Ilford FP4+;Ultrafin T-Plus;1+4;125;9.25;9.25;20C
Ilford FP4+;Ultrafine Endurance;1+9;125;4.25;4.25;20C
Ilford FP4+;Ultrafine Liquid;1+2;125;5.5;8;20C
Ilford FP4+;Ultrafine Liquid;1+4;125;8.5;11;20C
Ilford FP4+;Ultrafine Powder;1+1;125;11;11;20C
Ilford FP4+;Uncle Mort's;1+9;125;6;6;20C
Ilford FP4+;Uncle Mort's;1+9;125;4;4;24C
Ilford FP4+;WD2D+;stock;100;8;8;20C
Ilford FP4+;Xtol;1+1;32;8.5;8.5;20C
Ilford FP4+;Xtol;1+2;32;10;10;20C
Ilford FP4+;Xtol;1+3;32;12.5;12.5;20C
Ilford FP4+;Xtol;stock;32;6.5;6.5;20C
Ilford FP4+;Xtol;1+1;64;8.5;8.5;20C
Ilford FP4+;Xtol;1+2;64;10;10;20C
Ilford FP4+;Xtol;1+3;64;12.5;12.5;20C
Ilford FP4+;Xtol;stock;64;6.5;6.5;20C
Ilford FP4+;Xtol;1+1;125;10;10;20C
Ilford FP4+;Xtol;1+2;125;11.5;11.5;20C
Ilford FP4+;Xtol;1+3;125;14.75;14.75;20C
Ilford FP4+;Xtol;stock;125;8;8;20C
Ilford FP4+;Xtol;1+1;250;12;12;20C
Ilford FP4+;Xtol;1+2;250;13.75;13.75;20C
Ilford FP4+;Xtol;1+3;250;17;17;20C
Ilford FP4+;Xtol;stock;250;9;9;20C
Ilford FP4+;Xtol;1+1;500;14.5;14.5;20C
Ilford FP4+;Xtol;1+2;500;17.25;17.25;20C
Ilford FP4+;Xtol;1+3;500;20;20;20C
Ilford FP4+;Xtol;stock;500;11;11;20C
Ilford FP4+;Xtol;1+1;1000;17.5;17.5;20C
Ilford FP4+;Xtol;1+2;1000;21;21;20C
Ilford FP4+;Xtol;1+3;1000;23.5;23.5;20C
Ilford FP4+;Xtol;stock;1000;14;14;20C
Ilford HP5+;510-Pyro;1+100;400;6.5;6.5;21C
Ilford HP5+;777;stock;400;11-15;11-15;24C
Ilford HP5+;ACU-1;1+5;400;10.5;10.5;21C
Ilford HP5+;ACU-1;1+10;800;10;10;21C
Ilford HP5+;ACU-1;1+5;800;10.5;10.5;21C
Ilford HP5+;Acufine;stock;400;4.5;4.5;20C
Ilford HP5+;Acufine;stock;640;6.5;6.5;21C
Ilford HP5+;Acufine;stock;800;6.5;6.5;21C
Ilford HP5+;Acufine;stock;1600;9.5;9.5;20C
Ilford HP5+;Acurol-N;1+100;200;25.5;25.5;24C
Ilford HP5+;Acurol-N;1+50;200;12;12;20C
Ilford HP5+;Acurol-N;1+70;200;20.5;20.5;22C
Ilford HP5+;Adox HR-DEV;1+30;400;12;12;20C
Ilford HP5+;Adox HR-DEV;1+14;1000;15;15;20C
Ilford HP5+;ADX II;1+24;400;8;8;20C
Ilford HP5+;Agfa 12;stock;800;8;8;20C
Ilford HP5+;Amaloco AM74;1+7;400;5;5;20C
Ilford HP5+;Amaloco AM74;1+7;800;7;7;20C
Ilford HP5+;Arista Liquid;1+9;400;7;7;20C
Ilford HP5+;Arista Liquid;1+9;400;6;6;24C
Ilford HP5+;Arista Liquid;1+19;800;12;12;24C
Ilford HP5+;Arista Premium;1+9;400;7;7;20C
Ilford HP5+;Ars-Imago FD;1+39;200;4;4;20C
Ilford HP5+;Ars-Imago FD;1+39;400;5.25;5.25;20C
Ilford HP5+;Ars-Imago FD;1+39;800;8;8;20C
Ilford HP5+;Ars-Imago FD;1+39;1600;13;13;20C
Ilford HP5+;Atomal 49;stock;400;7.5;7.5;20C
Ilford HP5+;Atomal 49;1+1;400;8.45;8.45;24C
Ilford HP5+;Atomal 49;stock;400;5.25;5.25;24C
Ilford HP5+;Atomal 49;stock;800;9;9;20C
Ilford HP5+;Bellini Hydrofen;1+39;200;4;4;20C
Ilford HP5+;Bellini Hydrofen;1+15;400;4;4;20C
Ilford HP5+;Bellini Hydrofen;1+39;400;5.25;5.25;20C
Ilford HP5+;Bellini Hydrofen;1+39;800;8;8;20C
Ilford HP5+;Bellini Hydrofen;1+39;1600;13;13;20C
Ilford HP5+;Berspeed;1+1;400;12;12;20C
Ilford HP5+;Berspeed;1+1;400;8.75;8.75;24C
Ilford HP5+;Berspeed;1+1;800;17;17;20C
Ilford HP5+;Berspeed;1+1;800;12.25;12.25;24C
Ilford HP5+;Berspeed;1+1;1600;22;22;20C
Ilford HP5+;Berspeed;1+1;1600;16;16;24C
Ilford HP5+;Caffenol C;stock;12800;40;40;20C
Ilford HP5+;Caffenol C-H;stock;1600;18;18;20C
Ilford HP5+;Caffenol C-L;stock;400;30;30;21C
Ilford HP5+;Caffenol C-L;stock;1600;70;70;20C
Ilford HP5+;D-23;1+1;200;10;10;20C
Ilford HP5+;D-23;1+3;200;18;18;20C
Ilford HP5+;D-23;1+1;400;13;13;20C
Ilford HP5+;D-23;1+3;400;20;20;20C
Ilford HP5+;D-23;stock;400;7.5;7.5;20C
Ilford HP5+;D-23;1+1;800;20;20;20C
Ilford HP5+;D-76;1+1;100;6;6;20C
Ilford HP5+;D-76;1+2;200;12.5;12.5;20C
Ilford HP5+;D-76;1+3;200;14;14;20C
Ilford HP5+;D-76;1+1;400;13;13;20C
Ilford HP5+;D-76;1+3;400;20;20;20C
Ilford HP5+;D-76;stock;400;7.5;7.5;20C
Ilford HP5+;D-76;1+2;400;15.25;15.25;20C
Ilford HP5+;D-76;1+1;800;16.5;16.5;20C
Ilford HP5+;D-76;stock;800;10.5;10.5;20C
Ilford HP5+;D-76;1+3;800;25;25;20C
Ilford HP5+;D-76;1+1;1600;18;18;20C
Ilford HP5+;D-76;stock;1600;14;14;20C
Ilford HP5+;D-76;1+1;3200;25;25;20C
Ilford HP5+;Dektol;1+10;400;6;6;22C
Ilford HP5+;Diafine;stock;640;3+3;3+3;20C
Ilford HP5+;Diafine;stock;800;3+3;3+3;20C
Ilford HP5+;Diafine;stock;800;5+5;5+5;27C
Ilford HP5+;DK-50;stock;400;6;6;20C
Ilford HP5+;DK-50;stock;400;4.75;4.75;21C
Ilford HP5+;DK-50;1+1;800;7.5;7.5;20C
Ilford HP5+;Eco Pro;1+1;100;10.25;10.25;20C
Ilford HP5+;Eco Pro;1+3;100;14.5;14.5;20C
Ilford HP5+;Eco Pro;1+2;100;12.75;12.75;20C
Ilford HP5+;Eco Pro;1+2;200;12.75;12.75;20C
Ilford HP5+;Eco Pro;1+3;200;14.5;14.5;20C
Ilford HP5+;Eco Pro;1+1;200;10.25;10.25;20C
Ilford HP5+;Eco Pro;stock;200;7.5;7.5;20C
Ilford HP5+;Eco Pro;1+3;400;18;18;20C
Ilford HP5+;Eco Pro;1+3;400;13;13;21C
Ilford HP5+;Eco Pro;stock;400;6;6;20C
Ilford HP5+;Eco Pro;stock;400;8.5;8.5;20C
Ilford HP5+;Eco Pro;1+1;400;12;12;20C
Ilford HP5+;Eco Pro;1+2;400;15.5;15.5;20C
Ilford HP5+;Eco Pro;1+1;800;14.25;14.25;20C
Ilford HP5+;Eco Pro;1+2;800;18;18;20C
Ilford HP5+;Eco Pro;1+3;800;23;23;20C
Ilford HP5+;Eco Pro;stock;800;10.5;10.5;20C
Ilford HP5+;Eco Pro;1+3;1600;27.5;27.5;20C
Ilford HP5+;Eco Pro;1+3;1600;15.5;15.5;24C
Ilford HP5+;Eco Pro;1+1;1600;18;18;20C
Ilford HP5+;Eco Pro;1+2;1600;21;21;20C
Ilford HP5+;Eco Pro;stock;1600;13;13;20C
Ilford HP5+;Eco Pro;stock;3200;17.5;17.5;20C
Ilford HP5+;Eco Pro;stock;3200;9.5;9.5;24C
Ilford HP5+;Eco Pro;stock;3200;13;13;24C
Ilford HP5+;Eco Pro;1+1;3200;22.5;22.5;20C
Ilford HP5+;Eco Pro;1+2;3200;28;28;20C
Ilford HP5+;Eco Pro;stock;6400;17.5;17.5;24C
Ilford HP5+;Emofin;stock;400;5.5+5.5;5.5+5.5;20C
Ilford HP5+;Emofin;stock;800;8+8;8+8;20C
Ilford HP5+;Emofin;stock;1600;15+15;15+15;20C
Ilford HP5+;Extend Plus;1+15;400;10;10;20C
Ilford HP5+;F76+;1+14;250;9;9;20C
Ilford HP5+;F76+;1+9;400;7;7;20C
Ilford HP5+;F76+;1+9;400;6;6;24C
Ilford HP5+;F76+;1+19;800;12;12;24C
Ilford HP5+;FA-1027;1+14;400;9;9;20C
Ilford HP5+;FA-1027;1+20;400;9;9;20C
Ilford HP5+;FA-1027;1+9;400;6-7;6-7;20C
Ilford HP5+;FA-1027;1+9;800;12.5;12.5;20C
Ilford HP5+;FD10;1+14;400;11;11;20C
Ilford HP5+;FD10;1+9;400;7;7;20C
Ilford HP5+;FD10;1+9;800;9;9;20C
Ilford HP5+;Finol;1+1+75;250;9.5;9.5;24C
Ilford HP5+;Finol;1+1+75;320;12;12;24C
Ilford HP5+;Fomadon Excel;stock;400;8;8;20C
Ilford HP5+;Fomadon LQN;1+10;400;9.5;9.5;20C
Ilford HP5+;Fomadon LQR;1+10;400;7-9;7-9;20C
Ilford HP5+;Fomadon P;stock;400;14;14;20C
Ilford HP5+;FX-15;1+1;640;16.25;16.25;21C
Ilford HP5+;FX-15;1+3;640;24;24;20C
Ilford HP5+;FX-19;stock;100;10;10;20C
Ilford HP5+;FX-37;1+3;640;6.5;6.5;20C
Ilford HP5+;FX-39;1+9;400;9;12;20C
Ilford HP5+;FX-4;stock;1600;7;7;25C
Ilford HP5+;FX-55;1+9;400;13.5;13.5;20C
Ilford HP5+;FX-55;stock;640;15;15;21C
Ilford HP5+;HC-110;H;100;6.5;6.5;21C
Ilford HP5+;HC-110;H;200;8;8;21C
Ilford HP5+;HC-110;A;400;2.5;2.5;20C
Ilford HP5+;HC-110;B;400;5;5;20C
Ilford HP5+;HC-110;E;400;7.5;7.5;20C
Ilford HP5+;HC-110;H;400;9.5;9.5;23C
Ilford HP5+;HC-110;H;400;11;11;20C
Ilford HP5+;HC-110;A;800;3.5;3.5;20C
Ilford HP5+;HC-110;B;800;10;10;20C
Ilford HP5+;HC-110;B;800;7.5;7.5;20C
Ilford HP5+;HC-110;A;1000;4;4;20C
Ilford HP5+;HC-110;A;1600;5.5;5.5;20C
Ilford HP5+;HC-110;B;1600;11;11;20C
Ilford HP5+;HC-110;A;3200;9.5;9.5;20C
Ilford HP5+;HC-110;H;3200;38;38;20C
Ilford HP5+;HC-110;F;6400;150;150;22C
Ilford HP5+;ID-11;1+1;100;6;6;20C
Ilford HP5+;ID-11;1+1;200;10;10;21C
Ilford HP5+;ID-11;1+3;200;14;14;20C
Ilford HP5+;ID-11;1+2;250;15;15;20C
Ilford HP5+;ID-11;1+1;400;13;13;20C
Ilford HP5+;ID-11;1+3;400;20;20;20C
Ilford HP5+;ID-11;stock;400;7.5;7.5;20C
Ilford HP5+;ID-11;1+2;400;15.25;15.25;20C
Ilford HP5+;ID-11;1+1;800;16.5;16.5;20C
Ilford HP5+;ID-11;stock;800;10.5;10.5;20C
Ilford HP5+;ID-11;1+3;800;25;25;20C
Ilford HP5+;ID-11;1+7;1600;60;60;20C
Ilford HP5+;ID-11;stock;1600;14;14;20C
Ilford HP5+;ID-11;1+1;3200;25;25;20C
Ilford HP5+;ID-68;stock;400;6.5;6.5;20C
Ilford HP5+;Ilfosol 3;1+9;50;2.5;2.5;22C
Ilford HP5+;Ilfosol 3;1+14;200;7;7;20C
Ilford HP5+;Ilfosol 3;1+9;200;5;5;20C
Ilford HP5+;Ilfosol 3;1+14;400;11;11;20C
Ilford HP5+;Ilfosol 3;1+14;400;5.5;5.5;25.5C
Ilford HP5+;Ilfosol 3;1+9;400;6.5;6.5;20C
Ilford HP5+;Ilfosol 3;1+14;800;19.5;19.5;20C
Ilford HP5+;Ilfosol 3;1+9;800;13.5;13.5;20C
Ilford HP5+;Ilfosol 3;1+9;1600;17;17;20C
Ilford HP5+;Ilfosol 3;1+9;3200;24.5;24.5;20.5C
Ilford HP5+;Ilfotec DD;stock;200;6;6;24C
Ilford HP5+;Ilfotec DD;stock;400;10;10;20C
Ilford HP5+;Ilfotec DD;stock;400;7;7;24C
Ilford HP5+;Ilfotec DD;stock;800;10;10;24C
Ilford HP5+;Ilfotec DD;stock;1600;14;14;24C
Ilford HP5+;Ilfotec DD;stock;3200;18;18;24C
Ilford HP5+;Ilfotec DD-X;1+4;200;7;7;20C
Ilford HP5+;Ilfotec DD-X;1+4;400;9;9;20C
Ilford HP5+;Ilfotec DD-X;1+4;400;7;7;24C
Ilford HP5+;Ilfotec DD-X;1+9;400;15.75;15.75;20C
Ilford HP5+;Ilfotec DD-X;1+9;400;11.75;11.75;24C
Ilford HP5+;Ilfotec DD-X;1+9;640;9;9;24C
Ilford HP5+;Ilfotec DD-X;1+4;800;10;10;20C
Ilford HP5+;Ilfotec DD-X;1+4;800;8;8;24C
Ilford HP5+;Ilfotec DD-X;1+4;1600;13;13;20C
Ilford HP5+;Ilfotec DD-X;1+4;1600;10;10;24C
Ilford HP5+;Ilfotec DD-X;1+9;1600;16;16;24C
Ilford HP5+;Ilfotec DD-X;1+4;3200;20;20;20C
Ilford HP5+;Ilfotec DD-X;1+4;3200;14.5;14.5;24C
Ilford HP5+;Ilfotec HC;1+31;400;6.5;6.5;20C
Ilford HP5+;Ilfotec HC;1+47;400;9;9;20C
Ilford HP5+;Ilfotec HC;1+15;800;5;5;20C
Ilford HP5+;Ilfotec HC;1+31;800;9.5;9.5;20C
Ilford HP5+;Ilfotec HC;1+31;800;6.75;6.75;23C
Ilford HP5+;Ilfotec HC;1+15;1600;7.5;7.5;20C
Ilford HP5+;Ilfotec HC;1+31;1600;14;14;20C
Ilford HP5+;Ilfotec HC;1+15;3200;11;11;20C
Ilford HP5+;Ilfotec LC29;1+29;100;7;7;20C
Ilford HP5+;Ilfotec LC29;1+19;200;5;5;20C
Ilford HP5+;Ilfotec LC29;1+19;400;6.5;6.5;20C
Ilford HP5+;Ilfotec LC29;1+29;400;9;9;20C
Ilford HP5+;Ilfotec LC29;1+19;800;9.5;9.5;20C
Ilford HP5+;Ilfotec LC29;1+9;800;5;5;20C
Ilford HP5+;Ilfotec LC29;1+19;1600;14;14;20C
Ilford HP5+;Ilfotec LC29;1+9;1600;7.5;7.5;20C
Ilford HP5+;Ilfotec LC29;1+9;3200;12.5;12.5;20C
Ilford HP5+;Meritol-Metol;stock;400;16;16;21C
Ilford HP5+;Microdol-X;1+1;50;9.5;9.5;20C
Ilford HP5+;Microdol-X;1+3;400;25;25;20C
Ilford HP5+;Microdol-X;stock;400;11;11;20C
Ilford HP5+;Microphen;1+3;200;16;16;20C
Ilford HP5+;Microphen;1+1;400;12;12;20C
Ilford HP5+;Microphen;1+3;400;23;23;20C
Ilford HP5+;Microphen;stock;400;6.5;6.5;20C
Ilford HP5+;Microphen;1+1;800;15;15;20C
Ilford HP5+;Microphen;stock;800;8;8;20C
Ilford HP5+;Microphen;stock;1600;11;11;20C
Ilford HP5+;Microphen;stock;3200;16;16;20C
Ilford HP5+;Microphen;stock;6400;20.5;20.5;20C
Ilford HP5+;Mocon;1+64;400;15;15;20C
Ilford HP5+;Neofin Blue;1+10;400;4.5;4.5;20C
Ilford HP5+;Neofin Blue;stock;400;18;18;20C
Ilford HP5+;Neopress HC;1+15;400;3;3;20C
Ilford HP5+;Neopress HC;1+31;400;4;4;20C
Ilford HP5+;Neopress HC;1+31;400;6;6;20C
Ilford HP5+;Neopress HC;1+15;800;3.5;3.5;20C
Ilford HP5+;Neopress HC;1+15;1600;6;6;20C
Ilford HP5+;Nucleol BF200;4+3;400;9.5;9.5;20C
Ilford HP5+;Nucleol BF200;4+3;800;14;14;20C
Ilford HP5+;Nucleol BF200;7+4;1600;16;16;20C
Ilford HP5+;Nucleol BF200;12+7;3200;25;25;20C
Ilford HP5+;Obsidian Aqua;1+500;400;12;12;20C
Ilford HP5+;Paranol S;1+25;400;11;11;20C
Ilford HP5+;Paranol S;1+50;400;25;25;20C
Ilford HP5+;Paranol S;1+80;1600;120;120;23C
Ilford HP5+;Parodinal;1+25;800;8;8;20C
Ilford HP5+;PC-TEA;1+50;200;8;8;20C
Ilford HP5+;Perceptol;stock;50;9;9;20C
Ilford HP5+;Perceptol;stock;100;9;9;20C
Ilford HP5+;Perceptol;stock;125;10;10;20C
Ilford HP5+;Perceptol;1+2;200;14.5;14.5;20C
Ilford HP5+;Perceptol;stock;200;11;11;20C
Ilford HP5+;Perceptol;1+2;250;12.5;12.5;24C
Ilford HP5+;Perceptol;1+1;320;18;18;20C
Ilford HP5+;Perceptol;1+3;320;20;20;20C
Ilford HP5+;Perceptol;1+1;400;15;15;20C
Ilford HP5+;Perceptol;1+3;400;25;25;20C
Ilford HP5+;Perceptol;stock;400;11;11;20C
Ilford HP5+;Perceptol;1+3;3200;41;41;26C
Ilford HP5+;PMK;1+2+100;400;12.5;12.5;20C
Ilford HP5+;PMK;1+2+100;400;12;12;20C
Ilford HP5+;PMK;1+2+100;3200;25;25;21C
Ilford HP5+;PQ Universal;1+19;320;4.5;4.5;20C
Ilford HP5+;Promicrol;1+9;400;9-10;9-10;20C
Ilford HP5+;Promicrol;1+14;600;16;16;20C
Ilford HP5+;Promicrol;1+9;600;11;11;20C
Ilford HP5+;Promicrol;1+14;800;16;16;20C
Ilford HP5+;Promicrol;1+9;800;11;11;20C
Ilford HP5+;Pyrocat-HD;1+1+100;200;9;9;20C
Ilford HP5+;Pyrocat-HD;1+1+100;200;8;8;27C
Ilford HP5+;Pyrocat-HD;2+3+200;200;12.5;12.5;20C
Ilford HP5+;Pyrocat-HD;1+1+90;400;17;17;20C
Ilford HP5+;Pyrocat-HD;2+2+100;400;10;10;22C
Ilford HP5+;Rodinal;1+50;25;7;7;20C
Ilford HP5+;Rodinal;1+50;100;9;9;20C
Ilford HP5+;Rodinal;1+25;100;6;6;20C
Ilford HP5+;Rodinal;1+100;160;20;20;20C
Ilford HP5+;Rodinal;1+25;200;4.75;4.75;20C
Ilford HP5+;Rodinal;1+25;200;5;5;20C
Ilford HP5+;Rodinal;1+36;200;7.5;7.5;20C
Ilford HP5+;Rodinal;1+50;200;10-13;10-13;20C
Ilford HP5+;Rodinal;1+75;200;17;17;20C
Ilford HP5+;Rodinal;1+50;250;12;12;24C
Ilford HP5+;Rodinal;1+25;320;8;8;20C
Ilford HP5+;Rodinal;1+100;400;16;16;20C
Ilford HP5+;Rodinal;1+100;400;80;80;21C
Ilford HP5+;Rodinal;1+25;400;6;6;20C
Ilford HP5+;Rodinal;1+50;400;11;11;20C
Ilford HP5+;Rodinal;1+50;400;7.25;7.25;24C
Ilford HP5+;Rodinal;23+1000;400;13.5;13.5;20C
Ilford HP5+;Rodinal;1+25;800;8;8;20C
Ilford HP5+;Rodinal;1+50;800;16;16;20C
Ilford HP5+;Rodinal;1+100;1600;120;120;20C
Ilford HP5+;Rodinal;1+200;1600;240;240;20C
Ilford HP5+;Rodinal;1+25;1600;12;12;20C
Ilford HP5+;Rodinal;1+50;1600;24;24;20C
Ilford HP5+;Rodinal;1+25;3200;18;18;21C
Ilford HP5+;Rodinal;1+50;6400;52;52;20C
Ilford HP5+;Rollei D74;1+15;400;8.5;8.5;20C
Ilford HP5+;Rollei D74;1+9;400;6;6;20C
Ilford HP5+;Rollei RLS Low Speed;1+4;200;14;14;24C
Ilford HP5+;Rollo Pyro;1+2+50;250;9;9;21C
Ilford HP5+;Romek PQ7;1+3;400;12;12;20C
Ilford HP5+;Silberra Ascorol;1+29;400;8;8;20C
Ilford HP5+;Silberra Ascorol;1+29;3200;20;20;20C
Ilford HP5+;Silvermax;1+19;400;10;10;20C
Ilford HP5+;Sprint Standard;1+9;400;10;10;20C
Ilford HP5+;Sprint Standard;1+9;800;13;13;20C
Ilford HP5+;Sprint Standard;1+1;1600;10;10;20C
Ilford HP5+;Spur 2525;1+15;250;6.5;6.5;20C
Ilford HP5+;Spur HRX;1+19;300;8.5;8.5;20C
Ilford HP5+;Spur HRX;1+17;400;11;11;20C
Ilford HP5+;Spur SLD;1+9;640;6;6;20C
Ilford HP5+;Studional;1+30;320;6.5;6.5;20C
Ilford HP5+;Studional;1+15;400;4;4;20C
Ilford HP5+;Studional;1+60;800;30;30;21C
Ilford HP5+;Suprol;1+19;400;3.25;3.25;20C
Ilford HP5+;Tanol;1+1+100;200;12.5;12.5;24C
Ilford HP5+;Tanol;1+1+100;250;12;12;20C
Ilford HP5+;Tanol;1+1+100;400;14;14;20C
Ilford HP5+;Tanol Speed;1+1+100;400;15;15;24C
Ilford HP5+;TMax Dev;1+4;125;4.5;4.5;20C
Ilford HP5+;TMax Dev;1+4;400;6.5;6.5;20C
Ilford HP5+;TMax Dev;1+9;400;14;14;24C
Ilford HP5+;TMax Dev;1+9;500;15;15;24C
Ilford HP5+;TMax Dev;1+4;800;8;8;20C
Ilford HP5+;TMax Dev;1+4;1600;9.5;9.5;20C
Ilford HP5+;TMax Dev;1+4;3200;11.5;11.5;20C
Ilford HP5+;TMax Dev;1+4;3200;9.5;9.5;24C
Ilford HP5+;TMax RS;stock;250;5;5;20C
Ilford HP5+;TMax RS;stock;400;6.5;6.5;20C
Ilford HP5+;TMax RS;stock;800;5;5;24C
Ilford HP5+;TMax RS;stock;1600;7;7;24C
Ilford HP5+;TMax RS;stock;3200;10.5;10.5;24C
Ilford HP5+;Ultrafin;1+10;400;4.5;4.5;20C
Ilford HP5+;Ultrafin;1+20;400;13;13;20C
Ilford HP5+;Ultrafin;1+20;400;8;8;20C
Ilford HP5+;Ultrafin T-Plus;1+4;400;9.25;9.25;20C
Ilford HP5+;Ultrafin T-Plus;1+4;1600;16;16;20C
Ilford HP5+;Ultrafine Endurance;1+9;400;5.25;5.25;20C
Ilford HP5+;Ultrafine Liquid;1+2;400;7.5;10;20C
Ilford HP5+;Ultrafine Liquid;1+4;400;11;13;20C
Ilford HP5+;Ultrafine Powder;1+1;400;11;11;20C
Ilford HP5+;Uncle Mort's;1+9;400;11;11;20C
Ilford HP5+;Uncle Mort's;1+19;400;16;/;24C
Ilford HP5+;Uncle Mort's;1+9;800;11;11;24C
Ilford HP5+;Uncle Mort's;1+19;1600;16;16;24C
Ilford HP5+;Uncle Mort's;1+9;1600;14;14;24C
Ilford HP5+;WD2D+;stock;400;9;9;20C
Ilford HP5+;Xtol;1+1;100;10.25;10.25;20C
Ilford HP5+;Xtol;1+3;100;14.5;14.5;20C
Ilford HP5+;Xtol;1+2;100;12.75;12.75;20C
Ilford HP5+;Xtol;stock;200;7.5;7.5;20C
Ilford HP5+;Xtol;1+2;200;12.75;12.75;20C
Ilford HP5+;Xtol;1+3;200;14.5;14.5;20C
Ilford HP5+;Xtol;1+1;200;10.25;10.25;20C
Ilford HP5+;Xtol;1+1;400;12;12;20C
Ilford HP5+;Xtol;1+2;400;15.5;15.5;20C
Ilford HP5+;Xtol;1+3;400;18;18;20C
Ilford HP5+;Xtol;1+3;400;13;13;21C
Ilford HP5+;Xtol;stock;400;6;6;20C
Ilford HP5+;Xtol;stock;400;8.5;8.5;20C
Ilford HP5+;Xtol;1+1;800;14.25;14.25;20C
Ilford HP5+;Xtol;1+2;800;18;18;20C
Ilford HP5+;Xtol;1+3;800;23;23;20C
Ilford HP5+;Xtol;stock;800;10.5;10.5;20C
Ilford HP5+;Xtol;1+1;1600;18;18;20C
Ilford HP5+;Xtol;1+2;1600;21;21;20C
Ilford HP5+;Xtol;1+3;1600;27.5;27.5;20C
Ilford HP5+;Xtol;1+3;1600;15.5;15.5;24C
Ilford HP5+;Xtol;stock;1600;13;13;20C
Ilford HP5+;Xtol;1+1;3200;22.5;22.5;20C
Ilford HP5+;Xtol;1+2;3200;28;28;20C
Ilford HP5+;Xtol;stock;3200;17.5;17.5;20C
Ilford HP5+;Xtol;stock;3200;9.5;9.5;24C
Ilford HP5+;Xtol;stock;3200;13;13;24C
Ilford HP5+;Xtol;stock;6400;17.5;17.5;24C
Ilford Delta 100 Pro;ACU-1;1+10;100;8;8;21C
Ilford Delta 100 Pro;Acufine;stock;200;5.5;5.5;20C
Ilford Delta 100 Pro;Acurol-N;1+35;40;5.5;5.5;20C
Ilford Delta 100 Pro;Acurol-N;1+70;50;10;10;20C
Ilford Delta 100 Pro;Acurol-N;1+100;64;31;31;20C
Ilford Delta 100 Pro;Acurol-N;1+100;64;20;20;24C
Ilford Delta 100 Pro;Acurol-N;1+100;80;20;20;24C
Ilford Delta 100 Pro;Acurol-N;1+70;100;14.5;14.5;22C
Ilford Delta 100 Pro;Adox HR-DEV;1+40;100;10;10;20C
Ilford Delta 100 Pro;ADX II;1+24;100;6.5;6.5;20C
Ilford Delta 100 Pro;Amaloco AM74;1+7;100;4;4;20C
Ilford Delta 100 Pro;Amaloco AM74;1+7;200;6;6;20C
Ilford Delta 100 Pro;Arista Liquid;1+9;50;6;6;20C
Ilford Delta 100 Pro;Arista Liquid;1+9;100;7;7;20C
Ilford Delta 100 Pro;Arista Premium;1+9;100;7;7;20C
Ilford Delta 100 Pro;Atomal 49;stock;100;6.25;6.25;20C
Ilford Delta 100 Pro;Bellini Hydrofen;1+15;160;3.5;3.5;20C
Ilford Delta 100 Pro;Berspeed;1+1;100;10;10;20C
Ilford Delta 100 Pro;Berspeed;1+1;100;7.5;7.5;24C
Ilford Delta 100 Pro;Beutler;1+1+10;64;14;14;20C
Ilford Delta 100 Pro;BW-TNEG;1+6;100;5.5;5.5;20C
Ilford Delta 100 Pro;Caffenol C;stock;100;40;40;25C
Ilford Delta 100 Pro;D-19;1+1;100;6;6;20C
Ilford Delta 100 Pro;D-23;1+1;100;10;10;20C
Ilford Delta 100 Pro;D-23;1+3;100;15.5;15.5;20C
Ilford Delta 100 Pro;D-23;stock;100;7;7;20C
Ilford Delta 100 Pro;D-23;1+1;200;13;13;20C
Ilford Delta 100 Pro;D-76;1+1;10;4.5;4.5;20C
Ilford Delta 100 Pro;D-76;1+1;50;10;10;20C
Ilford Delta 100 Pro;D-76;1+3;50;15;15;20C
Ilford Delta 100 Pro;D-76;stock;50;7;7;20C
Ilford Delta 100 Pro;D-76;1+1;100;11;11;20C
Ilford Delta 100 Pro;D-76;1+3;100;20;20;20C
Ilford Delta 100 Pro;D-76;stock;100;8.5;8.5;20C
Ilford Delta 100 Pro;D-76;stock;140;13;13;20C
Ilford Delta 100 Pro;D-76;1+1;200;13;13;20C
Ilford Delta 100 Pro;D-76;stock;200;10.5;10.5;20C
Ilford Delta 100 Pro;D-76;stock;800;14;14;20C
Ilford Delta 100 Pro;Diafine;stock;50;5+5;5+5;24C
Ilford Delta 100 Pro;Diafine;stock;100;5+5;5+5;21C
Ilford Delta 100 Pro;DiXactol Ultra;1+7+300;100;10;10;21C
Ilford Delta 100 Pro;DK-76;1+3;100;17.5;17.5;20C
Ilford Delta 100 Pro;Eco Pro;1+1;25;9;9;20C
Ilford Delta 100 Pro;Eco Pro;1+2;25;11;11;20C
Ilford Delta 100 Pro;Eco Pro;1+3;25;13.5;13.5;20C
Ilford Delta 100 Pro;Eco Pro;stock;25;6.75;6.75;20C
Ilford Delta 100 Pro;Eco Pro;1+1;50;9;9;20C
Ilford Delta 100 Pro;Eco Pro;1+2;50;11;11;20C
Ilford Delta 100 Pro;Eco Pro;1+3;50;13.5;13.5;20C
Ilford Delta 100 Pro;Eco Pro;stock;50;6.75;6.75;20C
Ilford Delta 100 Pro;Eco Pro;1+1;100;10.5;10.5;20C
Ilford Delta 100 Pro;Eco Pro;1+2;100;13;13;20C
Ilford Delta 100 Pro;Eco Pro;1+3;100;15.5;15.5;20C
Ilford Delta 100 Pro;Eco Pro;stock;100;8;8;20C
Ilford Delta 100 Pro;Eco Pro;1+1;200;12;12;20C
Ilford Delta 100 Pro;Eco Pro;1+2;200;15;15;20C
Ilford Delta 100 Pro;Eco Pro;1+3;200;17.5;17.5;20C
Ilford Delta 100 Pro;Eco Pro;stock;200;9.5;9.5;20C
Ilford Delta 100 Pro;Eco Pro;1+1;400;14;14;20C
Ilford Delta 100 Pro;Eco Pro;1+2;400;17.5;17.5;20C
Ilford Delta 100 Pro;Eco Pro;1+3;400;20.5;20.5;20C
Ilford Delta 100 Pro;Eco Pro;stock;400;11.5;11.5;20C
Ilford Delta 100 Pro;Eco Pro;1+1;800;16.75;16.75;20C
Ilford Delta 100 Pro;Eco Pro;1+2;800;21.5;21.5;20C
Ilford Delta 100 Pro;Eco Pro;1+3;800;24.25;24.25;20C
Ilford Delta 100 Pro;Eco Pro;stock;800;14.5;14.5;20C
Ilford Delta 100 Pro;Emofin;stock;100;3+3;3+3;20C
Ilford Delta 100 Pro;F76+;1+14;50;6;6;20C
Ilford Delta 100 Pro;F76+;1+9;50;5.5;5.5;20C
Ilford Delta 100 Pro;F76+;1+9;64;/;/;22C
Ilford Delta 100 Pro;F76+;1+14;100;9.5;9.5;20C
Ilford Delta 100 Pro;F76+;1+9;100;6.5;6.5;20C
Ilford Delta 100 Pro;FA-1027;1+14;100;9;9;20C
Ilford Delta 100 Pro;FA-1027;1+9;100;6.5;6.5;20C
Ilford Delta 100 Pro;FD10;1+14;100;13;13;20C
Ilford Delta 100 Pro;FD10;1+9;100;7;7;20C
Ilford Delta 100 Pro;Finol;1+1+100;64;11;11;24C
Ilford Delta 100 Pro;Fomadon LQN;1+10;100;8;8;20C
Ilford Delta 100 Pro;Fomadon P;stock;100;10;10;20C
Ilford Delta 100 Pro;Fomadon R09;1+25;100;9;9;20C
Ilford Delta 100 Pro;Fomadon R09;1+50;100;16;16;20C
Ilford Delta 100 Pro;FX-19;stock;100;9;9;20C
Ilford Delta 100 Pro;FX-2;1+1+8;64;13.25;13.25;20C
Ilford Delta 100 Pro;FX-37;1+3;100;8.25;8.25;20C
Ilford Delta 100 Pro;FX-37;1+3;160;7.5;7.5;20C
Ilford Delta 100 Pro;FX-37;1+5;200;7.5;7.5;20C
Ilford Delta 100 Pro;FX-39;1+9;100;7;11;20C
Ilford Delta 100 Pro;FX-55;1+9;100;10;10;20C
Ilford Delta 100 Pro;HC-110;B;50;5;5;20C
Ilford Delta 100 Pro;HC-110;E;50;5.5;5.5;20C
Ilford Delta 100 Pro;HC-110;B;100;6;6;20C
Ilford Delta 100 Pro;HC-110;E;100;7.5;7.5;20C
Ilford Delta 100 Pro;HC-110;G;100;24;24;20C
Ilford Delta 100 Pro;HC-110;B;200;8;8;20C
Ilford Delta 100 Pro;HC-110;E;200;10;10;20C
Ilford Delta 100 Pro;HC-110;B;400;12;12;20C
Ilford Delta 100 Pro;Hypercat;1+1+100;80;6.5;6.5;21C
Ilford Delta 100 Pro;Hypercat;1+1+300;80;25;25;21C
Ilford Delta 100 Pro;ID-11;1+1;10;4.5;4.5;20C
Ilford Delta 100 Pro;ID-11;1+1;50;10;10;20C
Ilford Delta 100 Pro;ID-11;1+3;50;15;15;20C
Ilford Delta 100 Pro;ID-11;stock;50;7;7;20C
Ilford Delta 100 Pro;ID-11;1+1;100;11;11;20C
Ilford Delta 100 Pro;ID-11;1+3;100;20;20;20C
Ilford Delta 100 Pro;ID-11;stock;100;8.5;8.5;20C
Ilford Delta 100 Pro;ID-11;1+1;200;13;13;20C
Ilford Delta 100 Pro;ID-11;stock;200;10.5;10.5;20C
Ilford Delta 100 Pro;ID-11;stock;800;14;14;20C
Ilford Delta 100 Pro;Ilfosol 3;1+9;50;2.5;2.5;22C
Ilford Delta 100 Pro;Ilfosol 3;1+14;100;7.5;7.5;20C
Ilford Delta 100 Pro;Ilfosol 3;1+9;100;5;5;20C
Ilford Delta 100 Pro;Ilfosol 3;1+9;160;6;6;22C
Ilford Delta 100 Pro;Ilfosol 3;1+9;200;7.5;7.5;20C
Ilford Delta 100 Pro;Ilfosol 3;1+9;400;11;11;20C
Ilford Delta 100 Pro;Ilfotec DD;stock;50;8;8;24C
Ilford Delta 100 Pro;Ilfotec DD;stock;100;13;13;20C
Ilford Delta 100 Pro;Ilfotec DD;stock;100;9.5;9.5;24C
Ilford Delta 100 Pro;Ilfotec DD;stock;200;12.5;12.5;24C
Ilford Delta 100 Pro;Ilfotec DD-X;1+4;50;9.5;9.5;20C
Ilford Delta 100 Pro;Ilfotec DD-X;1+4;100;12;12;20C
Ilford Delta 100 Pro;Ilfotec DD-X;1+4;100;9;9;24C
Ilford Delta 100 Pro;Ilfotec DD-X;1+9;100;14.5;14.5;24C
Ilford Delta 100 Pro;Ilfotec DD-X;1+4;200;14;14;20C
Ilford Delta 100 Pro;Ilfotec DD-X;1+4;200;11;11;24C
Ilford Delta 100 Pro;Ilfotec DD-X;1+4;400;23;23;20C
Ilford Delta 100 Pro;Ilfotec HC;1+31;50;5;5;20C
Ilford Delta 100 Pro;Ilfotec HC;1+47;50;5.5;5.5;20C
Ilford Delta 100 Pro;Ilfotec HC;1+31;100;6;6;20C
Ilford Delta 100 Pro;Ilfotec HC;1+47;100;7.5;7.5;20C
Ilford Delta 100 Pro;Ilfotec HC;1+63;100;12;12;20C
Ilford Delta 100 Pro;Ilfotec HC;1+31;200;8;8;20C
Ilford Delta 100 Pro;Ilfotec HC;1+47;200;10;10;20C
Ilford Delta 100 Pro;Ilfotec LC29;1+19;50;4.5;4.5;20C
Ilford Delta 100 Pro;Ilfotec LC29;1+29;50;5.5;5.5;20C
Ilford Delta 100 Pro;Ilfotec LC29;1+19;100;5;5;20C
Ilford Delta 100 Pro;Ilfotec LC29;1+29;100;7;7;20C
Ilford Delta 100 Pro;Ilfotec LC29;1+19;800;14;14;20C
Ilford Delta 100 Pro;Kalogen;1+75;100;9;9;20C
Ilford Delta 100 Pro;Microdol-X;1+3;50;16;16;20C
Ilford Delta 100 Pro;Microdol-X;stock;50;12;12;20C
Ilford Delta 100 Pro;Microdol-X;1+3;100;22;22;20C
Ilford Delta 100 Pro;Microdol-X;stock;100;15;15;20C
Ilford Delta 100 Pro;Microphen;1+1;100;10;10;20C
Ilford Delta 100 Pro;Microphen;1+3;100;14;14;20C
Ilford Delta 100 Pro;Microphen;stock;100;6.5;6.5;20C
Ilford Delta 100 Pro;Microphen;1+1;200;14;14;20C
Ilford Delta 100 Pro;Microphen;1+3;200;20;20;20C
Ilford Delta 100 Pro;Microphen;stock;200;8;8;20C
Ilford Delta 100 Pro;Microphen;stock;400;10;10;20C
Ilford Delta 100 Pro;Mocon;1+64;100;12.25;12.25;20C
Ilford Delta 100 Pro;Moersch eco;2+1+60;80;8.25;8.25;20C
Ilford Delta 100 Pro;Neofin Blue;stock;100;7;7;20C
Ilford Delta 100 Pro;Neopress HC;1+15;100;2.5;2.5;20C
Ilford Delta 100 Pro;Neopress HC;1+15;100;3;3;20C
Ilford Delta 100 Pro;Neopress HC;1+31;100;4;4;20C
Ilford Delta 100 Pro;Nucleol BF200;4+3;80;9;9;20C
Ilford Delta 100 Pro;Nucleol BF200;4+3;100;11;11;20C
Ilford Delta 100 Pro;Nucleol BF200;4+3;100;6;6;24C
Ilford Delta 100 Pro;Paranol S;1+25;100;14;14;20C
Ilford Delta 100 Pro;Paranol S;1+50;100;40;40;20C
Ilford Delta 100 Pro;Perceptol;stock;25;9;9;20C
Ilford Delta 100 Pro;Perceptol;1+1;50;13;13;20C
Ilford Delta 100 Pro;Perceptol;1+3;50;16;16;20C
Ilford Delta 100 Pro;Perceptol;stock;50;12;12;20C
Ilford Delta 100 Pro;Perceptol;1+1;100;17;17;20C
Ilford Delta 100 Pro;Perceptol;1+3;100;22;22;20C
Ilford Delta 100 Pro;Perceptol;stock;100;15;15;20C
Ilford Delta 100 Pro;PMK;1+2+100;100;10;10;21C
Ilford Delta 100 Pro;PQ Universal;1+19;80;4;4;20C
Ilford Delta 100 Pro;Promicrol;1+9;150;8;8;20C
Ilford Delta 100 Pro;Promicrol;1+14;150;12;12;20C
Ilford Delta 100 Pro;Promicrol;1+9;200;8;8;20C
Ilford Delta 100 Pro;Promicrol;1+14;200;12;12;20C
Ilford Delta 100 Pro;Pyrocat-HD;1+1+100;100;16;16;20C
Ilford Delta 100 Pro;Pyrocat-HD;1+1+100;100;45;45;20C
Ilford Delta 100 Pro;Rodinal;1+25;50;7;7;20C
Ilford Delta 100 Pro;Rodinal;1+50;50;10;10;20C
Ilford Delta 100 Pro;Rodinal;1+500;50;360;360;24C
Ilford Delta 100 Pro;Rodinal;1+100;100;18;18;20C
Ilford Delta 100 Pro;Rodinal;1+25;100;9;9;20C
Ilford Delta 100 Pro;Rodinal;1+50;100;14;14;20C
Ilford Delta 100 Pro;Rodinal;1+50;125;16;16;20C
Ilford Delta 100 Pro;Rodinal;1+50;200;18;18;20C
Ilford Delta 100 Pro;Rollei D74;1+15;100;7;7;20C
Ilford Delta 100 Pro;Rollei D74;1+9;100;5;5;20C
Ilford Delta 100 Pro;Rollei RLS Low Speed;1+4;50;12;12;24C
Ilford Delta 100 Pro;Rollei RPX-D;1+19;100;6.5-7;6.5-7;20C
Ilford Delta 100 Pro;Silberra Ascorol;1+29;100;8;8;20C
Ilford Delta 100 Pro;Sprint Standard;1+9;100;8.5;8.5;20C
Ilford Delta 100 Pro;Spur 2525;1+12;80;5;5;20C
Ilford Delta 100 Pro;Spur HRX;1+20;80;8.5-9;8.5-9;20C
Ilford Delta 100 Pro;Spur HRX;1+19;80;5;5;20C
Ilford Delta 100 Pro;Spur HRX;1+19;100;5;5;20C
Ilford Delta 100 Pro;Spur SLD;1+9;160;4;4;20C
Ilford Delta 100 Pro;Studional;1+15;100;6;6;20C
Ilford Delta 100 Pro;Studional;1+15;200;8;8;20C
Ilford Delta 100 Pro;Suprol;1+19;100;2.75;2.75;20C
Ilford Delta 100 Pro;Tanol;1+1+100;80;12.5;12.5;20C
Ilford Delta 100 Pro;Tanol;1+1+100;80;11.5;11.5;22C
Ilford Delta 100 Pro;Tanol;1+1+100;125;13;13;20C
Ilford Delta 100 Pro;TMax Dev;1+4;50;6;6;20C
Ilford Delta 100 Pro;TMax Dev;1+9;80;12;12;24C
Ilford Delta 100 Pro;TMax Dev;1+4;100;7;7;20C
Ilford Delta 100 Pro;TMax Dev;1+4;200;8;8;20C
Ilford Delta 100 Pro;TMax RS;stock;50;5;5;24C
Ilford Delta 100 Pro;TMax RS;stock;100;6;6;24C
Ilford Delta 100 Pro;TMax RS;stock;200;8;8;24C
Ilford Delta 100 Pro;Ultrafin;1+20;100;10;10;20C
Ilford Delta 100 Pro;Ultrafin;1+20;200;12;12;20C
Ilford Delta 100 Pro;Ultrafin T-Plus;1+4;100;6.75;6.75;20C
Ilford Delta 100 Pro;Ultrafine Endurance;1+9;100;6;6;20C
Ilford Delta 100 Pro;Ultrafine Liquid;1+2;100;9;9;20C
Ilford Delta 100 Pro;Ultrafine Liquid;1+4;100;12;12;20C
Ilford Delta 100 Pro;Ultrafine Powder;1+1;100;12;12;20C
Ilford Delta 100 Pro;WD2D+;stock;100;7;7;20C
Ilford Delta 100 Pro;Xtol;1+1;25;9;9;20C
Ilford Delta 100 Pro;Xtol;1+2;25;11;11;20C
Ilford Delta 100 Pro;Xtol;1+3;25;13.5;13.5;20C
Ilford Delta 100 Pro;Xtol;stock;25;6.75;6.75;20C
Ilford Delta 100 Pro;Xtol;1+1;50;9;9;20C
Ilford Delta 100 Pro;Xtol;1+2;50;11;11;20C
Ilford Delta 100 Pro;Xtol;1+3;50;13.5;13.5;20C
Ilford Delta 100 Pro;Xtol;stock;50;6.75;6.75;20C
Ilford Delta 100 Pro;Xtol;1+1;100;10.5;10.5;20C
Ilford Delta 100 Pro;Xtol;1+2;100;13;13;20C
Ilford Delta 100 Pro;Xtol;1+3;100;15.5;15.5;20C
Ilford Delta 100 Pro;Xtol;stock;100;8;8;20C
Ilford Delta 100 Pro;Xtol;1+1;200;12;12;20C
Ilford Delta 100 Pro;Xtol;1+2;200;15;15;20C
Ilford Delta 100 Pro;Xtol;1+3;200;17.5;17.5;20C
Ilford Delta 100 Pro;Xtol;stock;200;9.5;9.5;20C
Ilford Delta 100 Pro;Xtol;1+1;400;14;14;20C
Ilford Delta 100 Pro;Xtol;1+2;400;17.5;17.5;20C
Ilford Delta 100 Pro;Xtol;1+3;400;20.5;20.5;20C
Ilford Delta 100 Pro;Xtol;stock;400;11.5;11.5;20C
Ilford Delta 100 Pro;Xtol;1+1;800;16.75;16.75;20C
Ilford Delta 100 Pro;Xtol;1+2;800;21.5;21.5;20C
Ilford Delta 100 Pro;Xtol;1+3;800;24.25;24.25;20C
Ilford Delta 100 Pro;Xtol;stock;800;14.5;14.5;20C
Ilford Delta 400 Pro;510-Pyro;1+100;250;7;7;20C
Ilford Delta 400 Pro;510-Pyro;1+300;400;27;27;20C
Ilford Delta 400 Pro;Acufine;stock;200;7;7;20C
Ilford Delta 400 Pro;Acufine;stock;400;9;9;20C
Ilford Delta 400 Pro;Acufine;stock;500;11;11;20C
Ilford Delta 400 Pro;Acufine;stock;800;13;13;20C
Ilford Delta 400 Pro;Acufine;stock;1600;16;16;20C
Ilford Delta 400 Pro;Acufine;stock;3200;19;19;24C
Ilford Delta 400 Pro;Acurol-N;1+25;100;5.5;5.5;20C
Ilford Delta 400 Pro;Acurol-N;1+25;125;5.5;5.5;20C
Ilford Delta 400 Pro;Acurol-N;1+100;200;25-35;25-35;22C
Ilford Delta 400 Pro;Acurol-N;1+50;200;10.5;10.5;20C
Ilford Delta 400 Pro;Acurol-N;1+70;250;30;30;24C
Ilford Delta 400 Pro;Acurol-N;1+100;400;31;31;20C
Ilford Delta 400 Pro;Adox HR-DEV;1+30;400;13;13;20C
Ilford Delta 400 Pro;ADX II;1+24;400;9.5;9.5;20C
Ilford Delta 400 Pro;Amaloco AM74;1+7;400;7.5;7.5;20C
Ilford Delta 400 Pro;Amaloco AM74;1+7;800;10;10;20C
Ilford Delta 400 Pro;Arista Liquid;1+9;400;7.5;8.5;20C
Ilford Delta 400 Pro;Arista Liquid;1+9;800;10;11;20C
Ilford Delta 400 Pro;Arista Liquid;1+9;1600;14;15.5;20C
Ilford Delta 400 Pro;Arista Premium;1+9;400;7.5;7.5;20C
Ilford Delta 400 Pro;Atomal 49;stock;200;8;8;20C
Ilford Delta 400 Pro;Atomal 49;stock;250;9;9;20C
Ilford Delta 400 Pro;Bellini Hydrofen;1+15;400;4.5;4.5;20C
Ilford Delta 400 Pro;Berspeed;1+1;400;11.5;11.5;20C
Ilford Delta 400 Pro;Berspeed;1+1;400;8.25;8.25;24C
Ilford Delta 400 Pro;Beutler;1+1+10;320;16;16;20C
Ilford Delta 400 Pro;BW-TNEG;1+6;400;6;6;20C
Ilford Delta 400 Pro;Caffenol C-L;stock;400;60;/;20C
Ilford Delta 400 Pro;D-23;1+1;400;10.5;10.5;20C
Ilford Delta 400 Pro;D-23;1+3;400;16.5;16.5;20C
Ilford Delta 400 Pro;D-23;stock;400;7;7;20C
Ilford Delta 400 Pro;D-23;stock;800;8.75;8.75;20C
Ilford Delta 400 Pro;D-76;1+1;200;10;10;20C
Ilford Delta 400 Pro;D-76;1+3;200;18;18;20C
Ilford Delta 400 Pro;D-76;stock;200;7;7;20C
Ilford Delta 400 Pro;D-76;1+1;320;12.5;12.5;20C
Ilford Delta 400 Pro;D-76;1+1;400;14;14;20C
Ilford Delta 400 Pro;D-76;stock;400;9.5;9.5;20C
Ilford Delta 400 Pro;D-76;1+3;400;19.5;19.5;20C
Ilford Delta 400 Pro;D-76;1+3;500;19.5;19.5;24C
Ilford Delta 400 Pro;D-76;1+1;800;17.5;17.5;20C
Ilford Delta 400 Pro;D-76;1+3;800;32;32;20C
Ilford Delta 400 Pro;D-76;stock;800;11.5;11.5;20C
Ilford Delta 400 Pro;D-76;1+2;1600;30;30;20C
Ilford Delta 400 Pro;D-76;stock;1600;14.5;14.5;20C
Ilford Delta 400 Pro;D-76;stock;3200;19;19;20C
Ilford Delta 400 Pro;DK-76;1+3;400;14.5;14.5;20C
Ilford Delta 400 Pro;DK-76b;1+3;400;17.5;17.5;20C
Ilford Delta 400 Pro;Eco Pro;1+2;100;6;6;24C
Ilford Delta 400 Pro;Eco Pro;1+1;200;9;9;20C
Ilford Delta 400 Pro;Eco Pro;stock;200;6;6;20C
Ilford Delta 400 Pro;Eco Pro;stock;400;5.5;5.5;20C
Ilford Delta 400 Pro;Eco Pro;stock;400;7.5;7.5;20C
Ilford Delta 400 Pro;Eco Pro;1+1;400;11.5;11.5;20C
Ilford Delta 400 Pro;Eco Pro;1+1;500;13;13;20C
Ilford Delta 400 Pro;Eco Pro;stock;500;8.5;8.5;20C
Ilford Delta 400 Pro;Eco Pro;1+1;800;15.5;15.5;20C
Ilford Delta 400 Pro;Eco Pro;stock;800;10;10;20C
Ilford Delta 400 Pro;Eco Pro;1+1;1600;20;20;20C
Ilford Delta 400 Pro;Eco Pro;stock;1600;13;13;20C
Ilford Delta 400 Pro;Eco Pro;1+1;3200;18;18;24C
Ilford Delta 400 Pro;Eco Pro;stock;3200;17;17;20C
Ilford Delta 400 Pro;Emofin;stock;400;7+7;7+7;20C
Ilford Delta 400 Pro;F76+;1+14;200;11;12;20C
Ilford Delta 400 Pro;F76+;1+14;400;13.5;15;20C
Ilford Delta 400 Pro;F76+;1+9;400;7;8;20C
Ilford Delta 400 Pro;F76+;1+9;800;9.5;10.5;20C
Ilford Delta 400 Pro;F76+;1+9;1600;13;14.5;20C
Ilford Delta 400 Pro;FA-1027;1+14;400;15;15;20C
Ilford Delta 400 Pro;FA-1027;1+9;400;8;8;20C
Ilford Delta 400 Pro;FD10;1+14;400;12;12;20C
Ilford Delta 400 Pro;FD10;1+9;400;8;8;20C
Ilford Delta 400 Pro;Finol;1+1+90;640;16;16;24C
Ilford Delta 400 Pro;Fomadon P;stock;400;10;10;20C
Ilford Delta 400 Pro;Fomadon R09;1+25;400;8;8;20C
Ilford Delta 400 Pro;Fomadon R09;1+50;400;18;18;20C
Ilford Delta 400 Pro;FX-19;stock;100;10;10;20C
Ilford Delta 400 Pro;FX-2;1+1+8;320;15.25;15.25;20C
Ilford Delta 400 Pro;FX-37;1+3;400;7.5;7.5;20C
Ilford Delta 400 Pro;FX-39;1+9;400;10;13;20C
Ilford Delta 400 Pro;FX-55;1+9;400;12.5;12.5;20C
Ilford Delta 400 Pro;HC-110;B;100;4.5;4.5;20C
Ilford Delta 400 Pro;HC-110;B;200;5;5;20C
Ilford Delta 400 Pro;HC-110;A;320;4;4;20C
Ilford Delta 400 Pro;HC-110;B;400;7.5;7.5;20C
Ilford Delta 400 Pro;HC-110;1+250;400;90;90;20C
Ilford Delta 400 Pro;HC-110;A;800;5.5;5.5;20C
Ilford Delta 400 Pro;HC-110;B;800;10;10;20C
Ilford Delta 400 Pro;HC-110;A;1600;7.5;7.5;20C
Ilford Delta 400 Pro;HC-110;B;1600;13.5;13.5;20C
Ilford Delta 400 Pro;HC-110;A;3200;13;13;20C
Ilford Delta 400 Pro;ID-11;1+1;200;10;10;20C
Ilford Delta 400 Pro;ID-11;1+3;200;18;18;20C
Ilford Delta 400 Pro;ID-11;stock;200;7;7;20C
Ilford Delta 400 Pro;ID-11;1+1;400;14;14;20C
Ilford Delta 400 Pro;ID-11;1+3;400;20;20;20C
Ilford Delta 400 Pro;ID-11;stock;400;9.5;9.5;20C
Ilford Delta 400 Pro;ID-11;1+3;500;19.5;19.5;24C
Ilford Delta 400 Pro;ID-11;1+1;800;17.5;17.5;20C
Ilford Delta 400 Pro;ID-11;1+3;800;32;32;20C
Ilford Delta 400 Pro;ID-11;stock;800;11.5;11.5;20C
Ilford Delta 400 Pro;ID-11;1+2;1600;30;30;20C
Ilford Delta 400 Pro;ID-11;stock;1600;14.5;14.5;20C
Ilford Delta 400 Pro;ID-11;stock;3200;19;19;20C
Ilford Delta 400 Pro;Ilfosol 3;1+14;200;8;8;20C
Ilford Delta 400 Pro;Ilfosol 3;1+9;200;5.5;5.5;20C
Ilford Delta 400 Pro;Ilfosol 3;1+14;400;12;12;20C
Ilford Delta 400 Pro;Ilfosol 3;1+9;400;7;7;20C
Ilford Delta 400 Pro;Ilfosol 3;1+14;800;20.5;20.5;20C
Ilford Delta 400 Pro;Ilfosol 3;1+9;800;14;14;20C
Ilford Delta 400 Pro;Ilfotec DD;stock;200;6;6;24C
Ilford Delta 400 Pro;Ilfotec DD;stock;400;11;11;20C
Ilford Delta 400 Pro;Ilfotec DD;stock;400;7;7;24C
Ilford Delta 400 Pro;Ilfotec DD;stock;800;10;10;24C
Ilford Delta 400 Pro;Ilfotec DD;stock;1600;13;13;24C
Ilford Delta 400 Pro;Ilfotec DD;stock;3200;14;14;24C
Ilford Delta 400 Pro;Ilfotec DD-X;1+4;200;6;6;20C
Ilford Delta 400 Pro;Ilfotec DD-X;1+9;320;13;13;24C
Ilford Delta 400 Pro;Ilfotec DD-X;1+4;400;8;8;20C
Ilford Delta 400 Pro;Ilfotec DD-X;1+9;400;9.25;9.25;24C
Ilford Delta 400 Pro;Ilfotec DD-X;1+4;500;9.5;9.5;20C
Ilford Delta 400 Pro;Ilfotec DD-X;1+4;500;7;7;24C
Ilford Delta 400 Pro;Ilfotec DD-X;1+4;800;10.5;10.5;20C
Ilford Delta 400 Pro;Ilfotec DD-X;1+4;800;7.5;7.5;24C
Ilford Delta 400 Pro;Ilfotec DD-X;1+4;1600;13.5;13.5;20C
Ilford Delta 400 Pro;Ilfotec DD-X;1+4;1600;9.5;9.5;24C
Ilford Delta 400 Pro;Ilfotec DD-X;1+4;3200;18;18;20C
Ilford Delta 400 Pro;Ilfotec DD-X;1+4;3200;13;13;24C
Ilford Delta 400 Pro;Ilfotec HC;1+31;200;5;5;20C
Ilford Delta 400 Pro;Ilfotec HC;1+15;320;4;4;20C
Ilford Delta 400 Pro;Ilfotec HC;1+31;400;7.5;7.5;20C
Ilford Delta 400 Pro;Ilfotec HC;1+15;800;5.5;5.5;20C
Ilford Delta 400 Pro;Ilfotec HC;1+31;800;10;10;20C
Ilford Delta 400 Pro;Ilfotec HC;1+15;1600;7.5;7.5;20C
Ilford Delta 400 Pro;Ilfotec HC;1+31;1600;13.5;13.5;20C
Ilford Delta 400 Pro;Ilfotec HC;1+15;3200;13;13;20C
Ilford Delta 400 Pro;Ilfotec LC29;1+19;200;5;5;20C
Ilford Delta 400 Pro;Ilfotec LC29;1+29;200;8.5;8.5;20C
Ilford Delta 400 Pro;Ilfotec LC29;1+9;320;4;4;20C
Ilford Delta 400 Pro;Ilfotec LC29;1+19;400;7.5;7.5;20C
Ilford Delta 400 Pro;Ilfotec LC29;1+29;400;11.5;11.5;20C
Ilford Delta 400 Pro;Ilfotec LC29;1+19;800;10;10;20C
Ilford Delta 400 Pro;Ilfotec LC29;1+29;800;17;17;20C
Ilford Delta 400 Pro;Ilfotec LC29;1+9;800;5.5;5.5;20C
Ilford Delta 400 Pro;Ilfotec LC29;1+19;1600;13.5;13.5;20C
Ilford Delta 400 Pro;Ilfotec LC29;1+9;1600;7.5;7.5;20C
Ilford Delta 400 Pro;Ilfotec LC29;1+9;3200;13;13;20C
Ilford Delta 400 Pro;Microdol-X;1+1;200;14.5;14.5;20C
Ilford Delta 400 Pro;Microdol-X;stock;200;11;11;20C
Ilford Delta 400 Pro;Microdol-X;1+1;320;16.5;16.5;20C
Ilford Delta 400 Pro;Microdol-X;stock;320;13.5;13.5;20C
Ilford Delta 400 Pro;Microphen;1+1;200;8.5;8.5;20C
Ilford Delta 400 Pro;Microphen;1+3;200;16;16;20C
Ilford Delta 400 Pro;Microphen;stock;200;5;5;20C
Ilford Delta 400 Pro;Microphen;1+1;400;11.5;11.5;20C
Ilford Delta 400 Pro;Microphen;1+3;400;16;16;24C
Ilford Delta 400 Pro;Microphen;stock;400;6.5;6.5;20C
Ilford Delta 400 Pro;Microphen;1+1;500;13.5;13.5;20C
Ilford Delta 400 Pro;Microphen;1+3;500;20;20;24C
Ilford Delta 400 Pro;Microphen;stock;500;7.5;7.5;20C
Ilford Delta 400 Pro;Microphen;1+1;800;15.5;15.5;20C
Ilford Delta 400 Pro;Microphen;stock;800;8.5;8.5;20C
Ilford Delta 400 Pro;Microphen;1+1;1600;19;19;20C
Ilford Delta 400 Pro;Microphen;stock;1600;10.5;10.5;20C
Ilford Delta 400 Pro;Microphen;stock;3200;14;14;20C
Ilford Delta 400 Pro;Microphen;stock;6400;17.5;17.5;20C
Ilford Delta 400 Pro;Mocon;1+64;400;18;18;20C
Ilford Delta 400 Pro;Moersch eco;1+1+40;500;13;13;20C
Ilford Delta 400 Pro;Neopress HC;1+15;400;2.5;2.5;20C
Ilford Delta 400 Pro;Neopress HC;1+15;400;3.5;3.5;20C
Ilford Delta 400 Pro;Neopress HC;1+31;400;7;7;20C
Ilford Delta 400 Pro;Neopress HC;1+31;400;5;5;20C
Ilford Delta 400 Pro;Neopress HC;1+15;800;4;4;20C
Ilford Delta 400 Pro;Neopress HC;1+15;1600;5.5;5.5;20C
Ilford Delta 400 Pro;Nucleol BF200;4+3;200;9.25;9.25;20C
Ilford Delta 400 Pro;Nucleol BF200;4+3;200;6.75;6.75;24C
Ilford Delta 400 Pro;Paranol S;1+25;400;12;12;20C
Ilford Delta 400 Pro;Paranol S;1+50;400;40;40;20C
Ilford Delta 400 Pro;Perceptol;1+1;200;12.5;12.5;20C
Ilford Delta 400 Pro;Perceptol;1+3;200;18.5;18.5;20C
Ilford Delta 400 Pro;Perceptol;stock;200;10;10;20C
Ilford Delta 400 Pro;Perceptol;stock;250;12;12;20C
Ilford Delta 400 Pro;Perceptol;1+1;320;15.5;15.5;20C
Ilford Delta 400 Pro;Perceptol;1+3;400;22;22;20C
Ilford Delta 400 Pro;PMK;1+2+100;200;11;11;20C
Ilford Delta 400 Pro;PQ Universal;1+29;400;11.5;11.5;21C
Ilford Delta 400 Pro;Prescysol EF;1+1+100;250;9.25;9.25;23C
Ilford Delta 400 Pro;Promicrol;1+14;600;16;16;20C
Ilford Delta 400 Pro;Promicrol;1+9;600;11;11;20C
Ilford Delta 400 Pro;Promicrol;1+14;800;16;16;20C
Ilford Delta 400 Pro;Promicrol;1+9;800;11;11;20C
Ilford Delta 400 Pro;Pyrocat-HD;1+1+100;200;10;10;20C
Ilford Delta 400 Pro;Pyrocat-HD;1+1+100;320;16;16;21C
Ilford Delta 400 Pro;Pyrocat-HD;1+1+100;400;18;18;20C
Ilford Delta 400 Pro;Pyrocat-HD;1+1+100;400;12;12;21C
Ilford Delta 400 Pro;Rodinal;1+25;200;6.5;6.5;20C
Ilford Delta 400 Pro;Rodinal;1+50;200;11;11;20C
Ilford Delta 400 Pro;Rodinal;1+24;250;7.5;7.5;20C
Ilford Delta 400 Pro;Rodinal;1+100;400;36;36;20C
Ilford Delta 400 Pro;Rodinal;1+200;400;105;105;20C
Ilford Delta 400 Pro;Rodinal;1+25;400;9;9;20C
Ilford Delta 400 Pro;Rodinal;1+50;400;20;20;20C
Ilford Delta 400 Pro;Rodinal;1+25;800;18.5;18.5;20C
Ilford Delta 400 Pro;Rodinal;1+25;800;16;16;24C
Ilford Delta 400 Pro;Rodinal;1+16;1600;20;20;20C
Ilford Delta 400 Pro;Rodinal;1+25;3200;40;40;20C
Ilford Delta 400 Pro;Rollei D74;1+15;400;10.5;10.5;20C
Ilford Delta 400 Pro;Rollei D74;1+9;400;8;8;20C
Ilford Delta 400 Pro;Rollei RLS Low Speed;1+4;200;15;15;24C
Ilford Delta 400 Pro;Silberra Ascorol;stock;400;10;10;22C
Ilford Delta 400 Pro;Silberra Ascorol;1+29;400;10;10;20C
Ilford Delta 400 Pro;Silvermax;1+30;400;28;28;20C
Ilford Delta 400 Pro;Sprint Standard;1+9;400;11.5;11.5;20C
Ilford Delta 400 Pro;Spur 2525;1+12;250;6.5;6.5;20C
Ilford Delta 400 Pro;Spur HRX;1+15;250;13;13;20C
Ilford Delta 400 Pro;Spur HRX;1+17;400;11;11;21C
Ilford Delta 400 Pro;Spur SLD;1+19;400;9;9;20C
Ilford Delta 400 Pro;Spur SLD;1+9;500;5;5;20C
Ilford Delta 400 Pro;Spur SLD;1+9;800;7.5-8;7.5-8;20C
Ilford Delta 400 Pro;Studional;1+15;400;4.5;4.5;20C
Ilford Delta 400 Pro;Studional;1+15;400;8;8;22C
Ilford Delta 400 Pro;Suprol;1+19;400;4.5;4.5;20C
Ilford Delta 400 Pro;Tanol;1+1+100;250;14.5;14.5;24C
Ilford Delta 400 Pro;TMax Dev;1+4;200;5;5;20C
Ilford Delta 400 Pro;TMax Dev;1+4;200;4;4;24C
Ilford Delta 400 Pro;TMax Dev;1+4;400;6.5;6.5;20C
Ilford Delta 400 Pro;TMax Dev;1+4;500;7;7;20C
Ilford Delta 400 Pro;TMax Dev;1+4;500;5.5;5.5;24C
Ilford Delta 400 Pro;TMax Dev;1+4;800;8.5;8.5;20C
Ilford Delta 400 Pro;TMax Dev;1+4;800;7;7;24C
Ilford Delta 400 Pro;TMax Dev;1+4;1600;10.5;10.5;20C
Ilford Delta 400 Pro;TMax Dev;1+4;1600;8.5;8.5;24C
Ilford Delta 400 Pro;TMax Dev;1+4;3200;13.5;13.5;20C
Ilford Delta 400 Pro;TMax Dev;1+4;3200;11;11;24C
Ilford Delta 400 Pro;TMax RS;stock;3200;13.5;13.5;22C
Ilford Delta 400 Pro;Ultrafin T-Plus;1+4;400;8.25;8.25;20C
Ilford Delta 400 Pro;Ultrafine Endurance;1+9;400;6;6;20C
Ilford Delta 400 Pro;Ultrafine Liquid;1+2;400;7;7.5;20C
Ilford Delta 400 Pro;Ultrafine Liquid;1+4;400;10.5;11.5;20C
Ilford Delta 400 Pro;Ultrafine Powder;1+1;400;14;14;20C
Ilford Delta 400 Pro;WD2D+;stock;400;9;9;20C
Ilford Delta 400 Pro;Xtol;1+2;100;6;6;24C
Ilford Delta 400 Pro;Xtol;1+1;200;9;9;20C
Ilford Delta 400 Pro;Xtol;stock;200;6;6;20C
Ilford Delta 400 Pro;Xtol;1+1;400;11.5;11.5;20C
Ilford Delta 400 Pro;Xtol;stock;400;5.5;5.5;20C
Ilford Delta 400 Pro;Xtol;stock;400;7.5;7.5;20C
Ilford Delta 400 Pro;Xtol;1+3;400;16.5;16.5;20C
Ilford Delta 400 Pro;Xtol;1+1;500;13;13;20C
Ilford Delta 400 Pro;Xtol;stock;500;8.5;8.5;20C
Ilford Delta 400 Pro;Xtol;1+1;800;15.5;15.5;20C
Ilford Delta 400 Pro;Xtol;stock;800;10;10;20C
Ilford Delta 400 Pro;Xtol;1+1;1600;20;20;20C
Ilford Delta 400 Pro;Xtol;stock;1600;13;13;20C
Ilford Delta 400 Pro;Xtol;1+1;3200;18;18;24C
Ilford Delta 400 Pro;Xtol;stock;3200;17;17;20C
Ilford Delta 3200 Pro;Acurol-N;1+50;320;10.5;10.5;20C
Ilford Delta 3200 Pro;Acurol-N;1+50;320;11.5;11.5;20C
Ilford Delta 3200 Pro;Acurol-N;1+100;400;31;31;20C
Ilford Delta 3200 Pro;Adox HR-DEV;1+20;800;13;13;20C
Ilford Delta 3200 Pro;ADX II;1+24;800;16;16;20C
Ilford Delta 3200 Pro;Amaloco AM74;1+7;400;6;6;20C
Ilford Delta 3200 Pro;Amaloco AM74;1+7;800;7;7;20C
Ilford Delta 3200 Pro;Amaloco AM74;1+7;1600;9.5;9.5;20C
Ilford Delta 3200 Pro;Amaloco AM74;1+7;3200;10.5;10.5;20C
Ilford Delta 3200 Pro;Amaloco AM74;1+7;6400;13;13;20C
Ilford Delta 3200 Pro;Ars-Imago FD;1+19;3200;8;8;20C
Ilford Delta 3200 Pro;Atomal 49;stock;3200;17;17;20C
Ilford Delta 3200 Pro;Bellini Hydrofen;1+15;1250;6;6;20C
Ilford Delta 3200 Pro;Bellini Hydrofen;1+19;3200;8;8;20C
Ilford Delta 3200 Pro;Berspeed;1+1;800;14;14;20C
Ilford Delta 3200 Pro;Berspeed;1+1;800;10.25;10.25;24C
Ilford Delta 3200 Pro;Berspeed;1+1;1600;16;16;20C
Ilford Delta 3200 Pro;Berspeed;1+1;1600;11.75;11.75;24C
Ilford Delta 3200 Pro;Berspeed;1+1;3200;18;18;20C
Ilford Delta 3200 Pro;Berspeed;1+1;3200;13;13;24C
Ilford Delta 3200 Pro;D-76;stock;100;5.5;5.5;20C
Ilford Delta 3200 Pro;D-76;1+1;400;9.5;9.5;20C
Ilford Delta 3200 Pro;D-76;stock;400;7;7;20C
Ilford Delta 3200 Pro;D-76;stock;800;8;8;20C
Ilford Delta 3200 Pro;D-76;stock;1000;8.75;8.75;19C
Ilford Delta 3200 Pro;D-76;stock;1600;9.5;9.5;20C
Ilford Delta 3200 Pro;D-76;1+1;3200;12;12;20C
Ilford Delta 3200 Pro;D-76;stock;3200;10.5;10.5;20C
Ilford Delta 3200 Pro;D-76;1+3;3200;16;16;22C
Ilford Delta 3200 Pro;D-76;1+1;6400;26;26;20C
Ilford Delta 3200 Pro;D-76;stock;6400;13;13;20C
Ilford Delta 3200 Pro;D-76;stock;12500;17;17;20C
Ilford Delta 3200 Pro;Eco Pro;stock;400;5;5;20C
Ilford Delta 3200 Pro;Eco Pro;stock;800;6;6;20C
Ilford Delta 3200 Pro;Eco Pro;1+2;1600;17;17;24C
Ilford Delta 3200 Pro;Eco Pro;1+2;1600;15;15;27C
Ilford Delta 3200 Pro;Eco Pro;1+1;1600;15;15;24C
Ilford Delta 3200 Pro;Eco Pro;stock;1600;6.5;6.5;20C
Ilford Delta 3200 Pro;Eco Pro;1+1;3200;18;18;23C
Ilford Delta 3200 Pro;Eco Pro;1+2;3200;20;20;24C
Ilford Delta 3200 Pro;Eco Pro;stock;3200;7.5;7.5;20C
Ilford Delta 3200 Pro;Eco Pro;stock;6400;10;10;20C
Ilford Delta 3200 Pro;Eco Pro;stock;12500;12.5;12.5;20C
Ilford Delta 3200 Pro;Emofin;stock;3200;10+10;10+10;20C
Ilford Delta 3200 Pro;F76+;1+9;3200;10;10;20C
Ilford Delta 3200 Pro;FD10;1+14;3200;14;14;20C
Ilford Delta 3200 Pro;FD10;1+9;3200;11;11;20C
Ilford Delta 3200 Pro;Foma W-17 Hydrofen;stock;3200;8;8;20C
Ilford Delta 3200 Pro;FX-15;1+1;1600;19.25;19.25;21C
Ilford Delta 3200 Pro;FX-19;stock;100;11;11;20C
Ilford Delta 3200 Pro;FX-37;1+3;1600;7.5;7.5;21C
Ilford Delta 3200 Pro;FX-39;1+5;1600;9;9;20C
Ilford Delta 3200 Pro;FX-39;1+5;3200;11;11;20C
Ilford Delta 3200 Pro;FX-39;1+5;6400;13;13;20C
Ilford Delta 3200 Pro;FX-39;1+5;12500;15;15;20C
Ilford Delta 3200 Pro;FX-55;1+9;3200;12.5;12.5;20C
Ilford Delta 3200 Pro;HC-110;B;400;6;6;20C
Ilford Delta 3200 Pro;HC-110;A;800;4.5;4.5;20C
Ilford Delta 3200 Pro;HC-110;B;800;7.5;7.5;20C
Ilford Delta 3200 Pro;HC-110;A;1600;5;5;20C
Ilford Delta 3200 Pro;HC-110;B;1600;9;9;20C
Ilford Delta 3200 Pro;HC-110;A;3200;8;8;20C
Ilford Delta 3200 Pro;HC-110;B;3200;14.5;14.5;20C
Ilford Delta 3200 Pro;HC-110;A;6400;13;13;20C
Ilford Delta 3200 Pro;ID-11;stock;100;5.5;5.5;20C
Ilford Delta 3200 Pro;ID-11;stock;400;7;7;20C
Ilford Delta 3200 Pro;ID-11;stock;800;8;8;20C
Ilford Delta 3200 Pro;ID-11;stock;1600;9.5;9.5;20C
Ilford Delta 3200 Pro;ID-11;stock;3200;10.5;10.5;20C
Ilford Delta 3200 Pro;ID-11;1+3;3200;16;16;22C
Ilford Delta 3200 Pro;ID-11;stock;6400;13;13;20C
Ilford Delta 3200 Pro;ID-11;stock;12500;17;17;20C
Ilford Delta 3200 Pro;Ilfosol 3;1+14;400;11;11;20C
Ilford Delta 3200 Pro;Ilfosol 3;1+9;400;6;6;20C
Ilford Delta 3200 Pro;Ilfosol 3;1+14;800;13;13;20C
Ilford Delta 3200 Pro;Ilfosol 3;1+9;800;7.5;7.5;20C
Ilford Delta 3200 Pro;Ilfosol 3;1+9;1000;9.25;9.25;20C
Ilford Delta 3200 Pro;Ilfosol 3;1+14;1600;15.5;15.5;20C
Ilford Delta 3200 Pro;Ilfosol 3;1+9;1600;10;10;20C
Ilford Delta 3200 Pro;Ilfosol 3;1+14;3200;17;17;20C
Ilford Delta 3200 Pro;Ilfosol 3;1+9;3200;11;11;20C
Ilford Delta 3200 Pro;Ilfosol 3;1+14;6400;23;23;20C
Ilford Delta 3200 Pro;Ilfosol 3;1+9;6400;18;18;20C
Ilford Delta 3200 Pro;Ilfotec DD;stock;400;8;8;24C
Ilford Delta 3200 Pro;Ilfotec DD;stock;800;8.5;8.5;24C
Ilford Delta 3200 Pro;Ilfotec DD;stock;1600;9.5;9.5;24C
Ilford Delta 3200 Pro;Ilfotec DD;stock;3200;12.5;12.5;20C
Ilford Delta 3200 Pro;Ilfotec DD;stock;3200;10.5;10.5;24C
Ilford Delta 3200 Pro;Ilfotec DD;stock;6400;13.5;13.5;24C
Ilford Delta 3200 Pro;Ilfotec DD;stock;12500;19;19;24C
Ilford Delta 3200 Pro;Ilfotec DD-X;1+4;400;6;6;20C
Ilford Delta 3200 Pro;Ilfotec DD-X;1+4;800;7;7;20C
Ilford Delta 3200 Pro;Ilfotec DD-X;1+4;800;5;5;24C
Ilford Delta 3200 Pro;Ilfotec DD-X;1+9;800;13;13;20C
Ilford Delta 3200 Pro;Ilfotec DD-X;1+4;1600;8;8;20C
Ilford Delta 3200 Pro;Ilfotec DD-X;1+4;1600;6;6;24C
Ilford Delta 3200 Pro;Ilfotec DD-X;1+9;1600;20;20;20C
Ilford Delta 3200 Pro;Ilfotec DD-X;1+4;3200;9.5;9.5;20C
Ilford Delta 3200 Pro;Ilfotec DD-X;1+4;3200;7;7;24C
Ilford Delta 3200 Pro;Ilfotec DD-X;1+4;6400;12.5;12.5;20C
Ilford Delta 3200 Pro;Ilfotec DD-X;1+4;6400;9;9;24C
Ilford Delta 3200 Pro;Ilfotec DD-X;1+4;12500;17;17;20C
Ilford Delta 3200 Pro;Ilfotec DD-X;1+4;12500;12;12;24C
Ilford Delta 3200 Pro;Ilfotec DD-X;1+4;25000;25;25;20C
Ilford Delta 3200 Pro;Ilfotec DD-X;1+4;25000;17;17;24C
Ilford Delta 3200 Pro;Ilfotec HC;1+31;400;6;6;20C
Ilford Delta 3200 Pro;Ilfotec HC;1+15;800;4.5;4.5;20C
Ilford Delta 3200 Pro;Ilfotec HC;1+31;800;7.5;7.5;20C
Ilford Delta 3200 Pro;Ilfotec HC;1+15;1600;5;5;20C
Ilford Delta 3200 Pro;Ilfotec HC;1+31;1600;9;9;20C
Ilford Delta 3200 Pro;Ilfotec HC;1+15;3200;8;8;20C
Ilford Delta 3200 Pro;Ilfotec HC;1+31;3200;14.5;14.5;20C
Ilford Delta 3200 Pro;Ilfotec HC;1+15;6400;13;13;20C
Ilford Delta 3200 Pro;Ilfotec LC29;1+19;400;6;6;20C
Ilford Delta 3200 Pro;Ilfotec LC29;1+19;800;7.5;7.5;20C
Ilford Delta 3200 Pro;Ilfotec LC29;1+9;800;4.5;4.5;20C
Ilford Delta 3200 Pro;Ilfotec LC29;1+19;1600;9;9;20C
Ilford Delta 3200 Pro;Ilfotec LC29;1+9;1600;5;5;20C
Ilford Delta 3200 Pro;Ilfotec LC29;1+19;3200;14.5;14.5;20C
Ilford Delta 3200 Pro;Ilfotec LC29;1+9;3200;8;8;20C
Ilford Delta 3200 Pro;Ilfotec LC29;1+9;6400;13;13;20C
Ilford Delta 3200 Pro;Microdol-X;stock;400;10;10;20C
Ilford Delta 3200 Pro;Microdol-X;stock;800;11.5;11.5;20C
Ilford Delta 3200 Pro;Microdol-X;stock;1600;13;13;20C
Ilford Delta 3200 Pro;Microdol-X;stock;3200;18;18;20C
Ilford Delta 3200 Pro;Microphen;stock;400;6;6;20C
Ilford Delta 3200 Pro;Microphen;stock;800;7;7;20C
Ilford Delta 3200 Pro;Microphen;stock;1600;8;8;20C
Ilford Delta 3200 Pro;Microphen;stock;3200;9;9;20C
Ilford Delta 3200 Pro;Microphen;stock;6400;12;12;20C
Ilford Delta 3200 Pro;Microphen;stock;12500;16.5;16.5;20C
Ilford Delta 3200 Pro;Mocon;1+64;3200;25;25;20C
Ilford Delta 3200 Pro;Neopress HC;1+15;3200;3;3;20C
Ilford Delta 3200 Pro;Neopress HC;1+15;3200;4.5;4.5;20C
Ilford Delta 3200 Pro;Neopress HC;1+31;3200;7.5;7.5;20C
Ilford Delta 3200 Pro;Neopress HC;1+31;3200;4;4;20C
Ilford Delta 3200 Pro;Neopress HC;1+15;6400;4.5;4.5;20C
Ilford Delta 3200 Pro;Neopress HC;1+15;12800;7;7;20C
Ilford Delta 3200 Pro;Nucleol BF200;8+5;1600;14;14;24C
Ilford Delta 3200 Pro;Nucleol BF200;8+5;3200;16;16;20C
Ilford Delta 3200 Pro;Nucleol BF200;8+5;6400;18.5;18.5;24C
Ilford Delta 3200 Pro;Paranol S;1+25;3200;23;23;20C
Ilford Delta 3200 Pro;Perceptol;stock;400;11;11;20C
Ilford Delta 3200 Pro;Perceptol;stock;800;13;13;20C
Ilford Delta 3200 Pro;Perceptol;stock;1600;15;15;20C
Ilford Delta 3200 Pro;Perceptol;stock;3200;18;18;20C
Ilford Delta 3200 Pro;PMK;1+2+100;1600;18;18;24C
Ilford Delta 3200 Pro;PQ Universal;1+5;12800;8;8;24C
Ilford Delta 3200 Pro;Prescysol EF;1+1+100;1600;16;16;23C
Ilford Delta 3200 Pro;Promicrol;1+14;4800;21;21;20C
Ilford Delta 3200 Pro;Promicrol;1+9;4800;14;14;20C
Ilford Delta 3200 Pro;Promicrol;1+14;6400;21;21;20C
Ilford Delta 3200 Pro;Promicrol;1+9;6400;14;14;20C
Ilford Delta 3200 Pro;Rodinal;1+25;400;5.5;5.5;20C
Ilford Delta 3200 Pro;Rodinal;1+25;800;7;7;20C
Ilford Delta 3200 Pro;Rodinal;1+25;1000;8.5;8.5;20C
Ilford Delta 3200 Pro;Rodinal;1+25;1600;9;9;20C
Ilford Delta 3200 Pro;Rodinal;1+63;1600;28;28;20C
Ilford Delta 3200 Pro;Rodinal;1+25;3200;11;11;20C
Ilford Delta 3200 Pro;Rodinal;1+25;6400;20;20;20C
Ilford Delta 3200 Pro;Rodinal;1+15;6400;18;18;20C
Ilford Delta 3200 Pro;Rollei D74;1+15;3200;17.5;17.5;20C
Ilford Delta 3200 Pro;Rollei D74;1+9;3200;12;12;20C
Ilford Delta 3200 Pro;Rollei RHS DC;1+15;3200;17.5;17.5;20C
Ilford Delta 3200 Pro;Rollei RLS Low Speed;1+4;1600;18;18;24C
Ilford Delta 3200 Pro;Silberra Ascorol;1+29;3200;11;11;20C
Ilford Delta 3200 Pro;Sprint Standard;2+8;3200;11.25;11.25;24C
Ilford Delta 3200 Pro;Spur 2525;1+12;320;8.5-9;8.5-9;20C
Ilford Delta 3200 Pro;Spur 2525;1+12;400;8.5-9;8.5-9;20C
Ilford Delta 3200 Pro;Spur HRX;1+8;800;15;15;20C
Ilford Delta 3200 Pro;Spur SLD;1+7;800;5.5;5.5;20C
Ilford Delta 3200 Pro;Spur SLD;1+7;1000;6.5-7;6.5-7;20C
Ilford Delta 3200 Pro;Spur SLD;1+7;1280;8-9;8-9;20C
Ilford Delta 3200 Pro;Spur SLD;1+7;1600;8-9;8-9;20C
Ilford Delta 3200 Pro;Studional;1+15;1250;6;6;20C
Ilford Delta 3200 Pro;Suprol;1+19;3200;6;6;20C
Ilford Delta 3200 Pro;Tanol;1+1+100;1000;17;17;22C
Ilford Delta 3200 Pro;TMax Dev;1+4;400;5.5;5.5;20C
Ilford Delta 3200 Pro;TMax Dev;1+4;800;6.5;6.5;20C
Ilford Delta 3200 Pro;TMax Dev;1+4;1250;7;7;20C
Ilford Delta 3200 Pro;TMax Dev;1+4;1600;7.5;7.5;20C
Ilford Delta 3200 Pro;TMax Dev;1+4;3200;8.5;8.5;20C
Ilford Delta 3200 Pro;TMax Dev;1+4;6400;11;11;20C
Ilford Delta 3200 Pro;TMax Dev;1+4;12500;14;14;20C
Ilford Delta 3200 Pro;Ultrafin;1+20;1000;13.25;13.25;20C
Ilford Delta 3200 Pro;Ultrafin;1+10;3200;8.5;8.5;20C
Ilford Delta 3200 Pro;Ultrafin T-Plus;1+4;3200;12.5;12.5;20C
Ilford Delta 3200 Pro;Ultrafine Endurance;1+9;3200;9;9;20C
Ilford Delta 3200 Pro;Xtol;stock;400;5;5;20C
Ilford Delta 3200 Pro;Xtol;stock;800;6;6;20C
Ilford Delta 3200 Pro;Xtol;1+1;1600;15;15;24C
Ilford Delta 3200 Pro;Xtol;1+2;1600;17;17;24C
Ilford Delta 3200 Pro;Xtol;1+2;1600;15;15;27C
Ilford Delta 3200 Pro;Xtol;stock;1600;6.5;6.5;20C
Ilford Delta 3200 Pro;Xtol;1+1;3200;18;18;23C
Ilford Delta 3200 Pro;Xtol;1+2;3200;20;20;24C
Ilford Delta 3200 Pro;Xtol;stock;3200;7.5;7.5;20C
Ilford Delta 3200 Pro;Xtol;stock;3200;6.5;6.5;26C
Ilford Delta 3200 Pro;Xtol;stock;3200;7;7;24C
Ilford Delta 3200 Pro;Xtol;stock;6400;10;10;20C
Ilford Delta 3200 Pro;Xtol;stock;12500;12.5;12.5;20C
Ilford SFX 200;Adox HR-DEV;1+30;100;10.5;10.5;20C
Ilford SFX 200;ADX II;1+17;80;10;10;20C
Ilford SFX 200;Amaloco AM74;1+7;200;8;8;20C
Ilford SFX 200;Arista Liquid;1+9;200;8.5;8.5;20C
Ilford SFX 200;Arista Liquid;1+9;400;10.5;10.5;20C
Ilford SFX 200;Arista Liquid;1+9;800;12.5;12.5;20C
Ilford SFX 200;Atomal 49;stock;12;13;13;20C
Ilford SFX 200;Bellini Hydrofen;1+15;125;4;4;20C
Ilford SFX 200;Berspeed;1+1;200;15.5;15.5;20C
Ilford SFX 200;Berspeed;1+1;200;11.25;11.25;24C
Ilford SFX 200;D-19;1+1;200;9;9;20C
Ilford SFX 200;D-19;stock;400;5;5;20C
Ilford SFX 200;D-76;1+1;200;17;17;20C
Ilford SFX 200;D-76;stock;200;10;10;20C
Ilford SFX 200;D-76;stock;400;14;14;20C
Ilford SFX 200;D-76;1+1;400;17;17;20C
Ilford SFX 200;D-76;stock;800;18;18;20C
Ilford SFX 200;Eco Pro;1+1;200;9;9;20C
Ilford SFX 200;Emofin;stock;200;3+3;3+3;20C
Ilford SFX 200;F76+;1+9;200;8;8;20C
Ilford SFX 200;F76+;1+14;200;12.5;12.5;20C
Ilford SFX 200;F76+;1+14;400;18.5;18.5;20C
Ilford SFX 200;F76+;1+9;400;10;10;20C
Ilford SFX 200;F76+;1+9;800;11.5;11.5;20C
Ilford SFX 200;FA-1027;1+9;200;11;11;20C
Ilford SFX 200;FD10;1+9;200;10;10;20C
Ilford SFX 200;FD10;1+14;200;14;14;20C
Ilford SFX 200;Finol;1+1+50;32;10;10;24C
Ilford SFX 200;Fomadon LQN;1+10;200;9;9;20C
Ilford SFX 200;FX-19;stock;100;12;12;20C
Ilford SFX 200;FX-39;1+9;200;5.5;7.5;20C
Ilford SFX 200;FX-55;1+9;200;14;14;20C
Ilford SFX 200;HC-110;B;200;9;9;20C
Ilford SFX 200;HC-110;B;400;13;13;20C
Ilford SFX 200;HC-110;B;800;19;19;20C
Ilford SFX 200;ID-11;stock;200;10;10;20C
Ilford SFX 200;ID-11;1+1;200;17;17;20C
Ilford SFX 200;ID-11;1+1;400;17;17;20C
Ilford SFX 200;ID-11;stock;400;14;14;20C
Ilford SFX 200;ID-11;stock;800;18;18;20C
Ilford SFX 200;Ilfosol 3;1+9;200;6;6;20C
Ilford SFX 200;Ilfosol 3;1+14;200;9;9;20C
Ilford SFX 200;Ilfosol 3;1+9;400;8.5;8.5;20C
Ilford SFX 200;Ilfosol 3;1+14;400;13.5;13.5;20C
Ilford SFX 200;Ilfotec DD;stock;200;8.5;8.5;24C
Ilford SFX 200;Ilfotec DD;stock;400;11.5;11.5;24C
Ilford SFX 200;Ilfotec DD;stock;800;14;14;24C
Ilford SFX 200;Ilfotec DD-X;1+9;200;14;14;20C
Ilford SFX 200;Ilfotec DD-X;1+4;200;10;10;20C
Ilford SFX 200;Ilfotec DD-X;1+4;200;7;7;24C
Ilford SFX 200;Ilfotec DD-X;1+4;400;14;14;20C
Ilford SFX 200;Ilfotec DD-X;1+4;400;10;10;24C
Ilford SFX 200;Ilfotec HC;1+31;200;9;9;20C
Ilford SFX 200;Ilfotec HC;1+15;200;5;5;20C
Ilford SFX 200;Ilfotec HC;1+31;400;13;13;20C
Ilford SFX 200;Ilfotec HC;1+15;400;7;7;20C
Ilford SFX 200;Ilfotec HC;1+31;800;19;19;20C
Ilford SFX 200;Ilfotec HC;1+15;800;10.5;10.5;20C
Ilford SFX 200;Ilfotec LC29;1+19;160;9;9;21C
Ilford SFX 200;Ilfotec LC29;1+29;200;11;11;20C
Ilford SFX 200;Ilfotec LC29;1+9;200;5;5;20C
Ilford SFX 200;Ilfotec LC29;1+19;200;9;9;20C
Ilford SFX 200;Ilfotec LC29;1+19;400;13;13;20C
Ilford SFX 200;Ilfotec LC29;1+9;400;7;7;20C
Ilford SFX 200;Microphen;1+1;200;15.5;15.5;20C
Ilford SFX 200;Microphen;stock;200;8.5;8.5;20C
Ilford SFX 200;Microphen;1+1;400;19;19;20C
Ilford SFX 200;Microphen;stock;400;10.5;10.5;20C
Ilford SFX 200;Microphen;stock;800;14.5;14.5;20C
Ilford SFX 200;Moersch eco;2+1+40;125;10.75;10.75;20C
Ilford SFX 200;Nucleol BF200;4+3;200;9.5;9.5;20C
Ilford SFX 200;Nucleol BF200;4+3;250;10.5;10.5;20C
Ilford SFX 200;Nucleol BF200;4+3;400;11;11;20C
Ilford SFX 200;Paranol S;1+50;200;12;12;20C
Ilford SFX 200;Paranol S;1+25;200;5;5;20C
Ilford SFX 200;Perceptol;1+1;200;20;20;20C
Ilford SFX 200;Perceptol;stock;200;14.5;14.5;20C
Ilford SFX 200;PMK;1+2+100;125;11;11;24C
Ilford SFX 200;Pyrocat-HD;1+1+100;200;18;18;20C
Ilford SFX 200;Rodinal;1+50;200;10;10;20C
Ilford SFX 200;Rodinal;1+49;200;15;15;20C
Ilford SFX 200;Rodinal;1+25;200;6;6;20C
Ilford SFX 200;Silberra Ascorol;1+29;200;10;10;20C
Ilford SFX 200;Spur 2525;1+12;125;5;5;20C
Ilford SFX 200;Spur 2525;1+12;160;5;5;20C
Ilford SFX 200;Spur HRX;1+17;80;10;10;20C
Ilford SFX 200;Studional;1+15;125;4;4;20C
Ilford SFX 200;Suprol;1+19;200;2.75;2.75;20C
Ilford SFX 200;Tanol;1+1+100;125;14.15;14.15;22C
Ilford SFX 200;TMax Dev;1+4;200;8.5;8.5;20C
Ilford SFX 200;TMax Dev;1+4;400;10.5;10.5;20C
Ilford SFX 200;TMax Dev;1+4;800;12.5;12.5;20C
Ilford SFX 200;TMax RS;stock;200;6;6;24C
Ilford SFX 200;TMax RS;stock;400;7;7;24C
Ilford SFX 200;TMax RS;stock;800;9;9;24C
Ilford SFX 200;Ultrafin;1+20;200;15;15;20C
Ilford SFX 200;Ultrafin T-Plus;1+4;200;7;7;20C
Ilford SFX 200;Xtol;1+1;200;9;9;20C
Ilford Pan 100;Acufine;stock;100;4;/;20C
Ilford Pan 100;Acufine;stock;200;6;/;20C
Ilford Pan 100;Caffenol C-L;stock;100;20;/;20C
Ilford Pan 100;Caffenol C-L;stock;100;50;/;21C
Ilford Pan 100;D-76;stock;50;6;/;20C
Ilford Pan 100;D-76;1+3;50;14;/;20C
Ilford Pan 100;D-76;1+1;50;7;/;20C
Ilford Pan 100;D-76;1+3;100;16;/;20C
Ilford Pan 100;D-76;stock;100;7;/;20C
Ilford Pan 100;D-76;1+1;100;10;/;20C
Ilford Pan 100;D-76;stock;200;9;/;20C
Ilford Pan 100;D-76;1+1;200;15;/;20C
Ilford Pan 100;D-76;stock;1600;14;/;24C
Ilford Pan 100;D-9;1+9;100;20;/;20C
Ilford Pan 100;Eco Pro;stock;100;8.5;/;20C
Ilford Pan 100;Eco Pro;1+1;400;12;/;20C
Ilford Pan 100;Eco Pro;1+1;400;12;/;23C
Ilford Pan 100;FD10;43709;100;8;/;20C
Ilford Pan 100;Fomadon LQN;1+10;100;9-10;/;20C
Ilford Pan 100;Fomadon P;stock;100;13;/;20C
Ilford Pan 100;Fomadon R09;1+40;100;10;/;20C
Ilford Pan 100;HC-110;B;50;6;/;20C
Ilford Pan 100;HC-110;A;100;4;/;20C
Ilford Pan 100;HC-110;B;100;8;/;20C
Ilford Pan 100;HC-110;A;200;5;/;20C
Ilford Pan 100;HC-110;B;200;9;/;20C
Ilford Pan 100;ID-11;1+1;50;7;/;20C
Ilford Pan 100;ID-11;1+3;50;14;/;20C
Ilford Pan 100;ID-11;stock;50;6;/;20C
Ilford Pan 100;ID-11;1+1;100;10;/;20C
Ilford Pan 100;ID-11;1+3;100;16;/;20C
Ilford Pan 100;ID-11;stock;100;7;/;20C
Ilford Pan 100;ID-11;stock;200;9;/;20C
Ilford Pan 100;ID-11;1+1;200;15;/;20C
Ilford Pan 100;Ilfosol 3;1+9;100;5;/;20C
Ilford Pan 100;Ilfotec DD;1+4;50;6;/;24C
Ilford Pan 100;Ilfotec DD;1+4;100;7;/;24C
Ilford Pan 100;Ilfotec DD;1+4;200;10;/;24C
Ilford Pan 100;Ilfotec DD-X;1+4;50;7;/;20C
Ilford Pan 100;Ilfotec DD-X;1+4;100;9;/;20C
Ilford Pan 100;Ilfotec DD-X;1+4;200;11;/;20C
Ilford Pan 100;Ilfotec HC;1+31;50;6;/;20C
Ilford Pan 100;Ilfotec HC;1+15;100;4;/;20C
Ilford Pan 100;Ilfotec HC;1+31;100;8;/;20C
Ilford Pan 100;Ilfotec HC;1+15;200;5;/;20C
Ilford Pan 100;Ilfotec HC;1+31;200;9;/;20C
Ilford Pan 100;Ilfotec LC29;1+29;50;8;/;20C
Ilford Pan 100;Ilfotec LC29;1+19;50;6;/;20C
Ilford Pan 100;Ilfotec LC29;1+9;100;4;/;20C
Ilford Pan 100;Ilfotec LC29;1+19;100;8;/;20C
Ilford Pan 100;Ilfotec LC29;1+29;100;12;/;20C
Ilford Pan 100;Ilfotec LC29;1+19;200;9;/;20C
Ilford Pan 100;Ilfotec LC29;1+9;200;5;/;20C
Ilford Pan 100;Microdol-X;1+3;50;16;/;20C
Ilford Pan 100;Microdol-X;stock;50;8;/;20C
Ilford Pan 100;Microphen;1+1;100;9;/;20C
Ilford Pan 100;Microphen;1+3;100;12;/;20C
Ilford Pan 100;Microphen;stock;100;7;/;20C
Ilford Pan 100;Microphen;1+3;200;16;/;20C
Ilford Pan 100;Microphen;stock;200;8;/;20C
Ilford Pan 100;Microphen;1+1;200;12;/;20C
Ilford Pan 100;Paranol S;1+50;100;13;/;20C
Ilford Pan 100;Perceptol;1+1;50;12;/;20C
Ilford Pan 100;Perceptol;stock;50;8;/;20C
Ilford Pan 100;Perceptol;1+3;50;16;/;20C
Ilford Pan 100;Pyrocat-HD;1+1+100;100;18;/;21C
Ilford Pan 100;Rodinal;1+50;100;15;/;20C
Ilford Pan 100;Rodinal;1+25;100;9;/;20C
Ilford Pan 100;Rodinal;1+50;200;20;/;20C
Ilford Pan 100;Rodinal;1+25;200;13;/;20C
Ilford Pan 100;Silberra Ascorol;1+29;100;7;/;20C
Ilford Pan 100;TMax Dev;1+4;100;8;/;20C
Ilford Pan 100;TMax Dev;1+4;200;9;/;20C
Ilford Pan 100;TMax Dev;1+4;800;21;/;21C
Ilford Pan 100;TMax RS;stock;100;7;/;24C
Ilford Pan 100;Ultrafin;1+20;100;11;/;20C
Ilford Pan 100;Ultrafin;1+10;100;7;/;20C
Ilford Pan 100;Ultrafin;1+10;200;9;/;20C
Ilford Pan 100;Ultrafin;1+20;200;14;/;20C
Ilford Pan 100;Ultrafine Liquid;1+4;100;8.5;/;20C
Ilford Pan 100;Ultrafine Liquid;1+2;100;5.5;/;20C
Ilford Pan 100;Xtol;stock;100;8.5;/;20C
Ilford Pan 100;Xtol;1+1;400;12;/;23C
Ilford Pan 100;Xtol;1+1;400;12;/;20C
Ilford Pan 400;Acufine;stock;200;4;/;20C
Ilford Pan 400;Acufine;stock;400;5;/;20C
Ilford Pan 400;Acufine;stock;800;7;/;20C
Ilford Pan 400;Acufine;stock;1600;9;/;20C
Ilford Pan 400;D-23;stock;400;9;/;20C
Ilford Pan 400;D-76;1+1;200;12;/;20C
Ilford Pan 400;D-76;1+3;200;18;/;20C
Ilford Pan 400;D-76;stock;200;6;/;20C
Ilford Pan 400;D-76;1+1;400;13;/;20C
Ilford Pan 400;D-76;1+3;400;20;/;20C
Ilford Pan 400;D-76;stock;400;7;/;20C
Ilford Pan 400;D-76;1+1;800;16;/;20C
Ilford Pan 400;D-76;stock;800;10;/;20C
Ilford Pan 400;D-76;stock;1600;14;/;20C
Ilford Pan 400;D-76;stock;3200;28;/;20C
Ilford Pan 400;Eco Pro;1+1;400;9;/;20C
Ilford Pan 400;Eco Pro;1+1;800;14.5;/;20C
Ilford Pan 400;Fomadon LQN;1+10;1600;20;/;21C
Ilford Pan 400;Fomadon P;stock;800;15;/;20C
Ilford Pan 400;Fomadon R09;1+40;400;11;/;20C
Ilford Pan 400;HC-110;A;400;3;/;20C
Ilford Pan 400;HC-110;B;400;6;/;20C
Ilford Pan 400;HC-110;A;800;5;/;20C
Ilford Pan 400;HC-110;B;800;9;/;20C
Ilford Pan 400;HC-110;A;1600;7;/;20C
Ilford Pan 400;HC-110;B;1600;14;/;20C
Ilford Pan 400;HC-110;B;3200;21;/;20C
Ilford Pan 400;ID-11;1+1;200;12;/;20C
Ilford Pan 400;ID-11;1+3;200;18;/;20C
Ilford Pan 400;ID-11;stock;200;6;/;20C
Ilford Pan 400;ID-11;1+1;400;13;/;20C
Ilford Pan 400;ID-11;1+3;400;20;/;20C
Ilford Pan 400;ID-11;stock;400;7;/;20C
Ilford Pan 400;ID-11;1+1;800;16;/;20C
Ilford Pan 400;ID-11;stock;800;10;/;20C
Ilford Pan 400;ID-11;stock;1600;14;/;20C
Ilford Pan 400;ID-11;stock;3200;28;/;20C
Ilford Pan 400;Ilfosol 3;1+9;400;6.5;/;20C
Ilford Pan 400;Ilfosol 3;1+9;800;13.5;/;20C
Ilford Pan 400;Ilfosol 3;1+9;1600;19;/;20C
Ilford Pan 400;Ilfotec DD;1+4;200;5;/;24C
Ilford Pan 400;Ilfotec DD;1+4;400;6;/;24C
Ilford Pan 400;Ilfotec DD;1+4;800;8;/;24C
Ilford Pan 400;Ilfotec DD;1+4;1600;11;/;24C
Ilford Pan 400;Ilfotec DD-X;1+4;200;7;/;20C
Ilford Pan 400;Ilfotec DD-X;1+4;400;8;/;20C
Ilford Pan 400;Ilfotec DD-X;1+4;800;9;/;20C
Ilford Pan 400;Ilfotec DD-X;1+4;1600;12;/;20C
Ilford Pan 400;Ilfotec DD-X;1+4;3200;18;/;20C
Ilford Pan 400;Ilfotec HC;1+31;200;5;/;20C
Ilford Pan 400;Ilfotec HC;1+15;400;3;/;20C
Ilford Pan 400;Ilfotec HC;1+31;400;6;/;20C
Ilford Pan 400;Ilfotec HC;1+47;400;9;/;20C
Ilford Pan 400;Ilfotec HC;1+15;800;5;/;20C
Ilford Pan 400;Ilfotec HC;1+31;800;9;/;20C
Ilford Pan 400;Ilfotec HC;1+15;1600;7;/;20C
Ilford Pan 400;Ilfotec HC;1+31;1600;14;/;20C
Ilford Pan 400;Ilfotec HC;1+15;3200;11;/;20C
Ilford Pan 400;Ilfotec LC29;1+19;200;5;/;20C
Ilford Pan 400;Ilfotec LC29;1+29;200;7;/;20C
Ilford Pan 400;Ilfotec LC29;1+19;400;6;/;20C
Ilford Pan 400;Ilfotec LC29;1+29;400;9;/;20C
Ilford Pan 400;Ilfotec LC29;1+9;400;3;/;20C
Ilford Pan 400;Ilfotec LC29;1+19;800;9;/;20C
Ilford Pan 400;Ilfotec LC29;1+9;800;5;/;20C
Ilford Pan 400;Ilfotec LC29;1+19;1600;14;/;20C
Ilford Pan 400;Ilfotec LC29;1+9;1600;7;/;20C
Ilford Pan 400;Ilfotec LC29;1+9;3200;11;/;20C
Ilford Pan 400;Kalogen;1+50;400;7;/;20C
Ilford Pan 400;Microdol-X;stock;400;12;/;20C
Ilford Pan 400;Microphen;stock;200;5;/;20C
Ilford Pan 400;Microphen;1+1;400;12;/;20C
Ilford Pan 400;Microphen;1+3;400;23;/;20C
Ilford Pan 400;Microphen;stock;400;6;/;20C
Ilford Pan 400;Microphen;1+1;800;13;/;20C
Ilford Pan 400;Microphen;1+3;800;24-32;/;20C
Ilford Pan 400;Microphen;stock;800;7;/;20C
Ilford Pan 400;Microphen;1+3;1600;44;/;20C
Ilford Pan 400;Microphen;stock;1600;12;/;20C
Ilford Pan 400;Microphen;stock;3200;16;/;20C
Ilford Pan 400;PC-TEA;1+100;800;30;/;20C
Ilford Pan 400;PC-TEA;1+50;1600;30;/;20C
Ilford Pan 400;Perceptol;1+1;200;14;/;20C
Ilford Pan 400;Perceptol;1+3;200;22;/;20C
Ilford Pan 400;Perceptol;stock;200;10;/;20C
Ilford Pan 400;Perceptol;1+1;400;16;/;20C
Ilford Pan 400;Perceptol;stock;400;11;/;20C
Ilford Pan 400;Rodinal;1+25;200;5;/;20C
Ilford Pan 400;Rodinal;1+50;200;9;/;20C
Ilford Pan 400;Rodinal;1+100;400;120;/;20C
Ilford Pan 400;Rodinal;1+100;400;35;/;20C
Ilford Pan 400;Rodinal;1+25;400;6;/;20C
Ilford Pan 400;Rodinal;1+50;400;11;/;20C
Ilford Pan 400;Rodinal;1+25;800;8;/;20C
Ilford Pan 400;Rodinal;1+25;1600;12;/;20C
Ilford Pan 400;Rodinal;1+25;3200;18;/;21C
Ilford Pan 400;Romek PQ7;1+3;400;18;/;20C
Ilford Pan 400;Silberra Ascorol;1+29;400;7;/;20C
Ilford Pan 400;TMax Dev;1+4;200;5;/;20C
Ilford Pan 400;TMax Dev;1+4;400;6;/;20C
Ilford Pan 400;TMax Dev;1+4;800;8;/;20C
Ilford Pan 400;TMax Dev;1+4;1600;9;/;20C
Ilford Pan 400;TMax RS;stock;400;4;/;24C
Ilford Pan 400;TMax RS;stock;800;5;/;24C
Ilford Pan 400;TMax RS;stock;1600;7;/;24C
Ilford Pan 400;Ultrafin;1+10;200;6;/;20C
Ilford Pan 400;Ultrafin;1+20;200;13;/;20C
Ilford Pan 400;Ultrafin;1+10;400;7;/;20C
Ilford Pan 400;Ultrafin;1+20;400;16;/;20C
Ilford Pan 400;Ultrafin;1+10;800;10;/;20C
Ilford Pan 400;Ultrafin;1+10;1600;15;/;24C
Ilford Pan 400;Xtol;1+1;400;9;/;20C
Ilford Pan 400;Xtol;1+1;800;14.5;/;20C
Ilford Surveillance P3;Rodinal;1+50;400;14;/;20C
Ilford Surveillance P4;Atomal 49;1+1;400;15;/;20C
Ilford Surveillance P4;Atomal 49;1+1;400;10.5;/;24C
Ilford Surveillance P4;D-76;stock;100;2.5;/;21C
Ilford Surveillance P4;D-76;stock;250;5.75;/;22C
Ilford Surveillance P4;D-76;1+1;400;11;/;22C
Ilford Surveillance P4;D-76;stock;400;8.5;/;20C
Ilford Surveillance P4;D-76;stock;800;12;/;20C
Ilford Surveillance P4;D-76;stock;1600;16;/;20C
Ilford Surveillance P4;D-76;stock;2500;19.5;/;22.5C
Ilford Surveillance P4;FX-39;1+9;400;10;/;20C
Ilford Surveillance P4;Hubl Glycin Paste;1+30;400;26;/;20C
Ilford Surveillance P4;ID-11;stock;100;2.5;/;21C
Ilford Surveillance P4;ID-11;stock;250;5.75;/;22C
Ilford Surveillance P4;ID-11;stock;400;8.5;/;20C
Ilford Surveillance P4;ID-11;1+1;400;11;/;22C
Ilford Surveillance P4;ID-11;stock;800;12;/;20C
Ilford Surveillance P4;ID-11;stock;1600;16;/;20C
Ilford Surveillance P4;ID-68;1+3;400;14;/;20C
Ilford Surveillance P4;Ilfotec DD-X;1+4;1600;15;/;20C
Ilford Surveillance P4;Ilfotec HC;1+11;400;1;/;24C
Ilford Surveillance P4;Ilfotec HC;1+11;800;1.25;/;24C
Ilford Surveillance P4;Ilfotec HC;1+11;1600;1.75;/;24C
Ilford Surveillance P4;Ilfotec RT Rapid;stock;400;1;/;26C
Ilford Surveillance P4;Ilfotec RT Rapid;stock;800;1.5;/;26C
Ilford Surveillance P4;Ilfotec RT Rapid;stock;1600;2.25;/;26C
Ilford Surveillance P4;Microphen;stock;400;7;/;20C
Ilford Surveillance P4;Microphen;stock;800;9;/;20C
Ilford Surveillance P4;Microphen;stock;1600;12;/;20C
Ilford Surveillance P4;Rodinal;1+50;125;10;/;20C
Ilford Surveillance P4;Rodinal;1+50;400;12;/;20C
Ilford Surveillance P4;Rollei RHS DC;1+15;125;5;/;20C
Ilford Ortho Plus;D-76;1+1;?;/;/;20C
Ilford Ortho Plus;D-76;1+3;?;/;/;20C
Ilford Ortho Plus;D-76;stock;?;/;/;20C
Ilford Ortho Plus;ID-11;1+1;?;/;/;20C
Ilford Ortho Plus;ID-11;1+3;?;/;/;20C
Ilford Ortho Plus;ID-11;stock;?;/;/;20C
Ilford Ortho Plus;Ilfotec DD;stock;40;/;/;24C
Ilford Ortho Plus;Ilfotec DD;stock;80;/;/;24C
Ilford Ortho Plus;Ilfotec DD-X;1+4;40;/;/;20C
Ilford Ortho Plus;Ilfotec DD-X;1+4;40;/;/;20C
Ilford Ortho Plus;Ilfotec DD-X;1+4;80;/;/;20C
Ilford Ortho Plus;Ilfotec DD-X;1+4;80;/;/;20C
Ilford Ortho Plus;Ilfotec HC;1+31;?;/;/;20C
Ilford Ortho Plus;Ilfotec LC29;1+19;?;/;/;20C
Ilford Ortho Plus;Ilfotec LC29;1+9;40;/;/;20C
Ilford Ortho Plus;Ilfotec LC29;1+9;40;/;/;20C
Ilford Ortho Plus;Ilfotec LC29;1+19;40;/;/;20C
Ilford Ortho Plus;Ilfotec LC29;1+19;40;/;/;20C
Ilford Ortho Plus;Ilfotec LC29;1+19;80;/;/;20C
Ilford Ortho Plus;Ilfotec LC29;1+19;80;/;/;20C
Ilford Ortho Plus;Ilfotec LC29;1+9;80;/;/;20C
Ilford Ortho Plus;Ilfotec LC29;1+9;80;/;/;20C
Ilford Ortho Plus;Microphen;stock;?;/;/;20C
Ilford Ortho Plus;Microphen;1+3;?;/;/;20C
Ilford Ortho Plus;Microphen;1+1;?;/;/;20C
Ilford Ortho Plus;Perceptol;stock;?;/;/;20C
Ilford Ortho Plus;PMK;1+2+100;40;/;/;20C
Ilford Ortho Plus;POTA;stock;40;/;/;20C
Ilford Ortho Plus;POTA;stock;80;/;/;20C
Ilford Ortho Plus;Rodinal;1+100;40;/;/;20C
Ilford XP2 Super;D-76;stock;400;13.5;13.5;20C
Ilford XP2 Super;D-76;stock;400;14;14;22C
Ilford XP2 Super;FX-39;1+9;200;12;12;20C
Ilford XP2 Super;HC-110;E;400;10;10;20C
Ilford XP2 Super;HC-110;B;400;5.5;5.5;20C
Ilford XP2 Super;HC-110;E;1600;18;18;20C
Ilford XP2 Super;HC-110;E;3200;24;24;20C
Ilford XP2 Super;ID-11;stock;400;14;14;22C
Ilford XP2 Super;Ilfosol 3;1+9;400;21;21;20C
Ilford XP2 Super;Ilfotec DD-X;1+4;400;12;12;20C
Ilford XP2 Super;Rodinal;1+100;200;120;120;20C
Ilford XP2 Super;Rodinal;1+25;400;18;18;20C
Ilford XP2 Super;Rodinal;1+100;800;120;120;20C
Ilford XP2 Super;Silberra Ascorol;1+29;400;14;14;20C
JCH StreetPan 400;Adox HR-DEV;1+30;80;10;/;20C
JCH StreetPan 400;Bellini Hydrofen;1+31;400;17;/;20C
JCH StreetPan 400;Beutler;1+1+8;400;11;/;20C
JCH StreetPan 400;D-23;stock;400;8;/;20C
JCH StreetPan 400;D-76;1+1;400;10.5;/;20C
JCH StreetPan 400;Eco Pro;1+1;400;17;/;20C
JCH StreetPan 400;HC-110;F;400;12.5;/;20C
JCH StreetPan 400;HC-110;B;400;5;/;20C
JCH StreetPan 400;HC-110;B;1600;9.25;/;20C
JCH StreetPan 400;ID-11;1+1;400;10.5;/;20C
JCH StreetPan 400;Ilfosol 3;1+3;400;5;/;20C
JCH StreetPan 400;Perceptol;1+1;400;10;/;20C
JCH StreetPan 400;Rodinal;1+25;400;10.5;/;20C
JCH StreetPan 400;Rodinal;1+50;400;22;/;20C
JCH StreetPan 400;Rollei RLS Low Speed;1+4;200;14.5;/;24C
JCH StreetPan 400;Rollei Supergrain;1+12;400;7;/;20C
JCH StreetPan 400;Studional;1+15;400;8.5;/;20C
JCH StreetPan 400;Studional;1+31;400;17;/;20C
JCH StreetPan 400;Tanol;1+1+100;200;19.5;/;20C
JCH StreetPan 400;TMax Dev;1+4;400;9;/;20C
JCH StreetPan 400;Xtol;1+1;400;17;/;20C
Kentmere 100;510-Pyro;1+100;200;15;/;21C
Kentmere 100;Acurol-N;1+70;64;10;/;20C
Kentmere 100;Adox HR-DEV;1+35;160;10;/;20C
Kentmere 100;ADX II;1+24;100;6;/;20C
Kentmere 100;Ars-Imago FD;1+39;50;5.25;/;20C
Kentmere 100;Ars-Imago FD;1+39;100;7.5;/;20C
Kentmere 100;Bellini Hydrofen;1+39;50;5.25;/;20C
Kentmere 100;Bellini Hydrofen;1+39;100;7.75;/;20C
Kentmere 100;Bellini Hydrofen;1+15;100;3.5;/;20C
Kentmere 100;Caffenol C;stock;100;10;/;18C
Kentmere 100;D-76;1+1;50;8.5;/;20C
Kentmere 100;D-76;1+3;50;17.5;/;20C
Kentmere 100;D-76;stock;50;7;/;20C
Kentmere 100;D-76;1+1;100;11.5;/;20C
Kentmere 100;D-76;1+3;100;21;/;20C
Kentmere 100;D-76;stock;100;9;/;20C
Kentmere 100;D-76;1+1;200;15.5;/;20C
Kentmere 100;D-76;stock;200;11;/;20C
Kentmere 100;D-76;1+1;400;20;/;20C
Kentmere 100;Eco Pro;stock;50;6.5;/;20C
Kentmere 100;Eco Pro;1+1;50;8.5;/;20C
Kentmere 100;Eco Pro;stock;100;8;/;20C
Kentmere 100;Eco Pro;1+1;100;10;/;20C
Kentmere 100;FX-39;1+9;100;6.5;/;20C
Kentmere 100;HC-110;B;100;5.75;/;22C
Kentmere 100;HC-110;H;100;16;/;20C
Kentmere 100;HC-110;A;800;15;15;20C
Kentmere 100;ID-11;1+1;50;8.5;/;20C
Kentmere 100;ID-11;1+3;50;17.5;/;20C
Kentmere 100;ID-11;stock;50;7;/;20C
Kentmere 100;ID-11;1+1;100;11.5;/;20C
Kentmere 100;ID-11;1+3;100;21;/;20C
Kentmere 100;ID-11;stock;100;9;/;20C
Kentmere 100;ID-11;1+1;200;15.5;/;20C
Kentmere 100;ID-11;stock;200;11;/;20C
Kentmere 100;ID-11;1+1;400;20;/;20C
Kentmere 100;Ilfosol 3;1+14;100;7.5;/;20C
Kentmere 100;Ilfosol 3;1+9;100;5;/;20C
Kentmere 100;Ilfotec DD;1+4;50;7.5;/;24C
Kentmere 100;Ilfotec DD;1+4;100;9;/;24C
Kentmere 100;Ilfotec DD;1+4;200;12;/;24C
Kentmere 100;Ilfotec DD-X;1+4;50;8.5;/;20C
Kentmere 100;Ilfotec DD-X;1+4;100;10.5;/;20C
Kentmere 100;Ilfotec DD-X;1+4;200;12.5;/;20C
Kentmere 100;Ilfotec HC;1+31;50;5;/;20C
Kentmere 100;Ilfotec HC;1+15;100;4;/;20C
Kentmere 100;Ilfotec HC;1+31;100;6.5;/;20C
Kentmere 100;Ilfotec HC;1+15;200;5;/;20C
Kentmere 100;Ilfotec HC;1+31;200;8;/;20C
Kentmere 100;Ilfotec HC;1+31;400;14.5;14.5;20C
Kentmere 100;Ilfotec LC29;1+19;50;5.5;/;20C
Kentmere 100;Ilfotec LC29;1+29;50;7.5;/;20C
Kentmere 100;Ilfotec LC29;1+19;100;7;/;20C
Kentmere 100;Ilfotec LC29;1+29;100;11;/;20C
Kentmere 100;Ilfotec LC29;1+9;100;4;/;20C
Kentmere 100;Ilfotec LC29;1+19;200;8;/;20C
Kentmere 100;Ilfotec LC29;1+9;200;5;/;20C
Kentmere 100;Microphen;1+1;100;10.5;/;20C
Kentmere 100;Microphen;1+3;100;14.5;/;20C
Kentmere 100;Microphen;stock;100;8.5;/;20C
Kentmere 100;Microphen;1+1;200;14;/;20C
Kentmere 100;Microphen;stock;200;9;/;20C
Kentmere 100;Neofin Blue;1+9;100;15;/;20C
Kentmere 100;Paranol S;1+25;100;11;/;20C
Kentmere 100;Paranol S;1+50;100;27;/;20C
Kentmere 100;Perceptol;1+1;50;13.5;/;20C
Kentmere 100;Perceptol;stock;50;9.5;/;20C
Kentmere 100;Perceptol;1+1;100;15.5;/;20C
Kentmere 100;Perceptol;stock;100;12.5;/;20C
Kentmere 100;Rodinal;1+50;50;9;/;20C
Kentmere 100;Rodinal;1+50;100;15;/;20C
Kentmere 100;Rodinal;1+100;800;120;/;20C
Kentmere 100;Silberra Ascorol;1+29;100;9;/;20C
Kentmere 100;Sprint Standard;1+9;100;8.5;/;20C
Kentmere 100;Spur HRX;1+20;80;9.5;/;20C
Kentmere 100;Studional;1+30;100;9;/;20C
Kentmere 100;TMax Dev;1+4;100;8;/;20C
Kentmere 100;Uncle Mort's;1+9;100;6;/;20C
Kentmere 100;Xtol;stock;50;6.5;/;20C
Kentmere 100;Xtol;1+1;50;8.5;/;20C
Kentmere 100;Xtol;stock;100;8;/;20C
Kentmere 100;Xtol;1+1;100;10;/;20C
Kentmere 400;Acufine;1+3;400;10;/;28C
Kentmere 400;Acufine;1+3;640;10;/;28C
Kentmere 400;Acurol-N;1+50;200;11.5;/;20C
Kentmere 400;Adox HR-DEV;1+24;400;13.5;/;20C
Kentmere 400;ADX II;1+24;500;10.5;/;20C
Kentmere 400;Ars-Imago FD;1+39;200;4.5;/;20C
Kentmere 400;Ars-Imago FD;1+39;400;6.5;/;20C
Kentmere 400;Ars-Imago FD;1+39;800;10;/;20C
Kentmere 400;Ars-Imago FE;1+1;200;7;/;20C
Kentmere 400;Ars-Imago FE;1+3;200;10;/;20C
Kentmere 400;Ars-Imago FE;1+1;400;8.5;/;20C
Kentmere 400;Ars-Imago FE;1+3;400;12.5;/;20C
Kentmere 400;Ars-Imago FE;1+1;800;10;/;20C
Kentmere 400;Ars-Imago FE;1+3;800;14;/;20C
Kentmere 400;Bellini Hydrofen;1+39;200;4.5;/;20C
Kentmere 400;Bellini Hydrofen;1+39;400;6.5;/;20C
Kentmere 400;Bellini Hydrofen;1+15;400;4;/;20C
Kentmere 400;Bellini Hydrofen;1+39;800;10;/;20C
Kentmere 400;Berspeed;1+1;400;10;/;24C
Kentmere 400;D-23;1+1;400;14;/;20C
Kentmere 400;D-76;stock;320;8.75;8.75;20C
Kentmere 400;D-76;1+1;400;14;/;20C
Kentmere 400;D-76;1+3;400;28;/;20C
Kentmere 400;D-76;stock;400;9.5;/;20C
Kentmere 400;D-76;1+1;800;17;/;20C
Kentmere 400;D-76;stock;800;12.5;/;20C
Kentmere 400;D-76;stock;1000;14.5;14.5;20C
Kentmere 400;D-76;stock;1600;20;/;20C
Kentmere 400;D-76;1+1;1600;22;/;20C
Kentmere 400;Dektol;1+5;400;12;/;24C
Kentmere 400;Diafine;stock;800;5+5;/;24C
Kentmere 400;DK-50;stock;320;5;/;20C
Kentmere 400;Eco Pro;1+1;200;8;/;20C
Kentmere 400;Eco Pro;stock;400;9;/;20C
Kentmere 400;Eco Pro;1+1;400;12;/;20C
Kentmere 400;Eco Pro;1+2;400;15;/;20C
Kentmere 400;Eco Pro;1+3;400;18;/;20C
Kentmere 400;Eco Pro;stock;800;10.5;/;20C
Kentmere 400;Eco Pro;1+1;800;14.5;/;20C
Kentmere 400;Eco Pro;stock;1600;13;/;20C
Kentmere 400;Eco Pro;1+1;1600;18;/;20C
Kentmere 400;Eco Pro;stock;3200;17.5;/;20C
Kentmere 400;Eco Pro;stock;6400;21;/;20C
Kentmere 400;FD10;1+9;400;12;/;20C
Kentmere 400;Fomadon Excel;stock;6400;21;/;20C
Kentmere 400;Fomadon LQN;1+10;400;10;/;20C
Kentmere 400;FX-15;1+1;400;15;/;20C
Kentmere 400;FX-15;1+1;500;16;/;20C
Kentmere 400;HC-110;H;200;10;/;20C
Kentmere 400;HC-110;F;400;16;/;20C
Kentmere 400;HC-110;E;400;8-9;/;20C
Kentmere 400;HC-110;B;400;5-6;/;20C
Kentmere 400;HC-110;B;800;9-11;/;20C
Kentmere 400;HC-110;E;800;13;/;20C
Kentmere 400;HC-110;B;1600;12;/;20C
Kentmere 400;ID-11;stock;320;8.75;8.75;20C
Kentmere 400;ID-11;1+1;400;16.5;/;20C
Kentmere 400;ID-11;1+3;400;25.5;/;20C
Kentmere 400;ID-11;stock;400;9.5;/;20C
Kentmere 400;ID-11;1+1;800;20.5;/;20C
Kentmere 400;ID-11;stock;800;13;/;20C
Kentmere 400;ID-11;stock;1000;14.5;14.5;20C
Kentmere 400;ID-11;stock;1600;20;/;20C
Kentmere 400;ID-11;1+1;1600;22;/;20C
Kentmere 400;Ilfosol 3;1+14;400;11;/;20C
Kentmere 400;Ilfosol 3;1+9;400;6.5;/;20C
Kentmere 400;Ilfosol 3;1+14;800;25;/;20C
Kentmere 400;Ilfosol 3;1+9;800;15;/;20C
Kentmere 400;Ilfosol 3;1+9;1600;27;/;18C
Kentmere 400;Ilfotec DD;1+4;400;9;/;24C
Kentmere 400;Ilfotec DD;1+4;800;13;/;24C
Kentmere 400;Ilfotec DD-X;1+4;400;11.5;/;20C
Kentmere 400;Ilfotec DD-X;1+4;800;13;/;20C
Kentmere 400;Ilfotec DD-X;1+4;1600;17;/;20C
Kentmere 400;Ilfotec HC;1+15;400;4.5;/;20C
Kentmere 400;Ilfotec HC;1+31;400;8;/;20C
Kentmere 400;Ilfotec HC;1+15;800;6.5;/;20C
Kentmere 400;Ilfotec HC;1+31;800;12.5;/;20C
Kentmere 400;Ilfotec LC29;1+29;200;9;/;20C
Kentmere 400;Ilfotec LC29;1+19;250;8;/;20C
Kentmere 400;Ilfotec LC29;1+19;400;8;/;20C
Kentmere 400;Ilfotec LC29;1+29;400;11;/;20C
Kentmere 400;Ilfotec LC29;1+9;400;4.5;/;20C
Kentmere 400;Ilfotec LC29;1+19;800;12.5;/;20C
Kentmere 400;Ilfotec LC29;1+9;800;6.5;/;20C
Kentmere 400;Microphen;1+3;200;9;/;20C
Kentmere 400;Microphen;1+1;400;15;/;20C
Kentmere 400;Microphen;stock;400;8;/;20C
Kentmere 400;Microphen;1+1;800;19;/;20C
Kentmere 400;Microphen;stock;800;10;/;20C
Kentmere 400;Paranol S;1+25;400;14;/;20C
Kentmere 400;Paranol S;1+50;400;35;/;20C
Kentmere 400;PC-TEA;1+50;800;17;/;20C
Kentmere 400;Perceptol;1+1;320;23;/;20C
Kentmere 400;Perceptol;1+2;320;30;/;20C
Kentmere 400;Perceptol;stock;400;10;/;20C
Kentmere 400;PMK;1+2+100;400;13;/;20C
Kentmere 400;Rodinal;1+50;200;15;/;20C
Kentmere 400;Rodinal;1+25;400;7.5;/;20C
Kentmere 400;Rodinal;1+50;400;20;/;20C
Kentmere 400;Rodinal;1+25;800;9;/;20C
Kentmere 400;Rodinal;1+100;1600;120;/;20C
Kentmere 400;Rodinal;1+25;1600;25;/;20C
Kentmere 400;Silberra Ascorol;1+29;400;10;/;20C
Kentmere 400;Sprint Standard;1+9;400;11.5;/;20C
Kentmere 400;Spur HRX;1+13;400;14;/;20C
Kentmere 400;Studional;1+30;400;8;/;20C
Kentmere 400;TMax Dev;1+4;400;5.5;/;20C
Kentmere 400;TMax Dev;1+9;400;10;/;20C
Kentmere 400;TMax Dev;1+9;1600;18;/;20C
Kentmere 400;TMax RS;stock;400;6.5;/;20C
Kentmere 400;Ultrafin;1+20;400;15.5;/;20C
Kentmere 400;Ultrafin T-Plus;1+8;400;16;/;20C
Kentmere 400;Uncle Mort's;1+9;400;10;/;20C
Kentmere 400;Xtol;1+1;200;8;/;20C
Kentmere 400;Xtol;stock;400;9;/;20C
Kentmere 400;Xtol;1+1;400;12;/;20C
Kentmere 400;Xtol;1+2;400;15;/;20C
Kentmere 400;Xtol;1+3;400;18;/;20C
Kentmere 400;Xtol;stock;800;10.5;/;20C
Kentmere 400;Xtol;1+1;800;14.5;/;20C
Kentmere 400;Xtol;stock;1600;13;/;20C
Kentmere 400;Xtol;1+1;1600;18;/;20C
Kentmere 400;Xtol;stock;3200;17.5;/;20C
Kentmere 400;Xtol;stock;6400;21;/;20C
Kodak Double-X (5222);Adox HR-DEV;1+30;400;14;/;20C
Kodak Double-X (5222);Adox HR-DEV;1+24;800;15;/;20C
Kodak Double-X (5222);Adox HR-DEV;1+20;1000;15;/;24C
Kodak Double-X (5222);Agfa Ansco 47;stock;250;5;/;20C
Kodak Double-X (5222);D-76;stock;64;3;/;22C
Kodak Double-X (5222);D-76;1+2;100;9;/;20C
Kodak Double-X (5222);D-76;1+3;100;13;/;18C
Kodak Double-X (5222);D-76;1+2;200;11;/;20C
Kodak Double-X (5222);D-76;1+2;250;12;/;22C
Kodak Double-X (5222);D-76;stock;250 (200);6;/;21C
Kodak Double-X (5222);D-76;1+3;250;20;/;22C
Kodak Double-X (5222);D-76;1+1;250;10;/;20C
Kodak Double-X (5222);D-76;stock;250;7;/;20C
Kodak Double-X (5222);D-76;stock;400;9;/;20C
Kodak Double-X (5222);D-96;stock;200;6.5;/;20C
Kodak Double-X (5222);D-96;stock;250;7;/;21C
Kodak Double-X (5222);D-96;stock;1600;25;/;20C
Kodak Double-X (5222);Diafine;stock;640;3+3;/;20C
Kodak Double-X (5222);Diafine;stock;800;5+5;/;27C
Kodak Double-X (5222);DK-50;1+1;200;6;/;20C
Kodak Double-X (5222);Eco Pro;1+1;250;10;/;20C
Kodak Double-X (5222);Eco Pro;stock;250 (200);7;/;20C
Kodak Double-X (5222);FA-1027;1+19;200;10;/;20C
Kodak Double-X (5222);Fomadon LQN;1+7;400;17;/;20C
Kodak Double-X (5222);Fomadon LQN;1+4;800;10;/;20C
Kodak Double-X (5222);HC-110;B;64;3;/;22C
Kodak Double-X (5222);HC-110;B;100;4;/;20C
Kodak Double-X (5222);HC-110;B;200;5;/;20C
Kodak Double-X (5222);HC-110;B;250;6;/;20C
Kodak Double-X (5222);HC-110;B;400;6.5;/;20C
Kodak Double-X (5222);HC-110;H;400;14;/;20C
Kodak Double-X (5222);ID-11;stock;64;3;/;22C
Kodak Double-X (5222);ID-11;1+3;100;13;/;18C
Kodak Double-X (5222);ID-11;1+2;100;9;/;20C
Kodak Double-X (5222);ID-11;1+2;200;11;/;20C
Kodak Double-X (5222);ID-11;1+3;250;20;/;22C
Kodak Double-X (5222);ID-11;1+2;250;12;/;22C
Kodak Double-X (5222);ID-11;1+1;250;10;/;20C
Kodak Double-X (5222);ID-11;stock;250;7;/;20C
Kodak Double-X (5222);ID-11;stock;400;9;/;20C
Kodak Double-X (5222);Ilfosol 3;1+4;250;7;/;20C
Kodak Double-X (5222);Ilfosol 3;1+9;600;17;/;20C
Kodak Double-X (5222);Ilfotec DD-X;1+9;200;12;/;20C
Kodak Double-X (5222);Ilfotec DD-X;1+4;250;7;/;20C
Kodak Double-X (5222);Ilfotec DD-X;1+4;3200;20;/;20C
Kodak Double-X (5222);Ilfotec HC;1+49;200;7;/;20C
Kodak Double-X (5222);Ilfotec LC29;1+29;250;8;/;20C
Kodak Double-X (5222);Microdol-X;1+3;250;18;/;7C
Kodak Double-X (5222);Microphen;1+2;320;14;/;20C
Kodak Double-X (5222);Microphen;stock;400;8.5;/;20C
Kodak Double-X (5222);Microphen;stock;800;10;/;20C
Kodak Double-X (5222);Paranol S;1+50;250;12.5;/;20C
Kodak Double-X (5222);Perceptol;1+2;200;13;/;20C
Kodak Double-X (5222);PMK;1+2+50;250;9;/;21C
Kodak Double-X (5222);Rodinal;1+100;25;3;/;20C
Kodak Double-X (5222);Rodinal;1+300;200;480;/;20C
Kodak Double-X (5222);Rodinal;1+20;200;5;/;20C
Kodak Double-X (5222);Rodinal;1+60;200;7;/;20C
Kodak Double-X (5222);Rodinal;1+25;250;5.75;/;20C
Kodak Double-X (5222);Rodinal;1+50;250;11;/;20C
Kodak Double-X (5222);Rodinal;1+50;400;11;/;20C
Kodak Double-X (5222);Rodinal;1+100;400;60;/;20C
Kodak Double-X (5222);Rodinal;1+50;800;18;/;18C
Kodak Double-X (5222);Rodinal;1+20;1600;10;/;20C
Kodak Double-X (5222);Rollei D74;1+15;250;5;/;20C
Kodak Double-X (5222);TMax Dev;1+9;400;10.5;/;20C
Kodak Double-X (5222);TMax Dev;1+4;400;6;/;20C
Kodak Double-X (5222);Ultrafin;1+20;200;12;/;20C
Kodak Double-X (5222);Xtol;1+2;250;9.5;/;24C
Kodak Double-X (5222);Xtol;1+1;250;10;/;20C
Kodak Double-X (5222);Xtol;stock;250 (200);7;/;20C
Kodak Plus-X;ACU-1;1+10;125;9;9;20C
Kodak Plus-X;ACU-1;1+10;250;9;5.5;21C
Kodak Plus-X;Acufine;stock;250;4;4;21C
Kodak Plus-X;Acufine;stock;320;8;8;21C
Kodak Plus-X;Arista Liquid;1+19;125;9;9;24C
Kodak Plus-X;Arista Liquid;1+9;125;5.5;5.5;20C
Kodak Plus-X;Arista Liquid;1+9;125;5.75;5.75;20C
Kodak Plus-X;Arista Premium;1+9;125;5.5;5.5;20C
Kodak Plus-X;D-19;stock;500;6.25;6.25;20C
Kodak Plus-X;D-23;1+1;125;13;13;20C
Kodak Plus-X;D-23;1+3;125;16;16;20C
Kodak Plus-X;D-23;stock;125;7;7;20C
Kodak Plus-X;D-76;1+1;125;7;7;20C
Kodak Plus-X;D-76;1+3;125;13;13;20C
Kodak Plus-X;D-76;stock;125;5.5;5.5;20C
Kodak Plus-X;D-76;stock;125;5.5;5.5;20C
Kodak Plus-X;D-76;1+1;125;8.5;8.5;20C
Kodak Plus-X;D-76;stock;250;5.5;5.5;20C
Kodak Plus-X;D-76;1+1;250;8.5;8.5;20C
Kodak Plus-X;D-76;stock;500;7.75;7.75;20C
Kodak Plus-X;Diafine;stock;400;3+3;3+3;20C
Kodak Plus-X;DK-50;1+1;125;4.5;4.5;20C
Kodak Plus-X;DK-50;1+1;125;5;5;20C
Kodak Plus-X;Eco Pro;1+1;32;6.5;6;20C
Kodak Plus-X;Eco Pro;1+2;32;7.5;7.25;20C
Kodak Plus-X;Eco Pro;1+3;32;9.5;8.75;20C
Kodak Plus-X;Eco Pro;stock;32;4.5;4.5;20C
Kodak Plus-X;Eco Pro;1+1;64;6.5;6;20C
Kodak Plus-X;Eco Pro;1+2;64;7.5;7.25;20C
Kodak Plus-X;Eco Pro;1+3;64;9.5;8.75;20C
Kodak Plus-X;Eco Pro;stock;64;4.5;4.5;20C
Kodak Plus-X;Eco Pro;1+1;125;8.25;8.25;20C
Kodak Plus-X;Eco Pro;stock;125;5.5;6;20C
Kodak Plus-X;Eco Pro;1+1;125;7.5;7.25;20C
Kodak Plus-X;Eco Pro;stock;125;5.25;5.5;20C
Kodak Plus-X;Eco Pro;1+2;125;8.5;8.5;20C
Kodak Plus-X;Eco Pro;1+3;125;10.5;10.25;20C
Kodak Plus-X;Eco Pro;stock;250;5.5;6;20C
Kodak Plus-X;Eco Pro;1+1;250;8.25;8.25;20C
Kodak Plus-X;Eco Pro;1+1;250;8.75;8.75;20C
Kodak Plus-X;Eco Pro;stock;250;6.5;6.75;20C
Kodak Plus-X;Eco Pro;1+2;250;9.75;10.25;20C
Kodak Plus-X;Eco Pro;1+3;250;12;12;20C
Kodak Plus-X;Eco Pro;1+1;500;11;11;20C
Kodak Plus-X;Eco Pro;1+1;500;12.25;12.25;20C
Kodak Plus-X;Eco Pro;stock;500;8.25;8.25;20C
Kodak Plus-X;Eco Pro;stock;500;8;8.5;20C
Kodak Plus-X;Eco Pro;1+2;500;13;12.75;20C
Kodak Plus-X;Eco Pro;1+3;500;15.5;14.5;20C
Kodak Plus-X;Eco Pro;1+1;1000;15.5;15.25;20C
Kodak Plus-X;Eco Pro;1+1;1000;14.75;14.75;20C
Kodak Plus-X;Eco Pro;stock;1000;10.25;11.5;20C
Kodak Plus-X;Eco Pro;stock;1000;10;10;20C
Kodak Plus-X;Eco Pro;1+2;1000;16.5;16.75;20C
Kodak Plus-X;Eco Pro;1+3;1000;19.5;18.25;20C
Kodak Plus-X;Emofin;stock;125;4+4;4+4;20C
Kodak Plus-X;Extend Plus;1+15;125;8;8;20C
Kodak Plus-X;F76+;1+19;125;9;9;24C
Kodak Plus-X;F76+;1+9;125;5.5;5.5;20C
Kodak Plus-X;FD10;1+14;125;10;10;20C
Kodak Plus-X;FD10;1+9;125;7;7;20C
Kodak Plus-X;Finol;1+1+100;100;9;9;24C
Kodak Plus-X;Finol;1+1+100;125;10;10;24C
Kodak Plus-X;FX-1;stock;200;13;13;20C
Kodak Plus-X;FX-19;stock;100;8;8;20C
Kodak Plus-X;FX-37;1+3;200;5.5;5.5;20C
Kodak Plus-X;FX-39;1+9;125;6.5;9;20C
Kodak Plus-X;FX-55;1+9;125;8;8;20C
Kodak Plus-X;HC-110;B;125;5;5;20C
Kodak Plus-X;HC-110;B;125;3.5;3.5;20C
Kodak Plus-X;HC-110;H;125;10;10;20C
Kodak Plus-X;HC-110;B;250;3.5;3.5;20C
Kodak Plus-X;HC-110;E;320;12;12;18C
Kodak Plus-X;ID-11;1+1;125;7;7;20C
Kodak Plus-X;ID-11;1+3;125;13;13;20C
Kodak Plus-X;ID-11;stock;125;5.5;5.5;20C
Kodak Plus-X;ID-11;stock;125;5.5;5.5;20C
Kodak Plus-X;ID-11;1+1;125;8.5;8.5;20C
Kodak Plus-X;ID-11;stock;250;5.5;5.5;20C
Kodak Plus-X;ID-11;1+1;250;8.5;8.5;20C
Kodak Plus-X;ID-11;stock;500;7.75;7.75;20C
Kodak Plus-X;Ilfosol 3;1+14;125;8.5;8.5;20C
Kodak Plus-X;Ilfosol 3;1+9;125;5;5;20C
Kodak Plus-X;Ilfotec DD;stock;50;7;7;24C
Kodak Plus-X;Ilfotec DD;stock;125;8;8;24C
Kodak Plus-X;Ilfotec DD;stock;200;10;10;24C
Kodak Plus-X;Ilfotec DD-X;1+4;64;5;5;20C
Kodak Plus-X;Ilfotec DD-X;1+4;125;6;6;20C
Kodak Plus-X;Ilfotec DD-X;1+4;200;8;8;20C
Kodak Plus-X;Ilfotec HC;1+31;100;5.5;5.5;20C
Kodak Plus-X;Ilfotec HC;1+31;125;6;6;20C
Kodak Plus-X;Ilfotec LC29;1+19;100;5.5;5.5;20C
Kodak Plus-X;Ilfotec LC29;1+29;100;9;9;20C
Kodak Plus-X;Microdol-X;1+3;125;9.5;9.5;24C
Kodak Plus-X;Microdol-X;stock;125;7;7;20C
Kodak Plus-X;Microdol-X;stock;125;8;8;20C
Kodak Plus-X;Microdol-X;1+3;125;13;13;20C
Kodak Plus-X;Microdol-X;stock;250;8;8;20C
Kodak Plus-X;Microdol-X;1+3;250;13;13;20C
Kodak Plus-X;Microphen;1+1;200;8.5;8.5;20C
Kodak Plus-X;Microphen;1+3;200;13.5;13.5;20C
Kodak Plus-X;Microphen;stock;200;6;6;20C
Kodak Plus-X;Microphen;stock;400;19.5;19.5;20C
Kodak Plus-X;Microphen;stock;640;18;18;20C
Kodak Plus-X;Neofin Blue;stock;125;18;18;20C
Kodak Plus-X;Nucleol BF200;4+3;125;7;7;20C
Kodak Plus-X;Nucleol BF200;4+3;250;11;11;20C
Kodak Plus-X;Nucleol BF200;14+9;400;12;12;20C
Kodak Plus-X;Perceptol;1+1;64;9.5;9.5;20C
Kodak Plus-X;Perceptol;1+3;64;12;12;20C
Kodak Plus-X;Perceptol;stock;64;8;8;20C
Kodak Plus-X;Perceptol;1+3;125;18;18;20C
Kodak Plus-X;PMK;1+2+100;80;10;10;20C
Kodak Plus-X;PMK;1+2+100;125;14;14;21C
Kodak Plus-X;Promicrol;1+14;125;5.5;5.5;20C
Kodak Plus-X;Promicrol;1+14;125;4;4;24C
Kodak Plus-X;Promicrol;1+9;125;4;4;20C
Kodak Plus-X;Promicrol;1+9;125;2.5;2.5;24C
Kodak Plus-X;Promicrol;1+14;185;7;7;20C
Kodak Plus-X;Promicrol;1+9;185;5;5;20C
Kodak Plus-X;Promicrol;1+14;250;7;7;20C
Kodak Plus-X;Promicrol;1+9;250;5;5;20C
Kodak Plus-X;Rodinal;1+100;64;10;10;20C
Kodak Plus-X;Rodinal;1+25;125;6;6;20C
Kodak Plus-X;Rodinal;1+50;125;13;13;20C
Kodak Plus-X;Rodinal;1+85;200;12;12;24C
Kodak Plus-X;Sprint Standard;1+9;125;8.5;8.5;20C
Kodak Plus-X;Spur 2525;1+12;100;5;5;20C
Kodak Plus-X;Spur SLD;1+14;160;5.5;5.5;20C
Kodak Plus-X;Spur SLD;1+9;200;7.5;7.5;20C
Kodak Plus-X;Spur SLD;1+9;250;7.5;7.5;20C
Kodak Plus-X;Studional;1+15;125;5;5;20C
Kodak Plus-X;Suprol;1+19;125;2.5;2.5;20C
Kodak Plus-X;Suprol;1+19;125;2;2;20C
Kodak Plus-X;TMax Dev;1+4;125;4.25;4.25;24C
Kodak Plus-X;TMax Dev;1+4;125;5.75;5.75;20C
Kodak Plus-X;TMax Dev;1+4;250;4.25;4.25;24C
Kodak Plus-X;TMax Dev;1+4;250;5.75;5.75;20C
Kodak Plus-X;TMax Dev;1+4;500;6.25;6.25;24C
Kodak Plus-X;TMax RS;stock;125;5;5;24C
Kodak Plus-X;TMax RS;stock;125;3.5;3.5;24C
Kodak Plus-X;TMax RS;stock;125;5;5;18C
Kodak Plus-X;TMax RS;stock;125;5.5;5.5;20C
Kodak Plus-X;TMax RS;stock;250;5;5;18C
Kodak Plus-X;TMax RS;stock;250;5;5;24C
Kodak Plus-X;TMax RS;stock;250;5.5;5.5;20C
Kodak Plus-X;TMax RS;stock;250;3.5;3.5;24C
Kodak Plus-X;TMax RS;stock;500;9;9;20C
Kodak Plus-X;TMax RS;stock;500;6.5;6.5;24C
Kodak Plus-X;TMax RS;stock;500;5;5;24C
Kodak Plus-X;TMax RS;stock;500;7.25;7.25;20C
Kodak Plus-X;Ultrafin;1+10;125;8;8;20C
Kodak Plus-X;Ultrafin;1+20;125;15;15;20C
Kodak Plus-X;Ultrafine Liquid;1+2;125;5.5;5.5;20C
Kodak Plus-X;Ultrafine Liquid;1+4;125;7;7;20C
Kodak Plus-X;Ultrafine Powder;1+1;125;7;7;20C
Kodak Plus-X;Ultrafine Powder;stock;125;5.5;5.5;20C
Kodak Plus-X;Xtol;1+1;32;6.5;6;20C
Kodak Plus-X;Xtol;1+2;32;7.5;7.25;20C
Kodak Plus-X;Xtol;1+3;32;9.5;8.75;20C
Kodak Plus-X;Xtol;stock;32;4.5;4.5;20C
Kodak Plus-X;Xtol;1+1;64;6.5;6;20C
Kodak Plus-X;Xtol;1+2;64;7.5;7.25;20C
Kodak Plus-X;Xtol;1+3;64;9.5;8.75;20C
Kodak Plus-X;Xtol;stock;64;4.5;4.5;20C
Kodak Plus-X;Xtol;1+1;125;8.25;8.25;20C
Kodak Plus-X;Xtol;stock;125;5.5;6;20C
Kodak Plus-X;Xtol;1+1;125;7.5;7.25;20C
Kodak Plus-X;Xtol;1+2;125;8.5;8.5;20C
Kodak Plus-X;Xtol;1+3;125;10.5;10.25;20C
Kodak Plus-X;Xtol;stock;125;5.25;5.5;20C
Kodak Plus-X;Xtol;stock;250;5.5;6;20C
Kodak Plus-X;Xtol;1+1;250;8.25;8.25;20C
Kodak Plus-X;Xtol;1+1;250;8.75;8.75;20C
Kodak Plus-X;Xtol;1+2;250;9.75;10.25;20C
Kodak Plus-X;Xtol;1+3;250;12;12;20C
Kodak Plus-X;Xtol;stock;250;6.5;6.75;20C
Kodak Plus-X;Xtol;1+1;500;11;11;20C
Kodak Plus-X;Xtol;1+1;500;12.25;12.25;20C
Kodak Plus-X;Xtol;1+2;500;13;12.75;20C
Kodak Plus-X;Xtol;1+3;500;15.5;14.5;20C
Kodak Plus-X;Xtol;stock;500;8.25;8.25;20C
Kodak Plus-X;Xtol;stock;500;8;8.5;20C
Kodak Plus-X;Xtol;1+1;1000;15.5;15.25;20C
Kodak Plus-X;Xtol;1+1;1000;14.75;14.75;20C
Kodak Plus-X;Xtol;1+2;1000;16.5;16.75;20C
Kodak Plus-X;Xtol;1+3;1000;19.5;18.25;20C
Kodak Plus-X;Xtol;stock;1000;10.25;11.5;20C
Kodak Plus-X;Xtol;stock;1000;10;10;20C
Kodak Tri-X 400;510-Pyro;1+100;400;7.5;7.5;21C
Kodak Tri-X 400;510-Pyro;1+100;800;13;13;20C
Kodak Tri-X 400;510-Pyro;1+100;800;11;11;20C
Kodak Tri-X 400;510-Pyro;1+100;1600;18;18;20C
Kodak Tri-X 400;510-Pyro;1+100;1600;21;21;20C
Kodak Tri-X 400;777;stock;400;9.5;9.5;24C
Kodak Tri-X 400;ACU-1;1+5;1000;10;14;21C
Kodak Tri-X 400;Acufine;stock;400;3;3;20C
Kodak Tri-X 400;Acufine;stock;1000;5;5.5;21C
Kodak Tri-X 400;Acufine;1+3;1600;18.5;18.5;21C
Kodak Tri-X 400;Acufine;stock;1600;10;10;20C
Kodak Tri-X 400;Acurol-N;1+50;200;14;14;20C
Kodak Tri-X 400;Acurol-N;1+200;320;120;120;20C
Kodak Tri-X 400;Acurol-N;1+50;400;15;15;20C
Kodak Tri-X 400;Acurol-N;1+24;640;12;12;20C
Kodak Tri-X 400;Acurol-N;1+24;1000;16;16;20C
Kodak Tri-X 400;Adox HR-DEV;1+24;400;12;12;20C
Kodak Tri-X 400;Adox HR-DEV;1+19;800;12.5;12.5;20C
Kodak Tri-X 400;Adox HR-DEV;1+17;1250;13;13;20C
Kodak Tri-X 400;Adox HR-DEV;1+14;1600;14;14;20C
Kodak Tri-X 400;ADX II;1+24;400;12;12;20C
Kodak Tri-X 400;Amaloco AM74;1+7;400;5;5;20C
Kodak Tri-X 400;Amaloco AM74;1+15;1600;16;16;20C
Kodak Tri-X 400;Arista Liquid;1+19;400;11;11;24C
Kodak Tri-X 400;Arista Liquid;1+9;400;6.25;6.25;20C
Kodak Tri-X 400;Arista Liquid;1+9;400;6;6;20C
Kodak Tri-X 400;Arista Liquid;1+9;800;9.5;9.5;21C
Kodak Tri-X 400;Arista Liquid;1+19;1600;15;15;24C
Kodak Tri-X 400;Arista Premium;1+9;400;6;6;20C
Kodak Tri-X 400;Ars-Imago FD;1+39;200;4.5;4.5;20C
Kodak Tri-X 400;Ars-Imago FD;1+39;400;6;6;20C
Kodak Tri-X 400;Ars-Imago FD;1+39;800;8;8;20C
Kodak Tri-X 400;Ars-Imago FD;1+39;1600;11;11;20C
Kodak Tri-X 400;Atomal 49;1+1;250;10;10.5;23C
Kodak Tri-X 400;Atomal 49;1+1;320;11;11;21C
Kodak Tri-X 400;Atomal 49;stock;400;8;8;22C
Kodak Tri-X 400;Atomal 49;1+1;1600;21;21;20C
Kodak Tri-X 400;Bellini Hydrofen;1+39;200;4.5;4.5;20C
Kodak Tri-X 400;Bellini Hydrofen;1+15;400;3.5;3.5;20C
Kodak Tri-X 400;Bellini Hydrofen;1+39;400;6;6;20C
Kodak Tri-X 400;Bellini Hydrofen;1+39;800;8;8;20C
Kodak Tri-X 400;Bellini Hydrofen;1+39;1600;11;11;20C
Kodak Tri-X 400;Berspeed;1+1;400;11;11;20C
Kodak Tri-X 400;Berspeed;1+1;400;8;8;24C
Kodak Tri-X 400;Berspeed;1+1;800;15.5;15.5;20C
Kodak Tri-X 400;Berspeed;1+1;800;11.25;11.25;24C
Kodak Tri-X 400;Beutler;1+1+10;200;10;10;20C
Kodak Tri-X 400;Caffenol;stock;400;35;35;20C
Kodak Tri-X 400;Caffenol C;1+1;400;12.5;12.5;20C
Kodak Tri-X 400;Caffenol C-M (+i);stock;400;15;15;20C
Kodak Tri-X 400;D-23;1+12;250;8.5;8.5;20C
Kodak Tri-X 400;D-23;1+1;400;13;13;20C
Kodak Tri-X 400;D-23;1+3;400;20;20;20C
Kodak Tri-X 400;D-23;stock;400;7.5;7.5;20C
Kodak Tri-X 400;D-23;stock;800;11;11;20C
Kodak Tri-X 400;D-23;1+1;1600;20;20;20C
Kodak Tri-X 400;D-76;1+1;50;7;7;20C
Kodak Tri-X 400;D-76;1+3;100;13;13;20C
Kodak Tri-X 400;D-76;1+1;200;9.5;9.5;20C
Kodak Tri-X 400;D-76;1+1;200;10.5;10.5;20C
Kodak Tri-X 400;D-76;1+3;200;16.5;16.5;20C
Kodak Tri-X 400;D-76;1+1;400;6.5;6.5;27C
Kodak Tri-X 400;D-76;1+2;400;13;13;20C
Kodak Tri-X 400;D-76;1+3;400;20;25;20C
Kodak Tri-X 400;D-76;2+15;400;45;45;20C
Kodak Tri-X 400;D-76;1+1;400;9.75;9.75;20C
Kodak Tri-X 400;D-76;stock;400;6.75;6.75;20C
Kodak Tri-X 400;D-76;1+1;800;9.75;9.75;20C
Kodak Tri-X 400;D-76;stock;800;6.75;6.75;20C
Kodak Tri-X 400;D-76;1+1;1600;13.25;13.25;20C
Kodak Tri-X 400;D-76;stock;1600;9.5;9.5;20C
Kodak Tri-X 400;D-76;1+1;3200;16;16;20C
Kodak Tri-X 400;D-76;1+1;3200;13.5;13.5;23C
Kodak Tri-X 400;D-76;stock;3200;11;11;20C
Kodak Tri-X 400;D-76D;1+1;400;10;10;20F
Kodak Tri-X 400;D-96;stock;400;8;8;20C
Kodak Tri-X 400;Dektol;1+10;400;5;5;22C
Kodak Tri-X 400;Dektol;1+3;400;3.5;3.5;24C
Kodak Tri-X 400;Diafine;stock;1600;3+3;3+3;20C
Kodak Tri-X 400;DK-50;1+1;400;6;6;20C
Kodak Tri-X 400;Eco Pro;1+1;25;6;6;20C
Kodak Tri-X 400;Eco Pro;stock;100;5.5;5.5;20C
Kodak Tri-X 400;Eco Pro;1+1;100;8;6.75;20C
Kodak Tri-X 400;Eco Pro;1+2;100;8.75;8.5;20C
Kodak Tri-X 400;Eco Pro;1+3;100;10.75;9.5;20C
Kodak Tri-X 400;Eco Pro;stock;200;5.5;5.5;20C
Kodak Tri-X 400;Eco Pro;1+3;200;10.75;9.5;20C
Kodak Tri-X 400;Eco Pro;1+2;200;8.75;8.5;20C
Kodak Tri-X 400;Eco Pro;1+1;200;8;6.75;20C
Kodak Tri-X 400;Eco Pro;1+1;250;7.75;7.75;20C
Kodak Tri-X 400;Eco Pro;1+1;400;9;9;20C
Kodak Tri-X 400;Eco Pro;1+1;400;8.75;8;20C
Kodak Tri-X 400;Eco Pro;1+3;400;12.5;11;20C
Kodak Tri-X 400;Eco Pro;1+3;400;13;13;20C
Kodak Tri-X 400;Eco Pro;stock;400;6.75;6.25;20C
Kodak Tri-X 400;Eco Pro;stock;400;7;7;20C
Kodak Tri-X 400;Eco Pro;1+2;400;10.5;10.25;20C
Kodak Tri-X 400;Eco Pro;1+1;800;10;9.25;20C
Kodak Tri-X 400;Eco Pro;1+2;800;12.5;12;20C
Kodak Tri-X 400;Eco Pro;1+3;800;14;13.5;20C
Kodak Tri-X 400;Eco Pro;stock;800;7.75;7;20C
Kodak Tri-X 400;Eco Pro;1+1;1600;13.25;13.25;20C
Kodak Tri-X 400;Eco Pro;1+1;1600;11.75;11;20C
Kodak Tri-X 400;Eco Pro;stock;1600;9;8.75;20C
Kodak Tri-X 400;Eco Pro;stock;1600;9.75;9.75;20C
Kodak Tri-X 400;Eco Pro;stock;1600;7;7;24C
Kodak Tri-X 400;Eco Pro;1+2;1600;14.5;14.5;20C
Kodak Tri-X 400;Eco Pro;1+3;1600;16.5;16.25;20C
Kodak Tri-X 400;Eco Pro;1+1;3200;15.5;15.5;20C
Kodak Tri-X 400;Eco Pro;1+1;3200;13.5;13.5;20C
Kodak Tri-X 400;Eco Pro;stock;3200;11.5;11.5;20C
Kodak Tri-X 400;Eco Pro;stock;3200;10.5;10.25;20C
Kodak Tri-X 400;Eco Pro;1+2;3200;17;17;20C
Kodak Tri-X 400;Eco Pro;1+3;3200;20;19.75;20C
Kodak Tri-X 400;Eco Pro;stock;6400;13.5;13.5;24C
Kodak Tri-X 400;Emofin;stock;400;6.5+6.5;6.5+6.5;20C
Kodak Tri-X 400;Emofin;stock;800;3.5+3.5;3.5+3.5;20C
Kodak Tri-X 400;Emofin;stock;1600;9+9;9+9;20C
Kodak Tri-X 400;Extend Plus;1+15;400;11;11;20C
Kodak Tri-X 400;Extend Plus;1+15;400;9;9;20C
Kodak Tri-X 400;F76+;1+19;400;11;11;24C
Kodak Tri-X 400;F76+;1+9;400;6.25;6.25;20C
Kodak Tri-X 400;F76+;1+9;400;6;6;20C
Kodak Tri-X 400;F76+;1+9;1600;12;12;22C
Kodak Tri-X 400;FA-1027;1+14;400;8;8;20C
Kodak Tri-X 400;FA-1027;1+9;400;5.5;5.5;20C
Kodak Tri-X 400;FD10;1+14;400;13;13;20C
Kodak Tri-X 400;FD10;1+9;400;9;9;20C
Kodak Tri-X 400;Finol;1+1+75;250;9.5;9.5;24C
Kodak Tri-X 400;Finol;1+1+75;320;11;11;24C
Kodak Tri-X 400;Foma Universal;1+3;400;7.5;7.5;20C
Kodak Tri-X 400;Foma W-17 Hydrofen;1+1;1600;18;18;22C
Kodak Tri-X 400;Fomadon LQN;1+10;400;15;15;20C
Kodak Tri-X 400;Fomadon P;stock;400;11;11;20C
Kodak Tri-X 400;Fomadon R09;1+25;400;7;7;20C
Kodak Tri-X 400;Fomadon R09;1+40;400;13.5;13.5;20C
Kodak Tri-X 400;Fomadon R09;1+40;400;15;15;20C
Kodak Tri-X 400;Fomadon R09;1+50;400;14;14;20C
Kodak Tri-X 400;FX-19;stock;100;9;9;20C
Kodak Tri-X 400;FX-37;1+5;400;6;6;22C
Kodak Tri-X 400;FX-39;1+9;400;8;11;20C
Kodak Tri-X 400;FX-55;1+9;400;12.5;12.5;20C
Kodak Tri-X 400;HC-110;B;200;5.75;5.75;20C
Kodak Tri-X 400;HC-110;B;200;4.75;4.75;20C
Kodak Tri-X 400;HC-110;B;200;6.75;6.75;20C
Kodak Tri-X 400;HC-110;E;200;4.5-6.5;4.5-6.5;20C
Kodak Tri-X 400;HC-110;D;250;9;9;22C
Kodak Tri-X 400;HC-110;E;320;9.5;9.5;20C
Kodak Tri-X 400;HC-110;E;320;8;8;24C
Kodak Tri-X 400;HC-110;A;400;3.75;3.75;20C
Kodak Tri-X 400;HC-110;B;400;7.5;7.5;20C
Kodak Tri-X 400;HC-110;B;400;4.5-6;4.5-6;20C
Kodak Tri-X 400;HC-110;E;400;6.5-8;6.5-8;20C
Kodak Tri-X 400;HC-110;E;400;7;7;24C
Kodak Tri-X 400;HC-110;F;400;15;15;20C
Kodak Tri-X 400;HC-110;1+100;400;27-30;27-30;20C
Kodak Tri-X 400;HC-110;H;400;9;9;20C
Kodak Tri-X 400;HC-110;1+95;400;14;14;20C
Kodak Tri-X 400;HC-110;A;800;5.25;5.25;20C
Kodak Tri-X 400;HC-110;B;800;8.5;8.5;20C
Kodak Tri-X 400;HC-110;E;800;10;10;23C
Kodak Tri-X 400;HC-110;1+95;800;14;14;20C
Kodak Tri-X 400;HC-110;B;1600;16;16;20C
Kodak Tri-X 400;HC-110;1+100;1600;40;40;20C
Kodak Tri-X 400;HC-110;1+100;1600;50;50;20C
Kodak Tri-X 400;HC-110;B;2400;16;16;20C
Kodak Tri-X 400;HC-110;E;3200;8;8;30C
Kodak Tri-X 400;HC-110;1+100;3200;120;120;20C
Kodak Tri-X 400;HC-110;1+100;3200;21;21;30C
Kodak Tri-X 400;HC-110;B;6400;26;26;20C
Kodak Tri-X 400;ID-11;1+1;50;7;7;20C
Kodak Tri-X 400;ID-11;1+3;100;13;13;20C
Kodak Tri-X 400;ID-11;1+1;200;9.5;9.5;20C
Kodak Tri-X 400;ID-11;1+1;400;9.75;10;20C
Kodak Tri-X 400;ID-11;1+1;400;10-11;10;20C
Kodak Tri-X 400;ID-11;1+2;400;13;13;20C
Kodak Tri-X 400;ID-11;1+3;400;20;20;20C
Kodak Tri-X 400;ID-11;2+15;400;45;45;20C
Kodak Tri-X 400;ID-11;stock;400;8;8;20C
Kodak Tri-X 400;ID-11;stock;400;6.75;6.75;20C
Kodak Tri-X 400;ID-11;1+1;1600;13.25;13.25;20C
Kodak Tri-X 400;ID-11;stock;1600;9.5;9.5;20C
Kodak Tri-X 400;ID-11;stock;1600;13;13;20C
Kodak Tri-X 400;ID-11;1+1;3200;16;16;20C
Kodak Tri-X 400;ID-11;stock;3200;11;11;20C
Kodak Tri-X 400;Ilfosol 3;1+14;200;8.5;8.5;20C
Kodak Tri-X 400;Ilfosol 3;1+9;200;5.5;5.5;20C
Kodak Tri-X 400;Ilfosol 3;1+14;400;12;12;20C
Kodak Tri-X 400;Ilfosol 3;1+9;400;7.5;7.5;20C
Kodak Tri-X 400;Ilfosol 3;1+14;800;18.5;18.5;20C
Kodak Tri-X 400;Ilfosol 3;1+9;800;10.5;10.5;20C
Kodak Tri-X 400;Ilfosol 3;1+14;1600;24;24;20C
Kodak Tri-X 400;Ilfosol 3;1+9;1600;14;14;20C
Kodak Tri-X 400;Ilfosol 3;1+14;3200;35;35;21C
Kodak Tri-X 400;Ilfotec DD;stock;200;6.5;6.5;24C
Kodak Tri-X 400;Ilfotec DD;stock;400;7.5;7.5;24C
Kodak Tri-X 400;Ilfotec DD;stock;800;8.5;8.5;24C
Kodak Tri-X 400;Ilfotec DD;stock;1600;9.5;9.5;24C
Kodak Tri-X 400;Ilfotec DD;stock;3200;10.5;10.5;24C
Kodak Tri-X 400;Ilfotec DD-X;1+4;200;6.5;6.5;20C
Kodak Tri-X 400;Ilfotec DD-X;1+8;320;12;12;21C
Kodak Tri-X 400;Ilfotec DD-X;1+4;400;8;8;20C
Kodak Tri-X 400;Ilfotec DD-X;1+9;400;12;12;22C
Kodak Tri-X 400;Ilfotec DD-X;1+9;400;10.25;10.25;24C
Kodak Tri-X 400;Ilfotec DD-X;1+4;800;10;10;20C
Kodak Tri-X 400;Ilfotec DD-X;1+4;1600;14;14;20C
Kodak Tri-X 400;Ilfotec DD-X;1+16;1600;72;72;20C
Kodak Tri-X 400;Ilfotec DD-X;1+4;6400;25;25;19C
Kodak Tri-X 400;Ilfotec HC;1+31;200;5.5;5.5;20C
Kodak Tri-X 400;Ilfotec HC;1+31;400;6.5;6.5;20C
Kodak Tri-X 400;Ilfotec HC;1+22;400;7;7;20C
Kodak Tri-X 400;Ilfotec HC;1+15;800;5;5;20C
Kodak Tri-X 400;Ilfotec HC;1+15;1600;7;7;20C
Kodak Tri-X 400;Ilfotec LC29;1+19;200;4.5;4.5;20C
Kodak Tri-X 400;Ilfotec LC29;1+19;400;6.5;6.5;20C
Kodak Tri-X 400;Ilfotec LC29;1+19;400;6.5;6.5;21C
Kodak Tri-X 400;Ilfotec LC29;1+29;400;9;9;20C
Kodak Tri-X 400;Ilfotec LC29;1+19;800;9;9;20C
Kodak Tri-X 400;Microdol-X;stock;100;6.5;6.5;20C
Kodak Tri-X 400;Microdol-X;1+1;160;8;8;24C
Kodak Tri-X 400;Microdol-X;1+1;200;12;12;20C
Kodak Tri-X 400;Microdol-X;1+3;200;15.75;15.75;20C
Kodak Tri-X 400;Microdol-X;1+3;320;9;9;29C
Kodak Tri-X 400;Microdol-X;1+3;400;17;17;20C
Kodak Tri-X 400;Microdol-X;1+3;400;13;13;24C
Kodak Tri-X 400;Microdol-X;stock;400;9.25;9.25;20C
Kodak Tri-X 400;Microdol-X;stock;400;10;10;20C
Kodak Tri-X 400;Microphen;1+1;500;11;11;20C
Kodak Tri-X 400;Microphen;1+3;500;22;22;20C
Kodak Tri-X 400;Microphen;stock;500;6;6;20C
Kodak Tri-X 400;Microphen;stock;640;8;8;20C
Kodak Tri-X 400;Microphen;1+1;800;15;15;20C
Kodak Tri-X 400;Microphen;stock;800;11;11;20C
Kodak Tri-X 400;Microphen;stock;1600;12;12;20C
Kodak Tri-X 400;Microphen;stock;3200;25;25;20C
Kodak Tri-X 400;Mocon;1+64;400;13.5;13.5;20C
Kodak Tri-X 400;Neofin Blue;stock;400;20;20;20C
Kodak Tri-X 400;Neopress HC;1+15;400;2.5;2.5;20C
Kodak Tri-X 400;Neopress HC;1+31;400;4;4;20C
Kodak Tri-X 400;Neopress HC;1+31;400;3;3;20C
Kodak Tri-X 400;Neopress HC;1+15;800;3;3;20C
Kodak Tri-X 400;Neopress HC;1+15;1600;5.5;5.5;20C
Kodak Tri-X 400;Nucleol BF200;4+3;400;9.5;9.5;20C
Kodak Tri-X 400;Nucleol BF200;4+3;800;12;12;20C
Kodak Tri-X 400;Nucleol BF200;7+4;1600;16;16;20C
Kodak Tri-X 400;Nucleol BF200;12+7;3200;25;25;20C
Kodak Tri-X 400;Paranol S;1+25;400;9;9;20C
Kodak Tri-X 400;Paranol S;1+50;400;18;18;20C
Kodak Tri-X 400;PC-TEA;1+50;400;11;11;20C
Kodak Tri-X 400;PC-TEA;1+50;400;9;9;20C
Kodak Tri-X 400;Perceptol;1+3;200;16;16;20C
Kodak Tri-X 400;Perceptol;1+1;320;12;12;20C
Kodak Tri-X 400;Perceptol;1+3;320;20;20;20C
Kodak Tri-X 400;Perceptol;stock;320;10;10;20C
Kodak Tri-X 400;PMK;1+2+100;320;12;12;24C
Kodak Tri-X 400;PMK;1+2+100;1600;33;33;21C
Kodak Tri-X 400;Prescysol EF;1+5+100;400;10.5;10.5;24C
Kodak Tri-X 400;Promicrol;1+14;600;13;13;20C
Kodak Tri-X 400;Promicrol;1+9;600;9;9;20C
Kodak Tri-X 400;Promicrol;1+14;800;13;13;20C
Kodak Tri-X 400;Promicrol;1+9;800;9;9;20C
Kodak Tri-X 400;Pyrocat-HD;1+1+100;200;10;10;20C
Kodak Tri-X 400;Pyrocat-HD;1+1+100;400;15;14;20C
Kodak Tri-X 400;Pyrocat-HD;1+1+100;400;14;14;22C
Kodak Tri-X 400;Pyrocat-M;1+1+100;200;15;15;22C
Kodak Tri-X 400;Rodinal;1+50;100;7.5;7.5;20C
Kodak Tri-X 400;Rodinal;1+100;200;30;30;20C
Kodak Tri-X 400;Rodinal;1+25;200;7;7;20C
Kodak Tri-X 400;Rodinal;1+50;200;9;9;20C
Kodak Tri-X 400;Rodinal;1+100;250;15;15;20C
Kodak Tri-X 400;Rodinal;1+100;250;20;20;20C
Kodak Tri-X 400;Rodinal;1+24;320;6;6;20C
Kodak Tri-X 400;Rodinal;1+50;320;9.5;9.5;20C
Kodak Tri-X 400;Rodinal;1+100;400;20;20;20C
Kodak Tri-X 400;Rodinal;1+100;400;24;24;21C
Kodak Tri-X 400;Rodinal;1+25;400;7;7;20C
Kodak Tri-X 400;Rodinal;1+35;400;10;10;20C
Kodak Tri-X 400;Rodinal;1+50;400;13;13;20C
Kodak Tri-X 400;Rodinal;1+60;400;15;15;20C
Kodak Tri-X 400;Rodinal;1+75;400;17.5;17.5;20C
Kodak Tri-X 400;Rodinal;1+50;640;15.5;15.5;20C
Kodak Tri-X 400;Rodinal;1+25;800;6.5;6.5;24C
Kodak Tri-X 400;Rodinal;1+100;800;17.5;17.5;24C
Kodak Tri-X 400;Rodinal;1+50;800;16.5;16.5;20C
Kodak Tri-X 400;Rodinal;1+50;800;13;13;23C
Kodak Tri-X 400;Rodinal;1+50;1600;18.5;18.5;20C
Kodak Tri-X 400;Rodinal;1+50;3200;33;33;20C
Kodak Tri-X 400;Rodinal;1+100;3200;120;120;20C
Kodak Tri-X 400;Rodinal;1+80;6400;150;150;20C
Kodak Tri-X 400;Rodinal;1+50;12800;51;51;20C
Kodak Tri-X 400;Rollei D74;1+15;400;8.5;8.5;20C
Kodak Tri-X 400;Rollei D74;1+9;400;6;6;20C
Kodak Tri-X 400;Rollei RLS Low Speed;1+4;100;11;11;24C
Kodak Tri-X 400;Rollei RLS Low Speed;1+4;200;13;13;24C
Kodak Tri-X 400;Rollei RPX-D;1+9;400;6.5;6.5;20C
Kodak Tri-X 400;Rollo Pyro;1+2+75;200;8;8;21C
Kodak Tri-X 400;Silvermax;1+19;400;12;12;20C
Kodak Tri-X 400;Sprint Standard;1+4;250;5.75;5.75;22C
Kodak Tri-X 400;Sprint Standard;1+9;400;10;10;20C
Kodak Tri-X 400;Sprint Standard;1+9;800;11.5;11.5;20C
Kodak Tri-X 400;Sprint Standard;1+4;1600;13;13;20C
Kodak Tri-X 400;Spur 2525;1+12;320;7.5-8;7.5-8;20C
Kodak Tri-X 400;Spur HRX;1+17;250;11;11;20C
Kodak Tri-X 400;Spur SLD;1+9;400;5;5;20C
Kodak Tri-X 400;Spur SLD;1+9;800;10.5;10.5;20C
Kodak Tri-X 400;Studional;1+15;250;5.5;5.5;20C
Kodak Tri-X 400;Studional;1+15;400;3.5-5;3.5-5;20C
Kodak Tri-X 400;Suprol;1+19;400;4;4;20C
Kodak Tri-X 400;Tanol;1+1+100;200;11.5;11.5;24C
Kodak Tri-X 400;Tanol;1+1+100;200;15.75;15.75;20C
Kodak Tri-X 400;Tanol Speed;1+1+100;250;11.5;11.5;24C
Kodak Tri-X 400;TMax Dev;1+4;200;5;5;18C
Kodak Tri-X 400;TMax Dev;1+4;200;6;6;20C
Kodak Tri-X 400;TMax Dev;1+4;320;7.25;7.25;20C
Kodak Tri-X 400;TMax Dev;1+4;320;5.25;5.25;24C
Kodak Tri-X 400;TMax Dev;1+4;400;4.75;4.75;24C
Kodak Tri-X 400;TMax Dev;1+7;400;7;7;24C
Kodak Tri-X 400;TMax Dev;1+9;400;10.5;10.5;20C
Kodak Tri-X 400;TMax Dev;1+4;400;6;6;20C
Kodak Tri-X 400;TMax Dev;1+9;640;11;11;24C
Kodak Tri-X 400;TMax Dev;1+4;800;6;6;20C
Kodak Tri-X 400;TMax Dev;1+4;1000;7.5;7.5;22C
Kodak Tri-X 400;TMax Dev;1+4;1600;10;8.5;20C
Kodak Tri-X 400;TMax Dev;1+4;1600;8.75;8.75;20C
Kodak Tri-X 400;TMax Dev;1+7;1600;11;11;24C
Kodak Tri-X 400;TMax Dev;1+4;3200;12;11;24C
Kodak Tri-X 400;TMax RS;stock;400;4.5;4.5;20C
Kodak Tri-X 400;TMax RS;stock;400;3.5;2.75;24C
Kodak Tri-X 400;TMax RS;stock;400;5;5;24C
Kodak Tri-X 400;TMax RS;stock;800;5;5;24C
Kodak Tri-X 400;TMax RS;stock;1600;7.75;7.75;20C
Kodak Tri-X 400;TMax RS;stock;1600;8;8;24C
Kodak Tri-X 400;TMax RS;stock;3200;9.5;9.5;20C
Kodak Tri-X 400;TMax RS;stock;3200;11;11;24C
Kodak Tri-X 400;Ultrafin;1+10;400;9;9;20C
Kodak Tri-X 400;Ultrafin T-Plus;1+4;400;8.25;8.25;20C
Kodak Tri-X 400;Ultrafine Endurance;1+9;400;4.25;4.25;20C
Kodak Tri-X 400;Ultrafine Liquid;1+2;400;8;8;20C
Kodak Tri-X 400;Ultrafine Liquid;1+4;400;10;10;20C
Kodak Tri-X 400;Ultrafine Powder;1+1;400;9.5;9.5;20C
Kodak Tri-X 400;Ultrafine Powder;stock;400;6.75;6.75;20C
Kodak Tri-X 400;Uncle Mort's;1+9;400;9;9;20C
Kodak Tri-X 400;Uncle Mort's;1+19;400;14;14;24C
Kodak Tri-X 400;Xtol;1+1;25;6;6;20C
Kodak Tri-X 400;Xtol;stock;100;5.5;5.5;20C
Kodak Tri-X 400;Xtol;1+1;100;8;6.75;20C
Kodak Tri-X 400;Xtol;1+2;100;8.75;8.5;20C
Kodak Tri-X 400;Xtol;1+3;100;10.75;9.5;20C
Kodak Tri-X 400;Xtol;stock;200;5.5;5.5;20C
Kodak Tri-X 400;Xtol;1+3;200;10.75;9.5;20C
Kodak Tri-X 400;Xtol;1+2;200;8.75;8.5;20C
Kodak Tri-X 400;Xtol;1+1;200;8;6.75;20C
Kodak Tri-X 400;Xtol;1+1;250;7.75;7.75;20C
Kodak Tri-X 400;Xtol;1+1;400;9;9;20C
Kodak Tri-X 400;Xtol;1+1;400;8.75;8;20C
Kodak Tri-X 400;Xtol;1+2;400;10.5;10.25;20C
Kodak Tri-X 400;Xtol;1+3;400;12.5;11;20C
Kodak Tri-X 400;Xtol;1+3;400;13;13;20C
Kodak Tri-X 400;Xtol;stock;400;6.75;6.25;20C
Kodak Tri-X 400;Xtol;stock;400;7;7;20C
Kodak Tri-X 400;Xtol;1+1;800;10;9.25;20C
Kodak Tri-X 400;Xtol;1+2;800;12.5;12;20C
Kodak Tri-X 400;Xtol;1+3;800;14;13.5;20C
Kodak Tri-X 400;Xtol;stock;800;7.75;7;20C
Kodak Tri-X 400;Xtol;1+1;1600;13.25;13.25;20C
Kodak Tri-X 400;Xtol;1+1;1600;11.75;11;20C
Kodak Tri-X 400;Xtol;1+2;1600;14.5;14.5;20C
Kodak Tri-X 400;Xtol;1+3;1600;16.5;16.25;20C
Kodak Tri-X 400;Xtol;stock;1600;9;8.75;20C
Kodak Tri-X 400;Xtol;stock;1600;9.75;9.75;20C
Kodak Tri-X 400;Xtol;stock;1600;7;7;24C
Kodak Tri-X 400;Xtol;1+1;3200;15.5;15.5;20C
Kodak Tri-X 400;Xtol;1+1;3200;13.5;13.5;20C
Kodak Tri-X 400;Xtol;1+2;3200;17;17;20C
Kodak Tri-X 400;Xtol;1+3;3200;20;19.75;20C
Kodak Tri-X 400;Xtol;stock;3200;11.5;11.5;20C
Kodak Tri-X 400;Xtol;stock;3200;10.5;10.25;20C
Kodak Tri-X 400;Xtol;stock;6400;13.5;13.5;24C
Kodak Tri-X 320;ACU-1;1+5;6500;/;9;21C
Kodak Tri-X 320;Acufine;stock;320;/;4.25;21C
Kodak Tri-X 320;Acufine;stock;800;/;5.5;21C
Kodak Tri-X 320;Atomal 49;1+1;200;/;10;24C
Kodak Tri-X 320;Atomal 49;1+1;320;/;14;24C
Kodak Tri-X 320;Atomal 49;1+2;320;/;/;20C
Kodak Tri-X 320;D-76;stock;200;/;/;20C
Kodak Tri-X 320;D-76;1+1;320;/;12.75;20C
Kodak Tri-X 320;D-76;stock;320;/;9;20C
Kodak Tri-X 320;D-76;stock;320;/;8;20C
Kodak Tri-X 320;Diafine;stock;1000;/;3+3;20C
Kodak Tri-X 320;Diafine;stock;1200;/;/;20C
Kodak Tri-X 320;DK-50;1+1;320;/;/;20C
Kodak Tri-X 320;DK-50;1+1;320;/;8;20C
Kodak Tri-X 320;Eco Pro;1+1;80;/;7.75;20C
Kodak Tri-X 320;Eco Pro;1+2;80;/;10.25;20C
Kodak Tri-X 320;Eco Pro;1+3;80;/;12.25;20C
Kodak Tri-X 320;Eco Pro;stock;80;/;5.25;20C
Kodak Tri-X 320;Eco Pro;1+1;160;/;7.75;20C
Kodak Tri-X 320;Eco Pro;1+2;160;/;10.25;20C
Kodak Tri-X 320;Eco Pro;1+3;160;/;12.25;20C
Kodak Tri-X 320;Eco Pro;stock;160;/;5.25;20C
Kodak Tri-X 320;Eco Pro;1+1;200;/;/;20C
Kodak Tri-X 320;Eco Pro;1+1;320;/;11.25;20C
Kodak Tri-X 320;Eco Pro;1+1;320;/;8.75;20C
Kodak Tri-X 320;Eco Pro;1+1;320;/;8;24C
Kodak Tri-X 320;Eco Pro;stock;320;/;6.25;20C
Kodak Tri-X 320;Eco Pro;stock;320;/;7.75;20C
Kodak Tri-X 320;Eco Pro;stock;320;/;5.75;24C
Kodak Tri-X 320;Eco Pro;1+2;320;/;12;20C
Kodak Tri-X 320;Eco Pro;1+3;320;/;14.25;20C
Kodak Tri-X 320;Eco Pro;1+1;640;/;10.25;20C
Kodak Tri-X 320;Eco Pro;1+2;640;/;14;20C
Kodak Tri-X 320;Eco Pro;1+3;640;/;17.25;20C
Kodak Tri-X 320;Eco Pro;stock;640;/;7.5;20C
Kodak Tri-X 320;Eco Pro;1+1;1250;/;12.75;20C
Kodak Tri-X 320;Eco Pro;1+1;1250;/;15.75;20C
Kodak Tri-X 320;Eco Pro;1+1;1250;/;11.5;24C
Kodak Tri-X 320;Eco Pro;stock;1250;/;9.5;20C
Kodak Tri-X 320;Eco Pro;stock;1250;/;12;20C
Kodak Tri-X 320;Eco Pro;stock;1250;/;8.75;24C
Kodak Tri-X 320;Eco Pro;1+2;1250;/;16.5;20C
Kodak Tri-X 320;Eco Pro;1+3;1250;/;21.5;20C
Kodak Tri-X 320;Eco Pro;1+1;2500;/;15.75;20C
Kodak Tri-X 320;Eco Pro;1+2;2500;/;21;20C
Kodak Tri-X 320;Eco Pro;1+3;2500;/;25.5;20C
Kodak Tri-X 320;Eco Pro;stock;2500;/;11.75;20C
Kodak Tri-X 320;Eco Pro;1+1;5000;/;21;20C
Kodak Tri-X 320;F76+;1+9;640;/;9.75;20C
Kodak Tri-X 320;FA-1027;1+14;320;/;10;20C
Kodak Tri-X 320;FA-1027;1+9;320;/;7.5;20C
Kodak Tri-X 320;Finol;1+1+100;320;/;13.5;24C
Kodak Tri-X 320;Fomadon R09;1+40;320;/;13.5;20C
Kodak Tri-X 320;Fomadon R09;1+25;800;/;12;20C
Kodak Tri-X 320;HC-110;B;320;/;4.75;20C
Kodak Tri-X 320;HC-110;B;320;/;5.5;20C
Kodak Tri-X 320;HC-110;G;320;/;13;20C
Kodak Tri-X 320;ID-11;1+1;320;/;12.75;20C
Kodak Tri-X 320;ID-11;stock;320;/;9;20C
Kodak Tri-X 320;ID-11;stock;320;/;8;20C
Kodak Tri-X 320;Ilfosol 3;1+9;320;/;6;20C
Kodak Tri-X 320;Ilfotec DD-X;1+4;200;/;/;20C
Kodak Tri-X 320;Ilfotec DD-X;1+4;400;/;/;20C
Kodak Tri-X 320;Ilfotec DD-X;1+4;800;/;/;20C
Kodak Tri-X 320;Ilfotec DD-X;1+4;1600;/;/;20C
Kodak Tri-X 320;Ilfotec HC;1+31;320;/;7.5;20C
Kodak Tri-X 320;Ilfotec LC29;1+29;320;/;12;20C
Kodak Tri-X 320;Microdol-X;stock;320;/;10;20C
Kodak Tri-X 320;Microdol-X;stock;320;/;10.25;20C
Kodak Tri-X 320;Microphen;stock;320;/;5;20C
Kodak Tri-X 320;PMK;1+2+100;250;/;10.5;23.5C
Kodak Tri-X 320;Pyrocat-HD;1+1+100;160;/;/;21C
Kodak Tri-X 320;Pyrocat-HD;1+1+250;320;/;58;20C
Kodak Tri-X 320;Rodinal;1+25;200;/;/;20C
Kodak Tri-X 320;Rodinal;1+100;320;/;20;20C
Kodak Tri-X 320;Rodinal;1+50;320;/;15;20C
Kodak Tri-X 320;Rodinal;1+50;320;/;/;21C
Kodak Tri-X 320;Rodinal;1+25;320;/;12;20C
Kodak Tri-X 320;Sprint Standard;1+9;320;/;7.25;20C
Kodak Tri-X 320;Tanol;1+1+100;320;/;/;20C
Kodak Tri-X 320;TMax Dev;1+4;320;/;8;20C
Kodak Tri-X 320;TMax Dev;1+4;320;/;7.25;20C
Kodak Tri-X 320;TMax Dev;1+4;320;/;5.25;24C
Kodak Tri-X 320;TMax RS;stock;320;/;4;20C
Kodak Tri-X 320;TMax RS;stock;320;/;2.75;24C
Kodak Tri-X 320;TMax RS;stock;320;/;3;24C
Kodak Tri-X 320;Ultrafin;1+10;320;/;9;20C
Kodak Tri-X 320;Ultrafine Endurance;1+9;320;/;4.25;20C
Kodak Tri-X 320;Ultrafine Powder;1+1;320;/;12.75;20C
Kodak Tri-X 320;Ultrafine Powder;stock;320;/;9;20C
Kodak Tri-X 320;WD2D+;stock;400;/;/;20C
Kodak Tri-X 320;Xtol;1+1;80;/;7.75;20C
Kodak Tri-X 320;Xtol;1+2;80;/;10.25;20C
Kodak Tri-X 320;Xtol;1+3;80;/;12.25;20C
Kodak Tri-X 320;Xtol;stock;80;/;5.25;20C
Kodak Tri-X 320;Xtol;1+1;160;/;7.75;20C
Kodak Tri-X 320;Xtol;1+2;160;/;10.25;20C
Kodak Tri-X 320;Xtol;1+3;160;/;12.25;20C
Kodak Tri-X 320;Xtol;stock;160;/;5.25;20C
Kodak Tri-X 320;Xtol;1+1;200;/;/;20C
Kodak Tri-X 320;Xtol;1+1;320;/;11.25;20C
Kodak Tri-X 320;Xtol;1+1;320;/;8.75;20C
Kodak Tri-X 320;Xtol;1+1;320;/;8;24C
Kodak Tri-X 320;Xtol;1+2;320;/;12;20C
Kodak Tri-X 320;Xtol;1+3;320;/;14.25;20C
Kodak Tri-X 320;Xtol;stock;320;/;6.25;20C
Kodak Tri-X 320;Xtol;stock;320;/;7.75;20C
Kodak Tri-X 320;Xtol;stock;320;/;5.75;24C
Kodak Tri-X 320;Xtol;1+1;640;/;10.25;20C
Kodak Tri-X 320;Xtol;1+2;640;/;14;20C
Kodak Tri-X 320;Xtol;1+3;640;/;17.25;20C
Kodak Tri-X 320;Xtol;stock;640;/;7.5;20C
Kodak Tri-X 320;Xtol;1+1;1250;/;12.75;20C
Kodak Tri-X 320;Xtol;1+1;1250;/;15.75;20C
Kodak Tri-X 320;Xtol;1+1;1250;/;11.5;24C
Kodak Tri-X 320;Xtol;1+2;1250;/;16.5;20C
Kodak Tri-X 320;Xtol;1+3;1250;/;21.5;20C
Kodak Tri-X 320;Xtol;stock;1250;/;9.5;20C
Kodak Tri-X 320;Xtol;stock;1250;/;12;20C
Kodak Tri-X 320;Xtol;stock;1250;/;8.75;24C
Kodak Tri-X 320;Xtol;1+1;2500;/;15.75;20C
Kodak Tri-X 320;Xtol;1+2;2500;/;21;20C
Kodak Tri-X 320;Xtol;1+3;2500;/;25.5;20C
Kodak Tri-X 320;Xtol;stock;2500;/;11.75;20C
Kodak Tri-X 320;Xtol;1+1;5000;/;21;20C
Kodak HIE Infrared;Amaloco AM74;1+7;200;5;/;20C
Kodak HIE Infrared;Amaloco AM74;1+7;400;7.5;/;20C
Kodak HIE Infrared;D-19;stock;/;6;/;20C
Kodak HIE Infrared;D-76;stock;/;8.5-11;/;20C
Kodak HIE Infrared;D-76;1+1;400;13;/;20C
Kodak HIE Infrared;Diafine;stock;320;5+5;/;24C
Kodak HIE Infrared;Eco Pro;1+3;/;17;/;20C
Kodak HIE Infrared;Eco Pro;1+2;/;12.5;/;20C
Kodak HIE Infrared;Eco Pro;1+1;/;8-12.5;/;20C
Kodak HIE Infrared;Eco Pro;stock;/;5.5-9;/;20C
Kodak HIE Infrared;Emofin;stock;/;5.5+5.5;/;20C
Kodak HIE Infrared;FD10;1+9;/;12;/;20C
Kodak HIE Infrared;FX-39;1+19;/;7;/;20C
Kodak HIE Infrared;FX-39;1+9;/;11;/;20C
Kodak HIE Infrared;FX-55;1+9;/;16;/;20C
Kodak HIE Infrared;HC-110;B;/;5;/;20C
Kodak HIE Infrared;ID-11;stock;/;8.5-11;/;20C
Kodak HIE Infrared;ID-11;1+1;400;13;/;20C
Kodak HIE Infrared;Ilfotec DD-X;1+4;/;8;/;20C
Kodak HIE Infrared;Ilfotec HC;1+31;/;5;/;20C
Kodak HIE Infrared;Microdol-X;1+1;400;10.5;/;24C
Kodak HIE Infrared;Microdol-X;1+3;800;21;/;22C
Kodak HIE Infrared;Microphen;1+1;64;12;/;20C
Kodak HIE Infrared;Neofin Blue;stock;/;5;/;20C
Kodak HIE Infrared;Nucleol BF200;4+3;50;9.5;/;20C
Kodak HIE Infrared;Perceptol;stock;/;15;/;20C
Kodak HIE Infrared;Perceptol;1+2;50;13.5;/;24C
Kodak HIE Infrared;PMK;1+2+100;/;12;/;20C
Kodak HIE Infrared;PMK;1+2+100;320;17.75;/;20C
Kodak HIE Infrared;Promicrol;1+14;/;11;/;24C
Kodak HIE Infrared;Promicrol;1+14;/;16-19;/;20C
Kodak HIE Infrared;Promicrol;1+9;/;11-13;/;20C
Kodak HIE Infrared;Promicrol;1+9;/;7;/;24C
Kodak HIE Infrared;Rodinal;1+25;/;9;/;20C
Kodak HIE Infrared;Rodinal;1+50;/;12;/;20C
Kodak HIE Infrared;Rodinal;1+50;400;12;/;20C
Kodak HIE Infrared;Rodinal;1+50;1600;20;/;20C
Kodak HIE Infrared;Sprint Standard;2+8;/;7.5;/;24C
Kodak HIE Infrared;Sprint Standard;1+4;/;11.5;/;20C
Kodak HIE Infrared;Suprol;1+19;/;5.5;/;20C
Kodak HIE Infrared;Suprol;1+9;/;4.75;/;20C
Kodak HIE Infrared;TMax Dev;1+4;/;4-8;/;24C
Kodak HIE Infrared;TMax Dev;1+4;50;7;/;20C
Kodak HIE Infrared;TMax Dev;1+4;2000;5;/;24C
Kodak HIE Infrared;Ultrafin;1+20;/;13;/;20C
Kodak HIE Infrared;Ultrafin;1+10;/;5;/;20C
Kodak HIE Infrared;Xtol;stock;/;5.5-9;/;20C
Kodak HIE Infrared;Xtol;1+2;/;12.5;/;20C
Kodak HIE Infrared;Xtol;1+1;/;8-12.5;/;20C
Kodak HIE Infrared;Xtol;1+3;/;17;/;20C
Kodak TMax 100;510-Pyro;1+100;100;7;7;21C
Kodak TMax 100;ACU-1;1+10;160;12;10.25;21C
Kodak TMax 100;ACU-1;1+10;1000;12;12;21C
Kodak TMax 100;Acufine;stock;100;3.25;3.25;20.5C
Kodak TMax 100;Acufine;stock;160;4;4;21C
Kodak TMax 100;Acufine;stock;200;4.5;5;21C
Kodak TMax 100;Acurol-N;1+50;50;10.5;10.5;20C
Kodak TMax 100;Acurol-N;1+100;100;31;31;20C
Kodak TMax 100;Adox HR-DEV;1+30;100;12;12;20C
Kodak TMax 100;ADX II;1+24;100;12;12;20C
Kodak TMax 100;Amaloco AM74;1+7;100;5;5;20C
Kodak TMax 100;Amaloco AM74;1+7;200;5.75;5.75;20C
Kodak TMax 100;Arista Liquid;1+9;50;6;6;21C
Kodak TMax 100;Arista Liquid;1+19;100;12;12;24C
Kodak TMax 100;Arista Liquid;1+9;100;7;7;20C
Kodak TMax 100;Arista Premium;1+9;100;7;7;20C
Kodak TMax 100;Ars-Imago FD;1+39;50;4.5;4.5;20C
Kodak TMax 100;Ars-Imago FD;1+39;100;6;6;20C
Kodak TMax 100;Ars-Imago FD;1+39;200;9;9;20C
Kodak TMax 100;Atomal 49;1+3;50;17.5;17.5;21C
Kodak TMax 100;Atomal 49;stock;100;8;8;20C
Kodak TMax 100;Bellini Hydrofen;1+39;50;4.5;4.5;20C
Kodak TMax 100;Bellini Hydrofen;1+15;80;5;5;20C
Kodak TMax 100;Bellini Hydrofen;1+39;100;6;6;20C
Kodak TMax 100;Bellini Hydrofen;1+39;200;9;9;20C
Kodak TMax 100;Berspeed;1+1;100;11;11;20C
Kodak TMax 100;Berspeed;1+1;100;8;8;24C
Kodak TMax 100;Beutler;1+1+8;100;12;12;20C
Kodak TMax 100;BW-TNEG;1+6;100;5.5;5.5;20C
Kodak TMax 100;Caffenol C;1+1;100;12.5;12.5;20C
Kodak TMax 100;Caffenol C-M;stock;200;15;15;20C
Kodak TMax 100;Caffenol C-M (rs);stock;100;12;12;20C
Kodak TMax 100;D-23;1+1;100;14;14;20C
Kodak TMax 100;D-23;1+3;100;21;21;20C
Kodak TMax 100;D-23;stock;100;9.5;9.5;20C
Kodak TMax 100;D-76;1+1;64;12;12;20C
Kodak TMax 100;D-76;stock;100;6.5;6.5;20C
Kodak TMax 100;D-76;1+1;100;9.5;9.5;20C
Kodak TMax 100;D-76;1+3;100;17;17;20C
Kodak TMax 100;D-76;stock;200;6.5;6.5;20C
Kodak TMax 100;D-76;1+2;400;26;26;21C
Kodak TMax 100;D-76;stock;400;8.25;8.25;20C
Kodak TMax 100;D-76D;1+1;100;12;12;20C
Kodak TMax 100;D-96;stock;100;7.5;7.5;20C
Kodak TMax 100;Dektol;1+4;100;4.5;4.5;20C
Kodak TMax 100;Dektol;1+9;100;6.75;6.75;20C
Kodak TMax 100;Diafine;stock;80;4.5+4;4.5+4;22C
Kodak TMax 100;Diafine;stock;160;3+3;3+3;20C
Kodak TMax 100;Diafine;stock;200;3+3;3+3;20C
Kodak TMax 100;Diafine;stock;200;5+5;5+5;20C
Kodak TMax 100;Eco Pro;1+1;25;8;8.75;20C
Kodak TMax 100;Eco Pro;1+2;25;11.5;11.75;20C
Kodak TMax 100;Eco Pro;1+3;25;14.5;15;20C
Kodak TMax 100;Eco Pro;stock;25;5.75;5.75;20C
Kodak TMax 100;Eco Pro;1+1;50;8;8.75;20C
Kodak TMax 100;Eco Pro;1+2;50;11.5;11.75;20C
Kodak TMax 100;Eco Pro;1+3;50;14.5;15;20C
Kodak TMax 100;Eco Pro;stock;50;5.75;5.75;20C
Kodak TMax 100;Eco Pro;stock;100;7.5;7.5;20C
Kodak TMax 100;Eco Pro;1+1;100;9.5;9.5;20C
Kodak TMax 100;Eco Pro;1+1;100;9.25;10;20C
Kodak TMax 100;Eco Pro;stock;100;6.75;6.75;20C
Kodak TMax 100;Eco Pro;stock;100;7.25;7.25;20C
Kodak TMax 100;Eco Pro;1+2;100;12.5;13;20C
Kodak TMax 100;Eco Pro;1+3;100;16;16.75;20C
Kodak TMax 100;Eco Pro;stock;200;7.5;7.5;20C
Kodak TMax 100;Eco Pro;1+1;200;9.5;9.5;20C
Kodak TMax 100;Eco Pro;1+1;200;10.25;11;20C
Kodak TMax 100;Eco Pro;stock;200;7.75;7.75;20C
Kodak TMax 100;Eco Pro;1+2;200;13.75;14.5;20C
Kodak TMax 100;Eco Pro;1+3;200;18.25;18.75;20C
Kodak TMax 100;Eco Pro;1+1;400;12.25;12.25;20C
Kodak TMax 100;Eco Pro;1+1;400;12.5;12.75;20C
Kodak TMax 100;Eco Pro;stock;400;9.5;9.5;20C
Kodak TMax 100;Eco Pro;stock;400;9;9;20C
Kodak TMax 100;Eco Pro;1+2;400;15.75;16.75;20C
Kodak TMax 100;Eco Pro;1+3;400;20.5;21;20C
Kodak TMax 100;Eco Pro;1+1;800;9;9;24C
Kodak TMax 100;Eco Pro;1+1;800;14.5;15.25;20C
Kodak TMax 100;Eco Pro;stock;800;10.5;10.25;20C
Kodak TMax 100;Eco Pro;stock;800;7.25;7.25;24C
Kodak TMax 100;Eco Pro;1+2;800;18;19;20C
Kodak TMax 100;Eco Pro;1+3;800;23;23.5;20C
Kodak TMax 100;Emofin;stock;100;4.5+4.5;4.5+4.5;20C
Kodak TMax 100;Extend Plus;1+15;100;11.5;11.5;20C
Kodak TMax 100;Extend Plus;1+15;100;11;11;20C
Kodak TMax 100;F76+;1+9;100;12;12;20C
Kodak TMax 100;F76+;1+9;100;10.5;10.5;24C
Kodak TMax 100;F76+;1+19;100;20;20;24C
Kodak TMax 100;FA-1027;1+14;100;9.5;9.5;20C
Kodak TMax 100;FA-1027;1+9;100;6.5;6.5;20C
Kodak TMax 100;FD10;1+14;100;13;13;20C
Kodak TMax 100;FD10;1+9;100;9;9;20C
Kodak TMax 100;Finol;1+1+100;100;12;12;24C
Kodak TMax 100;Fomadon Excel;stock;100;7;7;20C
Kodak TMax 100;Fomadon LQN;1+10;100;7.5;7.5;20C
Kodak TMax 100;Fomadon P;stock;100;13;13;20C
Kodak TMax 100;Fomadon R09;1+25;100;5.5;5.5;20C
Kodak TMax 100;Fomadon R09;1+40;100;9;9;20C
Kodak TMax 100;Fomadon R09;1+50;100;15;15;20C
Kodak TMax 100;FX-1;1+1+8;100;12;12;20C
Kodak TMax 100;FX-19;stock;100;9;9;20C
Kodak TMax 100;FX-37;1+5;125;10.5;10.5;21C
Kodak TMax 100;FX-39;1+14;100;11;11;20C
Kodak TMax 100;FX-39;1+9;100;8;10;20C
Kodak TMax 100;FX-5;1+8;100;30;30;23C
Kodak TMax 100;FX-55;1+9;100;13;13;20C
Kodak TMax 100;GSD-10;1+10;200;24;24;21C
Kodak TMax 100;HC-110;B;100;7;7;20C
Kodak TMax 100;HC-110;B;100;6;6;20C
Kodak TMax 100;HC-110;H;100;12;12;20C
Kodak TMax 100;HC-110;B;200;7;7;20C
Kodak TMax 100;HC-110;B;200;6;6;20C
Kodak TMax 100;HC-110;B;400;9.5;9.5;20C
Kodak TMax 100;HC-110;B;400;11.5;11.5;20C
Kodak TMax 100;ID-11;1+1;64;12;12;20C
Kodak TMax 100;ID-11;stock;100;6.5;6.5;20C
Kodak TMax 100;ID-11;1+1;100;9.5;9.5;20C
Kodak TMax 100;ID-11;stock;200;6.5;6.5;20C
Kodak TMax 100;ID-11;stock;400;8.25;8.25;20C
Kodak TMax 100;ID-11;stock;1600;16;16;20C
Kodak TMax 100;Ilfosol 3;1+14;80;9;9;20C
Kodak TMax 100;Ilfosol 3;1+9;80;5.5;5.5;20C
Kodak TMax 100;Ilfosol 3;1+14;160;11.5;11.5;20C
Kodak TMax 100;Ilfotec DD;stock;50;6.5;6.5;24C
Kodak TMax 100;Ilfotec DD;stock;100;7.5;7.5;24C
Kodak TMax 100;Ilfotec DD;stock;200;8.5;8.5;24C
Kodak TMax 100;Ilfotec DD-X;1+4;100;7;7;20C
Kodak TMax 100;Ilfotec DD-X;1+9;100;8.5;8.5;24C
Kodak TMax 100;Ilfotec DD-X;1+9;100;11;11;20C
Kodak TMax 100;Ilfotec DD-X;1+4;200;9;9;20C
Kodak TMax 100;Ilfotec DD-X;1+4;1600;20;20;20C
Kodak TMax 100;Ilfotec HC;1+31;100;7.5;7.5;20C
Kodak TMax 100;Ilfotec HC;1+15;200;5;5;20C
Kodak TMax 100;Ilfotec LC29;1+19;100;7.5;5.5;20C
Kodak TMax 100;Ilfotec LC29;1+19;100;7;7;20C
Kodak TMax 100;Ilfotec LC29;1+29;100;11;9;20C
Kodak TMax 100;Kalogen;1+50;100;10;10;20C
Kodak TMax 100;Microdol-X;1+3;100;16;16;24C
Kodak TMax 100;Microdol-X;stock;100;13.5;13.5;20C
Kodak TMax 100;Microdol-X;1+3;100;17;17;20C
Kodak TMax 100;Microdol-X;stock;100;11.5;11.5;20C
Kodak TMax 100;Microdol-X;stock;100;11;11;22C
Kodak TMax 100;Microdol-X;stock;200;13.5;13.5;20C
Kodak TMax 100;Microdol-X;1+3;200;16;16;24C
Kodak TMax 100;Microphen;stock;100;8;8;20C
Kodak TMax 100;Microphen;1+3;100;16;16;20C
Kodak TMax 100;Microphen;1+1;100;11;11;20C
Kodak TMax 100;Microphen;stock;200;8;8;20C
Kodak TMax 100;Microphen;1+3;200;16;16;20C
Kodak TMax 100;Microphen;1+1;200;11;11;20C
Kodak TMax 100;Mocon;1+64;100;14;14;20C
Kodak TMax 100;Neofin Blue;stock;100;12;12;20C
Kodak TMax 100;Neofin Blue;1+5;100;10;10;20C
Kodak TMax 100;Neopress HC;1+15;100;3;3;20C
Kodak TMax 100;Neopress HC;1+15;100;5;5;20C
Kodak TMax 100;Neopress HC;1+31;100;8;8;20C
Kodak TMax 100;Neopress HC;1+31;100;5;5;20C
Kodak TMax 100;Nucleol BF200;4+3;100;7;7;24C
Kodak TMax 100;Paranol S;1+25;100;11;11;20C
Kodak TMax 100;Paranol S;1+50;100;27;27;20C
Kodak TMax 100;Perceptol;1+1;100;13.5;13.5;20C
Kodak TMax 100;Perceptol;1+3;100;19;19;20C
Kodak TMax 100;Perceptol;stock;100;12;12;20C
Kodak TMax 100;PMK;3+6+200;80;15;15;20C
Kodak TMax 100;PMK;10+16+1000;80;11.5;11.5;21C
Kodak TMax 100;PMK;11+20+1000;80;10;10;21C
Kodak TMax 100;PMK;1+2+100;100;13.5;13.5;20C
Kodak TMax 100;PMK;1+2+100;100;14;14;20C
Kodak TMax 100;PQ Universal;1+19;100;3.5;3.5;20C
Kodak TMax 100;Promicrol;1+9;150;8;8;20C
Kodak TMax 100;Promicrol;1+14;150;13;13;20C
Kodak TMax 100;Promicrol;1+9;200;8;8;20C
Kodak TMax 100;Promicrol;1+14;200;13;13;20C
Kodak TMax 100;Pyrocat-HD;1+1+100;64;9;9;27C
Kodak TMax 100;Pyrocat-HD;1+1+100;100;16;16;20C
Kodak TMax 100;Pyrocat-HD;1+1+90;100;12;12;21C
Kodak TMax 100;Rodinal;1+50;50;10;10;20C
Kodak TMax 100;Rodinal;1+75;50;17;17;20C
Kodak TMax 100;Rodinal;1+100;64;15;15;20C
Kodak TMax 100;Rodinal;1+25;64;5.5-6;5.5;20C
Kodak TMax 100;Rodinal;1+100;80;20;20;20C
Kodak TMax 100;Rodinal;1+50;80;12;12;20C
Kodak TMax 100;Rodinal;1+100;100;60;60;20C
Kodak TMax 100;Rodinal;1+25;100;6;6;20C
Kodak TMax 100;Rodinal;1+75;100;19;19;20C
Kodak TMax 100;Rodinal;1+25;100;5.5;5.5;20C
Kodak TMax 100;Rodinal;1+50;100;12;12;20C
Kodak TMax 100;Rodinal;1+25;400;8.5;8.5;20C
Kodak TMax 100;Rollei D74;1+15;100;8.5;8.5;20C
Kodak TMax 100;Rollei D74;1+9;100;6;6;20C
Kodak TMax 100;Rollei RLS Low Speed;1+4;50;12;12;24C
Kodak TMax 100;Rollei RLS Low Speed;1+4;64;11.5;11.5;24C
Kodak TMax 100;Rollei Supergrain;1+15;100;8.5;8.5;20C
Kodak TMax 100;Silvermax;1+24;100;11;11;20C
Kodak TMax 100;Sprint Standard;1+9;100;10;10;20C
Kodak TMax 100;Spur 2525;1+12;80;7.5;7.5;20C
Kodak TMax 100;Spur HRX;1+17;64;11.5;11.5;20C
Kodak TMax 100;Spur HRX;1+17;100;14;14;20C
Kodak TMax 100;Spur SLD;1+9;125;4;4;20C
Kodak TMax 100;Studional;1+15;80;5;5;20C
Kodak TMax 100;Suprol;1+19;100;3.5;3.5;20C
Kodak TMax 100;Tanol;1+1+100;80;12.5;12.5;22C
Kodak TMax 100;Tanol;1+1+100;80;12.5;12.5;24C
Kodak TMax 100;Tanol;1+1+100;125;12.5;12.5;20C
Kodak TMax 100;Tanol Speed;1+1+100;100;10.5;10.5;24C
Kodak TMax 100;TMax Dev;1+4;100;7.5;7.5;20C
Kodak TMax 100;TMax Dev;1+4;100;6.25;6.25;24C
Kodak TMax 100;TMax Dev;1+7;100;9.5;9.5;24C
Kodak TMax 100;TMax Dev;1+9;100;17;17;20C
Kodak TMax 100;TMax Dev;1+9;100;13.5;13.5;24C
Kodak TMax 100;TMax Dev;1+4;200;7.5;7.5;20C
Kodak TMax 100;TMax Dev;1+4;200;6.25;6.25;24C
Kodak TMax 100;TMax Dev;1+4;400;10;10;24C
Kodak TMax 100;TMax Dev;1+4;800;11.75;11.75;24C
Kodak TMax 100;TMax RS;stock;100;6.25;6.25;24C
Kodak TMax 100;TMax RS;stock;100;8;8;20C
Kodak TMax 100;TMax RS;1+7;100;8.5;8.5;24C
Kodak TMax 100;TMax RS;1+9;100;12.5;12.5;24C
Kodak TMax 100;TMax RS;stock;200;6.25;6.25;24C
Kodak TMax 100;TMax RS;stock;200;8;8;20C
Kodak TMax 100;TMax RS;stock;400;10;10;24C
Kodak TMax 100;TMax RS;stock;800;11.75;11.75;24C
Kodak TMax 100;Ultrafin;1+10;100;7;7;20C
Kodak TMax 100;Ultrafin;1+20;100;12;12;20C
Kodak TMax 100;Ultrafin T-Plus;1+4;100;11;11;20C
Kodak TMax 100;Ultrafine Endurance;1+9;100;6;6;20C
Kodak TMax 100;Ultrafine Liquid;1+2;100;9;9;20C
Kodak TMax 100;Ultrafine Liquid;1+4;100;12;12;20C
Kodak TMax 100;Ultrafine Powder;1+1;100;12;12;20C
Kodak TMax 100;Ultrafine Powder;stock;100;9;9;20C
Kodak TMax 100;Uncle Mort's;1+9;100;8;8;20C
Kodak TMax 100;WD2D+;1+1+50;50;7.25;7.25;23C
Kodak TMax 100;WD2D+;stock;100;9;9;20C
Kodak TMax 100;Xtol;1+1;25;8;8.75;20C
Kodak TMax 100;Xtol;1+2;25;11.5;11.75;20C
Kodak TMax 100;Xtol;1+3;25;14.5;15;20C
Kodak TMax 100;Xtol;stock;25;5.75;5.75;20C
Kodak TMax 100;Xtol;1+1;50;8;8.75;20C
Kodak TMax 100;Xtol;1+2;50;11.5;11.75;20C
Kodak TMax 100;Xtol;1+3;50;14.5;15;20C
Kodak TMax 100;Xtol;stock;50;5.75;5.75;20C
Kodak TMax 100;Xtol;stock;100;7.5;7.5;20C
Kodak TMax 100;Xtol;1+1;100;9.5;9.5;20C
Kodak TMax 100;Xtol;1+1;100;9.25;10;20C
Kodak TMax 100;Xtol;1+2;100;12.5;13;20C
Kodak TMax 100;Xtol;1+3;100;16;16.75;20C
Kodak TMax 100;Xtol;stock;100;6.75;6.75;20C
Kodak TMax 100;Xtol;stock;100;7.25;7.25;20C
Kodak TMax 100;Xtol;stock;200;7.5;7.5;20C
Kodak TMax 100;Xtol;1+1;200;9.5;9.5;20C
Kodak TMax 100;Xtol;1+1;200;10.25;11;20C
Kodak TMax 100;Xtol;1+2;200;13.75;14.5;20C
Kodak TMax 100;Xtol;1+3;200;18.25;18.75;20C
Kodak TMax 100;Xtol;stock;200;7.75;7.75;20C
Kodak TMax 100;Xtol;1+1;400;12.25;12.25;20C
Kodak TMax 100;Xtol;1+1;400;12.5;12.75;20C
Kodak TMax 100;Xtol;1+2;400;15.75;16.75;20C
Kodak TMax 100;Xtol;1+3;400;20.5;21;20C
Kodak TMax 100;Xtol;stock;400;9.5;9.5;20C
Kodak TMax 100;Xtol;stock;400;9;9;20C
Kodak TMax 100;Xtol;1+1;800;14.5;15.25;20C
Kodak TMax 100;Xtol;1+1;800;9;9;24C
Kodak TMax 100;Xtol;1+2;800;18;19;20C
Kodak TMax 100;Xtol;1+3;800;23;23.5;20C
Kodak TMax 100;Xtol;stock;800;10.5;10.25;20C
Kodak TMax 100;Xtol;stock;800;7.25;7.25;24C
Kodak TMax 400;510-Pyro;1+100;600;5.5;5.5;21C
Kodak TMax 400;510-Pyro;1+100;640;6.5;6.5;20C
Kodak TMax 400;ACU-1;1+10;1200;11.25;11.25;21C
Kodak TMax 400;Acufine;stock;650;4;4;21C
Kodak TMax 400;Acufine;stock;800;4.5;4.5;21C
Kodak TMax 400;Acufine;stock;1000;4.25;4.25;21C
Kodak TMax 400;Acufine;stock;1600;5.25;5.25;21C
Kodak TMax 400;Acurol-N;1+50;200;10;10;20C
Kodak TMax 400;Acurol-N;1+100;320;31;31;22C
Kodak TMax 400;Acurol-N;1+100;400;31;31;22C
Kodak TMax 400;Adox HR-DEV;1+30;400;11.5;11.5;20C
Kodak TMax 400;Adox HR-DEV;1+24;800;15;15;20C
Kodak TMax 400;Adox HR-DEV;1+14;1250;17;17;24C
Kodak TMax 400;ADX II;1+24;400;11.5;11.5;20C
Kodak TMax 400;Agfa 12;stock;400;10;10;18C
Kodak TMax 400;Amaloco AM74;1+7;320;5;5;20C
Kodak TMax 400;Amaloco AM74;1+7;400;5.5;5.5;20C
Kodak TMax 400;Amaloco AM74;1+7;400;6;6;20C
Kodak TMax 400;Amaloco AM74;1+7;800;6.75;6.75;20C
Kodak TMax 400;Amaloco AM74;1+7;1600;7;7;20C
Kodak TMax 400;Arista Liquid;1+19;400;12.5;12.5;24C
Kodak TMax 400;Arista Liquid;1+9;400;6.75;6.75;20C
Kodak TMax 400;Arista Premium;1+9;400;7.5;7.5;20C
Kodak TMax 400;Ars-Imago FD;1+39;200;4.5;4.5;20C
Kodak TMax 400;Ars-Imago FD;1+39;400;6.5;6.5;20C
Kodak TMax 400;Ars-Imago FD;1+39;800;9;9;20C
Kodak TMax 400;Ars-Imago FD;1+39;1600;12.5;12.5;20C
Kodak TMax 400;Atomal 49;stock;400;11;11;20C
Kodak TMax 400;Bellini Hydrofen;1+39;200;4.5;4.5;20C
Kodak TMax 400;Bellini Hydrofen;1+15;400;5;5;20C
Kodak TMax 400;Bellini Hydrofen;1+39;400;6.5;6.5;20C
Kodak TMax 400;Bellini Hydrofen;1+39;800;9;9;20C
Kodak TMax 400;Bellini Hydrofen;1+39;1600;12.5;12.5;20C
Kodak TMax 400;Berspeed;1+1;400;10.75;10.75;20C
Kodak TMax 400;Berspeed;1+1;400;7.5;7.5;24C
Kodak TMax 400;Beutler;1+1+18;400;11.5;11.5;20C
Kodak TMax 400;BW-TNEG;1+6;400;6;6;20C
Kodak TMax 400;BW-TNEG;1+6;1600;10;10;20C
Kodak TMax 400;Caffenol;stock;400;25;25;20C
Kodak TMax 400;Caffenol C-L;stock;400;30;30;21C
Kodak TMax 400;Caffenol C-L;stock;800;60;60;20C
Kodak TMax 400;Caffenol C-L;stock;1600;60;60;20C
Kodak TMax 400;D-23;1+1;200;11;11;20C
Kodak TMax 400;D-23;1+1;400;12;12;20C
Kodak TMax 400;D-23;1+3;400;20;20;20C
Kodak TMax 400;D-23;stock;400;8;8;20C
Kodak TMax 400;D-76;1+1;50;8;8;20C
Kodak TMax 400;D-76;1+1;100;8.75;8.75;20C
Kodak TMax 400;D-76;1+3;200;12;12;20C
Kodak TMax 400;D-76;1+1;400;9;9;24C
Kodak TMax 400;D-76;1+3;400;15;15;20C
Kodak TMax 400;D-76;1+1;400;10.25;10.25;20C
Kodak TMax 400;D-76;stock;400;7.5;7.5;20C
Kodak TMax 400;D-76;1+1;800;10.25;10.25;20C
Kodak TMax 400;D-76;stock;800;7.5;7.5;20C
Kodak TMax 400;D-76;1+1;1600;18.5;18.5;20.5C
Kodak TMax 400;D-76;stock;1600;9.25;9.25;20C
Kodak TMax 400;D-76D;1+1;400;12.5;12.5;20C
Kodak TMax 400;Diafine;stock;500;3+3;3+3;20C
Kodak TMax 400;Diafine;stock;640;3+3;3+3;20C
Kodak TMax 400;DK-76b;1+1;400;9;9;20C
Kodak TMax 400;Eco Pro;1+1;100;8;8;20C
Kodak TMax 400;Eco Pro;stock;100;5.75;5.75;20C
Kodak TMax 400;Eco Pro;1+3;100;12.25;13.75;20C
Kodak TMax 400;Eco Pro;1+2;100;9.5;9.5;20C
Kodak TMax 400;Eco Pro;1+1;200;8;8;20C
Kodak TMax 400;Eco Pro;stock;200;5.75;5.75;20C
Kodak TMax 400;Eco Pro;1+3;200;12.25;13.75;20C
Kodak TMax 400;Eco Pro;1+2;200;9.5;9.5;20C
Kodak TMax 400;Eco Pro;1+1;400;9.25;9.25;20C
Kodak TMax 400;Eco Pro;stock;400;6.5;6.5;20C
Kodak TMax 400;Eco Pro;1+2;400;10.5;12.5;20C
Kodak TMax 400;Eco Pro;1+3;400;13.5;15.5;20C
Kodak TMax 400;Eco Pro;1+1;800;9.5;10.75;20C
Kodak TMax 400;Eco Pro;stock;800;7.25;7.25;20C
Kodak TMax 400;Eco Pro;1+1;800;9.25;9.25;20C
Kodak TMax 400;Eco Pro;stock;800;6.5;6.5;20C
Kodak TMax 400;Eco Pro;1+2;800;12.25;14.25;20C
Kodak TMax 400;Eco Pro;1+3;800;15;17.25;20C
Kodak TMax 400;Eco Pro;1+1;1600;12.25;12.25;20C
Kodak TMax 400;Eco Pro;1+2;1600;13.75;16.5;20C
Kodak TMax 400;Eco Pro;1+3;1600;17;19.5;20C
Kodak TMax 400;Eco Pro;stock;1600;8.5;8.5;20C
Kodak TMax 400;Eco Pro;stock;3200;9.5;10;20C
Kodak TMax 400;Eco Pro;stock;3200;7.25;7.25;24C
Kodak TMax 400;Eco Pro;1+1;3200;10;10;24C
Kodak TMax 400;Eco Pro;1+2;3200;16;19.25;20C
Kodak TMax 400;Eco Pro;1+3;3200;20;22.75;20C
Kodak TMax 400;Emofin;stock;400;4.5+4.5;4.5+4.5;20C
Kodak TMax 400;Extend Plus;1+15;400;10;10;20C
Kodak TMax 400;F76+;1+9;400;8;8;20C
Kodak TMax 400;F76+;1+9;400;7;7;24C
Kodak TMax 400;F76+;1+19;400;12.5;12.5;24C
Kodak TMax 400;FA-1027;1+14;400;11;11;20C
Kodak TMax 400;FA-1027;1+9;400;8;8;20C
Kodak TMax 400;FA-1027;1+9;3200;14;14;20C
Kodak TMax 400;FD10;1+14;400;15;15;20C
Kodak TMax 400;FD10;1+9;400;11;11;20C
Kodak TMax 400;Finol;1+1+100;320;11;11.5;24C
Kodak TMax 400;Fomadon Excel;stock;400;6.5;6.5;20C
Kodak TMax 400;Fomadon LQN;1+10;400;12;12;20C
Kodak TMax 400;Fomadon LQN;1+10;1600;20;20;20C
Kodak TMax 400;Fomadon P;stock;400;11;11;20C
Kodak TMax 400;Fomadon R09;1+25;400;6;6;20C
Kodak TMax 400;Fomadon R09;1+40;400;11;11;20C
Kodak TMax 400;Fomadon R09;1+50;400;11;11;20C
Kodak TMax 400;FX-19;stock;100;8;8;20C
Kodak TMax 400;FX-39;1+14;400;12;12;20C
Kodak TMax 400;FX-39;1+9;400;10;13;20C
Kodak TMax 400;FX-39;1+9;800;12;12;20C
Kodak TMax 400;FX-55;1+9;400;14.5;14.5;20C
Kodak TMax 400;GSD-10;1+5;400;6.5;6.5;21C
Kodak TMax 400;GSD-10;1+10;800;22;22;21C
Kodak TMax 400;GSD-10;1+10;1600;60;60;24C
Kodak TMax 400;HC-110;E;200;10.5;10.5;20C
Kodak TMax 400;HC-110;B;320;6;6;20C
Kodak TMax 400;HC-110;E;400;7;7;24C
Kodak TMax 400;HC-110;1+250;400;45;45;20C
Kodak TMax 400;HC-110;H;400;9;9;24C
Kodak TMax 400;HC-110;B;400;5.5;5.5;20C
Kodak TMax 400;HC-110;B;640;7;7;20C
Kodak TMax 400;HC-110;B;800;5.5;5.5;20C
Kodak TMax 400;HC-110;B;1600;7.5;7.5;20C
Kodak TMax 400;HC-110;B;3200;9.5;9.5;20C
Kodak TMax 400;ID-11;1+1;50;8;8;20C
Kodak TMax 400;ID-11;1+1;100;8.75;8.75;20C
Kodak TMax 400;ID-11;1+3;200;12;12;20C
Kodak TMax 400;ID-11;1+3;400;15;15;20C
Kodak TMax 400;ID-11;1+1;400;10.25;10.25;20C
Kodak TMax 400;ID-11;stock;400;7.5;7.5;20C
Kodak TMax 400;ID-11;1+1;800;10.25;10.25;20C
Kodak TMax 400;ID-11;stock;800;7.5;7.5;20C
Kodak TMax 400;ID-11;1+1;1600;18.5;18.5;20.5C
Kodak TMax 400;ID-11;stock;1600;10.5;10.5;20C
Kodak TMax 400;ID-62;2+25;400;11;11;20C
Kodak TMax 400;Ilfosol 3;1+9;8.5;8.5;8.5;20C
Kodak TMax 400;Ilfosol 3;1+14;200;7.5;7.5;20C
Kodak TMax 400;Ilfosol 3;1+9;200;5.5;5.5;20C
Kodak TMax 400;Ilfosol 3;1+14;400;10;10;20C
Kodak TMax 400;Ilfosol 3;1+9;400;6;6;20C
Kodak TMax 400;Ilfosol 3;1+14;800;14;14;20C
Kodak TMax 400;Ilfosol 3;1+9;800;8.5;8.5;20C
Kodak TMax 400;Ilfosol 3;1+14;3200;22;22;20C
Kodak TMax 400;Ilfotec DD;stock;200;7;7;24C
Kodak TMax 400;Ilfotec DD;stock;400;8.5;8.5;24C
Kodak TMax 400;Ilfotec DD;stock;800;9.5;9.5;24C
Kodak TMax 400;Ilfotec DD;stock;1600;10.5;10.5;24C
Kodak TMax 400;Ilfotec DD;stock;3200;13;13;24C
Kodak TMax 400;Ilfotec DD-X;1+4;50;6;6;20C
Kodak TMax 400;Ilfotec DD-X;1+4;200;7;7;20C
Kodak TMax 400;Ilfotec DD-X;1+9;200;11.75;11.75;20C
Kodak TMax 400;Ilfotec DD-X;1+4;400;8;8;20C
Kodak TMax 400;Ilfotec DD-X;1+4;400;6;6;24C
Kodak TMax 400;Ilfotec DD-X;1+9;400;14-15;14-15;20C
Kodak TMax 400;Ilfotec DD-X;1+4;800;10;10;20C
Kodak TMax 400;Ilfotec DD-X;1+4;800;8;8;24C
Kodak TMax 400;Ilfotec DD-X;1+9;800;17.5;17.5;20C
Kodak TMax 400;Ilfotec DD-X;1+4;1600;13;13;20C
Kodak TMax 400;Ilfotec DD-X;1+4;1600;10;10;24C
Kodak TMax 400;Ilfotec HC;1+31;200;5.5;5.5;20C
Kodak TMax 400;Ilfotec HC;1+31;400;6.5;6.5;20C
Kodak TMax 400;Ilfotec HC;1+31;1600;9.25;9.25;20C
Kodak TMax 400;Ilfotec LC29;1+19;400;6.5;6.5;20C
Kodak TMax 400;Ilfotec LC29;1+29;400;9;9;20C
Kodak TMax 400;Ilfotec LC29;1+19;800;9;9;20C
Kodak TMax 400;Ilfotec LC29;1+24;1600;10;10;25C
Kodak TMax 400;Microdol-X;1+3;400;21.25;21.25;24C
Kodak TMax 400;Microdol-X;stock;400;10.25;10.25;20C
Kodak TMax 400;Microdol-X;1+3;800;21.25;21.25;24C
Kodak TMax 400;Microdol-X;stock;800;10.25;10.25;20C
Kodak TMax 400;Microphen;1+1;400;7.5;7.5;23.5C
Kodak TMax 400;Microphen;1+1;400;10;10;20C
Kodak TMax 400;Microphen;1+3;400;15;15;20C
Kodak TMax 400;Microphen;stock;400;7;7;20C
Kodak TMax 400;Microphen;1+1;800;10;10;20C
Kodak TMax 400;Microphen;1+3;800;15;15;20C
Kodak TMax 400;Microphen;stock;800;7;7;20C
Kodak TMax 400;Microphen;1+1;1600;13;13;20C
Kodak TMax 400;Microphen;stock;1600;8;8;23C
Kodak TMax 400;Mocon;1+64;400;13.5;13.5;20C
Kodak TMax 400;Neofin Blue;stock;400;12;12;20C
Kodak TMax 400;Neopress HC;1+15;400;2.5;2.5;20C
Kodak TMax 400;Neopress HC;1+15;400;4;4;20C
Kodak TMax 400;Neopress HC;1+31;400;6;6;20C
Kodak TMax 400;Neopress HC;1+31;400;4.5;4.5;20C
Kodak TMax 400;Neopress HC;1+15;800;4;4;20C
Kodak TMax 400;Neopress HC;1+15;1600;6;6;20C
Kodak TMax 400;Nucleol BF200;4+3;400;9;9;24C
Kodak TMax 400;Nucleol BF200;4+3;800;9;9;24C
Kodak TMax 400;Nucleol BF200;3+2;1600;10;10;24C
Kodak TMax 400;Nucleol BF200;8+5;3200;11.5;11.5;24C
Kodak TMax 400;Paranol S;1+25;400;7;7;20C
Kodak TMax 400;Paranol S;1+50;400;15;15;20C
Kodak TMax 400;Perceptol;1+3;200;17;17;21C
Kodak TMax 400;Perceptol;1+1;400;12.5;12.5;20C
Kodak TMax 400;Perceptol;1+3;400;17;17;20C
Kodak TMax 400;Perceptol;stock;400;11;11;20C
Kodak TMax 400;PMK;5+10+250;200;13;13;20C
Kodak TMax 400;PMK;5+10+450;200;13;13;20C
Kodak TMax 400;PMK;1+2+100;400;15;15;21C
Kodak TMax 400;PQ Universal;1+29;400;8;8;21C
Kodak TMax 400;Promicrol;1+14;600;18;18;20C
Kodak TMax 400;Promicrol;1+9;600;12;12;20C
Kodak TMax 400;Promicrol;1+14;800;18;18;20C
Kodak TMax 400;Promicrol;1+9;800;12;12;20C
Kodak TMax 400;Pyrocat-HD;1+1+100;200;11;11;20C
Kodak TMax 400;Pyrocat-HD;1+1+100;400;15;15;20C
Kodak TMax 400;Pyrocat-HD;1+1+100;400;10;10;27C
Kodak TMax 400;Pyrocat-HD;2+2+100;400;10;10;24C
Kodak TMax 400;Pyrocat-M;1+1+100;200;15;15;22C
Kodak TMax 400;Rodinal;1+50;100;3.75;3.75;20C
Kodak TMax 400;Rodinal;1+100;160;20;20;20C
Kodak TMax 400;Rodinal;1+100;200;60;60;20C
Kodak TMax 400;Rodinal;1+50;200;8;8;20C
Kodak TMax 400;Rodinal;1+50;250;8.5;8.5;20C
Kodak TMax 400;Rodinal;1+25;320;5;5;20C
Kodak TMax 400;Rodinal;1+50;320;10;10;20C
Kodak TMax 400;Rodinal;1+100;400;120;120;18C
Kodak TMax 400;Rodinal;1+25;400;6;6;20C
Kodak TMax 400;Rodinal;1+50;400;12;12;20C
Kodak TMax 400;Rodinal;1+80;400;16;16;21C
Kodak TMax 400;Rodinal;1+300;400;360;360;20C
Kodak TMax 400;Rodinal;1+300;640;150;150;21C
Kodak TMax 400;Rodinal;1+100;800;24;24;20C
Kodak TMax 400;Rodinal;1+50;800;12;12;20C
Kodak TMax 400;Rodinal;1+25;1600;11;11;20C
Kodak TMax 400;Rodinal;1+25;3200;17;17;20C
Kodak TMax 400;Rollei D74;1+15;400;10.5;10.5;20C
Kodak TMax 400;Rollei D74;1+9;400;7.5;7.5;20C
Kodak TMax 400;Rollei RHS DC;1+15;400;6;6;22C
Kodak TMax 400;Rollei RLS Low Speed;1+4;200;12;12;24C
Kodak TMax 400;Rollei RPX-D;1+15;400;7.5;7.5;20C
Kodak TMax 400;Rollo Pyro;1+2+75;160;8;8;20C
Kodak TMax 400;Rollo Pyro;1+2+75;250;9;9;21C
Kodak TMax 400;Silvermax;1+24;400;11.5;11.5;20C
Kodak TMax 400;Sprint Standard;1+9;400;11.5;11.5;20C
Kodak TMax 400;Spur 2525;1+12;400;8;8;20C
Kodak TMax 400;Spur HRX;1+19;320;7.5;7.5;20C
Kodak TMax 400;Spur HRX;1+20;320;12.5;12.5;20C
Kodak TMax 400;Spur SLD;1+9;400;4-5;4-5;20C
Kodak TMax 400;Spur SLD;1+9;500;5-6;5-6;20C
Kodak TMax 400;Spur SLD;1+9;800;7-8;7-8;20C
Kodak TMax 400;Studional;1+15;400;5;5;20C
Kodak TMax 400;Suprol;1+19;400;4;4;20C
Kodak TMax 400;Tanol;1+1+100;250;13.5;13.5;22C
Kodak TMax 400;Tanol;1+1+100;250;13.5;13.5;24C
Kodak TMax 400;Tanol;1+1+100;400;13.5;13.5;20C
Kodak TMax 400;Tanol Speed;1+1+100;500;11;11;24C
Kodak TMax 400;TMax Dev;1+19;400;36.5;36.5;20C
Kodak TMax 400;TMax Dev;1+7;400;12;12;20C
Kodak TMax 400;TMax Dev;1+9;400;25;25;18C
Kodak TMax 400;TMax Dev;1+9;400;20;20;20C
Kodak TMax 400;TMax Dev;1+4;400;6.75;6.75;20C
Kodak TMax 400;TMax Dev;1+4;400;5.5;5.5;24C
Kodak TMax 400;TMax Dev;1+7;400;8.25;8.25;24C
Kodak TMax 400;TMax Dev;1+9;400;13.75;13.75;24C
Kodak TMax 400;TMax Dev;1+4;800;6.75;6.75;20C
Kodak TMax 400;TMax Dev;1+4;800;5.5;5.5;24C
Kodak TMax 400;TMax Dev;1+7;800;8.25;8.25;24C
Kodak TMax 400;TMax Dev;1+9;800;13.75;13.75;24C
Kodak TMax 400;TMax Dev;1+4;1600;8.5;8.5;20C
Kodak TMax 400;TMax Dev;1+4;1600;7.25;7.25;24C
Kodak TMax 400;TMax Dev;1+9;1600;13;13;28C
Kodak TMax 400;TMax Dev;1+4;3200;8.25;8.25;24C
Kodak TMax 400;TMax RS;stock;100;5.5;5.5;24C
Kodak TMax 400;TMax RS;1+1;250;12;12;24C
Kodak TMax 400;TMax RS;1+7;320;7;7;24C
Kodak TMax 400;TMax RS;stock;400;5.75;5.75;20C
Kodak TMax 400;TMax RS;stock;400;4.5;4.5;24C
Kodak TMax 400;TMax RS;stock;800;5.75;5.75;20C
Kodak TMax 400;TMax RS;stock;800;4.5;4.5;24C
Kodak TMax 400;TMax RS;stock;1600;6.25;6.25;24C
Kodak TMax 400;TMax RS;stock;3200;7.25;7.25;24C
Kodak TMax 400;Ultrafin;1+10;400;7;7;20C
Kodak TMax 400;Ultrafin;1+20;400;12;12;20C
Kodak TMax 400;Ultrafin T-Plus;1+4;400;8.25;8.25;20C
Kodak TMax 400;Ultrafine Endurance;1+9;400;6.25;6.25;20C
Kodak TMax 400;Ultrafine Liquid;1+2;400;8;8;20C
Kodak TMax 400;Ultrafine Liquid;1+4;400;12.5;12.5;20C
Kodak TMax 400;Ultrafine Powder;1+1;400;12.5;12.5;20C
Kodak TMax 400;Ultrafine Powder;stock;400;8;8;20C
Kodak TMax 400;Uncle Mort's;1+9;400;12;12;20C
Kodak TMax 400;WD2D+;stock;400;10;10;20C
Kodak TMax 400;Xtol;1+1;100;8;8;20C
Kodak TMax 400;Xtol;stock;100;5.75;5.75;20C
Kodak TMax 400;Xtol;1+3;100;12.25;13.75;20C
Kodak TMax 400;Xtol;1+2;100;9.5;9.5;20C
Kodak TMax 400;Xtol;1+1;200;8;8;20C
Kodak TMax 400;Xtol;stock;200;5.75;5.75;20C
Kodak TMax 400;Xtol;1+3;200;12.25;13.75;20C
Kodak TMax 400;Xtol;1+2;200;9.5;9.5;20C
Kodak TMax 400;Xtol;1+2;400;10.5;12.5;20C
Kodak TMax 400;Xtol;1+3;400;13.5;15.5;20C
Kodak TMax 400;Xtol;1+1;400;9.25;9.25;20C
Kodak TMax 400;Xtol;stock;400;6.5;6.5;20C
Kodak TMax 400;Xtol;1+1;800;9.5;10.75;20C
Kodak TMax 400;Xtol;1+2;800;12.25;14.25;20C
Kodak TMax 400;Xtol;1+3;800;15;17.25;20C
Kodak TMax 400;Xtol;stock;800;7.25;7.25;20C
Kodak TMax 400;Xtol;1+1;800;9.25;9.25;20C
Kodak TMax 400;Xtol;stock;800;6.5;6.5;20C
Kodak TMax 400;Xtol;1+1;1600;12.25;12.25;20C
Kodak TMax 400;Xtol;1+2;1600;13.75;16.5;20C
Kodak TMax 400;Xtol;1+3;1600;17;19.5;20C
Kodak TMax 400;Xtol;stock;1600;8.5;8.5;20C
Kodak TMax 400;Xtol;1+1;3200;10;10;24C
Kodak TMax 400;Xtol;1+2;3200;16;19.25;20C
Kodak TMax 400;Xtol;1+3;3200;20;22.75;20C
Kodak TMax 400;Xtol;stock;3200;9.5;10;20C
Kodak TMax 400;Xtol;stock;3200;7.25;7.25;24C
Kodak TMax P3200;ACU-1;1+10;3200;18.75;/;21C
Kodak TMax P3200;ACU-1;1+10;6400;22.5;/;21C
Kodak TMax P3200;Acufine;stock;3200;7.5;/;21C
Kodak TMax P3200;Adox HR-DEV;1+30;1000;15;/;20C
Kodak TMax P3200;Adox HR-DEV;1+24;1600;14;/;20C
Kodak TMax P3200;Amaloco AM74;1+7;3200;6.5;/;20C
Kodak TMax P3200;Amaloco AM74;1+7;6400;8;/;20C
Kodak TMax P3200;Amaloco AM74;1+7;12800;12;/;20C
Kodak TMax P3200;Arista Liquid;1+9;800;8;/;20C
Kodak TMax P3200;Arista Liquid;1+9;800;8.25;/;20C
Kodak TMax P3200;Arista Liquid;1+9;800;5.25;/;24C
Kodak TMax P3200;Arista Liquid;1+9;1600;9.25;/;20C
Kodak TMax P3200;Arista Liquid;1+9;1600;9;/;20C
Kodak TMax P3200;Arista Liquid;1+9;1600;6;/;24C
Kodak TMax P3200;Arista Liquid;1+9;3200;10.75;/;20C
Kodak TMax P3200;Arista Liquid;1+9;3200;11.5;/;20C
Kodak TMax P3200;Arista Liquid;1+9;3200;7.25;/;24C
Kodak TMax P3200;Arista Liquid;1+9;6400;13;/;20C
Kodak TMax P3200;Arista Liquid;1+9;6400;12.25;/;20C
Kodak TMax P3200;Arista Liquid;1+9;6400;8.75;/;24C
Kodak TMax P3200;Ars-Imago FD;1+19;1600;6;/;20C
Kodak TMax P3200;Atomal 49;stock;3200;11;/;20C
Kodak TMax P3200;Bellini Hydrofen;1+15;1250;6;/;20C
Kodak TMax P3200;D-23;1+1;3200;16;/;20C
Kodak TMax P3200;D-23;stock;3200;11;/;20C
Kodak TMax P3200;D-76;stock;400;10.5;/;20C
Kodak TMax P3200;D-76;stock;400;7.5;/;24C
Kodak TMax P3200;D-76;1+1;800;14;/;20C
Kodak TMax P3200;D-76;stock;800;11.5;/;20C
Kodak TMax P3200;D-76;stock;800;8;/;24C
Kodak TMax P3200;D-76;1+1;1600;17;/;21C
Kodak TMax P3200;D-76;stock;1600;12.5;/;20C
Kodak TMax P3200;D-76;stock;1600;8.5;/;24C
Kodak TMax P3200;D-76;1+1;3200;18;/;20C
Kodak TMax P3200;D-76;stock;3200;15;/;20C
Kodak TMax P3200;D-76;stock;3200;14;/;20C
Kodak TMax P3200;D-76;stock;3200;11;/;24C
Kodak TMax P3200;D-76;stock;6400;15.5;/;20C
Kodak TMax P3200;D-76;stock;6400;12.5;/;24C
Kodak TMax P3200;Diafine;stock;1250;3+3;/;20C
Kodak TMax P3200;Eco Pro;stock;100;7;/;20C
Kodak TMax P3200;Eco Pro;1+3;100;17.25;/;20C
Kodak TMax P3200;Eco Pro;1+2;100;14.25;/;20C
Kodak TMax P3200;Eco Pro;1+1;100;10.5;/;20C
Kodak TMax P3200;Eco Pro;stock;200;7;/;20C
Kodak TMax P3200;Eco Pro;1+3;200;17.25;/;20C
Kodak TMax P3200;Eco Pro;1+2;200;14.25;/;20C
Kodak TMax P3200;Eco Pro;1+1;200;10.5;/;20C
Kodak TMax P3200;Eco Pro;1+1;400;12.5;/;20C
Kodak TMax P3200;Eco Pro;1+1;400;11.5;/;20C
Kodak TMax P3200;Eco Pro;stock;400;9.5;/;20C
Kodak TMax P3200;Eco Pro;stock;400;7.5;/;20C
Kodak TMax P3200;Eco Pro;1+2;400;15.5;/;20C
Kodak TMax P3200;Eco Pro;1+3;400;18.5;/;20C
Kodak TMax P3200;Eco Pro;1+1;800;12.5;/;20C
Kodak TMax P3200;Eco Pro;1+1;800;14;/;20C
Kodak TMax P3200;Eco Pro;stock;800;8.25;/;20C
Kodak TMax P3200;Eco Pro;stock;800;10.5;/;20C
Kodak TMax P3200;Eco Pro;1+2;800;16.5;/;20C
Kodak TMax P3200;Eco Pro;1+3;800;20.5;/;20C
Kodak TMax P3200;Eco Pro;1+1;1600;14;/;20C
Kodak TMax P3200;Eco Pro;1+1;1600;16;/;20C
Kodak TMax P3200;Eco Pro;stock;1600;11.5;/;20C
Kodak TMax P3200;Eco Pro;stock;1600;9.25;/;20C
Kodak TMax P3200;Eco Pro;1+2;1600;19;/;20C
Kodak TMax P3200;Eco Pro;1+3;1600;23;/;20C
Kodak TMax P3200;Eco Pro;1+1;3200;16.5;/;20C
Kodak TMax P3200;Eco Pro;1+1;3200;18.5;/;20C
Kodak TMax P3200;Eco Pro;stock;3200;13.5;/;20C
Kodak TMax P3200;Eco Pro;stock;3200;11;/;20C
Kodak TMax P3200;Eco Pro;1+2;3200;22;/;20C
Kodak TMax P3200;Eco Pro;1+3;3200;27;/;20C
Kodak TMax P3200;Eco Pro;1+1;6400;19.5;/;20C
Kodak TMax P3200;Eco Pro;1+1;6400;20.5;/;20C
Kodak TMax P3200;Eco Pro;stock;6400;12.5;/;20C
Kodak TMax P3200;Eco Pro;stock;6400;15.25;/;20C
Kodak TMax P3200;Eco Pro;1+2;6400;26.5;/;20C
Kodak TMax P3200;Eco Pro;stock;12500;17.25;/;20C
Kodak TMax P3200;Eco Pro;stock;12500;15.25;/;20C
Kodak TMax P3200;Eco Pro;1+1;12500;22.5;/;20C
Kodak TMax P3200;Eco Pro;1+1;25000;26;/;20C
Kodak TMax P3200;Eco Pro;1+1;25000;25;/;20C
Kodak TMax P3200;Eco Pro;stock;25000;18.5;/;20C
Kodak TMax P3200;Eco Pro;stock;25000;19;/;20C
Kodak TMax P3200;Emofin;stock;2000;6+6;/;22C
Kodak TMax P3200;Emofin;stock;3200;8+8;/;20C
Kodak TMax P3200;Extend Plus;1+15;800;8;/;20C
Kodak TMax P3200;Extend Plus;1+15;800;9;/;20C
Kodak TMax P3200;Extend Plus;1+15;1600;13;/;20C
Kodak TMax P3200;Extend Plus;1+15;1600;12;/;20C
Kodak TMax P3200;Extend Plus;1+15;3200;15;/;20C
Kodak TMax P3200;Extend Plus;1+15;3200;16;/;20C
Kodak TMax P3200;Extend Plus;1+15;6400;19;/;20C
Kodak TMax P3200;Extend Plus;1+15;6400;18;/;20C
Kodak TMax P3200;F76+;1+9;800;8.25;/;20C
Kodak TMax P3200;F76+;1+9;800;8;/;20C
Kodak TMax P3200;F76+;1+9;800;5.25;/;24C
Kodak TMax P3200;F76+;1+9;1600;9.25;/;20C
Kodak TMax P3200;F76+;1+9;1600;9;/;20C
Kodak TMax P3200;F76+;1+9;1600;6;/;24C
Kodak TMax P3200;F76+;1+9;3200;10.75;/;20C
Kodak TMax P3200;F76+;1+9;3200;11.25;/;20C
Kodak TMax P3200;F76+;1+9;3200;7.25;/;24C
Kodak TMax P3200;F76+;1+9;6400;13;/;20C
Kodak TMax P3200;F76+;1+9;6400;12.25;/;20C
Kodak TMax P3200;F76+;1+9;6400;8.75;/;24C
Kodak TMax P3200;FD10;1+14;3200;17;/;20C
Kodak TMax P3200;FD10;1+9;3200;13;/;20C
Kodak TMax P3200;Fomadon R09;1+25;3200;8;/;20C
Kodak TMax P3200;Fomadon R09;1+50;3200;16;/;20C
Kodak TMax P3200;FX-19;stock;100;14;/;20C
Kodak TMax P3200;FX-37;1+4;1250;12;/;21C
Kodak TMax P3200;FX-39;1+9;1280;11.5;/;20C
Kodak TMax P3200;FX-39;1+9;3200;12.5;/;20C
Kodak TMax P3200;FX-55;1+9;3200;17.5;/;20C
Kodak TMax P3200;HC-110;B;400;7.5;/;20C
Kodak TMax P3200;HC-110;B;400;5;/;24C
Kodak TMax P3200;HC-110;B;800;8.5;/;20C
Kodak TMax P3200;HC-110;B;800;5.5;/;24C
Kodak TMax P3200;HC-110;B;1600;9.25;/;20C
Kodak TMax P3200;HC-110;B;1600;6;/;24C
Kodak TMax P3200;HC-110;B;3200;10.5;/;20C
Kodak TMax P3200;HC-110;B;3200;7.5;/;24C
Kodak TMax P3200;HC-110;B;6400;12;/;20C
Kodak TMax P3200;HC-110;B;6400;9.5;/;24C
Kodak TMax P3200;ID-11;stock;400;10.5;/;20C
Kodak TMax P3200;ID-11;stock;400;7.5;/;24C
Kodak TMax P3200;ID-11;1+1;800;14;/;20C
Kodak TMax P3200;ID-11;stock;800;11.5;/;20C
Kodak TMax P3200;ID-11;stock;800;8;/;24C
Kodak TMax P3200;ID-11;1+1;1600;17;/;21C
Kodak TMax P3200;ID-11;stock;1600;12.5;/;20C
Kodak TMax P3200;ID-11;stock;1600;8.5;/;24C
Kodak TMax P3200;ID-11;stock;3200;14;/;20C
Kodak TMax P3200;ID-11;stock;3200;15;/;20C
Kodak TMax P3200;ID-11;stock;3200;11;/;24C
Kodak TMax P3200;ID-11;stock;6400;15.5;/;20C
Kodak TMax P3200;ID-11;stock;6400;12.5;/;24C
Kodak TMax P3200;Ilfosol 3;1+14;800;11;/;20C
Kodak TMax P3200;Ilfosol 3;1+9;800;6.5;/;20C
Kodak TMax P3200;Ilfosol 3;1+14;1600;13;/;20C
Kodak TMax P3200;Ilfosol 3;1+9;1600;8;/;20C
Kodak TMax P3200;Ilfosol 3;1+14;3200;15;/;20C
Kodak TMax P3200;Ilfosol 3;1+9;3200;10;/;20C
Kodak TMax P3200;Ilfosol 3;1+14;6400;18.5;/;20C
Kodak TMax P3200;Ilfosol 3;1+9;6400;13;/;20C
Kodak TMax P3200;Ilfotec DD;stock;400;8.5;/;24C
Kodak TMax P3200;Ilfotec DD;stock;800;9;/;24C
Kodak TMax P3200;Ilfotec DD;stock;1600;10;/;24C
Kodak TMax P3200;Ilfotec DD;stock;3200;10.5;/;24C
Kodak TMax P3200;Ilfotec DD;stock;6400;12.5;/;24C
Kodak TMax P3200;Ilfotec DD;stock;12500;14;/;24C
Kodak TMax P3200;Ilfotec DD-X;1+4;800;7.5;/;20C
Kodak TMax P3200;Ilfotec DD-X;1+4;800;6;/;24C
Kodak TMax P3200;Ilfotec DD-X;1+4;1600;9;/;20C
Kodak TMax P3200;Ilfotec DD-X;1+4;1600;7.5;/;24C
Kodak TMax P3200;Ilfotec DD-X;1+4;3200;11;/;20C
Kodak TMax P3200;Ilfotec DD-X;1+4;3200;9;/;24C
Kodak TMax P3200;Ilfotec DD-X;1+4;6400;15;/;20C
Kodak TMax P3200;Ilfotec DD-X;1+4;6400;12;/;24C
Kodak TMax P3200;Ilfotec HC;1+31;1600;9;/;20C
Kodak TMax P3200;Ilfotec HC;1+31;3200;11.5;/;20C
Kodak TMax P3200;Ilfotec LC29;1+19;3200;11.5;/;20C
Kodak TMax P3200;Ilfotec LC29;1+19;6400;13;/;20C
Kodak TMax P3200;Microphen;1+1;1600;13.5;/;20C
Kodak TMax P3200;Microphen;stock;1600;10.5;/;20C
Kodak TMax P3200;Microphen;1+1;3200;18;/;20C
Kodak TMax P3200;Microphen;stock;3200;12;/;20C
Kodak TMax P3200;Microphen;1+1;6400;21;/;20C
Kodak TMax P3200;Neopress HC;1+15;3200;5;/;20C
Kodak TMax P3200;Neopress HC;1+15;3200;3.5;/;20C
Kodak TMax P3200;Neopress HC;1+31;3200;8;/;20C
Kodak TMax P3200;Neopress HC;1+31;3200;5.5;/;20C
Kodak TMax P3200;Neopress HC;1+15;6400;5;/;20C
Kodak TMax P3200;Neopress HC;1+15;12800;7;/;20C
Kodak TMax P3200;Nucleol BF200;8+5;1600;9.75;/;20C
Kodak TMax P3200;Nucleol BF200;8+5;3200;10;/;24C
Kodak TMax P3200;Nucleol BF200;8+5;6400;12;/;24C
Kodak TMax P3200;Nucleol BF200;8+5;12500;16;/;24C
Kodak TMax P3200;Paranol S;1+25;3200;8;/;20C
Kodak TMax P3200;Paranol S;1+50;3200;15;/;20C
Kodak TMax P3200;Promicrol;1+9;3200;15;/;20C
Kodak TMax P3200;Promicrol;1+14;4800;22;/;20C
Kodak TMax P3200;Promicrol;1+9;4800;15;/;20C
Kodak TMax P3200;Promicrol;1+14;6400;22;/;20C
Kodak TMax P3200;Promicrol;1+9;6400;15;/;20C
Kodak TMax P3200;Rodinal;1+24;1000;7;/;20C
Kodak TMax P3200;Rodinal;1+50;1250;16;/;20C
Kodak TMax P3200;Rodinal;1+25;1250;8;/;20C
Kodak TMax P3200;Rodinal;1+50;3200;16;/;20C
Kodak TMax P3200;Rodinal;1+25;3200;8;/;20C
Kodak TMax P3200;Rodinal;1+25;6400;10.5;/;20C
Kodak TMax P3200;Rollei D74;1+15;1600;11.5;/;20C
Kodak TMax P3200;Rollei D74;1+9;1600;7.75;/;20C
Kodak TMax P3200;Rollei RLS Low Speed;1+4;1600;15;/;24C
Kodak TMax P3200;Silberra Ascorol;1+29;3200;14;/;20C
Kodak TMax P3200;Sprint Standard;2+8;3200;11.25;/;24C
Kodak TMax P3200;Spur SLD;1+7;800;3.5-4;/;20C
Kodak TMax P3200;Spur SLD;1+7;1280;5.5;/;20C
Kodak TMax P3200;Spur SLD;1+7;1600;7.5;/;20C
Kodak TMax P3200;Studional;1+15;1250;6;/;20C
Kodak TMax P3200;Suprol;1+19;3200;5.5;/;20C
Kodak TMax P3200;TMax Dev;1+4;400;6;/;24C
Kodak TMax P3200;TMax Dev;1+4;400;6.5;/;24C
Kodak TMax P3200;TMax Dev;1+4;800;7.5;/;24C
Kodak TMax P3200;TMax Dev;1+4;800;6.5;/;24C
Kodak TMax P3200;TMax Dev;1+7;800;13;/;24C
Kodak TMax P3200;TMax Dev;1+9;800;19.5;/;24C
Kodak TMax P3200;TMax Dev;1+9;1280;16;/;24C
Kodak TMax P3200;TMax Dev;1+4;1600;7;/;24C
Kodak TMax P3200;TMax Dev;1+4;1600;8;/;24C
Kodak TMax P3200;TMax Dev;1+4;1600;10.5;/;20C
Kodak TMax P3200;TMax Dev;1+4;3200;9.5;/;24C
Kodak TMax P3200;TMax Dev;1+4;6400;11;/;24C
Kodak TMax P3200;TMax Dev;1+4;12500;12;/;24C
Kodak TMax P3200;TMax Dev;1+4;12500;12.5;/;24C
Kodak TMax P3200;TMax Dev;1+4;25000;14;/;24C
Kodak TMax P3200;TMax Dev;1+4;25000;13.5;/;24C
Kodak TMax P3200;TMax RS;stock;400;7;/;24C
Kodak TMax P3200;TMax RS;stock;400;8;/;24C
Kodak TMax P3200;TMax RS;stock;800;8.5;/;24C
Kodak TMax P3200;TMax RS;stock;800;9;/;24C
Kodak TMax P3200;TMax RS;stock;1600;9.5;/;24C
Kodak TMax P3200;TMax RS;stock;1600;10.5;/;24C
Kodak TMax P3200;TMax RS;stock;3200;11.5;/;24C
Kodak TMax P3200;TMax RS;stock;3200;13.5;/;24C
Kodak TMax P3200;TMax RS;stock;6400;13;/;24C
Kodak TMax P3200;TMax RS;stock;6400;15;/;24C
Kodak TMax P3200;TMax RS;stock;12500;14.5;/;24C
Kodak TMax P3200;TMax RS;stock;12500;12;/;24C
Kodak TMax P3200;TMax RS;stock;25000;16.5;/;24C
Kodak TMax P3200;TMax RS;stock;25000;14;/;24C
Kodak TMax P3200;Ultrafin;1+10;3200;8.5;/;20C
Kodak TMax P3200;Ultrafin;1+20;3200;8;/;20C
Kodak TMax P3200;Ultrafin T-Plus;1+4;3200;8.75;/;20C
Kodak TMax P3200;Ultrafine Powder;stock;3200;15;/;20C
Kodak TMax P3200;Xtol;stock;100;7;/;20C
Kodak TMax P3200;Xtol;1+3;100;17.25;/;20C
Kodak TMax P3200;Xtol;1+2;100;14.25;/;20C
Kodak TMax P3200;Xtol;1+1;100;10.5;/;20C
Kodak TMax P3200;Xtol;stock;200;7;/;20C
Kodak TMax P3200;Xtol;1+3;200;17.25;/;20C
Kodak TMax P3200;Xtol;1+2;200;14.25;/;20C
Kodak TMax P3200;Xtol;1+1;200;10.5;/;20C
Kodak TMax P3200;Xtol;1+1;400;12.5;/;20C
Kodak TMax P3200;Xtol;1+1;400;11.5;/;20C
Kodak TMax P3200;Xtol;1+2;400;15.5;/;20C
Kodak TMax P3200;Xtol;1+3;400;18.5;/;20C
Kodak TMax P3200;Xtol;stock;400;9.5;/;20C
Kodak TMax P3200;Xtol;stock;400;7.5;/;20C
Kodak TMax P3200;Xtol;1+1;800;12.5;/;20C
Kodak TMax P3200;Xtol;1+1;800;14;/;20C
Kodak TMax P3200;Xtol;1+2;800;16.5;/;20C
Kodak TMax P3200;Xtol;1+3;800;20.5;/;20C
Kodak TMax P3200;Xtol;stock;800;8.25;/;20C
Kodak TMax P3200;Xtol;stock;800;10.5;/;20C
Kodak TMax P3200;Xtol;1+1;1600;14;/;20C
Kodak TMax P3200;Xtol;1+1;1600;16;/;20C
Kodak TMax P3200;Xtol;1+2;1600;19;/;20C
Kodak TMax P3200;Xtol;1+3;1600;23;/;20C
Kodak TMax P3200;Xtol;stock;1600;11.5;/;20C
Kodak TMax P3200;Xtol;stock;1600;9.25;/;20C
Kodak TMax P3200;Xtol;1+1;3200;16.5;/;20C
Kodak TMax P3200;Xtol;1+1;3200;18.5;/;20C
Kodak TMax P3200;Xtol;1+2;3200;22;/;20C
Kodak TMax P3200;Xtol;1+3;3200;27;/;20C
Kodak TMax P3200;Xtol;stock;3200;13.5;/;20C
Kodak TMax P3200;Xtol;stock;3200;11;/;20C
Kodak TMax P3200;Xtol;1+1;6400;19.5;/;20C
Kodak TMax P3200;Xtol;1+1;6400;20.5;/;20C
Kodak TMax P3200;Xtol;1+2;6400;26.5;/;20C
Kodak TMax P3200;Xtol;stock;6400;12.5;/;20C
Kodak TMax P3200;Xtol;stock;6400;15.25;/;20C
Kodak TMax P3200;Xtol;1+1;12500;22.5;/;20C
Kodak TMax P3200;Xtol;stock;12500;17.25;/;20C
Kodak TMax P3200;Xtol;stock;12500;15.25;/;20C
Kodak TMax P3200;Xtol;1+1;25000;26;/;20C
Kodak TMax P3200;Xtol;1+1;25000;25;/;20C
Kodak TMax P3200;Xtol;stock;25000;18.5;/;20C
Kodak TMax P3200;Xtol;stock;25000;19;/;20C
Kodak BW400CN;D-76;stock;400;/;14;21C
Kodak BW400CN;D-76;stock;400;14;/;22C
Kodak BW400CN;Eco Pro;1+3;400;/;16;20C
Kodak BW400CN;HC-110;B;400;5.5;/;20C
Kodak BW400CN;ID-11;1+1;400;14;/;22C
Kodak BW400CN;Ilfotec DD-X;1+4;400;12;/;20C
Kodak BW400CN;Rodinal;1+100;400;60;/;20C
Kodak BW400CN;Rollei RHS DC;1+50;400;45;/;24C
Kodak BW400CN;Xtol;1+3;400;/;16;20C
Lomography Lady Grey;Arista Premium;1+9;400;7;7;20C
Lomography Lady Grey;Ars-Imago FD;1+9;400;7;7;20C
Lomography Lady Grey;D-23;stock;400;7;7;20C
Lomography Lady Grey;D-23;1+1;400;10;10;20C
Lomography Lady Grey;D-76;1+1;400;10.25;10.25;20C
Lomography Lady Grey;D-76;stock;400;7.5;7.5;20C
Lomography Lady Grey;Eco Pro;stock;400;6.5;6.5;20C
Lomography Lady Grey;Eco Pro;1+3;400;13;13;20C
Lomography Lady Grey;HC-110;B;400;5.5;5.5;20C
Lomography Lady Grey;ID-11;1+1;400;10.25;10.25;20C
Lomography Lady Grey;ID-11;stock;400;7.5;7.5;20C
Lomography Lady Grey;Ilfosol 3;1+9;400;6.5;6.5;20C
Lomography Lady Grey;Ilfotec DD;stock;400;10;10;24C
Lomography Lady Grey;Microphen;stock;400;7;7;20C
Lomography Lady Grey;Neofin Blue;stock;400;12;12;20C
Lomography Lady Grey;Rodinal;1+50;400;10;10;20C
Lomography Lady Grey;Rodinal;1+25;400;5;5;20C
Lomography Lady Grey;TMax Dev;1+4;400;5;5;20C
Lomography Lady Grey;TMax RS;stock;400;6;6;20C
Lomography Lady Grey;Xtol;1+3;400;13;13;20C
Lomography Lady Grey;Xtol;stock;400;6.5;6.5;20C
Lomography Earl Grey;D-72;stock;100;4;4;20C
Lomography Earl Grey;D-76;1+1;100;9;9;20C
Lomography Earl Grey;D-76;stock;100;6;6;20C
Lomography Earl Grey;Eco Pro;1+2;100;9;9;20C
Lomography Earl Grey;Eco Pro;stock;100;5;5;20C
Lomography Earl Grey;Hc-110;B;100;6.5;6.5;20C
Lomography Earl Grey;ID-11;stock;100;6;6;20C
Lomography Earl Grey;ID-11;1+1;100;9;9;20C
Lomography Earl Grey;Ilfosol 3;1+14;100;6;6;20C
Lomography Earl Grey;Microphen;1+1;100;9;9;20C
Lomography Earl Grey;Microphen;stock;100;6;6;20C
Lomography Earl Grey;Rodinal;1+12;100;2;2;20C
Lomography Earl Grey;Rodinal;1+50;100;8;8;20C
Lomography Earl Grey;Rodinal;1+25;100;4;4;20C
Lomography Earl Grey;TMax Dev;1+4;100;6;6;20C
Lomography Earl Grey;TMax RS;stock;100;6;6;20C
Lomography Earl Grey;Ultrafin;1+20;100;7;7;20C
Lomography Earl Grey;Xtol;1+2;100;9;9;20C
Lomography Earl Grey;Xtol;stock;100;5;5;20C
Legacy Pro 100;510-Pyro;1+100;100;6;/;21C
Legacy Pro 100;777;stock;50;8;/;24C
Legacy Pro 100;Acufine;stock;100;3;/;20C
Legacy Pro 100;Amaloco AM74;1+7;100;4;/;20C
Legacy Pro 100;Amaloco AM74;1+7;200;6.5;/;20C
Legacy Pro 100;Arista Liquid;1+9;100;7;/;20C
Legacy Pro 100;D-23;stock;100;9;/;20C
Legacy Pro 100;D-76;1+1;100;10.5;/;20C
Legacy Pro 100;D-76;stock;100;7.25;/;20C
Legacy Pro 100;D-76;stock;200;10;/;20C
Legacy Pro 100;Diafine;stock;200;5+5;/;22C
Legacy Pro 100;DK-50;1+1;100;6;/;20C
Legacy Pro 100;Eco Pro;1+1;100;9.5;/;20C
Legacy Pro 100;Eco Pro;1+2;100;13;/;20C
Legacy Pro 100;Eco Pro;1+3;100;14;/;20C
Legacy Pro 100;Eco Pro;stock;100;8;/;20C
Legacy Pro 100;Emofin;stock;200;5+5;/;20C
Legacy Pro 100;FD10;1+14;100;10;/;20C
Legacy Pro 100;FD10;1+14;100;16;/;20C
Legacy Pro 100;FD10;1+9;100;9;/;20C
Legacy Pro 100;FD10;1+9;100;7;/;20C
Legacy Pro 100;FX-19;stock;100;8;/;20C
Legacy Pro 100;FX-39;1+19;100;11;/;20C
Legacy Pro 100;FX-39;1+9;200;6.5;/;20C
Legacy Pro 100;HC-110;B;80;4.5;/;20C
Legacy Pro 100;HC-110;B;100;5.5;/;20C
Legacy Pro 100;HC-110;B;125;5.5;/;20C
Legacy Pro 100;Hypercat;1+1+100;100;9;/;24C
Legacy Pro 100;ID-11;1+1;100;10;/;20C
Legacy Pro 100;ID-11;stock;100;6.75;/;20C
Legacy Pro 100;Ilfosol 3;1+14;80;7;/;20C
Legacy Pro 100;Ilfosol 3;1+9;80;5;/;20C
Legacy Pro 100;Ilfotec DD;stock;50;8.5;/;24C
Legacy Pro 100;Ilfotec DD;stock;100;13;/;20C
Legacy Pro 100;Ilfotec DD;stock;100;9;/;24C
Legacy Pro 100;Ilfotec DD;stock;200;10.5;/;24C
Legacy Pro 100;Ilfotec DD-X;1+4;100;9;/;20C
Legacy Pro 100;Ilfotec DD-X;1+4;200;14;/;20C
Legacy Pro 100;Ilfotec LC29;1+19;80;4.5;/;20C
Legacy Pro 100;Ilfotec LC29;1+29;80;7;/;20C
Legacy Pro 100;Microdol-X;1+3;80;16;/;24C
Legacy Pro 100;Microdol-X;stock;100;11.5;/;20C
Legacy Pro 100;Microphen;stock;100;8;/;20C
Legacy Pro 100;Neopress HC;1+31;100;3.5;/;20C
Legacy Pro 100;Perceptol;stock;50;12.5;/;20C
Legacy Pro 100;Perceptol;stock;100;12.5;/;20C
Legacy Pro 100;Pyrocat-HD;1+1+100;100;18;/;20C
Legacy Pro 100;Rodinal;1+50;80;11.5;/;20C
Legacy Pro 100;Rodinal;1+25;100;7;/;20C
Legacy Pro 100;Rodinal;1+50;100;13.5;/;20C
Legacy Pro 100;Sprint Standard;1+9;100;10;/;20C
Legacy Pro 100;Suprol;1+19;100;5;/;20C
Legacy Pro 100;Tanol;1+1+100;50;12.5;/;20C
Legacy Pro 100;TMax Dev;1+4;100;5.5;/;20C
Legacy Pro 100;TMax Dev;1+4;200;8;/;20C
Legacy Pro 100;TMax RS;stock;100;5.25;/;20C
Legacy Pro 100;Ultrafin;1+20;100;3.5;/;20C
Legacy Pro 100;Xtol;1+1;100;9.5;/;20C
Legacy Pro 100;Xtol;1+2;100;13;/;20C
Legacy Pro 100;Xtol;1+3;100;14;/;20C
Legacy Pro 100;Xtol;stock;100;8;/;20C
Legacy Pro 400;777;stock;400;10-13;/;24C
Legacy Pro 400;ACU-1;1+5;400;5.75;/;20C
Legacy Pro 400;ACU-1;1+10;800;12.75;/;21C
Legacy Pro 400;Acufine;stock;400;3.25;/;20C
Legacy Pro 400;Acufine;stock;800;4.5;/;20C
Legacy Pro 400;Acufine;stock;1600;7;/;20C
Legacy Pro 400;Amaloco AM74;1+7;400;6;/;20C
Legacy Pro 400;Amaloco AM74;1+7;800;6.75;/;20C
Legacy Pro 400;Amaloco AM74;1+7;1600;7.5;/;20C
Legacy Pro 400;Arista Liquid;1+9;400;6;/;20C
Legacy Pro 400;Arista Liquid;1+9;400;5.5;/;24C
Legacy Pro 400;Arista Liquid;1+19;800;11;/;24C
Legacy Pro 400;Arista Premium;1+9;400;6;/;20C
Legacy Pro 400;Beutler;1+1+8;320;15;/;20C
Legacy Pro 400;D-23;stock;100;9;/;20C
Legacy Pro 400;D-76;stock;250;6.5;/;20C
Legacy Pro 400;D-76;1+1;400;9.5;/;20C
Legacy Pro 400;D-76;1+3;400;15;/;20C
Legacy Pro 400;D-76;stock;400;7.5;/;20C
Legacy Pro 400;D-76;1+1;800;13;/;20C
Legacy Pro 400;D-76;stock;800;8.75;/;20C
Legacy Pro 400;D-76;stock;1600;13.5;/;20C
Legacy Pro 400;Diafine;stock;640;3+3;/;20C
Legacy Pro 400;DiXactol Ultra;stock;320;5+5;/;24C
Legacy Pro 400;Eco Pro;stock;100;7.5;/;20C
Legacy Pro 400;Eco Pro;1+1;100;8.25;/;20C
Legacy Pro 400;Eco Pro;1+2;100;11;/;20C
Legacy Pro 400;Eco Pro;1+3;100;13.5;/;20C
Legacy Pro 400;Eco Pro;stock;200;7.5;/;20C
Legacy Pro 400;Eco Pro;1+3;200;13.5;/;20C
Legacy Pro 400;Eco Pro;1+1;200;8.25;/;20C
Legacy Pro 400;Eco Pro;1+2;200;11;/;20C
Legacy Pro 400;Eco Pro;1+1;400;9.75;/;20C
Legacy Pro 400;Eco Pro;1+2;400;12.5;/;20C
Legacy Pro 400;Eco Pro;1+3;400;15.75;/;20C
Legacy Pro 400;Eco Pro;stock;400;8.25;/;20C
Legacy Pro 400;Eco Pro;1+1;800;11.5;/;20C
Legacy Pro 400;Eco Pro;1+2;800;14.5;/;20C
Legacy Pro 400;Eco Pro;1+3;800;18.5;/;20C
Legacy Pro 400;Eco Pro;stock;800;9.75;/;20C
Legacy Pro 400;Eco Pro;1+1;1600;13.5;/;20C
Legacy Pro 400;Eco Pro;1+2;1600;17;/;20C
Legacy Pro 400;Eco Pro;1+3;1600;22.5;/;20C
Legacy Pro 400;Eco Pro;stock;1600;11.5;/;20C
Legacy Pro 400;Eco Pro;1+1;3200;16.5;/;20C
Legacy Pro 400;Eco Pro;1+2;3200;20.5;/;20C
Legacy Pro 400;Eco Pro;1+3;3200;26;/;20C
Legacy Pro 400;Eco Pro;stock;3200;13.5;/;20C
Legacy Pro 400;Emofin;stock;400;6+6;/;20C
Legacy Pro 400;Extend Plus;1+15;400;9;/;20C
Legacy Pro 400;F76+;1+9;400;6;/;20C
Legacy Pro 400;F76+;1+9;400;5.5;/;24C
Legacy Pro 400;F76+;1+19;800;11;/;24C
Legacy Pro 400;FD10;1+14;400;13;/;20C
Legacy Pro 400;FD10;1+14;400;17;/;20C
Legacy Pro 400;FD10;1+9;400;9;/;20C
Legacy Pro 400;FD10;1+9;400;6;/;20C
Legacy Pro 400;FD10;1+4;1600;23;/;20C
Legacy Pro 400;Fomadon Excel;stock;400;6.5;/;20C
Legacy Pro 400;Fomadon R09;1+100;400;50;/;20C
Legacy Pro 400;FX-19;stock;100;8;/;20C
Legacy Pro 400;FX-37;1+3;?;6;/;20C
Legacy Pro 400;FX-39;1+9;400;10;/;20C
Legacy Pro 400;HC-110;B;400;5;/;20C
Legacy Pro 400;HC-110;F;400;19.25;/;20C
Legacy Pro 400;HC-110;B;800;7.25;/;20C
Legacy Pro 400;HC-110;B;1600;12;/;20C
Legacy Pro 400;ID-11;stock;250;6.5;/;20C
Legacy Pro 400;ID-11;1+1;400;9.5;/;20C
Legacy Pro 400;ID-11;1+3;400;15;/;20C
Legacy Pro 400;ID-11;stock;400;7.5;/;20C
Legacy Pro 400;ID-11;1+1;800;13;/;20C
Legacy Pro 400;ID-11;stock;800;8.75;/;20C
Legacy Pro 400;ID-11;stock;1600;13.5;/;20C
Legacy Pro 400;Ilfosol 3;1+9;100;4;/;20C
Legacy Pro 400;Ilfosol 3;1+14;250;8;/;20C
Legacy Pro 400;Ilfosol 3;1+14;400;9.5;/;20C
Legacy Pro 400;Ilfosol 3;1+9;400;6.5;/;20C
Legacy Pro 400;Ilfosol 3;1+9;800;9.5;/;20C
Legacy Pro 400;Ilfotec DD;stock;200;6.5;/;24C
Legacy Pro 400;Ilfotec DD;stock;400;7.5;/;24C
Legacy Pro 400;Ilfotec DD;stock;800;8.5;/;24C
Legacy Pro 400;Ilfotec DD;stock;1600;9.5;/;24C
Legacy Pro 400;Ilfotec DD;stock;3200;11;/;24C
Legacy Pro 400;Ilfotec DD-X;1+4;400;7;/;20C
Legacy Pro 400;Ilfotec DD-X;1+4;800;10;/;20C
Legacy Pro 400;Ilfotec DD-X;1+4;1600;13;/;20C
Legacy Pro 400;Ilfotec HC;1+31;400;6;/;20C
Legacy Pro 400;Ilfotec LC29;1+19;400;6;/;20C
Legacy Pro 400;Ilfotec LC29;1+29;400;8;/;20C
Legacy Pro 400;Microdol-X;stock;200;8.5;/;20C
Legacy Pro 400;Microdol-X;stock;400;10;/;20C
Legacy Pro 400;Microphen;1+1;400;7;/;20C
Legacy Pro 400;Microphen;1+1;400;5;/;24C
Legacy Pro 400;Microphen;1+3;400;9;/;20C
Legacy Pro 400;Microphen;stock;400;4.5;/;20C
Legacy Pro 400;Microphen;stock;800;5.75;/;20C
Legacy Pro 400;Microphen;stock;1600;8.5;/;20C
Legacy Pro 400;Microphen;stock;3200;16;/;20C
Legacy Pro 400;Neofin Blue;stock;400;20;/;20C
Legacy Pro 400;Neopress HC;1+15;400;3.5;/;20C
Legacy Pro 400;Neopress HC;1+31;400;5.5;/;20C
Legacy Pro 400;Neopress HC;1+15;800;3;/;20C
Legacy Pro 400;Neopress HC;1+15;1600;4.5;/;20C
Legacy Pro 400;Nucleol BF200;4+3;400;10;/;20C
Legacy Pro 400;Perceptol;1+1;400;18;/;20C
Legacy Pro 400;Perceptol;1+3;400;23;/;20C
Legacy Pro 400;Perceptol;stock;400;14;/;20C
Legacy Pro 400;Promicrol;1+14;600;19;/;20C
Legacy Pro 400;Promicrol;1+9;600;12;/;20C
Legacy Pro 400;Promicrol;1+14;800;19;/;20C
Legacy Pro 400;Promicrol;1+9;800;12;/;20C
Legacy Pro 400;Rodinal;1+100;200;15;/;20C
Legacy Pro 400;Rodinal;1+50;200;8-9;/;20C
Legacy Pro 400;Rodinal;1+100;250;20;/;20C
Legacy Pro 400;Rodinal;1+25;250;4.5;/;20C
Legacy Pro 400;Rodinal;1+50;250;8-9;/;20C
Legacy Pro 400;Rodinal;1+25;400;6;/;20C
Legacy Pro 400;Rodinal;1+50;400;11;/;20C
Legacy Pro 400;Rodinal;1+25;1600;10;/;20C
Legacy Pro 400;Sprint Standard;1+9;400;8.5;/;20C
Legacy Pro 400;Spur SLD;1+9;400;3.5;/;20C
Legacy Pro 400;Studional;1+15;200;4;/;20C
Legacy Pro 400;Studional;1+15;320;3;/;20C
Legacy Pro 400;Studional;1+15;400;6;/;20C
Legacy Pro 400;Studional;1+30;400;10.5;/;20C
Legacy Pro 400;Suprol;1+19;400;4.75;/;20C
Legacy Pro 400;Tanol;1+1+100;200;14;/;20C
Legacy Pro 400;TMax Dev;1+4;400;6;/;20C
Legacy Pro 400;TMax Dev;1+9;640;11;/;24C
Legacy Pro 400;TMax Dev;1+4;800;7.25;/;20C
Legacy Pro 400;TMax Dev;1+4;1600;10;/;20C
Legacy Pro 400;TMax RS;stock;400;5.5;/;20C
Legacy Pro 400;TMax RS;stock;800;6.5;/;20C
Legacy Pro 400;TMax RS;stock;1600;9.5;/;20C
Legacy Pro 400;Ultrafin;1+10;400;9;/;20C
Legacy Pro 400;Ultrafin;1+25;400;14;/;20C
Legacy Pro 400;Xtol;stock;100;7.5;/;20C
Legacy Pro 400;Xtol;1+1;100;8.25;/;20C
Legacy Pro 400;Xtol;1+2;100;11;/;20C
Legacy Pro 400;Xtol;1+3;100;13.5;/;20C
Legacy Pro 400;Xtol;stock;200;7.5;/;20C
Legacy Pro 400;Xtol;1+3;200;13.5;/;20C
Legacy Pro 400;Xtol;1+1;200;8.25;/;20C
Legacy Pro 400;Xtol;1+2;200;11;/;20C
Legacy Pro 400;Xtol;1+1;400;9.75;/;20C
Legacy Pro 400;Xtol;1+2;400;12.5;/;20C
Legacy Pro 400;Xtol;1+3;400;15.75;/;20C
Legacy Pro 400;Xtol;stock;400;8.25;/;20C
Legacy Pro 400;Xtol;1+1;800;11.5;/;20C
Legacy Pro 400;Xtol;1+2;800;14.5;/;20C
Legacy Pro 400;Xtol;1+3;800;18.5;/;20C
Legacy Pro 400;Xtol;stock;800;9.75;/;20C
Legacy Pro 400;Xtol;1+1;1600;13.5;/;20C
Legacy Pro 400;Xtol;1+2;1600;17;/;20C
Legacy Pro 400;Xtol;1+3;1600;22.5;/;20C
Legacy Pro 400;Xtol;stock;1600;11.5;/;20C
Legacy Pro 400;Xtol;1+1;3200;16.5;/;20C
Legacy Pro 400;Xtol;1+2;3200;20.5;/;20C
Legacy Pro 400;Xtol;1+3;3200;26;/;20C
Legacy Pro 400;Xtol;stock;3200;13.5;/;20C
Lucky New SHD 100;D-76;stock;100;5-7;/;20C
Lucky New SHD 100;D-76;1+1;100;12;/;20C
Lucky New SHD 100;Eco Pro;1+2;100;16;/;20C
Lucky New SHD 100;HC-110;E;100;6;/;20C
Lucky New SHD 100;ID-11;stock;100;5-7;/;20C
Lucky New SHD 100;ID-11;1+1;100;12;/;20C
Lucky New SHD 100;Rodinal;1+25;100;6.5;/;20C
Lucky New SHD 100;Xtol;1+2;100;16;/;20C
Lucky SHD 100;Acufine;stock;100;3.5;3.5;20C
Lucky SHD 100;Amaloco AM74;1+9;200;6;6;20C
Lucky SHD 100;Atomal 49;1+1;100;10;10;20C
Lucky SHD 100;Beutler;1+1+8;100;12;12;18C
Lucky SHD 100;D-76;stock;100;5-7;5-7;20C
Lucky SHD 100;D-76;1+3;100;13-16;13-16;20C
Lucky SHD 100;D-76;1+1;100;12;12;20C
Lucky SHD 100;Dektol;1+10;400;5;5;20C
Lucky SHD 100;DK-50;1+1;100;9.25;9.25;20C
Lucky SHD 100;Eco Pro;2+3;100;8;8;20C
Lucky SHD 100;Eco Pro;1+1;200;12;12;20C
Lucky SHD 100;Fomadon LQN;1+10;100;9;9;20C
Lucky SHD 100;Fomadon LQN;1+10;400;10;10;21C
Lucky SHD 100;Fomadon R09;1+40;50;8;8;20C
Lucky SHD 100;Fomadon R09;1+40;100;7;7;20C
Lucky SHD 100;FX-1;1+1+8;100;13;13;20C
Lucky SHD 100;HC-110;E;100;8;8;20.5C
Lucky SHD 100;HC-110;B;100;7;7;20C
Lucky SHD 100;HC-110;B;125;6;6;20C
Lucky SHD 100;HC-110;B;400;7;7;20C
Lucky SHD 100;ID-11;1+3;100;13-16;13-16;20C
Lucky SHD 100;ID-11;stock;100;5-7;5-7;20C
Lucky SHD 100;Ilfosol 3;1+9;100;5-7;5-7;20C
Lucky SHD 100;Ilfosol 3;1+14;100;7.5;7.5;20C
Lucky SHD 100;Ilfotec LC29;1+19;100;7.5;7.5;23C
Lucky SHD 100;Microphen;1+1;100;8;8;22C
Lucky SHD 100;Microphen;stock;100;8;8;20C
Lucky SHD 100;Microphen;1+1;100;7;7;23.5C
Lucky SHD 100;Microphen;1+1;100;10;10;20C
Lucky SHD 100;Pyrocat-HD;1+1+100;50;7;7;25C
Lucky SHD 100;Pyrocat-HD;1+1+100;100;13;13;22C
Lucky SHD 100;Pyrocat-M;1+1+100;100;15;15;20C
Lucky SHD 100;Rodinal;1+50;100;12;12;20C
Lucky SHD 100;Rodinal;1+200;100;120;120;20C
Lucky SHD 100;Rodinal;1+100;100;20-24;20-24;20C
Lucky SHD 100;Rodinal;1+25;100;6.5;6.5;20C
Lucky SHD 100;Rodinal;1+25;100;7;7;20C
Lucky SHD 100;Rodinal;1+25;200;9.5;9.5;20C
Lucky SHD 100;Romek PQ7;1+3;100;10;10;17C
Lucky SHD 100;Tanol;1+1+100;64;13;13;22C
Lucky SHD 100;Tanol;1+1+100;80;16;16;24C
Lucky SHD 100;TMax Dev;1+4;100;9;9;20C
Lucky SHD 100;TMax RS;1+4;100;6.5;6.5;20C
Lucky SHD 100;Xtol;2+3;100;8;8;20C
Lucky SHD 100;Xtol;1+1;200;12;12;20C
Lucky SHD 400;D-76;stock;400;7-10;7-10;20C
Lucky SHD 400;Eco Pro;1+1;400;6.5;6.5;20C
Lucky SHD 400;Foma W-17 Hydrofen;stock;6400;16;16;22C
Lucky SHD 400;ID-11;stock;400;7-10;7-10;20C
Lucky SHD 400;ID-11;1+3;400;10;10;29C
Lucky SHD 400;Ilfotec LC29;1+19;400;6.5;6.5;20C
Lucky SHD 400;Microphen;1+3;400;18;18;20C
Lucky SHD 400;Rodinal;1+50;400;14-16;14-16;20C
Lucky SHD 400;Rodinal;1+25;400;7;7;20C
Lucky SHD 400;Spur SLD;1+9;400;4.5;4.5;20C
Lucky SHD 400;Tanol;1+1+100;250;18.5;18.5;20C
Lucky SHD 400;Xtol;1+1;400;6.5;6.5;20C
Maco CUBE400c;D-76;stock;400;10;13;20C
Maco CUBE400c;Eco Pro;1+2;200;22.5;22.5;20C
Maco CUBE400c;Eco Pro;1+2;400;22.5;22.5;20C
Maco CUBE400c;Ecoprint Universal;1+12;400;8;8;20C
Maco CUBE400c;HC-110;B;400;14;14;20C
Maco CUBE400c;ID-11;stock;400;10;10;20C
Maco CUBE400c;Ilfotec HC;1+5;400;10;10;20C
Maco CUBE400c;Microphen;stock;400;10;10;20C
Maco CUBE400c;Perceptol;stock;400;14;14;20C
Maco CUBE400c;Promicrol;1+14;400;14;14;20C
Maco CUBE400c;Promicrol;1+14;400;10;10;24C
Maco CUBE400c;Promicrol;1+9;400;10;10;20C
Maco CUBE400c;Promicrol;1+9;400;6.5;6.5;24C
Maco CUBE400c;Promicrol;1+14;1600;21;21;20C
Maco CUBE400c;Promicrol;1+14;1600;15;15;24C
Maco CUBE400c;Promicrol;1+9;1600;14;14;20C
Maco CUBE400c;Promicrol;1+9;1600;9.5;9.5;24C
Maco CUBE400c;Rodinal;1+25;400;12;12;20C
Maco CUBE400c;Sprint Standard;1+9;400;15;/;20C
Maco CUBE400c;TMax Dev;1+4;400;12;12;20C
Maco CUBE400c;Ultrafin;1+10;400;12;12;20C
Maco CUBE400c;Ultrafin;1+20;400;13;13;20C
Maco CUBE400c;Xtol;1+2;200;22.5;22.5;20C
Maco CUBE400c;Xtol;1+2;400;22.5;22.5;20C
Maco Eagle AQS;D-76;1+1;400;12;/;20C
Maco Eagle AQS;Eco Pro;1+1;200;12;/;20C
Maco Eagle AQS;ID-11;1+1;400;12;/;20C
Maco Eagle AQS;Rodinal;1+25;200;12;/;20C
Maco Eagle AQS;Rodinal;1+25;400;12-15;/;20C
Maco Eagle AQS;Rodinal;1+50;400;22;/;20C
Maco Eagle AQS;Rollei Supergrain;1+9;200;4.25;/;20C
Maco Eagle AQS;Ultrafin;1+4;400;8;/;20C
Maco Eagle AQS;Xtol;1+1;200;12;/;20C
Maco IR 820c/750c;D-76;stock;/;8;8;20C
Maco IR 820c/750c;Eco Pro;1+2;/;16;16;20C
Maco IR 820c/750c;Eco Pro;1+3;12;14;14;20C
Maco IR 820c/750c;Eco Pro;1+3;15;14;14;20C
Maco IR 820c/750c;Eco Pro;1+2;200;20;20;20C
Maco IR 820c/750c;Ecoprint Universal;1+12;/;6;6;20C
Maco IR 820c/750c;F76+;1+9;100;14;14;20C
Maco IR 820c/750c;HC-110;B;/;7;7;20C
Maco IR 820c/750c;ID-11;stock;/;8;8;20C
Maco IR 820c/750c;Ilfotec HC;1+5;/;7;7;20C
Maco IR 820c/750c;Microphen;stock;/;7;7;20C
Maco IR 820c/750c;Perceptol;stock;/;10;10;20C
Maco IR 820c/750c;PMK;2+4+100;6;13;13;21C
Maco IR 820c/750c;Promicrol;1+14;100;8.5;8.5;20C
Maco IR 820c/750c;Promicrol;1+14;100;5.75;5.75;24C
Maco IR 820c/750c;Promicrol;1+9;100;6;6;20C
Maco IR 820c/750c;Promicrol;1+9;100;4;4;24C
Maco IR 820c/750c;Rodinal;1+25;/;9;9;20C
Maco IR 820c/750c;Rodinal;1+50;4;/;11;20C
Maco IR 820c/750c;Tanol;1+1+100;3;/;/;20C
Maco IR 820c/750c;Tanol;1+1+100;6;/;/;20C
Maco IR 820c/750c;Tanol;1+1+100;40;/;/;20C
Maco IR 820c/750c;Tanol;1+1+100;50;14.5;14.5;20C
Maco IR 820c/750c;Tanol;1+1+100;250;14.5;14.5;24C
Maco IR 820c/750c;TMax Dev;1+4;/;7;7;20C
Maco IR 820c/750c;Ultrafin;1+10;/;8;8;20C
Maco IR 820c/750c;Ultrafin;1+20;/;11;11;20C
Maco IR 820c/750c;Xtol;1+2;/;16;16;20C
Maco IR 820c/750c;Xtol;1+3;12;14;14;20C
Maco IR 820c/750c;Xtol;1+3;15;14;14;20C
Maco IR 820c/750c;Xtol;1+2;200;20;20;20C
Maco ORT25c;D-76;stock;25;7;7;20C
Maco ORT25c;Ecoprint Universal;1+12;25;5;5;20C
Maco ORT25c;Fomadon R09;1+100;64;14;/;20C
Maco ORT25c;Neutol;1+7;25;3;3;20C
Maco ORT25c;Promicrol;1+19;25;4;4;20C
Maco ORT25c;Rodinal;1+100;12;10;10;20C
Maco ORT25c;Rodinal;1+10;25;5;5;20C
Maco ORT25c;Rodinal;1+25;25;7;7;20C
Maco ORT25c;Rodinal;1+25;25;4;4;20C
Maco TP64c;D-76;1+3;64;19;/;20C
Maco TP64c;Ecoprint Universal;1+12;64;5;5;20C
Maco TP64c;Promicrol;1+14;64;7;7;20C
Maco TP64c;Promicrol;1+14;64;4.75;4.75;24C
Maco TP64c;Promicrol;1+9;64;4.5;4.5;20C
Maco TP64c;Promicrol;1+9;64;3;3;24C
Maco UP100p/PO100c;Atomal 49;stock;100;7-8;7-8;20C
Maco UP100p/PO100c;D-76;stock;100;5-7;5-7;20C
Maco UP100p/PO100c;Eco Pro;1+2;100;13-16;13-16;20C
Maco UP100p/PO100c;Eco Pro;1+2;200;20;20;20C
Maco UP100p/PO100c;Eco Pro;1+1;400;/;11;20C
Maco UP100p/PO100c;Ecoprint Universal;1+12;100;4-5;4-5;20C
Maco UP100p/PO100c;HC-110;B;100;5;5;20C
Maco UP100p/PO100c;ID-11;stock;100;5-7;5-7;20C
Maco UP100p/PO100c;Ilfotec HC;1+5;100;5;5;20C
Maco UP100p/PO100c;Ilfotec HC;1+31;100;7;7;20C
Maco UP100p/PO100c;Microphen;stock;100;7;7;20C
Maco UP100p/PO100c;Perceptol;stock;100;7-9;7-9;20C
Maco UP100p/PO100c;Promicrol;1+14;100;10;10;20C
Maco UP100p/PO100c;Promicrol;1+14;100;6.75;6.75;24C
Maco UP100p/PO100c;Promicrol;1+9;100;6.5;6.5;20C
Maco UP100p/PO100c;Promicrol;1+9;100;4.25;4.25;24C
Maco UP100p/PO100c;Promicrol;1+14;100;7.5;7.5;20C
Maco UP100p/PO100c;Promicrol;1+14;100;5.25;5.25;24C
Maco UP100p/PO100c;Promicrol;1+9;100;5;5;20C
Maco UP100p/PO100c;Promicrol;1+9;100;3.5;3.5;24C
Maco UP100p/PO100c;Rodinal;1+25;100;8;6-8;20C
Maco UP100p/PO100c;Sprint Standard;1+9;100;10;/;20C
Maco UP100p/PO100c;Tanol;1+1+100;80(UP) 50(PO);14;14;22C
Maco UP100p/PO100c;TMax Dev;1+4;100;4-6;4-6;20C
Maco UP100p/PO100c;Ultrafin;1+10;100;5-7;5-7;20C
Maco UP100p/PO100c;Ultrafin;1+20;100;8-10;8-10;20C
Maco UP100p/PO100c;Xtol;1+2;100;13-16;13-16;20C
Maco UP100p/PO100c;Xtol;1+2;200;20;20;20C
Maco UP100p/PO100c;Xtol;1+1;400;/;11;20C
Maco UP25P;D-76;1+3;25;10;/;20C
Maco UP25P;D-76;stock;25;6;6;20C
Maco UP25P;Eco Pro;1+2;25;9;9;20C
Maco UP25P;Ecoprint Universal;1+12;25;4;4;20C
Maco UP25P;HC-110;B;25;4;4;20C
Maco UP25P;ID-11;1+3;25;10;/;20C
Maco UP25P;ID-11;stock;25;5;5;20C
Maco UP25P;Ilfotec HC;1+5;25;5;5;20C
Maco UP25P;Microphen;stock;25;5;5;20C
Maco UP25P;Perceptol;stock;25;8;8;20C
Maco UP25P;Promicrol;1+19;25;4.5;4.5;20C
Maco UP25P;Rodinal;1+25;25;7;7;20C
Maco UP25P;Sprint Standard;1+9;25;5;/;20C
Maco UP25P;Spur 2525;1+15;20;3-3.5;3-3.5;20C
Maco UP25P;TMax Dev;1+4;25;4;4;20C
Maco UP25P;Ultrafin;1+10;25;5;5;20C
Maco UP25P;Ultrafin;1+20;25;9;9;20C
Maco UP25P;Xtol;1+2;25;9;9;20C
Maco UP400p;Atomal 49;stock;400;10;/;22C
Maco UP400p;D-23;1+1;400;12;/;24C
Maco UP400p;D-23;stock;400;10;/;20C
Maco UP400p;D-76;stock;400;10;10;20C
Maco UP400p;Eco Pro;1+2;200;15;15;20C
Maco UP400p;Eco Pro;1+2;400;18;18;20C
Maco UP400p;Eco Pro;1+2;800;20;20;20C
Maco UP400p;Eco Pro;1+2;1600;23;23;20C
Maco UP400p;Ecoprint Universal;1+12;400;5;5;20C
Maco UP400p;HC-110;B;400;8;8;20C
Maco UP400p;ID-11;stock;400;9;9;20C
Maco UP400p;Ilfotec HC;1+5;400;7;7;20C
Maco UP400p;Microphen;stock;400;8;8;20C
Maco UP400p;Microphen;stock;1600;15;/;20C
Maco UP400p;Perceptol;stock;400;11;11;20C
Maco UP400p;Promicrol;1+14;400;10;10;20C
Maco UP400p;Promicrol;1+14;400;6.75;6.75;24C
Maco UP400p;Promicrol;1+9;400;6.75;6.75;20C
Maco UP400p;Promicrol;1+9;400;4.5;4.5;24C
Maco UP400p;Promicrol;1+14;1600;17;17;20C
Maco UP400p;Promicrol;1+14;1600;12;12;24C
Maco UP400p;Promicrol;1+9;1600;11;11;20C
Maco UP400p;Promicrol;1+9;1600;7.5;7.5;24C
Maco UP400p;Rodinal;1+25;400;10;10;20C
Maco UP400p;Sprint Standard;1+9;400;10;/;20C
Maco UP400p;Spur 2525;1+15;250;6.5;6.5;20C
Maco UP400p;Spur SLD;1+9;640;6;6;20C
Maco UP400p;TMax Dev;1+4;400;9;9;20C
Maco UP400p;Ultrafin;1+10;400;9;9;20C
Maco UP400p;Ultrafin;1+20;400;10;10;20C
Maco UP400p;Xtol;1+2;200;15;15;20C
Maco UP400p;Xtol;1+2;400;18;18;20C
Maco UP400p;Xtol;1+2;800;20;20;20C
Maco UP400p;Xtol;1+2;1600;23;23;20C
Maco UP64c;D-76;stock;64;7;7;20C
Maco UP64c;Eco Pro;1+2;64;14;14;20C
Maco UP64c;Ecoprint Universal;1+12;64;4;4;20C
Maco UP64c;HC-110;B;64;5;5;20C
Maco UP64c;ID-11;stock;64;6;6;20C
Maco UP64c;Ilfotec HC;1+5;64;5;5;20C
Maco UP64c;Microphen;stock;64;5;5;20C
Maco UP64c;Perceptol;stock;64;8;8;20C
Maco UP64c;Promicrol;1+14;64;7;7;20C
Maco UP64c;Promicrol;1+14;64;4.75;4.75;24C
Maco UP64c;Promicrol;1+9;64;4.5;4.5;20C
Maco UP64c;Promicrol;1+9;64;3;3;24C
Maco UP64c;Rodinal;1+25;64;7;7;20C
Maco UP64c;TMax Dev;1+4;64;6;6;20C
Maco UP64c;Ultrafin;1+10;64;6;6;20C
Maco UP64c;Ultrafin;1+20;64;9;9;20C
Maco UP64c;Xtol;1+2;64;14;14;20C
Lomography Orca 110;Caffenol C-M;stock;100;16;/;20C
Lomography Orca 110;D-76;1+1;100;7;/;20C
Lomography Orca 110;D-96;stock;100;5-6;/;20C
Lomography Orca 110;Eco Pro;1+1;100;7;/;20C
Lomography Orca 110;FX-1;1+1+8;100;9;/;20C
Lomography Orca 110;HC-110;J;80;18;/;20C
Lomography Orca 110;HC-110;A;100;7;/;20C
Lomography Orca 110;HC-110;J;100;18;/;20C
Lomography Orca 110;ID-11;1+1;100;7;/;20C
Lomography Orca 110;Ilfosol 3;1+9;100;5;/;20C
Lomography Orca 110;Ilfotec DD-X;1+9;100;16;/;20C
Lomography Orca 110;Microdol-X;1+3;100;18;/;22C
Lomography Orca 110;PMK;5+10+100;100;7;/;20C
Lomography Orca 110;Pyrocat-HD;1+1+200;100;40;/;20C
Lomography Orca 110;Pyrocat-HD;1+1+100;100;10;/;20C
Lomography Orca 110;Rodinal;1+25;100;6;/;22C
Lomography Orca 110;Rodinal;1+100;100;25;/;20C
Lomography Orca 110;Rodinal;1+50;100;9;/;20C
Lomography Orca 110;Xtol;1+1;100;7;/;20C
Oriental Seagull 100;D-76;stock;100;9;/;20C
Oriental Seagull 100;D-76;1+1;100;11.5;/;20C
Oriental Seagull 100;ID-11;stock;100;9;/;20C
Oriental Seagull 100;ID-11;1+1;100;11.5;/;20C
Oriental Seagull 100;Ilfotec DD-X;1+4;100;10.5;/;20C
Oriental Seagull 100;Microphen;1+1;100;10.5;/;20C
Oriental Seagull 100;Microphen;stock;100;8.5;/;20C
Oriental Seagull 100;Perceptol;1+1;100;15.5;/;20C
Oriental Seagull 100;Perceptol;stock;100;12.5;/;20C
Oriental Seagull 400;D-76;1+1;400;14;/;20C
Oriental Seagull 400;D-76;stock;400;9.5;/;20C
Oriental Seagull 400;D-76;stock;800;12.5;/;20C
Oriental Seagull 400;D-76;1+1;800;17;/;20C
Oriental Seagull 400;ID-11;stock;400;9.5;/;20C
Oriental Seagull 400;ID-11;1+1;400;16.5;/;20C
Oriental Seagull 400;ID-11;1+1;800;20.5;/;20C
Oriental Seagull 400;ID-11;stock;800;12.5;/;20C
Oriental Seagull 400;Ilfotec DD-X;1+4;400;11.5;/;20C
Oriental Seagull 400;Ilfotec DD-X;1+4;800;13;/;20C
Oriental Seagull 400;Microphen;1+1;400;15;/;20C
Oriental Seagull 400;Microphen;stock;400;8;/;20C
Oriental Seagull 400;Microphen;1+1;800;19;/;20C
Oriental Seagull 400;Microphen;stock;800;10;/;20C
Oriental Seagull 400;Rodinal;1+25;400;7.5;/;20C
Orwo N74+;Adox HR-DEV;1+30;400;11;/;20C
Orwo N74+;D-23;1+1;400;13;/;20C
Orwo N74+;D-76;1+1;400;9;/;20C
Orwo N74+;D-76;stock;400;9.5;/;20C
Orwo N74+;D-76;1+1;400;10;/;20C
Orwo N74+;D-76;stock;800;12.5;/;20C
Orwo N74+;D-76;stock;1600;12;/;22C
Orwo N74+;Diafine;stock;400;3+3;/;20C
Orwo N74+;Eco Pro;1+1;400;11-13;/;20C
Orwo N74+;HC-110;B;400;6.5;/;20C
Orwo N74+;ID-11;1+1;400;9;/;20C
Orwo N74+;ID-11;1+1;400;10;/;20C
Orwo N74+;ID-11;stock;400;9.5;/;20C
Orwo N74+;ID-11;stock;800;12.5;/;20C
Orwo N74+;ID-11;stock;1600;12;/;22C
Orwo N74+;Microphen;stock;400;7;/;20C
Orwo N74+;Rodinal;1+50;400;13;/;20C
Orwo N74+;TMax Dev;1+4;400;6;/;21C
Orwo N74+;Xtol;1+1;400;11-13;/;20C
Orwo UN54+;Adox HR-DEV;1+35;160;13;/;20C
Orwo UN54+;Adox M-Q Borax;stock;160;7.5;/;20C
Orwo UN54+;Atomal 49;1+2;100;18;/;20C
Orwo UN54+;Beutler;1+1+10;100;7;/;20C
Orwo UN54+;D-23;1+1;100;12;/;20C
Orwo UN54+;D-76;1+3;100;13-14;/;20C
Orwo UN54+;D-76;1+1;100;7;/;20C
Orwo UN54+;D-96;stock;100;4.5-6;/;20C
Orwo UN54+;Diafine;stock;100;3+3;/;20C
Orwo UN54+;Eco Pro;1+1;80;6.5;/;20C
Orwo UN54+;Eco Pro;1+1;100;7-8;/;20C
Orwo UN54+;FX-1;1+1+8;100;9;/;20C
Orwo UN54+;HC-110;J;80;18;/;20C
Orwo UN54+;HC-110;H;100;7.5;/;20C
Orwo UN54+;HC-110;J;100;18;/;20C
Orwo UN54+;HC-110;1+90;100;12;/;20C
Orwo UN54+;ID-11;1+1;100;7;/;20C
Orwo UN54+;ID-11;1+3;100;13-14;/;20C
Orwo UN54+;Microdol-X;1+2;100;33;/;22C
Orwo UN54+;Mocon;1+64;100;11;/;20C
Orwo UN54+;PCK;5+10+100;100;6.5-7;/;20C
Orwo UN54+;PMK;1+2+100;100;13;/;21C
Orwo UN54+;Pyrocat-HD;1+1+100;100;10;/;20C
Orwo UN54+;Pyrocat-HD;1+1+200;100;40;/;20C
Orwo UN54+;Rodinal;1+50;100;8-10;/;20C
Orwo UN54+;Rodinal;1+25;100;6.5;/;20C
Orwo UN54+;Rodinal;1+100;100;25;/;20C
Orwo UN54+;Spur HRX;1+17;80;9.5;/;20C
Orwo UN54+;TMax Dev;1+9;100;8;/;20C
Orwo UN54+;Xtol;1+1;80;6.5;/;20C
Orwo UN54+;Xtol;1+1;100;5;/;24C
Orwo UN54+;Xtol;1+1;100;7-8;/;20C
Polypan F;A&B Lith;1+1;400;6;/;20C
Polypan F;Acufine;stock;50;3.5;/;20C
Polypan F;Acufine;stock;100;5;/;20C
Polypan F;Acurol-N;1+70;32;10;/;20C
Polypan F;Atomal 49;stock;50;8.5;/;20C
Polypan F;Caffenol C;stock;50;11;/;20C
Polypan F;Caffenol C-L;stock;50;11;/;22C
Polypan F;Caffenol C-L;stock;100;60;/;20C
Polypan F;D-25;stock;25;40;/;20C
Polypan F;D-76;1+1;50;8-13;/;20C
Polypan F;D-76;1+3;50;21-25;/;20C
Polypan F;D-76;1+1;100;19.5;/;20C
Polypan F;D-96;stock;25;7;/;20C
Polypan F;Diafine;stock;50;3+3;/;20C
Polypan F;Diafine;stock;80;5+4;/;24C
Polypan F;Diafine;stock;100;3+3;/;20C
Polypan F;Dokumol;1+5;50;7;/;20C
Polypan F;Dokumol;1+5;100;10.5;/;20C
Polypan F;Eco Pro;stock;50;7;/;20C
Polypan F;Eco Pro;2+3;50;8.5-9;/;20C
Polypan F;Eco Pro;1+3;100;23;/;20C
Polypan F;Eco Pro;stock;125;13;/;20C
Polypan F;FD10;1+9;50;8;/;20C
Polypan F;FD10;1+9;100;11;/;20C
Polypan F;Foma W-17 Hydrofen;1+3;50;18;/;20C
Polypan F;Foma W-17 Hydrofen;1+7;65;34;/;20C
Polypan F;Foma W-17 Hydrofen;1+7;80;34;/;20C
Polypan F;Foma W-17 Hydrofen;1+1;200;20;/;20C
Polypan F;Fomadon LQN;1+14;25;10;/;20C
Polypan F;Fomadon LQN;1+10;50;7;/;20C
Polypan F;Fomadon R09;1+50;50;13.5;/;19C
Polypan F;Fomadon R09;1+50;200;25;/;20C
Polypan F;FX-1;1+1+8;100;12;/;20C
Polypan F;FX-39;1+9;50;9;/;20C
Polypan F;HC-110;H;25;12.5;/;20C
Polypan F;HC-110;1+500;50;90;/;20C
Polypan F;HC-110;B;50;9.5;/;20C
Polypan F;HC-110;1+250;50;90;/;20C
Polypan F;HC-110;J;200;75;/;20C
Polypan F;HC-110;B;400;32;/;20C
Polypan F;HC-110;A;400;9.5;/;20C
Polypan F;ID-11;1+1;50;9;/;20C
Polypan F;ID-11;1+3;50;21-25;/;20C
Polypan F;ID-11;1+1;50;8-13;/;20C
Polypan F;ID-11;1+1;100;9.5;/;20C
Polypan F;ID-68;1+3;25;12;/;20C
Polypan F;ID-68;1+3;50;18.5;/;20C
Polypan F;Ilfosol 3;1+14;50;6.5;/;20C
Polypan F;Ilfosol 3;1+9;100;8;/;20C
Polypan F;Ilfotec DD-X;1+4;50;8;/;20C
Polypan F;Ilfotec HC;1+31;100;8;/;20C
Polypan F;Ilfotec HC;1+100;200;127;/;22C
Polypan F;Ilfotec LC29;1+19;50;20;/;18C
Polypan F;Microdol-X;stock;32;22;/;22C
Polypan F;Microphen;1+1;50;9;/;20C
Polypan F;Microphen;stock;64;10.5;/;20C
Polypan F;Microphen;stock;200;15.5;/;20C
Polypan F;PC-TEA;1+50;50;7.5;/;20C
Polypan F;PC-TEA;1+50;100;10.5;/;20C
Polypan F;Perceptol;1+3;25;15;/;20C
Polypan F;Perceptol;1+3;50;15;/;20C
Polypan F;Promicrol;1+9;50;8;/;20C
Polypan F;Pyrocat-HD;1+1+100;50;9;/;23C
Polypan F;Rodinal;1+50;25;8.5;/;20C
Polypan F;Rodinal;1+100;50;60;/;20C
Polypan F;Rodinal;1+50;50;13;/;20C
Polypan F;Rodinal;1+25;50;6;/;20C
Polypan F;Rodinal;1+100;50;40;/;20C
Polypan F;Rodinal;1+25;100;10.5;/;20C
Polypan F;Rodinal;1+50;100;17;/;20C
Polypan F;Rodinal;1+100;100;65;/;20C
Polypan F;Rodinal;1+90;100;60;/;20C
Polypan F;Rodinal;1+100;100;60;/;20C
Polypan F;Rodinal;1+50;200;25;/;20C
Polypan F;Rodinal;1+60;400;240;/;22C
Polypan F;Silvermax;1+48;100;18;/;22C
Polypan F;Spur 2525;1+15;25;5;/;20C
Polypan F;Spur HRX;1+19;25;4.5;/;20C
Polypan F;Spur HRX;1+17;32;10.5;/;20C
Polypan F;Spur HRX;1+18;50;9.5;/;20C
Polypan F;Spur SLD;1+24;50;6;/;20C
Polypan F;Tanol;1+1+100;32;12;/;24C
Polypan F;TD-3;1+1+6;100;17;/;21C
Polypan F;TFX-2;stock;125;22;/;20C
Polypan F;TMax Dev;1+9;12;22;/;22C
Polypan F;TMax Dev;1+9;50;12;/;20C
Polypan F;TMax Dev;1+9;50;8;/;24C
Polypan F;Ultrafin;1+10;80;6.5;/;20C
Polypan F;Xtol;2+3;50;8.5-9;/;20C
Polypan F;Xtol;stock;50;7;/;20C
Polypan F;Xtol;1+3;100;23;/;20C
Polypan F;Xtol;stock;125;13;/;20C
Pro Max 100;D-76;1+1;100;7;/;20C
Pro Max 100;D-76;stock;100;5.5;/;20C
Pro Max 100;Eco Pro;1+3;100;10.5;/;20C
Pro Max 100;F76+;1+9;100;11;/;20C
Pro Max 100;ID-11;stock;100;5.5;/;20C
Pro Max 100;ID-11;1+1;100;7;/;20C
Pro Max 100;Ilfosol 3;1+14;100;7;/;20C
Pro Max 100;Xtol;1+3;100;10.5;/;20C
Pro Max 400;D-76;stock;400;8;/;20C
Pro Max 400;D-76;1+1;400;11;/;20C
Pro Max 400;ID-11;1+1;400;11;/;20C
Pro Max 400;ID-11;stock;400;8;/;20C
Rollei ATO 2.1;Burton 195;stock;10;6;6;20C
Rollei ATO 2.1;Caffenol Delta Micro;stock;25;10;10;20C
Rollei ATO 2.1;Rodinal;1+300;1;12;12;20C
Rollei ATO 2.1;Rollei RSL Superlith;1+4;25;5;5;20C
Rollei ATP 1.1;510-Pyro;1+500;25;/;25;21C
Rollei ATP 1.1;Burton 195;stock;16;8;/;20C
Rollei ATP 1.1;Rodinal;1+150;15;6.5;/;20C
Rollei ATP 1.1;Rodinal;1+300;20;/;12;20C
Rollei ATP 1.1;Rodinal;1+300;25;12;/;20C
Rollei ATP 1.1;Rollei ATP DC;2+23;40;6;/;20C
Rollei ATP 1.1;Rollei RLC Low Contrast;1+4;10;6;/;20C
Rollei ATP 1.1;Rollei RLC Low Contrast;1+4;32;6;/;20C
Rollei Blackbird;D-76;stock;25;6;/;20C
Rollei Blackbird;D-76;stock;100;10;/;20C
Rollei Blackbird;ID-11;stock;25;6;/;20C
Rollei Blackbird;ID-11;stock;100;10;/;20C
Rollei Blackbird;Rodinal;1+50;100;11;11;21C
Rollei Blackbird;Silberra Ascorol;1+29;100;10;/;20C
Rollei Infrared IR400;Adox HR-DEV;1+30;80;12.5;12.5;20C
Rollei Infrared IR400;ADX II;1+24;160;11;11;20C
Rollei Infrared IR400;Atomal 49;stock;400;9;9;20C
Rollei Infrared IR400;D-76;1+1;12;9.5;9.5;20C
Rollei Infrared IR400;D-76;1+1;250;9.5;9.5;20C
Rollei Infrared IR400;D-76;stock;400 (25);6;6;20C
Rollei Infrared IR400;Diafine;stock;200;3+3;3+3;22C
Rollei Infrared IR400;Diafine;stock;400;3+3;3+3;22C
Rollei Infrared IR400;Diafine;stock;400 (12);6+6;6+6;20C
Rollei Infrared IR400;DiXactol Ultra;1+7+300;3.2;9;9;21C
Rollei Infrared IR400;Eco Pro;1+1;50;7.5;7.5;20C
Rollei Infrared IR400;F76+;1+9;10;7.25;7.25;20C
Rollei Infrared IR400;F76+;1+9;25;8.5;8.5;22C
Rollei Infrared IR400;F76+;1+19;400;10;10;22C
Rollei Infrared IR400;FD10;1+9;400;10;10;20C
Rollei Infrared IR400;Finol;1+1+100;12;14.5;14.5;24C
Rollei Infrared IR400;Finol;1+1+75;16;12;12;24C
Rollei Infrared IR400;FX-39;1+50;3;25;25;22C
Rollei Infrared IR400;FX-39;1+9;25;21;21;20C
Rollei Infrared IR400;HC-110;B;400 (12);8.75;8.75;20C
Rollei Infrared IR400;HC-110;B;400 (6);6;6;20C
Rollei Infrared IR400;HC-110;G;1600;25;25;20C
Rollei Infrared IR400;ID-11;stock;400 (25);6;6;20C
Rollei Infrared IR400;Ilfosol 3;1+14;400;14;14;20C
Rollei Infrared IR400;Ilfotec DD-X;1+4;400;10;10;20C
Rollei Infrared IR400;Ilfotec LC29;1+19;400;7.5;7.5;20C
Rollei Infrared IR400;Microdol-X;stock;400;23;23;21C
Rollei Infrared IR400;Microdol-X;stock;800;30;30;20C
Rollei Infrared IR400;Microphen;stock;400;7.5;7.5;20C
Rollei Infrared IR400;Microphen;stock;800;10;10;20C
Rollei Infrared IR400;Microphen;stock;1600;13.5;13.5;20C
Rollei Infrared IR400;Paranol S;1+25;400;3;3;20C
Rollei Infrared IR400;Paranol S;1+50;400;7;7;20C
Rollei Infrared IR400;Perceptol;stock;400;14;14;20C
Rollei Infrared IR400;PMK;2+4+100;6;7.5;7.5;21C
Rollei Infrared IR400;PMK;2+4+100;8;7.5;7.5;21C
Rollei Infrared IR400;PMK;1+2+100;12;12;12;24C
Rollei Infrared IR400;Pyrocat-HD;1+1+50;200;7.5;7.5;21C
Rollei Infrared IR400;Rodinal;1+50;200 (25);8.5;8.5;20C
Rollei Infrared IR400;Rodinal;1+100;200 (25);15;15;20C
Rollei Infrared IR400;Rodinal;1+25;200 (25);5.25;5.25;20C
Rollei Infrared IR400;Rodinal;1+25;400 (10-25);7.5;7.5;20C
Rollei Infrared IR400;Rodinal;1+100;400 (10-25);21.5;21.5;21C
Rollei Infrared IR400;Rodinal;1+50;400 (25);12;12;20C
Rollei Infrared IR400;Rollei D74;1+7;64;5.5;5.5;20C
Rollei Infrared IR400;Rollei D74;1+9;64;6;6;20C
Rollei Infrared IR400;Rollei D74;1+15;64;8.5;8.5;20C
Rollei Infrared IR400;Rollei D74;1+7;200;5.5;5.5;20C
Rollei Infrared IR400;Rollei D74;1+15;200;8.5;8.5;20C
Rollei Infrared IR400;Rollei D74;1+9;200;6;6;20C
Rollei Infrared IR400;Rollei RLS Low Speed;1+4;/;12;12;24C
Rollei Infrared IR400;Rollei RLS Low Speed;1+4;400 (25);18;18;24C
Rollei Infrared IR400;Sprint Standard;1+9;400;7;7;20C
Rollei Infrared IR400;Spur HRX;1+11;40;12;12;20C
Rollei Infrared IR400;Tanol;1+1+100;200;18;18;22C
Rollei Infrared IR400;TMax Dev;1+4;2;7.5;7.5;20C
Rollei Infrared IR400;TMax Dev;1+4;25;12;12;20C
Rollei Infrared IR400;TMax Dev;1+4;400;26;26;20C
Rollei Infrared IR400;Ultrafin T-Plus;1+4;400;4.25;4.25;20C
Rollei Infrared IR400;Xtol;1+1;50;7.5;7.5;20C
Rollei Ortho 25;Acurol-N;1+100;12;11;11;22C
Rollei Ortho 25;Acurol-N;1+70;25;11;11;20C
Rollei Ortho 25;Adox HR-DEV;1+49;50;13;13;20C
Rollei Ortho 25;Beutler;1+1+8;25;7;7;20C
Rollei Ortho 25;D-76;stock;25;6;6;20C
Rollei Ortho 25;Diafine;stock;25;5+4;5+4;20C
Rollei Ortho 25;Finol;1+1+150;20;12.5;12.5;24C
Rollei Ortho 25;ID-11;stock;25;6;6;20C
Rollei Ortho 25;Microdol-X;1+3;25;13;13;25C
Rollei Ortho 25;POTA;stock;25;13;13;24C
Rollei Ortho 25;POTA;stock;25;17;17;20C
Rollei Ortho 25;Rodinal;1+50;25;10;10;21C
Rollei Ortho 25;Rodinal;1+50;25;6;6;20C
Rollei Ortho 25;Rodinal;1+100;25;10;10;20C
Rollei Ortho 25;Rodinal;1+25;25;4;4;20C
Rollei Ortho 25;Rodinal;1+25;50;8;8;20C
Rollei Ortho 25;Rollei D74;1+15;25;8.5;8.5;20C
Rollei Ortho 25;Rollei D74;1+7;25;5.5;5.5;20C
Rollei Ortho 25;Rollei D74;1+9;25;6;6;20C
Rollei Ortho 25;Rollei D74;1+9;50;8.5;8.5;20C
Rollei Ortho 25;Rollei D74;1+7;50;7.5;7.5;20C
Rollei Ortho 25;Rollei D74;1+15;50;13;13;20C
Rollei Ortho 25;Rollei RLC Low Contrast;1+4;25;8;8;20C
Rollei Ortho 25;Rollei RLS Low Speed;1+4;25;12;12;24C
Rollei Ortho 25;Silberra Ascorol;1+29;25;6;6;20C
Rollei Ortho 25;Tanol;1+1+100;25;12;12;21C
Rollei Ortho 25;TMax Dev;1+4;25;6;6;24C
Rollei Ortho 25;Ultrafin T-Plus;1+4;25;5.75;5.75;20C
Rollei Ortho 25;Xtol;stock;25;6;6;21C
Rollei Ortho 25 Plus;Adox HR-DEV;1+49;160;15;15;20C
Rollei Pan 25;D-23;1+2;25;13;13;20C
Rollei Pan 25;D-76;1+1;25;9.5;9.5;20C
Rollei Pan 25;D-76;stock;25;5;5;20C
Rollei Pan 25;Eco Pro;stock;25;6.5;6.5;20C
Rollei Pan 25;Finol;1+1+50;25;10;10;24C
Rollei Pan 25;Finol;1+1+100;40;14.5;14.5;24C
Rollei Pan 25;FX-39;1+14;25;6;6;20C
Rollei Pan 25;HC-110;F;25;13.5;13.5;20C
Rollei Pan 25;ID-11;stock;25;5;5;20C
Rollei Pan 25;Ilfotec DD-X;1+4;25;8;8;23C
Rollei Pan 25;Microdol-X;1+3;25;18;18;20C
Rollei Pan 25;Neofin Blue;stock;25;12;12;20C
Rollei Pan 25;PMK;1+2+100;25;7.5;7.5;21C
Rollei Pan 25;Rodinal;1+100;25;20;20;20C
Rollei Pan 25;Rodinal;1+25;25;6;6;20C
Rollei Pan 25;Rodinal;1+50;25;11;11;20C
Rollei Pan 25;Rollei D74;1+7;25;5.5;5.5;20C
Rollei Pan 25;Rollei D74;1+15;25;8.5;8.5;20C
Rollei Pan 25;Rollei D74;1+9;25;6;6;20C
Rollei Pan 25;Rollei D74;1+9;50;8.5;8.5;20C
Rollei Pan 25;Rollei D74;1+15;50;13;13;20C
Rollei Pan 25;Rollei D74;1+7;50;7.5;7.5;20C
Rollei Pan 25;Rollei RLS Low Speed;1+4;25;10;10;24C
Rollei Pan 25;Silberra Ascorol;1+29;25;5;5;20C
Rollei Pan 25;Spur 2525;1+15;20;5;5;20C
Rollei Pan 25;Spur SD 2525;1+15;20;5;5;20C
Rollei Pan 25;TMax Dev;1+4;32;5;5;20C
Rollei Pan 25;Xtol;stock;25;6.5;6.5;20C
Rollei R3;D-76;stock;100;/;7;20C
Rollei R3;D-76;stock;200;10;/;20C
Rollei R3;D-76;stock;400;14;/;20C
Rollei R3;Eco Pro;1+2;200;24-29;/;20C
Rollei R3;Eco Pro;1+2;400;24-29;/;20C
Rollei R3;HC-110;B;400;14;/;20C
Rollei R3;HC-110;B;640;/;16;20C
Rollei R3;ID-11;stock;100;/;7;20C
Rollei R3;ID-11;stock;200;10;/;20C
Rollei R3;ID-11;stock;400;14;/;20C
Rollei R3;Microphen;stock;100;9.5;/;20C
Rollei R3;Microphen;1+1;400;13-14;/;24C
Rollei R3;PC-TEA;1+50;300;/;24;20C
Rollei R3;Perceptol;stock;25;10.25;/;20C
Rollei R3;Perceptol;1+1;100;17.5;/;20C
Rollei R3;Perceptol;stock;200;14;/;20C
Rollei R3;Promicrol;1+9;400;10;/;20C
Rollei R3;Promicrol;1+9;400;6.5;/;24C
Rollei R3;Promicrol;1+14;400;10;/;24C
Rollei R3;Promicrol;1+14;400;14;/;20C
Rollei R3;Promicrol;1+14;1600;21;/;20C
Rollei R3;Promicrol;1+9;1600;9.5;/;24C
Rollei R3;Promicrol;1+9;1600;14;/;20C
Rollei R3;Promicrol;1+14;1600;15;/;24C
Rollei R3;Rodinal;1+25;400;/;12;20C
Rollei R3;Rollei RLC Low Contrast;1+4;25;/;8-10;24C
Rollei R3;Rollei RLS Low Speed;1+4;25;22;/;24C
Rollei R3;Rollei RLS Low Speed;1+4;50;23;/;24C
Rollei R3;Rollei RLS Low Speed;1+4;100;24;/;24C
Rollei R3;Rollei RLS Low Speed;1+4;200;25;/;24C
Rollei R3;Xtol;1+2;200;24-29;/;20C
Rollei R3;Xtol;1+2;400;24-29;/;20C
Rollei Retro 100;510-Pyro;1+100;100;9;/;20C
Rollei Retro 100;ACU-1;1+10;320;12;/;21C
Rollei Retro 100;Acufine;stock;160;5;/;21C
Rollei Retro 100;Acufine;stock;200;/;5.5;21C
Rollei Retro 100;Acufine;stock;400;9;/;20C
Rollei Retro 100;Acurol-N;1+100;50;50;/;20C
Rollei Retro 100;Acurol-N;1+50;50;9.5;/;20C
Rollei Retro 100;Acurol-N;1+50;64;9.5;/;20C
Rollei Retro 100;Acurol-N;1+50;64;12;/;20C
Rollei Retro 100;Acurol-N;1+100;80;31;/;20C
Rollei Retro 100;Acurol-N;1+50;80;12;/;20C
Rollei Retro 100;Acurol-N;1+50;100;14-15;/;20C
Rollei Retro 100;Acurol-N;1+100;125;50;/;20C
Rollei Retro 100;Acurol-N;1+50;160;20;/;20C
Rollei Retro 100;Acurol-N;1+70;160;60;/;22C
Rollei Retro 100;Amaloco AM74;1+7;100;5;5;20C
Rollei Retro 100;Amaloco AM74;1+7;200;6;6;20C
Rollei Retro 100;Amaloco AM74;1+7;400;7;7;20C
Rollei Retro 100;Arista Liquid;1+9;100;9;9;20C
Rollei Retro 100;Arista Liquid;1+9;100;6.5;6.5;24C
Rollei Retro 100;Arista Liquid;1+19;200;12.5;12.5;24C
Rollei Retro 100;Atomal 49;3+2;100;6.5;6.5;20C
Rollei Retro 100;Atomal 49;stock;100;5.75;5.75;20C
Rollei Retro 100;Atomal 49;stock;200;7.5;7.5;20C
Rollei Retro 100;Beutler;1+1+8;100;7.5;/;20C
Rollei Retro 100;Caffenol C;stock;100;20;/;20C
Rollei Retro 100;Caffenol C-M;stock;100;15;/;20C
Rollei Retro 100;D-23;stock;100;11;11;20C
Rollei Retro 100;D-76;1+1;100;13.5;13.5;20C
Rollei Retro 100;D-76;1+3;100;19.5;/;20C
Rollei Retro 100;D-76;stock;100;9;9;20C
Rollei Retro 100;Diafine;stock;200;3+3;/;20C
Rollei Retro 100;Diafine;stock;250;/;3+3;20C
Rollei Retro 100;Eco Pro;1+1;25;8;8;20C
Rollei Retro 100;Eco Pro;1+2;25;12;12;20C
Rollei Retro 100;Eco Pro;1+3;25;15.25;15.25;20C
Rollei Retro 100;Eco Pro;stock;25;5.75;5.75;20C
Rollei Retro 100;Eco Pro;1+1;50;8;8;20C
Rollei Retro 100;Eco Pro;1+2;50;12;12;20C
Rollei Retro 100;Eco Pro;1+3;50;15.25;15.25;20C
Rollei Retro 100;Eco Pro;stock;50;5.75;5.75;20C
Rollei Retro 100;Eco Pro;1+1;100;9.75;9.75;20C
Rollei Retro 100;Eco Pro;1+2;100;13.75;13.75;20C
Rollei Retro 100;Eco Pro;1+3;100;17.25;17.25;20C
Rollei Retro 100;Eco Pro;stock;100;6.75;6.75;20C
Rollei Retro 100;Eco Pro;1+1;200;12;12;20C
Rollei Retro 100;Eco Pro;1+2;200;15.25;15.25;20C
Rollei Retro 100;Eco Pro;1+3;200;19.5;19.5;20C
Rollei Retro 100;Eco Pro;stock;200;8.75;8.75;20C
Rollei Retro 100;Eco Pro;1+1;400;15.5;15.5;20C
Rollei Retro 100;Eco Pro;1+2;400;18.75;18.75;20C
Rollei Retro 100;Eco Pro;1+3;400;23;23;20C
Rollei Retro 100;Eco Pro;stock;400;11;11;20C
Rollei Retro 100;Eco Pro;1+1;800;22;22;20C
Rollei Retro 100;Eco Pro;1+2;800;23;23;20C
Rollei Retro 100;Eco Pro;1+3;800;29;29;20C
Rollei Retro 100;Eco Pro;stock;800;13;13;20C
Rollei Retro 100;Emofin;stock;100;4+4;4+4;20C
Rollei Retro 100;Extend Plus;1+15;100;13;13;20C
Rollei Retro 100;F76+;1+9;100;9;9;20C
Rollei Retro 100;F76+;1+9;100;6.5;6.5;20C
Rollei Retro 100;F76+;1+9;100;6.5;6.5;24C
Rollei Retro 100;F76+;1+19;200;12.5;12.5;24C
Rollei Retro 100;FD10;1+14;100;11;11;20C
Rollei Retro 100;FD10;1+9;100;5;5;20C
Rollei Retro 100;Finol;1+1+100;100;/;11;24C
Rollei Retro 100;Finol;1+1+100;160;15;/;24C
Rollei Retro 100;Fomadon Excel;stock;100;10;/;20C
Rollei Retro 100;Fomadon P;stock;100;10;/;20C
Rollei Retro 100;Fomadon R09;1+24;100;7.5;/;20C
Rollei Retro 100;FX-19;stock;100;9;9;20C
Rollei Retro 100;FX-37;1+3;160;4;4;20C
Rollei Retro 100;FX-39;1+9;100;7.5;12;20C
Rollei Retro 100;HC-110;B;80;7;/;20C
Rollei Retro 100;HC-110;B;100;7;7;20C
Rollei Retro 100;HC-110;B;800;20;/;20C
Rollei Retro 100;ID-11;1+1;100;13.5;13.5;20C
Rollei Retro 100;ID-11;stock;100;9;9;20C
Rollei Retro 100;ID-11;stock;400;20;/;20C
Rollei Retro 100;Ilfosol 3;1+14;80;8.5;8.5;20C
Rollei Retro 100;Ilfosol 3;1+9;80;6;6;20C
Rollei Retro 100;Ilfosol 3;1+14;100;7;7;24C
Rollei Retro 100;Ilfosol 3;1+9;100;5;5;24C
Rollei Retro 100;Ilfotec DD;stock;50;8.5;/;24C
Rollei Retro 100;Ilfotec DD;stock;100;12.5;/;24C
Rollei Retro 100;Ilfotec DD-X;1+4;50;6;6;20C
Rollei Retro 100;Ilfotec DD-X;1+4;100;7;7;20C
Rollei Retro 100;Ilfotec DD-X;1+4;200;8;8;20C
Rollei Retro 100;Ilfotec HC;1+31;100;7.5;7.5;20C
Rollei Retro 100;Ilfotec LC29;1+19;100;7.5;7.5;20C
Rollei Retro 100;Ilfotec LC29;1+29;100;9;9;20C
Rollei Retro 100;Microdol-X;1+3;100;20;20;20C
Rollei Retro 100;Microdol-X;stock;100;13;13;20C
Rollei Retro 100;Microphen;stock;100;9;9;20C
Rollei Retro 100;Neofin Blue;stock;100;14;14;20C
Rollei Retro 100;Neopress HC;1+15;100;2.5;/;20C
Rollei Retro 100;Neopress HC;1+31;100;4;/;20C
Rollei Retro 100;Neopress HC;1+31;100;2.5;/;20C
Rollei Retro 100;Nucleol BF200;4+3;100;4.5;4.5;20C
Rollei Retro 100;Paranol S;1+25;100;18;18;20C
Rollei Retro 100;Paranol S;1+50;100;40;40;20C
Rollei Retro 100;PC-TEA;1+100;100;/;18;20C
Rollei Retro 100;PC-TEA;1+50;100;10;/;20C
Rollei Retro 100;Perceptol;1+1;100;18;18;19C
Rollei Retro 100;Perceptol;stock;100;9;9;20C
Rollei Retro 100;PMK;11+20+1000;25;10.5;10.5;21C
Rollei Retro 100;PMK;1+2+100;100;13;13;20C
Rollei Retro 100;Promicrol;1+9;150;7;7;20C
Rollei Retro 100;Promicrol;1+14;150;11;11;20C
Rollei Retro 100;Promicrol;1+9;200;7;7;20C
Rollei Retro 100;Promicrol;1+14;200;11;11;20C
Rollei Retro 100;Promicrol;1+9;360;10;/;20C
Rollei Retro 100;Pyrocat-HD;1+1+100;100;20;/;20C
Rollei Retro 100;Pyrocat-HD-M;1+5+100;100;/;15;20C
Rollei Retro 100;Rodinal;1+50;50;11.5;/;20C
Rollei Retro 100;Rodinal;1+24;64;7.5;/;20C
Rollei Retro 100;Rodinal;1+50;80;/;12;20C
Rollei Retro 100;Rodinal;1+50;100;13;13;20C
Rollei Retro 100;Rodinal;1+25;125;8;8;20C
Rollei Retro 100;Rodinal;1+25;160;9.5;/;20C
Rollei Retro 100;Rodinal;1+50;160;17;17;20C
Rollei Retro 100;Rodinal;1+25;200;11;11;20C
Rollei Retro 100;Rodinal;1+50;200;21.5;/;20C
Rollei Retro 100;Rodinal;1+25;400;15;/;20C
Rollei Retro 100;Rodinal;1+50;400;29;/;20C
Rollei Retro 100;Rollei D74;1+15;100;8.5;8.5;20C
Rollei Retro 100;Rollei D74;1+7;100;5.5;5.5;20C
Rollei Retro 100;Rollei D74;1+9;100;6;6;20C
Rollei Retro 100;Rollei D74;1+15;200;10.5;10.5;20C
Rollei Retro 100;Rollei D74;1+7;200;6.5;6.5;20C
Rollei Retro 100;Rollei D74;1+9;200;7.5;7.5;20C
Rollei Retro 100;Rollei RLS Low Speed;1+4;50;12;/;24C
Rollei Retro 100;Rollei RLS Low Speed;1+4;100;13;/;24C
Rollei Retro 100;Silberra Ascorol;1+29;100;9;9;20C
Rollei Retro 100;Sprint Standard;1+9;100;8.5;/;20C
Rollei Retro 100;Spur 2525;1+15;80;6;6;20C
Rollei Retro 100;Spur HRX;1+20;64;10;10;20C
Rollei Retro 100;Spur SLD;1+9;100;4;4;20C
Rollei Retro 100;Studional;1+15;64;3.5;/;20C
Rollei Retro 100;Studional;1+29;64;7;/;20C
Rollei Retro 100;Studional;1+15;100;4;4;20C
Rollei Retro 100;Studional;1+15;100;3.5;/;20C
Rollei Retro 100;Studional;1+15;125;4;4;20C
Rollei Retro 100;Studional;1+15;200;6;6;20C
Rollei Retro 100;Suprol;1+19;100;3.25;3.25;20C
Rollei Retro 100;Tanol;1+1+100;80;13.5;13.5;24C
Rollei Retro 100;TFX-2;stock;160;17;17;20C
Rollei Retro 100;TMax Dev;1+19;100;16.5;/;20C
Rollei Retro 100;TMax Dev;1+4;100;6.5;6.5;20C
Rollei Retro 100;TMax Dev;1+9;100;10;/;20C
Rollei Retro 100;TMax Dev;1+9;125;9.5;9.5;24C
Rollei Retro 100;TMax RS;stock;100;5;5;20C
Rollei Retro 100;Ultrafin;1+10;100;10;10;20C
Rollei Retro 100;Ultrafin;1+20;100;13;13;20C
Rollei Retro 100;Ultrafin T-Plus;1+4;100;10;10;20C
Rollei Retro 100;WD2D+;stock;100;/;/;20C
Rollei Retro 100;Xtol;1+1;25;8;8;20C
Rollei Retro 100;Xtol;1+2;25;12;12;20C
Rollei Retro 100;Xtol;1+3;25;15.25;15.25;20C
Rollei Retro 100;Xtol;stock;25;5.75;5.75;20C
Rollei Retro 100;Xtol;1+1;50;8;8;20C
Rollei Retro 100;Xtol;1+2;50;12;12;20C
Rollei Retro 100;Xtol;1+3;50;15.25;15.25;20C
Rollei Retro 100;Xtol;stock;50;5.75;5.75;20C
Rollei Retro 100;Xtol;1+1;100;9.75;9.75;20C
Rollei Retro 100;Xtol;1+2;100;13.75;13.75;20C
Rollei Retro 100;Xtol;1+3;100;17.25;17.25;20C
Rollei Retro 100;Xtol;stock;100;6.75;6.75;20C
Rollei Retro 100;Xtol;1+1;200;12;12;20C
Rollei Retro 100;Xtol;1+2;200;15.25;15.25;20C
Rollei Retro 100;Xtol;1+3;200;19.5;19.5;20C
Rollei Retro 100;Xtol;stock;200;8.75;8.75;20C
Rollei Retro 100;Xtol;1+1;400;15.5;15.5;20C
Rollei Retro 100;Xtol;1+2;400;18.75;18.75;20C
Rollei Retro 100;Xtol;1+3;400;23;23;20C
Rollei Retro 100;Xtol;stock;400;11;11;20C
Rollei Retro 100;Xtol;1+1;800;22;22;20C
Rollei Retro 100;Xtol;1+2;800;23;23;20C
Rollei Retro 100;Xtol;1+3;800;29;29;20C
Rollei Retro 100;Xtol;stock;800;13;13;20C
Rollei Retro 100 Tonal;Acurol-N;1+50;50;11;/;20C
Rollei Retro 100 Tonal;D-76;stock;100;7;7;20C
Rollei Retro 100 Tonal;Eco Pro;1+2;100;16;16;20C
Rollei Retro 100 Tonal;Ecoprint Universal;1+12;100;5;5;20C
Rollei Retro 100 Tonal;HC-110;B;100;5;5;20C
Rollei Retro 100 Tonal;ID-11;stock;100;7;7;20C
Rollei Retro 100 Tonal;Ilfotec HC;1+15;100;7;7;20C
Rollei Retro 100 Tonal;Microphen;stock;200;7;7;20C
Rollei Retro 100 Tonal;MZB;stock;64;10+7.5;10+7.5;24C
Rollei Retro 100 Tonal;Perceptol;stock;50;9;9;20C
Rollei Retro 100 Tonal;Promicrol;1+14;100;10;10;20C
Rollei Retro 100 Tonal;Promicrol;1+9;100;6.5;6.5;20C
Rollei Retro 100 Tonal;Rodinal;1+50;100;13;13;20C
Rollei Retro 100 Tonal;Rodinal;1+99;200;60;60;21C
Rollei Retro 100 Tonal;Rollei RLC Low Contrast;1+4;100;8;8;20C
Rollei Retro 100 Tonal;Rollei RLS Low Speed;1+4;50;14;14;24C
Rollei Retro 100 Tonal;Spur HRX;1+13;64;13;13;20C
Rollei Retro 100 Tonal;TMax Dev;1+4;100;6;6;20C
Rollei Retro 100 Tonal;Ultrafin;1+10;100;7;7;20C
Rollei Retro 100 Tonal;Ultrafin;1+20;100;9;9;20C
Rollei Retro 100 Tonal;Uncle Mort's;1+9;100;6.5;6.5;20C
Rollei Retro 100 Tonal;Xtol;1+2;100;16;16;20C
Rollei Retro 400;510-Pyro;1+100;320;/;11;20C
Rollei Retro 400;Amaloco AM74;1+7;400;5;5;20C
Rollei Retro 400;Amaloco AM74;1+7;800;6.5;6.5;20C
Rollei Retro 400;Arista Liquid;1+9;400;8;8;20C
Rollei Retro 400;Arista Liquid;1+9;400;6;6;24C
Rollei Retro 400;Arista Liquid;1+19;800;12;12;24C
Rollei Retro 400;Arista Premium;1+9;400;7.5;7.5;20C
Rollei Retro 400;Atomal 49;stock;400;9;9;20C
Rollei Retro 400;D-23;stock;100;12;12;20C
Rollei Retro 400;D-76;1+1;250;11;11;20C
Rollei Retro 400;D-76;1+3;400;27;/;20C
Rollei Retro 400;D-76;stock;400;12;12;20C
Rollei Retro 400;D-76;stock;400;10;10;20C
Rollei Retro 400;D-76;1+1;400;11;11;20C
Rollei Retro 400;Eco Pro;1+4;100;6.5;/;20C
Rollei Retro 400;Eco Pro;1+1;400;13.5;13.5;20C
Rollei Retro 400;Eco Pro;1+1;400;10.5;/;20C
Rollei Retro 400;Eco Pro;1+2;400;12;/;20C
Rollei Retro 400;Eco Pro;1+3;400;12.75;/;20C
Rollei Retro 400;Eco Pro;stock;400;8;/;20C
Rollei Retro 400;Eco Pro;1+2;1600;18;/;20C
Rollei Retro 400;Eco Pro;1+1;3200;21;/;20C
Rollei Retro 400;Emofin;stock;400;6+6;6+6;20C
Rollei Retro 400;Extend Plus;1+15;400;12;12;20C
Rollei Retro 400;F76+;1+9;400;8;8;20C
Rollei Retro 400;F76+;1+9;400;9;/;21C
Rollei Retro 400;F76+;1+9;400;6;6;24C
Rollei Retro 400;F76+;1+19;800;12;12;24C
Rollei Retro 400;FD10;1+14;400;12;12;20C
Rollei Retro 400;FD10;1+9;400;7;7;20C
Rollei Retro 400;Foma W-17 Hydrofen;1+1;400;11;/;20C
Rollei Retro 400;Foma W-17 Hydrofen;1+1;6400;85;/;20C
Rollei Retro 400;Fomadon LQN;1+7;400;11;/;20C
Rollei Retro 400;Fomadon P;stock;400;13;/;20C
Rollei Retro 400;FX-19;stock;100;10;10;20C
Rollei Retro 400;FX-39;1+9;400;11;15;20C
Rollei Retro 400;HC-110;C;100;/;7.5;20C
Rollei Retro 400;HC-110;B;400;6;6;20C
Rollei Retro 400;HC-110;H;400;12;/;20C
Rollei Retro 400;ID-11;1+1;250;11;11;20C
Rollei Retro 400;ID-11;stock;400;12;12;20C
Rollei Retro 400;ID-11;stock;400;10;10;20C
Rollei Retro 400;ID-11;1+1;400;11;11;20C
Rollei Retro 400;Ilfosol 3;1+14;320;14.5;14.5;20C
Rollei Retro 400;Ilfosol 3;1+9;320;9;9;20C
Rollei Retro 400;Ilfosol 3;1+14;400;12;12;24C
Rollei Retro 400;Ilfotec DD;stock;200;8;/;24C
Rollei Retro 400;Ilfotec DD;stock;400;9;/;24C
Rollei Retro 400;Ilfotec DD;stock;800;10;/;24C
Rollei Retro 400;Ilfotec DD;stock;1600;14;/;24C
Rollei Retro 400;Ilfotec DD-X;1+4;200;10;10;20C
Rollei Retro 400;Ilfotec DD-X;1+4;400;12;12;20C
Rollei Retro 400;Ilfotec DD-X;1+4;800;15;15;20C
Rollei Retro 400;Ilfotec LC29;1+29;320;15;15;20C
Rollei Retro 400;Microdol-X;stock;320;13;13;20C
Rollei Retro 400;Microphen;1+1;400;11;11;20C
Rollei Retro 400;Microphen;stock;1600;16;/;20C
Rollei Retro 400;Microphen;1+1;6400;55;55;20C
Rollei Retro 400;Neofin Blue;1+10;400;13;13;20C
Rollei Retro 400;Neofin Blue;stock;400;20;20;20C
Rollei Retro 400;Neopress HC;1+15;400;2;/;20C
Rollei Retro 400;Neopress HC;1+15;400;3.5;/;20C
Rollei Retro 400;Neopress HC;1+31;400;4;/;20C
Rollei Retro 400;Neopress HC;1+31;400;7;/;20C
Rollei Retro 400;Neopress HC;1+15;800;3.5;/;20C
Rollei Retro 400;Neopress HC;1+15;1600;6;/;20C
Rollei Retro 400;Parodinal;1+50;400;/;20;20C
Rollei Retro 400;Perceptol;stock;320;16;16;20C
Rollei Retro 400;Promicrol;1+14;400;13;/;20C
Rollei Retro 400;Promicrol;1+14;400;8.75;/;24C
Rollei Retro 400;Promicrol;1+9;400;8.75;/;20C
Rollei Retro 400;Promicrol;1+9;400;6;/;24C
Rollei Retro 400;Promicrol;1+14;600;13;13;20C
Rollei Retro 400;Promicrol;1+9;600;8;8;20C
Rollei Retro 400;Promicrol;1+14;800;13;13;20C
Rollei Retro 400;Promicrol;1+9;800;8;8;20C
Rollei Retro 400;Promicrol;1+14;1600;20;/;20C
Rollei Retro 400;Promicrol;1+14;1600;14;/;24C
Rollei Retro 400;Promicrol;1+9;1600;14;/;20C
Rollei Retro 400;Promicrol;1+9;1600;9.5;/;24C
Rollei Retro 400;Pyrocat-HD;1+1+250;200;/;50;20C
Rollei Retro 400;Pyrocat-HD;1+1+250;400;/;60;20C
Rollei Retro 400;Rodinal;1+100;200;15;15;20C
Rollei Retro 400;Rodinal;1+50;200;10;/;20C
Rollei Retro 400;Rodinal;1+24;250;5;/;20C
Rollei Retro 400;Rodinal;1+49;250;8;/;20C
Rollei Retro 400;Rodinal;1+25;320;10;10;20C
Rollei Retro 400;Rodinal;1+50;320;30;30;20C
Rollei Retro 400;Rodinal;1+25;320;7;7;20C
Rollei Retro 400;Rodinal;1+50;320;11;11;20C
Rollei Retro 400;Rodinal;1+100;400;17;/;24C
Rollei Retro 400;Rodinal;1+25;400;7;7;20C
Rollei Retro 400;Rodinal;1+50;500;11;11;20C
Rollei Retro 400;Rodinal;1+100;800;22;/;24C
Rollei Retro 400;Rodinal;1+25;800;14;/;20C
Rollei Retro 400;Rollei RLS Low Speed;1+4;200;12;/;24C
Rollei Retro 400;Rollei RLS Low Speed;1+4;400;13;/;24C
Rollei Retro 400;Silberra Ascorol;1+29;400;10;10;20C
Rollei Retro 400;Sprint Standard;1+9;400;15;/;20C
Rollei Retro 400;Spur 2525;1+9;320;7.5;7.5;20C
Rollei Retro 400;Spur HRX;1+17;320;15;15;20C
Rollei Retro 400;Studional;1+15;200;5;/;19C
Rollei Retro 400;Studional;1+15;400;6;6;20C
Rollei Retro 400;Studional;1+15;400;4.5;4.5;20C
Rollei Retro 400;Suprol;1+19;400;5;5;20C
Rollei Retro 400;Tanol;1+1+100;250;14.5;14.5;24C
Rollei Retro 400;TFX-2;1+1+18;400;19;/;20C
Rollei Retro 400;TMax Dev;1+9;250;12;12;24C
Rollei Retro 400;TMax Dev;1+4;400;7;7;20C
Rollei Retro 400;TMax Dev;1+4;400;12;12;20C
Rollei Retro 400;TMax Dev;1+4;1600;15;/;20C
Rollei Retro 400;TMax RS;stock;200;5;5;20C
Rollei Retro 400;TMax RS;stock;320;6;6;20C
Rollei Retro 400;Ultrafin;1+10;400;15;15;20C
Rollei Retro 400;WD2D+;stock;400;/;/;20C
Rollei Retro 400;Xtol;1+4;100;6.5;/;20C
Rollei Retro 400;Xtol;1+1;400;13.5;13.5;20C
Rollei Retro 400;Xtol;1+1;400;10.5;/;20C
Rollei Retro 400;Xtol;1+2;400;12;/;20C
Rollei Retro 400;Xtol;1+3;400;12.75;/;20C
Rollei Retro 400;Xtol;stock;400;8;/;20C
Rollei Retro 400;Xtol;1+2;1600;18;/;20C
Rollei Retro 400;Xtol;1+1;3200;21;/;20C
Rollei Retro 400S;ACU-1;1+5;400;18;18;20C
Rollei Retro 400S;Acufine;stock;200;17;17;20C
Rollei Retro 400S;Acufine;stock;400;17;17;20C
Rollei Retro 400S;ADX II;1+24;160;11;11;20C
Rollei Retro 400S;Atomal 49;1+1;400;15;15;20C
Rollei Retro 400S;Beutler;1+1+10;160;9.5;9.5;20C
Rollei Retro 400S;Beutler;1+1+8;400;11.5;11.5;20C
Rollei Retro 400S;D-23;1+3;320;20;20;20C
Rollei Retro 400S;D-76;1+1;400;16;16;20C
Rollei Retro 400S;D-76;1+3;400;18;18;20C
Rollei Retro 400S;D-76;stock;400;10.5;10.5;20C
Rollei Retro 400S;D-76;1+1;400;24;24;19C
Rollei Retro 400S;D-76;1+3;800;36;36;20C
Rollei Retro 400S;Diafine;stock;640;4+4;4+4;20C
Rollei Retro 400S;Diafine;stock;800;4+4;4+4;20C
Rollei Retro 400S;Eco Pro;1+2;200;13;13;20C
Rollei Retro 400S;Eco Pro;1+2;400;17;17;20C
Rollei Retro 400S;Eco Pro;stock;400;12;12;20C
Rollei Retro 400S;Emofin;stock;400;9+9;9+9;20C
Rollei Retro 400S;FD10;1+9;400;12;12;20C
Rollei Retro 400S;Finol;1+1+100;320;15;15;24C
Rollei Retro 400S;Foma Universal;1+3;400;10.5;10.5;20C
Rollei Retro 400S;Fomadon Excel;stock;400;9.5;9.5;20C
Rollei Retro 400S;Fomadon R09;1+20;400;7;7;20C
Rollei Retro 400S;Fomadon R09;1+25;1600;20;20;20C
Rollei Retro 400S;HC-110;B;400;6.5;6.5;20C
Rollei Retro 400S;HC-110;H;400;13;13;20C
Rollei Retro 400S;ID-11;1+1;400;16;16;20C
Rollei Retro 400S;ID-11;1+3;400;18;18;20C
Rollei Retro 400S;ID-11;stock;400;10.5;10.5;20C
Rollei Retro 400S;ID-11;1+1;400;24;24;19C
Rollei Retro 400S;Ilfosol 3;1+14;400;15;15;20C
Rollei Retro 400S;Ilfotec HC;1+31;400;12;12;20C
Rollei Retro 400S;Ilfotec LC29;1+19;400;12;12;20C
Rollei Retro 400S;Ilfotec LC29;1+19;800;16;16;20C
Rollei Retro 400S;Kalogen;1+60;400;19;19;20C
Rollei Retro 400S;Microphen;stock;200;7;7;20C
Rollei Retro 400S;Microphen;stock;400;9;9;20C
Rollei Retro 400S;MZB;stock;150;8;8;24C
Rollei Retro 400S;Paranol S;1+25;400;4;4;20C
Rollei Retro 400S;Paranol S;1+50;400;7;7;20C
Rollei Retro 400S;PC-TEA;1+50;320;11;11;20C
Rollei Retro 400S;PMK;1+2+100;12;17;17;21C
Rollei Retro 400S;Pyrocat-HD;1+1+100;200;14;14;22C
Rollei Retro 400S;Rodinal;1+100;400;60;60;20C
Rollei Retro 400S;Rodinal;1+100;400;20;20;22C
Rollei Retro 400S;Rodinal;1+25;400;10.5;10.5;20C
Rollei Retro 400S;Rodinal;1+50;400;22;22;20C
Rollei Retro 400S;Rollei D74;1+7;200;9.5;9.5;20C
Rollei Retro 400S;Rollei D74;1+9;320;10.5;10.5;20C
Rollei Retro 400S;Rollei D74;1+7;400;9.5;9.5;20C
Rollei Retro 400S;Rollei RLC Low Contrast;1+4;200;9;9;20C
Rollei Retro 400S;Rollei RLC Low Contrast;1+4;400;10.25;10.25;20C
Rollei Retro 400S;Rollei RLS Low Speed;1+4;200;14.5;14.5;24C
Rollei Retro 400S;Silberra Ascorol;1+29;400;10;10;20C
Rollei Retro 400S;Spur HRX;1+11;40;12;12;20C
Rollei Retro 400S;Spur SLD;1+29;200;11;11;20C
Rollei Retro 400S;Studional;1+32;250;17;17;20C
Rollei Retro 400S;Studional;1+15;400;8.5;8.5;20C
Rollei Retro 400S;Tanol;1+1+100;200;19.5;19.5;24C
Rollei Retro 400S;Tanol Speed;1+1+100;400;18;18;24C
Rollei Retro 400S;TMax Dev;1+4;400;9.5;9.5;20C
Rollei Retro 400S;Ultrafin;1+4;100;4;4;20C
Rollei Retro 400S;Ultrafin;1+4;200;6;6;20C
Rollei Retro 400S;Ultrafin;1+10;400;15;15;20C
Rollei Retro 400S;Ultrafin;1+4;400;8;8;20C
Rollei Retro 400S;Ultrafin;1+20;400;23;23;20C
Rollei Retro 400S;Ultrafin T-Plus;1+4;400;4;4;20C
Rollei Retro 400S;Xtol;1+2;200;13;13;20C
Rollei Retro 400S;Xtol;1+2;400;17;17;20C
Rollei Retro 400S;Xtol;stock;400;12;12;20C
Rollei Retro 80S;Acufine;stock;80;4.5;4.5;20C
Rollei Retro 80S;Acufine;stock;100;5;5;20C
Rollei Retro 80S;Acurol-N;1+70;20;10-11;10-11;20C
Rollei Retro 80S;Adox HR-DEV;1+40;25;10;10;20C
Rollei Retro 80S;ADX II;1+24;40;6.5;6.5;20C
Rollei Retro 80S;Atomal 49;1+1;65;13;13;20C
Rollei Retro 80S;Beutler;1+1+8;80;9;9;20C
Rollei Retro 80S;Beutler;1+1+8;100;10;10;20C
Rollei Retro 80S;Burton 195;stock;80;60;60;20C
Rollei Retro 80S;Caffenol C;stock;64;12;12;20C
Rollei Retro 80S;Caffenol C;stock;80;12;12;20C
Rollei Retro 80S;D-23;stock;50;7;7;20C
Rollei Retro 80S;D-23;1+1;80;13;13;20C
Rollei Retro 80S;D-76;stock;20;9;9;20C
Rollei Retro 80S;D-76;stock;40;10.5;10.5;20C
Rollei Retro 80S;D-76;1+1;80;12.5;12.5;20C
Rollei Retro 80S;Diafine;stock;40;5+3;5+3;22C
Rollei Retro 80S;Diafine;stock;80;5+3;5+3;22C
Rollei Retro 80S;Diafine;stock;200;3+3;3+3;20C
Rollei Retro 80S;Eco Pro;1+2;40;9.5;9.5;20C
Rollei Retro 80S;Eco Pro;1+1;64;9;9;23C
Rollei Retro 80S;Eco Pro;1+2;64;11;11;20C
Rollei Retro 80S;Eco Pro;1+2;80;12;12;20C
Rollei Retro 80S;Eco Pro;1+1;80;8;8;20C
Rollei Retro 80S;Eco Pro;1+1;200;15;15;21C
Rollei Retro 80S;Eco Pro;1+1;400;20;20;24C
Rollei Retro 80S;Finol;1+1+100;80;8;8;24C
Rollei Retro 80S;FX-1;stock;50;10;10;20C
Rollei Retro 80S;FX-39;1+19;64;13;13;20C
Rollei Retro 80S;HC-110;G;50;20;20;20C
Rollei Retro 80S;HC-110;B;80;5;5;20C
Rollei Retro 80S;HC-110;E;80;5;5;20C
Rollei Retro 80S;HC-110;H;80;15;15;20C
Rollei Retro 80S;HC-110;H;80;10;10;24C
Rollei Retro 80S;HC-110;H;160;11;11;24C
Rollei Retro 80S;ID-11;stock;20;9;9;20C
Rollei Retro 80S;ID-11;stock;40;10.5;10.5;20C
Rollei Retro 80S;ID-11;1+1;80;12.5;12.5;20C
Rollei Retro 80S;Ilfosol 3;1+9;80;5;5;20C
Rollei Retro 80S;Ilfotec DD-X;1+4;80;4.5;4.5;20C
Rollei Retro 80S;Ilfotec DD-X;1+4;100;6.5;6.5;20C
Rollei Retro 80S;Ilfotec HC;1+63;64;12;12;23C
Rollei Retro 80S;Ilfotec LC29;1+29;80;11;11;20C
Rollei Retro 80S;Microdol-X;1+3;40;14.5;14.5;22C
Rollei Retro 80S;Microdol-X;1+3;80;15;15;20C
Rollei Retro 80S;Microphen;stock;80;9;9;20C
Rollei Retro 80S;Neofin Blue;1+16;50;5;5;20C
Rollei Retro 80S;Neofin Blue;1+16;80;6;6;20C
Rollei Retro 80S;Perceptol;1+3;25;12.5;12.5;20C
Rollei Retro 80S;Perceptol;1+3;80;18;18;20C
Rollei Retro 80S;PMK;1+2+100;80;13;13;20C
Rollei Retro 80S;PMK;1+2+100;80;9;9;24C
Rollei Retro 80S;Pyrocat-HD;1+1+100;50;13;13;20C
Rollei Retro 80S;Pyrocat-HD;1+1+100;75;13;13;20C
Rollei Retro 80S;Pyrocat-HD;1+1+250;100;45;45;20.5C
Rollei Retro 80S;Rodinal;1+200;25;25;25;25C
Rollei Retro 80S;Rodinal;1+50;40;10;10;20C
Rollei Retro 80S;Rodinal;1+50;50;11;11;20C
Rollei Retro 80S;Rodinal;1+100;64;40;40;20C
Rollei Retro 80S;Rodinal;1+200;80;65;65;20C
Rollei Retro 80S;Rodinal;1+25;80;8;8;20C
Rollei Retro 80S;Rodinal;1+100;80;60;60;20C
Rollei Retro 80S;Rodinal;1+50;80;14;14;20C
Rollei Retro 80S;Rodinal;1+200;100;110;110;20C
Rollei Retro 80S;Rollei D74;1+15;50;5;5;20C
Rollei Retro 80S;Rollei D74;1+15;80;5.5;5.5;20C
Rollei Retro 80S;Rollei RLS Low Speed;1+4;25;9.5;9.5;24C
Rollei Retro 80S;Rollei RLS Low Speed;1+4;50;12.5;12.5;24C
Rollei Retro 80S;Rollei RLS Low Speed;1+4;50;13.5;13.5;20C
Rollei Retro 80S;Rollei RPX-D;1+19;40;8;8;20C
Rollei Retro 80S;Rollei Supergrain;1+12;80;8;8;20C
Rollei Retro 80S;Spur 2525;1+19;40;5;5;20C
Rollei Retro 80S;Spur HRX;1+17;20;8;8;20C
Rollei Retro 80S;Spur SLD;1+29;50;5.5;5.5;20C
Rollei Retro 80S;Studional;1+31;64;8;8;20C
Rollei Retro 80S;Suprol;1+39;64;4.25;4.25;20C
Rollei Retro 80S;TMax Dev;1+4;80;7;7;20C
Rollei Retro 80S;Ultrafin;1+20;80;11;11;20C
Rollei Retro 80S;WD2D+;1+1+50;80;7;7;23.5C
Rollei Retro 80S;Xtol;1+2;40;9.5;9.5;20C
Rollei Retro 80S;Xtol;1+1;64;9;9;23C
Rollei Retro 80S;Xtol;1+2;64;11;11;20C
Rollei Retro 80S;Xtol;1+2;80;12;12;20C
Rollei Retro 80S;Xtol;1+1;80;8;8;20C
Rollei Retro 80S;Xtol;1+1;200;15;15;21C
Rollei Retro 80S;Xtol;1+1;400;20;20;24C
Rollei RPX 25;Adox HR-DEV;1+40;100;10;10;20C
Rollei RPX 25;ADX II;1+24;25;6;6;20C
Rollei RPX 25;Atomal 49;1+1;32;10.5;10.5;20C
Rollei RPX 25;Bellini Hydrofen;1+31;25;7;7;20C
Rollei RPX 25;Bellini Hydrofen;1+15;25;5.5;5.5;20C
Rollei RPX 25;D-76;1+1;25;8;8;20C
Rollei RPX 25;Eco Pro;1+1;25;8;8;20C
Rollei RPX 25;FX-39;1+9;25;8;8;20C
Rollei RPX 25;FX-5;1+2;20;12;12;20C
Rollei RPX 25;HC-110;B;25;5;5;20C
Rollei RPX 25;HC-110;D;25;7;7;20C
Rollei RPX 25;ID-11;1+1;25;8;8;20C
Rollei RPX 25;Ilfosol 3;1+9;25;5;5;20C
Rollei RPX 25;Perceptol;1+1;25;10;10;20C
Rollei RPX 25;Rodinal;1+50;25;11;11;20C
Rollei RPX 25;Rodinal;1+25;25;6;6;20C
Rollei RPX 25;Rollei RLS Low Speed;1+4;25;12;12;24C
Rollei RPX 25;Rollei Supergrain;1+15;25;6.5;6.5;20C
Rollei RPX 25;Rollei Supergrain;1+12;25;5;5;20C
Rollei RPX 25;Studional;1+15;25;5.5;5.5;20C
Rollei RPX 25;Studional;1+31;25;7;7;20C
Rollei RPX 25;TMax Dev;1+9;25;12;12;20C
Rollei RPX 25;Ultrafin;1+20;25;9;9;20C
Rollei RPX 25;Xtol;1+2;25;7.5;7.5;24C
Rollei RPX 25;Xtol;1+1;25;8;8;20C
Rollei RPX 100;ACU-1;1+10;100;9;9;20C
Rollei RPX 100;ACU-1;1+10;200;10.5;10.5;20C
Rollei RPX 100;Adox HR-DEV;1+35;100;12;12;20C
Rollei RPX 100;Ars-Imago FD;1+39;100;3.5;3.5;20C
Rollei RPX 100;Ars-Imago FD;1+59;100;4.5;4.5;20C
Rollei RPX 100;Ars-Imago FD;1+39;200;5.5;5.5;20C
Rollei RPX 100;Bellini Hydrofen;1+59;100;4.5;4.5;20C
Rollei RPX 100;Bellini Hydrofen;1+39;100;3.5;3.5;20C
Rollei RPX 100;Bellini Hydrofen;1+15;100;6;6;20C
Rollei RPX 100;Bellini Hydrofen;1+39;200;4;4;20C
Rollei RPX 100;Berspeed;1+1;100;11;11;20C
Rollei RPX 100;Berspeed;1+1;100;8;8;24C
Rollei RPX 100;Beutler;1+1+10;100;5;5;20C
Rollei RPX 100;D-76;1+3;50;17;17;20C
Rollei RPX 100;D-76;stock;50;6.5;6.5;20C
Rollei RPX 100;D-76;1+1;50;8;8;20C
Rollei RPX 100;D-76;stock;100;8.5;8.5;20C
Rollei RPX 100;D-76;1+3;100;20;20;20C
Rollei RPX 100;D-76;1+1;100;11;11;20C
Rollei RPX 100;D-76;stock;200;10;10;20C
Rollei RPX 100;D-76;1+1;200;15;15;20C
Rollei RPX 100;Diafine;stock;200;3+3;3+3;20C
Rollei RPX 100;Eco Pro;stock;50;6.5;6.5;20C
Rollei RPX 100;Eco Pro;1+1;50;8.5;8.5;20C
Rollei RPX 100;Eco Pro;1+1;100;10;10;20C
Rollei RPX 100;Eco Pro;stock;100;8;8;20C
Rollei RPX 100;Foma Universal;1+3;100;9.5;9.5;20C
Rollei RPX 100;Fomadon R09;1+20;100;9;9;20C
Rollei RPX 100;FX-39;1+9;100;7.5;7.5;20C
Rollei RPX 100;HC-110;B;50;6;6;20C
Rollei RPX 100;HC-110;B;100;7-9;7-9;20C
Rollei RPX 100;HC-110;A;100;4.5;4.5;20C
Rollei RPX 100;HC-110;A;200;6;6;20C
Rollei RPX 100;HC-110;B;200;12;12;20C
Rollei RPX 100;ID-11;1+1;50;9;9;20C
Rollei RPX 100;ID-11;1+3;50;18;18;20C
Rollei RPX 100;ID-11;stock;50;7;7;20C
Rollei RPX 100;ID-11;1+1;100;12;12;20C
Rollei RPX 100;ID-11;stock;100;9;9;20C
Rollei RPX 100;ID-11;1+1;200;16;16;20C
Rollei RPX 100;ID-11;stock;200;11;11;20C
Rollei RPX 100;Ilfosol 3;1+9;100;5;5;20C
Rollei RPX 100;Ilfosol 3;1+14;100;7.5;7.5;20C
Rollei RPX 100;Ilfotec DD-X;1+4;50;9;9;20C
Rollei RPX 100;Ilfotec DD-X;1+4;100;11;11;20C
Rollei RPX 100;Ilfotec DD-X;1+4;200;13;13;20C
Rollei RPX 100;Ilfotec HC;1+31;50;5.5;5.5;20C
Rollei RPX 100;Ilfotec HC;1+31;100;7;7;20C
Rollei RPX 100;Ilfotec HC;1+15;100;4.5;4.5;20C
Rollei RPX 100;Ilfotec HC;1+31;200;8.5;8.5;20C
Rollei RPX 100;Ilfotec HC;1+15;200;5.5;5.5;20C
Rollei RPX 100;Ilfotec LC29;1+19;50;6;6;20C
Rollei RPX 100;Ilfotec LC29;1+29;50;7.5;7.5;20C
Rollei RPX 100;Ilfotec LC29;1+19;100;7.5;7.5;20C
Rollei RPX 100;Ilfotec LC29;1+29;100;11;11;20C
Rollei RPX 100;Ilfotec LC29;1+19;200;8.5;8.5;20C
Rollei RPX 100;Microdol-X;stock;50;10;10;20C
Rollei RPX 100;Microdol-X;1+3;50;17;17;20C
Rollei RPX 100;Microdol-X;1+3;100;23;23;20C
Rollei RPX 100;Microdol-X;stock;100;15;15;20C
Rollei RPX 100;Microphen;stock;100;9;9;20C
Rollei RPX 100;Microphen;1+1;100;11;11;20C
Rollei RPX 100;Microphen;1+1;200;15;15;20C
Rollei RPX 100;Microphen;stock;200;9.5;9.5;20C
Rollei RPX 100;Paranol S;1+25;100;9;9;20C
Rollei RPX 100;Paranol S;1+50;100;18;18;20C
Rollei RPX 100;Perceptol;stock;50;10;10;20C
Rollei RPX 100;Perceptol;1+1;50;14;14;20C
Rollei RPX 100;Perceptol;stock;100;13;13;20C
Rollei RPX 100;Perceptol;1+1;100;16;16;20C
Rollei RPX 100;PMK;1+2+100;80;10;10;20C
Rollei RPX 100;PMK;1+2+100;100;10;10;21C
Rollei RPX 100;Promicrol;1+9;100;6;6;20C
Rollei RPX 100;Promicrol;1+9;200;9;9;20C
Rollei RPX 100;Pyrocat-HD;1+1+100;100;20;20;20C
Rollei RPX 100;Rodinal;1+25;25;5.25;5.25;20C
Rollei RPX 100;Rodinal;1+25;50;7;7;20C
Rollei RPX 100;Rodinal;1+100;100;35;35;20C
Rollei RPX 100;Rodinal;1+50;100;12;12;24C
Rollei RPX 100;Rodinal;1+50;100;18;17;20C
Rollei RPX 100;Rodinal;1+25;100;9;9;20C
Rollei RPX 100;Rodinal;1+25;200;13;13;20C
Rollei RPX 100;Rodinal;1+50;200;20.5;20.5;20C
Rollei RPX 100;Rollei RLS Low Speed;1+4;50;10;10;24C
Rollei RPX 100;Rollei RPX-D;1+15;100;6-6.5;6-6.5;20C
Rollei RPX 100;Silberra Ascorol;1+29;100;9;9;20C
Rollei RPX 100;Spur 2525;1+15;50;5;5;20C
Rollei RPX 100;Spur HRX;1+17;100;12;12;20C
Rollei RPX 100;Spur SLD;1+9;100;3.5;3.5;20C
Rollei RPX 100;Studional;1+15;100;3.5;3.5;20C
Rollei RPX 100;Tanol;1+1+100;80;15;15;20C
Rollei RPX 100;TMax Dev;1+4;100;4.5;4.5;20C
Rollei RPX 100;TMax Dev;1+4;200;9;9;20C
Rollei RPX 100;TMax RS;stock;100;5;5;20C
Rollei RPX 100;Uncle Mort's;1+9;100;6;6;20C
Rollei RPX 100;Xtol;stock;50;6.5;6.5;20C
Rollei RPX 100;Xtol;1+1;50;8.5;8.5;20C
Rollei RPX 100;Xtol;1+1;100;10;10;20C
Rollei RPX 100;Xtol;stock;100;8;8;20C
Rollei RPX 400;510-Pyro;1+100;1600;12;12;20C
Rollei RPX 400;ACU-1;1+10;800;11.5;11.5;20C
Rollei RPX 400;Acufine;stock;400;5;5;20C
Rollei RPX 400;Acufine;stock;800;6.5;6.5;20C
Rollei RPX 400;Acufine;stock;1600;9;9;20C
Rollei RPX 400;Acurol-N;1+50;200;10-11;10-11;20C
Rollei RPX 400;Acurol-N;1+50;200;10;10;20C
Rollei RPX 400;Adox HR-DEV;1+17;100;14;14;20C
Rollei RPX 400;Ars-Imago FD;1+39;100;4.5;4.5;20C
Rollei RPX 400;Ars-Imago FD;1+39;200;6.5;6.5;20C
Rollei RPX 400;Ars-Imago FD;1+39;400;9.5;9.5;20C
Rollei RPX 400;Atomal 49;1+1;400;13;13;20C
Rollei RPX 400;Bellini Hydrofen;1+39;100;4.5;4.5;20C
Rollei RPX 400;Bellini Hydrofen;1+39;200;6.5;6.5;20C
Rollei RPX 400;Bellini Hydrofen;1+39;400;9.5;9.5;20C
Rollei RPX 400;Bellini Hydrofen;1+15;400;5;5;20C
Rollei RPX 400;Berspeed;1+1;400;12.5;12.5;20C
Rollei RPX 400;Berspeed;1+1;400;9;9;24C
Rollei RPX 400;D-76;1+1;400;14;14;20C
Rollei RPX 400;D-76;stock;400;8;8;20C
Rollei RPX 400;D-76;1+3;400;28;28;20C
Rollei RPX 400;D-76;1+1;800;18;18;20C
Rollei RPX 400;D-76;stock;800;12;12;20C
Rollei RPX 400;D-76;stock;1600;15;15;20C
Rollei RPX 400;Diafine;stock;800;4+4;4+4;20C
Rollei RPX 400;Eco Pro;1+1;400;12;12;20C
Rollei RPX 400;Eco Pro;stock;400;9;9;20C
Rollei RPX 400;Eco Pro;1+1;800;14.5;14.5;20C
Rollei RPX 400;Eco Pro;stock;800;10.5;10.5;20C
Rollei RPX 400;Eco Pro;1+1;1600;18;18;20C
Rollei RPX 400;Eco Pro;stock;1600;13;13;20C
Rollei RPX 400;Eco Pro;1+1;1600;15;15;24C
Rollei RPX 400;Eco Pro;stock;3200;17.5;17.5;20C
Rollei RPX 400;Emofin;stock;400;6+6;6+6;20C
Rollei RPX 400;Foma Universal;1+3;400;10;10;20C
Rollei RPX 400;FX-39;1+9;400;11;11;20C
Rollei RPX 400;HC-110;B;400;6;6;20C
Rollei RPX 400;HC-110;E;400;9;9;20C
Rollei RPX 400;HC-110;B;800;7.5;7.5;20C
Rollei RPX 400;HC-110;A;1600;5.5;5.5;20C
Rollei RPX 400;HC-110;B;1600;11;11;20C
Rollei RPX 400;HC-110;A;3200;9.5;9.5;20C
Rollei RPX 400;ID-11;1+1;400;14;14;20C
Rollei RPX 400;ID-11;stock;400;8;8;20C
Rollei RPX 400;ID-11;1+3;400;25.5;25.5;20C
Rollei RPX 400;ID-11;1+1;800;18;18;20C
Rollei RPX 400;ID-11;stock;800;11;11;20C
Rollei RPX 400;ID-11;stock;1600;15;15;20C
Rollei RPX 400;Ilfosol 3;1+9;400;6.5;6.5;20C
Rollei RPX 400;Ilfosol 3;1+14;400;11;11;20C
Rollei RPX 400;Ilfosol 3;1+14;400;20;20;20C
Rollei RPX 400;Ilfosol 3;1+9;800;15;15;20C
Rollei RPX 400;Ilfosol 3;1+14;800;25;25;20C
Rollei RPX 400;Ilfotec DD-X;1+4;400;10;10;20C
Rollei RPX 400;Ilfotec DD-X;1+4;800;12;12;20C
Rollei RPX 400;Ilfotec HC;1+15;400;4;4;20C
Rollei RPX 400;Ilfotec HC;1+31;400;6.5;6.5;20C
Rollei RPX 400;Ilfotec HC;1+15;800;5.5;5.5;20C
Rollei RPX 400;Ilfotec HC;1+31;800;10.5;10.5;20C
Rollei RPX 400;Ilfotec HC;1+15;1600;8;8;20C
Rollei RPX 400;Ilfotec HC;1+31;1600;15;15;20C
Rollei RPX 400;Ilfotec HC;1+15;3200;11.5;11.5;20C
Rollei RPX 400;Ilfotec LC29;1+19;400;8;8;20C
Rollei RPX 400;Ilfotec LC29;1+9;400;4.5;4.5;20C
Rollei RPX 400;Ilfotec LC29;1+9;800;6.5;6.5;20C
Rollei RPX 400;Ilfotec LC29;1+19;800;12.5;12.5;20C
Rollei RPX 400;Microdol-X;1+3;400;25;25;20C
Rollei RPX 400;Microdol-X;stock;400;11;11;20C
Rollei RPX 400;Microphen;1+1;400;13;13;20C
Rollei RPX 400;Microphen;stock;400;7;7;20C
Rollei RPX 400;Microphen;1+1;800;16;16;20C
Rollei RPX 400;Microphen;stock;800;10;10;20C
Rollei RPX 400;Microphen;stock;1600;11.5;11.5;20C
Rollei RPX 400;Microphen;stock;3200;16.5;16.5;20C
Rollei RPX 400;Neopress HC;1+31;400;6;6;20C
Rollei RPX 400;Neopress HC;1+15;800;3.5;3.5;20C
Rollei RPX 400;Neopress HC;1+15;1600;6;6;20C
Rollei RPX 400;Paranol S;1+25;400;11;11;20C
Rollei RPX 400;Paranol S;1+50;400;28;28;20C
Rollei RPX 400;Perceptol;1+1;320;20;20;20C
Rollei RPX 400;PMK;1+2+100;100;10;10;20C
Rollei RPX 400;PMK;1+2+100;400;14;14;20C
Rollei RPX 400;Promicrol;1+14;400;16;16;20C
Rollei RPX 400;Promicrol;1+9;400;10;10;20C
Rollei RPX 400;Promicrol;1+14;800;17.5;17.5;20C
Rollei RPX 400;Pyrocat-HD;1+1+100;320;18;18;20C
Rollei RPX 400;Rodinal;1+25;400;12;12;20C
Rollei RPX 400;Rodinal;1+50;400;21;21;20C
Rollei RPX 400;Rodinal;1+50;800;25;25;20C
Rollei RPX 400;Rollei RHS DC;1+10;400;5.5;5.5;20C
Rollei RPX 400;Rollei RHS DC;1+7;400;5.5;5.5;18C
Rollei RPX 400;Rollei RLS Low Speed;1+4;200;18;18;24C
Rollei RPX 400;Rollei RPX-D;1+11;400;11;11;20C
Rollei RPX 400;Rollei RPX-D;1+7;800;13;13;22C
Rollei RPX 400;Rollei RPX-D;1+5;1600;14;14;24C
Rollei RPX 400;Rollei RPX-D;1+4;3200;15;15;25C
Rollei RPX 400;Rollei Supergrain;1+12;400;7;7;20C
Rollei RPX 400;Silberra Ascorol;1+29;400;8;8;20C
Rollei RPX 400;Spur 2525;1+15;250;6.5;6.5;20C
Rollei RPX 400;Spur HRX;1+9;400;15;15;20C
Rollei RPX 400;Spur SLD;1+9;240;6;6;20C
Rollei RPX 400;Studional;1+15;400;5;5;20C
Rollei RPX 400;TMax Dev;1+4;400;7;7;20C
Rollei RPX 400;TMax Dev;1+9;400;10;10;20C
Rollei RPX 400;TMax Dev;1+9;1600;18;18;20C
Rollei RPX 400;TMax Dev;1+4;3200;15;15;24C
Rollei RPX 400;Ultrafin;1+20;400;9;9;20C
Rollei RPX 400;Uncle Mort's;1+9;400;10;10;20C
Rollei RPX 400;Xtol;1+1;400;12;12;20C
Rollei RPX 400;Xtol;stock;400;9;9;20C
Rollei RPX 400;Xtol;1+1;800;14.5;14.5;20C
Rollei RPX 400;Xtol;stock;800;10.5;10.5;20C
Rollei RPX 400;Xtol;1+1;1600;18;18;20C
Rollei RPX 400;Xtol;stock;1600;13;13;20C
Rollei RPX 400;Xtol;1+1;1600;15;15;24C
Rollei RPX 400;Xtol;stock;3200;17.5;17.5;20C
Rollei Superpan 200;Acufine;stock;200;4.5;4.5;21C
Rollei Superpan 200;Acufine;stock;400;4.5;4.5;21C
Rollei Superpan 200;Acurol-N;1+50;40;13.5;13.5;20C
Rollei Superpan 200;Adox HR-DEV;1+30;80;12.5;12.5;20C
Rollei Superpan 200;ADX II;1+24;160;11;11;20C
Rollei Superpan 200;Atomal 49;stock;800;13;13;20C
Rollei Superpan 200;Bellini Hydrofen;1+31;160;13;4;20C
Rollei Superpan 200;Bellini Hydrofen;1+15;200;4;4;20C
Rollei Superpan 200;Beutler;1+1+10;160;9.5;9.5;20C
Rollei Superpan 200;Burton 195;1+1;200;75;75;20C
Rollei Superpan 200;D-76;2+15;100;30;30;20C
Rollei Superpan 200;D-76;1+2;200;18;18;20C
Rollei Superpan 200;D-76;1+1;200;14;14;20C
Rollei Superpan 200;D-76;1+3;200;22;22;20C
Rollei Superpan 200;D-76;stock;320;11;11;20C
Rollei Superpan 200;D-76;stock;800;18.5;18.5;20C
Rollei Superpan 200;D-76;2+15;1600;42;42;20C
Rollei Superpan 200;Diafine;stock;200;5+5;5+5;20C
Rollei Superpan 200;Diafine;stock;640;3+3;3+3;20C
Rollei Superpan 200;Diafine;stock;800;3+3;3+3;20C
Rollei Superpan 200;Eco Pro;1+1;200;14;14;20C
Rollei Superpan 200;Eco Pro;1+2;400;21;21;20C
Rollei Superpan 200;Eco Pro;1+1;400;17;17;20C
Rollei Superpan 200;Finol;1+1+100;160;11.5;11.5;24C
Rollei Superpan 200;Finol;1+1+100;250;12.5;12.5;24C
Rollei Superpan 200;Fomadon R09;1+100;200;45;45;20C
Rollei Superpan 200;FX-39;1+9;200;13.5;13.5;20C
Rollei Superpan 200;FX-39;1+14;200;17;17;20C
Rollei Superpan 200;FX-5;1+3;200;30;30;20C
Rollei Superpan 200;HC-110;B;200;6;6;20C
Rollei Superpan 200;ID-11;2+15;100;30;30;20C
Rollei Superpan 200;ID-11;1+2;200;18;18;20C
Rollei Superpan 200;ID-11;1+1;200;14;14;20C
Rollei Superpan 200;ID-11;stock;320;11;11;20C
Rollei Superpan 200;ID-11;stock;800;18.5;18.5;20C
Rollei Superpan 200;ID-11;2+15;1600;42;42;20C
Rollei Superpan 200;Ilfosol 3;1+9;200;7.5;7.5;20C
Rollei Superpan 200;Ilfotec DD-X;1+4;200;8.75;8.75;20C
Rollei Superpan 200;MZB;stock;80;6.5;6.5;24C
Rollei Superpan 200;Paranol S;1+50;200;8;8;20C
Rollei Superpan 200;Paranol S;1+25;200;3;3;20C
Rollei Superpan 200;PMK;1+2+100;12;17;17;21C
Rollei Superpan 200;Pyrocat-HD;1+1+250;200;50;50;20C
Rollei Superpan 200;Pyrocat-HD;1+1+100;320;14;14;20C
Rollei Superpan 200;Rodinal;1+50;100;15;15;20C
Rollei Superpan 200;Rodinal;1+100;125;24;24;20C
Rollei Superpan 200;Rodinal;1+100;200;45;45;20C
Rollei Superpan 200;Rodinal;1+25;200;8;8;20C
Rollei Superpan 200;Rodinal;1+50;200;17;17;20C
Rollei Superpan 200;Rollei D74;1+7;200;6.5;6.5;20C
Rollei Superpan 200;Rollei D74;1+9;200;7;7;20C
Rollei Superpan 200;Rollei D74;1+15;200;8.75;8.75;20C
Rollei Superpan 200;Rollei D74;1+7;400;7.5;7.5;20C
Rollei Superpan 200;Rollei RLS Low Speed;1+4;50;10;10;24C
Rollei Superpan 200;Rollei RLS Low Speed;1+4;100;12;12;24C
Rollei Superpan 200;Rollei RLS Low Speed;1+4;200;12;12;24C
Rollei Superpan 200;Silvermax;1+49;100;20;20;22C
Rollei Superpan 200;Silvermax;1+29;160;15.5;15.5;20C
Rollei Superpan 200;Silvermax;1+29;200;15.5;15.5;20C
Rollei Superpan 200;Silvermax;1+49;200;20;20;22C
Rollei Superpan 200;Spur HRX;1+11;40;12;12;20C
Rollei Superpan 200;Spur SLD;1+29;160;8.5;8.5;20C
Rollei Superpan 200;Spur SLD;1+29;200;8.5;8.5;20C
Rollei Superpan 200;Studional;1+31;160;13;13;20C
Rollei Superpan 200;Studional;1+15;250;6.5;6.5;20C
Rollei Superpan 200;Tanol;1+1+100;100;15;15;24C
Rollei Superpan 200;Tanol Speed;1+1+100;250;14;14;24C
Rollei Superpan 200;TMax Dev;1+4;200;8;8;24C
Rollei Superpan 200;Ultrafin;1+9;200;9;9;20C
Rollei Superpan 200;Ultrafin;1+20;200;15;15;20C
Rollei Superpan 200;Ultrafin T-Plus;1+4;200;5.5;5.5;20C
Rollei Superpan 200;Xtol;1+1;200;14;14;20C
Rollei Superpan 200;Xtol;1+2;400;21;21;20C
Rollei Superpan 200;Xtol;1+1;400;17;17;20C
Shanghai GP3 Pan 100;Acufine;stock;100;/;4;20C
Shanghai GP3 Pan 100;Amaloco AM74;1+19;50;/;11;20C
Shanghai GP3 Pan 100;Atomal 49;1+1;100;/;11.5;20C
Shanghai GP3 Pan 100;Beutler;1+1+8;100;/;18;20C
Shanghai GP3 Pan 100;Caffenol C;stock;100;/;10;20C
Shanghai GP3 Pan 100;Caffenol C-L;stock;400;/;75;20C
Shanghai GP3 Pan 100;Caffenol C-M (rs);stock;100;/;20;20C
Shanghai GP3 Pan 100;D-23;stock;100;/;12;20C
Shanghai GP3 Pan 100;D-72;1+4;100;/;4;20C
Shanghai GP3 Pan 100;D-76;1+3;100;/;24;20C
Shanghai GP3 Pan 100;D-76;stock;100;/;9;20C
Shanghai GP3 Pan 100;D-76;stock;100;/;6-10;20C
Shanghai GP3 Pan 100;D-76;1+1;100;/;14;20C
Shanghai GP3 Pan 100;D-76;1+1;100;/;14.5;20C
Shanghai GP3 Pan 100;D-76;stock;400;/;14;20C
Shanghai GP3 Pan 100;D-76;1+1;400;/;28;20C
Shanghai GP3 Pan 100;Dektol;1+4;100;/;14;22C
Shanghai GP3 Pan 100;Diafine;stock;160;/;3+3;20C
Shanghai GP3 Pan 100;DK-50;1+1;100;/;10;20C
Shanghai GP3 Pan 100;DK-50;1+1;100;/;9.5;18C
Shanghai GP3 Pan 100;Eco Pro;1+2;100;/;14;20C
Shanghai GP3 Pan 100;Eco Pro;1+1;100;/;10;20C
Shanghai GP3 Pan 100;Eco Pro;1+3;100;/;16;20C
Shanghai GP3 Pan 100;Eco Pro;1+2;100;/;20;18C
Shanghai GP3 Pan 100;Eco Pro;stock;100;/;7.5;20C
Shanghai GP3 Pan 100;Fomadon R09;1+50;100;/;18;19C
Shanghai GP3 Pan 100;HC-110;A;100;/;5;20C
Shanghai GP3 Pan 100;HC-110;B;100;/;7.5;20C
Shanghai GP3 Pan 100;HC-110;B;100;/;8;20C
Shanghai GP3 Pan 100;HC-110;B;160;/;9;20C
Shanghai GP3 Pan 100;ID-11;stock;100;/;6-10;20C
Shanghai GP3 Pan 100;ID-11;1+1;100;/;14;20C
Shanghai GP3 Pan 100;ID-11;1+1;100;/;14.5;20C
Shanghai GP3 Pan 100;Ilfosol 3;1+9;100;/;8;20C
Shanghai GP3 Pan 100;Ilfosol 3;1+14;100;/;12;20C
Shanghai GP3 Pan 100;Ilfosol 3;1+5;100;/;6.5;23C
Shanghai GP3 Pan 100;Ilfosol 3;1+14;200;/;18;20.5C
Shanghai GP3 Pan 100;Ilfotec DD-X;1+9;100;/;10;24C
Shanghai GP3 Pan 100;Ilfotec LC29;1+29;100;/;11;20C
Shanghai GP3 Pan 100;Ilfotec LC29;1+19;100;/;6.5;20C
Shanghai GP3 Pan 100;Microphen;1+3;100;/;20;20C
Shanghai GP3 Pan 100;Obsidian Aqua;1+500;100;/;9;21C
Shanghai GP3 Pan 100;PMK;1+2+100;100;/;10;20C
Shanghai GP3 Pan 100;Promicrol;1+14;100;/;6;24C
Shanghai GP3 Pan 100;Pyrocat-HD;1+1+50;64;/;6.5;21C
Shanghai GP3 Pan 100;Rodinal;1+25;25;/;3;21C
Shanghai GP3 Pan 100;Rodinal;1+25;50;/;6;20C
Shanghai GP3 Pan 100;Rodinal;1+50;100;/;15;20C
Shanghai GP3 Pan 100;Rodinal;1+400;100;/;480;20C
Shanghai GP3 Pan 100;Rodinal;1+200;100;/;120;20C
Shanghai GP3 Pan 100;Rodinal;1+100;100;/;60;20C
Shanghai GP3 Pan 100;Rodinal;1+25;100;/;10;20C
Shanghai GP3 Pan 100;Rodinal;1+100;400;/;120;20C
Shanghai GP3 Pan 100;Rodinal;1+25;400;/;35;20C
Shanghai GP3 Pan 100;Sprint Standard;1+9;100;/;8;21C
Shanghai GP3 Pan 100;TMax Dev;1+40;100;/;120;20C
Shanghai GP3 Pan 100;TMax Dev;1+4;100;/;7;20C
Shanghai GP3 Pan 100;Ultrafin;1+20;100;/;8;20C
Shanghai GP3 Pan 100;Uncle Mort's;1+14;100;/;6;24C
Shanghai GP3 Pan 100;Xtol;1+2;100;/;14;20C
Shanghai GP3 Pan 100;Xtol;stock;100;/;7.5;20C
Shanghai GP3 Pan 100;Xtol;1+2;100;/;20;18C
Shanghai GP3 Pan 100;Xtol;1+1;100;/;10;20C
Shanghai GP3 Pan 100;Xtol;1+3;100;/;16;20C
Svema 200 Reporter;D-76;stock;100;6.25;/;20C
Svema 200 Reporter;D-76;1+1;200;20;/;20C
Svema 200 Reporter;ID-11;stock;100;6.25;/;20C
Svema 200 Reporter;ID-11;1+1;200;20;/;20C
Svema 200 Reporter;Rodinal;1+25;200;5;/;18C
Svema A2-SH;D-76;stock;400;13;/;20C
Svema A2-SH;Diafine;stock;640;3+3;/;20C
Svema A2-SH;ID-11;stock;400;13;/;20C
Svema A2-SH;Microphen;stock;3200;32;/;20C
Svema A2-SH;Mikratol-2;1+50;200;12;/;20C
Svema A2-SH;Mikratol-2;1+50;200;15;/;20C
Svema A2-SH;Mikratol-2;1+50;400;20;/;20C
Svema A2-SH;Mikratol-2;1+50;400;15;/;20C
Svema A2-SH;Mikratol-2;1+50;800;28;/;20C
Svema A2-SH;Mikratol-2;1+50;800;22;/;20C
Svema A2-SH;Rodinal;1+50;400;20;/;20C
Svema Blue Sensitive;HC-110;H;6;10.5;/;20C
Svema Blue Sensitive;Ilfosol 3;1+14;1.5;6;/;20C
Svema FN250;Rodinal;1+25;100;8.5;8.5;20C
Svema FN32;Ilfotec LC29;1+29;32;4-6;4-6;20C
Svema FN32;Rodinal;1+50;32;12;12;20C
Svema FN64;D-76;1+3;50;15;15;20C
Svema FN64;D-76;stock;64;9;9;20C
Svema FN64;Eco Pro;1+1;64;11;11;20C
Svema FN64;Fomadon LQN;1+10;64;7.5;7.5;20C
Svema FN64;Fomadon R09;1+100;64;60;60;20C
Svema FN64;HC-110;B;64;8;8;20C
Svema FN64;HC-110;F;64;18;18;20C
Svema FN64;HC-110;B;400;18;18;20C
Svema FN64;ID-11;1+3;50;15;15;20C
Svema FN64;ID-11;stock;64;9;9;20C
Svema FN64;Ilfosol 3;1+14;64;13;13;17C
Svema FN64;Kalogen;1+60;32;5.5;5.5;20C
Svema FN64;Pyrocat-HD;1+1+100;32;10;10;20C
Svema FN64;Rodinal;1+25;64;6.25;6.25;20C
Svema FN64;Rodinal;1+50;64;10.5;10.5;20C
Svema FN64;Rodinal;1+50;64;11;11;20C
Svema FN64;Rodinal;1+50;125;11;11;20C
Svema FN64;Xtol;1+1;64;11;11;20C
Svema Foto 100;Caffenol C-M;stock;100;14;/;21C
Svema Foto 100;D-76;1+1;100;11.5;/;20C
Svema Foto 100;D-76;stock;100;7;/;20C
Svema Foto 100;Eco Pro;1+1;100;10;/;20C
Svema Foto 100;Fomadon LQN;1+10;800;32;/;23C
Svema Foto 100;HC-110;B;200;11;/;20C
Svema Foto 100;ID-11;stock;100;7;/;20C
Svema Foto 100;ID-11;1+1;100;11.5;/;20C
Svema Foto 100;Microdol-X;1+3;100;14;/;24C
Svema Foto 100;Microphen;stock;100;7.5;/;20C
Svema Foto 100;Rodinal;1+50;100;13;/;20C
Svema Foto 100;Xtol;1+1;100;10;/;20C
Svema Foto 200;D-76;stock;200;8.5;/;20C
Svema Foto 200;Eco Pro;1+1;200;12;/;20C
Svema Foto 200;HC-110;J;200;60;/;20C
Svema Foto 200;Ilfosol 3;1+14;200;12;/;20C
Svema Foto 200;Ilfotec DD-X;1+4;200;8;/;20C
Svema Foto 200;Rodinal;1+25;200;7;/;20C
Svema Foto 200;Rodinal;1+50;200;14;/;20C
Svema Foto 200;TMax Dev;1+4;200;7.5;/;20C
Svema Foto 200;Xtol;1+1;200;12;/;20C
Svema Foto 400;D-76;stock;400;10;/;20C
Svema Foto 400;D-76;1+1;400;20;/;20C
Svema Foto 400;HC-110;B;400;6.5;/;20C
Svema Foto 400;ID-11;stock;400;10;/;20C
Svema Foto 400;ID-11;1+1;400;20;/;20C
Svema Foto 400;Pyrocat-HD;1+1+100;200;14;/;20C
Svema Micrat-Orto;D-76;1+1;0.75;6.75;/;20C
Svema Micrat-Orto;Eco Pro;stock;0.75;8;/;20C
Svema Micrat-Orto;Eco Pro;1+1;0.75;14;/;20C
Svema Micrat-Orto;ID-11;1+1;0.75;6.75;/;20C
Svema Micrat-Orto;Xtol;stock;0.75;8;/;20C
Svema Micrat-Orto;Xtol;1+1;0.75;14;/;20C
Svema MZ-3;Caffenol;stock;3;30;/;20C
Svema MZ-3;HC-110;H;3;9.25;/;20C
Svema MZ-3;Ilfotec HC;1+17;3;6;/;20C
Svema NK-2;Ilfotec LC29;1+29;25;5;/;20C
Svema NK-2SH;D-76;stock;100;10;/;20C
Svema NK-2SH;D-76;stock;320;11;/;20C
Svema NK-2SH;Diafine;stock;100;4+4;/;20C
Svema NK-2SH;Eco Pro;stock;100;7.25;/;20C
Svema NK-2SH;HC-110;B;100;10;/;20C
Svema NK-2SH;ID-11;stock;100;10;/;20C
Svema NK-2SH;ID-11;stock;320;11;/;20C
Svema NK-2SH;Ilfosol 3;1+14;100;12;/;20C
Svema NK-2SH;Ilfotec LC29;1+29;25;5;/;20C
Svema NK-2SH;Rollei D74;1+15;100;5;/;20C
Svema NK-2SH;Xtol;stock;100;7.25;/;20C
Svema Type 17;Eco Pro;stock;400;7;/;20C
Svema Type 17;UPB-1;stock;400;13;/;20C
Svema Type 17;Xtol;stock;400;7;/;20C
Svema ZT-8;D-76;1+1;3;6;/;20C
Svema ZT-8;ID-11;1+1;3;6;/;20C
Svema ZT-8;Rodinal;1+50;100;11;/;20C
Tasma 100 Super;D-76;1+1;100;7;/;20C
Tasma 100 Super;ID-11;1+1;100;7;/;20C
Tasma 100 Super;Rodinal;1+50;100;9;/;20C
Tasma A-2;Pyrocat-HD;1+1+100;400;18;/;20C
Tasma FN-64;Rodinal;1+50;64;12;/;20C
Tasma KN-1;Rodinal;1+50;100;22;/;20C
Tasma KN-1;Rodinal;1+36;400;25;/;20C
Tasma Mikrat 200;D-76;1+1;6;6;/;20C
Tasma Mikrat 200;ID-11;1+1;6;6;/;20C
Tasma Mikrat 200;Kalogen;1+60;6;2.5;/;20C
Tasma Mikrat 200;Kalogen;1+60;25;4;/;20C
Tasma Mikrat 200;Mikratol-2;1+50;/;30;/;20C
Tasma Mikrat 300;Mikratol-2;1+50;/;30;/;20C
Tasma Mikrat Isopan;D-76;stock;12;9;/;20C
Tasma Mikrat Isopan;Eco Pro;1+2;12;9;/;21C
Tasma Mikrat Isopan;ID-11;stock;12;9;/;20C
Tasma Mikrat Isopan;Xtol;1+2;12;9;/;21C
Tasma NK-2;D-76;stock;100;10;/;20C
Tasma NK-2;D-76;stock;320;11;/;20C
Tasma NK-2;Diafine;stock;100;4+4;/;20C
Tasma NK-2;Eco Pro;stock;100;7.25;/;20C
Tasma NK-2;HC-110;B;100;10;/;20C
Tasma NK-2;ID-11;stock;100;10;/;20C
Tasma NK-2;ID-11;stock;320;11;/;20C
Tasma NK-2;Ilfosol 3;1+14;100;12;/;20C
Tasma NK-2;Rollei D74;1+15;100;5;/;20C
Tasma NK-2;Xtol;stock;100;7.25;/;20C
Tasma Type-17;C-41;stock;250;27;/;24C
Tasma Type-17;D-23;1+4;100;30;/;20C
Tasma Type-17;D-23;1+2;200;26;/;20C
Tasma Type-17;D-23;1+2;320;33;/;20C
Tasma Type-17;FX-1;1+1+8;200;25;/;20C
Tasma Type-17;Hubl Glycin Paste;1+60;200;20;/;20C
Tasma Type-17;Pyrocat-HD;1+1+100;320;8.5;/;20C
Tasma Type-17;Stoeckler;stock;250;3+3;/;20C
Tasma Type-17;Stoeckler;stock;400;15+15;/;20C
Tasma Type-42L;D-76;1+1;400;12;/;20C
Tasma Type-42L;D-76;1+3;400;24;/;20C
Tasma Type-42L;ID-11;1+3;400;24;/;20C
Tasma Type-42L;ID-11;1+1;400;12;/;20C
Tasma Type-42L;Microphen;stock;400;6;/;24C
Tasma Type-42L;Microphen;1+3;400;23;/;20C
Tasma Type-42L;Microphen;1+3;1600;55;/;20C
Tasma Type-42L;Mikratol-2;1+50;400;14;/;22C
Tasma Type-42L;Perceptol;stock;270;8;/;20C
Tasma Type-42L;POTA;stock;200;12;/;20C
Tasma Type-42L;POTA;stock;400;20;/;24C
Tasma Type-42L;Pyrocat-HD;1+1+100;400;13;/;20C
Type-D 200;D-76;stock;200;10;10;20C
Type-D 200;D-76;1+1;200;12;/;20C
Type-D 200;HC-110;B;200;3.5;/;20C
Type-D 200;ID-11;stock;200;10;10;20C
Type-D 200;ID-11;1+1;200;12;/;20C
Type-D 200;Microphen;1+1;200;10;/;20C
Type-D 200;Silvermax;1+29;100;11;/;20C
Type-D 200;Silvermax;1+29;200;16;/;20C
Type-D 200;Silvermax;1+29;400;20;/;20C
Type-D 400;D-76;1+1;400;13;/;20C
Type-D 400;ID-11;1+1;400;13;/;20C
Type-D 400;Ilfosol 3;1+9;400;6;/;20C
Type-D 400;Microphen;stock;200;12;/;20C
Type-D 400;Microphen;stock;400;14;/;20C
Ultrafine 125;Arista Liquid;1+9;125;5.5;/;20C
Ultrafine 125;D-76;1+1;125;10;/;20C
Ultrafine 125;D-76;stock;125;6-8;/;20C
Ultrafine 125;HC-110;B;125;5;/;20C
Ultrafine 125;TMax Dev;1+4;125;5.5;/;20C
Ultrafine 125;Ultrafine Liquid;1+2;125;5.5;/;20C
Ultrafine 125;Ultrafine Liquid;1+4;125;8.5;/;20C
Ultrafine 125;Ultrafine Powder;1+1;125;10;/;20C
Ultrafine 125;Ultrafine Powder;stock;125;8;/;20C
Ultrafine 400;Arista Liquid;1+9;400;11;/;20C
Ultrafine 400;D-76;1+1;400;13;/;20C
Ultrafine 400;D-76;stock;400;7.5;/;20C
Ultrafine 400;HC-110;B;400;6;/;20C
Ultrafine 400;TMax Dev;1+4;400;8;/;20C
Ultrafine 400;Ultrafine Liquid;1+2;400;7.5;/;20C
Ultrafine 400;Ultrafine Liquid;1+4;400;11;/;20C
Ultrafine 400;Ultrafine Powder;1+1;400;13;/;20C
Ultrafine 400;Ultrafine Powder;stock;400;7.5;/;20C
Ultrafine Ortho Litho;A&B Lith;1+3;8;3;/;20C
Ultrafine Ortho Litho;D-19;stock;16;5;/;20C
Ultrafine Ortho Litho;D-76;stock;25;13;/;20C
Ultrafine Ortho Litho;ID-11;stock;25;13;/;20C
Ultrafine Ortho Litho;Rodinal;1+150;8;8;/;20C
Ultrafine Plus 100;Acufine;stock;100;3.5;/;20C
Ultrafine Plus 100;HC-110;H;100;12;/;20C
Ultrafine Plus 100;Rodinal;1+100;100;14;/;20C
Ultrafine Plus 100;Rodinal;1+100;200;18;/;20C
Ultrafine Plus 400;Arista Liquid;1+9;400;7;/;20C
Ultrafine Plus 400;D-76;1+1;400;13;/;20C
Ultrafine Plus 400;D-76;stock;400;7.5;/;20C
Ultrafine Plus 400;HC-110;B;400;5;/;20C
Ultrafine Plus 400;TMax Dev;1+4;400;6.5;/;20C
Ultrafine Plus 400;Ultrafine Liquid;1+2;400;7.5;/;20C
Ultrafine Plus 400;Ultrafine Liquid;1+4;400;11;/;20C
Ultrafine Plus 400;Ultrafine Powder;1+1;400;13;/;20C
Ultrafine Plus 400;Ultrafine Powder;stock;400;7.5;/;20C
Ultrafine T-Grain 400;Arista Liquid;1+9;400;9;/;20C
Ultrafine T-Grain 400;D-76;1+1;400;10;/;20C
Ultrafine T-Grain 400;D-76;stock;400;6;/;20C
Ultrafine T-Grain 400;HC-110;B;400;5;/;20C
Ultrafine T-Grain 400;TMax Dev;1+4;400;8;/;20C
Ultrafine T-Grain 400;Ultrafine Liquid;1+2;400;8;/;20C
Ultrafine T-Grain 400;Ultrafine Liquid;1+4;400;12.5;/;20C
Ultrafine T-Grain 400;Ultrafine Powder;1+1;400;10;/;20C
Ultrafine T-Grain 400;Ultrafine Powder;stock;400;6;/;20C
Ultrafine Xtreme 100;510-Pyro;1+100;200;15;15;21C
Ultrafine Xtreme 100;Acufine;stock;250;6;6;20C
Ultrafine Xtreme 100;Acufine;stock;320;6;6;20C
Ultrafine Xtreme 100;Acurol-N;1+70;64;10;10;20C
Ultrafine Xtreme 100;Caffenol Concoction;stock;100;10;10;20C
Ultrafine Xtreme 100;D-76;1+1;50;8.5;8.5;20C
Ultrafine Xtreme 100;D-76;1+3;50;17.5;17.5;20C
Ultrafine Xtreme 100;D-76;stock;50;7;7;20C
Ultrafine Xtreme 100;D-76;1+1;100;11.5;11.5;20C
Ultrafine Xtreme 100;D-76;1+3;100;21;21;20C
Ultrafine Xtreme 100;D-76;stock;100;9;9;20C
Ultrafine Xtreme 100;D-76;1+1;200;15.5;15.5;20C
Ultrafine Xtreme 100;D-76;stock;200;11;11;20C
Ultrafine Xtreme 100;Diafine;stock;200;3+3;3+3;24C
Ultrafine Xtreme 100;Diafine;stock;400;3+3;3+3;24C
Ultrafine Xtreme 100;Eco Pro;stock;50;6.5;6.5;20C
Ultrafine Xtreme 100;Eco Pro;1+1;50;8.5;8.5;20C
Ultrafine Xtreme 100;Eco Pro;stock;100;8;8;20C
Ultrafine Xtreme 100;Eco Pro;1+1;100;10;10;20C
Ultrafine Xtreme 100;HC-110;H;100;10;10;20C
Ultrafine Xtreme 100;HC-110;H;200;10;10;20C
Ultrafine Xtreme 100;ID-11;1+1;50;8.5;8.5;20C
Ultrafine Xtreme 100;ID-11;1+3;50;17.5;17.5;20C
Ultrafine Xtreme 100;ID-11;stock;50;7;7;20C
Ultrafine Xtreme 100;ID-11;1+1;100;11.5;11.5;20C
Ultrafine Xtreme 100;ID-11;1+3;100;21;21;20C
Ultrafine Xtreme 100;ID-11;stock;100;9;9;20C
Ultrafine Xtreme 100;ID-11;1+1;200;15.5;15.5;20C
Ultrafine Xtreme 100;ID-11;stock;200;11;11;20C
Ultrafine Xtreme 100;Ilfosol 3;1+14;100;7.5;7.5;20C
Ultrafine Xtreme 100;Ilfosol 3;1+9;100;5;5;20C
Ultrafine Xtreme 100;Ilfotec DD;1+4;50;7.5;7.5;24C
Ultrafine Xtreme 100;Ilfotec DD;1+4;100;9;9;24C
Ultrafine Xtreme 100;Ilfotec DD;1+4;200;12;12;24C
Ultrafine Xtreme 100;Ilfotec DD-X;1+4;50;8.5;8.5;20C
Ultrafine Xtreme 100;Ilfotec DD-X;1+4;100;10.5;10.5;20C
Ultrafine Xtreme 100;Ilfotec DD-X;1+4;200;12.5;12.5;20C
Ultrafine Xtreme 100;Ilfotec HC;1+31;50;5;5;20C
Ultrafine Xtreme 100;Ilfotec HC;1+15;100;4;4;20C
Ultrafine Xtreme 100;Ilfotec HC;1+31;100;6.5;6.5;20C
Ultrafine Xtreme 100;Ilfotec HC;1+15;200;5;5;20C
Ultrafine Xtreme 100;Ilfotec HC;1+31;200;8;8;20C
Ultrafine Xtreme 100;Ilfotec LC29;1+19;50;5.5;5.5;20C
Ultrafine Xtreme 100;Ilfotec LC29;1+29;50;7.5;7.5;20C
Ultrafine Xtreme 100;Ilfotec LC29;1+19;100;7;7;20C
Ultrafine Xtreme 100;Ilfotec LC29;1+29;100;11;11;20C
Ultrafine Xtreme 100;Ilfotec LC29;1+9;100;4;4;20C
Ultrafine Xtreme 100;Ilfotec LC29;1+19;200;8;8;20C
Ultrafine Xtreme 100;Ilfotec LC29;1+9;200;5;5;20C
Ultrafine Xtreme 100;Microphen;1+1;100;10.5;10.5;20C
Ultrafine Xtreme 100;Microphen;1+3;100;14.5;14.5;20C
Ultrafine Xtreme 100;Microphen;stock;100;8.5;8.5;20C
Ultrafine Xtreme 100;Microphen;1+1;200;14;14;20C
Ultrafine Xtreme 100;Microphen;stock;200;9;9;20C
Ultrafine Xtreme 100;Perceptol;1+1;50;13.5;13.5;20C
Ultrafine Xtreme 100;Perceptol;stock;50;9.5;9.5;20C
Ultrafine Xtreme 100;Perceptol;1+1;100;15.5;15.5;20C
Ultrafine Xtreme 100;Perceptol;stock;100;12.5;12.5;20C
Ultrafine Xtreme 100;Pyrocat-M;1+100;50;15;15;20C
Ultrafine Xtreme 100;Pyrocat-M;1+100;80;17;17;21C
Ultrafine Xtreme 100;Rodinal;1+50;50;9;9;20C
Ultrafine Xtreme 100;Rodinal;1+50;100;13;13;20C
Ultrafine Xtreme 100;Sprint Standard;1+9;100;8.5;8.5;20C
Ultrafine Xtreme 100;Ultrafine Endurance;1+9;100;4;4;20C
Ultrafine Xtreme 100;Ultrafine Powder;1+1;100;10.5;10.5;20C
Ultrafine Xtreme 100;Ultrafine Powder;stock;100;8.5;8.5;20C
Ultrafine Xtreme 100;Uncle Mort's;1+9;100;6;6;20C
Ultrafine Xtreme 100;Xtol;stock;50;6.5;6.5;20C
Ultrafine Xtreme 100;Xtol;1+1;50;8.5;8.5;20C
Ultrafine Xtreme 100;Xtol;stock;100;8;8;20C
Ultrafine Xtreme 100;Xtol;1+1;100;10;10;20C
Ultrafine Xtreme 400;Acufine;stock;400;4;4;20C
Ultrafine Xtreme 400;Acurol-N;1+50;200;11.5;11.5;20C
Ultrafine Xtreme 400;Arista Liquid;1+9;3200;15.5;15.5;29C
Ultrafine Xtreme 400;Caffenol C-M;stock;400;20;20;20C
Ultrafine Xtreme 400;D-76;1+1;400;14;14;20C
Ultrafine Xtreme 400;D-76;1+3;400;28;28;20C
Ultrafine Xtreme 400;D-76;stock;400;9.5;9.5;20C
Ultrafine Xtreme 400;D-76;1+1;800;17;17;20C
Ultrafine Xtreme 400;D-76;stock;800;12.5;12.5;20C
Ultrafine Xtreme 400;D-76;1+1;1600;18;18;20C
Ultrafine Xtreme 400;D-76;stock;1600;15.5;15.5;20C
Ultrafine Xtreme 400;D-76;1+1;3200;25;25;20C
Ultrafine Xtreme 400;D-76;stock;3200;18.5;18.5;20C
Ultrafine Xtreme 400;Dektol;1+5;400;12;12;24C
Ultrafine Xtreme 400;Diafine;stock;800;5+5;5+5;22C
Ultrafine Xtreme 400;DK-50;stock;320;5;5;20C
Ultrafine Xtreme 400;Eco Pro;stock;400;9;9;20C
Ultrafine Xtreme 400;Eco Pro;1+1;400;12;12;20C
Ultrafine Xtreme 400;Eco Pro;stock;800;10.5;10.5;20C
Ultrafine Xtreme 400;Eco Pro;1+1;800;14.5;14.5;20C
Ultrafine Xtreme 400;Eco Pro;stock;1600;13;13;20C
Ultrafine Xtreme 400;Eco Pro;1+1;1600;18;18;20C
Ultrafine Xtreme 400;Eco Pro;stock;3200;17.5;17.5;20C
Ultrafine Xtreme 400;FA-1027;1+14;400;11;11;20C
Ultrafine Xtreme 400;FD10;1+9;400;12;12;20C
Ultrafine Xtreme 400;HC-110;F;400;16;16;20C
Ultrafine Xtreme 400;HC-110;B;1600;9;10;20C
Ultrafine Xtreme 400;ID-11;1+1;400;16.5;16.5;20C
Ultrafine Xtreme 400;ID-11;1+3;400;25.5;25.5;20C
Ultrafine Xtreme 400;ID-11;stock;400;9.5;9.5;20C
Ultrafine Xtreme 400;ID-11;1+1;800;20.5;20.5;20C
Ultrafine Xtreme 400;ID-11;stock;800;13;13;20C
Ultrafine Xtreme 400;ID-11;1+1;1600;18;18;20C
Ultrafine Xtreme 400;ID-11;stock;1600;15.5;15.5;20C
Ultrafine Xtreme 400;ID-11;stock;3200;18.5;18.5;20C
Ultrafine Xtreme 400;Ilfosol 3;1+14;400;11;11;20C
Ultrafine Xtreme 400;Ilfosol 3;1+9;400;4.5;4.5;20C
Ultrafine Xtreme 400;Ilfosol 3;1+14;800;25;25;20C
Ultrafine Xtreme 400;Ilfosol 3;1+9;800;6.5;6.5;20C
Ultrafine Xtreme 400;Ilfosol 3;1+14;1600;21;21;21C
Ultrafine Xtreme 400;Ilfosol 3;1+9;3200;9;9;24C
Ultrafine Xtreme 400;Ilfotec DD;1+4;400;9;9;24C
Ultrafine Xtreme 400;Ilfotec DD;1+4;800;13;13;24C
Ultrafine Xtreme 400;Ilfotec DD-X;1+4;400;11.5;11.5;20C
Ultrafine Xtreme 400;Ilfotec DD-X;1+4;800;13;13;20C
Ultrafine Xtreme 400;Ilfotec HC;1+15;400;4.5;4.5;20C
Ultrafine Xtreme 400;Ilfotec HC;1+31;400;8;8;20C
Ultrafine Xtreme 400;Ilfotec HC;1+15;800;6.5;6.5;20C
Ultrafine Xtreme 400;Ilfotec HC;1+31;800;12.5;12.5;20C
Ultrafine Xtreme 400;Ilfotec LC29;1+29;200;9;9;20C
Ultrafine Xtreme 400;Ilfotec LC29;1+19;250;8;8;20C
Ultrafine Xtreme 400;Ilfotec LC29;1+19;400;8;8;20C
Ultrafine Xtreme 400;Ilfotec LC29;1+29;400;11;11;20C
Ultrafine Xtreme 400;Ilfotec LC29;1+9;400;4.5;4.5;20C
Ultrafine Xtreme 400;Ilfotec LC29;1+19;800;12.5;12.5;20C
Ultrafine Xtreme 400;Ilfotec LC29;1+9;800;6.5;6.5;20C
Ultrafine Xtreme 400;Kalogen;1+75;400;7.5;7.5;20C
Ultrafine Xtreme 400;Microphen;1+3;200;9;9;20C
Ultrafine Xtreme 400;Microphen;1+1;400;15;15;20C
Ultrafine Xtreme 400;Microphen;stock;400;8;8;20C
Ultrafine Xtreme 400;Microphen;1+1;800;19;19;20C
Ultrafine Xtreme 400;Microphen;stock;800;10;10;20C
Ultrafine Xtreme 400;Perceptol;1+1;320;23;23;20C
Ultrafine Xtreme 400;PMK;1+2+100;400;13;13;20C
Ultrafine Xtreme 400;Pyrocat-M;1+100;200;15;15;21C
Ultrafine Xtreme 400;Rodinal;1+50;25;7;7;20C
Ultrafine Xtreme 400;Rodinal;1+25;400;7.5;7.5;20C
Ultrafine Xtreme 400;Rodinal;1+50;400;15-20;15-20;20C
Ultrafine Xtreme 400;Sprint Standard;1+9;400;11.5;11.5;20C
Ultrafine Xtreme 400;TMax Dev;1+4;400;5.5;5.5;20C
Ultrafine Xtreme 400;TMax Dev;1+9;400;10;10;20C
Ultrafine Xtreme 400;TMax Dev;1+9;1600;18;18;20C
Ultrafine Xtreme 400;TMax RS;stock;400;6.5;6.5;20C
Ultrafine Xtreme 400;Ultrafine Endurance;1+9;400;5;5;20C
Ultrafine Xtreme 400;Ultrafine Powder;1+1;400;10.5;10.5;20C
Ultrafine Xtreme 400;Ultrafine Powder;stock;400;9;9;20C
Ultrafine Xtreme 400;Uncle Mort's;1+9;400;10;10;20C
Ultrafine Xtreme 400;Xtol;stock;400;9;9;20C
Ultrafine Xtreme 400;Xtol;1+1;400;12;12;20C
Ultrafine Xtreme 400;Xtol;stock;800;10.5;10.5;20C
Ultrafine Xtreme 400;Xtol;1+1;800;14.5;14.5;20C
Ultrafine Xtreme 400;Xtol;stock;1600;13;13;20C
Ultrafine Xtreme 400;Xtol;1+1;1600;18;18;20C
Ultrafine Xtreme 400;Xtol;stock;3200;17.5;17.5;20C
Washi - A;D-76;stock;12;6;/;20C
Washi - A;ID-11;stock;12;6;/;20C
Washi - A;Ilfotec DD-X;1+4;12;6;/;20C
Washi - A;Ilfotec LC29;1+19;12;7;/;20C
Washi - A;Microphen;stock;12;5.5;/;20C
Washi - A;Rodinal;1+50;6;8;/;20C
Washi - A;Rodinal;1+100;12;90;/;18C
Washi - A;Rodinal;1+50;12;13;/;20C
Washi - A;Xtol;stock;12;5.5;/;20C
Washi - D;D-76;1+1;500;8.5;/;20C
Washi - D;ID-11;1+1;500;8.5;/;20C
Washi - D;Ilfotec LC29;1+19;500;6;/;20C
Washi - D;Ilfotec RT Rapid;stock;500;1.1;/;26C
Washi - D;Rodinal;1+50;500;11;/;20C
Washi - F;D-76;1+1;100;11;11;20C
Washi - F;HC-110;A;100;4.5;4.5;20C
Washi - F;ID-11;1+1;100;11;11;20C
Washi - F;Ilfotec LC29;1+19;100;8;8;20C
Washi - F;Rodinal;1+25;100;9;9;20C
Washi - S;Ilfosol 3;1+9;50;7.5;/;20C
Washi - S;Ilfotec LC29;1+19;50;12;/;20C
Washi - S;Rodinal;1+25;50;11;/;20C
Washi - S;Xtol;stock;50;7;/;20C
Washi - W;Eukobrom;1+9;12;3;3;20C
Washi - W;Eukobrom;1+1;25;3;3;20C
Washi - W;PQ Universal;1+9;6;3;3;20C
Washi - Z;Caffenol C-M;stock;400;20;/;20C
Washi - Z;D-76;stock;400;10;/;20C
Washi - Z;Eco Pro;stock;400;8;/;20C
Washi - Z;ID-11;stock;400;10;/;20C
Washi - Z;Ilfosol 3;1+9;400;4.5;/;20C
Washi - Z;Ilfotec RT Rapid;stock;400;1.1;/;26C
Washi - Z;Microphen;1+1;400;11;/;20C
Washi - Z;Rodinal;1+25;400;7;/;20C
Washi - Z;Silberra Ascorol;1+29;400;10;/;20C
Washi - Z;Studional;stock;400;4.5;/;20C
Washi - Z;Xtol;stock;400;8;/;20C
