ISO-10303-21;
HEADER;
FILE_DESCRIPTION(('Open CASCADE Model'),'2;1');
FILE_NAME('Open CASCADE Shape Model','2026-10-08T23:32:29',('Author'),(
    'Open CASCADE'),'Open CASCADE STEP processor 7.9','Open CASCADE 7.9'
  ,'Unknown');
FILE_SCHEMA(('AUTOMOTIVE_DESIGN { 1 0 10303 214 1 1 1 1 }'));
ENDSEC;
DATA;
#1 = APPLICATION_PROTOCOL_DEFINITION('international standard',
  'automotive_design',2000,#2);
#2 = APPLICATION_CONTEXT(
  'core data for automotive mechanical design processes');
#3 = SHAPE_DEFINITION_REPRESENTATION(#4,#10);
#4 = PRODUCT_DEFINITION_SHAPE('','',#5);
#5 = PRODUCT_DEFINITION('design','',#6,#9);
#6 = PRODUCT_DEFINITION_FORMATION('','',#7);
#7 = PRODUCT('Open CASCADE STEP translator 7.9 21',
  'Open CASCADE STEP translator 7.9 21','',(#8));
#8 = PRODUCT_CONTEXT('',#2,'mechanical');
#9 = PRODUCT_DEFINITION_CONTEXT('part definition',#2,'design');
#10 = ADVANCED_BREP_SHAPE_REPRESENTATION('',(#11,#15),#4977);
#11 = AXIS2_PLACEMENT_3D('',#12,#13,#14);
#12 = CARTESIAN_POINT('',(0.,0.,0.));
#13 = DIRECTION('',(0.,0.,1.));
#14 = DIRECTION('',(1.,0.,-0.));
#15 = MANIFOLD_SOLID_BREP('',#16);
#16 = CLOSED_SHELL('',(#17,#137,#325,#552,#708,#875,#1009,#1058,#1163,
    #1258,#1285,#1334,#1469,#1980,#2029,#2540,#2621,#2670,#2770,#2821,
    #2875,#2934,#2988,#3047,#3098,#3422,#3451,#3948,#3954,#4088,#4137,
    #4608,#4615,#4641,#4646,#4653,#4679,#4684,#4711,#4717,#4747,#4777,
    #4806,#4858,#4907,#4941,#4970));
#17 = ADVANCED_FACE('',(#18),#32,.F.);
#18 = FACE_BOUND('',#19,.F.);
#19 = EDGE_LOOP('',(#20,#55,#83,#111));
#20 = ORIENTED_EDGE('',*,*,#21,.F.);
#21 = EDGE_CURVE('',#22,#24,#26,.T.);
#22 = VERTEX_POINT('',#23);
#23 = CARTESIAN_POINT('',(-16.,-36.,0.));
#24 = VERTEX_POINT('',#25);
#25 = CARTESIAN_POINT('',(-16.,-36.,35.5));
#26 = SURFACE_CURVE('',#27,(#31,#43),.PCURVE_S1.);
#27 = LINE('',#28,#29);
#28 = CARTESIAN_POINT('',(-16.,-36.,0.));
#29 = VECTOR('',#30,1.);
#30 = DIRECTION('',(0.,0.,1.));
#31 = PCURVE('',#32,#37);
#32 = PLANE('',#33);
#33 = AXIS2_PLACEMENT_3D('',#34,#35,#36);
#34 = CARTESIAN_POINT('',(-16.,-36.,0.));
#35 = DIRECTION('',(1.,0.,0.));
#36 = DIRECTION('',(0.,0.,1.));
#37 = DEFINITIONAL_REPRESENTATION('',(#38),#42);
#38 = LINE('',#39,#40);
#39 = CARTESIAN_POINT('',(0.,0.));
#40 = VECTOR('',#41,1.);
#41 = DIRECTION('',(1.,0.));
#42 = ( GEOMETRIC_REPRESENTATION_CONTEXT(2) 
PARAMETRIC_REPRESENTATION_CONTEXT() REPRESENTATION_CONTEXT('2D SPACE',''
  ) );
#43 = PCURVE('',#44,#49);
#44 = PLANE('',#45);
#45 = AXIS2_PLACEMENT_3D('',#46,#47,#48);
#46 = CARTESIAN_POINT('',(-16.,-36.,0.));
#47 = DIRECTION('',(0.,1.,0.));
#48 = DIRECTION('',(0.,0.,1.));
#49 = DEFINITIONAL_REPRESENTATION('',(#50),#54);
#50 = LINE('',#51,#52);
#51 = CARTESIAN_POINT('',(0.,0.));
#52 = VECTOR('',#53,1.);
#53 = DIRECTION('',(1.,0.));
#54 = ( GEOMETRIC_REPRESENTATION_CONTEXT(2) 
PARAMETRIC_REPRESENTATION_CONTEXT() REPRESENTATION_CONTEXT('2D SPACE',''
  ) );
#55 = ORIENTED_EDGE('',*,*,#56,.T.);
#56 = EDGE_CURVE('',#22,#57,#59,.T.);
#57 = VERTEX_POINT('',#58);
#58 = CARTESIAN_POINT('',(-16.,36.,0.));
#59 = SURFACE_CURVE('',#60,(#64,#71),.PCURVE_S1.);
#60 = LINE('',#61,#62);
#61 = CARTESIAN_POINT('',(-16.,-36.,0.));
#62 = VECTOR('',#63,1.);
#63 = DIRECTION('',(0.,1.,0.));
#64 = PCURVE('',#32,#65);
#65 = DEFINITIONAL_REPRESENTATION('',(#66),#70);
#66 = LINE('',#67,#68);
#67 = CARTESIAN_POINT('',(0.,0.));
#68 = VECTOR('',#69,1.);
#69 = DIRECTION('',(0.,-1.));
#70 = ( GEOMETRIC_REPRESENTATION_CONTEXT(2) 
PARAMETRIC_REPRESENTATION_CONTEXT() REPRESENTATION_CONTEXT('2D SPACE',''
  ) );
#71 = PCURVE('',#72,#77);
#72 = PLANE('',#73);
#73 = AXIS2_PLACEMENT_3D('',#74,#75,#76);
#74 = CARTESIAN_POINT('',(-16.,-36.,0.));
#75 = DIRECTION('',(0.,0.,1.));
#76 = DIRECTION('',(1.,0.,0.));
#77 = DEFINITIONAL_REPRESENTATION('',(#78),#82);
#78 = LINE('',#79,#80);
#79 = CARTESIAN_POINT('',(0.,0.));
#80 = VECTOR('',#81,1.);
#81 = DIRECTION('',(0.,1.));
#82 = ( GEOMETRIC_REPRESENTATION_CONTEXT(2) 
PARAMETRIC_REPRESENTATION_CONTEXT() REPRESENTATION_CONTEXT('2D SPACE',''
  ) );
#83 = ORIENTED_EDGE('',*,*,#84,.T.);
#84 = EDGE_CURVE('',#57,#85,#87,.T.);
#85 = VERTEX_POINT('',#86);
#86 = CARTESIAN_POINT('',(-16.,36.,35.5));
#87 = SURFACE_CURVE('',#88,(#92,#99),.PCURVE_S1.);
#88 = LINE('',#89,#90);
#89 = CARTESIAN_POINT('',(-16.,36.,0.));
#90 = VECTOR('',#91,1.);
#91 = DIRECTION('',(0.,0.,1.));
#92 = PCURVE('',#32,#93);
#93 = DEFINITIONAL_REPRESENTATION('',(#94),#98);
#94 = LINE('',#95,#96);
#95 = CARTESIAN_POINT('',(0.,-72.));
#96 = VECTOR('',#97,1.);
#97 = DIRECTION('',(1.,0.));
#98 = ( GEOMETRIC_REPRESENTATION_CONTEXT(2) 
PARAMETRIC_REPRESENTATION_CONTEXT() REPRESENTATION_CONTEXT('2D SPACE',''
  ) );
#99 = PCURVE('',#100,#105);
#100 = PLANE('',#101);
#101 = AXIS2_PLACEMENT_3D('',#102,#103,#104);
#102 = CARTESIAN_POINT('',(-16.,36.,0.));
#103 = DIRECTION('',(0.,1.,0.));
#104 = DIRECTION('',(0.,0.,1.));
#105 = DEFINITIONAL_REPRESENTATION('',(#106),#110);
#106 = LINE('',#107,#108);
#107 = CARTESIAN_POINT('',(0.,0.));
#108 = VECTOR('',#109,1.);
#109 = DIRECTION('',(1.,0.));
#110 = ( GEOMETRIC_REPRESENTATION_CONTEXT(2) 
PARAMETRIC_REPRESENTATION_CONTEXT() REPRESENTATION_CONTEXT('2D SPACE',''
  ) );
#111 = ORIENTED_EDGE('',*,*,#112,.F.);
#112 = EDGE_CURVE('',#24,#85,#113,.T.);
#113 = SURFACE_CURVE('',#114,(#118,#125),.PCURVE_S1.);
#114 = LINE('',#115,#116);
#115 = CARTESIAN_POINT('',(-16.,-36.,35.5));
#116 = VECTOR('',#117,1.);
#117 = DIRECTION('',(0.,1.,0.));
#118 = PCURVE('',#32,#119);
#119 = DEFINITIONAL_REPRESENTATION('',(#120),#124);
#120 = LINE('',#121,#122);
#121 = CARTESIAN_POINT('',(35.5,0.));
#122 = VECTOR('',#123,1.);
#123 = DIRECTION('',(0.,-1.));
#124 = ( GEOMETRIC_REPRESENTATION_CONTEXT(2) 
PARAMETRIC_REPRESENTATION_CONTEXT() REPRESENTATION_CONTEXT('2D SPACE',''
  ) );
#125 = PCURVE('',#126,#131);
#126 = PLANE('',#127);
#127 = AXIS2_PLACEMENT_3D('',#128,#129,#130);
#128 = CARTESIAN_POINT('',(-16.,-36.,35.5));
#129 = DIRECTION('',(0.,0.,1.));
#130 = DIRECTION('',(1.,0.,0.));
#131 = DEFINITIONAL_REPRESENTATION('',(#132),#136);
#132 = LINE('',#133,#134);
#133 = CARTESIAN_POINT('',(0.,0.));
#134 = VECTOR('',#135,1.);
#135 = DIRECTION('',(0.,1.));
#136 = ( GEOMETRIC_REPRESENTATION_CONTEXT(2) 
PARAMETRIC_REPRESENTATION_CONTEXT() REPRESENTATION_CONTEXT('2D SPACE',''
  ) );
#137 = ADVANCED_FACE('',(#138),#44,.F.);
#138 = FACE_BOUND('',#139,.F.);
#139 = EDGE_LOOP('',(#140,#170,#191,#192,#215,#243,#271,#299));
#140 = ORIENTED_EDGE('',*,*,#141,.F.);
#141 = EDGE_CURVE('',#142,#144,#146,.T.);
#142 = VERTEX_POINT('',#143);
#143 = CARTESIAN_POINT('',(16.,-36.,0.));
#144 = VERTEX_POINT('',#145);
#145 = CARTESIAN_POINT('',(16.,-36.,35.5));
#146 = SURFACE_CURVE('',#147,(#151,#158),.PCURVE_S1.);
#147 = LINE('',#148,#149);
#148 = CARTESIAN_POINT('',(16.,-36.,0.));
#149 = VECTOR('',#150,1.);
#150 = DIRECTION('',(0.,0.,1.));
#151 = PCURVE('',#44,#152);
#152 = DEFINITIONAL_REPRESENTATION('',(#153),#157);
#153 = LINE('',#154,#155);
#154 = CARTESIAN_POINT('',(0.,32.));
#155 = VECTOR('',#156,1.);
#156 = DIRECTION('',(1.,0.));
#157 = ( GEOMETRIC_REPRESENTATION_CONTEXT(2) 
PARAMETRIC_REPRESENTATION_CONTEXT() REPRESENTATION_CONTEXT('2D SPACE',''
  ) );
#158 = PCURVE('',#159,#164);
#159 = PLANE('',#160);
#160 = AXIS2_PLACEMENT_3D('',#161,#162,#163);
#161 = CARTESIAN_POINT('',(16.,-36.,0.));
#162 = DIRECTION('',(1.,0.,0.));
#163 = DIRECTION('',(0.,0.,1.));
#164 = DEFINITIONAL_REPRESENTATION('',(#165),#169);
#165 = LINE('',#166,#167);
#166 = CARTESIAN_POINT('',(0.,0.));
#167 = VECTOR('',#168,1.);
#168 = DIRECTION('',(1.,0.));
#169 = ( GEOMETRIC_REPRESENTATION_CONTEXT(2) 
PARAMETRIC_REPRESENTATION_CONTEXT() REPRESENTATION_CONTEXT('2D SPACE',''
  ) );
#170 = ORIENTED_EDGE('',*,*,#171,.F.);
#171 = EDGE_CURVE('',#22,#142,#172,.T.);
#172 = SURFACE_CURVE('',#173,(#177,#184),.PCURVE_S1.);
#173 = LINE('',#174,#175);
#174 = CARTESIAN_POINT('',(-16.,-36.,0.));
#175 = VECTOR('',#176,1.);
#176 = DIRECTION('',(1.,0.,0.));
#177 = PCURVE('',#44,#178);
#178 = DEFINITIONAL_REPRESENTATION('',(#179),#183);
#179 = LINE('',#180,#181);
#180 = CARTESIAN_POINT('',(0.,0.));
#181 = VECTOR('',#182,1.);
#182 = DIRECTION('',(0.,1.));
#183 = ( GEOMETRIC_REPRESENTATION_CONTEXT(2) 
PARAMETRIC_REPRESENTATION_CONTEXT() REPRESENTATION_CONTEXT('2D SPACE',''
  ) );
#184 = PCURVE('',#72,#185);
#185 = DEFINITIONAL_REPRESENTATION('',(#186),#190);
#186 = LINE('',#187,#188);
#187 = CARTESIAN_POINT('',(0.,0.));
#188 = VECTOR('',#189,1.);
#189 = DIRECTION('',(1.,0.));
#190 = ( GEOMETRIC_REPRESENTATION_CONTEXT(2) 
PARAMETRIC_REPRESENTATION_CONTEXT() REPRESENTATION_CONTEXT('2D SPACE',''
  ) );
#191 = ORIENTED_EDGE('',*,*,#21,.T.);
#192 = ORIENTED_EDGE('',*,*,#193,.T.);
#193 = EDGE_CURVE('',#24,#194,#196,.T.);
#194 = VERTEX_POINT('',#195);
#195 = CARTESIAN_POINT('',(-7.5,-36.,35.5));
#196 = SURFACE_CURVE('',#197,(#201,#208),.PCURVE_S1.);
#197 = LINE('',#198,#199);
#198 = CARTESIAN_POINT('',(-16.,-36.,35.5));
#199 = VECTOR('',#200,1.);
#200 = DIRECTION('',(1.,0.,0.));
#201 = PCURVE('',#44,#202);
#202 = DEFINITIONAL_REPRESENTATION('',(#203),#207);
#203 = LINE('',#204,#205);
#204 = CARTESIAN_POINT('',(35.5,0.));
#205 = VECTOR('',#206,1.);
#206 = DIRECTION('',(0.,1.));
#207 = ( GEOMETRIC_REPRESENTATION_CONTEXT(2) 
PARAMETRIC_REPRESENTATION_CONTEXT() REPRESENTATION_CONTEXT('2D SPACE',''
  ) );
#208 = PCURVE('',#126,#209);
#209 = DEFINITIONAL_REPRESENTATION('',(#210),#214);
#210 = LINE('',#211,#212);
#211 = CARTESIAN_POINT('',(0.,0.));
#212 = VECTOR('',#213,1.);
#213 = DIRECTION('',(1.,0.));
#214 = ( GEOMETRIC_REPRESENTATION_CONTEXT(2) 
PARAMETRIC_REPRESENTATION_CONTEXT() REPRESENTATION_CONTEXT('2D SPACE',''
  ) );
#215 = ORIENTED_EDGE('',*,*,#216,.T.);
#216 = EDGE_CURVE('',#194,#217,#219,.T.);
#217 = VERTEX_POINT('',#218);
#218 = CARTESIAN_POINT('',(-7.5,-36.,17.5));
#219 = SURFACE_CURVE('',#220,(#224,#231),.PCURVE_S1.);
#220 = LINE('',#221,#222);
#221 = CARTESIAN_POINT('',(-7.5,-36.,8.75));
#222 = VECTOR('',#223,1.);
#223 = DIRECTION('',(0.,0.,-1.));
#224 = PCURVE('',#44,#225);
#225 = DEFINITIONAL_REPRESENTATION('',(#226),#230);
#226 = LINE('',#227,#228);
#227 = CARTESIAN_POINT('',(8.75,8.5));
#228 = VECTOR('',#229,1.);
#229 = DIRECTION('',(-1.,0.));
#230 = ( GEOMETRIC_REPRESENTATION_CONTEXT(2) 
PARAMETRIC_REPRESENTATION_CONTEXT() REPRESENTATION_CONTEXT('2D SPACE',''
  ) );
#231 = PCURVE('',#232,#237);
#232 = PLANE('',#233);
#233 = AXIS2_PLACEMENT_3D('',#234,#235,#236);
#234 = CARTESIAN_POINT('',(-7.5,-36.01,17.5));
#235 = DIRECTION('',(1.,0.,0.));
#236 = DIRECTION('',(0.,0.,1.));
#237 = DEFINITIONAL_REPRESENTATION('',(#238),#242);
#238 = LINE('',#239,#240);
#239 = CARTESIAN_POINT('',(-8.75,-9.999999999998E-03));
#240 = VECTOR('',#241,1.);
#241 = DIRECTION('',(-1.,0.));
#242 = ( GEOMETRIC_REPRESENTATION_CONTEXT(2) 
PARAMETRIC_REPRESENTATION_CONTEXT() REPRESENTATION_CONTEXT('2D SPACE',''
  ) );
#243 = ORIENTED_EDGE('',*,*,#244,.T.);
#244 = EDGE_CURVE('',#217,#245,#247,.T.);
#245 = VERTEX_POINT('',#246);
#246 = CARTESIAN_POINT('',(10.5,-36.,17.5));
#247 = SURFACE_CURVE('',#248,(#252,#259),.PCURVE_S1.);
#248 = LINE('',#249,#250);
#249 = CARTESIAN_POINT('',(-11.75,-36.,17.5));
#250 = VECTOR('',#251,1.);
#251 = DIRECTION('',(1.,0.,0.));
#252 = PCURVE('',#44,#253);
#253 = DEFINITIONAL_REPRESENTATION('',(#254),#258);
#254 = LINE('',#255,#256);
#255 = CARTESIAN_POINT('',(17.5,4.25));
#256 = VECTOR('',#257,1.);
#257 = DIRECTION('',(0.,1.));
#258 = ( GEOMETRIC_REPRESENTATION_CONTEXT(2) 
PARAMETRIC_REPRESENTATION_CONTEXT() REPRESENTATION_CONTEXT('2D SPACE',''
  ) );
#259 = PCURVE('',#260,#265);
#260 = PLANE('',#261);
#261 = AXIS2_PLACEMENT_3D('',#262,#263,#264);
#262 = CARTESIAN_POINT('',(-7.5,-36.01,17.5));
#263 = DIRECTION('',(0.,0.,1.));
#264 = DIRECTION('',(1.,0.,0.));
#265 = DEFINITIONAL_REPRESENTATION('',(#266),#270);
#266 = LINE('',#267,#268);
#267 = CARTESIAN_POINT('',(-4.25,9.999999999998E-03));
#268 = VECTOR('',#269,1.);
#269 = DIRECTION('',(1.,0.));
#270 = ( GEOMETRIC_REPRESENTATION_CONTEXT(2) 
PARAMETRIC_REPRESENTATION_CONTEXT() REPRESENTATION_CONTEXT('2D SPACE',''
  ) );
#271 = ORIENTED_EDGE('',*,*,#272,.F.);
#272 = EDGE_CURVE('',#273,#245,#275,.T.);
#273 = VERTEX_POINT('',#274);
#274 = CARTESIAN_POINT('',(10.5,-36.,35.5));
#275 = SURFACE_CURVE('',#276,(#280,#287),.PCURVE_S1.);
#276 = LINE('',#277,#278);
#277 = CARTESIAN_POINT('',(10.5,-36.,8.75));
#278 = VECTOR('',#279,1.);
#279 = DIRECTION('',(0.,0.,-1.));
#280 = PCURVE('',#44,#281);
#281 = DEFINITIONAL_REPRESENTATION('',(#282),#286);
#282 = LINE('',#283,#284);
#283 = CARTESIAN_POINT('',(8.75,26.5));
#284 = VECTOR('',#285,1.);
#285 = DIRECTION('',(-1.,0.));
#286 = ( GEOMETRIC_REPRESENTATION_CONTEXT(2) 
PARAMETRIC_REPRESENTATION_CONTEXT() REPRESENTATION_CONTEXT('2D SPACE',''
  ) );
#287 = PCURVE('',#288,#293);
#288 = PLANE('',#289);
#289 = AXIS2_PLACEMENT_3D('',#290,#291,#292);
#290 = CARTESIAN_POINT('',(10.5,-36.01,17.5));
#291 = DIRECTION('',(1.,0.,0.));
#292 = DIRECTION('',(0.,0.,1.));
#293 = DEFINITIONAL_REPRESENTATION('',(#294),#298);
#294 = LINE('',#295,#296);
#295 = CARTESIAN_POINT('',(-8.75,-9.999999999998E-03));
#296 = VECTOR('',#297,1.);
#297 = DIRECTION('',(-1.,0.));
#298 = ( GEOMETRIC_REPRESENTATION_CONTEXT(2) 
PARAMETRIC_REPRESENTATION_CONTEXT() REPRESENTATION_CONTEXT('2D SPACE',''
  ) );
#299 = ORIENTED_EDGE('',*,*,#300,.T.);
#300 = EDGE_CURVE('',#273,#144,#301,.T.);
#301 = SURFACE_CURVE('',#302,(#306,#313),.PCURVE_S1.);
#302 = LINE('',#303,#304);
#303 = CARTESIAN_POINT('',(-16.,-36.,35.5));
#304 = VECTOR('',#305,1.);
#305 = DIRECTION('',(1.,0.,0.));
#306 = PCURVE('',#44,#307);
#307 = DEFINITIONAL_REPRESENTATION('',(#308),#312);
#308 = LINE('',#309,#310);
#309 = CARTESIAN_POINT('',(35.5,0.));
#310 = VECTOR('',#311,1.);
#311 = DIRECTION('',(0.,1.));
#312 = ( GEOMETRIC_REPRESENTATION_CONTEXT(2) 
PARAMETRIC_REPRESENTATION_CONTEXT() REPRESENTATION_CONTEXT('2D SPACE',''
  ) );
#313 = PCURVE('',#314,#319);
#314 = PLANE('',#315);
#315 = AXIS2_PLACEMENT_3D('',#316,#317,#318);
#316 = CARTESIAN_POINT('',(-16.,-36.,35.5));
#317 = DIRECTION('',(0.,0.,1.));
#318 = DIRECTION('',(1.,0.,0.));
#319 = DEFINITIONAL_REPRESENTATION('',(#320),#324);
#320 = LINE('',#321,#322);
#321 = CARTESIAN_POINT('',(0.,0.));
#322 = VECTOR('',#323,1.);
#323 = DIRECTION('',(1.,0.));
#324 = ( GEOMETRIC_REPRESENTATION_CONTEXT(2) 
PARAMETRIC_REPRESENTATION_CONTEXT() REPRESENTATION_CONTEXT('2D SPACE',''
  ) );
#325 = ADVANCED_FACE('',(#326),#126,.T.);
#326 = FACE_BOUND('',#327,.T.);
#327 = EDGE_LOOP('',(#328,#351,#352,#353,#376,#404,#437,#465,#498,#526)
  );
#328 = ORIENTED_EDGE('',*,*,#329,.F.);
#329 = EDGE_CURVE('',#85,#330,#332,.T.);
#330 = VERTEX_POINT('',#331);
#331 = CARTESIAN_POINT('',(-7.5,36.,35.5));
#332 = SURFACE_CURVE('',#333,(#337,#344),.PCURVE_S1.);
#333 = LINE('',#334,#335);
#334 = CARTESIAN_POINT('',(-16.,36.,35.5));
#335 = VECTOR('',#336,1.);
#336 = DIRECTION('',(1.,0.,0.));
#337 = PCURVE('',#126,#338);
#338 = DEFINITIONAL_REPRESENTATION('',(#339),#343);
#339 = LINE('',#340,#341);
#340 = CARTESIAN_POINT('',(0.,72.));
#341 = VECTOR('',#342,1.);
#342 = DIRECTION('',(1.,0.));
#343 = ( GEOMETRIC_REPRESENTATION_CONTEXT(2) 
PARAMETRIC_REPRESENTATION_CONTEXT() REPRESENTATION_CONTEXT('2D SPACE',''
  ) );
#344 = PCURVE('',#100,#345);
#345 = DEFINITIONAL_REPRESENTATION('',(#346),#350);
#346 = LINE('',#347,#348);
#347 = CARTESIAN_POINT('',(35.5,0.));
#348 = VECTOR('',#349,1.);
#349 = DIRECTION('',(0.,1.));
#350 = ( GEOMETRIC_REPRESENTATION_CONTEXT(2) 
PARAMETRIC_REPRESENTATION_CONTEXT() REPRESENTATION_CONTEXT('2D SPACE',''
  ) );
#351 = ORIENTED_EDGE('',*,*,#112,.F.);
#352 = ORIENTED_EDGE('',*,*,#193,.T.);
#353 = ORIENTED_EDGE('',*,*,#354,.T.);
#354 = EDGE_CURVE('',#194,#355,#357,.T.);
#355 = VERTEX_POINT('',#356);
#356 = CARTESIAN_POINT('',(-7.5,-32.8,35.5));
#357 = SURFACE_CURVE('',#358,(#362,#369),.PCURVE_S1.);
#358 = LINE('',#359,#360);
#359 = CARTESIAN_POINT('',(-7.5,-36.005,35.5));
#360 = VECTOR('',#361,1.);
#361 = DIRECTION('',(0.,1.,0.));
#362 = PCURVE('',#126,#363);
#363 = DEFINITIONAL_REPRESENTATION('',(#364),#368);
#364 = LINE('',#365,#366);
#365 = CARTESIAN_POINT('',(8.5,-4.999999999995E-03));
#366 = VECTOR('',#367,1.);
#367 = DIRECTION('',(0.,1.));
#368 = ( GEOMETRIC_REPRESENTATION_CONTEXT(2) 
PARAMETRIC_REPRESENTATION_CONTEXT() REPRESENTATION_CONTEXT('2D SPACE',''
  ) );
#369 = PCURVE('',#232,#370);
#370 = DEFINITIONAL_REPRESENTATION('',(#371),#375);
#371 = LINE('',#372,#373);
#372 = CARTESIAN_POINT('',(18.,-5.000000000003E-03));
#373 = VECTOR('',#374,1.);
#374 = DIRECTION('',(0.,-1.));
#375 = ( GEOMETRIC_REPRESENTATION_CONTEXT(2) 
PARAMETRIC_REPRESENTATION_CONTEXT() REPRESENTATION_CONTEXT('2D SPACE',''
  ) );
#376 = ORIENTED_EDGE('',*,*,#377,.T.);
#377 = EDGE_CURVE('',#355,#378,#380,.T.);
#378 = VERTEX_POINT('',#379);
#379 = CARTESIAN_POINT('',(-11.16958653043,-32.8,35.5));
#380 = SURFACE_CURVE('',#381,(#385,#392),.PCURVE_S1.);
#381 = LINE('',#382,#383);
#382 = CARTESIAN_POINT('',(16.,-32.8,35.5));
#383 = VECTOR('',#384,1.);
#384 = DIRECTION('',(-1.,0.,0.));
#385 = PCURVE('',#126,#386);
#386 = DEFINITIONAL_REPRESENTATION('',(#387),#391);
#387 = LINE('',#388,#389);
#388 = CARTESIAN_POINT('',(32.,3.2));
#389 = VECTOR('',#390,1.);
#390 = DIRECTION('',(-1.,0.));
#391 = ( GEOMETRIC_REPRESENTATION_CONTEXT(2) 
PARAMETRIC_REPRESENTATION_CONTEXT() REPRESENTATION_CONTEXT('2D SPACE',''
  ) );
#392 = PCURVE('',#393,#398);
#393 = PLANE('',#394);
#394 = AXIS2_PLACEMENT_3D('',#395,#396,#397);
#395 = CARTESIAN_POINT('',(-12.8,-32.8,28.));
#396 = DIRECTION('',(0.,1.,0.));
#397 = DIRECTION('',(0.,0.,1.));
#398 = DEFINITIONAL_REPRESENTATION('',(#399),#403);
#399 = LINE('',#400,#401);
#400 = CARTESIAN_POINT('',(7.5,28.8));
#401 = VECTOR('',#402,1.);
#402 = DIRECTION('',(0.,-1.));
#403 = ( GEOMETRIC_REPRESENTATION_CONTEXT(2) 
PARAMETRIC_REPRESENTATION_CONTEXT() REPRESENTATION_CONTEXT('2D SPACE',''
  ) );
#404 = ORIENTED_EDGE('',*,*,#405,.T.);
#405 = EDGE_CURVE('',#378,#406,#408,.T.);
#406 = VERTEX_POINT('',#407);
#407 = CARTESIAN_POINT('',(-12.8,-26.91455027589,35.5));
#408 = SURFACE_CURVE('',#409,(#414,#425),.PCURVE_S1.);
#409 = CIRCLE('',#410,3.1);
#410 = AXIS2_PLACEMENT_3D('',#411,#412,#413);
#411 = CARTESIAN_POINT('',(-12.5,-30.,35.5));
#412 = DIRECTION('',(0.,0.,-1.));
#413 = DIRECTION('',(1.,0.,0.));
#414 = PCURVE('',#126,#415);
#415 = DEFINITIONAL_REPRESENTATION('',(#416),#424);
#416 = ( BOUNDED_CURVE() B_SPLINE_CURVE(2,(#417,#418,#419,#420,#421,#422
,#423),.UNSPECIFIED.,.T.,.F.) B_SPLINE_CURVE_WITH_KNOTS((1,2,2,2,2,1),(
    -2.094395102393,0.,2.094395102393,4.188790204786,6.28318530718,
8.377580409573),.UNSPECIFIED.) CURVE() GEOMETRIC_REPRESENTATION_ITEM() 
RATIONAL_B_SPLINE_CURVE((1.,0.5,1.,0.5,1.,0.5,1.)) REPRESENTATION_ITEM(
  '') );
#417 = CARTESIAN_POINT('',(6.6,6.));
#418 = CARTESIAN_POINT('',(6.6,0.630642496536));
#419 = CARTESIAN_POINT('',(1.95,3.315321248268));
#420 = CARTESIAN_POINT('',(-2.7,6.));
#421 = CARTESIAN_POINT('',(1.95,8.684678751732));
#422 = CARTESIAN_POINT('',(6.6,11.369357503464));
#423 = CARTESIAN_POINT('',(6.6,6.));
#424 = ( GEOMETRIC_REPRESENTATION_CONTEXT(2) 
PARAMETRIC_REPRESENTATION_CONTEXT() REPRESENTATION_CONTEXT('2D SPACE',''
  ) );
#425 = PCURVE('',#426,#431);
#426 = CYLINDRICAL_SURFACE('',#427,3.1);
#427 = AXIS2_PLACEMENT_3D('',#428,#429,#430);
#428 = CARTESIAN_POINT('',(-12.5,-30.,5.));
#429 = DIRECTION('',(-0.,-0.,-1.));
#430 = DIRECTION('',(1.,0.,0.));
#431 = DEFINITIONAL_REPRESENTATION('',(#432),#436);
#432 = LINE('',#433,#434);
#433 = CARTESIAN_POINT('',(-6.28318530718,-30.5));
#434 = VECTOR('',#435,1.);
#435 = DIRECTION('',(1.,-0.));
#436 = ( GEOMETRIC_REPRESENTATION_CONTEXT(2) 
PARAMETRIC_REPRESENTATION_CONTEXT() REPRESENTATION_CONTEXT('2D SPACE',''
  ) );
#437 = ORIENTED_EDGE('',*,*,#438,.T.);
#438 = EDGE_CURVE('',#406,#439,#441,.T.);
#439 = VERTEX_POINT('',#440);
#440 = CARTESIAN_POINT('',(-12.8,26.914550275892,35.5));
#441 = SURFACE_CURVE('',#442,(#446,#453),.PCURVE_S1.);
#442 = LINE('',#443,#444);
#443 = CARTESIAN_POINT('',(-12.8,-34.4,35.5));
#444 = VECTOR('',#445,1.);
#445 = DIRECTION('',(0.,1.,0.));
#446 = PCURVE('',#126,#447);
#447 = DEFINITIONAL_REPRESENTATION('',(#448),#452);
#448 = LINE('',#449,#450);
#449 = CARTESIAN_POINT('',(3.2,1.6));
#450 = VECTOR('',#451,1.);
#451 = DIRECTION('',(0.,1.));
#452 = ( GEOMETRIC_REPRESENTATION_CONTEXT(2) 
PARAMETRIC_REPRESENTATION_CONTEXT() REPRESENTATION_CONTEXT('2D SPACE',''
  ) );
#453 = PCURVE('',#454,#459);
#454 = PLANE('',#455);
#455 = AXIS2_PLACEMENT_3D('',#456,#457,#458);
#456 = CARTESIAN_POINT('',(-12.8,-32.8,28.));
#457 = DIRECTION('',(1.,0.,0.));
#458 = DIRECTION('',(0.,0.,1.));
#459 = DEFINITIONAL_REPRESENTATION('',(#460),#464);
#460 = LINE('',#461,#462);
#461 = CARTESIAN_POINT('',(7.5,1.6));
#462 = VECTOR('',#463,1.);
#463 = DIRECTION('',(0.,-1.));
#464 = ( GEOMETRIC_REPRESENTATION_CONTEXT(2) 
PARAMETRIC_REPRESENTATION_CONTEXT() REPRESENTATION_CONTEXT('2D SPACE',''
  ) );
#465 = ORIENTED_EDGE('',*,*,#466,.T.);
#466 = EDGE_CURVE('',#439,#467,#469,.T.);
#467 = VERTEX_POINT('',#468);
#468 = CARTESIAN_POINT('',(-11.16958653043,32.8,35.5));
#469 = SURFACE_CURVE('',#470,(#475,#486),.PCURVE_S1.);
#470 = CIRCLE('',#471,3.1);
#471 = AXIS2_PLACEMENT_3D('',#472,#473,#474);
#472 = CARTESIAN_POINT('',(-12.5,30.,35.5));
#473 = DIRECTION('',(0.,0.,-1.));
#474 = DIRECTION('',(1.,0.,0.));
#475 = PCURVE('',#126,#476);
#476 = DEFINITIONAL_REPRESENTATION('',(#477),#485);
#477 = ( BOUNDED_CURVE() B_SPLINE_CURVE(2,(#478,#479,#480,#481,#482,#483
,#484),.UNSPECIFIED.,.T.,.F.) B_SPLINE_CURVE_WITH_KNOTS((1,2,2,2,2,1),(
    -2.094395102393,0.,2.094395102393,4.188790204786,6.28318530718,
8.377580409573),.UNSPECIFIED.) CURVE() GEOMETRIC_REPRESENTATION_ITEM() 
RATIONAL_B_SPLINE_CURVE((1.,0.5,1.,0.5,1.,0.5,1.)) REPRESENTATION_ITEM(
  '') );
#478 = CARTESIAN_POINT('',(6.6,66.));
#479 = CARTESIAN_POINT('',(6.6,60.630642496536));
#480 = CARTESIAN_POINT('',(1.95,63.315321248268));
#481 = CARTESIAN_POINT('',(-2.7,66.));
#482 = CARTESIAN_POINT('',(1.95,68.684678751732));
#483 = CARTESIAN_POINT('',(6.6,71.369357503464));
#484 = CARTESIAN_POINT('',(6.6,66.));
#485 = ( GEOMETRIC_REPRESENTATION_CONTEXT(2) 
PARAMETRIC_REPRESENTATION_CONTEXT() REPRESENTATION_CONTEXT('2D SPACE',''
  ) );
#486 = PCURVE('',#487,#492);
#487 = CYLINDRICAL_SURFACE('',#488,3.1);
#488 = AXIS2_PLACEMENT_3D('',#489,#490,#491);
#489 = CARTESIAN_POINT('',(-12.5,30.,5.));
#490 = DIRECTION('',(-0.,-0.,-1.));
#491 = DIRECTION('',(1.,0.,0.));
#492 = DEFINITIONAL_REPRESENTATION('',(#493),#497);
#493 = LINE('',#494,#495);
#494 = CARTESIAN_POINT('',(-6.28318530718,-30.5));
#495 = VECTOR('',#496,1.);
#496 = DIRECTION('',(1.,-0.));
#497 = ( GEOMETRIC_REPRESENTATION_CONTEXT(2) 
PARAMETRIC_REPRESENTATION_CONTEXT() REPRESENTATION_CONTEXT('2D SPACE',''
  ) );
#498 = ORIENTED_EDGE('',*,*,#499,.T.);
#499 = EDGE_CURVE('',#467,#500,#502,.T.);
#500 = VERTEX_POINT('',#501);
#501 = CARTESIAN_POINT('',(-7.5,32.8,35.5));
#502 = SURFACE_CURVE('',#503,(#507,#514),.PCURVE_S1.);
#503 = LINE('',#504,#505);
#504 = CARTESIAN_POINT('',(-12.8,32.8,35.5));
#505 = VECTOR('',#506,1.);
#506 = DIRECTION('',(1.,0.,0.));
#507 = PCURVE('',#126,#508);
#508 = DEFINITIONAL_REPRESENTATION('',(#509),#513);
#509 = LINE('',#510,#511);
#510 = CARTESIAN_POINT('',(3.2,68.8));
#511 = VECTOR('',#512,1.);
#512 = DIRECTION('',(1.,0.));
#513 = ( GEOMETRIC_REPRESENTATION_CONTEXT(2) 
PARAMETRIC_REPRESENTATION_CONTEXT() REPRESENTATION_CONTEXT('2D SPACE',''
  ) );
#514 = PCURVE('',#515,#520);
#515 = PLANE('',#516);
#516 = AXIS2_PLACEMENT_3D('',#517,#518,#519);
#517 = CARTESIAN_POINT('',(1.5,32.8,32.3));
#518 = DIRECTION('',(0.,1.,0.));
#519 = DIRECTION('',(0.,0.,1.));
#520 = DEFINITIONAL_REPRESENTATION('',(#521),#525);
#521 = LINE('',#522,#523);
#522 = CARTESIAN_POINT('',(3.2,-14.3));
#523 = VECTOR('',#524,1.);
#524 = DIRECTION('',(0.,1.));
#525 = ( GEOMETRIC_REPRESENTATION_CONTEXT(2) 
PARAMETRIC_REPRESENTATION_CONTEXT() REPRESENTATION_CONTEXT('2D SPACE',''
  ) );
#526 = ORIENTED_EDGE('',*,*,#527,.T.);
#527 = EDGE_CURVE('',#500,#330,#528,.T.);
#528 = SURFACE_CURVE('',#529,(#533,#540),.PCURVE_S1.);
#529 = LINE('',#530,#531);
#530 = CARTESIAN_POINT('',(-7.5,-1.605,35.5));
#531 = VECTOR('',#532,1.);
#532 = DIRECTION('',(0.,1.,0.));
#533 = PCURVE('',#126,#534);
#534 = DEFINITIONAL_REPRESENTATION('',(#535),#539);
#535 = LINE('',#536,#537);
#536 = CARTESIAN_POINT('',(8.5,34.395));
#537 = VECTOR('',#538,1.);
#538 = DIRECTION('',(0.,1.));
#539 = ( GEOMETRIC_REPRESENTATION_CONTEXT(2) 
PARAMETRIC_REPRESENTATION_CONTEXT() REPRESENTATION_CONTEXT('2D SPACE',''
  ) );
#540 = PCURVE('',#541,#546);
#541 = PLANE('',#542);
#542 = AXIS2_PLACEMENT_3D('',#543,#544,#545);
#543 = CARTESIAN_POINT('',(-7.5,32.79,17.5));
#544 = DIRECTION('',(1.,0.,0.));
#545 = DIRECTION('',(0.,0.,1.));
#546 = DEFINITIONAL_REPRESENTATION('',(#547),#551);
#547 = LINE('',#548,#549);
#548 = CARTESIAN_POINT('',(18.,34.395));
#549 = VECTOR('',#550,1.);
#550 = DIRECTION('',(0.,-1.));
#551 = ( GEOMETRIC_REPRESENTATION_CONTEXT(2) 
PARAMETRIC_REPRESENTATION_CONTEXT() REPRESENTATION_CONTEXT('2D SPACE',''
  ) );
#552 = ADVANCED_FACE('',(#553),#100,.T.);
#553 = FACE_BOUND('',#554,.T.);
#554 = EDGE_LOOP('',(#555,#580,#601,#602,#603,#626,#654,#682));
#555 = ORIENTED_EDGE('',*,*,#556,.F.);
#556 = EDGE_CURVE('',#557,#559,#561,.T.);
#557 = VERTEX_POINT('',#558);
#558 = CARTESIAN_POINT('',(16.,36.,0.));
#559 = VERTEX_POINT('',#560);
#560 = CARTESIAN_POINT('',(16.,36.,35.5));
#561 = SURFACE_CURVE('',#562,(#566,#573),.PCURVE_S1.);
#562 = LINE('',#563,#564);
#563 = CARTESIAN_POINT('',(16.,36.,0.));
#564 = VECTOR('',#565,1.);
#565 = DIRECTION('',(0.,0.,1.));
#566 = PCURVE('',#100,#567);
#567 = DEFINITIONAL_REPRESENTATION('',(#568),#572);
#568 = LINE('',#569,#570);
#569 = CARTESIAN_POINT('',(0.,32.));
#570 = VECTOR('',#571,1.);
#571 = DIRECTION('',(1.,0.));
#572 = ( GEOMETRIC_REPRESENTATION_CONTEXT(2) 
PARAMETRIC_REPRESENTATION_CONTEXT() REPRESENTATION_CONTEXT('2D SPACE',''
  ) );
#573 = PCURVE('',#159,#574);
#574 = DEFINITIONAL_REPRESENTATION('',(#575),#579);
#575 = LINE('',#576,#577);
#576 = CARTESIAN_POINT('',(0.,-72.));
#577 = VECTOR('',#578,1.);
#578 = DIRECTION('',(1.,0.));
#579 = ( GEOMETRIC_REPRESENTATION_CONTEXT(2) 
PARAMETRIC_REPRESENTATION_CONTEXT() REPRESENTATION_CONTEXT('2D SPACE',''
  ) );
#580 = ORIENTED_EDGE('',*,*,#581,.F.);
#581 = EDGE_CURVE('',#57,#557,#582,.T.);
#582 = SURFACE_CURVE('',#583,(#587,#594),.PCURVE_S1.);
#583 = LINE('',#584,#585);
#584 = CARTESIAN_POINT('',(-16.,36.,0.));
#585 = VECTOR('',#586,1.);
#586 = DIRECTION('',(1.,0.,0.));
#587 = PCURVE('',#100,#588);
#588 = DEFINITIONAL_REPRESENTATION('',(#589),#593);
#589 = LINE('',#590,#591);
#590 = CARTESIAN_POINT('',(0.,0.));
#591 = VECTOR('',#592,1.);
#592 = DIRECTION('',(0.,1.));
#593 = ( GEOMETRIC_REPRESENTATION_CONTEXT(2) 
PARAMETRIC_REPRESENTATION_CONTEXT() REPRESENTATION_CONTEXT('2D SPACE',''
  ) );
#594 = PCURVE('',#72,#595);
#595 = DEFINITIONAL_REPRESENTATION('',(#596),#600);
#596 = LINE('',#597,#598);
#597 = CARTESIAN_POINT('',(0.,72.));
#598 = VECTOR('',#599,1.);
#599 = DIRECTION('',(1.,0.));
#600 = ( GEOMETRIC_REPRESENTATION_CONTEXT(2) 
PARAMETRIC_REPRESENTATION_CONTEXT() REPRESENTATION_CONTEXT('2D SPACE',''
  ) );
#601 = ORIENTED_EDGE('',*,*,#84,.T.);
#602 = ORIENTED_EDGE('',*,*,#329,.T.);
#603 = ORIENTED_EDGE('',*,*,#604,.T.);
#604 = EDGE_CURVE('',#330,#605,#607,.T.);
#605 = VERTEX_POINT('',#606);
#606 = CARTESIAN_POINT('',(-7.5,36.,17.5));
#607 = SURFACE_CURVE('',#608,(#612,#619),.PCURVE_S1.);
#608 = LINE('',#609,#610);
#609 = CARTESIAN_POINT('',(-7.5,36.,8.75));
#610 = VECTOR('',#611,1.);
#611 = DIRECTION('',(0.,0.,-1.));
#612 = PCURVE('',#100,#613);
#613 = DEFINITIONAL_REPRESENTATION('',(#614),#618);
#614 = LINE('',#615,#616);
#615 = CARTESIAN_POINT('',(8.75,8.5));
#616 = VECTOR('',#617,1.);
#617 = DIRECTION('',(-1.,0.));
#618 = ( GEOMETRIC_REPRESENTATION_CONTEXT(2) 
PARAMETRIC_REPRESENTATION_CONTEXT() REPRESENTATION_CONTEXT('2D SPACE',''
  ) );
#619 = PCURVE('',#541,#620);
#620 = DEFINITIONAL_REPRESENTATION('',(#621),#625);
#621 = LINE('',#622,#623);
#622 = CARTESIAN_POINT('',(-8.75,-3.21));
#623 = VECTOR('',#624,1.);
#624 = DIRECTION('',(-1.,0.));
#625 = ( GEOMETRIC_REPRESENTATION_CONTEXT(2) 
PARAMETRIC_REPRESENTATION_CONTEXT() REPRESENTATION_CONTEXT('2D SPACE',''
  ) );
#626 = ORIENTED_EDGE('',*,*,#627,.T.);
#627 = EDGE_CURVE('',#605,#628,#630,.T.);
#628 = VERTEX_POINT('',#629);
#629 = CARTESIAN_POINT('',(10.5,36.,17.5));
#630 = SURFACE_CURVE('',#631,(#635,#642),.PCURVE_S1.);
#631 = LINE('',#632,#633);
#632 = CARTESIAN_POINT('',(-11.75,36.,17.5));
#633 = VECTOR('',#634,1.);
#634 = DIRECTION('',(1.,0.,0.));
#635 = PCURVE('',#100,#636);
#636 = DEFINITIONAL_REPRESENTATION('',(#637),#641);
#637 = LINE('',#638,#639);
#638 = CARTESIAN_POINT('',(17.5,4.25));
#639 = VECTOR('',#640,1.);
#640 = DIRECTION('',(0.,1.));
#641 = ( GEOMETRIC_REPRESENTATION_CONTEXT(2) 
PARAMETRIC_REPRESENTATION_CONTEXT() REPRESENTATION_CONTEXT('2D SPACE',''
  ) );
#642 = PCURVE('',#643,#648);
#643 = PLANE('',#644);
#644 = AXIS2_PLACEMENT_3D('',#645,#646,#647);
#645 = CARTESIAN_POINT('',(-7.5,32.79,17.5));
#646 = DIRECTION('',(0.,0.,1.));
#647 = DIRECTION('',(1.,0.,0.));
#648 = DEFINITIONAL_REPRESENTATION('',(#649),#653);
#649 = LINE('',#650,#651);
#650 = CARTESIAN_POINT('',(-4.25,3.21));
#651 = VECTOR('',#652,1.);
#652 = DIRECTION('',(1.,0.));
#653 = ( GEOMETRIC_REPRESENTATION_CONTEXT(2) 
PARAMETRIC_REPRESENTATION_CONTEXT() REPRESENTATION_CONTEXT('2D SPACE',''
  ) );
#654 = ORIENTED_EDGE('',*,*,#655,.F.);
#655 = EDGE_CURVE('',#656,#628,#658,.T.);
#656 = VERTEX_POINT('',#657);
#657 = CARTESIAN_POINT('',(10.5,36.,35.5));
#658 = SURFACE_CURVE('',#659,(#663,#670),.PCURVE_S1.);
#659 = LINE('',#660,#661);
#660 = CARTESIAN_POINT('',(10.5,36.,8.75));
#661 = VECTOR('',#662,1.);
#662 = DIRECTION('',(0.,0.,-1.));
#663 = PCURVE('',#100,#664);
#664 = DEFINITIONAL_REPRESENTATION('',(#665),#669);
#665 = LINE('',#666,#667);
#666 = CARTESIAN_POINT('',(8.75,26.5));
#667 = VECTOR('',#668,1.);
#668 = DIRECTION('',(-1.,0.));
#669 = ( GEOMETRIC_REPRESENTATION_CONTEXT(2) 
PARAMETRIC_REPRESENTATION_CONTEXT() REPRESENTATION_CONTEXT('2D SPACE',''
  ) );
#670 = PCURVE('',#671,#676);
#671 = PLANE('',#672);
#672 = AXIS2_PLACEMENT_3D('',#673,#674,#675);
#673 = CARTESIAN_POINT('',(10.5,32.79,17.5));
#674 = DIRECTION('',(1.,0.,0.));
#675 = DIRECTION('',(0.,0.,1.));
#676 = DEFINITIONAL_REPRESENTATION('',(#677),#681);
#677 = LINE('',#678,#679);
#678 = CARTESIAN_POINT('',(-8.75,-3.21));
#679 = VECTOR('',#680,1.);
#680 = DIRECTION('',(-1.,0.));
#681 = ( GEOMETRIC_REPRESENTATION_CONTEXT(2) 
PARAMETRIC_REPRESENTATION_CONTEXT() REPRESENTATION_CONTEXT('2D SPACE',''
  ) );
#682 = ORIENTED_EDGE('',*,*,#683,.T.);
#683 = EDGE_CURVE('',#656,#559,#684,.T.);
#684 = SURFACE_CURVE('',#685,(#689,#696),.PCURVE_S1.);
#685 = LINE('',#686,#687);
#686 = CARTESIAN_POINT('',(-16.,36.,35.5));
#687 = VECTOR('',#688,1.);
#688 = DIRECTION('',(1.,0.,0.));
#689 = PCURVE('',#100,#690);
#690 = DEFINITIONAL_REPRESENTATION('',(#691),#695);
#691 = LINE('',#692,#693);
#692 = CARTESIAN_POINT('',(35.5,0.));
#693 = VECTOR('',#694,1.);
#694 = DIRECTION('',(0.,1.));
#695 = ( GEOMETRIC_REPRESENTATION_CONTEXT(2) 
PARAMETRIC_REPRESENTATION_CONTEXT() REPRESENTATION_CONTEXT('2D SPACE',''
  ) );
#696 = PCURVE('',#697,#702);
#697 = PLANE('',#698);
#698 = AXIS2_PLACEMENT_3D('',#699,#700,#701);
#699 = CARTESIAN_POINT('',(-16.,-36.,35.5));
#700 = DIRECTION('',(0.,0.,1.));
#701 = DIRECTION('',(1.,0.,0.));
#702 = DEFINITIONAL_REPRESENTATION('',(#703),#707);
#703 = LINE('',#704,#705);
#704 = CARTESIAN_POINT('',(0.,72.));
#705 = VECTOR('',#706,1.);
#706 = DIRECTION('',(1.,0.));
#707 = ( GEOMETRIC_REPRESENTATION_CONTEXT(2) 
PARAMETRIC_REPRESENTATION_CONTEXT() REPRESENTATION_CONTEXT('2D SPACE',''
  ) );
#708 = ADVANCED_FACE('',(#709,#735,#770,#805,#840),#72,.F.);
#709 = FACE_BOUND('',#710,.F.);
#710 = EDGE_LOOP('',(#711,#712,#713,#734));
#711 = ORIENTED_EDGE('',*,*,#56,.F.);
#712 = ORIENTED_EDGE('',*,*,#171,.T.);
#713 = ORIENTED_EDGE('',*,*,#714,.T.);
#714 = EDGE_CURVE('',#142,#557,#715,.T.);
#715 = SURFACE_CURVE('',#716,(#720,#727),.PCURVE_S1.);
#716 = LINE('',#717,#718);
#717 = CARTESIAN_POINT('',(16.,-36.,0.));
#718 = VECTOR('',#719,1.);
#719 = DIRECTION('',(0.,1.,0.));
#720 = PCURVE('',#72,#721);
#721 = DEFINITIONAL_REPRESENTATION('',(#722),#726);
#722 = LINE('',#723,#724);
#723 = CARTESIAN_POINT('',(32.,0.));
#724 = VECTOR('',#725,1.);
#725 = DIRECTION('',(0.,1.));
#726 = ( GEOMETRIC_REPRESENTATION_CONTEXT(2) 
PARAMETRIC_REPRESENTATION_CONTEXT() REPRESENTATION_CONTEXT('2D SPACE',''
  ) );
#727 = PCURVE('',#159,#728);
#728 = DEFINITIONAL_REPRESENTATION('',(#729),#733);
#729 = LINE('',#730,#731);
#730 = CARTESIAN_POINT('',(0.,0.));
#731 = VECTOR('',#732,1.);
#732 = DIRECTION('',(0.,-1.));
#733 = ( GEOMETRIC_REPRESENTATION_CONTEXT(2) 
PARAMETRIC_REPRESENTATION_CONTEXT() REPRESENTATION_CONTEXT('2D SPACE',''
  ) );
#734 = ORIENTED_EDGE('',*,*,#581,.F.);
#735 = FACE_BOUND('',#736,.F.);
#736 = EDGE_LOOP('',(#737));
#737 = ORIENTED_EDGE('',*,*,#738,.T.);
#738 = EDGE_CURVE('',#739,#739,#741,.T.);
#739 = VERTEX_POINT('',#740);
#740 = CARTESIAN_POINT('',(-10.8,-30.,0.));
#741 = SURFACE_CURVE('',#742,(#747,#758),.PCURVE_S1.);
#742 = CIRCLE('',#743,1.7);
#743 = AXIS2_PLACEMENT_3D('',#744,#745,#746);
#744 = CARTESIAN_POINT('',(-12.5,-30.,0.));
#745 = DIRECTION('',(0.,0.,-1.));
#746 = DIRECTION('',(1.,0.,0.));
#747 = PCURVE('',#72,#748);
#748 = DEFINITIONAL_REPRESENTATION('',(#749),#757);
#749 = ( BOUNDED_CURVE() B_SPLINE_CURVE(2,(#750,#751,#752,#753,#754,#755
,#756),.UNSPECIFIED.,.T.,.F.) B_SPLINE_CURVE_WITH_KNOTS((1,2,2,2,2,1),(
    -2.094395102393,0.,2.094395102393,4.188790204786,6.28318530718,
8.377580409573),.UNSPECIFIED.) CURVE() GEOMETRIC_REPRESENTATION_ITEM() 
RATIONAL_B_SPLINE_CURVE((1.,0.5,1.,0.5,1.,0.5,1.)) REPRESENTATION_ITEM(
  '') );
#750 = CARTESIAN_POINT('',(5.2,6.));
#751 = CARTESIAN_POINT('',(5.2,3.055513627133));
#752 = CARTESIAN_POINT('',(2.65,4.527756813566));
#753 = CARTESIAN_POINT('',(0.1,6.));
#754 = CARTESIAN_POINT('',(2.65,7.472243186434));
#755 = CARTESIAN_POINT('',(5.2,8.944486372867));
#756 = CARTESIAN_POINT('',(5.2,6.));
#757 = ( GEOMETRIC_REPRESENTATION_CONTEXT(2) 
PARAMETRIC_REPRESENTATION_CONTEXT() REPRESENTATION_CONTEXT('2D SPACE',''
  ) );
#758 = PCURVE('',#759,#764);
#759 = CYLINDRICAL_SURFACE('',#760,1.7);
#760 = AXIS2_PLACEMENT_3D('',#761,#762,#763);
#761 = CARTESIAN_POINT('',(-12.5,-30.,-9.999999999998E-03));
#762 = DIRECTION('',(-0.,-0.,-1.));
#763 = DIRECTION('',(1.,0.,0.));
#764 = DEFINITIONAL_REPRESENTATION('',(#765),#769);
#765 = LINE('',#766,#767);
#766 = CARTESIAN_POINT('',(-6.28318530718,-9.999999999998E-03));
#767 = VECTOR('',#768,1.);
#768 = DIRECTION('',(1.,-0.));
#769 = ( GEOMETRIC_REPRESENTATION_CONTEXT(2) 
PARAMETRIC_REPRESENTATION_CONTEXT() REPRESENTATION_CONTEXT('2D SPACE',''
  ) );
#770 = FACE_BOUND('',#771,.F.);
#771 = EDGE_LOOP('',(#772));
#772 = ORIENTED_EDGE('',*,*,#773,.T.);
#773 = EDGE_CURVE('',#774,#774,#776,.T.);
#774 = VERTEX_POINT('',#775);
#775 = CARTESIAN_POINT('',(14.2,-27.9,0.));
#776 = SURFACE_CURVE('',#777,(#782,#793),.PCURVE_S1.);
#777 = CIRCLE('',#778,1.7);
#778 = AXIS2_PLACEMENT_3D('',#779,#780,#781);
#779 = CARTESIAN_POINT('',(12.5,-27.9,0.));
#780 = DIRECTION('',(0.,0.,-1.));
#781 = DIRECTION('',(1.,0.,0.));
#782 = PCURVE('',#72,#783);
#783 = DEFINITIONAL_REPRESENTATION('',(#784),#792);
#784 = ( BOUNDED_CURVE() B_SPLINE_CURVE(2,(#785,#786,#787,#788,#789,#790
,#791),.UNSPECIFIED.,.T.,.F.) B_SPLINE_CURVE_WITH_KNOTS((1,2,2,2,2,1),(
    -2.094395102393,0.,2.094395102393,4.188790204786,6.28318530718,
8.377580409573),.UNSPECIFIED.) CURVE() GEOMETRIC_REPRESENTATION_ITEM() 
RATIONAL_B_SPLINE_CURVE((1.,0.5,1.,0.5,1.,0.5,1.)) REPRESENTATION_ITEM(
  '') );
#785 = CARTESIAN_POINT('',(30.2,8.1));
#786 = CARTESIAN_POINT('',(30.2,5.155513627133));
#787 = CARTESIAN_POINT('',(27.65,6.627756813566));
#788 = CARTESIAN_POINT('',(25.1,8.1));
#789 = CARTESIAN_POINT('',(27.65,9.572243186434));
#790 = CARTESIAN_POINT('',(30.2,11.044486372867));
#791 = CARTESIAN_POINT('',(30.2,8.1));
#792 = ( GEOMETRIC_REPRESENTATION_CONTEXT(2) 
PARAMETRIC_REPRESENTATION_CONTEXT() REPRESENTATION_CONTEXT('2D SPACE',''
  ) );
#793 = PCURVE('',#794,#799);
#794 = CYLINDRICAL_SURFACE('',#795,1.7);
#795 = AXIS2_PLACEMENT_3D('',#796,#797,#798);
#796 = CARTESIAN_POINT('',(12.5,-27.9,-9.999999999998E-03));
#797 = DIRECTION('',(-0.,-0.,-1.));
#798 = DIRECTION('',(1.,0.,0.));
#799 = DEFINITIONAL_REPRESENTATION('',(#800),#804);
#800 = LINE('',#801,#802);
#801 = CARTESIAN_POINT('',(-6.28318530718,-9.999999999998E-03));
#802 = VECTOR('',#803,1.);
#803 = DIRECTION('',(1.,-0.));
#804 = ( GEOMETRIC_REPRESENTATION_CONTEXT(2) 
PARAMETRIC_REPRESENTATION_CONTEXT() REPRESENTATION_CONTEXT('2D SPACE',''
  ) );
#805 = FACE_BOUND('',#806,.F.);
#806 = EDGE_LOOP('',(#807));
#807 = ORIENTED_EDGE('',*,*,#808,.T.);
#808 = EDGE_CURVE('',#809,#809,#811,.T.);
#809 = VERTEX_POINT('',#810);
#810 = CARTESIAN_POINT('',(-10.8,30.,0.));
#811 = SURFACE_CURVE('',#812,(#817,#828),.PCURVE_S1.);
#812 = CIRCLE('',#813,1.7);
#813 = AXIS2_PLACEMENT_3D('',#814,#815,#816);
#814 = CARTESIAN_POINT('',(-12.5,30.,0.));
#815 = DIRECTION('',(0.,0.,-1.));
#816 = DIRECTION('',(1.,0.,0.));
#817 = PCURVE('',#72,#818);
#818 = DEFINITIONAL_REPRESENTATION('',(#819),#827);
#819 = ( BOUNDED_CURVE() B_SPLINE_CURVE(2,(#820,#821,#822,#823,#824,#825
,#826),.UNSPECIFIED.,.T.,.F.) B_SPLINE_CURVE_WITH_KNOTS((1,2,2,2,2,1),(
    -2.094395102393,0.,2.094395102393,4.188790204786,6.28318530718,
8.377580409573),.UNSPECIFIED.) CURVE() GEOMETRIC_REPRESENTATION_ITEM() 
RATIONAL_B_SPLINE_CURVE((1.,0.5,1.,0.5,1.,0.5,1.)) REPRESENTATION_ITEM(
  '') );
#820 = CARTESIAN_POINT('',(5.2,66.));
#821 = CARTESIAN_POINT('',(5.2,63.055513627133));
#822 = CARTESIAN_POINT('',(2.65,64.527756813566));
#823 = CARTESIAN_POINT('',(0.1,66.));
#824 = CARTESIAN_POINT('',(2.65,67.472243186434));
#825 = CARTESIAN_POINT('',(5.2,68.944486372867));
#826 = CARTESIAN_POINT('',(5.2,66.));
#827 = ( GEOMETRIC_REPRESENTATION_CONTEXT(2) 
PARAMETRIC_REPRESENTATION_CONTEXT() REPRESENTATION_CONTEXT('2D SPACE',''
  ) );
#828 = PCURVE('',#829,#834);
#829 = CYLINDRICAL_SURFACE('',#830,1.7);
#830 = AXIS2_PLACEMENT_3D('',#831,#832,#833);
#831 = CARTESIAN_POINT('',(-12.5,30.,-9.999999999998E-03));
#832 = DIRECTION('',(-0.,-0.,-1.));
#833 = DIRECTION('',(1.,0.,0.));
#834 = DEFINITIONAL_REPRESENTATION('',(#835),#839);
#835 = LINE('',#836,#837);
#836 = CARTESIAN_POINT('',(-6.28318530718,-9.999999999998E-03));
#837 = VECTOR('',#838,1.);
#838 = DIRECTION('',(1.,-0.));
#839 = ( GEOMETRIC_REPRESENTATION_CONTEXT(2) 
PARAMETRIC_REPRESENTATION_CONTEXT() REPRESENTATION_CONTEXT('2D SPACE',''
  ) );
#840 = FACE_BOUND('',#841,.F.);
#841 = EDGE_LOOP('',(#842));
#842 = ORIENTED_EDGE('',*,*,#843,.T.);
#843 = EDGE_CURVE('',#844,#844,#846,.T.);
#844 = VERTEX_POINT('',#845);
#845 = CARTESIAN_POINT('',(14.2,27.9,0.));
#846 = SURFACE_CURVE('',#847,(#852,#863),.PCURVE_S1.);
#847 = CIRCLE('',#848,1.7);
#848 = AXIS2_PLACEMENT_3D('',#849,#850,#851);
#849 = CARTESIAN_POINT('',(12.5,27.9,0.));
#850 = DIRECTION('',(0.,0.,-1.));
#851 = DIRECTION('',(1.,0.,0.));
#852 = PCURVE('',#72,#853);
#853 = DEFINITIONAL_REPRESENTATION('',(#854),#862);
#854 = ( BOUNDED_CURVE() B_SPLINE_CURVE(2,(#855,#856,#857,#858,#859,#860
,#861),.UNSPECIFIED.,.T.,.F.) B_SPLINE_CURVE_WITH_KNOTS((1,2,2,2,2,1),(
    -2.094395102393,0.,2.094395102393,4.188790204786,6.28318530718,
8.377580409573),.UNSPECIFIED.) CURVE() GEOMETRIC_REPRESENTATION_ITEM() 
RATIONAL_B_SPLINE_CURVE((1.,0.5,1.,0.5,1.,0.5,1.)) REPRESENTATION_ITEM(
  '') );
#855 = CARTESIAN_POINT('',(30.2,63.9));
#856 = CARTESIAN_POINT('',(30.2,60.955513627133));
#857 = CARTESIAN_POINT('',(27.65,62.427756813566));
#858 = CARTESIAN_POINT('',(25.1,63.9));
#859 = CARTESIAN_POINT('',(27.65,65.372243186434));
#860 = CARTESIAN_POINT('',(30.2,66.844486372867));
#861 = CARTESIAN_POINT('',(30.2,63.9));
#862 = ( GEOMETRIC_REPRESENTATION_CONTEXT(2) 
PARAMETRIC_REPRESENTATION_CONTEXT() REPRESENTATION_CONTEXT('2D SPACE',''
  ) );
#863 = PCURVE('',#864,#869);
#864 = CYLINDRICAL_SURFACE('',#865,1.7);
#865 = AXIS2_PLACEMENT_3D('',#866,#867,#868);
#866 = CARTESIAN_POINT('',(12.5,27.9,-9.999999999998E-03));
#867 = DIRECTION('',(-0.,-0.,-1.));
#868 = DIRECTION('',(1.,0.,0.));
#869 = DEFINITIONAL_REPRESENTATION('',(#870),#874);
#870 = LINE('',#871,#872);
#871 = CARTESIAN_POINT('',(-6.28318530718,-9.999999999998E-03));
#872 = VECTOR('',#873,1.);
#873 = DIRECTION('',(1.,-0.));
#874 = ( GEOMETRIC_REPRESENTATION_CONTEXT(2) 
PARAMETRIC_REPRESENTATION_CONTEXT() REPRESENTATION_CONTEXT('2D SPACE',''
  ) );
#875 = ADVANCED_FACE('',(#876),#159,.T.);
#876 = FACE_BOUND('',#877,.T.);
#877 = EDGE_LOOP('',(#878,#901,#902,#903,#904,#927,#955,#983));
#878 = ORIENTED_EDGE('',*,*,#879,.F.);
#879 = EDGE_CURVE('',#144,#880,#882,.T.);
#880 = VERTEX_POINT('',#881);
#881 = CARTESIAN_POINT('',(16.,-32.8,35.5));
#882 = SURFACE_CURVE('',#883,(#887,#894),.PCURVE_S1.);
#883 = LINE('',#884,#885);
#884 = CARTESIAN_POINT('',(16.,-36.,35.5));
#885 = VECTOR('',#886,1.);
#886 = DIRECTION('',(0.,1.,0.));
#887 = PCURVE('',#159,#888);
#888 = DEFINITIONAL_REPRESENTATION('',(#889),#893);
#889 = LINE('',#890,#891);
#890 = CARTESIAN_POINT('',(35.5,0.));
#891 = VECTOR('',#892,1.);
#892 = DIRECTION('',(0.,-1.));
#893 = ( GEOMETRIC_REPRESENTATION_CONTEXT(2) 
PARAMETRIC_REPRESENTATION_CONTEXT() REPRESENTATION_CONTEXT('2D SPACE',''
  ) );
#894 = PCURVE('',#314,#895);
#895 = DEFINITIONAL_REPRESENTATION('',(#896),#900);
#896 = LINE('',#897,#898);
#897 = CARTESIAN_POINT('',(32.,0.));
#898 = VECTOR('',#899,1.);
#899 = DIRECTION('',(0.,1.));
#900 = ( GEOMETRIC_REPRESENTATION_CONTEXT(2) 
PARAMETRIC_REPRESENTATION_CONTEXT() REPRESENTATION_CONTEXT('2D SPACE',''
  ) );
#901 = ORIENTED_EDGE('',*,*,#141,.F.);
#902 = ORIENTED_EDGE('',*,*,#714,.T.);
#903 = ORIENTED_EDGE('',*,*,#556,.T.);
#904 = ORIENTED_EDGE('',*,*,#905,.F.);
#905 = EDGE_CURVE('',#906,#559,#908,.T.);
#906 = VERTEX_POINT('',#907);
#907 = CARTESIAN_POINT('',(16.,32.8,35.5));
#908 = SURFACE_CURVE('',#909,(#913,#920),.PCURVE_S1.);
#909 = LINE('',#910,#911);
#910 = CARTESIAN_POINT('',(16.,-36.,35.5));
#911 = VECTOR('',#912,1.);
#912 = DIRECTION('',(0.,1.,0.));
#913 = PCURVE('',#159,#914);
#914 = DEFINITIONAL_REPRESENTATION('',(#915),#919);
#915 = LINE('',#916,#917);
#916 = CARTESIAN_POINT('',(35.5,0.));
#917 = VECTOR('',#918,1.);
#918 = DIRECTION('',(0.,-1.));
#919 = ( GEOMETRIC_REPRESENTATION_CONTEXT(2) 
PARAMETRIC_REPRESENTATION_CONTEXT() REPRESENTATION_CONTEXT('2D SPACE',''
  ) );
#920 = PCURVE('',#697,#921);
#921 = DEFINITIONAL_REPRESENTATION('',(#922),#926);
#922 = LINE('',#923,#924);
#923 = CARTESIAN_POINT('',(32.,0.));
#924 = VECTOR('',#925,1.);
#925 = DIRECTION('',(0.,1.));
#926 = ( GEOMETRIC_REPRESENTATION_CONTEXT(2) 
PARAMETRIC_REPRESENTATION_CONTEXT() REPRESENTATION_CONTEXT('2D SPACE',''
  ) );
#927 = ORIENTED_EDGE('',*,*,#928,.F.);
#928 = EDGE_CURVE('',#929,#906,#931,.T.);
#929 = VERTEX_POINT('',#930);
#930 = CARTESIAN_POINT('',(16.,32.8,32.3));
#931 = SURFACE_CURVE('',#932,(#936,#943),.PCURVE_S1.);
#932 = LINE('',#933,#934);
#933 = CARTESIAN_POINT('',(16.,32.8,16.15));
#934 = VECTOR('',#935,1.);
#935 = DIRECTION('',(0.,0.,1.));
#936 = PCURVE('',#159,#937);
#937 = DEFINITIONAL_REPRESENTATION('',(#938),#942);
#938 = LINE('',#939,#940);
#939 = CARTESIAN_POINT('',(16.15,-68.8));
#940 = VECTOR('',#941,1.);
#941 = DIRECTION('',(1.,0.));
#942 = ( GEOMETRIC_REPRESENTATION_CONTEXT(2) 
PARAMETRIC_REPRESENTATION_CONTEXT() REPRESENTATION_CONTEXT('2D SPACE',''
  ) );
#943 = PCURVE('',#944,#949);
#944 = PLANE('',#945);
#945 = AXIS2_PLACEMENT_3D('',#946,#947,#948);
#946 = CARTESIAN_POINT('',(1.5,32.8,32.3));
#947 = DIRECTION('',(0.,1.,0.));
#948 = DIRECTION('',(0.,0.,1.));
#949 = DEFINITIONAL_REPRESENTATION('',(#950),#954);
#950 = LINE('',#951,#952);
#951 = CARTESIAN_POINT('',(-16.15,14.5));
#952 = VECTOR('',#953,1.);
#953 = DIRECTION('',(1.,0.));
#954 = ( GEOMETRIC_REPRESENTATION_CONTEXT(2) 
PARAMETRIC_REPRESENTATION_CONTEXT() REPRESENTATION_CONTEXT('2D SPACE',''
  ) );
#955 = ORIENTED_EDGE('',*,*,#956,.T.);
#956 = EDGE_CURVE('',#929,#957,#959,.T.);
#957 = VERTEX_POINT('',#958);
#958 = CARTESIAN_POINT('',(16.,-32.8,32.3));
#959 = SURFACE_CURVE('',#960,(#964,#971),.PCURVE_S1.);
#960 = LINE('',#961,#962);
#961 = CARTESIAN_POINT('',(16.,-34.4,32.3));
#962 = VECTOR('',#963,1.);
#963 = DIRECTION('',(0.,-1.,0.));
#964 = PCURVE('',#159,#965);
#965 = DEFINITIONAL_REPRESENTATION('',(#966),#970);
#966 = LINE('',#967,#968);
#967 = CARTESIAN_POINT('',(32.3,-1.6));
#968 = VECTOR('',#969,1.);
#969 = DIRECTION('',(0.,1.));
#970 = ( GEOMETRIC_REPRESENTATION_CONTEXT(2) 
PARAMETRIC_REPRESENTATION_CONTEXT() REPRESENTATION_CONTEXT('2D SPACE',''
  ) );
#971 = PCURVE('',#972,#977);
#972 = PLANE('',#973);
#973 = AXIS2_PLACEMENT_3D('',#974,#975,#976);
#974 = CARTESIAN_POINT('',(1.5,-32.8,32.3));
#975 = DIRECTION('',(0.,0.,1.));
#976 = DIRECTION('',(1.,0.,0.));
#977 = DEFINITIONAL_REPRESENTATION('',(#978),#982);
#978 = LINE('',#979,#980);
#979 = CARTESIAN_POINT('',(14.5,-1.6));
#980 = VECTOR('',#981,1.);
#981 = DIRECTION('',(0.,-1.));
#982 = ( GEOMETRIC_REPRESENTATION_CONTEXT(2) 
PARAMETRIC_REPRESENTATION_CONTEXT() REPRESENTATION_CONTEXT('2D SPACE',''
  ) );
#983 = ORIENTED_EDGE('',*,*,#984,.T.);
#984 = EDGE_CURVE('',#957,#880,#985,.T.);
#985 = SURFACE_CURVE('',#986,(#990,#997),.PCURVE_S1.);
#986 = LINE('',#987,#988);
#987 = CARTESIAN_POINT('',(16.,-32.8,16.15));
#988 = VECTOR('',#989,1.);
#989 = DIRECTION('',(0.,0.,1.));
#990 = PCURVE('',#159,#991);
#991 = DEFINITIONAL_REPRESENTATION('',(#992),#996);
#992 = LINE('',#993,#994);
#993 = CARTESIAN_POINT('',(16.15,-3.2));
#994 = VECTOR('',#995,1.);
#995 = DIRECTION('',(1.,0.));
#996 = ( GEOMETRIC_REPRESENTATION_CONTEXT(2) 
PARAMETRIC_REPRESENTATION_CONTEXT() REPRESENTATION_CONTEXT('2D SPACE',''
  ) );
#997 = PCURVE('',#998,#1003);
#998 = PLANE('',#999);
#999 = AXIS2_PLACEMENT_3D('',#1000,#1001,#1002);
#1000 = CARTESIAN_POINT('',(-12.8,-32.8,28.));
#1001 = DIRECTION('',(0.,1.,0.));
#1002 = DIRECTION('',(0.,0.,1.));
#1003 = DEFINITIONAL_REPRESENTATION('',(#1004),#1008);
#1004 = LINE('',#1005,#1006);
#1005 = CARTESIAN_POINT('',(-11.85,28.8));
#1006 = VECTOR('',#1007,1.);
#1007 = DIRECTION('',(1.,0.));
#1008 = ( GEOMETRIC_REPRESENTATION_CONTEXT(2) 
PARAMETRIC_REPRESENTATION_CONTEXT() REPRESENTATION_CONTEXT('2D SPACE',''
  ) );
#1009 = ADVANCED_FACE('',(#1010),#314,.T.);
#1010 = FACE_BOUND('',#1011,.T.);
#1011 = EDGE_LOOP('',(#1012,#1035,#1036,#1037));
#1012 = ORIENTED_EDGE('',*,*,#1013,.F.);
#1013 = EDGE_CURVE('',#273,#1014,#1016,.T.);
#1014 = VERTEX_POINT('',#1015);
#1015 = CARTESIAN_POINT('',(10.5,-32.8,35.5));
#1016 = SURFACE_CURVE('',#1017,(#1021,#1028),.PCURVE_S1.);
#1017 = LINE('',#1018,#1019);
#1018 = CARTESIAN_POINT('',(10.5,-36.005,35.5));
#1019 = VECTOR('',#1020,1.);
#1020 = DIRECTION('',(0.,1.,0.));
#1021 = PCURVE('',#314,#1022);
#1022 = DEFINITIONAL_REPRESENTATION('',(#1023),#1027);
#1023 = LINE('',#1024,#1025);
#1024 = CARTESIAN_POINT('',(26.5,-4.999999999995E-03));
#1025 = VECTOR('',#1026,1.);
#1026 = DIRECTION('',(0.,1.));
#1027 = ( GEOMETRIC_REPRESENTATION_CONTEXT(2) 
PARAMETRIC_REPRESENTATION_CONTEXT() REPRESENTATION_CONTEXT('2D SPACE',''
  ) );
#1028 = PCURVE('',#288,#1029);
#1029 = DEFINITIONAL_REPRESENTATION('',(#1030),#1034);
#1030 = LINE('',#1031,#1032);
#1031 = CARTESIAN_POINT('',(18.,-5.000000000003E-03));
#1032 = VECTOR('',#1033,1.);
#1033 = DIRECTION('',(0.,-1.));
#1034 = ( GEOMETRIC_REPRESENTATION_CONTEXT(2) 
PARAMETRIC_REPRESENTATION_CONTEXT() REPRESENTATION_CONTEXT('2D SPACE',''
  ) );
#1035 = ORIENTED_EDGE('',*,*,#300,.T.);
#1036 = ORIENTED_EDGE('',*,*,#879,.T.);
#1037 = ORIENTED_EDGE('',*,*,#1038,.T.);
#1038 = EDGE_CURVE('',#880,#1014,#1039,.T.);
#1039 = SURFACE_CURVE('',#1040,(#1044,#1051),.PCURVE_S1.);
#1040 = LINE('',#1041,#1042);
#1041 = CARTESIAN_POINT('',(16.,-32.8,35.5));
#1042 = VECTOR('',#1043,1.);
#1043 = DIRECTION('',(-1.,0.,0.));
#1044 = PCURVE('',#314,#1045);
#1045 = DEFINITIONAL_REPRESENTATION('',(#1046),#1050);
#1046 = LINE('',#1047,#1048);
#1047 = CARTESIAN_POINT('',(32.,3.2));
#1048 = VECTOR('',#1049,1.);
#1049 = DIRECTION('',(-1.,0.));
#1050 = ( GEOMETRIC_REPRESENTATION_CONTEXT(2) 
PARAMETRIC_REPRESENTATION_CONTEXT() REPRESENTATION_CONTEXT('2D SPACE',''
  ) );
#1051 = PCURVE('',#998,#1052);
#1052 = DEFINITIONAL_REPRESENTATION('',(#1053),#1057);
#1053 = LINE('',#1054,#1055);
#1054 = CARTESIAN_POINT('',(7.5,28.8));
#1055 = VECTOR('',#1056,1.);
#1056 = DIRECTION('',(0.,-1.));
#1057 = ( GEOMETRIC_REPRESENTATION_CONTEXT(2) 
PARAMETRIC_REPRESENTATION_CONTEXT() REPRESENTATION_CONTEXT('2D SPACE',''
  ) );
#1058 = ADVANCED_FACE('',(#1059),#288,.F.);
#1059 = FACE_BOUND('',#1060,.F.);
#1060 = EDGE_LOOP('',(#1061,#1062,#1085,#1113,#1141,#1162));
#1061 = ORIENTED_EDGE('',*,*,#272,.T.);
#1062 = ORIENTED_EDGE('',*,*,#1063,.T.);
#1063 = EDGE_CURVE('',#245,#1064,#1066,.T.);
#1064 = VERTEX_POINT('',#1065);
#1065 = CARTESIAN_POINT('',(10.5,-32.79,17.5));
#1066 = SURFACE_CURVE('',#1067,(#1071,#1078),.PCURVE_S1.);
#1067 = LINE('',#1068,#1069);
#1068 = CARTESIAN_POINT('',(10.5,-36.01,17.5));
#1069 = VECTOR('',#1070,1.);
#1070 = DIRECTION('',(0.,1.,0.));
#1071 = PCURVE('',#288,#1072);
#1072 = DEFINITIONAL_REPRESENTATION('',(#1073),#1077);
#1073 = LINE('',#1074,#1075);
#1074 = CARTESIAN_POINT('',(0.,0.));
#1075 = VECTOR('',#1076,1.);
#1076 = DIRECTION('',(0.,-1.));
#1077 = ( GEOMETRIC_REPRESENTATION_CONTEXT(2) 
PARAMETRIC_REPRESENTATION_CONTEXT() REPRESENTATION_CONTEXT('2D SPACE',''
  ) );
#1078 = PCURVE('',#260,#1079);
#1079 = DEFINITIONAL_REPRESENTATION('',(#1080),#1084);
#1080 = LINE('',#1081,#1082);
#1081 = CARTESIAN_POINT('',(18.,0.));
#1082 = VECTOR('',#1083,1.);
#1083 = DIRECTION('',(0.,1.));
#1084 = ( GEOMETRIC_REPRESENTATION_CONTEXT(2) 
PARAMETRIC_REPRESENTATION_CONTEXT() REPRESENTATION_CONTEXT('2D SPACE',''
  ) );
#1085 = ORIENTED_EDGE('',*,*,#1086,.T.);
#1086 = EDGE_CURVE('',#1064,#1087,#1089,.T.);
#1087 = VERTEX_POINT('',#1088);
#1088 = CARTESIAN_POINT('',(10.5,-32.79,18.898351797614));
#1089 = SURFACE_CURVE('',#1090,(#1094,#1101),.PCURVE_S1.);
#1090 = LINE('',#1091,#1092);
#1091 = CARTESIAN_POINT('',(10.5,-32.79,17.5));
#1092 = VECTOR('',#1093,1.);
#1093 = DIRECTION('',(0.,0.,1.));
#1094 = PCURVE('',#288,#1095);
#1095 = DEFINITIONAL_REPRESENTATION('',(#1096),#1100);
#1096 = LINE('',#1097,#1098);
#1097 = CARTESIAN_POINT('',(0.,-3.22));
#1098 = VECTOR('',#1099,1.);
#1099 = DIRECTION('',(1.,0.));
#1100 = ( GEOMETRIC_REPRESENTATION_CONTEXT(2) 
PARAMETRIC_REPRESENTATION_CONTEXT() REPRESENTATION_CONTEXT('2D SPACE',''
  ) );
#1101 = PCURVE('',#1102,#1107);
#1102 = PLANE('',#1103);
#1103 = AXIS2_PLACEMENT_3D('',#1104,#1105,#1106);
#1104 = CARTESIAN_POINT('',(-7.5,-32.79,17.5));
#1105 = DIRECTION('',(0.,1.,0.));
#1106 = DIRECTION('',(0.,0.,1.));
#1107 = DEFINITIONAL_REPRESENTATION('',(#1108),#1112);
#1108 = LINE('',#1109,#1110);
#1109 = CARTESIAN_POINT('',(0.,18.));
#1110 = VECTOR('',#1111,1.);
#1111 = DIRECTION('',(1.,0.));
#1112 = ( GEOMETRIC_REPRESENTATION_CONTEXT(2) 
PARAMETRIC_REPRESENTATION_CONTEXT() REPRESENTATION_CONTEXT('2D SPACE',''
  ) );
#1113 = ORIENTED_EDGE('',*,*,#1114,.F.);
#1114 = EDGE_CURVE('',#1115,#1087,#1117,.T.);
#1115 = VERTEX_POINT('',#1116);
#1116 = CARTESIAN_POINT('',(10.5,-32.8,18.898351797614));
#1117 = SURFACE_CURVE('',#1118,(#1122,#1129),.PCURVE_S1.);
#1118 = LINE('',#1119,#1120);
#1119 = CARTESIAN_POINT('',(10.5,0.,18.898351797614));
#1120 = VECTOR('',#1121,1.);
#1121 = DIRECTION('',(0.,1.,0.));
#1122 = PCURVE('',#288,#1123);
#1123 = DEFINITIONAL_REPRESENTATION('',(#1124),#1128);
#1124 = LINE('',#1125,#1126);
#1125 = CARTESIAN_POINT('',(1.398351797614,-36.01));
#1126 = VECTOR('',#1127,1.);
#1127 = DIRECTION('',(0.,-1.));
#1128 = ( GEOMETRIC_REPRESENTATION_CONTEXT(2) 
PARAMETRIC_REPRESENTATION_CONTEXT() REPRESENTATION_CONTEXT('2D SPACE',''
  ) );
#1129 = PCURVE('',#1130,#1135);
#1130 = CYLINDRICAL_SURFACE('',#1131,12.8);
#1131 = AXIS2_PLACEMENT_3D('',#1132,#1133,#1134);
#1132 = CARTESIAN_POINT('',(1.5,0.,28.));
#1133 = DIRECTION('',(0.,1.,0.));
#1134 = DIRECTION('',(0.,0.,1.));
#1135 = DEFINITIONAL_REPRESENTATION('',(#1136),#1140);
#1136 = LINE('',#1137,#1138);
#1137 = CARTESIAN_POINT('',(2.361809842609,0.));
#1138 = VECTOR('',#1139,1.);
#1139 = DIRECTION('',(0.,1.));
#1140 = ( GEOMETRIC_REPRESENTATION_CONTEXT(2) 
PARAMETRIC_REPRESENTATION_CONTEXT() REPRESENTATION_CONTEXT('2D SPACE',''
  ) );
#1141 = ORIENTED_EDGE('',*,*,#1142,.F.);
#1142 = EDGE_CURVE('',#1014,#1115,#1143,.T.);
#1143 = SURFACE_CURVE('',#1144,(#1148,#1155),.PCURVE_S1.);
#1144 = LINE('',#1145,#1146);
#1145 = CARTESIAN_POINT('',(10.5,-32.8,22.75));
#1146 = VECTOR('',#1147,1.);
#1147 = DIRECTION('',(0.,0.,-1.));
#1148 = PCURVE('',#288,#1149);
#1149 = DEFINITIONAL_REPRESENTATION('',(#1150),#1154);
#1150 = LINE('',#1151,#1152);
#1151 = CARTESIAN_POINT('',(5.25,-3.21));
#1152 = VECTOR('',#1153,1.);
#1153 = DIRECTION('',(-1.,0.));
#1154 = ( GEOMETRIC_REPRESENTATION_CONTEXT(2) 
PARAMETRIC_REPRESENTATION_CONTEXT() REPRESENTATION_CONTEXT('2D SPACE',''
  ) );
#1155 = PCURVE('',#998,#1156);
#1156 = DEFINITIONAL_REPRESENTATION('',(#1157),#1161);
#1157 = LINE('',#1158,#1159);
#1158 = CARTESIAN_POINT('',(-5.25,23.3));
#1159 = VECTOR('',#1160,1.);
#1160 = DIRECTION('',(-1.,0.));
#1161 = ( GEOMETRIC_REPRESENTATION_CONTEXT(2) 
PARAMETRIC_REPRESENTATION_CONTEXT() REPRESENTATION_CONTEXT('2D SPACE',''
  ) );
#1162 = ORIENTED_EDGE('',*,*,#1013,.F.);
#1163 = ADVANCED_FACE('',(#1164),#260,.T.);
#1164 = FACE_BOUND('',#1165,.T.);
#1165 = EDGE_LOOP('',(#1166,#1189,#1190,#1191,#1214,#1237));
#1166 = ORIENTED_EDGE('',*,*,#1167,.F.);
#1167 = EDGE_CURVE('',#217,#1168,#1170,.T.);
#1168 = VERTEX_POINT('',#1169);
#1169 = CARTESIAN_POINT('',(-7.5,-32.8,17.5));
#1170 = SURFACE_CURVE('',#1171,(#1175,#1182),.PCURVE_S1.);
#1171 = LINE('',#1172,#1173);
#1172 = CARTESIAN_POINT('',(-7.5,-36.01,17.5));
#1173 = VECTOR('',#1174,1.);
#1174 = DIRECTION('',(0.,1.,0.));
#1175 = PCURVE('',#260,#1176);
#1176 = DEFINITIONAL_REPRESENTATION('',(#1177),#1181);
#1177 = LINE('',#1178,#1179);
#1178 = CARTESIAN_POINT('',(0.,0.));
#1179 = VECTOR('',#1180,1.);
#1180 = DIRECTION('',(0.,1.));
#1181 = ( GEOMETRIC_REPRESENTATION_CONTEXT(2) 
PARAMETRIC_REPRESENTATION_CONTEXT() REPRESENTATION_CONTEXT('2D SPACE',''
  ) );
#1182 = PCURVE('',#232,#1183);
#1183 = DEFINITIONAL_REPRESENTATION('',(#1184),#1188);
#1184 = LINE('',#1185,#1186);
#1185 = CARTESIAN_POINT('',(0.,0.));
#1186 = VECTOR('',#1187,1.);
#1187 = DIRECTION('',(0.,-1.));
#1188 = ( GEOMETRIC_REPRESENTATION_CONTEXT(2) 
PARAMETRIC_REPRESENTATION_CONTEXT() REPRESENTATION_CONTEXT('2D SPACE',''
  ) );
#1189 = ORIENTED_EDGE('',*,*,#244,.T.);
#1190 = ORIENTED_EDGE('',*,*,#1063,.T.);
#1191 = ORIENTED_EDGE('',*,*,#1192,.F.);
#1192 = EDGE_CURVE('',#1193,#1064,#1195,.T.);
#1193 = VERTEX_POINT('',#1194);
#1194 = CARTESIAN_POINT('',(8.820519107276,-32.79,17.5));
#1195 = SURFACE_CURVE('',#1196,(#1200,#1207),.PCURVE_S1.);
#1196 = LINE('',#1197,#1198);
#1197 = CARTESIAN_POINT('',(-7.5,-32.79,17.5));
#1198 = VECTOR('',#1199,1.);
#1199 = DIRECTION('',(1.,0.,0.));
#1200 = PCURVE('',#260,#1201);
#1201 = DEFINITIONAL_REPRESENTATION('',(#1202),#1206);
#1202 = LINE('',#1203,#1204);
#1203 = CARTESIAN_POINT('',(0.,3.22));
#1204 = VECTOR('',#1205,1.);
#1205 = DIRECTION('',(1.,0.));
#1206 = ( GEOMETRIC_REPRESENTATION_CONTEXT(2) 
PARAMETRIC_REPRESENTATION_CONTEXT() REPRESENTATION_CONTEXT('2D SPACE',''
  ) );
#1207 = PCURVE('',#1102,#1208);
#1208 = DEFINITIONAL_REPRESENTATION('',(#1209),#1213);
#1209 = LINE('',#1210,#1211);
#1210 = CARTESIAN_POINT('',(0.,0.));
#1211 = VECTOR('',#1212,1.);
#1212 = DIRECTION('',(0.,1.));
#1213 = ( GEOMETRIC_REPRESENTATION_CONTEXT(2) 
PARAMETRIC_REPRESENTATION_CONTEXT() REPRESENTATION_CONTEXT('2D SPACE',''
  ) );
#1214 = ORIENTED_EDGE('',*,*,#1215,.F.);
#1215 = EDGE_CURVE('',#1216,#1193,#1218,.T.);
#1216 = VERTEX_POINT('',#1217);
#1217 = CARTESIAN_POINT('',(8.820519107276,-32.8,17.5));
#1218 = SURFACE_CURVE('',#1219,(#1223,#1230),.PCURVE_S1.);
#1219 = LINE('',#1220,#1221);
#1220 = CARTESIAN_POINT('',(8.820519107276,0.,17.5));
#1221 = VECTOR('',#1222,1.);
#1222 = DIRECTION('',(0.,1.,0.));
#1223 = PCURVE('',#260,#1224);
#1224 = DEFINITIONAL_REPRESENTATION('',(#1225),#1229);
#1225 = LINE('',#1226,#1227);
#1226 = CARTESIAN_POINT('',(16.320519107276,36.01));
#1227 = VECTOR('',#1228,1.);
#1228 = DIRECTION('',(0.,1.));
#1229 = ( GEOMETRIC_REPRESENTATION_CONTEXT(2) 
PARAMETRIC_REPRESENTATION_CONTEXT() REPRESENTATION_CONTEXT('2D SPACE',''
  ) );
#1230 = PCURVE('',#1130,#1231);
#1231 = DEFINITIONAL_REPRESENTATION('',(#1232),#1236);
#1232 = LINE('',#1233,#1234);
#1233 = CARTESIAN_POINT('',(2.532753540974,0.));
#1234 = VECTOR('',#1235,1.);
#1235 = DIRECTION('',(0.,1.));
#1236 = ( GEOMETRIC_REPRESENTATION_CONTEXT(2) 
PARAMETRIC_REPRESENTATION_CONTEXT() REPRESENTATION_CONTEXT('2D SPACE',''
  ) );
#1237 = ORIENTED_EDGE('',*,*,#1238,.F.);
#1238 = EDGE_CURVE('',#1168,#1216,#1239,.T.);
#1239 = SURFACE_CURVE('',#1240,(#1244,#1251),.PCURVE_S1.);
#1240 = LINE('',#1241,#1242);
#1241 = CARTESIAN_POINT('',(-10.15,-32.8,17.5));
#1242 = VECTOR('',#1243,1.);
#1243 = DIRECTION('',(1.,0.,0.));
#1244 = PCURVE('',#260,#1245);
#1245 = DEFINITIONAL_REPRESENTATION('',(#1246),#1250);
#1246 = LINE('',#1247,#1248);
#1247 = CARTESIAN_POINT('',(-2.65,3.21));
#1248 = VECTOR('',#1249,1.);
#1249 = DIRECTION('',(1.,0.));
#1250 = ( GEOMETRIC_REPRESENTATION_CONTEXT(2) 
PARAMETRIC_REPRESENTATION_CONTEXT() REPRESENTATION_CONTEXT('2D SPACE',''
  ) );
#1251 = PCURVE('',#393,#1252);
#1252 = DEFINITIONAL_REPRESENTATION('',(#1253),#1257);
#1253 = LINE('',#1254,#1255);
#1254 = CARTESIAN_POINT('',(-10.5,2.65));
#1255 = VECTOR('',#1256,1.);
#1256 = DIRECTION('',(0.,1.));
#1257 = ( GEOMETRIC_REPRESENTATION_CONTEXT(2) 
PARAMETRIC_REPRESENTATION_CONTEXT() REPRESENTATION_CONTEXT('2D SPACE',''
  ) );
#1258 = ADVANCED_FACE('',(#1259),#232,.T.);
#1259 = FACE_BOUND('',#1260,.T.);
#1260 = EDGE_LOOP('',(#1261,#1262,#1263,#1284));
#1261 = ORIENTED_EDGE('',*,*,#216,.T.);
#1262 = ORIENTED_EDGE('',*,*,#1167,.T.);
#1263 = ORIENTED_EDGE('',*,*,#1264,.F.);
#1264 = EDGE_CURVE('',#355,#1168,#1265,.T.);
#1265 = SURFACE_CURVE('',#1266,(#1270,#1277),.PCURVE_S1.);
#1266 = LINE('',#1267,#1268);
#1267 = CARTESIAN_POINT('',(-7.5,-32.8,22.75));
#1268 = VECTOR('',#1269,1.);
#1269 = DIRECTION('',(0.,0.,-1.));
#1270 = PCURVE('',#232,#1271);
#1271 = DEFINITIONAL_REPRESENTATION('',(#1272),#1276);
#1272 = LINE('',#1273,#1274);
#1273 = CARTESIAN_POINT('',(5.25,-3.21));
#1274 = VECTOR('',#1275,1.);
#1275 = DIRECTION('',(-1.,0.));
#1276 = ( GEOMETRIC_REPRESENTATION_CONTEXT(2) 
PARAMETRIC_REPRESENTATION_CONTEXT() REPRESENTATION_CONTEXT('2D SPACE',''
  ) );
#1277 = PCURVE('',#393,#1278);
#1278 = DEFINITIONAL_REPRESENTATION('',(#1279),#1283);
#1279 = LINE('',#1280,#1281);
#1280 = CARTESIAN_POINT('',(-5.25,5.3));
#1281 = VECTOR('',#1282,1.);
#1282 = DIRECTION('',(-1.,0.));
#1283 = ( GEOMETRIC_REPRESENTATION_CONTEXT(2) 
PARAMETRIC_REPRESENTATION_CONTEXT() REPRESENTATION_CONTEXT('2D SPACE',''
  ) );
#1284 = ORIENTED_EDGE('',*,*,#354,.F.);
#1285 = ADVANCED_FACE('',(#1286),#541,.T.);
#1286 = FACE_BOUND('',#1287,.T.);
#1287 = EDGE_LOOP('',(#1288,#1311,#1332,#1333));
#1288 = ORIENTED_EDGE('',*,*,#1289,.T.);
#1289 = EDGE_CURVE('',#500,#1290,#1292,.T.);
#1290 = VERTEX_POINT('',#1291);
#1291 = CARTESIAN_POINT('',(-7.5,32.8,17.5));
#1292 = SURFACE_CURVE('',#1293,(#1297,#1304),.PCURVE_S1.);
#1293 = LINE('',#1294,#1295);
#1294 = CARTESIAN_POINT('',(-7.5,32.8,24.9));
#1295 = VECTOR('',#1296,1.);
#1296 = DIRECTION('',(0.,0.,-1.));
#1297 = PCURVE('',#541,#1298);
#1298 = DEFINITIONAL_REPRESENTATION('',(#1299),#1303);
#1299 = LINE('',#1300,#1301);
#1300 = CARTESIAN_POINT('',(7.4,-9.999999999998E-03));
#1301 = VECTOR('',#1302,1.);
#1302 = DIRECTION('',(-1.,0.));
#1303 = ( GEOMETRIC_REPRESENTATION_CONTEXT(2) 
PARAMETRIC_REPRESENTATION_CONTEXT() REPRESENTATION_CONTEXT('2D SPACE',''
  ) );
#1304 = PCURVE('',#515,#1305);
#1305 = DEFINITIONAL_REPRESENTATION('',(#1306),#1310);
#1306 = LINE('',#1307,#1308);
#1307 = CARTESIAN_POINT('',(-7.4,-9.));
#1308 = VECTOR('',#1309,1.);
#1309 = DIRECTION('',(-1.,0.));
#1310 = ( GEOMETRIC_REPRESENTATION_CONTEXT(2) 
PARAMETRIC_REPRESENTATION_CONTEXT() REPRESENTATION_CONTEXT('2D SPACE',''
  ) );
#1311 = ORIENTED_EDGE('',*,*,#1312,.T.);
#1312 = EDGE_CURVE('',#1290,#605,#1313,.T.);
#1313 = SURFACE_CURVE('',#1314,(#1318,#1325),.PCURVE_S1.);
#1314 = LINE('',#1315,#1316);
#1315 = CARTESIAN_POINT('',(-7.5,32.79,17.5));
#1316 = VECTOR('',#1317,1.);
#1317 = DIRECTION('',(0.,1.,0.));
#1318 = PCURVE('',#541,#1319);
#1319 = DEFINITIONAL_REPRESENTATION('',(#1320),#1324);
#1320 = LINE('',#1321,#1322);
#1321 = CARTESIAN_POINT('',(0.,0.));
#1322 = VECTOR('',#1323,1.);
#1323 = DIRECTION('',(0.,-1.));
#1324 = ( GEOMETRIC_REPRESENTATION_CONTEXT(2) 
PARAMETRIC_REPRESENTATION_CONTEXT() REPRESENTATION_CONTEXT('2D SPACE',''
  ) );
#1325 = PCURVE('',#643,#1326);
#1326 = DEFINITIONAL_REPRESENTATION('',(#1327),#1331);
#1327 = LINE('',#1328,#1329);
#1328 = CARTESIAN_POINT('',(0.,0.));
#1329 = VECTOR('',#1330,1.);
#1330 = DIRECTION('',(0.,1.));
#1331 = ( GEOMETRIC_REPRESENTATION_CONTEXT(2) 
PARAMETRIC_REPRESENTATION_CONTEXT() REPRESENTATION_CONTEXT('2D SPACE',''
  ) );
#1332 = ORIENTED_EDGE('',*,*,#604,.F.);
#1333 = ORIENTED_EDGE('',*,*,#527,.F.);
#1334 = ADVANCED_FACE('',(#1335),#515,.F.);
#1335 = FACE_BOUND('',#1336,.F.);
#1336 = EDGE_LOOP('',(#1337,#1338,#1361,#1390,#1418,#1447,#1468));
#1337 = ORIENTED_EDGE('',*,*,#1289,.T.);
#1338 = ORIENTED_EDGE('',*,*,#1339,.T.);
#1339 = EDGE_CURVE('',#1290,#1340,#1342,.T.);
#1340 = VERTEX_POINT('',#1341);
#1341 = CARTESIAN_POINT('',(8.820519107276,32.8,17.5));
#1342 = SURFACE_CURVE('',#1343,(#1347,#1354),.PCURVE_S1.);
#1343 = LINE('',#1344,#1345);
#1344 = CARTESIAN_POINT('',(-3.,32.8,17.5));
#1345 = VECTOR('',#1346,1.);
#1346 = DIRECTION('',(1.,0.,0.));
#1347 = PCURVE('',#515,#1348);
#1348 = DEFINITIONAL_REPRESENTATION('',(#1349),#1353);
#1349 = LINE('',#1350,#1351);
#1350 = CARTESIAN_POINT('',(-14.8,-4.5));
#1351 = VECTOR('',#1352,1.);
#1352 = DIRECTION('',(0.,1.));
#1353 = ( GEOMETRIC_REPRESENTATION_CONTEXT(2) 
PARAMETRIC_REPRESENTATION_CONTEXT() REPRESENTATION_CONTEXT('2D SPACE',''
  ) );
#1354 = PCURVE('',#643,#1355);
#1355 = DEFINITIONAL_REPRESENTATION('',(#1356),#1360);
#1356 = LINE('',#1357,#1358);
#1357 = CARTESIAN_POINT('',(4.5,9.999999999998E-03));
#1358 = VECTOR('',#1359,1.);
#1359 = DIRECTION('',(1.,0.));
#1360 = ( GEOMETRIC_REPRESENTATION_CONTEXT(2) 
PARAMETRIC_REPRESENTATION_CONTEXT() REPRESENTATION_CONTEXT('2D SPACE',''
  ) );
#1361 = ORIENTED_EDGE('',*,*,#1362,.T.);
#1362 = EDGE_CURVE('',#1340,#1363,#1365,.T.);
#1363 = VERTEX_POINT('',#1364);
#1364 = CARTESIAN_POINT('',(1.5,32.8,15.2));
#1365 = SURFACE_CURVE('',#1366,(#1371,#1378),.PCURVE_S1.);
#1366 = CIRCLE('',#1367,12.8);
#1367 = AXIS2_PLACEMENT_3D('',#1368,#1369,#1370);
#1368 = CARTESIAN_POINT('',(1.5,32.8,28.));
#1369 = DIRECTION('',(0.,1.,0.));
#1370 = DIRECTION('',(0.,0.,1.));
#1371 = PCURVE('',#515,#1372);
#1372 = DEFINITIONAL_REPRESENTATION('',(#1373),#1377);
#1373 = CIRCLE('',#1374,12.8);
#1374 = AXIS2_PLACEMENT_2D('',#1375,#1376);
#1375 = CARTESIAN_POINT('',(-4.3,0.));
#1376 = DIRECTION('',(1.,0.));
#1377 = ( GEOMETRIC_REPRESENTATION_CONTEXT(2) 
PARAMETRIC_REPRESENTATION_CONTEXT() REPRESENTATION_CONTEXT('2D SPACE',''
  ) );
#1378 = PCURVE('',#1379,#1384);
#1379 = CYLINDRICAL_SURFACE('',#1380,12.8);
#1380 = AXIS2_PLACEMENT_3D('',#1381,#1382,#1383);
#1381 = CARTESIAN_POINT('',(1.5,0.,28.));
#1382 = DIRECTION('',(0.,1.,0.));
#1383 = DIRECTION('',(0.,0.,1.));
#1384 = DEFINITIONAL_REPRESENTATION('',(#1385),#1389);
#1385 = LINE('',#1386,#1387);
#1386 = CARTESIAN_POINT('',(-0.,32.8));
#1387 = VECTOR('',#1388,1.);
#1388 = DIRECTION('',(1.,-0.));
#1389 = ( GEOMETRIC_REPRESENTATION_CONTEXT(2) 
PARAMETRIC_REPRESENTATION_CONTEXT() REPRESENTATION_CONTEXT('2D SPACE',''
  ) );
#1390 = ORIENTED_EDGE('',*,*,#1391,.T.);
#1391 = EDGE_CURVE('',#1363,#1392,#1394,.T.);
#1392 = VERTEX_POINT('',#1393);
#1393 = CARTESIAN_POINT('',(-1.5,32.8,15.2));
#1394 = SURFACE_CURVE('',#1395,(#1399,#1406),.PCURVE_S1.);
#1395 = LINE('',#1396,#1397);
#1396 = CARTESIAN_POINT('',(1.5,32.8,15.2));
#1397 = VECTOR('',#1398,1.);
#1398 = DIRECTION('',(-1.,0.,0.));
#1399 = PCURVE('',#515,#1400);
#1400 = DEFINITIONAL_REPRESENTATION('',(#1401),#1405);
#1401 = LINE('',#1402,#1403);
#1402 = CARTESIAN_POINT('',(-17.1,0.));
#1403 = VECTOR('',#1404,1.);
#1404 = DIRECTION('',(0.,-1.));
#1405 = ( GEOMETRIC_REPRESENTATION_CONTEXT(2) 
PARAMETRIC_REPRESENTATION_CONTEXT() REPRESENTATION_CONTEXT('2D SPACE',''
  ) );
#1406 = PCURVE('',#1407,#1412);
#1407 = PLANE('',#1408);
#1408 = AXIS2_PLACEMENT_3D('',#1409,#1410,#1411);
#1409 = CARTESIAN_POINT('',(1.5,0.,15.2));
#1410 = DIRECTION('',(-0.,-0.,-1.));
#1411 = DIRECTION('',(-1.,0.,0.));
#1412 = DEFINITIONAL_REPRESENTATION('',(#1413),#1417);
#1413 = LINE('',#1414,#1415);
#1414 = CARTESIAN_POINT('',(0.,32.8));
#1415 = VECTOR('',#1416,1.);
#1416 = DIRECTION('',(1.,0.));
#1417 = ( GEOMETRIC_REPRESENTATION_CONTEXT(2) 
PARAMETRIC_REPRESENTATION_CONTEXT() REPRESENTATION_CONTEXT('2D SPACE',''
  ) );
#1418 = ORIENTED_EDGE('',*,*,#1419,.T.);
#1419 = EDGE_CURVE('',#1392,#1420,#1422,.T.);
#1420 = VERTEX_POINT('',#1421);
#1421 = CARTESIAN_POINT('',(-11.16958653043,32.8,19.613159335576));
#1422 = SURFACE_CURVE('',#1423,(#1428,#1435),.PCURVE_S1.);
#1423 = CIRCLE('',#1424,12.8);
#1424 = AXIS2_PLACEMENT_3D('',#1425,#1426,#1427);
#1425 = CARTESIAN_POINT('',(-1.5,32.8,28.));
#1426 = DIRECTION('',(0.,1.,0.));
#1427 = DIRECTION('',(0.,0.,-1.));
#1428 = PCURVE('',#515,#1429);
#1429 = DEFINITIONAL_REPRESENTATION('',(#1430),#1434);
#1430 = CIRCLE('',#1431,12.8);
#1431 = AXIS2_PLACEMENT_2D('',#1432,#1433);
#1432 = CARTESIAN_POINT('',(-4.3,-3.));
#1433 = DIRECTION('',(-1.,0.));
#1434 = ( GEOMETRIC_REPRESENTATION_CONTEXT(2) 
PARAMETRIC_REPRESENTATION_CONTEXT() REPRESENTATION_CONTEXT('2D SPACE',''
  ) );
#1435 = PCURVE('',#1436,#1441);
#1436 = CYLINDRICAL_SURFACE('',#1437,12.8);
#1437 = AXIS2_PLACEMENT_3D('',#1438,#1439,#1440);
#1438 = CARTESIAN_POINT('',(-1.5,0.,28.));
#1439 = DIRECTION('',(0.,1.,0.));
#1440 = DIRECTION('',(0.,0.,-1.));
#1441 = DEFINITIONAL_REPRESENTATION('',(#1442),#1446);
#1442 = LINE('',#1443,#1444);
#1443 = CARTESIAN_POINT('',(-0.,32.8));
#1444 = VECTOR('',#1445,1.);
#1445 = DIRECTION('',(1.,-0.));
#1446 = ( GEOMETRIC_REPRESENTATION_CONTEXT(2) 
PARAMETRIC_REPRESENTATION_CONTEXT() REPRESENTATION_CONTEXT('2D SPACE',''
  ) );
#1447 = ORIENTED_EDGE('',*,*,#1448,.F.);
#1448 = EDGE_CURVE('',#467,#1420,#1449,.T.);
#1449 = SURFACE_CURVE('',#1450,(#1454,#1461),.PCURVE_S1.);
#1450 = LINE('',#1451,#1452);
#1451 = CARTESIAN_POINT('',(-11.16958653043,32.8,5.));
#1452 = VECTOR('',#1453,1.);
#1453 = DIRECTION('',(-0.,-0.,-1.));
#1454 = PCURVE('',#515,#1455);
#1455 = DEFINITIONAL_REPRESENTATION('',(#1456),#1460);
#1456 = LINE('',#1457,#1458);
#1457 = CARTESIAN_POINT('',(-27.3,-12.66958653043));
#1458 = VECTOR('',#1459,1.);
#1459 = DIRECTION('',(-1.,0.));
#1460 = ( GEOMETRIC_REPRESENTATION_CONTEXT(2) 
PARAMETRIC_REPRESENTATION_CONTEXT() REPRESENTATION_CONTEXT('2D SPACE',''
  ) );
#1461 = PCURVE('',#487,#1462);
#1462 = DEFINITIONAL_REPRESENTATION('',(#1463),#1467);
#1463 = LINE('',#1464,#1465);
#1464 = CARTESIAN_POINT('',(-1.127227513679,0.));
#1465 = VECTOR('',#1466,1.);
#1466 = DIRECTION('',(-0.,1.));
#1467 = ( GEOMETRIC_REPRESENTATION_CONTEXT(2) 
PARAMETRIC_REPRESENTATION_CONTEXT() REPRESENTATION_CONTEXT('2D SPACE',''
  ) );
#1468 = ORIENTED_EDGE('',*,*,#499,.T.);
#1469 = ADVANCED_FACE('',(#1470,#1889),#487,.F.);
#1470 = FACE_BOUND('',#1471,.T.);
#1471 = EDGE_LOOP('',(#1472,#1501,#1524,#1614,#1615,#1616,#1639,#1888));
#1472 = ORIENTED_EDGE('',*,*,#1473,.F.);
#1473 = EDGE_CURVE('',#1474,#1474,#1476,.T.);
#1474 = VERTEX_POINT('',#1475);
#1475 = CARTESIAN_POINT('',(-9.4,30.,5.));
#1476 = SURFACE_CURVE('',#1477,(#1482,#1489),.PCURVE_S1.);
#1477 = CIRCLE('',#1478,3.1);
#1478 = AXIS2_PLACEMENT_3D('',#1479,#1480,#1481);
#1479 = CARTESIAN_POINT('',(-12.5,30.,5.));
#1480 = DIRECTION('',(0.,0.,1.));
#1481 = DIRECTION('',(1.,0.,0.));
#1482 = PCURVE('',#487,#1483);
#1483 = DEFINITIONAL_REPRESENTATION('',(#1484),#1488);
#1484 = LINE('',#1485,#1486);
#1485 = CARTESIAN_POINT('',(-0.,0.));
#1486 = VECTOR('',#1487,1.);
#1487 = DIRECTION('',(-1.,0.));
#1488 = ( GEOMETRIC_REPRESENTATION_CONTEXT(2) 
PARAMETRIC_REPRESENTATION_CONTEXT() REPRESENTATION_CONTEXT('2D SPACE',''
  ) );
#1489 = PCURVE('',#1490,#1495);
#1490 = PLANE('',#1491);
#1491 = AXIS2_PLACEMENT_3D('',#1492,#1493,#1494);
#1492 = CARTESIAN_POINT('',(-12.5,30.,5.));
#1493 = DIRECTION('',(0.,0.,1.));
#1494 = DIRECTION('',(1.,0.,-0.));
#1495 = DEFINITIONAL_REPRESENTATION('',(#1496),#1500);
#1496 = CIRCLE('',#1497,3.1);
#1497 = AXIS2_PLACEMENT_2D('',#1498,#1499);
#1498 = CARTESIAN_POINT('',(1.42108547152E-14,0.));
#1499 = DIRECTION('',(1.,0.));
#1500 = ( GEOMETRIC_REPRESENTATION_CONTEXT(2) 
PARAMETRIC_REPRESENTATION_CONTEXT() REPRESENTATION_CONTEXT('2D SPACE',''
  ) );
#1501 = ORIENTED_EDGE('',*,*,#1502,.T.);
#1502 = EDGE_CURVE('',#1474,#1503,#1505,.T.);
#1503 = VERTEX_POINT('',#1504);
#1504 = CARTESIAN_POINT('',(-9.4,30.,17.928753801043));
#1505 = SEAM_CURVE('',#1506,(#1510,#1517),.PCURVE_S1.);
#1506 = LINE('',#1507,#1508);
#1507 = CARTESIAN_POINT('',(-9.4,30.,5.));
#1508 = VECTOR('',#1509,1.);
#1509 = DIRECTION('',(0.,0.,1.));
#1510 = PCURVE('',#487,#1511);
#1511 = DEFINITIONAL_REPRESENTATION('',(#1512),#1516);
#1512 = LINE('',#1513,#1514);
#1513 = CARTESIAN_POINT('',(-6.28318530718,0.));
#1514 = VECTOR('',#1515,1.);
#1515 = DIRECTION('',(-0.,-1.));
#1516 = ( GEOMETRIC_REPRESENTATION_CONTEXT(2) 
PARAMETRIC_REPRESENTATION_CONTEXT() REPRESENTATION_CONTEXT('2D SPACE',''
  ) );
#1517 = PCURVE('',#487,#1518);
#1518 = DEFINITIONAL_REPRESENTATION('',(#1519),#1523);
#1519 = LINE('',#1520,#1521);
#1520 = CARTESIAN_POINT('',(-0.,0.));
#1521 = VECTOR('',#1522,1.);
#1522 = DIRECTION('',(-0.,-1.));
#1523 = ( GEOMETRIC_REPRESENTATION_CONTEXT(2) 
PARAMETRIC_REPRESENTATION_CONTEXT() REPRESENTATION_CONTEXT('2D SPACE',''
  ) );
#1524 = ORIENTED_EDGE('',*,*,#1525,.T.);
#1525 = EDGE_CURVE('',#1503,#1420,#1526,.T.);
#1526 = SURFACE_CURVE('',#1527,(#1554,#1584),.PCURVE_S1.);
#1527 = B_SPLINE_CURVE_WITH_KNOTS('',5,(#1528,#1529,#1530,#1531,#1532,
    #1533,#1534,#1535,#1536,#1537,#1538,#1539,#1540,#1541,#1542,#1543,
    #1544,#1545,#1546,#1547,#1548,#1549,#1550,#1551,#1552,#1553),
  .UNSPECIFIED.,.F.,.F.,(6,4,4,4,4,4,6),(0.,0.240437240166,
    0.450628888551,0.637284957673,0.710704479508,0.82052213029,1.),
  .UNSPECIFIED.);
#1528 = CARTESIAN_POINT('',(-9.4,30.,17.928753801043));
#1529 = CARTESIAN_POINT('',(-9.4,30.179674443806,17.928753801043));
#1530 = CARTESIAN_POINT('',(-9.41301706428,30.359402445204,
    17.938964894136));
#1531 = CARTESIAN_POINT('',(-9.439068199727,30.53771146859,
    17.959398089275));
#1532 = CARTESIAN_POINT('',(-9.477857171021,30.713143181389,
    17.99010099805));
#1533 = CARTESIAN_POINT('',(-9.573385003907,31.034079029266,
    18.067038314029));
#1534 = CARTESIAN_POINT('',(-9.627259599371,31.180595518859,
    18.110839092651));
#1535 = CARTESIAN_POINT('',(-9.69001289932,31.322811310603,
    18.16255073332));
#1536 = CARTESIAN_POINT('',(-9.76096505653,31.459785927453,
    18.222111126027));
#1537 = CARTESIAN_POINT('',(-9.908812150522,31.707076391678,
    18.349078785591));
#1538 = CARTESIAN_POINT('',(-9.984132464864,31.818627390661,
    18.414843694808));
#1539 = CARTESIAN_POINT('',(-10.06457696676,31.92479640705,
    18.486483503576));
#1540 = CARTESIAN_POINT('',(-10.14936454835,32.025139909598,
    18.563735310546));
#1541 = CARTESIAN_POINT('',(-10.27238782961,32.156461105299,
    18.678655119103));
#1542 = CARTESIAN_POINT('',(-10.3076599924,32.192590348318,
    18.711905727453));
#1543 = CARTESIAN_POINT('',(-10.3434240082,32.227760907934,
    18.74594181074));
#1544 = CARTESIAN_POINT('',(-10.37962934913,32.261961875237,
    18.780738406837));
#1545 = CARTESIAN_POINT('',(-10.47096491795,32.344884393409,
    18.869413535464));
#1546 = CARTESIAN_POINT('',(-10.52657414091,32.392394229738,
    18.924195004983));
#1547 = CARTESIAN_POINT('',(-10.58289345005,32.437705309872,
    18.980532095464));
#1548 = CARTESIAN_POINT('',(-10.63976345897,32.480821444832,
    19.03833150069));
#1549 = CARTESIAN_POINT('',(-10.79060989368,32.588671562645,
    19.194168239112));
#1550 = CARTESIAN_POINT('',(-10.88521188889,32.649748482559,
    19.294441962221));
#1551 = CARTESIAN_POINT('',(-10.98025987904,32.70516851281,
    19.397967408435));
#1552 = CARTESIAN_POINT('',(-11.07521585219,32.755160044504,
    19.504354869955));
#1553 = CARTESIAN_POINT('',(-11.1695877932,32.8000006,19.613160791479));
#1554 = PCURVE('',#487,#1555);
#1555 = DEFINITIONAL_REPRESENTATION('',(#1556),#1583);
#1556 = B_SPLINE_CURVE_WITH_KNOTS('',5,(#1557,#1558,#1559,#1560,#1561,
    #1562,#1563,#1564,#1565,#1566,#1567,#1568,#1569,#1570,#1571,#1572,
    #1573,#1574,#1575,#1576,#1577,#1578,#1579,#1580,#1581,#1582),
  .UNSPECIFIED.,.F.,.F.,(6,4,4,4,4,4,6),(0.,0.240437240166,
    0.450628888551,0.637284957673,0.710704479508,0.82052213029,1.),
  .UNSPECIFIED.);
#1557 = CARTESIAN_POINT('',(-8.881784197001E-16,-12.92875380104));
#1558 = CARTESIAN_POINT('',(-5.795949800202E-02,-12.92875380104));
#1559 = CARTESIAN_POINT('',(-0.115936232169,-12.93896489413));
#1560 = CARTESIAN_POINT('',(-0.17386107574,-12.95939808927));
#1561 = CARTESIAN_POINT('',(-0.231669863174,-12.99010099805));
#1562 = CARTESIAN_POINT('',(-0.339686407802,-13.06703831402));
#1563 = CARTESIAN_POINT('',(-0.389943535938,-13.11083909265));
#1564 = CARTESIAN_POINT('',(-0.439954850693,-13.16255073332));
#1565 = CARTESIAN_POINT('',(-0.489624036926,-13.22211112602));
#1566 = CARTESIAN_POINT('',(-0.582564966158,-13.34907878559));
#1567 = CARTESIAN_POINT('',(-0.625918056502,-13.4148436948));
#1568 = CARTESIAN_POINT('',(-0.668803534884,-13.48648350357));
#1569 = CARTESIAN_POINT('',(-0.711125034049,-13.56373531054));
#1570 = CARTESIAN_POINT('',(-0.769171612078,-13.6786551191));
#1571 = CARTESIAN_POINT('',(-0.785455905542,-13.71190572745));
#1572 = CARTESIAN_POINT('',(-0.801632172796,-13.74594181074));
#1573 = CARTESIAN_POINT('',(-0.817695134071,-13.78073840683));
#1574 = CARTESIAN_POINT('',(-0.857489519955,-13.86941353546));
#1575 = CARTESIAN_POINT('',(-0.881072568124,-13.92419500498));
#1576 = CARTESIAN_POINT('',(-0.904376790462,-13.98053209546));
#1577 = CARTESIAN_POINT('',(-0.927389237763,-14.03833150069));
#1578 = CARTESIAN_POINT('',(-0.987207114995,-14.19416823911));
#1579 = CARTESIAN_POINT('',(-1.02349055268,-14.29444196222));
#1580 = CARTESIAN_POINT('',(-1.058936182982,-14.39796740843));
#1581 = CARTESIAN_POINT('',(-1.093523707245,-14.50435486995));
#1582 = CARTESIAN_POINT('',(-1.127227964667,-14.61316079147));
#1583 = ( GEOMETRIC_REPRESENTATION_CONTEXT(2) 
PARAMETRIC_REPRESENTATION_CONTEXT() REPRESENTATION_CONTEXT('2D SPACE',''
  ) );
#1584 = PCURVE('',#1436,#1585);
#1585 = DEFINITIONAL_REPRESENTATION('',(#1586),#1613);
#1586 = B_SPLINE_CURVE_WITH_KNOTS('',5,(#1587,#1588,#1589,#1590,#1591,
    #1592,#1593,#1594,#1595,#1596,#1597,#1598,#1599,#1600,#1601,#1602,
    #1603,#1604,#1605,#1606,#1607,#1608,#1609,#1610,#1611,#1612),
  .UNSPECIFIED.,.F.,.F.,(6,4,4,4,4,4,6),(0.,0.240437240166,
    0.450628888551,0.637284957673,0.710704479508,0.82052213029,1.),
  .UNSPECIFIED.);
#1587 = CARTESIAN_POINT('',(0.665163137305,30.));
#1588 = CARTESIAN_POINT('',(0.665163137305,30.179674443806));
#1589 = CARTESIAN_POINT('',(0.666455645219,30.359402445204));
#1590 = CARTESIAN_POINT('',(0.669042284663,30.53771146859));
#1591 = CARTESIAN_POINT('',(0.672906975145,30.713143181389));
#1592 = CARTESIAN_POINT('',(0.682489609893,31.034079029266));
#1593 = CARTESIAN_POINT('',(0.687914027975,31.180595518859));
#1594 = CARTESIAN_POINT('',(0.694266518626,31.322811310603));
#1595 = CARTESIAN_POINT('',(0.701503341452,31.459785927453));
#1596 = CARTESIAN_POINT('',(0.716728609117,31.707076391678));
#1597 = CARTESIAN_POINT('',(0.724540135691,31.818627390661));
#1598 = CARTESIAN_POINT('',(0.732955141475,31.92479640705));
#1599 = CARTESIAN_POINT('',(0.741915616804,32.025139909598));
#1600 = CARTESIAN_POINT('',(0.75506786023,32.156461105299));
#1601 = CARTESIAN_POINT('',(0.758854851919,32.192590348318));
#1602 = CARTESIAN_POINT('',(0.762711920787,32.227760907934));
#1603 = CARTESIAN_POINT('',(0.766634982306,32.261961875237));
#1604 = CARTESIAN_POINT('',(0.776580348373,32.344884393409));
#1605 = CARTESIAN_POINT('',(0.782678637812,32.392394229738));
#1606 = CARTESIAN_POINT('',(0.788901834648,32.437705309872));
#1607 = CARTESIAN_POINT('',(0.795236479407,32.480821444832));
#1608 = CARTESIAN_POINT('',(0.812180733982,32.588671562645));
#1609 = CARTESIAN_POINT('',(0.82294987201,32.649748482559));
#1610 = CARTESIAN_POINT('',(0.833928190719,32.70516851281));
#1611 = CARTESIAN_POINT('',(0.845067736518,32.755160044504));
#1612 = CARTESIAN_POINT('',(0.856320121196,32.8000006));
#1613 = ( GEOMETRIC_REPRESENTATION_CONTEXT(2) 
PARAMETRIC_REPRESENTATION_CONTEXT() REPRESENTATION_CONTEXT('2D SPACE',''
  ) );
#1614 = ORIENTED_EDGE('',*,*,#1448,.F.);
#1615 = ORIENTED_EDGE('',*,*,#466,.F.);
#1616 = ORIENTED_EDGE('',*,*,#1617,.T.);
#1617 = EDGE_CURVE('',#439,#1618,#1620,.T.);
#1618 = VERTEX_POINT('',#1619);
#1619 = CARTESIAN_POINT('',(-12.8,26.914550275892,34.012487006223));
#1620 = SURFACE_CURVE('',#1621,(#1625,#1632),.PCURVE_S1.);
#1621 = LINE('',#1622,#1623);
#1622 = CARTESIAN_POINT('',(-12.8,26.914550275892,5.));
#1623 = VECTOR('',#1624,1.);
#1624 = DIRECTION('',(-0.,-0.,-1.));
#1625 = PCURVE('',#487,#1626);
#1626 = DEFINITIONAL_REPRESENTATION('',(#1627),#1631);
#1627 = LINE('',#1628,#1629);
#1628 = CARTESIAN_POINT('',(-4.615463094345,0.));
#1629 = VECTOR('',#1630,1.);
#1630 = DIRECTION('',(-0.,1.));
#1631 = ( GEOMETRIC_REPRESENTATION_CONTEXT(2) 
PARAMETRIC_REPRESENTATION_CONTEXT() REPRESENTATION_CONTEXT('2D SPACE',''
  ) );
#1632 = PCURVE('',#454,#1633);
#1633 = DEFINITIONAL_REPRESENTATION('',(#1634),#1638);
#1634 = LINE('',#1635,#1636);
#1635 = CARTESIAN_POINT('',(-23.,-59.71455027589));
#1636 = VECTOR('',#1637,1.);
#1637 = DIRECTION('',(-1.,0.));
#1638 = ( GEOMETRIC_REPRESENTATION_CONTEXT(2) 
PARAMETRIC_REPRESENTATION_CONTEXT() REPRESENTATION_CONTEXT('2D SPACE',''
  ) );
#1639 = ORIENTED_EDGE('',*,*,#1640,.F.);
#1640 = EDGE_CURVE('',#1503,#1618,#1641,.T.);
#1641 = SURFACE_CURVE('',#1642,(#1722,#1805),.PCURVE_S1.);
#1642 = B_SPLINE_CURVE_WITH_KNOTS('',8,(#1643,#1644,#1645,#1646,#1647,
    #1648,#1649,#1650,#1651,#1652,#1653,#1654,#1655,#1656,#1657,#1658,
    #1659,#1660,#1661,#1662,#1663,#1664,#1665,#1666,#1667,#1668,#1669,
    #1670,#1671,#1672,#1673,#1674,#1675,#1676,#1677,#1678,#1679,#1680,
    #1681,#1682,#1683,#1684,#1685,#1686,#1687,#1688,#1689,#1690,#1691,
    #1692,#1693,#1694,#1695,#1696,#1697,#1698,#1699,#1700,#1701,#1702,
    #1703,#1704,#1705,#1706,#1707,#1708,#1709,#1710,#1711,#1712,#1713,
    #1714,#1715,#1716,#1717,#1718,#1719,#1720,#1721),.UNSPECIFIED.,.F.,
  .F.,(9,7,7,7,7,7,7,7,7,7,7,9),(0.,4.897239932819E-02,
    9.185030046696E-02,0.124323535692,0.155248458126,0.183348472872,
    0.234090255789,0.424689278919,0.4840763964,0.673114747958,
    0.862153099514,1.),.UNSPECIFIED.);
#1643 = CARTESIAN_POINT('',(-9.4,30.,17.928753801043));
#1644 = CARTESIAN_POINT('',(-9.4,29.887236685459,17.928753801043));
#1645 = CARTESIAN_POINT('',(-9.404687679066,29.774453854544,
    17.93243100164));
#1646 = CARTESIAN_POINT('',(-9.414066149856,29.66191785515,
    17.939787417293));
#1647 = CARTESIAN_POINT('',(-9.428115746967,29.549894002016,
    17.950827704842));
#1648 = CARTESIAN_POINT('',(-9.446794988039,29.438644238844,
    17.965559049915));
#1649 = CARTESIAN_POINT('',(-9.47004153486,29.328424800427,
    17.983991053323));
#1650 = CARTESIAN_POINT('',(-9.497773154476,29.21948387476,
    18.006135617474));
#1651 = CARTESIAN_POINT('',(-9.558007505595,29.018003391799,
    18.054658437073));
#1652 = CARTESIAN_POINT('',(-9.589489756841,28.925101270069,
    18.080169058178));
#1653 = CARTESIAN_POINT('',(-9.624255466715,28.833556480686,
    18.108537983422));
#1654 = CARTESIAN_POINT('',(-9.662206947497,28.743559430673,
    18.139760148444));
#1655 = CARTESIAN_POINT('',(-9.703230243834,28.655287242573,
    18.173825410801));
#1656 = CARTESIAN_POINT('',(-9.747196585507,28.568903643646,
    18.210717823583));
#1657 = CARTESIAN_POINT('',(-9.793963840205,28.484558855067,
    18.250414909035));
#1658 = CARTESIAN_POINT('',(-9.880801359162,28.340159163473,
    18.32505277894));
#1659 = CARTESIAN_POINT('',(-9.919737274686,28.279185877902,
    18.35880535962));
#1660 = CARTESIAN_POINT('',(-9.960111471907,28.219538893763,
    18.394125209505));
#1661 = CARTESIAN_POINT('',(-10.00184493599,28.161280673526,
    18.430989309117));
#1662 = CARTESIAN_POINT('',(-10.04485444356,28.104466891802,
    18.469370823148));
#1663 = CARTESIAN_POINT('',(-10.08905312795,28.049146454354,
    18.509238839412));
#1664 = CARTESIAN_POINT('',(-10.13435104454,27.995361517115,
    18.55055810779));
#1665 = CARTESIAN_POINT('',(-10.22475263566,27.89342303959,
    18.633982066714));
#1666 = CARTESIAN_POINT('',(-10.26975811678,27.845128303078,
    18.675951236683));
#1667 = CARTESIAN_POINT('',(-10.31559492036,27.798290093945,
    18.719164128207));
#1668 = CARTESIAN_POINT('',(-10.36218413713,27.752930108475,
    18.763585275464));
#1669 = CARTESIAN_POINT('',(-10.40944558861,27.709064981648,
    18.809175744123));
#1670 = CARTESIAN_POINT('',(-10.45729820812,27.666706327834,
    18.855892967776));
#1671 = CARTESIAN_POINT('',(-10.50566042181,27.625860781482,
    18.903690584379));
#1672 = CARTESIAN_POINT('',(-10.59878379361,27.550792050764,
    18.996885684248));
#1673 = CARTESIAN_POINT('',(-10.64346967516,27.516305302779,
    19.042102902701));
#1674 = CARTESIAN_POINT('',(-10.68845527571,27.483064252089,
    19.088140583025));
#1675 = CARTESIAN_POINT('',(-10.73368806741,27.45106125258,
    19.134967670935));
#1676 = CARTESIAN_POINT('',(-10.7791160153,27.420286576135,
    19.182551352719));
#1677 = CARTESIAN_POINT('',(-10.82468769945,27.39072843498,
    19.23085700506));
#1678 = CARTESIAN_POINT('',(-10.87035243713,27.362373004031,
    19.27984814487));
#1679 = CARTESIAN_POINT('',(-10.99859786279,27.286144639319,
    19.419120940864));
#1680 = CARTESIAN_POINT('',(-11.08124626785,27.240972652918,
    19.510832889795));
#1681 = CARTESIAN_POINT('',(-11.16378765779,27.199545956679,
    19.604475818182));
#1682 = CARTESIAN_POINT('',(-11.24601770576,27.161718382122,
    19.699897635991));
#1683 = CARTESIAN_POINT('',(-11.32774561015,27.127340187865,
    19.796940507969));
#1684 = CARTESIAN_POINT('',(-11.40879398435,27.096258127849,
    19.895440790736));
#1685 = CARTESIAN_POINT('',(-11.48899874649,27.068315519562,
    19.99522896987));
#1686 = CARTESIAN_POINT('',(-11.86574287224,26.949584165916,
    20.475137977436));
#1687 = CARTESIAN_POINT('',(-12.14941656209,26.89780093343,
    20.870061880171));
#1688 = CARTESIAN_POINT('',(-12.41464071918,26.878548543947,
    21.276021147904));
#1689 = CARTESIAN_POINT('',(-12.65958407799,26.8841444136,
    21.689359501374));
#1690 = CARTESIAN_POINT('',(-12.88379969691,26.908276516252,
    22.107480873493));
#1691 = CARTESIAN_POINT('',(-13.08769345336,26.945818341262,
    22.528893035205));
#1692 = CARTESIAN_POINT('',(-13.27217727272,26.992659967363,
    22.95344308811));
#1693 = CARTESIAN_POINT('',(-13.4899614961,27.061816397672,
    23.516542108502));
#1694 = CARTESIAN_POINT('',(-13.53985542495,27.078799728596,
    23.650638776956));
#1695 = CARTESIAN_POINT('',(-13.58791952249,27.096225103197,
    23.785051266241));
#1696 = CARTESIAN_POINT('',(-13.63416668908,27.113984253642,
    23.919771399524));
#1697 = CARTESIAN_POINT('',(-13.67860918147,27.131972605576,
    24.054793013123));
#1698 = CARTESIAN_POINT('',(-13.72125848587,27.150088867175,
    24.190112025497));
#1699 = CARTESIAN_POINT('',(-13.76212519105,27.168234618201,
    24.325726506241));
#1700 = CARTESIAN_POINT('',(-13.92566004179,27.243863037522,
    24.89425999065));
#1701 = CARTESIAN_POINT('',(-14.03267816811,27.300989964165,
    25.33176484289));
#1702 = CARTESIAN_POINT('',(-14.12179389709,27.354355241149,
    25.772422369033));
#1703 = CARTESIAN_POINT('',(-14.1929434094,27.400847435211,
    26.215000847733));
#1704 = CARTESIAN_POINT('',(-14.24628981588,27.437809056558,
    26.658879526604));
#1705 = CARTESIAN_POINT('',(-14.28199007266,27.463269655772,
    27.104031812707));
#1706 = CARTESIAN_POINT('',(-14.3,27.476114107175,27.550877045283));
#1707 = CARTESIAN_POINT('',(-14.3,27.476114107175,28.449122954713));
#1708 = CARTESIAN_POINT('',(-14.28199007266,27.463269655772,
    28.895968187297));
#1709 = CARTESIAN_POINT('',(-14.24628981588,27.437809056558,
    29.341120473398));
#1710 = CARTESIAN_POINT('',(-14.1929434094,27.40084743521,
    29.784999152267));
#1711 = CARTESIAN_POINT('',(-14.12179389709,27.354355241149,
    30.227577630966));
#1712 = CARTESIAN_POINT('',(-14.03267816811,27.300989964165,
    30.668235157107));
#1713 = CARTESIAN_POINT('',(-13.92566004179,27.243863037521,
    31.105740009352));
#1714 = CARTESIAN_POINT('',(-13.7104762641,27.144349026309,
    31.853832433471));
#1715 = CARTESIAN_POINT('',(-13.61025286444,27.102059532005,
    32.167458665655));
#1716 = CARTESIAN_POINT('',(-13.50039481651,27.06061671658,
    32.479458712043));
#1717 = CARTESIAN_POINT('',(-13.38070391295,27.021269812876,
    32.789914372082));
#1718 = CARTESIAN_POINT('',(-13.25096659333,26.985375537092,
    33.09875805668));
#1719 = CARTESIAN_POINT('',(-13.11099297346,26.954439847464,
    33.405761555187));
#1720 = CARTESIAN_POINT('',(-12.96066589563,26.930171910662,
    33.710527996776));
#1721 = CARTESIAN_POINT('',(-12.8,26.914550275892,34.012487006223));
#1722 = PCURVE('',#487,#1723);
#1723 = DEFINITIONAL_REPRESENTATION('',(#1724),#1804);
#1724 = B_SPLINE_CURVE_WITH_KNOTS('',8,(#1725,#1726,#1727,#1728,#1729,
    #1730,#1731,#1732,#1733,#1734,#1735,#1736,#1737,#1738,#1739,#1740,
    #1741,#1742,#1743,#1744,#1745,#1746,#1747,#1748,#1749,#1750,#1751,
    #1752,#1753,#1754,#1755,#1756,#1757,#1758,#1759,#1760,#1761,#1762,
    #1763,#1764,#1765,#1766,#1767,#1768,#1769,#1770,#1771,#1772,#1773,
    #1774,#1775,#1776,#1777,#1778,#1779,#1780,#1781,#1782,#1783,#1784,
    #1785,#1786,#1787,#1788,#1789,#1790,#1791,#1792,#1793,#1794,#1795,
    #1796,#1797,#1798,#1799,#1800,#1801,#1802,#1803),.UNSPECIFIED.,.F.,
  .F.,(9,7,7,7,7,7,7,7,7,7,7,9),(0.,4.897239932819E-02,
    9.185030046696E-02,0.124323535692,0.155248458126,0.183348472872,
    0.234090255789,0.424689278919,0.4840763964,0.673114747958,
    0.862153099514,1.),.UNSPECIFIED.);
#1725 = CARTESIAN_POINT('',(-6.28318530718,-12.92875380104));
#1726 = CARTESIAN_POINT('',(-6.246810044424,-12.92875380104));
#1727 = CARTESIAN_POINT('',(-6.210428500965,-12.93243100164));
#1728 = CARTESIAN_POINT('',(-6.174053207649,-12.93978741729));
#1729 = CARTESIAN_POINT('',(-6.137696334279,-12.95082770484));
#1730 = CARTESIAN_POINT('',(-6.101369694471,-12.96555904991));
#1731 = CARTESIAN_POINT('',(-6.0650847505,-12.98399105332));
#1732 = CARTESIAN_POINT('',(-6.028852618153,-13.00613561747));
#1733 = CARTESIAN_POINT('',(-5.961016614288,-13.05465843707));
#1734 = CARTESIAN_POINT('',(-5.929394989375,-13.08016905817));
#1735 = CARTESIAN_POINT('',(-5.897841043399,-13.10853798342));
#1736 = CARTESIAN_POINT('',(-5.866374910941,-13.13976014844));
#1737 = CARTESIAN_POINT('',(-5.835015521792,-13.1738254108));
#1738 = CARTESIAN_POINT('',(-5.803781108146,-13.21071782358));
#1739 = CARTESIAN_POINT('',(-5.772689711792,-13.25041490903));
#1740 = CARTESIAN_POINT('',(-5.718335087852,-13.32505277894));
#1741 = CARTESIAN_POINT('',(-5.695006540439,-13.35880535962));
#1742 = CARTESIAN_POINT('',(-5.671785933418,-13.3941252095));
#1743 = CARTESIAN_POINT('',(-5.648684775393,-13.43098930911));
#1744 = CARTESIAN_POINT('',(-5.625714296025,-13.46937082314));
#1745 = CARTESIAN_POINT('',(-5.602885542852,-13.50923883941));
#1746 = CARTESIAN_POINT('',(-5.580209478092,-13.55055810779));
#1747 = CARTESIAN_POINT('',(-5.536258056515,-13.63398206671));
#1748 = CARTESIAN_POINT('',(-5.514969636013,-13.67595123668));
#1749 = CARTESIAN_POINT('',(-5.493839790129,-13.7191641282));
#1750 = CARTESIAN_POINT('',(-5.472876523771,-13.76358527546));
#1751 = CARTESIAN_POINT('',(-5.452087886965,-13.80917574412));
#1752 = CARTESIAN_POINT('',(-5.431481991242,-13.85589296777));
#1753 = CARTESIAN_POINT('',(-5.411067026024,-13.90369058437));
#1754 = CARTESIAN_POINT('',(-5.372482177958,-13.99688568424));
#1755 = CARTESIAN_POINT('',(-5.354277838598,-14.0421029027));
#1756 = CARTESIAN_POINT('',(-5.336240973282,-14.08814058302));
#1757 = CARTESIAN_POINT('',(-5.31837449404,-14.13496767093));
#1758 = CARTESIAN_POINT('',(-5.300681490804,-14.18255135271));
#1759 = CARTESIAN_POINT('',(-5.283165213628,-14.23085700506));
#1760 = CARTESIAN_POINT('',(-5.265829054912,-14.27984814487));
#1761 = CARTESIAN_POINT('',(-5.217703252039,-14.41912094086));
#1762 = CARTESIAN_POINT('',(-5.187339984934,-14.51083288979));
#1763 = CARTESIAN_POINT('',(-5.157578473149,-14.60447581818));
#1764 = CARTESIAN_POINT('',(-5.128413419518,-14.69989763599));
#1765 = CARTESIAN_POINT('',(-5.099841984799,-14.79694050796));
#1766 = CARTESIAN_POINT('',(-5.071863285606,-14.89544079073));
#1767 = CARTESIAN_POINT('',(-5.044477892342,-14.99522896987));
#1768 = CARTESIAN_POINT('',(-4.917055160403,-15.47513797743));
#1769 = CARTESIAN_POINT('',(-4.824757951255,-15.87006188013));
#1770 = CARTESIAN_POINT('',(-4.739739686898,-16.27602114799));
#1771 = CARTESIAN_POINT('',(-4.661339837731,-16.68935950125));
#1772 = CARTESIAN_POINT('',(-4.589028927286,-17.10748087357));
#1773 = CARTESIAN_POINT('',(-4.522406427013,-17.52889303518));
#1774 = CARTESIAN_POINT('',(-4.461113262533,-17.95344308811));
#1775 = CARTESIAN_POINT('',(-4.387403352316,-18.5165421085));
#1776 = CARTESIAN_POINT('',(-4.370405280547,-18.65063877695));
#1777 = CARTESIAN_POINT('',(-4.353918472303,-18.78505126624));
#1778 = CARTESIAN_POINT('',(-4.33794334003,-18.91977139952));
#1779 = CARTESIAN_POINT('',(-4.322481897779,-19.05479301312));
#1780 = CARTESIAN_POINT('',(-4.307537638511,-19.19011202549));
#1781 = CARTESIAN_POINT('',(-4.293115411418,-19.32572650624));
#1782 = CARTESIAN_POINT('',(-4.234994197866,-19.89425999065));
#1783 = CARTESIAN_POINT('',(-4.195925482471,-20.33176484289));
#1784 = CARTESIAN_POINT('',(-4.162476069393,-20.77242236903));
#1785 = CARTESIAN_POINT('',(-4.135082505608,-21.21500084773));
#1786 = CARTESIAN_POINT('',(-4.114148730264,-21.6588795266));
#1787 = CARTESIAN_POINT('',(-4.100003884098,-22.1040318127));
#1788 = CARTESIAN_POINT('',(-4.092868084572,-22.55087704528));
#1789 = CARTESIAN_POINT('',(-4.092868084572,-23.44912295471));
#1790 = CARTESIAN_POINT('',(-4.100003884098,-23.89596818729));
#1791 = CARTESIAN_POINT('',(-4.114148730264,-24.34112047339));
#1792 = CARTESIAN_POINT('',(-4.135082505608,-24.78499915226));
#1793 = CARTESIAN_POINT('',(-4.162476069393,-25.22757763096));
#1794 = CARTESIAN_POINT('',(-4.19592548247,-25.6682351571));
#1795 = CARTESIAN_POINT('',(-4.234994197867,-26.10574000935));
#1796 = CARTESIAN_POINT('',(-4.311471733018,-26.85383243347));
#1797 = CARTESIAN_POINT('',(-4.346542200397,-27.16745866565));
#1798 = CARTESIAN_POINT('',(-4.384369275526,-27.47945871204));
#1799 = CARTESIAN_POINT('',(-4.424932066398,-27.78991437208));
#1800 = CARTESIAN_POINT('',(-4.46824709938,-28.09875805668));
#1801 = CARTESIAN_POINT('',(-4.514368144068,-28.40576155518));
#1802 = CARTESIAN_POINT('',(-4.563390978444,-28.71052799677));
#1803 = CARTESIAN_POINT('',(-4.615463094345,-29.01248700622));
#1804 = ( GEOMETRIC_REPRESENTATION_CONTEXT(2) 
PARAMETRIC_REPRESENTATION_CONTEXT() REPRESENTATION_CONTEXT('2D SPACE',''
  ) );
#1805 = PCURVE('',#1436,#1806);
#1806 = DEFINITIONAL_REPRESENTATION('',(#1807),#1887);
#1807 = B_SPLINE_CURVE_WITH_KNOTS('',8,(#1808,#1809,#1810,#1811,#1812,
    #1813,#1814,#1815,#1816,#1817,#1818,#1819,#1820,#1821,#1822,#1823,
    #1824,#1825,#1826,#1827,#1828,#1829,#1830,#1831,#1832,#1833,#1834,
    #1835,#1836,#1837,#1838,#1839,#1840,#1841,#1842,#1843,#1844,#1845,
    #1846,#1847,#1848,#1849,#1850,#1851,#1852,#1853,#1854,#1855,#1856,
    #1857,#1858,#1859,#1860,#1861,#1862,#1863,#1864,#1865,#1866,#1867,
    #1868,#1869,#1870,#1871,#1872,#1873,#1874,#1875,#1876,#1877,#1878,
    #1879,#1880,#1881,#1882,#1883,#1884,#1885,#1886),.UNSPECIFIED.,.F.,
  .F.,(9,7,7,7,7,7,7,7,7,7,7,9),(0.,4.897239932819E-02,
    9.185030046696E-02,0.124323535692,0.155248458126,0.183348472872,
    0.234090255789,0.424689278919,0.4840763964,0.673114747958,
    0.862153099514,1.),.UNSPECIFIED.);
#1808 = CARTESIAN_POINT('',(0.665163137305,30.));
#1809 = CARTESIAN_POINT('',(0.665163137305,29.887236685459));
#1810 = CARTESIAN_POINT('',(0.665628592729,29.774453854544));
#1811 = CARTESIAN_POINT('',(0.666559800708,29.66191785515));
#1812 = CARTESIAN_POINT('',(0.667955769958,29.549894002016));
#1813 = CARTESIAN_POINT('',(0.669814293109,29.438644238844));
#1814 = CARTESIAN_POINT('',(0.672132019039,29.328424800427));
#1815 = CARTESIAN_POINT('',(0.674904525199,29.21948387476));
#1816 = CARTESIAN_POINT('',(0.680947301323,29.018003391799));
#1817 = CARTESIAN_POINT('',(0.684112965127,28.925101270069));
#1818 = CARTESIAN_POINT('',(0.687618514732,28.833556480686));
#1819 = CARTESIAN_POINT('',(0.691457828009,28.743559430673));
#1820 = CARTESIAN_POINT('',(0.695623597911,28.655287242573));
#1821 = CARTESIAN_POINT('',(0.700107403045,28.568903643646));
#1822 = CARTESIAN_POINT('',(0.704899778243,28.484558855067));
#1823 = CARTESIAN_POINT('',(0.713845539805,28.340159163473));
#1824 = CARTESIAN_POINT('',(0.717871210859,28.279185877902));
#1825 = CARTESIAN_POINT('',(0.722061994398,28.219538893763));
#1826 = CARTESIAN_POINT('',(0.726412157521,28.161280673526));
#1827 = CARTESIAN_POINT('',(0.730915559591,28.104466891802));
#1828 = CARTESIAN_POINT('',(0.73556567349,28.049146454354));
#1829 = CARTESIAN_POINT('',(0.740355606868,27.995361517115));
#1830 = CARTESIAN_POINT('',(0.749965936025,27.89342303959));
#1831 = CARTESIAN_POINT('',(0.754773513816,27.845128303078));
#1832 = CARTESIAN_POINT('',(0.75969487276,27.798290093945));
#1833 = CARTESIAN_POINT('',(0.764723794956,27.752930108475));
#1834 = CARTESIAN_POINT('',(0.769853838733,27.709064981648));
#1835 = CARTESIAN_POINT('',(0.77507834878,27.666706327834));
#1836 = CARTESIAN_POINT('',(0.780390466271,27.625860781482));
#1837 = CARTESIAN_POINT('',(0.790683205688,27.550792050764));
#1838 = CARTESIAN_POINT('',(0.795649708293,27.516305302779));
#1839 = CARTESIAN_POINT('',(0.800678282774,27.483064252089));
#1840 = CARTESIAN_POINT('',(0.805764512351,27.45106125258));
#1841 = CARTESIAN_POINT('',(0.810903928328,27.420286576135));
#1842 = CARTESIAN_POINT('',(0.816092010922,27.39072843498));
#1843 = CARTESIAN_POINT('',(0.8213241901,27.362373004031));
#1844 = CARTESIAN_POINT('',(0.836115173802,27.286144639319));
#1845 = CARTESIAN_POINT('',(0.845759762731,27.240972652918));
#1846 = CARTESIAN_POINT('',(0.855510977028,27.199545956679));
#1847 = CARTESIAN_POINT('',(0.865350724441,27.161718382122));
#1848 = CARTESIAN_POINT('',(0.875261395779,27.127340187865));
#1849 = CARTESIAN_POINT('',(0.885225804048,27.096258127849));
#1850 = CARTESIAN_POINT('',(0.895227123595,27.068315519562));
#1851 = CARTESIAN_POINT('',(0.942892900808,26.949584165916));
#1852 = CARTESIAN_POINT('',(0.980846371355,26.89780093343));
#1853 = CARTESIAN_POINT('',(1.01866923068,26.878548543947));
#1854 = CARTESIAN_POINT('',(1.056135384278,26.8841444136));
#1855 = CARTESIAN_POINT('',(1.093136002604,26.908276516252));
#1856 = CARTESIAN_POINT('',(1.129659128847,26.945818341262));
#1857 = CARTESIAN_POINT('',(1.165793025987,26.992659967363));
#1858 = CARTESIAN_POINT('',(1.212960762608,27.061816397672));
#1859 = CARTESIAN_POINT('',(1.224137811882,27.078799728596));
#1860 = CARTESIAN_POINT('',(1.235288450675,27.096225103197));
#1861 = CARTESIAN_POINT('',(1.246414544827,27.113984253642));
#1862 = CARTESIAN_POINT('',(1.257518050328,27.131972605576));
#1863 = CARTESIAN_POINT('',(1.268601022723,27.150088867175));
#1864 = CARTESIAN_POINT('',(1.279665626518,27.168234618201));
#1865 = CARTESIAN_POINT('',(1.325883281111,27.243863037522));
#1866 = CARTESIAN_POINT('',(1.361042662366,27.300989964165));
#1867 = CARTESIAN_POINT('',(1.39611836912,27.354355241149));
#1868 = CARTESIAN_POINT('',(1.43108280158,27.400847435211));
#1869 = CARTESIAN_POINT('',(1.465955436797,27.437809056558));
#1870 = CARTESIAN_POINT('',(1.50079882213,27.463269655772));
#1871 = CARTESIAN_POINT('',(1.535708595958,27.476114107175));
#1872 = CARTESIAN_POINT('',(1.605884057632,27.476114107175));
#1873 = CARTESIAN_POINT('',(1.64079383146,27.463269655772));
#1874 = CARTESIAN_POINT('',(1.675637216793,27.437809056558));
#1875 = CARTESIAN_POINT('',(1.71050985201,27.40084743521));
#1876 = CARTESIAN_POINT('',(1.74547428447,27.354355241149));
#1877 = CARTESIAN_POINT('',(1.780549991223,27.300989964165));
#1878 = CARTESIAN_POINT('',(1.815709372479,27.243863037521));
#1879 = CARTESIAN_POINT('',(1.876523868388,27.144349026309));
#1880 = CARTESIAN_POINT('',(1.902235600434,27.102059532005));
#1881 = CARTESIAN_POINT('',(1.928059045542,27.06061671658));
#1882 = CARTESIAN_POINT('',(1.954030820319,27.021269812876));
#1883 = CARTESIAN_POINT('',(1.980178207836,26.985375537092));
#1884 = CARTESIAN_POINT('',(2.00651790949,26.954439847464));
#1885 = CARTESIAN_POINT('',(2.033054158448,26.930171910662));
#1886 = CARTESIAN_POINT('',(2.059776194682,26.914550275892));
#1887 = ( GEOMETRIC_REPRESENTATION_CONTEXT(2) 
PARAMETRIC_REPRESENTATION_CONTEXT() REPRESENTATION_CONTEXT('2D SPACE',''
  ) );
#1888 = ORIENTED_EDGE('',*,*,#1502,.F.);
#1889 = FACE_BOUND('',#1890,.T.);
#1890 = EDGE_LOOP('',(#1891,#1954));
#1891 = ORIENTED_EDGE('',*,*,#1892,.F.);
#1892 = EDGE_CURVE('',#1893,#1895,#1897,.T.);
#1893 = VERTEX_POINT('',#1894);
#1894 = CARTESIAN_POINT('',(-13.83041346956,32.8,31.435244339136));
#1895 = VERTEX_POINT('',#1896);
#1896 = CARTESIAN_POINT('',(-13.83041346956,32.8,24.564755660864));
#1897 = SURFACE_CURVE('',#1898,(#1913,#1931),.PCURVE_S1.);
#1898 = B_SPLINE_CURVE_WITH_KNOTS('',7,(#1899,#1900,#1901,#1902,#1903,
    #1904,#1905,#1906,#1907,#1908,#1909,#1910,#1911,#1912),
  .UNSPECIFIED.,.F.,.F.,(8,6,8),(0.,0.499999999996,1.),.UNSPECIFIED.);
#1899 = CARTESIAN_POINT('',(-13.83041220679,32.8000006,31.435248871687)
  );
#1900 = CARTESIAN_POINT('',(-13.96425981269,32.736403296223,
    30.954819006125));
#1901 = CARTESIAN_POINT('',(-14.07627969121,32.674027313818,
    30.468265184826));
#1902 = CARTESIAN_POINT('',(-14.16573373596,32.617723507227,
    29.978210365635));
#1903 = CARTESIAN_POINT('',(-14.23266633998,32.571906856459,
    29.486302257055));
#1904 = CARTESIAN_POINT('',(-14.27741100877,32.539996088891,
    28.993005086715));
#1905 = CARTESIAN_POINT('',(-14.3,32.523885892825,28.49782886343));
#1906 = CARTESIAN_POINT('',(-14.3,32.523885892825,27.502171136563));
#1907 = CARTESIAN_POINT('',(-14.27741100877,32.539996088892,
    27.006994913294));
#1908 = CARTESIAN_POINT('',(-14.23266633998,32.571906856459,
    26.513697742941));
#1909 = CARTESIAN_POINT('',(-14.16573373596,32.617723507226,
    26.02178963437));
#1910 = CARTESIAN_POINT('',(-14.07627969121,32.674027313819,
    25.531734815166));
#1911 = CARTESIAN_POINT('',(-13.96425981269,32.736403296222,
    25.045180993879));
#1912 = CARTESIAN_POINT('',(-13.83041220679,32.8000006,24.564751128314)
  );
#1913 = PCURVE('',#487,#1914);
#1914 = DEFINITIONAL_REPRESENTATION('',(#1915),#1930);
#1915 = B_SPLINE_CURVE_WITH_KNOTS('',7,(#1916,#1917,#1918,#1919,#1920,
    #1921,#1922,#1923,#1924,#1925,#1926,#1927,#1928,#1929),
  .UNSPECIFIED.,.F.,.F.,(8,6,8),(0.,0.499999999996,1.),.UNSPECIFIED.);
#1916 = CARTESIAN_POINT('',(-2.014364688923,-26.43524887168));
#1917 = CARTESIAN_POINT('',(-2.062167395071,-25.95481900612));
#1918 = CARTESIAN_POINT('',(-2.103441241032,-25.46826518482));
#1919 = CARTESIAN_POINT('',(-2.137477871701,-24.97821036563));
#1920 = CARTESIAN_POINT('',(-2.163638898733,-24.48630225705));
#1921 = CARTESIAN_POINT('',(-2.181367102868,-23.99300508671));
#1922 = CARTESIAN_POINT('',(-2.190317222608,-23.49782886343));
#1923 = CARTESIAN_POINT('',(-2.190317222608,-22.50217113656));
#1924 = CARTESIAN_POINT('',(-2.181367102867,-22.00699491329));
#1925 = CARTESIAN_POINT('',(-2.163638898733,-21.51369774294));
#1926 = CARTESIAN_POINT('',(-2.137477871701,-21.02178963437));
#1927 = CARTESIAN_POINT('',(-2.103441241031,-20.53173481516));
#1928 = CARTESIAN_POINT('',(-2.062167395071,-20.04518099387));
#1929 = CARTESIAN_POINT('',(-2.014364688923,-19.56475112831));
#1930 = ( GEOMETRIC_REPRESENTATION_CONTEXT(2) 
PARAMETRIC_REPRESENTATION_CONTEXT() REPRESENTATION_CONTEXT('2D SPACE',''
  ) );
#1931 = PCURVE('',#1932,#1937);
#1932 = CYLINDRICAL_SURFACE('',#1933,12.8);
#1933 = AXIS2_PLACEMENT_3D('',#1934,#1935,#1936);
#1934 = CARTESIAN_POINT('',(-1.5,0.,28.));
#1935 = DIRECTION('',(0.,1.,0.));
#1936 = DIRECTION('',(0.,0.,-1.));
#1937 = DEFINITIONAL_REPRESENTATION('',(#1938),#1953);
#1938 = B_SPLINE_CURVE_WITH_KNOTS('',7,(#1939,#1940,#1941,#1942,#1943,
    #1944,#1945,#1946,#1947,#1948,#1949,#1950,#1951,#1952),
  .UNSPECIFIED.,.F.,.F.,(8,6,8),(0.,0.499999999996,1.),.UNSPECIFIED.);
#1939 = CARTESIAN_POINT('',(1.842506040239,32.8000006));
#1940 = CARTESIAN_POINT('',(1.803543039043,32.736403296223));
#1941 = CARTESIAN_POINT('',(1.764576812702,32.674027313818));
#1942 = CARTESIAN_POINT('',(1.725723681113,32.617723507227));
#1943 = CARTESIAN_POINT('',(1.687009819946,32.571906856459));
#1944 = CARTESIAN_POINT('',(1.64837483963,32.539996088891));
#1945 = CARTESIAN_POINT('',(1.60968920675,32.523885892825));
#1946 = CARTESIAN_POINT('',(1.531903446839,32.523885892825));
#1947 = CARTESIAN_POINT('',(1.493217813961,32.539996088892));
#1948 = CARTESIAN_POINT('',(1.454582833644,32.571906856459));
#1949 = CARTESIAN_POINT('',(1.415868972477,32.617723507226));
#1950 = CARTESIAN_POINT('',(1.377015840888,32.674027313819));
#1951 = CARTESIAN_POINT('',(1.338049614547,32.736403296222));
#1952 = CARTESIAN_POINT('',(1.299086613351,32.8000006));
#1953 = ( GEOMETRIC_REPRESENTATION_CONTEXT(2) 
PARAMETRIC_REPRESENTATION_CONTEXT() REPRESENTATION_CONTEXT('2D SPACE',''
  ) );
#1954 = ORIENTED_EDGE('',*,*,#1955,.T.);
#1955 = EDGE_CURVE('',#1893,#1895,#1956,.T.);
#1956 = SURFACE_CURVE('',#1957,(#1961,#1968),.PCURVE_S1.);
#1957 = LINE('',#1958,#1959);
#1958 = CARTESIAN_POINT('',(-13.83041346956,32.8,5.));
#1959 = VECTOR('',#1960,1.);
#1960 = DIRECTION('',(-0.,-0.,-1.));
#1961 = PCURVE('',#487,#1962);
#1962 = DEFINITIONAL_REPRESENTATION('',(#1963),#1967);
#1963 = LINE('',#1964,#1965);
#1964 = CARTESIAN_POINT('',(-2.014365139911,0.));
#1965 = VECTOR('',#1966,1.);
#1966 = DIRECTION('',(-0.,1.));
#1967 = ( GEOMETRIC_REPRESENTATION_CONTEXT(2) 
PARAMETRIC_REPRESENTATION_CONTEXT() REPRESENTATION_CONTEXT('2D SPACE',''
  ) );
#1968 = PCURVE('',#1969,#1974);
#1969 = PLANE('',#1970);
#1970 = AXIS2_PLACEMENT_3D('',#1971,#1972,#1973);
#1971 = CARTESIAN_POINT('',(1.5,32.8,32.3));
#1972 = DIRECTION('',(0.,1.,0.));
#1973 = DIRECTION('',(0.,0.,1.));
#1974 = DEFINITIONAL_REPRESENTATION('',(#1975),#1979);
#1975 = LINE('',#1976,#1977);
#1976 = CARTESIAN_POINT('',(-27.3,-15.33041346956));
#1977 = VECTOR('',#1978,1.);
#1978 = DIRECTION('',(-1.,0.));
#1979 = ( GEOMETRIC_REPRESENTATION_CONTEXT(2) 
PARAMETRIC_REPRESENTATION_CONTEXT() REPRESENTATION_CONTEXT('2D SPACE',''
  ) );
#1980 = ADVANCED_FACE('',(#1981),#454,.T.);
#1981 = FACE_BOUND('',#1982,.T.);
#1982 = EDGE_LOOP('',(#1983,#2006,#2027,#2028));
#1983 = ORIENTED_EDGE('',*,*,#1984,.T.);
#1984 = EDGE_CURVE('',#406,#1985,#1987,.T.);
#1985 = VERTEX_POINT('',#1986);
#1986 = CARTESIAN_POINT('',(-12.8,-26.91455027589,34.012487006223));
#1987 = SURFACE_CURVE('',#1988,(#1992,#1999),.PCURVE_S1.);
#1988 = LINE('',#1989,#1990);
#1989 = CARTESIAN_POINT('',(-12.8,-26.91455027589,5.));
#1990 = VECTOR('',#1991,1.);
#1991 = DIRECTION('',(-0.,-0.,-1.));
#1992 = PCURVE('',#454,#1993);
#1993 = DEFINITIONAL_REPRESENTATION('',(#1994),#1998);
#1994 = LINE('',#1995,#1996);
#1995 = CARTESIAN_POINT('',(-23.,-5.885449724108));
#1996 = VECTOR('',#1997,1.);
#1997 = DIRECTION('',(-1.,0.));
#1998 = ( GEOMETRIC_REPRESENTATION_CONTEXT(2) 
PARAMETRIC_REPRESENTATION_CONTEXT() REPRESENTATION_CONTEXT('2D SPACE',''
  ) );
#1999 = PCURVE('',#426,#2000);
#2000 = DEFINITIONAL_REPRESENTATION('',(#2001),#2005);
#2001 = LINE('',#2002,#2003);
#2002 = CARTESIAN_POINT('',(-1.667722212835,0.));
#2003 = VECTOR('',#2004,1.);
#2004 = DIRECTION('',(-0.,1.));
#2005 = ( GEOMETRIC_REPRESENTATION_CONTEXT(2) 
PARAMETRIC_REPRESENTATION_CONTEXT() REPRESENTATION_CONTEXT('2D SPACE',''
  ) );
#2006 = ORIENTED_EDGE('',*,*,#2007,.T.);
#2007 = EDGE_CURVE('',#1985,#1618,#2008,.T.);
#2008 = SURFACE_CURVE('',#2009,(#2013,#2020),.PCURVE_S1.);
#2009 = LINE('',#2010,#2011);
#2010 = CARTESIAN_POINT('',(-12.8,0.,34.012487006223));
#2011 = VECTOR('',#2012,1.);
#2012 = DIRECTION('',(0.,1.,0.));
#2013 = PCURVE('',#454,#2014);
#2014 = DEFINITIONAL_REPRESENTATION('',(#2015),#2019);
#2015 = LINE('',#2016,#2017);
#2016 = CARTESIAN_POINT('',(6.012487006223,-32.8));
#2017 = VECTOR('',#2018,1.);
#2018 = DIRECTION('',(0.,-1.));
#2019 = ( GEOMETRIC_REPRESENTATION_CONTEXT(2) 
PARAMETRIC_REPRESENTATION_CONTEXT() REPRESENTATION_CONTEXT('2D SPACE',''
  ) );
#2020 = PCURVE('',#1436,#2021);
#2021 = DEFINITIONAL_REPRESENTATION('',(#2022),#2026);
#2022 = LINE('',#2023,#2024);
#2023 = CARTESIAN_POINT('',(2.059776194682,0.));
#2024 = VECTOR('',#2025,1.);
#2025 = DIRECTION('',(0.,1.));
#2026 = ( GEOMETRIC_REPRESENTATION_CONTEXT(2) 
PARAMETRIC_REPRESENTATION_CONTEXT() REPRESENTATION_CONTEXT('2D SPACE',''
  ) );
#2027 = ORIENTED_EDGE('',*,*,#1617,.F.);
#2028 = ORIENTED_EDGE('',*,*,#438,.F.);
#2029 = ADVANCED_FACE('',(#2030,#2449),#426,.F.);
#2030 = FACE_BOUND('',#2031,.T.);
#2031 = EDGE_LOOP('',(#2032,#2061,#2084,#2333,#2334,#2335,#2358,#2448));
#2032 = ORIENTED_EDGE('',*,*,#2033,.F.);
#2033 = EDGE_CURVE('',#2034,#2034,#2036,.T.);
#2034 = VERTEX_POINT('',#2035);
#2035 = CARTESIAN_POINT('',(-9.4,-30.,5.));
#2036 = SURFACE_CURVE('',#2037,(#2042,#2049),.PCURVE_S1.);
#2037 = CIRCLE('',#2038,3.1);
#2038 = AXIS2_PLACEMENT_3D('',#2039,#2040,#2041);
#2039 = CARTESIAN_POINT('',(-12.5,-30.,5.));
#2040 = DIRECTION('',(0.,0.,1.));
#2041 = DIRECTION('',(1.,0.,0.));
#2042 = PCURVE('',#426,#2043);
#2043 = DEFINITIONAL_REPRESENTATION('',(#2044),#2048);
#2044 = LINE('',#2045,#2046);
#2045 = CARTESIAN_POINT('',(-0.,0.));
#2046 = VECTOR('',#2047,1.);
#2047 = DIRECTION('',(-1.,0.));
#2048 = ( GEOMETRIC_REPRESENTATION_CONTEXT(2) 
PARAMETRIC_REPRESENTATION_CONTEXT() REPRESENTATION_CONTEXT('2D SPACE',''
  ) );
#2049 = PCURVE('',#2050,#2055);
#2050 = PLANE('',#2051);
#2051 = AXIS2_PLACEMENT_3D('',#2052,#2053,#2054);
#2052 = CARTESIAN_POINT('',(-12.5,-30.,5.));
#2053 = DIRECTION('',(0.,0.,1.));
#2054 = DIRECTION('',(1.,0.,-0.));
#2055 = DEFINITIONAL_REPRESENTATION('',(#2056),#2060);
#2056 = CIRCLE('',#2057,3.1);
#2057 = AXIS2_PLACEMENT_2D('',#2058,#2059);
#2058 = CARTESIAN_POINT('',(1.42108547152E-14,0.));
#2059 = DIRECTION('',(1.,0.));
#2060 = ( GEOMETRIC_REPRESENTATION_CONTEXT(2) 
PARAMETRIC_REPRESENTATION_CONTEXT() REPRESENTATION_CONTEXT('2D SPACE',''
  ) );
#2061 = ORIENTED_EDGE('',*,*,#2062,.T.);
#2062 = EDGE_CURVE('',#2034,#2063,#2065,.T.);
#2063 = VERTEX_POINT('',#2064);
#2064 = CARTESIAN_POINT('',(-9.4,-30.,17.928753801043));
#2065 = SEAM_CURVE('',#2066,(#2070,#2077),.PCURVE_S1.);
#2066 = LINE('',#2067,#2068);
#2067 = CARTESIAN_POINT('',(-9.4,-30.,5.));
#2068 = VECTOR('',#2069,1.);
#2069 = DIRECTION('',(0.,0.,1.));
#2070 = PCURVE('',#426,#2071);
#2071 = DEFINITIONAL_REPRESENTATION('',(#2072),#2076);
#2072 = LINE('',#2073,#2074);
#2073 = CARTESIAN_POINT('',(-6.28318530718,0.));
#2074 = VECTOR('',#2075,1.);
#2075 = DIRECTION('',(-0.,-1.));
#2076 = ( GEOMETRIC_REPRESENTATION_CONTEXT(2) 
PARAMETRIC_REPRESENTATION_CONTEXT() REPRESENTATION_CONTEXT('2D SPACE',''
  ) );
#2077 = PCURVE('',#426,#2078);
#2078 = DEFINITIONAL_REPRESENTATION('',(#2079),#2083);
#2079 = LINE('',#2080,#2081);
#2080 = CARTESIAN_POINT('',(-0.,0.));
#2081 = VECTOR('',#2082,1.);
#2082 = DIRECTION('',(-0.,-1.));
#2083 = ( GEOMETRIC_REPRESENTATION_CONTEXT(2) 
PARAMETRIC_REPRESENTATION_CONTEXT() REPRESENTATION_CONTEXT('2D SPACE',''
  ) );
#2084 = ORIENTED_EDGE('',*,*,#2085,.T.);
#2085 = EDGE_CURVE('',#2063,#1985,#2086,.T.);
#2086 = SURFACE_CURVE('',#2087,(#2167,#2250),.PCURVE_S1.);
#2087 = B_SPLINE_CURVE_WITH_KNOTS('',8,(#2088,#2089,#2090,#2091,#2092,
    #2093,#2094,#2095,#2096,#2097,#2098,#2099,#2100,#2101,#2102,#2103,
    #2104,#2105,#2106,#2107,#2108,#2109,#2110,#2111,#2112,#2113,#2114,
    #2115,#2116,#2117,#2118,#2119,#2120,#2121,#2122,#2123,#2124,#2125,
    #2126,#2127,#2128,#2129,#2130,#2131,#2132,#2133,#2134,#2135,#2136,
    #2137,#2138,#2139,#2140,#2141,#2142,#2143,#2144,#2145,#2146,#2147,
    #2148,#2149,#2150,#2151,#2152,#2153,#2154,#2155,#2156,#2157,#2158,
    #2159,#2160,#2161,#2162,#2163,#2164,#2165,#2166),.UNSPECIFIED.,.F.,
  .F.,(9,7,7,7,7,7,7,7,7,7,7,9),(0.,4.875632578431E-02,
    9.137939182601E-02,0.123456838855,0.155081924816,0.183167994757,
    0.234549318224,0.424733283506,0.484825974475,0.673071885609,
    0.861317796743,1.),.UNSPECIFIED.);
#2088 = CARTESIAN_POINT('',(-9.4,-30.,17.928753801043));
#2089 = CARTESIAN_POINT('',(-9.4,-29.88770347133,17.928753801043));
#2090 = CARTESIAN_POINT('',(-9.404648951346,-29.77538781825,
    17.932400619858));
#2091 = CARTESIAN_POINT('',(-9.413949891429,-29.6633159888,
    17.939696223732));
#2092 = CARTESIAN_POINT('',(-9.427883482659,-29.55174992087,
    17.95064519295));
#2093 = CARTESIAN_POINT('',(-9.446408949124,-29.44094825368,
    17.965254611108));
#2094 = CARTESIAN_POINT('',(-9.469465013254,-29.33116403917,
    17.98353395438));
#2095 = CARTESIAN_POINT('',(-9.49697083248,-29.22264245342,
    18.005494980796));
#2096 = CARTESIAN_POINT('',(-9.556675728405,-29.02205754725,
    18.053580803582));
#2097 = CARTESIAN_POINT('',(-9.587851852144,-28.92963267488,
    18.078836446267));
#2098 = CARTESIAN_POINT('',(-9.622277124443,-28.83854382852,
    18.106917972191));
#2099 = CARTESIAN_POINT('',(-9.659856075184,-28.7489781476,
    18.137820599706));
#2100 = CARTESIAN_POINT('',(-9.700477349261,-28.66110986567,
    18.171534638659));
#2101 = CARTESIAN_POINT('',(-9.744015109042,-28.57510020253,
    18.208044788169));
#2102 = CARTESIAN_POINT('',(-9.790330436836,-28.49109725643,
    18.247329434409));
#2103 = CARTESIAN_POINT('',(-9.876105940536,-28.34762832812,
    18.320991450067));
#2104 = CARTESIAN_POINT('',(-9.914421644451,-28.28724262211,
    18.354173517896));
#2105 = CARTESIAN_POINT('',(-9.954148585278,-28.22814595105,
    18.388887638521));
#2106 = CARTESIAN_POINT('',(-9.995210923349,-28.17039901584,
    18.425111927608));
#2107 = CARTESIAN_POINT('',(-10.03752877443,-28.11405606263,
    18.462820884001));
#2108 = CARTESIAN_POINT('',(-10.08101874102,-28.05916489989,
    18.501985143893));
#2109 = CARTESIAN_POINT('',(-10.12559444365,-28.00576691558,
    18.54257123499));
#2110 = CARTESIAN_POINT('',(-10.21609698875,-27.90275874902,
    18.625919557658));
#2111 = CARTESIAN_POINT('',(-10.26199104216,-27.85311129885,
    18.668638535706));
#2112 = CARTESIAN_POINT('',(-10.30876667351,-27.80498434316,
    18.712664244966));
#2113 = CARTESIAN_POINT('',(-10.35633947639,-27.75840186866,
    18.75795905153));
#2114 = CARTESIAN_POINT('',(-10.40462360605,-27.71338229471,
    18.804481522911));
#2115 = CARTESIAN_POINT('',(-10.45353220847,-27.66993851879,
    18.852186243512));
#2116 = CARTESIAN_POINT('',(-10.50297784952,-27.62807796194,
    18.90102363009));
#2117 = CARTESIAN_POINT('',(-10.59718451108,-27.55203429294,
    18.995269984274));
#2118 = CARTESIAN_POINT('',(-10.6418499746,-27.51751672424,
    19.04045043854));
#2119 = CARTESIAN_POINT('',(-10.6868164523,-27.48424443221,
    19.08645181151));
#2120 = CARTESIAN_POINT('',(-10.73203143029,-27.45220983555,
    19.133243097766));
#2121 = CARTESIAN_POINT('',(-10.77744288484,-27.42140327016,
    19.180791534328));
#2122 = CARTESIAN_POINT('',(-10.82299940414,-27.39181301177,
    19.229062549988));
#2123 = CARTESIAN_POINT('',(-10.86865031001,-27.36342529855,
    19.278019714647));
#2124 = CARTESIAN_POINT('',(-10.99794215723,-27.28646229924,
    19.418373206341));
#2125 = CARTESIAN_POINT('',(-11.08165263698,-27.24069283225,
    19.511251725893));
#2126 = CARTESIAN_POINT('',(-11.16525160699,-27.1987667634,
    19.606109069304));
#2127 = CARTESIAN_POINT('',(-11.24852796156,-27.16053133044,
    19.70278836138));
#2128 = CARTESIAN_POINT('',(-11.33128493651,-27.12583026897,
    19.801126958288));
#2129 = CARTESIAN_POINT('',(-11.41333994435,-27.09450388326,
    19.900956376111));
#2130 = CARTESIAN_POINT('',(-11.49452440953,-27.066389117,
    20.002102219408));
#2131 = CARTESIAN_POINT('',(-11.87138661489,-26.94852684954,
    20.482972557328));
#2132 = CARTESIAN_POINT('',(-12.15416351473,-26.89741945043,
    20.877280159479));
#2133 = CARTESIAN_POINT('',(-12.41851899616,-26.87859233798,
    21.282492712409));
#2134 = CARTESIAN_POINT('',(-12.66267453756,-26.88442506484,
    21.695015536034));
#2135 = CARTESIAN_POINT('',(-12.88620258448,-26.90866259688,
    22.112299747729));
#2136 = CARTESIAN_POINT('',(-13.08950696818,-26.94622299484,
    22.532876361949));
#2137 = CARTESIAN_POINT('',(-13.27347779194,-26.99302140444,
    22.95657531991));
#2138 = CARTESIAN_POINT('',(-13.49138147169,-27.0622837609,
    23.520287130072));
#2139 = CARTESIAN_POINT('',(-13.54181453068,-27.07948015257,
    23.655970760561));
#2140 = CARTESIAN_POINT('',(-13.59037477062,-27.09712636097,
    23.791977526545));
#2141 = CARTESIAN_POINT('',(-13.63707553448,-27.11511033805,
    23.928298999301));
#2142 = CARTESIAN_POINT('',(-13.68192947888,-27.13332388968,
    24.064928831685));
#2143 = CARTESIAN_POINT('',(-13.72494844238,-27.15166224472,
    24.201862830096));
#2144 = CARTESIAN_POINT('',(-13.76614331372,-27.17002362417,
    24.339099026446));
#2145 = CARTESIAN_POINT('',(-13.9288872284,-27.24558884662,
    24.907490520014));
#2146 = CARTESIAN_POINT('',(-14.0349795831,-27.30236918087,
    25.343173037218));
#2147 = CARTESIAN_POINT('',(-14.12332638571,-27.35535675197,
    25.781972431499));
#2148 = CARTESIAN_POINT('',(-14.19386451436,-27.40148559153,
    26.222672698953));
#2149 = CARTESIAN_POINT('',(-14.24675363467,-27.43813982346,
    26.664662057132));
#2150 = CARTESIAN_POINT('',(-14.28214681203,-27.46338144518,
    27.107913189692));
#2151 = CARTESIAN_POINT('',(-14.3,-27.47611410717,27.552835688365));
#2152 = CARTESIAN_POINT('',(-14.3,-27.47611410717,28.447164311637));
#2153 = CARTESIAN_POINT('',(-14.28214681203,-27.46338144518,
    28.892086810301));
#2154 = CARTESIAN_POINT('',(-14.24675363467,-27.43813982346,
    29.335337942874));
#2155 = CARTESIAN_POINT('',(-14.19386451436,-27.40148559153,
    29.777327301047));
#2156 = CARTESIAN_POINT('',(-14.12332638571,-27.35535675197,
    30.218027568495));
#2157 = CARTESIAN_POINT('',(-14.0349795831,-27.30236918087,
    30.656826962787));
#2158 = CARTESIAN_POINT('',(-13.9288872284,-27.24558884662,
    31.092509479986));
#2159 = CARTESIAN_POINT('',(-13.71464119213,-27.14611016921,
    31.840774782497));
#2160 = CARTESIAN_POINT('',(-13.61416854689,-27.10353982267,
    32.15632209083));
#2161 = CARTESIAN_POINT('',(-13.5039510177,-27.06178811606,
    32.470225122639));
#2162 = CARTESIAN_POINT('',(-13.38378775758,-27.02212454566,
    32.782568123539));
#2163 = CARTESIAN_POINT('',(-13.25346157623,-26.98592778618,
    33.093283523324));
#2164 = CARTESIAN_POINT('',(-13.11277888456,-26.95472846474,
    33.402140151467));
#2165 = CARTESIAN_POINT('',(-12.96162002677,-26.93026468136,
    33.708734781776));
#2166 = CARTESIAN_POINT('',(-12.8,-26.91455027589,34.012487006223));
#2167 = PCURVE('',#426,#2168);
#2168 = DEFINITIONAL_REPRESENTATION('',(#2169),#2249);
#2169 = B_SPLINE_CURVE_WITH_KNOTS('',8,(#2170,#2171,#2172,#2173,#2174,
    #2175,#2176,#2177,#2178,#2179,#2180,#2181,#2182,#2183,#2184,#2185,
    #2186,#2187,#2188,#2189,#2190,#2191,#2192,#2193,#2194,#2195,#2196,
    #2197,#2198,#2199,#2200,#2201,#2202,#2203,#2204,#2205,#2206,#2207,
    #2208,#2209,#2210,#2211,#2212,#2213,#2214,#2215,#2216,#2217,#2218,
    #2219,#2220,#2221,#2222,#2223,#2224,#2225,#2226,#2227,#2228,#2229,
    #2230,#2231,#2232,#2233,#2234,#2235,#2236,#2237,#2238,#2239,#2240,
    #2241,#2242,#2243,#2244,#2245,#2246,#2247,#2248),.UNSPECIFIED.,.F.,
  .F.,(9,7,7,7,7,7,7,7,7,7,7,9),(0.,4.875632578431E-02,
    9.137939182601E-02,0.123456838855,0.155081924816,0.183167994757,
    0.234549318224,0.424733283506,0.484825974475,0.673071885609,
    0.861317796743,1.),.UNSPECIFIED.);
#2170 = CARTESIAN_POINT('',(-8.881784197001E-16,-12.92875380104));
#2171 = CARTESIAN_POINT('',(-3.622468666625E-02,-12.92875380104));
#2172 = CARTESIAN_POINT('',(-7.245552803404E-02,-12.93240061985));
#2173 = CARTESIAN_POINT('',(-0.10868018159,-12.93969622373));
#2174 = CARTESIAN_POINT('',(-0.144886657761,-12.95064519295));
#2175 = CARTESIAN_POINT('',(-0.181063315385,-12.9652546111));
#2176 = CARTESIAN_POINT('',(-0.217198857187,-12.98353395438));
#2177 = CARTESIAN_POINT('',(-0.253282325256,-13.00549498079));
#2178 = CARTESIAN_POINT('',(-0.320792666068,-13.05358080358));
#2179 = CARTESIAN_POINT('',(-0.352237170212,-13.07883644626));
#2180 = CARTESIAN_POINT('',(-0.383615246404,-13.10691797219));
#2181 = CARTESIAN_POINT('',(-0.414907197465,-13.1378205997));
#2182 = CARTESIAN_POINT('',(-0.446094498714,-13.17153463865));
#2183 = CARTESIAN_POINT('',(-0.477159305097,-13.20804478816));
#2184 = CARTESIAN_POINT('',(-0.508083958316,-13.2473294344));
#2185 = CARTESIAN_POINT('',(-0.562004903287,-13.32099145006));
#2186 = CARTESIAN_POINT('',(-0.585066410412,-13.35417351789));
#2187 = CARTESIAN_POINT('',(-0.608023556143,-13.38888763852));
#2188 = CARTESIAN_POINT('',(-0.63086524313,-13.4251119276));
#2189 = CARTESIAN_POINT('',(-0.653580643488,-13.462820884));
#2190 = CARTESIAN_POINT('',(-0.676159106403,-13.50198514389));
#2191 = CARTESIAN_POINT('',(-0.698590065752,-13.54257123499));
#2192 = CARTESIAN_POINT('',(-0.742821734085,-13.62591955765));
#2193 = CARTESIAN_POINT('',(-0.764624495071,-13.6686385357));
#2194 = CARTESIAN_POINT('',(-0.786262632142,-13.71266424496));
#2195 = CARTESIAN_POINT('',(-0.807727522175,-13.75795905153));
#2196 = CARTESIAN_POINT('',(-0.829010498034,-13.80448152291));
#2197 = CARTESIAN_POINT('',(-0.850102829147,-13.85218624351));
#2198 = CARTESIAN_POINT('',(-0.870995702086,-13.90102363009));
#2199 = CARTESIAN_POINT('',(-0.910049994292,-13.99526998427));
#2200 = CARTESIAN_POINT('',(-0.928255197229,-14.04045043854));
#2201 = CARTESIAN_POINT('',(-0.946293093357,-14.08645181151));
#2202 = CARTESIAN_POINT('',(-0.964160770969,-14.13324309776));
#2203 = CARTESIAN_POINT('',(-0.981855140806,-14.18079153432));
#2204 = CARTESIAN_POINT('',(-0.999372953611,-14.22906254998));
#2205 = CARTESIAN_POINT('',(-1.016710817688,-14.27801971464));
#2206 = CARTESIAN_POINT('',(-1.065247881011,-14.41837320634));
#2207 = CARTESIAN_POINT('',(-1.096003419074,-14.51125172589));
#2208 = CARTESIAN_POINT('',(-1.126140922732,-14.6061090693));
#2209 = CARTESIAN_POINT('',(-1.155666358552,-14.70278836138));
#2210 = CARTESIAN_POINT('',(-1.184583098083,-14.80112695828));
#2211 = CARTESIAN_POINT('',(-1.212892448359,-14.90095637611));
#2212 = CARTESIAN_POINT('',(-1.240594182408,-15.0021022194));
#2213 = CARTESIAN_POINT('',(-1.367969281265,-15.48297255732));
#2214 = CARTESIAN_POINT('',(-1.459950434194,-15.87728015948));
#2215 = CARTESIAN_POINT('',(-1.544687275329,-16.28249271239));
#2216 = CARTESIAN_POINT('',(-1.622840812931,-16.69501553604));
#2217 = CARTESIAN_POINT('',(-1.694938359104,-17.11229974772));
#2218 = CARTESIAN_POINT('',(-1.761376982571,-17.53287636195));
#2219 = CARTESIAN_POINT('',(-1.822507176575,-17.95657531991));
#2220 = CARTESIAN_POINT('',(-1.896264158411,-18.52028713007));
#2221 = CARTESIAN_POINT('',(-1.913448890586,-18.65597076056));
#2222 = CARTESIAN_POINT('',(-1.930110273247,-18.79197752654));
#2223 = CARTESIAN_POINT('',(-1.946247839483,-18.9282989993));
#2224 = CARTESIAN_POINT('',(-1.96185944349,-19.06492883168));
#2225 = CARTESIAN_POINT('',(-1.976941391272,-19.20186283009));
#2226 = CARTESIAN_POINT('',(-1.991488571341,-19.33909902644));
#2227 = CARTESIAN_POINT('',(-2.049369719622,-19.90749052001));
#2228 = CARTESIAN_POINT('',(-2.088123860824,-20.34317303721));
#2229 = CARTESIAN_POINT('',(-2.121299289966,-20.78197243149));
#2230 = CARTESIAN_POINT('',(-2.14846424046,-21.22267269895));
#2231 = CARTESIAN_POINT('',(-2.169220350504,-21.66466205713));
#2232 = CARTESIAN_POINT('',(-2.183243523601,-22.10791318969));
#2233 = CARTESIAN_POINT('',(-2.190317222608,-22.55283568836));
#2234 = CARTESIAN_POINT('',(-2.190317222608,-23.44716431163));
#2235 = CARTESIAN_POINT('',(-2.183243523601,-23.8920868103));
#2236 = CARTESIAN_POINT('',(-2.169220350504,-24.33533794287));
#2237 = CARTESIAN_POINT('',(-2.14846424046,-24.77732730104));
#2238 = CARTESIAN_POINT('',(-2.121299289966,-25.21802756849));
#2239 = CARTESIAN_POINT('',(-2.088123860824,-25.65682696278));
#2240 = CARTESIAN_POINT('',(-2.049369719622,-26.09250947998));
#2241 = CARTESIAN_POINT('',(-1.9731714383,-26.84077478249));
#2242 = CARTESIAN_POINT('',(-1.93799174451,-27.15632209083));
#2243 = CARTESIAN_POINT('',(-1.900021444033,-27.47022512263));
#2244 = CARTESIAN_POINT('',(-1.859282944653,-27.78256812353));
#2245 = CARTESIAN_POINT('',(-1.815760341237,-28.09328352332));
#2246 = CARTESIAN_POINT('',(-1.76939957952,-28.40214015146));
#2247 = CARTESIAN_POINT('',(-1.720103564414,-28.70873478177));
#2248 = CARTESIAN_POINT('',(-1.667722212835,-29.01248700622));
#2249 = ( GEOMETRIC_REPRESENTATION_CONTEXT(2) 
PARAMETRIC_REPRESENTATION_CONTEXT() REPRESENTATION_CONTEXT('2D SPACE',''
  ) );
#2250 = PCURVE('',#1436,#2251);
#2251 = DEFINITIONAL_REPRESENTATION('',(#2252),#2332);
#2252 = B_SPLINE_CURVE_WITH_KNOTS('',8,(#2253,#2254,#2255,#2256,#2257,
    #2258,#2259,#2260,#2261,#2262,#2263,#2264,#2265,#2266,#2267,#2268,
    #2269,#2270,#2271,#2272,#2273,#2274,#2275,#2276,#2277,#2278,#2279,
    #2280,#2281,#2282,#2283,#2284,#2285,#2286,#2287,#2288,#2289,#2290,
    #2291,#2292,#2293,#2294,#2295,#2296,#2297,#2298,#2299,#2300,#2301,
    #2302,#2303,#2304,#2305,#2306,#2307,#2308,#2309,#2310,#2311,#2312,
    #2313,#2314,#2315,#2316,#2317,#2318,#2319,#2320,#2321,#2322,#2323,
    #2324,#2325,#2326,#2327,#2328,#2329,#2330,#2331),.UNSPECIFIED.,.F.,
  .F.,(9,7,7,7,7,7,7,7,7,7,7,9),(0.,4.875632578431E-02,
    9.137939182601E-02,0.123456838855,0.155081924816,0.183167994757,
    0.234549318224,0.424733283506,0.484825974475,0.673071885609,
    0.861317796743,1.),.UNSPECIFIED.);
#2253 = CARTESIAN_POINT('',(0.665163137305,-30.));
#2254 = CARTESIAN_POINT('',(0.665163137305,-29.88770347133));
#2255 = CARTESIAN_POINT('',(0.665624747256,-29.77538781825));
#2256 = CARTESIAN_POINT('',(0.666548257134,-29.6633159888));
#2257 = CARTESIAN_POINT('',(0.667932692283,-29.55174992087));
#2258 = CARTESIAN_POINT('',(0.669775883927,-29.44094825368));
#2259 = CARTESIAN_POINT('',(0.672074539691,-29.33116403917));
#2260 = CARTESIAN_POINT('',(0.674824314112,-29.22264245342));
#2261 = CARTESIAN_POINT('',(0.680813460867,-29.02205754725));
#2262 = CARTESIAN_POINT('',(0.683948002343,-28.92963267488));
#2263 = CARTESIAN_POINT('',(0.687418750948,-28.83854382852));
#2264 = CARTESIAN_POINT('',(0.691219730782,-28.7489781476));
#2265 = CARTESIAN_POINT('',(0.695343810945,-28.66110986567));
#2266 = CARTESIAN_POINT('',(0.699782773781,-28.57510020253));
#2267 = CARTESIAN_POINT('',(0.704527383137,-28.49109725643));
#2268 = CARTESIAN_POINT('',(0.713360529381,-28.34762832812));
#2269 = CARTESIAN_POINT('',(0.717320395043,-28.28724262211));
#2270 = CARTESIAN_POINT('',(0.721441965408,-28.22814595105));
#2271 = CARTESIAN_POINT('',(0.72571974647,-28.17039901584));
#2272 = CARTESIAN_POINT('',(0.73014785448,-28.11405606263));
#2273 = CARTESIAN_POINT('',(0.734720036015,-28.05916489989));
#2274 = CARTESIAN_POINT('',(0.739429688044,-28.00576691558));
#2275 = CARTESIAN_POINT('',(0.74904181086,-27.90275874902));
#2276 = CARTESIAN_POINT('',(0.753940108178,-27.85311129885));
#2277 = CARTESIAN_POINT('',(0.758958390291,-27.80498434316));
#2278 = CARTESIAN_POINT('',(0.764090018379,-27.75840186866));
#2279 = CARTESIAN_POINT('',(0.769328105952,-27.71338229471));
#2280 = CARTESIAN_POINT('',(0.774665530335,-27.66993851879));
#2281 = CARTESIAN_POINT('',(0.780094944156,-27.62807796194));
#2282 = CARTESIAN_POINT('',(0.790505601056,-27.55203429294));
#2283 = CARTESIAN_POINT('',(0.795468939713,-27.51751672424));
#2284 = CARTESIAN_POINT('',(0.800494441649,-27.48424443221));
#2285 = CARTESIAN_POINT('',(0.805577692993,-27.45220983555));
#2286 = CARTESIAN_POINT('',(0.810714227942,-27.42140327016));
#2287 = CARTESIAN_POINT('',(0.815899529554,-27.39181301177));
#2288 = CARTESIAN_POINT('',(0.821129030536,-27.36342529855));
#2289 = CARTESIAN_POINT('',(0.836037500543,-27.28646229924));
#2290 = CARTESIAN_POINT('',(0.8458053184,-27.24069283225));
#2291 = CARTESIAN_POINT('',(0.855682301801,-27.1987667634));
#2292 = CARTESIAN_POINT('',(0.865649781832,-27.16053133044));
#2293 = CARTESIAN_POINT('',(0.87568961939,-27.12583026897));
#2294 = CARTESIAN_POINT('',(0.885784138105,-27.09450388326));
#2295 = CARTESIAN_POINT('',(0.895916057273,-27.066389117));
#2296 = CARTESIAN_POINT('',(0.943646622007,-26.94852684954));
#2297 = CARTESIAN_POINT('',(0.981520292536,-26.89741945043));
#2298 = CARTESIAN_POINT('',(1.019257630102,-26.87859233798));
#2299 = CARTESIAN_POINT('',(1.056638106783,-26.88442506484));
#2300 = CARTESIAN_POINT('',(1.093556141598,-26.90866259688));
#2301 = CARTESIAN_POINT('',(1.130000747703,-26.94622299484));
#2302 = CARTESIAN_POINT('',(1.166057906259,-26.99302140444));
#2303 = CARTESIAN_POINT('',(1.213273661108,-27.0622837609));
#2304 = CARTESIAN_POINT('',(1.224581564815,-27.07948015257));
#2305 = CARTESIAN_POINT('',(1.235862482365,-27.09712636097));
#2306 = CARTESIAN_POINT('',(1.247118347718,-27.11511033805));
#2307 = CARTESIAN_POINT('',(1.258351187079,-27.13332388968));
#2308 = CARTESIAN_POINT('',(1.269563128863,-27.15166224472));
#2309 = CARTESIAN_POINT('',(1.28075641365,-27.17002362417));
#2310 = CARTESIAN_POINT('',(1.326946360391,-27.24558884662));
#2311 = CARTESIAN_POINT('',(1.36195065997,-27.30236918087));
#2312 = CARTESIAN_POINT('',(1.396872814126,-27.35535675197));
#2313 = CARTESIAN_POINT('',(1.431685525139,-27.40148559153));
#2314 = CARTESIAN_POINT('',(1.466408055379,-27.43813982346));
#2315 = CARTESIAN_POINT('',(1.501102054471,-27.46338144518));
#2316 = CARTESIAN_POINT('',(1.535861614948,-27.47611410717));
#2317 = CARTESIAN_POINT('',(1.605731038642,-27.47611410717));
#2318 = CARTESIAN_POINT('',(1.640490599118,-27.46338144518));
#2319 = CARTESIAN_POINT('',(1.675184598211,-27.43813982346));
#2320 = CARTESIAN_POINT('',(1.709907128451,-27.40148559153));
#2321 = CARTESIAN_POINT('',(1.744719839464,-27.35535675197));
#2322 = CARTESIAN_POINT('',(1.77964199362,-27.30236918087));
#2323 = CARTESIAN_POINT('',(1.814646293199,-27.24558884662));
#2324 = CARTESIAN_POINT('',(1.875453562242,-27.14611016921));
#2325 = CARTESIAN_POINT('',(1.901314004537,-27.10353982267));
#2326 = CARTESIAN_POINT('',(1.927286698704,-27.06178811606));
#2327 = CARTESIAN_POINT('',(1.953408937972,-27.02212454566));
#2328 = CARTESIAN_POINT('',(1.979708549901,-26.98592778618));
#2329 = CARTESIAN_POINT('',(2.006202604481,-26.95472846474));
#2330 = CARTESIAN_POINT('',(2.032895466855,-26.93026468136));
#2331 = CARTESIAN_POINT('',(2.059776194682,-26.91455027589));
#2332 = ( GEOMETRIC_REPRESENTATION_CONTEXT(2) 
PARAMETRIC_REPRESENTATION_CONTEXT() REPRESENTATION_CONTEXT('2D SPACE',''
  ) );
#2333 = ORIENTED_EDGE('',*,*,#1984,.F.);
#2334 = ORIENTED_EDGE('',*,*,#405,.F.);
#2335 = ORIENTED_EDGE('',*,*,#2336,.T.);
#2336 = EDGE_CURVE('',#378,#2337,#2339,.T.);
#2337 = VERTEX_POINT('',#2338);
#2338 = CARTESIAN_POINT('',(-11.16958653043,-32.8,19.613159335576));
#2339 = SURFACE_CURVE('',#2340,(#2344,#2351),.PCURVE_S1.);
#2340 = LINE('',#2341,#2342);
#2341 = CARTESIAN_POINT('',(-11.16958653043,-32.8,5.));
#2342 = VECTOR('',#2343,1.);
#2343 = DIRECTION('',(-0.,-0.,-1.));
#2344 = PCURVE('',#426,#2345);
#2345 = DEFINITIONAL_REPRESENTATION('',(#2346),#2350);
#2346 = LINE('',#2347,#2348);
#2347 = CARTESIAN_POINT('',(-5.1559577935,0.));
#2348 = VECTOR('',#2349,1.);
#2349 = DIRECTION('',(-0.,1.));
#2350 = ( GEOMETRIC_REPRESENTATION_CONTEXT(2) 
PARAMETRIC_REPRESENTATION_CONTEXT() REPRESENTATION_CONTEXT('2D SPACE',''
  ) );
#2351 = PCURVE('',#393,#2352);
#2352 = DEFINITIONAL_REPRESENTATION('',(#2353),#2357);
#2353 = LINE('',#2354,#2355);
#2354 = CARTESIAN_POINT('',(-23.,1.630413469565));
#2355 = VECTOR('',#2356,1.);
#2356 = DIRECTION('',(-1.,0.));
#2357 = ( GEOMETRIC_REPRESENTATION_CONTEXT(2) 
PARAMETRIC_REPRESENTATION_CONTEXT() REPRESENTATION_CONTEXT('2D SPACE',''
  ) );
#2358 = ORIENTED_EDGE('',*,*,#2359,.T.);
#2359 = EDGE_CURVE('',#2337,#2063,#2360,.T.);
#2360 = SURFACE_CURVE('',#2361,(#2388,#2418),.PCURVE_S1.);
#2361 = B_SPLINE_CURVE_WITH_KNOTS('',5,(#2362,#2363,#2364,#2365,#2366,
    #2367,#2368,#2369,#2370,#2371,#2372,#2373,#2374,#2375,#2376,#2377,
    #2378,#2379,#2380,#2381,#2382,#2383,#2384,#2385,#2386,#2387),
  .UNSPECIFIED.,.F.,.F.,(6,4,4,4,4,4,6),(0.,0.18233878418,0.290249593882
    ,0.364537501589,0.550022299081,0.761046650327,1.),.UNSPECIFIED.);
#2362 = CARTESIAN_POINT('',(-11.1695877932,-32.8000006,19.613160791479)
  );
#2363 = CARTESIAN_POINT('',(-11.07371319127,-32.7544460595,
    19.502622380351));
#2364 = CARTESIAN_POINT('',(-10.97723393535,-32.70357431475,
    19.394577894475));
#2365 = CARTESIAN_POINT('',(-10.88066738243,-32.64709465779,
    19.289494367728));
#2366 = CARTESIAN_POINT('',(-10.78457983035,-32.58476924919,
    19.187780927561));
#2367 = CARTESIAN_POINT('',(-10.63334604366,-32.47596462257,
    19.031805406294));
#2368 = CARTESIAN_POINT('',(-10.5775092007,-32.43340987652,
    18.975133357167));
#2369 = CARTESIAN_POINT('',(-10.52221327932,-32.38873520172,
    18.919878670806));
#2370 = CARTESIAN_POINT('',(-10.46760984046,-32.34193773002,
    18.866129786761));
#2371 = CARTESIAN_POINT('',(-10.37684217034,-32.25935922928,
    18.778051593669));
#2372 = CARTESIAN_POINT('',(-10.34023577257,-32.22469095579,
    18.742891759244));
#2373 = CARTESIAN_POINT('',(-10.30408383757,-32.18903045773,
    18.708511886307));
#2374 = CARTESIAN_POINT('',(-10.26843871491,-32.15238923009,
    18.674937763603));
#2375 = CARTESIAN_POINT('',(-10.14574954041,-32.02088971991,
    18.560435733372));
#2376 = CARTESIAN_POINT('',(-10.06163280289,-31.92098535446,
    18.483850178145));
#2377 = CARTESIAN_POINT('',(-9.98182280395,-31.81533798312,
    18.412812845747));
#2378 = CARTESIAN_POINT('',(-9.907084503609,-31.70438494686,
    18.347580295721));
#2379 = CARTESIAN_POINT('',(-9.759534408448,-31.45716373381,
    18.220899667417));
#2380 = CARTESIAN_POINT('',(-9.688430196436,-31.31955557356,
    18.161231356317));
#2381 = CARTESIAN_POINT('',(-9.625600261523,-31.17667663255,
    18.109475630946));
#2382 = CARTESIAN_POINT('',(-9.571730028113,-31.02947922942,
    18.065694084729));
#2383 = CARTESIAN_POINT('',(-9.47690239326,-30.7088115164,
    17.989345286045));
#2384 = CARTESIAN_POINT('',(-9.438587311886,-30.53440959499,
    17.95902092301));
#2385 = CARTESIAN_POINT('',(-9.412856973629,-30.357184175,
    17.938839303553));
#2386 = CARTESIAN_POINT('',(-9.4,-30.17856612519,17.928753801043));
#2387 = CARTESIAN_POINT('',(-9.4,-30.,17.928753801043));
#2388 = PCURVE('',#426,#2389);
#2389 = DEFINITIONAL_REPRESENTATION('',(#2390),#2417);
#2390 = B_SPLINE_CURVE_WITH_KNOTS('',5,(#2391,#2392,#2393,#2394,#2395,
    #2396,#2397,#2398,#2399,#2400,#2401,#2402,#2403,#2404,#2405,#2406,
    #2407,#2408,#2409,#2410,#2411,#2412,#2413,#2414,#2415,#2416),
  .UNSPECIFIED.,.F.,.F.,(6,4,4,4,4,4,6),(0.,0.18233878418,0.290249593882
    ,0.364537501589,0.550022299081,0.761046650327,1.),.UNSPECIFIED.);
#2391 = CARTESIAN_POINT('',(-5.155957342513,-14.61316079147));
#2392 = CARTESIAN_POINT('',(-5.190198264436,-14.50262238035));
#2393 = CARTESIAN_POINT('',(-5.2253514743,-14.39457789447));
#2394 = CARTESIAN_POINT('',(-5.261390124084,-14.28949436772));
#2395 = CARTESIAN_POINT('',(-5.298292511541,-14.18778092756));
#2396 = CARTESIAN_POINT('',(-5.358391376508,-14.03180540629));
#2397 = CARTESIAN_POINT('',(-5.381029333153,-13.97513335716));
#2398 = CARTESIAN_POINT('',(-5.403948343897,-13.9198786708));
#2399 = CARTESIAN_POINT('',(-5.427136015497,-13.86612978676));
#2400 = CARTESIAN_POINT('',(-5.466720194852,-13.77805159366));
#2401 = CARTESIAN_POINT('',(-5.482980614889,-13.74289175924));
#2402 = CARTESIAN_POINT('',(-5.499356772876,-13.7085118863));
#2403 = CARTESIAN_POINT('',(-5.515843181826,-13.6749377636));
#2404 = CARTESIAN_POINT('',(-5.57385817389,-13.56043573337));
#2405 = CARTESIAN_POINT('',(-5.615932793302,-13.48385017814));
#2406 = CARTESIAN_POINT('',(-5.658562084858,-13.41281284574));
#2407 = CARTESIAN_POINT('',(-5.70165149178,-13.34758029572));
#2408 = CARTESIAN_POINT('',(-5.794524111494,-13.22089966741));
#2409 = CARTESIAN_POINT('',(-5.844396220126,-13.16123135631));
#2410 = CARTESIAN_POINT('',(-5.894611628044,-13.10947563094));
#2411 = CARTESIAN_POINT('',(-5.945073266891,-13.06569408472));
#2412 = CARTESIAN_POINT('',(-6.052942644149,-12.98934528604));
#2413 = CARTESIAN_POINT('',(-6.110396817827,-12.95902092301));
#2414 = CARTESIAN_POINT('',(-6.167964644299,-12.93883930355));
#2415 = CARTESIAN_POINT('',(-6.225583331309,-12.92875380104));
#2416 = CARTESIAN_POINT('',(-6.28318530718,-12.92875380104));
#2417 = ( GEOMETRIC_REPRESENTATION_CONTEXT(2) 
PARAMETRIC_REPRESENTATION_CONTEXT() REPRESENTATION_CONTEXT('2D SPACE',''
  ) );
#2418 = PCURVE('',#1436,#2419);
#2419 = DEFINITIONAL_REPRESENTATION('',(#2420),#2447);
#2420 = B_SPLINE_CURVE_WITH_KNOTS('',5,(#2421,#2422,#2423,#2424,#2425,
    #2426,#2427,#2428,#2429,#2430,#2431,#2432,#2433,#2434,#2435,#2436,
    #2437,#2438,#2439,#2440,#2441,#2442,#2443,#2444,#2445,#2446),
  .UNSPECIFIED.,.F.,.F.,(6,4,4,4,4,4,6),(0.,0.18233878418,0.290249593882
    ,0.364537501589,0.550022299081,0.761046650327,1.),.UNSPECIFIED.);
#2421 = CARTESIAN_POINT('',(0.856320121196,-32.8000006));
#2422 = CARTESIAN_POINT('',(0.844888567598,-32.7544460595));
#2423 = CARTESIAN_POINT('',(0.833573251234,-32.70357431475));
#2424 = CARTESIAN_POINT('',(0.822425098385,-32.64709465779));
#2425 = CARTESIAN_POINT('',(0.811494537794,-32.58476924919));
#2426 = CARTESIAN_POINT('',(0.794521439416,-32.47596462257));
#2427 = CARTESIAN_POINT('',(0.788306172596,-32.43340987652));
#2428 = CARTESIAN_POINT('',(0.78219929146,-32.38873520172));
#2429 = CARTESIAN_POINT('',(0.776213583585,-32.34193773002));
#2430 = CARTESIAN_POINT('',(0.766332535065,-32.25935922928));
#2431 = CARTESIAN_POINT('',(0.762367220168,-32.22469095579));
#2432 = CARTESIAN_POINT('',(0.758469683393,-32.18903045773));
#2433 = CARTESIAN_POINT('',(0.754644153585,-32.15238923009));
#2434 = CARTESIAN_POINT('',(0.741533263554,-32.02088971991));
#2435 = CARTESIAN_POINT('',(0.732646567404,-31.92098535446));
#2436 = CARTESIAN_POINT('',(0.724299868418,-31.81533798312));
#2437 = CARTESIAN_POINT('',(0.716549941735,-31.70438494686));
#2438 = CARTESIAN_POINT('',(0.701356886357,-31.45716373381));
#2439 = CARTESIAN_POINT('',(0.694105548203,-31.31955557356));
#2440 = CARTESIAN_POINT('',(0.687746246547,-31.17667663255));
#2441 = CARTESIAN_POINT('',(0.682323040201,-31.02947922942));
#2442 = CARTESIAN_POINT('',(0.672811848644,-30.7088115164));
#2443 = CARTESIAN_POINT('',(0.668994537467,-30.53440959499));
#2444 = CARTESIAN_POINT('',(0.666439749004,-30.357184175));
#2445 = CARTESIAN_POINT('',(0.665163137305,-30.17856612519));
#2446 = CARTESIAN_POINT('',(0.665163137305,-30.));
#2447 = ( GEOMETRIC_REPRESENTATION_CONTEXT(2) 
PARAMETRIC_REPRESENTATION_CONTEXT() REPRESENTATION_CONTEXT('2D SPACE',''
  ) );
#2448 = ORIENTED_EDGE('',*,*,#2062,.F.);
#2449 = FACE_BOUND('',#2450,.T.);
#2450 = EDGE_LOOP('',(#2451,#2481));
#2451 = ORIENTED_EDGE('',*,*,#2452,.F.);
#2452 = EDGE_CURVE('',#2453,#2455,#2457,.T.);
#2453 = VERTEX_POINT('',#2454);
#2454 = CARTESIAN_POINT('',(-13.83041346956,-32.8,31.435244339136));
#2455 = VERTEX_POINT('',#2456);
#2456 = CARTESIAN_POINT('',(-13.83041346956,-32.8,24.564755660864));
#2457 = SURFACE_CURVE('',#2458,(#2462,#2469),.PCURVE_S1.);
#2458 = LINE('',#2459,#2460);
#2459 = CARTESIAN_POINT('',(-13.83041346956,-32.8,5.));
#2460 = VECTOR('',#2461,1.);
#2461 = DIRECTION('',(-0.,-0.,-1.));
#2462 = PCURVE('',#426,#2463);
#2463 = DEFINITIONAL_REPRESENTATION('',(#2464),#2468);
#2464 = LINE('',#2465,#2466);
#2465 = CARTESIAN_POINT('',(-4.268820167269,0.));
#2466 = VECTOR('',#2467,1.);
#2467 = DIRECTION('',(-0.,1.));
#2468 = ( GEOMETRIC_REPRESENTATION_CONTEXT(2) 
PARAMETRIC_REPRESENTATION_CONTEXT() REPRESENTATION_CONTEXT('2D SPACE',''
  ) );
#2469 = PCURVE('',#2470,#2475);
#2470 = PLANE('',#2471);
#2471 = AXIS2_PLACEMENT_3D('',#2472,#2473,#2474);
#2472 = CARTESIAN_POINT('',(-12.8,-32.8,28.));
#2473 = DIRECTION('',(0.,1.,0.));
#2474 = DIRECTION('',(0.,0.,1.));
#2475 = DEFINITIONAL_REPRESENTATION('',(#2476),#2480);
#2476 = LINE('',#2477,#2478);
#2477 = CARTESIAN_POINT('',(-23.,-1.030413469565));
#2478 = VECTOR('',#2479,1.);
#2479 = DIRECTION('',(-1.,0.));
#2480 = ( GEOMETRIC_REPRESENTATION_CONTEXT(2) 
PARAMETRIC_REPRESENTATION_CONTEXT() REPRESENTATION_CONTEXT('2D SPACE',''
  ) );
#2481 = ORIENTED_EDGE('',*,*,#2482,.F.);
#2482 = EDGE_CURVE('',#2455,#2453,#2483,.T.);
#2483 = SURFACE_CURVE('',#2484,(#2499,#2517),.PCURVE_S1.);
#2484 = B_SPLINE_CURVE_WITH_KNOTS('',7,(#2485,#2486,#2487,#2488,#2489,
    #2490,#2491,#2492,#2493,#2494,#2495,#2496,#2497,#2498),
  .UNSPECIFIED.,.F.,.F.,(8,6,8),(0.,0.5,1.),.UNSPECIFIED.);
#2485 = CARTESIAN_POINT('',(-13.83041220679,-32.8000006,24.564751128313)
  );
#2486 = CARTESIAN_POINT('',(-13.96427217632,-32.73639742167,
    25.045225371646));
#2487 = CARTESIAN_POINT('',(-14.07628548212,-32.6740228682,
    25.53177121928));
#2488 = CARTESIAN_POINT('',(-14.1657296625,-32.61772530817,
    26.021787936325));
#2489 = CARTESIAN_POINT('',(-14.23265818481,-32.57191275109,
    26.51365292454));
#2490 = CARTESIAN_POINT('',(-14.27740562511,-32.53999990873,
    27.006924859924));
#2491 = CARTESIAN_POINT('',(-14.3,-32.52388589282,27.502111832531));
#2492 = CARTESIAN_POINT('',(-14.3,-32.52388589282,28.497888167468));
#2493 = CARTESIAN_POINT('',(-14.27740562511,-32.53999990873,
    28.993075140077));
#2494 = CARTESIAN_POINT('',(-14.23265818481,-32.57191275109,
    29.486347075457));
#2495 = CARTESIAN_POINT('',(-14.1657296625,-32.61772530817,
    29.978212063678));
#2496 = CARTESIAN_POINT('',(-14.07628548212,-32.6740228682,
    30.468228780719));
#2497 = CARTESIAN_POINT('',(-13.96427217632,-32.73639742167,
    30.954774628353));
#2498 = CARTESIAN_POINT('',(-13.83041220679,-32.8000006,31.435248871687)
  );
#2499 = PCURVE('',#426,#2500);
#2500 = DEFINITIONAL_REPRESENTATION('',(#2501),#2516);
#2501 = B_SPLINE_CURVE_WITH_KNOTS('',7,(#2502,#2503,#2504,#2505,#2506,
    #2507,#2508,#2509,#2510,#2511,#2512,#2513,#2514,#2515),
  .UNSPECIFIED.,.F.,.F.,(8,6,8),(0.,0.5,1.),.UNSPECIFIED.);
#2502 = CARTESIAN_POINT('',(-4.268820618257,-19.56475112831));
#2503 = CARTESIAN_POINT('',(-4.221013496526,-20.04522537164));
#2504 = CARTESIAN_POINT('',(-4.179741762796,-20.53177121928));
#2505 = CARTESIAN_POINT('',(-4.145708824721,-21.02178793632));
#2506 = CARTESIAN_POINT('',(-4.119549660108,-21.51365292453));
#2507 = CARTESIAN_POINT('',(-4.101820332602,-22.00692485992));
#2508 = CARTESIAN_POINT('',(-4.092868084572,-22.50211183253));
#2509 = CARTESIAN_POINT('',(-4.092868084572,-23.49788816746));
#2510 = CARTESIAN_POINT('',(-4.101820332602,-23.99307514007));
#2511 = CARTESIAN_POINT('',(-4.119549660108,-24.48634707545));
#2512 = CARTESIAN_POINT('',(-4.145708824721,-24.97821206367));
#2513 = CARTESIAN_POINT('',(-4.179741762796,-25.46822878072));
#2514 = CARTESIAN_POINT('',(-4.221013496526,-25.95477462835));
#2515 = CARTESIAN_POINT('',(-4.268820618257,-26.43524887168));
#2516 = ( GEOMETRIC_REPRESENTATION_CONTEXT(2) 
PARAMETRIC_REPRESENTATION_CONTEXT() REPRESENTATION_CONTEXT('2D SPACE',''
  ) );
#2517 = PCURVE('',#2518,#2523);
#2518 = CYLINDRICAL_SURFACE('',#2519,12.8);
#2519 = AXIS2_PLACEMENT_3D('',#2520,#2521,#2522);
#2520 = CARTESIAN_POINT('',(-1.5,0.,28.));
#2521 = DIRECTION('',(0.,1.,0.));
#2522 = DIRECTION('',(0.,0.,-1.));
#2523 = DEFINITIONAL_REPRESENTATION('',(#2524),#2539);
#2524 = B_SPLINE_CURVE_WITH_KNOTS('',7,(#2525,#2526,#2527,#2528,#2529,
    #2530,#2531,#2532,#2533,#2534,#2535,#2536,#2537,#2538),
  .UNSPECIFIED.,.F.,.F.,(8,6,8),(0.,0.5,1.),.UNSPECIFIED.);
#2525 = CARTESIAN_POINT('',(1.299086613351,-32.8000006));
#2526 = CARTESIAN_POINT('',(1.338053213597,-32.73639742167));
#2527 = CARTESIAN_POINT('',(1.377018701562,-32.6740228682));
#2528 = CARTESIAN_POINT('',(1.415868787554,-32.61772530817));
#2529 = CARTESIAN_POINT('',(1.4545792974,-32.57191275109));
#2530 = CARTESIAN_POINT('',(1.493212341306,-32.53999990873));
#2531 = CARTESIAN_POINT('',(1.531898813711,-32.52388589282));
#2532 = CARTESIAN_POINT('',(1.609693839878,-32.52388589282));
#2533 = CARTESIAN_POINT('',(1.648380312284,-32.53999990873));
#2534 = CARTESIAN_POINT('',(1.687013356189,-32.57191275109));
#2535 = CARTESIAN_POINT('',(1.725723866036,-32.61772530817));
#2536 = CARTESIAN_POINT('',(1.764573952027,-32.6740228682));
#2537 = CARTESIAN_POINT('',(1.803539439993,-32.73639742167));
#2538 = CARTESIAN_POINT('',(1.842506040239,-32.8000006));
#2539 = ( GEOMETRIC_REPRESENTATION_CONTEXT(2) 
PARAMETRIC_REPRESENTATION_CONTEXT() REPRESENTATION_CONTEXT('2D SPACE',''
  ) );
#2540 = ADVANCED_FACE('',(#2541),#393,.T.);
#2541 = FACE_BOUND('',#2542,.T.);
#2542 = EDGE_LOOP('',(#2543,#2544,#2545,#2546,#2570,#2598,#2620));
#2543 = ORIENTED_EDGE('',*,*,#377,.F.);
#2544 = ORIENTED_EDGE('',*,*,#1264,.T.);
#2545 = ORIENTED_EDGE('',*,*,#1238,.T.);
#2546 = ORIENTED_EDGE('',*,*,#2547,.T.);
#2547 = EDGE_CURVE('',#1216,#2548,#2550,.T.);
#2548 = VERTEX_POINT('',#2549);
#2549 = CARTESIAN_POINT('',(1.5,-32.8,15.2));
#2550 = SURFACE_CURVE('',#2551,(#2556,#2563),.PCURVE_S1.);
#2551 = CIRCLE('',#2552,12.8);
#2552 = AXIS2_PLACEMENT_3D('',#2553,#2554,#2555);
#2553 = CARTESIAN_POINT('',(1.5,-32.8,28.));
#2554 = DIRECTION('',(0.,1.,0.));
#2555 = DIRECTION('',(0.,0.,1.));
#2556 = PCURVE('',#393,#2557);
#2557 = DEFINITIONAL_REPRESENTATION('',(#2558),#2562);
#2558 = CIRCLE('',#2559,12.8);
#2559 = AXIS2_PLACEMENT_2D('',#2560,#2561);
#2560 = CARTESIAN_POINT('',(0.,14.3));
#2561 = DIRECTION('',(1.,0.));
#2562 = ( GEOMETRIC_REPRESENTATION_CONTEXT(2) 
PARAMETRIC_REPRESENTATION_CONTEXT() REPRESENTATION_CONTEXT('2D SPACE',''
  ) );
#2563 = PCURVE('',#1130,#2564);
#2564 = DEFINITIONAL_REPRESENTATION('',(#2565),#2569);
#2565 = LINE('',#2566,#2567);
#2566 = CARTESIAN_POINT('',(0.,-32.8));
#2567 = VECTOR('',#2568,1.);
#2568 = DIRECTION('',(1.,0.));
#2569 = ( GEOMETRIC_REPRESENTATION_CONTEXT(2) 
PARAMETRIC_REPRESENTATION_CONTEXT() REPRESENTATION_CONTEXT('2D SPACE',''
  ) );
#2570 = ORIENTED_EDGE('',*,*,#2571,.T.);
#2571 = EDGE_CURVE('',#2548,#2572,#2574,.T.);
#2572 = VERTEX_POINT('',#2573);
#2573 = CARTESIAN_POINT('',(-1.5,-32.8,15.2));
#2574 = SURFACE_CURVE('',#2575,(#2579,#2586),.PCURVE_S1.);
#2575 = LINE('',#2576,#2577);
#2576 = CARTESIAN_POINT('',(1.5,-32.8,15.2));
#2577 = VECTOR('',#2578,1.);
#2578 = DIRECTION('',(-1.,0.,0.));
#2579 = PCURVE('',#393,#2580);
#2580 = DEFINITIONAL_REPRESENTATION('',(#2581),#2585);
#2581 = LINE('',#2582,#2583);
#2582 = CARTESIAN_POINT('',(-12.8,14.3));
#2583 = VECTOR('',#2584,1.);
#2584 = DIRECTION('',(0.,-1.));
#2585 = ( GEOMETRIC_REPRESENTATION_CONTEXT(2) 
PARAMETRIC_REPRESENTATION_CONTEXT() REPRESENTATION_CONTEXT('2D SPACE',''
  ) );
#2586 = PCURVE('',#2587,#2592);
#2587 = PLANE('',#2588);
#2588 = AXIS2_PLACEMENT_3D('',#2589,#2590,#2591);
#2589 = CARTESIAN_POINT('',(1.5,0.,15.2));
#2590 = DIRECTION('',(-0.,-0.,-1.));
#2591 = DIRECTION('',(-1.,0.,0.));
#2592 = DEFINITIONAL_REPRESENTATION('',(#2593),#2597);
#2593 = LINE('',#2594,#2595);
#2594 = CARTESIAN_POINT('',(0.,-32.8));
#2595 = VECTOR('',#2596,1.);
#2596 = DIRECTION('',(1.,0.));
#2597 = ( GEOMETRIC_REPRESENTATION_CONTEXT(2) 
PARAMETRIC_REPRESENTATION_CONTEXT() REPRESENTATION_CONTEXT('2D SPACE',''
  ) );
#2598 = ORIENTED_EDGE('',*,*,#2599,.T.);
#2599 = EDGE_CURVE('',#2572,#2337,#2600,.T.);
#2600 = SURFACE_CURVE('',#2601,(#2606,#2613),.PCURVE_S1.);
#2601 = CIRCLE('',#2602,12.8);
#2602 = AXIS2_PLACEMENT_3D('',#2603,#2604,#2605);
#2603 = CARTESIAN_POINT('',(-1.5,-32.8,28.));
#2604 = DIRECTION('',(0.,1.,0.));
#2605 = DIRECTION('',(0.,0.,-1.));
#2606 = PCURVE('',#393,#2607);
#2607 = DEFINITIONAL_REPRESENTATION('',(#2608),#2612);
#2608 = CIRCLE('',#2609,12.8);
#2609 = AXIS2_PLACEMENT_2D('',#2610,#2611);
#2610 = CARTESIAN_POINT('',(0.,11.3));
#2611 = DIRECTION('',(-1.,0.));
#2612 = ( GEOMETRIC_REPRESENTATION_CONTEXT(2) 
PARAMETRIC_REPRESENTATION_CONTEXT() REPRESENTATION_CONTEXT('2D SPACE',''
  ) );
#2613 = PCURVE('',#1436,#2614);
#2614 = DEFINITIONAL_REPRESENTATION('',(#2615),#2619);
#2615 = LINE('',#2616,#2617);
#2616 = CARTESIAN_POINT('',(0.,-32.8));
#2617 = VECTOR('',#2618,1.);
#2618 = DIRECTION('',(1.,0.));
#2619 = ( GEOMETRIC_REPRESENTATION_CONTEXT(2) 
PARAMETRIC_REPRESENTATION_CONTEXT() REPRESENTATION_CONTEXT('2D SPACE',''
  ) );
#2620 = ORIENTED_EDGE('',*,*,#2336,.F.);
#2621 = ADVANCED_FACE('',(#2622),#697,.T.);
#2622 = FACE_BOUND('',#2623,.T.);
#2623 = EDGE_LOOP('',(#2624,#2625,#2648,#2669));
#2624 = ORIENTED_EDGE('',*,*,#683,.F.);
#2625 = ORIENTED_EDGE('',*,*,#2626,.F.);
#2626 = EDGE_CURVE('',#2627,#656,#2629,.T.);
#2627 = VERTEX_POINT('',#2628);
#2628 = CARTESIAN_POINT('',(10.5,32.8,35.5));
#2629 = SURFACE_CURVE('',#2630,(#2634,#2641),.PCURVE_S1.);
#2630 = LINE('',#2631,#2632);
#2631 = CARTESIAN_POINT('',(10.5,-1.605,35.5));
#2632 = VECTOR('',#2633,1.);
#2633 = DIRECTION('',(0.,1.,0.));
#2634 = PCURVE('',#697,#2635);
#2635 = DEFINITIONAL_REPRESENTATION('',(#2636),#2640);
#2636 = LINE('',#2637,#2638);
#2637 = CARTESIAN_POINT('',(26.5,34.395));
#2638 = VECTOR('',#2639,1.);
#2639 = DIRECTION('',(0.,1.));
#2640 = ( GEOMETRIC_REPRESENTATION_CONTEXT(2) 
PARAMETRIC_REPRESENTATION_CONTEXT() REPRESENTATION_CONTEXT('2D SPACE',''
  ) );
#2641 = PCURVE('',#671,#2642);
#2642 = DEFINITIONAL_REPRESENTATION('',(#2643),#2647);
#2643 = LINE('',#2644,#2645);
#2644 = CARTESIAN_POINT('',(18.,34.395));
#2645 = VECTOR('',#2646,1.);
#2646 = DIRECTION('',(0.,-1.));
#2647 = ( GEOMETRIC_REPRESENTATION_CONTEXT(2) 
PARAMETRIC_REPRESENTATION_CONTEXT() REPRESENTATION_CONTEXT('2D SPACE',''
  ) );
#2648 = ORIENTED_EDGE('',*,*,#2649,.T.);
#2649 = EDGE_CURVE('',#2627,#906,#2650,.T.);
#2650 = SURFACE_CURVE('',#2651,(#2655,#2662),.PCURVE_S1.);
#2651 = LINE('',#2652,#2653);
#2652 = CARTESIAN_POINT('',(-12.8,32.8,35.5));
#2653 = VECTOR('',#2654,1.);
#2654 = DIRECTION('',(1.,0.,0.));
#2655 = PCURVE('',#697,#2656);
#2656 = DEFINITIONAL_REPRESENTATION('',(#2657),#2661);
#2657 = LINE('',#2658,#2659);
#2658 = CARTESIAN_POINT('',(3.2,68.8));
#2659 = VECTOR('',#2660,1.);
#2660 = DIRECTION('',(1.,0.));
#2661 = ( GEOMETRIC_REPRESENTATION_CONTEXT(2) 
PARAMETRIC_REPRESENTATION_CONTEXT() REPRESENTATION_CONTEXT('2D SPACE',''
  ) );
#2662 = PCURVE('',#944,#2663);
#2663 = DEFINITIONAL_REPRESENTATION('',(#2664),#2668);
#2664 = LINE('',#2665,#2666);
#2665 = CARTESIAN_POINT('',(3.2,-14.3));
#2666 = VECTOR('',#2667,1.);
#2667 = DIRECTION('',(0.,1.));
#2668 = ( GEOMETRIC_REPRESENTATION_CONTEXT(2) 
PARAMETRIC_REPRESENTATION_CONTEXT() REPRESENTATION_CONTEXT('2D SPACE',''
  ) );
#2669 = ORIENTED_EDGE('',*,*,#905,.T.);
#2670 = ADVANCED_FACE('',(#2671),#671,.F.);
#2671 = FACE_BOUND('',#2672,.F.);
#2672 = EDGE_LOOP('',(#2673,#2703,#2724,#2725,#2726,#2749));
#2673 = ORIENTED_EDGE('',*,*,#2674,.F.);
#2674 = EDGE_CURVE('',#2675,#2677,#2679,.T.);
#2675 = VERTEX_POINT('',#2676);
#2676 = CARTESIAN_POINT('',(10.5,32.79,17.5));
#2677 = VERTEX_POINT('',#2678);
#2678 = CARTESIAN_POINT('',(10.5,32.79,18.898351797614));
#2679 = SURFACE_CURVE('',#2680,(#2684,#2691),.PCURVE_S1.);
#2680 = LINE('',#2681,#2682);
#2681 = CARTESIAN_POINT('',(10.5,32.79,17.5));
#2682 = VECTOR('',#2683,1.);
#2683 = DIRECTION('',(0.,0.,1.));
#2684 = PCURVE('',#671,#2685);
#2685 = DEFINITIONAL_REPRESENTATION('',(#2686),#2690);
#2686 = LINE('',#2687,#2688);
#2687 = CARTESIAN_POINT('',(0.,0.));
#2688 = VECTOR('',#2689,1.);
#2689 = DIRECTION('',(1.,0.));
#2690 = ( GEOMETRIC_REPRESENTATION_CONTEXT(2) 
PARAMETRIC_REPRESENTATION_CONTEXT() REPRESENTATION_CONTEXT('2D SPACE',''
  ) );
#2691 = PCURVE('',#2692,#2697);
#2692 = PLANE('',#2693);
#2693 = AXIS2_PLACEMENT_3D('',#2694,#2695,#2696);
#2694 = CARTESIAN_POINT('',(-7.5,32.79,17.5));
#2695 = DIRECTION('',(0.,1.,0.));
#2696 = DIRECTION('',(0.,0.,1.));
#2697 = DEFINITIONAL_REPRESENTATION('',(#2698),#2702);
#2698 = LINE('',#2699,#2700);
#2699 = CARTESIAN_POINT('',(0.,18.));
#2700 = VECTOR('',#2701,1.);
#2701 = DIRECTION('',(1.,0.));
#2702 = ( GEOMETRIC_REPRESENTATION_CONTEXT(2) 
PARAMETRIC_REPRESENTATION_CONTEXT() REPRESENTATION_CONTEXT('2D SPACE',''
  ) );
#2703 = ORIENTED_EDGE('',*,*,#2704,.T.);
#2704 = EDGE_CURVE('',#2675,#628,#2705,.T.);
#2705 = SURFACE_CURVE('',#2706,(#2710,#2717),.PCURVE_S1.);
#2706 = LINE('',#2707,#2708);
#2707 = CARTESIAN_POINT('',(10.5,32.79,17.5));
#2708 = VECTOR('',#2709,1.);
#2709 = DIRECTION('',(0.,1.,0.));
#2710 = PCURVE('',#671,#2711);
#2711 = DEFINITIONAL_REPRESENTATION('',(#2712),#2716);
#2712 = LINE('',#2713,#2714);
#2713 = CARTESIAN_POINT('',(0.,0.));
#2714 = VECTOR('',#2715,1.);
#2715 = DIRECTION('',(0.,-1.));
#2716 = ( GEOMETRIC_REPRESENTATION_CONTEXT(2) 
PARAMETRIC_REPRESENTATION_CONTEXT() REPRESENTATION_CONTEXT('2D SPACE',''
  ) );
#2717 = PCURVE('',#643,#2718);
#2718 = DEFINITIONAL_REPRESENTATION('',(#2719),#2723);
#2719 = LINE('',#2720,#2721);
#2720 = CARTESIAN_POINT('',(18.,0.));
#2721 = VECTOR('',#2722,1.);
#2722 = DIRECTION('',(0.,1.));
#2723 = ( GEOMETRIC_REPRESENTATION_CONTEXT(2) 
PARAMETRIC_REPRESENTATION_CONTEXT() REPRESENTATION_CONTEXT('2D SPACE',''
  ) );
#2724 = ORIENTED_EDGE('',*,*,#655,.F.);
#2725 = ORIENTED_EDGE('',*,*,#2626,.F.);
#2726 = ORIENTED_EDGE('',*,*,#2727,.T.);
#2727 = EDGE_CURVE('',#2627,#2728,#2730,.T.);
#2728 = VERTEX_POINT('',#2729);
#2729 = CARTESIAN_POINT('',(10.5,32.8,18.898351797614));
#2730 = SURFACE_CURVE('',#2731,(#2735,#2742),.PCURVE_S1.);
#2731 = LINE('',#2732,#2733);
#2732 = CARTESIAN_POINT('',(10.5,32.8,24.9));
#2733 = VECTOR('',#2734,1.);
#2734 = DIRECTION('',(0.,0.,-1.));
#2735 = PCURVE('',#671,#2736);
#2736 = DEFINITIONAL_REPRESENTATION('',(#2737),#2741);
#2737 = LINE('',#2738,#2739);
#2738 = CARTESIAN_POINT('',(7.4,-9.999999999998E-03));
#2739 = VECTOR('',#2740,1.);
#2740 = DIRECTION('',(-1.,0.));
#2741 = ( GEOMETRIC_REPRESENTATION_CONTEXT(2) 
PARAMETRIC_REPRESENTATION_CONTEXT() REPRESENTATION_CONTEXT('2D SPACE',''
  ) );
#2742 = PCURVE('',#944,#2743);
#2743 = DEFINITIONAL_REPRESENTATION('',(#2744),#2748);
#2744 = LINE('',#2745,#2746);
#2745 = CARTESIAN_POINT('',(-7.4,9.));
#2746 = VECTOR('',#2747,1.);
#2747 = DIRECTION('',(-1.,0.));
#2748 = ( GEOMETRIC_REPRESENTATION_CONTEXT(2) 
PARAMETRIC_REPRESENTATION_CONTEXT() REPRESENTATION_CONTEXT('2D SPACE',''
  ) );
#2749 = ORIENTED_EDGE('',*,*,#2750,.F.);
#2750 = EDGE_CURVE('',#2677,#2728,#2751,.T.);
#2751 = SURFACE_CURVE('',#2752,(#2756,#2763),.PCURVE_S1.);
#2752 = LINE('',#2753,#2754);
#2753 = CARTESIAN_POINT('',(10.5,0.,18.898351797614));
#2754 = VECTOR('',#2755,1.);
#2755 = DIRECTION('',(0.,1.,0.));
#2756 = PCURVE('',#671,#2757);
#2757 = DEFINITIONAL_REPRESENTATION('',(#2758),#2762);
#2758 = LINE('',#2759,#2760);
#2759 = CARTESIAN_POINT('',(1.398351797614,32.79));
#2760 = VECTOR('',#2761,1.);
#2761 = DIRECTION('',(0.,-1.));
#2762 = ( GEOMETRIC_REPRESENTATION_CONTEXT(2) 
PARAMETRIC_REPRESENTATION_CONTEXT() REPRESENTATION_CONTEXT('2D SPACE',''
  ) );
#2763 = PCURVE('',#1379,#2764);
#2764 = DEFINITIONAL_REPRESENTATION('',(#2765),#2769);
#2765 = LINE('',#2766,#2767);
#2766 = CARTESIAN_POINT('',(2.361809842609,0.));
#2767 = VECTOR('',#2768,1.);
#2768 = DIRECTION('',(0.,1.));
#2769 = ( GEOMETRIC_REPRESENTATION_CONTEXT(2) 
PARAMETRIC_REPRESENTATION_CONTEXT() REPRESENTATION_CONTEXT('2D SPACE',''
  ) );
#2770 = ADVANCED_FACE('',(#2771),#643,.T.);
#2771 = FACE_BOUND('',#2772,.T.);
#2772 = EDGE_LOOP('',(#2773,#2774,#2775,#2798,#2819,#2820));
#2773 = ORIENTED_EDGE('',*,*,#1312,.F.);
#2774 = ORIENTED_EDGE('',*,*,#1339,.T.);
#2775 = ORIENTED_EDGE('',*,*,#2776,.F.);
#2776 = EDGE_CURVE('',#2777,#1340,#2779,.T.);
#2777 = VERTEX_POINT('',#2778);
#2778 = CARTESIAN_POINT('',(8.820519107276,32.79,17.5));
#2779 = SURFACE_CURVE('',#2780,(#2784,#2791),.PCURVE_S1.);
#2780 = LINE('',#2781,#2782);
#2781 = CARTESIAN_POINT('',(8.820519107276,0.,17.5));
#2782 = VECTOR('',#2783,1.);
#2783 = DIRECTION('',(0.,1.,0.));
#2784 = PCURVE('',#643,#2785);
#2785 = DEFINITIONAL_REPRESENTATION('',(#2786),#2790);
#2786 = LINE('',#2787,#2788);
#2787 = CARTESIAN_POINT('',(16.320519107276,-32.79));
#2788 = VECTOR('',#2789,1.);
#2789 = DIRECTION('',(0.,1.));
#2790 = ( GEOMETRIC_REPRESENTATION_CONTEXT(2) 
PARAMETRIC_REPRESENTATION_CONTEXT() REPRESENTATION_CONTEXT('2D SPACE',''
  ) );
#2791 = PCURVE('',#1379,#2792);
#2792 = DEFINITIONAL_REPRESENTATION('',(#2793),#2797);
#2793 = LINE('',#2794,#2795);
#2794 = CARTESIAN_POINT('',(2.532753540974,0.));
#2795 = VECTOR('',#2796,1.);
#2796 = DIRECTION('',(0.,1.));
#2797 = ( GEOMETRIC_REPRESENTATION_CONTEXT(2) 
PARAMETRIC_REPRESENTATION_CONTEXT() REPRESENTATION_CONTEXT('2D SPACE',''
  ) );
#2798 = ORIENTED_EDGE('',*,*,#2799,.T.);
#2799 = EDGE_CURVE('',#2777,#2675,#2800,.T.);
#2800 = SURFACE_CURVE('',#2801,(#2805,#2812),.PCURVE_S1.);
#2801 = LINE('',#2802,#2803);
#2802 = CARTESIAN_POINT('',(-7.5,32.79,17.5));
#2803 = VECTOR('',#2804,1.);
#2804 = DIRECTION('',(1.,0.,0.));
#2805 = PCURVE('',#643,#2806);
#2806 = DEFINITIONAL_REPRESENTATION('',(#2807),#2811);
#2807 = LINE('',#2808,#2809);
#2808 = CARTESIAN_POINT('',(0.,0.));
#2809 = VECTOR('',#2810,1.);
#2810 = DIRECTION('',(1.,0.));
#2811 = ( GEOMETRIC_REPRESENTATION_CONTEXT(2) 
PARAMETRIC_REPRESENTATION_CONTEXT() REPRESENTATION_CONTEXT('2D SPACE',''
  ) );
#2812 = PCURVE('',#2692,#2813);
#2813 = DEFINITIONAL_REPRESENTATION('',(#2814),#2818);
#2814 = LINE('',#2815,#2816);
#2815 = CARTESIAN_POINT('',(0.,0.));
#2816 = VECTOR('',#2817,1.);
#2817 = DIRECTION('',(0.,1.));
#2818 = ( GEOMETRIC_REPRESENTATION_CONTEXT(2) 
PARAMETRIC_REPRESENTATION_CONTEXT() REPRESENTATION_CONTEXT('2D SPACE',''
  ) );
#2819 = ORIENTED_EDGE('',*,*,#2704,.T.);
#2820 = ORIENTED_EDGE('',*,*,#627,.F.);
#2821 = ADVANCED_FACE('',(#2822),#759,.F.);
#2822 = FACE_BOUND('',#2823,.T.);
#2823 = EDGE_LOOP('',(#2824,#2847,#2848,#2849));
#2824 = ORIENTED_EDGE('',*,*,#2825,.F.);
#2825 = EDGE_CURVE('',#739,#2826,#2828,.T.);
#2826 = VERTEX_POINT('',#2827);
#2827 = CARTESIAN_POINT('',(-10.8,-30.,5.));
#2828 = SEAM_CURVE('',#2829,(#2833,#2840),.PCURVE_S1.);
#2829 = LINE('',#2830,#2831);
#2830 = CARTESIAN_POINT('',(-10.8,-30.,-9.999999999998E-03));
#2831 = VECTOR('',#2832,1.);
#2832 = DIRECTION('',(0.,0.,1.));
#2833 = PCURVE('',#759,#2834);
#2834 = DEFINITIONAL_REPRESENTATION('',(#2835),#2839);
#2835 = LINE('',#2836,#2837);
#2836 = CARTESIAN_POINT('',(-6.28318530718,0.));
#2837 = VECTOR('',#2838,1.);
#2838 = DIRECTION('',(-0.,-1.));
#2839 = ( GEOMETRIC_REPRESENTATION_CONTEXT(2) 
PARAMETRIC_REPRESENTATION_CONTEXT() REPRESENTATION_CONTEXT('2D SPACE',''
  ) );
#2840 = PCURVE('',#759,#2841);
#2841 = DEFINITIONAL_REPRESENTATION('',(#2842),#2846);
#2842 = LINE('',#2843,#2844);
#2843 = CARTESIAN_POINT('',(-0.,0.));
#2844 = VECTOR('',#2845,1.);
#2845 = DIRECTION('',(-0.,-1.));
#2846 = ( GEOMETRIC_REPRESENTATION_CONTEXT(2) 
PARAMETRIC_REPRESENTATION_CONTEXT() REPRESENTATION_CONTEXT('2D SPACE',''
  ) );
#2847 = ORIENTED_EDGE('',*,*,#738,.T.);
#2848 = ORIENTED_EDGE('',*,*,#2825,.T.);
#2849 = ORIENTED_EDGE('',*,*,#2850,.F.);
#2850 = EDGE_CURVE('',#2826,#2826,#2851,.T.);
#2851 = SURFACE_CURVE('',#2852,(#2857,#2864),.PCURVE_S1.);
#2852 = CIRCLE('',#2853,1.7);
#2853 = AXIS2_PLACEMENT_3D('',#2854,#2855,#2856);
#2854 = CARTESIAN_POINT('',(-12.5,-30.,5.));
#2855 = DIRECTION('',(0.,0.,-1.));
#2856 = DIRECTION('',(1.,0.,0.));
#2857 = PCURVE('',#759,#2858);
#2858 = DEFINITIONAL_REPRESENTATION('',(#2859),#2863);
#2859 = LINE('',#2860,#2861);
#2860 = CARTESIAN_POINT('',(-6.28318530718,-5.01));
#2861 = VECTOR('',#2862,1.);
#2862 = DIRECTION('',(1.,-0.));
#2863 = ( GEOMETRIC_REPRESENTATION_CONTEXT(2) 
PARAMETRIC_REPRESENTATION_CONTEXT() REPRESENTATION_CONTEXT('2D SPACE',''
  ) );
#2864 = PCURVE('',#2050,#2865);
#2865 = DEFINITIONAL_REPRESENTATION('',(#2866),#2874);
#2866 = ( BOUNDED_CURVE() B_SPLINE_CURVE(2,(#2867,#2868,#2869,#2870,
#2871,#2872,#2873),.UNSPECIFIED.,.T.,.F.) B_SPLINE_CURVE_WITH_KNOTS((1,2
    ,2,2,2,1),(-2.094395102393,0.,2.094395102393,4.188790204786,
6.28318530718,8.377580409573),.UNSPECIFIED.) CURVE() 
GEOMETRIC_REPRESENTATION_ITEM() RATIONAL_B_SPLINE_CURVE((1.,0.5,1.,0.5,
1.,0.5,1.)) REPRESENTATION_ITEM('') );
#2867 = CARTESIAN_POINT('',(1.7,0.));
#2868 = CARTESIAN_POINT('',(1.7,-2.944486372867));
#2869 = CARTESIAN_POINT('',(-0.85,-1.472243186434));
#2870 = CARTESIAN_POINT('',(-3.4,-4.163799117101E-16));
#2871 = CARTESIAN_POINT('',(-0.85,1.472243186434));
#2872 = CARTESIAN_POINT('',(1.7,2.944486372867));
#2873 = CARTESIAN_POINT('',(1.7,0.));
#2874 = ( GEOMETRIC_REPRESENTATION_CONTEXT(2) 
PARAMETRIC_REPRESENTATION_CONTEXT() REPRESENTATION_CONTEXT('2D SPACE',''
  ) );
#2875 = ADVANCED_FACE('',(#2876),#794,.F.);
#2876 = FACE_BOUND('',#2877,.T.);
#2877 = EDGE_LOOP('',(#2878,#2901,#2902,#2903));
#2878 = ORIENTED_EDGE('',*,*,#2879,.F.);
#2879 = EDGE_CURVE('',#774,#2880,#2882,.T.);
#2880 = VERTEX_POINT('',#2881);
#2881 = CARTESIAN_POINT('',(14.2,-27.9,5.));
#2882 = SEAM_CURVE('',#2883,(#2887,#2894),.PCURVE_S1.);
#2883 = LINE('',#2884,#2885);
#2884 = CARTESIAN_POINT('',(14.2,-27.9,-9.999999999998E-03));
#2885 = VECTOR('',#2886,1.);
#2886 = DIRECTION('',(0.,0.,1.));
#2887 = PCURVE('',#794,#2888);
#2888 = DEFINITIONAL_REPRESENTATION('',(#2889),#2893);
#2889 = LINE('',#2890,#2891);
#2890 = CARTESIAN_POINT('',(-6.28318530718,0.));
#2891 = VECTOR('',#2892,1.);
#2892 = DIRECTION('',(-0.,-1.));
#2893 = ( GEOMETRIC_REPRESENTATION_CONTEXT(2) 
PARAMETRIC_REPRESENTATION_CONTEXT() REPRESENTATION_CONTEXT('2D SPACE',''
  ) );
#2894 = PCURVE('',#794,#2895);
#2895 = DEFINITIONAL_REPRESENTATION('',(#2896),#2900);
#2896 = LINE('',#2897,#2898);
#2897 = CARTESIAN_POINT('',(-0.,0.));
#2898 = VECTOR('',#2899,1.);
#2899 = DIRECTION('',(-0.,-1.));
#2900 = ( GEOMETRIC_REPRESENTATION_CONTEXT(2) 
PARAMETRIC_REPRESENTATION_CONTEXT() REPRESENTATION_CONTEXT('2D SPACE',''
  ) );
#2901 = ORIENTED_EDGE('',*,*,#773,.T.);
#2902 = ORIENTED_EDGE('',*,*,#2879,.T.);
#2903 = ORIENTED_EDGE('',*,*,#2904,.F.);
#2904 = EDGE_CURVE('',#2880,#2880,#2905,.T.);
#2905 = SURFACE_CURVE('',#2906,(#2911,#2918),.PCURVE_S1.);
#2906 = CIRCLE('',#2907,1.7);
#2907 = AXIS2_PLACEMENT_3D('',#2908,#2909,#2910);
#2908 = CARTESIAN_POINT('',(12.5,-27.9,5.));
#2909 = DIRECTION('',(0.,0.,-1.));
#2910 = DIRECTION('',(1.,0.,0.));
#2911 = PCURVE('',#794,#2912);
#2912 = DEFINITIONAL_REPRESENTATION('',(#2913),#2917);
#2913 = LINE('',#2914,#2915);
#2914 = CARTESIAN_POINT('',(-6.28318530718,-5.01));
#2915 = VECTOR('',#2916,1.);
#2916 = DIRECTION('',(1.,-0.));
#2917 = ( GEOMETRIC_REPRESENTATION_CONTEXT(2) 
PARAMETRIC_REPRESENTATION_CONTEXT() REPRESENTATION_CONTEXT('2D SPACE',''
  ) );
#2918 = PCURVE('',#2919,#2924);
#2919 = PLANE('',#2920);
#2920 = AXIS2_PLACEMENT_3D('',#2921,#2922,#2923);
#2921 = CARTESIAN_POINT('',(12.5,-27.9,5.));
#2922 = DIRECTION('',(0.,0.,1.));
#2923 = DIRECTION('',(1.,0.,-0.));
#2924 = DEFINITIONAL_REPRESENTATION('',(#2925),#2933);
#2925 = ( BOUNDED_CURVE() B_SPLINE_CURVE(2,(#2926,#2927,#2928,#2929,
#2930,#2931,#2932),.UNSPECIFIED.,.T.,.F.) B_SPLINE_CURVE_WITH_KNOTS((1,2
    ,2,2,2,1),(-2.094395102393,0.,2.094395102393,4.188790204786,
6.28318530718,8.377580409573),.UNSPECIFIED.) CURVE() 
GEOMETRIC_REPRESENTATION_ITEM() RATIONAL_B_SPLINE_CURVE((1.,0.5,1.,0.5,
1.,0.5,1.)) REPRESENTATION_ITEM('') );
#2926 = CARTESIAN_POINT('',(1.7,0.));
#2927 = CARTESIAN_POINT('',(1.7,-2.944486372867));
#2928 = CARTESIAN_POINT('',(-0.85,-1.472243186434));
#2929 = CARTESIAN_POINT('',(-3.4,-4.163799117101E-16));
#2930 = CARTESIAN_POINT('',(-0.85,1.472243186434));
#2931 = CARTESIAN_POINT('',(1.7,2.944486372867));
#2932 = CARTESIAN_POINT('',(1.7,0.));
#2933 = ( GEOMETRIC_REPRESENTATION_CONTEXT(2) 
PARAMETRIC_REPRESENTATION_CONTEXT() REPRESENTATION_CONTEXT('2D SPACE',''
  ) );
#2934 = ADVANCED_FACE('',(#2935),#829,.F.);
#2935 = FACE_BOUND('',#2936,.T.);
#2936 = EDGE_LOOP('',(#2937,#2960,#2961,#2962));
#2937 = ORIENTED_EDGE('',*,*,#2938,.F.);
#2938 = EDGE_CURVE('',#809,#2939,#2941,.T.);
#2939 = VERTEX_POINT('',#2940);
#2940 = CARTESIAN_POINT('',(-10.8,30.,5.));
#2941 = SEAM_CURVE('',#2942,(#2946,#2953),.PCURVE_S1.);
#2942 = LINE('',#2943,#2944);
#2943 = CARTESIAN_POINT('',(-10.8,30.,-9.999999999998E-03));
#2944 = VECTOR('',#2945,1.);
#2945 = DIRECTION('',(0.,0.,1.));
#2946 = PCURVE('',#829,#2947);
#2947 = DEFINITIONAL_REPRESENTATION('',(#2948),#2952);
#2948 = LINE('',#2949,#2950);
#2949 = CARTESIAN_POINT('',(-6.28318530718,0.));
#2950 = VECTOR('',#2951,1.);
#2951 = DIRECTION('',(-0.,-1.));
#2952 = ( GEOMETRIC_REPRESENTATION_CONTEXT(2) 
PARAMETRIC_REPRESENTATION_CONTEXT() REPRESENTATION_CONTEXT('2D SPACE',''
  ) );
#2953 = PCURVE('',#829,#2954);
#2954 = DEFINITIONAL_REPRESENTATION('',(#2955),#2959);
#2955 = LINE('',#2956,#2957);
#2956 = CARTESIAN_POINT('',(-0.,0.));
#2957 = VECTOR('',#2958,1.);
#2958 = DIRECTION('',(-0.,-1.));
#2959 = ( GEOMETRIC_REPRESENTATION_CONTEXT(2) 
PARAMETRIC_REPRESENTATION_CONTEXT() REPRESENTATION_CONTEXT('2D SPACE',''
  ) );
#2960 = ORIENTED_EDGE('',*,*,#808,.T.);
#2961 = ORIENTED_EDGE('',*,*,#2938,.T.);
#2962 = ORIENTED_EDGE('',*,*,#2963,.F.);
#2963 = EDGE_CURVE('',#2939,#2939,#2964,.T.);
#2964 = SURFACE_CURVE('',#2965,(#2970,#2977),.PCURVE_S1.);
#2965 = CIRCLE('',#2966,1.7);
#2966 = AXIS2_PLACEMENT_3D('',#2967,#2968,#2969);
#2967 = CARTESIAN_POINT('',(-12.5,30.,5.));
#2968 = DIRECTION('',(0.,0.,-1.));
#2969 = DIRECTION('',(1.,0.,0.));
#2970 = PCURVE('',#829,#2971);
#2971 = DEFINITIONAL_REPRESENTATION('',(#2972),#2976);
#2972 = LINE('',#2973,#2974);
#2973 = CARTESIAN_POINT('',(-6.28318530718,-5.01));
#2974 = VECTOR('',#2975,1.);
#2975 = DIRECTION('',(1.,-0.));
#2976 = ( GEOMETRIC_REPRESENTATION_CONTEXT(2) 
PARAMETRIC_REPRESENTATION_CONTEXT() REPRESENTATION_CONTEXT('2D SPACE',''
  ) );
#2977 = PCURVE('',#1490,#2978);
#2978 = DEFINITIONAL_REPRESENTATION('',(#2979),#2987);
#2979 = ( BOUNDED_CURVE() B_SPLINE_CURVE(2,(#2980,#2981,#2982,#2983,
#2984,#2985,#2986),.UNSPECIFIED.,.T.,.F.) B_SPLINE_CURVE_WITH_KNOTS((1,2
    ,2,2,2,1),(-2.094395102393,0.,2.094395102393,4.188790204786,
6.28318530718,8.377580409573),.UNSPECIFIED.) CURVE() 
GEOMETRIC_REPRESENTATION_ITEM() RATIONAL_B_SPLINE_CURVE((1.,0.5,1.,0.5,
1.,0.5,1.)) REPRESENTATION_ITEM('') );
#2980 = CARTESIAN_POINT('',(1.7,0.));
#2981 = CARTESIAN_POINT('',(1.7,-2.944486372867));
#2982 = CARTESIAN_POINT('',(-0.85,-1.472243186434));
#2983 = CARTESIAN_POINT('',(-3.4,-4.163799117101E-16));
#2984 = CARTESIAN_POINT('',(-0.85,1.472243186434));
#2985 = CARTESIAN_POINT('',(1.7,2.944486372867));
#2986 = CARTESIAN_POINT('',(1.7,0.));
#2987 = ( GEOMETRIC_REPRESENTATION_CONTEXT(2) 
PARAMETRIC_REPRESENTATION_CONTEXT() REPRESENTATION_CONTEXT('2D SPACE',''
  ) );
#2988 = ADVANCED_FACE('',(#2989),#864,.F.);
#2989 = FACE_BOUND('',#2990,.T.);
#2990 = EDGE_LOOP('',(#2991,#3014,#3015,#3016));
#2991 = ORIENTED_EDGE('',*,*,#2992,.F.);
#2992 = EDGE_CURVE('',#844,#2993,#2995,.T.);
#2993 = VERTEX_POINT('',#2994);
#2994 = CARTESIAN_POINT('',(14.2,27.9,5.));
#2995 = SEAM_CURVE('',#2996,(#3000,#3007),.PCURVE_S1.);
#2996 = LINE('',#2997,#2998);
#2997 = CARTESIAN_POINT('',(14.2,27.9,-9.999999999998E-03));
#2998 = VECTOR('',#2999,1.);
#2999 = DIRECTION('',(0.,0.,1.));
#3000 = PCURVE('',#864,#3001);
#3001 = DEFINITIONAL_REPRESENTATION('',(#3002),#3006);
#3002 = LINE('',#3003,#3004);
#3003 = CARTESIAN_POINT('',(-6.28318530718,0.));
#3004 = VECTOR('',#3005,1.);
#3005 = DIRECTION('',(-0.,-1.));
#3006 = ( GEOMETRIC_REPRESENTATION_CONTEXT(2) 
PARAMETRIC_REPRESENTATION_CONTEXT() REPRESENTATION_CONTEXT('2D SPACE',''
  ) );
#3007 = PCURVE('',#864,#3008);
#3008 = DEFINITIONAL_REPRESENTATION('',(#3009),#3013);
#3009 = LINE('',#3010,#3011);
#3010 = CARTESIAN_POINT('',(-0.,0.));
#3011 = VECTOR('',#3012,1.);
#3012 = DIRECTION('',(-0.,-1.));
#3013 = ( GEOMETRIC_REPRESENTATION_CONTEXT(2) 
PARAMETRIC_REPRESENTATION_CONTEXT() REPRESENTATION_CONTEXT('2D SPACE',''
  ) );
#3014 = ORIENTED_EDGE('',*,*,#843,.T.);
#3015 = ORIENTED_EDGE('',*,*,#2992,.T.);
#3016 = ORIENTED_EDGE('',*,*,#3017,.F.);
#3017 = EDGE_CURVE('',#2993,#2993,#3018,.T.);
#3018 = SURFACE_CURVE('',#3019,(#3024,#3031),.PCURVE_S1.);
#3019 = CIRCLE('',#3020,1.7);
#3020 = AXIS2_PLACEMENT_3D('',#3021,#3022,#3023);
#3021 = CARTESIAN_POINT('',(12.5,27.9,5.));
#3022 = DIRECTION('',(0.,0.,-1.));
#3023 = DIRECTION('',(1.,0.,0.));
#3024 = PCURVE('',#864,#3025);
#3025 = DEFINITIONAL_REPRESENTATION('',(#3026),#3030);
#3026 = LINE('',#3027,#3028);
#3027 = CARTESIAN_POINT('',(-6.28318530718,-5.01));
#3028 = VECTOR('',#3029,1.);
#3029 = DIRECTION('',(1.,-0.));
#3030 = ( GEOMETRIC_REPRESENTATION_CONTEXT(2) 
PARAMETRIC_REPRESENTATION_CONTEXT() REPRESENTATION_CONTEXT('2D SPACE',''
  ) );
#3031 = PCURVE('',#3032,#3037);
#3032 = PLANE('',#3033);
#3033 = AXIS2_PLACEMENT_3D('',#3034,#3035,#3036);
#3034 = CARTESIAN_POINT('',(12.5,27.9,5.));
#3035 = DIRECTION('',(0.,0.,1.));
#3036 = DIRECTION('',(1.,0.,-0.));
#3037 = DEFINITIONAL_REPRESENTATION('',(#3038),#3046);
#3038 = ( BOUNDED_CURVE() B_SPLINE_CURVE(2,(#3039,#3040,#3041,#3042,
#3043,#3044,#3045),.UNSPECIFIED.,.T.,.F.) B_SPLINE_CURVE_WITH_KNOTS((1,2
    ,2,2,2,1),(-2.094395102393,0.,2.094395102393,4.188790204786,
6.28318530718,8.377580409573),.UNSPECIFIED.) CURVE() 
GEOMETRIC_REPRESENTATION_ITEM() RATIONAL_B_SPLINE_CURVE((1.,0.5,1.,0.5,
1.,0.5,1.)) REPRESENTATION_ITEM('') );
#3039 = CARTESIAN_POINT('',(1.7,0.));
#3040 = CARTESIAN_POINT('',(1.7,-2.944486372867));
#3041 = CARTESIAN_POINT('',(-0.85,-1.472243186434));
#3042 = CARTESIAN_POINT('',(-3.4,-4.163799117101E-16));
#3043 = CARTESIAN_POINT('',(-0.85,1.472243186434));
#3044 = CARTESIAN_POINT('',(1.7,2.944486372867));
#3045 = CARTESIAN_POINT('',(1.7,0.));
#3046 = ( GEOMETRIC_REPRESENTATION_CONTEXT(2) 
PARAMETRIC_REPRESENTATION_CONTEXT() REPRESENTATION_CONTEXT('2D SPACE',''
  ) );
#3047 = ADVANCED_FACE('',(#3048),#998,.T.);
#3048 = FACE_BOUND('',#3049,.T.);
#3049 = EDGE_LOOP('',(#3050,#3051,#3052,#3075,#3097));
#3050 = ORIENTED_EDGE('',*,*,#1038,.F.);
#3051 = ORIENTED_EDGE('',*,*,#984,.F.);
#3052 = ORIENTED_EDGE('',*,*,#3053,.F.);
#3053 = EDGE_CURVE('',#3054,#957,#3056,.T.);
#3054 = VERTEX_POINT('',#3055);
#3055 = CARTESIAN_POINT('',(13.556118778446,-32.8,32.3));
#3056 = SURFACE_CURVE('',#3057,(#3061,#3068),.PCURVE_S1.);
#3057 = LINE('',#3058,#3059);
#3058 = CARTESIAN_POINT('',(1.5,-32.8,32.3));
#3059 = VECTOR('',#3060,1.);
#3060 = DIRECTION('',(1.,0.,0.));
#3061 = PCURVE('',#998,#3062);
#3062 = DEFINITIONAL_REPRESENTATION('',(#3063),#3067);
#3063 = LINE('',#3064,#3065);
#3064 = CARTESIAN_POINT('',(4.3,14.3));
#3065 = VECTOR('',#3066,1.);
#3066 = DIRECTION('',(0.,1.));
#3067 = ( GEOMETRIC_REPRESENTATION_CONTEXT(2) 
PARAMETRIC_REPRESENTATION_CONTEXT() REPRESENTATION_CONTEXT('2D SPACE',''
  ) );
#3068 = PCURVE('',#972,#3069);
#3069 = DEFINITIONAL_REPRESENTATION('',(#3070),#3074);
#3070 = LINE('',#3071,#3072);
#3071 = CARTESIAN_POINT('',(0.,0.));
#3072 = VECTOR('',#3073,1.);
#3073 = DIRECTION('',(1.,0.));
#3074 = ( GEOMETRIC_REPRESENTATION_CONTEXT(2) 
PARAMETRIC_REPRESENTATION_CONTEXT() REPRESENTATION_CONTEXT('2D SPACE',''
  ) );
#3075 = ORIENTED_EDGE('',*,*,#3076,.T.);
#3076 = EDGE_CURVE('',#3054,#1115,#3077,.T.);
#3077 = SURFACE_CURVE('',#3078,(#3083,#3090),.PCURVE_S1.);
#3078 = CIRCLE('',#3079,12.8);
#3079 = AXIS2_PLACEMENT_3D('',#3080,#3081,#3082);
#3080 = CARTESIAN_POINT('',(1.5,-32.8,28.));
#3081 = DIRECTION('',(0.,1.,0.));
#3082 = DIRECTION('',(0.,0.,1.));
#3083 = PCURVE('',#998,#3084);
#3084 = DEFINITIONAL_REPRESENTATION('',(#3085),#3089);
#3085 = CIRCLE('',#3086,12.8);
#3086 = AXIS2_PLACEMENT_2D('',#3087,#3088);
#3087 = CARTESIAN_POINT('',(0.,14.3));
#3088 = DIRECTION('',(1.,0.));
#3089 = ( GEOMETRIC_REPRESENTATION_CONTEXT(2) 
PARAMETRIC_REPRESENTATION_CONTEXT() REPRESENTATION_CONTEXT('2D SPACE',''
  ) );
#3090 = PCURVE('',#1130,#3091);
#3091 = DEFINITIONAL_REPRESENTATION('',(#3092),#3096);
#3092 = LINE('',#3093,#3094);
#3093 = CARTESIAN_POINT('',(0.,-32.8));
#3094 = VECTOR('',#3095,1.);
#3095 = DIRECTION('',(1.,0.));
#3096 = ( GEOMETRIC_REPRESENTATION_CONTEXT(2) 
PARAMETRIC_REPRESENTATION_CONTEXT() REPRESENTATION_CONTEXT('2D SPACE',''
  ) );
#3097 = ORIENTED_EDGE('',*,*,#1142,.F.);
#3098 = ADVANCED_FACE('',(#3099),#972,.T.);
#3099 = FACE_BOUND('',#3100,.T.);
#3100 = EDGE_LOOP('',(#3101,#3124,#3147,#3180,#3208,#3231,#3259,#3287,
    #3315,#3338,#3371,#3399,#3420,#3421));
#3101 = ORIENTED_EDGE('',*,*,#3102,.F.);
#3102 = EDGE_CURVE('',#3103,#929,#3105,.T.);
#3103 = VERTEX_POINT('',#3104);
#3104 = CARTESIAN_POINT('',(13.556118778446,32.8,32.3));
#3105 = SURFACE_CURVE('',#3106,(#3110,#3117),.PCURVE_S1.);
#3106 = LINE('',#3107,#3108);
#3107 = CARTESIAN_POINT('',(1.5,32.8,32.3));
#3108 = VECTOR('',#3109,1.);
#3109 = DIRECTION('',(1.,0.,0.));
#3110 = PCURVE('',#972,#3111);
#3111 = DEFINITIONAL_REPRESENTATION('',(#3112),#3116);
#3112 = LINE('',#3113,#3114);
#3113 = CARTESIAN_POINT('',(0.,65.6));
#3114 = VECTOR('',#3115,1.);
#3115 = DIRECTION('',(1.,0.));
#3116 = ( GEOMETRIC_REPRESENTATION_CONTEXT(2) 
PARAMETRIC_REPRESENTATION_CONTEXT() REPRESENTATION_CONTEXT('2D SPACE',''
  ) );
#3117 = PCURVE('',#944,#3118);
#3118 = DEFINITIONAL_REPRESENTATION('',(#3119),#3123);
#3119 = LINE('',#3120,#3121);
#3120 = CARTESIAN_POINT('',(0.,0.));
#3121 = VECTOR('',#3122,1.);
#3122 = DIRECTION('',(0.,1.));
#3123 = ( GEOMETRIC_REPRESENTATION_CONTEXT(2) 
PARAMETRIC_REPRESENTATION_CONTEXT() REPRESENTATION_CONTEXT('2D SPACE',''
  ) );
#3124 = ORIENTED_EDGE('',*,*,#3125,.F.);
#3125 = EDGE_CURVE('',#3126,#3103,#3128,.T.);
#3126 = VERTEX_POINT('',#3127);
#3127 = CARTESIAN_POINT('',(13.556118778446,30.814551959704,32.3));
#3128 = SURFACE_CURVE('',#3129,(#3133,#3140),.PCURVE_S1.);
#3129 = LINE('',#3130,#3131);
#3130 = CARTESIAN_POINT('',(13.556118778446,0.,32.3));
#3131 = VECTOR('',#3132,1.);
#3132 = DIRECTION('',(0.,1.,0.));
#3133 = PCURVE('',#972,#3134);
#3134 = DEFINITIONAL_REPRESENTATION('',(#3135),#3139);
#3135 = LINE('',#3136,#3137);
#3136 = CARTESIAN_POINT('',(12.056118778446,32.8));
#3137 = VECTOR('',#3138,1.);
#3138 = DIRECTION('',(0.,1.));
#3139 = ( GEOMETRIC_REPRESENTATION_CONTEXT(2) 
PARAMETRIC_REPRESENTATION_CONTEXT() REPRESENTATION_CONTEXT('2D SPACE',''
  ) );
#3140 = PCURVE('',#1379,#3141);
#3141 = DEFINITIONAL_REPRESENTATION('',(#3142),#3146);
#3142 = LINE('',#3143,#3144);
#3143 = CARTESIAN_POINT('',(1.228195927939,0.));
#3144 = VECTOR('',#3145,1.);
#3145 = DIRECTION('',(0.,1.));
#3146 = ( GEOMETRIC_REPRESENTATION_CONTEXT(2) 
PARAMETRIC_REPRESENTATION_CONTEXT() REPRESENTATION_CONTEXT('2D SPACE',''
  ) );
#3147 = ORIENTED_EDGE('',*,*,#3148,.T.);
#3148 = EDGE_CURVE('',#3126,#3149,#3151,.T.);
#3149 = VERTEX_POINT('',#3150);
#3150 = CARTESIAN_POINT('',(15.6,27.9,32.3));
#3151 = SURFACE_CURVE('',#3152,(#3157,#3168),.PCURVE_S1.);
#3152 = CIRCLE('',#3153,3.1);
#3153 = AXIS2_PLACEMENT_3D('',#3154,#3155,#3156);
#3154 = CARTESIAN_POINT('',(12.5,27.9,32.3));
#3155 = DIRECTION('',(0.,0.,-1.));
#3156 = DIRECTION('',(1.,0.,0.));
#3157 = PCURVE('',#972,#3158);
#3158 = DEFINITIONAL_REPRESENTATION('',(#3159),#3167);
#3159 = ( BOUNDED_CURVE() B_SPLINE_CURVE(2,(#3160,#3161,#3162,#3163,
#3164,#3165,#3166),.UNSPECIFIED.,.T.,.F.) B_SPLINE_CURVE_WITH_KNOTS((1,2
    ,2,2,2,1),(-2.094395102393,0.,2.094395102393,4.188790204786,
6.28318530718,8.377580409573),.UNSPECIFIED.) CURVE() 
GEOMETRIC_REPRESENTATION_ITEM() RATIONAL_B_SPLINE_CURVE((1.,0.5,1.,0.5,
1.,0.5,1.)) REPRESENTATION_ITEM('') );
#3160 = CARTESIAN_POINT('',(14.1,60.7));
#3161 = CARTESIAN_POINT('',(14.1,55.330642496536));
#3162 = CARTESIAN_POINT('',(9.45,58.015321248268));
#3163 = CARTESIAN_POINT('',(4.8,60.7));
#3164 = CARTESIAN_POINT('',(9.45,63.384678751732));
#3165 = CARTESIAN_POINT('',(14.1,66.069357503464));
#3166 = CARTESIAN_POINT('',(14.1,60.7));
#3167 = ( GEOMETRIC_REPRESENTATION_CONTEXT(2) 
PARAMETRIC_REPRESENTATION_CONTEXT() REPRESENTATION_CONTEXT('2D SPACE',''
  ) );
#3168 = PCURVE('',#3169,#3174);
#3169 = CYLINDRICAL_SURFACE('',#3170,3.1);
#3170 = AXIS2_PLACEMENT_3D('',#3171,#3172,#3173);
#3171 = CARTESIAN_POINT('',(12.5,27.9,5.));
#3172 = DIRECTION('',(-0.,-0.,-1.));
#3173 = DIRECTION('',(1.,0.,0.));
#3174 = DEFINITIONAL_REPRESENTATION('',(#3175),#3179);
#3175 = LINE('',#3176,#3177);
#3176 = CARTESIAN_POINT('',(-6.28318530718,-27.3));
#3177 = VECTOR('',#3178,1.);
#3178 = DIRECTION('',(1.,-0.));
#3179 = ( GEOMETRIC_REPRESENTATION_CONTEXT(2) 
PARAMETRIC_REPRESENTATION_CONTEXT() REPRESENTATION_CONTEXT('2D SPACE',''
  ) );
#3180 = ORIENTED_EDGE('',*,*,#3181,.T.);
#3181 = EDGE_CURVE('',#3149,#3182,#3184,.T.);
#3182 = VERTEX_POINT('',#3183);
#3183 = CARTESIAN_POINT('',(13.556118778446,24.985448040296,32.3));
#3184 = SURFACE_CURVE('',#3185,(#3190,#3201),.PCURVE_S1.);
#3185 = CIRCLE('',#3186,3.1);
#3186 = AXIS2_PLACEMENT_3D('',#3187,#3188,#3189);
#3187 = CARTESIAN_POINT('',(12.5,27.9,32.3));
#3188 = DIRECTION('',(0.,0.,-1.));
#3189 = DIRECTION('',(1.,0.,0.));
#3190 = PCURVE('',#972,#3191);
#3191 = DEFINITIONAL_REPRESENTATION('',(#3192),#3200);
#3192 = ( BOUNDED_CURVE() B_SPLINE_CURVE(2,(#3193,#3194,#3195,#3196,
#3197,#3198,#3199),.UNSPECIFIED.,.T.,.F.) B_SPLINE_CURVE_WITH_KNOTS((1,2
    ,2,2,2,1),(-2.094395102393,0.,2.094395102393,4.188790204786,
6.28318530718,8.377580409573),.UNSPECIFIED.) CURVE() 
GEOMETRIC_REPRESENTATION_ITEM() RATIONAL_B_SPLINE_CURVE((1.,0.5,1.,0.5,
1.,0.5,1.)) REPRESENTATION_ITEM('') );
#3193 = CARTESIAN_POINT('',(14.1,60.7));
#3194 = CARTESIAN_POINT('',(14.1,55.330642496536));
#3195 = CARTESIAN_POINT('',(9.45,58.015321248268));
#3196 = CARTESIAN_POINT('',(4.8,60.7));
#3197 = CARTESIAN_POINT('',(9.45,63.384678751732));
#3198 = CARTESIAN_POINT('',(14.1,66.069357503464));
#3199 = CARTESIAN_POINT('',(14.1,60.7));
#3200 = ( GEOMETRIC_REPRESENTATION_CONTEXT(2) 
PARAMETRIC_REPRESENTATION_CONTEXT() REPRESENTATION_CONTEXT('2D SPACE',''
  ) );
#3201 = PCURVE('',#3169,#3202);
#3202 = DEFINITIONAL_REPRESENTATION('',(#3203),#3207);
#3203 = LINE('',#3204,#3205);
#3204 = CARTESIAN_POINT('',(-6.28318530718,-27.3));
#3205 = VECTOR('',#3206,1.);
#3206 = DIRECTION('',(1.,-0.));
#3207 = ( GEOMETRIC_REPRESENTATION_CONTEXT(2) 
PARAMETRIC_REPRESENTATION_CONTEXT() REPRESENTATION_CONTEXT('2D SPACE',''
  ) );
#3208 = ORIENTED_EDGE('',*,*,#3209,.F.);
#3209 = EDGE_CURVE('',#3210,#3182,#3212,.T.);
#3210 = VERTEX_POINT('',#3211);
#3211 = CARTESIAN_POINT('',(13.556118778446,23.9,32.3));
#3212 = SURFACE_CURVE('',#3213,(#3217,#3224),.PCURVE_S1.);
#3213 = LINE('',#3214,#3215);
#3214 = CARTESIAN_POINT('',(13.556118778446,0.,32.3));
#3215 = VECTOR('',#3216,1.);
#3216 = DIRECTION('',(0.,1.,0.));
#3217 = PCURVE('',#972,#3218);
#3218 = DEFINITIONAL_REPRESENTATION('',(#3219),#3223);
#3219 = LINE('',#3220,#3221);
#3220 = CARTESIAN_POINT('',(12.056118778446,32.8));
#3221 = VECTOR('',#3222,1.);
#3222 = DIRECTION('',(0.,1.));
#3223 = ( GEOMETRIC_REPRESENTATION_CONTEXT(2) 
PARAMETRIC_REPRESENTATION_CONTEXT() REPRESENTATION_CONTEXT('2D SPACE',''
  ) );
#3224 = PCURVE('',#1379,#3225);
#3225 = DEFINITIONAL_REPRESENTATION('',(#3226),#3230);
#3226 = LINE('',#3227,#3228);
#3227 = CARTESIAN_POINT('',(1.228195927939,0.));
#3228 = VECTOR('',#3229,1.);
#3229 = DIRECTION('',(0.,1.));
#3230 = ( GEOMETRIC_REPRESENTATION_CONTEXT(2) 
PARAMETRIC_REPRESENTATION_CONTEXT() REPRESENTATION_CONTEXT('2D SPACE',''
  ) );
#3231 = ORIENTED_EDGE('',*,*,#3232,.F.);
#3232 = EDGE_CURVE('',#3233,#3210,#3235,.T.);
#3233 = VERTEX_POINT('',#3234);
#3234 = CARTESIAN_POINT('',(14.5,23.9,32.3));
#3235 = SURFACE_CURVE('',#3236,(#3240,#3247),.PCURVE_S1.);
#3236 = LINE('',#3237,#3238);
#3237 = CARTESIAN_POINT('',(-5.,23.9,32.3));
#3238 = VECTOR('',#3239,1.);
#3239 = DIRECTION('',(-1.,0.,0.));
#3240 = PCURVE('',#972,#3241);
#3241 = DEFINITIONAL_REPRESENTATION('',(#3242),#3246);
#3242 = LINE('',#3243,#3244);
#3243 = CARTESIAN_POINT('',(-6.5,56.7));
#3244 = VECTOR('',#3245,1.);
#3245 = DIRECTION('',(-1.,0.));
#3246 = ( GEOMETRIC_REPRESENTATION_CONTEXT(2) 
PARAMETRIC_REPRESENTATION_CONTEXT() REPRESENTATION_CONTEXT('2D SPACE',''
  ) );
#3247 = PCURVE('',#3248,#3253);
#3248 = PLANE('',#3249);
#3249 = AXIS2_PLACEMENT_3D('',#3250,#3251,#3252);
#3250 = CARTESIAN_POINT('',(-11.5,23.9,24.));
#3251 = DIRECTION('',(0.,1.,0.));
#3252 = DIRECTION('',(0.,0.,1.));
#3253 = DEFINITIONAL_REPRESENTATION('',(#3254),#3258);
#3254 = LINE('',#3255,#3256);
#3255 = CARTESIAN_POINT('',(8.3,6.5));
#3256 = VECTOR('',#3257,1.);
#3257 = DIRECTION('',(0.,-1.));
#3258 = ( GEOMETRIC_REPRESENTATION_CONTEXT(2) 
PARAMETRIC_REPRESENTATION_CONTEXT() REPRESENTATION_CONTEXT('2D SPACE',''
  ) );
#3259 = ORIENTED_EDGE('',*,*,#3260,.F.);
#3260 = EDGE_CURVE('',#3261,#3233,#3263,.T.);
#3261 = VERTEX_POINT('',#3262);
#3262 = CARTESIAN_POINT('',(14.5,-23.9,32.3));
#3263 = SURFACE_CURVE('',#3264,(#3268,#3275),.PCURVE_S1.);
#3264 = LINE('',#3265,#3266);
#3265 = CARTESIAN_POINT('',(14.5,-28.35,32.3));
#3266 = VECTOR('',#3267,1.);
#3267 = DIRECTION('',(0.,1.,0.));
#3268 = PCURVE('',#972,#3269);
#3269 = DEFINITIONAL_REPRESENTATION('',(#3270),#3274);
#3270 = LINE('',#3271,#3272);
#3271 = CARTESIAN_POINT('',(13.,4.45));
#3272 = VECTOR('',#3273,1.);
#3273 = DIRECTION('',(0.,1.));
#3274 = ( GEOMETRIC_REPRESENTATION_CONTEXT(2) 
PARAMETRIC_REPRESENTATION_CONTEXT() REPRESENTATION_CONTEXT('2D SPACE',''
  ) );
#3275 = PCURVE('',#3276,#3281);
#3276 = PLANE('',#3277);
#3277 = AXIS2_PLACEMENT_3D('',#3278,#3279,#3280);
#3278 = CARTESIAN_POINT('',(14.5,-23.9,24.));
#3279 = DIRECTION('',(1.,0.,0.));
#3280 = DIRECTION('',(0.,0.,1.));
#3281 = DEFINITIONAL_REPRESENTATION('',(#3282),#3286);
#3282 = LINE('',#3283,#3284);
#3283 = CARTESIAN_POINT('',(8.3,4.45));
#3284 = VECTOR('',#3285,1.);
#3285 = DIRECTION('',(0.,-1.));
#3286 = ( GEOMETRIC_REPRESENTATION_CONTEXT(2) 
PARAMETRIC_REPRESENTATION_CONTEXT() REPRESENTATION_CONTEXT('2D SPACE',''
  ) );
#3287 = ORIENTED_EDGE('',*,*,#3288,.F.);
#3288 = EDGE_CURVE('',#3289,#3261,#3291,.T.);
#3289 = VERTEX_POINT('',#3290);
#3290 = CARTESIAN_POINT('',(13.556118778446,-23.9,32.3));
#3291 = SURFACE_CURVE('',#3292,(#3296,#3303),.PCURVE_S1.);
#3292 = LINE('',#3293,#3294);
#3293 = CARTESIAN_POINT('',(1.5,-23.9,32.3));
#3294 = VECTOR('',#3295,1.);
#3295 = DIRECTION('',(1.,0.,0.));
#3296 = PCURVE('',#972,#3297);
#3297 = DEFINITIONAL_REPRESENTATION('',(#3298),#3302);
#3298 = LINE('',#3299,#3300);
#3299 = CARTESIAN_POINT('',(0.,8.9));
#3300 = VECTOR('',#3301,1.);
#3301 = DIRECTION('',(1.,0.));
#3302 = ( GEOMETRIC_REPRESENTATION_CONTEXT(2) 
PARAMETRIC_REPRESENTATION_CONTEXT() REPRESENTATION_CONTEXT('2D SPACE',''
  ) );
#3303 = PCURVE('',#3304,#3309);
#3304 = PLANE('',#3305);
#3305 = AXIS2_PLACEMENT_3D('',#3306,#3307,#3308);
#3306 = CARTESIAN_POINT('',(1.5,-23.9,24.));
#3307 = DIRECTION('',(-0.,-1.,-0.));
#3308 = DIRECTION('',(0.,0.,-1.));
#3309 = DEFINITIONAL_REPRESENTATION('',(#3310),#3314);
#3310 = LINE('',#3311,#3312);
#3311 = CARTESIAN_POINT('',(-8.3,0.));
#3312 = VECTOR('',#3313,1.);
#3313 = DIRECTION('',(0.,1.));
#3314 = ( GEOMETRIC_REPRESENTATION_CONTEXT(2) 
PARAMETRIC_REPRESENTATION_CONTEXT() REPRESENTATION_CONTEXT('2D SPACE',''
  ) );
#3315 = ORIENTED_EDGE('',*,*,#3316,.F.);
#3316 = EDGE_CURVE('',#3317,#3289,#3319,.T.);
#3317 = VERTEX_POINT('',#3318);
#3318 = CARTESIAN_POINT('',(13.556118778446,-24.98544804029,32.3));
#3319 = SURFACE_CURVE('',#3320,(#3324,#3331),.PCURVE_S1.);
#3320 = LINE('',#3321,#3322);
#3321 = CARTESIAN_POINT('',(13.556118778446,0.,32.3));
#3322 = VECTOR('',#3323,1.);
#3323 = DIRECTION('',(0.,1.,0.));
#3324 = PCURVE('',#972,#3325);
#3325 = DEFINITIONAL_REPRESENTATION('',(#3326),#3330);
#3326 = LINE('',#3327,#3328);
#3327 = CARTESIAN_POINT('',(12.056118778446,32.8));
#3328 = VECTOR('',#3329,1.);
#3329 = DIRECTION('',(0.,1.));
#3330 = ( GEOMETRIC_REPRESENTATION_CONTEXT(2) 
PARAMETRIC_REPRESENTATION_CONTEXT() REPRESENTATION_CONTEXT('2D SPACE',''
  ) );
#3331 = PCURVE('',#1130,#3332);
#3332 = DEFINITIONAL_REPRESENTATION('',(#3333),#3337);
#3333 = LINE('',#3334,#3335);
#3334 = CARTESIAN_POINT('',(1.228195927939,0.));
#3335 = VECTOR('',#3336,1.);
#3336 = DIRECTION('',(0.,1.));
#3337 = ( GEOMETRIC_REPRESENTATION_CONTEXT(2) 
PARAMETRIC_REPRESENTATION_CONTEXT() REPRESENTATION_CONTEXT('2D SPACE',''
  ) );
#3338 = ORIENTED_EDGE('',*,*,#3339,.T.);
#3339 = EDGE_CURVE('',#3317,#3340,#3342,.T.);
#3340 = VERTEX_POINT('',#3341);
#3341 = CARTESIAN_POINT('',(15.6,-27.9,32.3));
#3342 = SURFACE_CURVE('',#3343,(#3348,#3359),.PCURVE_S1.);
#3343 = CIRCLE('',#3344,3.1);
#3344 = AXIS2_PLACEMENT_3D('',#3345,#3346,#3347);
#3345 = CARTESIAN_POINT('',(12.5,-27.9,32.3));
#3346 = DIRECTION('',(0.,0.,-1.));
#3347 = DIRECTION('',(1.,0.,0.));
#3348 = PCURVE('',#972,#3349);
#3349 = DEFINITIONAL_REPRESENTATION('',(#3350),#3358);
#3350 = ( BOUNDED_CURVE() B_SPLINE_CURVE(2,(#3351,#3352,#3353,#3354,
#3355,#3356,#3357),.UNSPECIFIED.,.T.,.F.) B_SPLINE_CURVE_WITH_KNOTS((1,2
    ,2,2,2,1),(-2.094395102393,0.,2.094395102393,4.188790204786,
6.28318530718,8.377580409573),.UNSPECIFIED.) CURVE() 
GEOMETRIC_REPRESENTATION_ITEM() RATIONAL_B_SPLINE_CURVE((1.,0.5,1.,0.5,
1.,0.5,1.)) REPRESENTATION_ITEM('') );
#3351 = CARTESIAN_POINT('',(14.1,4.9));
#3352 = CARTESIAN_POINT('',(14.1,-0.469357503464));
#3353 = CARTESIAN_POINT('',(9.45,2.215321248268));
#3354 = CARTESIAN_POINT('',(4.8,4.9));
#3355 = CARTESIAN_POINT('',(9.45,7.584678751732));
#3356 = CARTESIAN_POINT('',(14.1,10.269357503464));
#3357 = CARTESIAN_POINT('',(14.1,4.9));
#3358 = ( GEOMETRIC_REPRESENTATION_CONTEXT(2) 
PARAMETRIC_REPRESENTATION_CONTEXT() REPRESENTATION_CONTEXT('2D SPACE',''
  ) );
#3359 = PCURVE('',#3360,#3365);
#3360 = CYLINDRICAL_SURFACE('',#3361,3.1);
#3361 = AXIS2_PLACEMENT_3D('',#3362,#3363,#3364);
#3362 = CARTESIAN_POINT('',(12.5,-27.9,5.));
#3363 = DIRECTION('',(-0.,-0.,-1.));
#3364 = DIRECTION('',(1.,0.,0.));
#3365 = DEFINITIONAL_REPRESENTATION('',(#3366),#3370);
#3366 = LINE('',#3367,#3368);
#3367 = CARTESIAN_POINT('',(-6.28318530718,-27.3));
#3368 = VECTOR('',#3369,1.);
#3369 = DIRECTION('',(1.,-0.));
#3370 = ( GEOMETRIC_REPRESENTATION_CONTEXT(2) 
PARAMETRIC_REPRESENTATION_CONTEXT() REPRESENTATION_CONTEXT('2D SPACE',''
  ) );
#3371 = ORIENTED_EDGE('',*,*,#3372,.T.);
#3372 = EDGE_CURVE('',#3340,#3373,#3375,.T.);
#3373 = VERTEX_POINT('',#3374);
#3374 = CARTESIAN_POINT('',(13.556118778446,-30.8145519597,32.3));
#3375 = SURFACE_CURVE('',#3376,(#3381,#3392),.PCURVE_S1.);
#3376 = CIRCLE('',#3377,3.1);
#3377 = AXIS2_PLACEMENT_3D('',#3378,#3379,#3380);
#3378 = CARTESIAN_POINT('',(12.5,-27.9,32.3));
#3379 = DIRECTION('',(0.,0.,-1.));
#3380 = DIRECTION('',(1.,0.,0.));
#3381 = PCURVE('',#972,#3382);
#3382 = DEFINITIONAL_REPRESENTATION('',(#3383),#3391);
#3383 = ( BOUNDED_CURVE() B_SPLINE_CURVE(2,(#3384,#3385,#3386,#3387,
#3388,#3389,#3390),.UNSPECIFIED.,.T.,.F.) B_SPLINE_CURVE_WITH_KNOTS((1,2
    ,2,2,2,1),(-2.094395102393,0.,2.094395102393,4.188790204786,
6.28318530718,8.377580409573),.UNSPECIFIED.) CURVE() 
GEOMETRIC_REPRESENTATION_ITEM() RATIONAL_B_SPLINE_CURVE((1.,0.5,1.,0.5,
1.,0.5,1.)) REPRESENTATION_ITEM('') );
#3384 = CARTESIAN_POINT('',(14.1,4.9));
#3385 = CARTESIAN_POINT('',(14.1,-0.469357503464));
#3386 = CARTESIAN_POINT('',(9.45,2.215321248268));
#3387 = CARTESIAN_POINT('',(4.8,4.9));
#3388 = CARTESIAN_POINT('',(9.45,7.584678751732));
#3389 = CARTESIAN_POINT('',(14.1,10.269357503464));
#3390 = CARTESIAN_POINT('',(14.1,4.9));
#3391 = ( GEOMETRIC_REPRESENTATION_CONTEXT(2) 
PARAMETRIC_REPRESENTATION_CONTEXT() REPRESENTATION_CONTEXT('2D SPACE',''
  ) );
#3392 = PCURVE('',#3360,#3393);
#3393 = DEFINITIONAL_REPRESENTATION('',(#3394),#3398);
#3394 = LINE('',#3395,#3396);
#3395 = CARTESIAN_POINT('',(-6.28318530718,-27.3));
#3396 = VECTOR('',#3397,1.);
#3397 = DIRECTION('',(1.,-0.));
#3398 = ( GEOMETRIC_REPRESENTATION_CONTEXT(2) 
PARAMETRIC_REPRESENTATION_CONTEXT() REPRESENTATION_CONTEXT('2D SPACE',''
  ) );
#3399 = ORIENTED_EDGE('',*,*,#3400,.F.);
#3400 = EDGE_CURVE('',#3054,#3373,#3401,.T.);
#3401 = SURFACE_CURVE('',#3402,(#3406,#3413),.PCURVE_S1.);
#3402 = LINE('',#3403,#3404);
#3403 = CARTESIAN_POINT('',(13.556118778446,0.,32.3));
#3404 = VECTOR('',#3405,1.);
#3405 = DIRECTION('',(0.,1.,0.));
#3406 = PCURVE('',#972,#3407);
#3407 = DEFINITIONAL_REPRESENTATION('',(#3408),#3412);
#3408 = LINE('',#3409,#3410);
#3409 = CARTESIAN_POINT('',(12.056118778446,32.8));
#3410 = VECTOR('',#3411,1.);
#3411 = DIRECTION('',(0.,1.));
#3412 = ( GEOMETRIC_REPRESENTATION_CONTEXT(2) 
PARAMETRIC_REPRESENTATION_CONTEXT() REPRESENTATION_CONTEXT('2D SPACE',''
  ) );
#3413 = PCURVE('',#1130,#3414);
#3414 = DEFINITIONAL_REPRESENTATION('',(#3415),#3419);
#3415 = LINE('',#3416,#3417);
#3416 = CARTESIAN_POINT('',(1.228195927939,0.));
#3417 = VECTOR('',#3418,1.);
#3418 = DIRECTION('',(0.,1.));
#3419 = ( GEOMETRIC_REPRESENTATION_CONTEXT(2) 
PARAMETRIC_REPRESENTATION_CONTEXT() REPRESENTATION_CONTEXT('2D SPACE',''
  ) );
#3420 = ORIENTED_EDGE('',*,*,#3053,.T.);
#3421 = ORIENTED_EDGE('',*,*,#956,.F.);
#3422 = ADVANCED_FACE('',(#3423),#944,.F.);
#3423 = FACE_BOUND('',#3424,.F.);
#3424 = EDGE_LOOP('',(#3425,#3426,#3448,#3449,#3450));
#3425 = ORIENTED_EDGE('',*,*,#3102,.F.);
#3426 = ORIENTED_EDGE('',*,*,#3427,.T.);
#3427 = EDGE_CURVE('',#3103,#2728,#3428,.T.);
#3428 = SURFACE_CURVE('',#3429,(#3434,#3441),.PCURVE_S1.);
#3429 = CIRCLE('',#3430,12.8);
#3430 = AXIS2_PLACEMENT_3D('',#3431,#3432,#3433);
#3431 = CARTESIAN_POINT('',(1.5,32.8,28.));
#3432 = DIRECTION('',(0.,1.,0.));
#3433 = DIRECTION('',(0.,0.,1.));
#3434 = PCURVE('',#944,#3435);
#3435 = DEFINITIONAL_REPRESENTATION('',(#3436),#3440);
#3436 = CIRCLE('',#3437,12.8);
#3437 = AXIS2_PLACEMENT_2D('',#3438,#3439);
#3438 = CARTESIAN_POINT('',(-4.3,0.));
#3439 = DIRECTION('',(1.,0.));
#3440 = ( GEOMETRIC_REPRESENTATION_CONTEXT(2) 
PARAMETRIC_REPRESENTATION_CONTEXT() REPRESENTATION_CONTEXT('2D SPACE',''
  ) );
#3441 = PCURVE('',#1379,#3442);
#3442 = DEFINITIONAL_REPRESENTATION('',(#3443),#3447);
#3443 = LINE('',#3444,#3445);
#3444 = CARTESIAN_POINT('',(-0.,32.8));
#3445 = VECTOR('',#3446,1.);
#3446 = DIRECTION('',(1.,-0.));
#3447 = ( GEOMETRIC_REPRESENTATION_CONTEXT(2) 
PARAMETRIC_REPRESENTATION_CONTEXT() REPRESENTATION_CONTEXT('2D SPACE',''
  ) );
#3448 = ORIENTED_EDGE('',*,*,#2727,.F.);
#3449 = ORIENTED_EDGE('',*,*,#2649,.T.);
#3450 = ORIENTED_EDGE('',*,*,#928,.F.);
#3451 = ADVANCED_FACE('',(#3452),#1130,.F.);
#3452 = FACE_BOUND('',#3453,.F.);
#3453 = EDGE_LOOP('',(#3454,#3455,#3456,#3457,#3479,#3480,#3481,#3504,
    #3530,#3531));
#3454 = ORIENTED_EDGE('',*,*,#3400,.F.);
#3455 = ORIENTED_EDGE('',*,*,#3076,.T.);
#3456 = ORIENTED_EDGE('',*,*,#1114,.T.);
#3457 = ORIENTED_EDGE('',*,*,#3458,.T.);
#3458 = EDGE_CURVE('',#1087,#1193,#3459,.T.);
#3459 = SURFACE_CURVE('',#3460,(#3465,#3472),.PCURVE_S1.);
#3460 = CIRCLE('',#3461,12.8);
#3461 = AXIS2_PLACEMENT_3D('',#3462,#3463,#3464);
#3462 = CARTESIAN_POINT('',(1.5,-32.79,28.));
#3463 = DIRECTION('',(0.,1.,0.));
#3464 = DIRECTION('',(0.,-0.,1.));
#3465 = PCURVE('',#1130,#3466);
#3466 = DEFINITIONAL_REPRESENTATION('',(#3467),#3471);
#3467 = LINE('',#3468,#3469);
#3468 = CARTESIAN_POINT('',(0.,-32.79));
#3469 = VECTOR('',#3470,1.);
#3470 = DIRECTION('',(1.,0.));
#3471 = ( GEOMETRIC_REPRESENTATION_CONTEXT(2) 
PARAMETRIC_REPRESENTATION_CONTEXT() REPRESENTATION_CONTEXT('2D SPACE',''
  ) );
#3472 = PCURVE('',#1102,#3473);
#3473 = DEFINITIONAL_REPRESENTATION('',(#3474),#3478);
#3474 = CIRCLE('',#3475,12.8);
#3475 = AXIS2_PLACEMENT_2D('',#3476,#3477);
#3476 = CARTESIAN_POINT('',(10.5,9.));
#3477 = DIRECTION('',(1.,0.));
#3478 = ( GEOMETRIC_REPRESENTATION_CONTEXT(2) 
PARAMETRIC_REPRESENTATION_CONTEXT() REPRESENTATION_CONTEXT('2D SPACE',''
  ) );
#3479 = ORIENTED_EDGE('',*,*,#1215,.F.);
#3480 = ORIENTED_EDGE('',*,*,#2547,.T.);
#3481 = ORIENTED_EDGE('',*,*,#3482,.T.);
#3482 = EDGE_CURVE('',#2548,#3483,#3485,.T.);
#3483 = VERTEX_POINT('',#3484);
#3484 = CARTESIAN_POINT('',(1.5,-23.9,15.2));
#3485 = SURFACE_CURVE('',#3486,(#3490,#3497),.PCURVE_S1.);
#3486 = LINE('',#3487,#3488);
#3487 = CARTESIAN_POINT('',(1.5,-32.8,15.2));
#3488 = VECTOR('',#3489,1.);
#3489 = DIRECTION('',(0.,1.,0.));
#3490 = PCURVE('',#1130,#3491);
#3491 = DEFINITIONAL_REPRESENTATION('',(#3492),#3496);
#3492 = LINE('',#3493,#3494);
#3493 = CARTESIAN_POINT('',(3.14159265359,-32.8));
#3494 = VECTOR('',#3495,1.);
#3495 = DIRECTION('',(-0.,1.));
#3496 = ( GEOMETRIC_REPRESENTATION_CONTEXT(2) 
PARAMETRIC_REPRESENTATION_CONTEXT() REPRESENTATION_CONTEXT('2D SPACE',''
  ) );
#3497 = PCURVE('',#2587,#3498);
#3498 = DEFINITIONAL_REPRESENTATION('',(#3499),#3503);
#3499 = LINE('',#3500,#3501);
#3500 = CARTESIAN_POINT('',(0.,-32.8));
#3501 = VECTOR('',#3502,1.);
#3502 = DIRECTION('',(0.,1.));
#3503 = ( GEOMETRIC_REPRESENTATION_CONTEXT(2) 
PARAMETRIC_REPRESENTATION_CONTEXT() REPRESENTATION_CONTEXT('2D SPACE',''
  ) );
#3504 = ORIENTED_EDGE('',*,*,#3505,.F.);
#3505 = EDGE_CURVE('',#3289,#3483,#3506,.T.);
#3506 = SURFACE_CURVE('',#3507,(#3512,#3519),.PCURVE_S1.);
#3507 = CIRCLE('',#3508,12.8);
#3508 = AXIS2_PLACEMENT_3D('',#3509,#3510,#3511);
#3509 = CARTESIAN_POINT('',(1.5,-23.9,28.));
#3510 = DIRECTION('',(0.,1.,0.));
#3511 = DIRECTION('',(0.,-0.,1.));
#3512 = PCURVE('',#1130,#3513);
#3513 = DEFINITIONAL_REPRESENTATION('',(#3514),#3518);
#3514 = LINE('',#3515,#3516);
#3515 = CARTESIAN_POINT('',(0.,-23.9));
#3516 = VECTOR('',#3517,1.);
#3517 = DIRECTION('',(1.,0.));
#3518 = ( GEOMETRIC_REPRESENTATION_CONTEXT(2) 
PARAMETRIC_REPRESENTATION_CONTEXT() REPRESENTATION_CONTEXT('2D SPACE',''
  ) );
#3519 = PCURVE('',#3304,#3520);
#3520 = DEFINITIONAL_REPRESENTATION('',(#3521),#3529);
#3521 = ( BOUNDED_CURVE() B_SPLINE_CURVE(2,(#3522,#3523,#3524,#3525,
#3526,#3527,#3528),.UNSPECIFIED.,.T.,.F.) B_SPLINE_CURVE_WITH_KNOTS((1,2
    ,2,2,2,1),(-2.094395102393,0.,2.094395102393,4.188790204786,
6.28318530718,8.377580409573),.UNSPECIFIED.) CURVE() 
GEOMETRIC_REPRESENTATION_ITEM() RATIONAL_B_SPLINE_CURVE((1.,0.5,1.,0.5,
1.,0.5,1.)) REPRESENTATION_ITEM('') );
#3522 = CARTESIAN_POINT('',(-16.8,0.));
#3523 = CARTESIAN_POINT('',(-16.8,22.170250336882));
#3524 = CARTESIAN_POINT('',(2.4,11.085125168441));
#3525 = CARTESIAN_POINT('',(21.6,3.135095805817E-15));
#3526 = CARTESIAN_POINT('',(2.4,-11.08512516844));
#3527 = CARTESIAN_POINT('',(-16.8,-22.17025033688));
#3528 = CARTESIAN_POINT('',(-16.8,0.));
#3529 = ( GEOMETRIC_REPRESENTATION_CONTEXT(2) 
PARAMETRIC_REPRESENTATION_CONTEXT() REPRESENTATION_CONTEXT('2D SPACE',''
  ) );
#3530 = ORIENTED_EDGE('',*,*,#3316,.F.);
#3531 = ORIENTED_EDGE('',*,*,#3532,.F.);
#3532 = EDGE_CURVE('',#3373,#3317,#3533,.T.);
#3533 = SURFACE_CURVE('',#3534,(#3670,#3809),.PCURVE_S1.);
#3534 = B_SPLINE_CURVE_WITH_KNOTS('',8,(#3535,#3536,#3537,#3538,#3539,
    #3540,#3541,#3542,#3543,#3544,#3545,#3546,#3547,#3548,#3549,#3550,
    #3551,#3552,#3553,#3554,#3555,#3556,#3557,#3558,#3559,#3560,#3561,
    #3562,#3563,#3564,#3565,#3566,#3567,#3568,#3569,#3570,#3571,#3572,
    #3573,#3574,#3575,#3576,#3577,#3578,#3579,#3580,#3581,#3582,#3583,
    #3584,#3585,#3586,#3587,#3588,#3589,#3590,#3591,#3592,#3593,#3594,
    #3595,#3596,#3597,#3598,#3599,#3600,#3601,#3602,#3603,#3604,#3605,
    #3606,#3607,#3608,#3609,#3610,#3611,#3612,#3613,#3614,#3615,#3616,
    #3617,#3618,#3619,#3620,#3621,#3622,#3623,#3624,#3625,#3626,#3627,
    #3628,#3629,#3630,#3631,#3632,#3633,#3634,#3635,#3636,#3637,#3638,
    #3639,#3640,#3641,#3642,#3643,#3644,#3645,#3646,#3647,#3648,#3649,
    #3650,#3651,#3652,#3653,#3654,#3655,#3656,#3657,#3658,#3659,#3660,
    #3661,#3662,#3663,#3664,#3665,#3666,#3667,#3668,#3669),
  .UNSPECIFIED.,.F.,.F.,(9,7,7,7,7,7,7,7,7,7,7,7,7,7,7,7,7,7,7,9),(0.,
    2.334874765005E-02,0.127403245053,0.231457742457,0.360960198687,
    0.394749706706,0.422302487508,0.448774305322,0.472536997152,
    0.499671787825,0.526662643078,0.550024602729,0.575285885786,
    0.601415215601,0.629643780039,0.736603529661,0.767848852278,
    0.872153329281,0.976457806283,1.),.UNSPECIFIED.);
#3535 = CARTESIAN_POINT('',(13.556118778446,-30.8145519597,32.3));
#3536 = CARTESIAN_POINT('',(13.59027980871,-30.80217334849,
    32.204221060824));
#3537 = CARTESIAN_POINT('',(13.623516766285,-30.78961197398,
    32.108284672717));
#3538 = CARTESIAN_POINT('',(13.655834407128,-30.77690618255,
    32.012192814692));
#3539 = CARTESIAN_POINT('',(13.687237164249,-30.76409358756,
    31.915947293526));
#3540 = CARTESIAN_POINT('',(13.717729147711,-30.75121106935,
    31.819549743762));
#3541 = CARTESIAN_POINT('',(13.747314144628,-30.73829477528,
    31.72300162771));
#3542 = CARTESIAN_POINT('',(13.775995619168,-30.72538011965,
    31.626304235444));
#3543 = CARTESIAN_POINT('',(13.927584111233,-30.65510903681,
    31.097863155629));
#3544 = CARTESIAN_POINT('',(14.03405012011,-30.59818789862,
    30.661440168915));
#3545 = CARTESIAN_POINT('',(14.122703563195,-30.5450497621,
    30.221903210575));
#3546 = CARTESIAN_POINT('',(14.193485879849,-30.49877644738,
    29.780464347138));
#3547 = CARTESIAN_POINT('',(14.246560282934,-30.46199813006,
    29.337727577061));
#3548 = CARTESIAN_POINT('',(14.282080593144,-30.43666575869,
    28.893710145769));
#3549 = CARTESIAN_POINT('',(14.3,-30.42388589282,28.447992805371));
#3550 = CARTESIAN_POINT('',(14.3,-30.42388589282,27.552007194624));
#3551 = CARTESIAN_POINT('',(14.282080593145,-30.43666575869,
    27.106289854235));
#3552 = CARTESIAN_POINT('',(14.246560282934,-30.46199813006,
    26.662272422937));
#3553 = CARTESIAN_POINT('',(14.193485879849,-30.49877644738,
    26.219535652862));
#3554 = CARTESIAN_POINT('',(14.122703563195,-30.5450497621,
    25.778096789427));
#3555 = CARTESIAN_POINT('',(14.034050120109,-30.59818789862,
    25.338559831081));
#3556 = CARTESIAN_POINT('',(13.927584111233,-30.65510903681,
    24.902136844373));
#3557 = CARTESIAN_POINT('',(13.649690511287,-30.78393071659,
    23.933393161863));
#3558 = CARTESIAN_POINT('',(13.468973101809,-30.85598367835,
    23.404522049099));
#3559 = CARTESIAN_POINT('',(13.26047274781,-30.92329703494,
    22.879532216842));
#3560 = CARTESIAN_POINT('',(13.022332269861,-30.97988186754,
    22.357365470105));
#3561 = CARTESIAN_POINT('',(12.753082056745,-31.01813207752,
    21.839473076633));
#3562 = CARTESIAN_POINT('',(12.452323951713,-31.02835475541,
    21.329348620553));
#3563 = CARTESIAN_POINT('',(12.121597672533,-30.99834677356,
    20.832457999423));
#3564 = CARTESIAN_POINT('',(11.674878775661,-30.88968649619,
    20.23238742609));
#3565 = CARTESIAN_POINT('',(11.580726568604,-30.86335102964,
    20.109497395936));
#3566 = CARTESIAN_POINT('',(11.485061777498,-30.83288839211,
    19.988157866073));
#3567 = CARTESIAN_POINT('',(11.388107426269,-30.79802076364,
    19.868628267857));
#3568 = CARTESIAN_POINT('',(11.290111457664,-30.75846968444,
    19.751160069886));
#3569 = CARTESIAN_POINT('',(11.191350072601,-30.71395679071,
    19.635999141187));
#3570 = CARTESIAN_POINT('',(11.092131069522,-30.6642045506,
    19.523388114405));
#3571 = CARTESIAN_POINT('',(10.911797934513,-30.56387050484,
    19.324019386455));
#3572 = CARTESIAN_POINT('',(10.83072313572,-30.51513737117,
    19.236326943265));
#3573 = CARTESIAN_POINT('',(10.749854404654,-30.46264072461,
    19.150728642616));
#3574 = CARTESIAN_POINT('',(10.669482533562,-30.40630550964,
    19.067440390491));
#3575 = CARTESIAN_POINT('',(10.589905061478,-30.34607894448,
    18.986657854881));
#3576 = CARTESIAN_POINT('',(10.511423846052,-30.2819309759,
    18.908557545015));
#3577 = CARTESIAN_POINT('',(10.43434263539,-30.21385473398,
    18.833297890587));
#3578 = CARTESIAN_POINT('',(10.286543907528,-30.07270349513,
    18.691578377238));
#3579 = CARTESIAN_POINT('',(10.215731652743,-29.99996387141,
    18.624924005435));
#3580 = CARTESIAN_POINT('',(10.14683797961,-29.92371084127,
    18.561220400507));
#3581 = CARTESIAN_POINT('',(10.080166226524,-29.8440387846,
    18.500606941492));
#3582 = CARTESIAN_POINT('',(10.016009058659,-29.76107391747,
    18.443200993458));
#3583 = CARTESIAN_POINT('',(9.954644560432,-29.67497447389,
    18.389099709441));
#3584 = CARTESIAN_POINT('',(9.89633232796,-29.5859308876,18.338381832376
    ));
#3585 = CARTESIAN_POINT('',(9.791917825318,-29.41179228199,
    18.248675012736));
#3586 = CARTESIAN_POINT('',(9.745186213112,-29.32724149405,
    18.209025145251));
#3587 = CARTESIAN_POINT('',(9.701268968655,-29.24065108327,
    18.172189390971));
#3588 = CARTESIAN_POINT('',(9.660308343627,-29.15217215839,
    18.13819000074));
#3589 = CARTESIAN_POINT('',(9.622433141419,-29.06196935127,
    18.107042708292));
#3590 = CARTESIAN_POINT('',(9.587757260917,-28.97022070436,
    18.078757458703));
#3591 = CARTESIAN_POINT('',(9.556378240281,-28.8771175583,
    18.053339136847));
#3592 = CARTESIAN_POINT('',(9.496399611293,-28.67523611718,
    18.005037326452));
#3593 = CARTESIAN_POINT('',(9.468822635749,-28.56609664741,
    17.98302248039));
#3594 = CARTESIAN_POINT('',(9.445745729102,-28.45568489383,17.9647295307
    ));
#3595 = CARTESIAN_POINT('',(9.427250717762,-28.34425006724,
    17.95014650119));
#3596 = CARTESIAN_POINT('',(9.413399447263,-28.23204937804,
    17.939263779238));
#3597 = CARTESIAN_POINT('',(9.404232829986,-28.11934568866,
    17.932074228586));
#3598 = CARTESIAN_POINT('',(9.399769892872,-28.00640516615,
    17.928573302141));
#3599 = CARTESIAN_POINT('',(9.400242500628,-27.78118363087,
    17.928944021554));
#3600 = CARTESIAN_POINT('',(9.405128399852,-27.66886371624,
    17.932776720837));
#3601 = CARTESIAN_POINT('',(9.414666897844,-27.55679856482,
    17.940259401211));
#3602 = CARTESIAN_POINT('',(9.428837913382,-27.4452504432,
    17.951396775331));
#3603 = CARTESIAN_POINT('',(9.447599863844,-27.33447821922,
    17.966196008356));
#3604 = CARTESIAN_POINT('',(9.470890620043,-27.22473507076,
    17.984666606393));
#3605 = CARTESIAN_POINT('',(9.498628461061,-27.11626619454,
    18.006820304946));
#3606 = CARTESIAN_POINT('',(9.558483856528,-26.91672746559,
    18.055046013376));
#3607 = CARTESIAN_POINT('',(9.589513560887,-26.82527160399,
    18.080192655253));
#3608 = CARTESIAN_POINT('',(9.623725526059,-26.73513279472,
    18.108110147059));
#3609 = CARTESIAN_POINT('',(9.661026532172,-26.64649255575,
    18.138793672687));
#3610 = CARTESIAN_POINT('',(9.701308094535,-26.55951995712,
    18.172233664981));
#3611 = CARTESIAN_POINT('',(9.744447802578,-26.47437151972,
    18.208415134893));
#3612 = CARTESIAN_POINT('',(9.790310658791,-26.39119111405,
    18.247317000618));
#3613 = CARTESIAN_POINT('',(9.891128320836,-26.22243671141,
    18.333887451941));
#3614 = CARTESIAN_POINT('',(9.946509449504,-26.13723406025,
    18.382003235026));
#3615 = CARTESIAN_POINT('',(10.004688179385,-26.05469663749,
    18.433205135764));
#3616 = CARTESIAN_POINT('',(10.065440190345,-25.97499224627,
    18.487425744213));
#3617 = CARTESIAN_POINT('',(10.128525585933,-25.89826191058,
    18.544582463629));
#3618 = CARTESIAN_POINT('',(10.193692012904,-25.82462002493,
    18.604576103377));
#3619 = CARTESIAN_POINT('',(10.260677780739,-25.75415450403,
    18.667289471837));
#3620 = CARTESIAN_POINT('',(10.400107307214,-25.61738923781,
    18.800126232975));
#3621 = CARTESIAN_POINT('',(10.472627829469,-25.55134678704,
    18.870399929139));
#3622 = CARTESIAN_POINT('',(10.546514033842,-25.48882678246,
    18.943286765266));
#3623 = CARTESIAN_POINT('',(10.621501663653,-25.42983581855,
    19.018651910579));
#3624 = CARTESIAN_POINT('',(10.697326795645,-25.37436023996,
    19.096345087719));
#3625 = CARTESIAN_POINT('',(10.773727915995,-25.32236649941,
    19.1761996644));
#3626 = CARTESIAN_POINT('',(10.850447996322,-25.27380151564,
    19.258031745078));
#3627 = CARTESIAN_POINT('',(11.010194349593,-25.17975248998,
    19.431963821727));
#3628 = CARTESIAN_POINT('',(11.093236569703,-25.13482678507,
    19.524365538119));
#3629 = CARTESIAN_POINT('',(11.176144903278,-25.09366913534,
    19.618696776566));
#3630 = CARTESIAN_POINT('',(11.258715084725,-25.05612947383,
    19.71480444679));
#3631 = CARTESIAN_POINT('',(11.340756747207,-25.0220545063,
    19.812529955166));
#3632 = CARTESIAN_POINT('',(11.422093260258,-24.99128776969,
    19.911709156455));
#3633 = CARTESIAN_POINT('',(11.502561567391,-24.9636696906,
    20.01217230553));
#3634 = CARTESIAN_POINT('',(11.883054640772,-24.84570531807,
    20.49860537912));
#3635 = CARTESIAN_POINT('',(12.16963037641,-24.79519944095,
    20.899570212857));
#3636 = CARTESIAN_POINT('',(12.437074031345,-24.7776877513,
    21.311609047149));
#3637 = CARTESIAN_POINT('',(12.683596301944,-24.78523442161,
    21.730989744885));
#3638 = CARTESIAN_POINT('',(12.908815294305,-24.81134834524,
    22.155093484639));
#3639 = CARTESIAN_POINT('',(13.113211948446,-24.85078166661,
    22.582457293554));
#3640 = CARTESIAN_POINT('',(13.297762692627,-24.89933863845,
    23.01302063806));
#3641 = CARTESIAN_POINT('',(13.511873418588,-24.96935060739,
    23.575813174054));
#3642 = CARTESIAN_POINT('',(13.558619716934,-24.98564215366,
    23.703339747235));
#3643 = CARTESIAN_POINT('',(13.603717731752,-25.00230169373,
    23.831149096166));
#3644 = CARTESIAN_POINT('',(13.647178425155,-25.01923718464,
    23.95923476621));
#3645 = CARTESIAN_POINT('',(13.689012183064,-25.0363595134,
    24.087591885434));
#3646 = CARTESIAN_POINT('',(13.729228723861,-25.05358218281,
    24.216217214825));
#3647 = CARTESIAN_POINT('',(13.767837007018,-25.07082099734,
    24.345109198502));
#3648 = CARTESIAN_POINT('',(13.928387285479,-25.14532056532,
    24.90543151504));
#3649 = CARTESIAN_POINT('',(14.034622690714,-25.2021554311,
    25.341401162444));
#3650 = CARTESIAN_POINT('',(14.123084651375,-25.25519934433,
    25.780474419191));
#3651 = CARTESIAN_POINT('',(14.193714746522,-25.30138212686,
    26.221444561364));
#3652 = CARTESIAN_POINT('',(14.246675080048,-25.33808379063,
    26.663708924339));
#3653 = CARTESIAN_POINT('',(14.282118946616,-25.36336157609,
    27.107249801024));
#3654 = CARTESIAN_POINT('',(14.3,-25.37611410717,27.552486866065));
#3655 = CARTESIAN_POINT('',(14.3,-25.37611410717,28.447513133935));
#3656 = CARTESIAN_POINT('',(14.282118946616,-25.36336157609,
    28.892750198974));
#3657 = CARTESIAN_POINT('',(14.246675080048,-25.33808379063,
    29.336291075663));
#3658 = CARTESIAN_POINT('',(14.193714746522,-25.30138212686,
    29.778555438636));
#3659 = CARTESIAN_POINT('',(14.123084651375,-25.25519934433,
    30.219525580808));
#3660 = CARTESIAN_POINT('',(14.034622690714,-25.2021554311,
    30.658598837558));
#3661 = CARTESIAN_POINT('',(13.92838728548,-25.14532056532,
    31.094568484958));
#3662 = CARTESIAN_POINT('',(13.776960882476,-25.07505471644,
    31.623048371318));
#3663 = CARTESIAN_POINT('',(13.748167650486,-25.06207800092,
    31.720215204345));
#3664 = CARTESIAN_POINT('',(13.718462267081,-25.04909877043,
    31.817231354207));
#3665 = CARTESIAN_POINT('',(13.687841224337,-25.03615293965,
    31.914095514628));
#3666 = CARTESIAN_POINT('',(13.656300685098,-25.02327716994,
    32.010806204009));
#3667 = CARTESIAN_POINT('',(13.623836482983,-25.01050886928,
    32.107361765422));
#3668 = CARTESIAN_POINT('',(13.590444122379,-24.9978861923,
    32.203760366613));
#3669 = CARTESIAN_POINT('',(13.556118778446,-24.98544804029,32.3));
#3670 = PCURVE('',#1130,#3671);
#3671 = DEFINITIONAL_REPRESENTATION('',(#3672),#3808);
#3672 = B_SPLINE_CURVE_WITH_KNOTS('',8,(#3673,#3674,#3675,#3676,#3677,
    #3678,#3679,#3680,#3681,#3682,#3683,#3684,#3685,#3686,#3687,#3688,
    #3689,#3690,#3691,#3692,#3693,#3694,#3695,#3696,#3697,#3698,#3699,
    #3700,#3701,#3702,#3703,#3704,#3705,#3706,#3707,#3708,#3709,#3710,
    #3711,#3712,#3713,#3714,#3715,#3716,#3717,#3718,#3719,#3720,#3721,
    #3722,#3723,#3724,#3725,#3726,#3727,#3728,#3729,#3730,#3731,#3732,
    #3733,#3734,#3735,#3736,#3737,#3738,#3739,#3740,#3741,#3742,#3743,
    #3744,#3745,#3746,#3747,#3748,#3749,#3750,#3751,#3752,#3753,#3754,
    #3755,#3756,#3757,#3758,#3759,#3760,#3761,#3762,#3763,#3764,#3765,
    #3766,#3767,#3768,#3769,#3770,#3771,#3772,#3773,#3774,#3775,#3776,
    #3777,#3778,#3779,#3780,#3781,#3782,#3783,#3784,#3785,#3786,#3787,
    #3788,#3789,#3790,#3791,#3792,#3793,#3794,#3795,#3796,#3797,#3798,
    #3799,#3800,#3801,#3802,#3803,#3804,#3805,#3806,#3807),
  .UNSPECIFIED.,.F.,.F.,(9,7,7,7,7,7,7,7,7,7,7,7,7,7,7,7,7,7,7,9),(0.,
    2.334874765005E-02,0.127403245053,0.231457742457,0.360960198687,
    0.394749706706,0.422302487508,0.448774305322,0.472536997152,
    0.499671787825,0.526662643078,0.550024602729,0.575285885786,
    0.601415215601,0.629643780039,0.736603529661,0.767848852278,
    0.872153329281,0.976457806283,1.),.UNSPECIFIED.);
#3673 = CARTESIAN_POINT('',(1.228195927939,-30.8145519597));
#3674 = CARTESIAN_POINT('',(1.236140353582,-30.80217334849));
#3675 = CARTESIAN_POINT('',(1.244072114025,-30.78961197398));
#3676 = CARTESIAN_POINT('',(1.251991949773,-30.77690618255));
#3677 = CARTESIAN_POINT('',(1.259900598053,-30.76409358756));
#3678 = CARTESIAN_POINT('',(1.267798792815,-30.75121106935));
#3679 = CARTESIAN_POINT('',(1.275687264734,-30.73829477528));
#3680 = CARTESIAN_POINT('',(1.283566741208,-30.72538011965));
#3681 = CARTESIAN_POINT('',(1.326516242988,-30.65510903681));
#3682 = CARTESIAN_POINT('',(1.361583499773,-30.59818789862));
#3683 = CARTESIAN_POINT('',(1.396566623243,-30.5450497621));
#3684 = CARTESIAN_POINT('',(1.431439047817,-30.49877644738));
#3685 = CARTESIAN_POINT('',(1.466221002731,-30.46199813006));
#3686 = CARTESIAN_POINT('',(1.500975231979,-30.43666575869));
#3687 = CARTESIAN_POINT('',(1.535796888875,-30.42388589282));
#3688 = CARTESIAN_POINT('',(1.605795764715,-30.42388589282));
#3689 = CARTESIAN_POINT('',(1.64061742161,-30.43666575869));
#3690 = CARTESIAN_POINT('',(1.675371650859,-30.46199813006));
#3691 = CARTESIAN_POINT('',(1.710153605772,-30.49877644738));
#3692 = CARTESIAN_POINT('',(1.745026030347,-30.5450497621));
#3693 = CARTESIAN_POINT('',(1.780009153817,-30.59818789862));
#3694 = CARTESIAN_POINT('',(1.815076410602,-30.65510903681));
#3695 = CARTESIAN_POINT('',(1.893811883875,-30.78393071659));
#3696 = CARTESIAN_POINT('',(1.937421173351,-30.85598367835));
#3697 = CARTESIAN_POINT('',(1.981464321769,-30.92329703494));
#3698 = CARTESIAN_POINT('',(2.02618629328,-30.97988186754));
#3699 = CARTESIAN_POINT('',(2.071663102477,-31.01813207752));
#3700 = CARTESIAN_POINT('',(2.117813610403,-31.02835475541));
#3701 = CARTESIAN_POINT('',(2.164381117566,-30.99834677356));
#3702 = CARTESIAN_POINT('',(2.222825848162,-30.88968649619));
#3703 = CARTESIAN_POINT('',(2.234919341751,-30.86335102964));
#3704 = CARTESIAN_POINT('',(2.246988928311,-30.83288839211));
#3705 = CARTESIAN_POINT('',(2.25901064323,-30.79802076364));
#3706 = CARTESIAN_POINT('',(2.270959745192,-30.75846968444));
#3707 = CARTESIAN_POINT('',(2.282810293263,-30.71395679071));
#3708 = CARTESIAN_POINT('',(2.294534723986,-30.6642045506));
#3709 = CARTESIAN_POINT('',(2.315536829487,-30.56387050484));
#3710 = CARTESIAN_POINT('',(2.324866595577,-30.51513737117));
#3711 = CARTESIAN_POINT('',(2.334065519309,-30.46264072461));
#3712 = CARTESIAN_POINT('',(2.343107000813,-30.40630550964));
#3713 = CARTESIAN_POINT('',(2.351965071425,-30.34607894448));
#3714 = CARTESIAN_POINT('',(2.360614417329,-30.2819309759));
#3715 = CARTESIAN_POINT('',(2.369030403198,-30.21385473398));
#3716 = CARTESIAN_POINT('',(2.385027703008,-30.07270349513));
#3717 = CARTESIAN_POINT('',(2.392624875828,-29.99996387141));
#3718 = CARTESIAN_POINT('',(2.399955055159,-29.92371084127));
#3719 = CARTESIAN_POINT('',(2.406994129077,-29.8440387846));
#3720 = CARTESIAN_POINT('',(2.413719569401,-29.76107391747));
#3721 = CARTESIAN_POINT('',(2.420110568225,-29.67497447389));
#3722 = CARTESIAN_POINT('',(2.426148174443,-29.5859308876));
#3723 = CARTESIAN_POINT('',(2.436902699135,-29.41179228199));
#3724 = CARTESIAN_POINT('',(2.441690564502,-29.32724149405));
#3725 = CARTESIAN_POINT('',(2.446168586484,-29.24065108327));
#3726 = CARTESIAN_POINT('',(2.45032730248,-29.15217215839));
#3727 = CARTESIAN_POINT('',(2.454158298045,-29.06196935127));
#3728 = CARTESIAN_POINT('',(2.457654277752,-28.97022070436));
#3729 = CARTESIAN_POINT('',(2.460809136045,-28.8771175583));
#3730 = CARTESIAN_POINT('',(2.466825522372,-28.67523611718));
#3731 = CARTESIAN_POINT('',(2.469582264309,-28.56609664741));
#3732 = CARTESIAN_POINT('',(2.471882856265,-28.45568489383));
#3733 = CARTESIAN_POINT('',(2.473722903069,-28.34425006724));
#3734 = CARTESIAN_POINT('',(2.475099083753,-28.23204937804));
#3735 = CARTESIAN_POINT('',(2.476009223271,-28.11934568866));
#3736 = CARTESIAN_POINT('',(2.476452364227,-28.00640516615));
#3737 = CARTESIAN_POINT('',(2.47640543776,-27.78118363087));
#3738 = CARTESIAN_POINT('',(2.47592029987,-27.66886371624));
#3739 = CARTESIAN_POINT('',(2.4749731669,-27.55679856482));
#3740 = CARTESIAN_POINT('',(2.473565052819,-27.4452504432));
#3741 = CARTESIAN_POINT('',(2.47169817175,-27.33447821922));
#3742 = CARTESIAN_POINT('',(2.469375866119,-27.22473507076));
#3743 = CARTESIAN_POINT('',(2.466602534808,-27.11626619454));
#3744 = CARTESIAN_POINT('',(2.460597375832,-26.91672746559));
#3745 = CARTESIAN_POINT('',(2.457477083001,-26.82527160399));
#3746 = CARTESIAN_POINT('',(2.454027347556,-26.73513279472));
#3747 = CARTESIAN_POINT('',(2.45025401046,-26.64649255575));
#3748 = CARTESIAN_POINT('',(2.446164023819,-26.55951995712));
#3749 = CARTESIAN_POINT('',(2.4417653858,-26.47437151972));
#3750 = CARTESIAN_POINT('',(2.437067075552,-26.39119111405));
#3751 = CARTESIAN_POINT('',(2.426685370022,-26.22243671141));
#3752 = CARTESIAN_POINT('',(2.420953942069,-26.13723406025));
#3753 = CARTESIAN_POINT('',(2.414899394103,-26.05469663749));
#3754 = CARTESIAN_POINT('',(2.408538079462,-25.97499224627));
#3755 = CARTESIAN_POINT('',(2.401887902803,-25.89826191058));
#3756 = CARTESIAN_POINT('',(2.394968207917,-25.82462002493));
#3757 = CARTESIAN_POINT('',(2.387799665555,-25.75415450403));
#3758 = CARTESIAN_POINT('',(2.37275452718,-25.61738923781));
#3759 = CARTESIAN_POINT('',(2.364865489771,-25.55134678704));
#3760 = CARTESIAN_POINT('',(2.356757710401,-25.48882678246));
#3761 = CARTESIAN_POINT('',(2.348452530981,-25.42983581855));
#3762 = CARTESIAN_POINT('',(2.339971946241,-25.37436023996));
#3763 = CARTESIAN_POINT('',(2.331338576037,-25.32236649941));
#3764 = CARTESIAN_POINT('',(2.322575637646,-25.27380151564));
#3765 = CARTESIAN_POINT('',(2.304125684113,-25.17975248998));
#3766 = CARTESIAN_POINT('',(2.294420469236,-25.13482678507));
#3767 = CARTESIAN_POINT('',(2.284609967286,-25.09366913534));
#3768 = CARTESIAN_POINT('',(2.27471229403,-25.05612947383));
#3769 = CARTESIAN_POINT('',(2.264745050457,-25.0220545063));
#3770 = CARTESIAN_POINT('',(2.254725386068,-24.99128776969));
#3771 = CARTESIAN_POINT('',(2.244670062181,-24.9636696906));
#3772 = CARTESIAN_POINT('',(2.196422443308,-24.84570531807));
#3773 = CARTESIAN_POINT('',(2.157954780088,-24.79519944095));
#3774 = CARTESIAN_POINT('',(2.119641812555,-24.7776877513));
#3775 = CARTESIAN_POINT('',(2.081709050394,-24.78523442161));
#3776 = CARTESIAN_POINT('',(2.04426152946,-24.81134834524));
#3777 = CARTESIAN_POINT('',(2.007304149343,-24.85078166661));
#3778 = CARTESIAN_POINT('',(1.970737994189,-24.89933863845));
#3779 = CARTESIAN_POINT('',(1.923695400461,-24.96935060739));
#3780 = CARTESIAN_POINT('',(1.913084913725,-24.98564215366));
#3781 = CARTESIAN_POINT('',(1.902497734371,-25.00230169373));
#3782 = CARTESIAN_POINT('',(1.891932232402,-25.01923718464));
#3783 = CARTESIAN_POINT('',(1.881386708775,-25.0363595134));
#3784 = CARTESIAN_POINT('',(1.870859388162,-25.05358218281));
#3785 = CARTESIAN_POINT('',(1.8603484117,-25.07082099734));
#3786 = CARTESIAN_POINT('',(1.81481168937,-25.14532056532));
#3787 = CARTESIAN_POINT('',(1.779783017674,-25.2021554311));
#3788 = CARTESIAN_POINT('',(1.744838205005,-25.25519934433));
#3789 = CARTESIAN_POINT('',(1.710003639,-25.30138212686));
#3790 = CARTESIAN_POINT('',(1.675259214173,-25.33808379063));
#3791 = CARTESIAN_POINT('',(1.640542426094,-25.36336157609));
#3792 = CARTESIAN_POINT('',(1.605758290384,-25.37611410717));
#3793 = CARTESIAN_POINT('',(1.535834363206,-25.37611410717));
#3794 = CARTESIAN_POINT('',(1.501050227496,-25.36336157609));
#3795 = CARTESIAN_POINT('',(1.466333439417,-25.33808379063));
#3796 = CARTESIAN_POINT('',(1.43158901459,-25.30138212686));
#3797 = CARTESIAN_POINT('',(1.396754448584,-25.25519934433));
#3798 = CARTESIAN_POINT('',(1.361809635916,-25.2021554311));
#3799 = CARTESIAN_POINT('',(1.32678096422,-25.14532056532));
#3800 = CARTESIAN_POINT('',(1.283832037982,-25.07505471644));
#3801 = CARTESIAN_POINT('',(1.275914922011,-25.06207800092));
#3802 = CARTESIAN_POINT('',(1.267988741433,-25.04909877043));
#3803 = CARTESIAN_POINT('',(1.260052758407,-25.03615293965));
#3804 = CARTESIAN_POINT('',(1.252106231748,-25.02327716994));
#3805 = CARTESIAN_POINT('',(1.244148416925,-25.01050886928));
#3806 = CARTESIAN_POINT('',(1.236178566063,-24.9978861923));
#3807 = CARTESIAN_POINT('',(1.228195927939,-24.98544804029));
#3808 = ( GEOMETRIC_REPRESENTATION_CONTEXT(2) 
PARAMETRIC_REPRESENTATION_CONTEXT() REPRESENTATION_CONTEXT('2D SPACE',''
  ) );
#3809 = PCURVE('',#3360,#3810);
#3810 = DEFINITIONAL_REPRESENTATION('',(#3811),#3947);
#3811 = B_SPLINE_CURVE_WITH_KNOTS('',8,(#3812,#3813,#3814,#3815,#3816,
    #3817,#3818,#3819,#3820,#3821,#3822,#3823,#3824,#3825,#3826,#3827,
    #3828,#3829,#3830,#3831,#3832,#3833,#3834,#3835,#3836,#3837,#3838,
    #3839,#3840,#3841,#3842,#3843,#3844,#3845,#3846,#3847,#3848,#3849,
    #3850,#3851,#3852,#3853,#3854,#3855,#3856,#3857,#3858,#3859,#3860,
    #3861,#3862,#3863,#3864,#3865,#3866,#3867,#3868,#3869,#3870,#3871,
    #3872,#3873,#3874,#3875,#3876,#3877,#3878,#3879,#3880,#3881,#3882,
    #3883,#3884,#3885,#3886,#3887,#3888,#3889,#3890,#3891,#3892,#3893,
    #3894,#3895,#3896,#3897,#3898,#3899,#3900,#3901,#3902,#3903,#3904,
    #3905,#3906,#3907,#3908,#3909,#3910,#3911,#3912,#3913,#3914,#3915,
    #3916,#3917,#3918,#3919,#3920,#3921,#3922,#3923,#3924,#3925,#3926,
    #3927,#3928,#3929,#3930,#3931,#3932,#3933,#3934,#3935,#3936,#3937,
    #3938,#3939,#3940,#3941,#3942,#3943,#3944,#3945,#3946),
  .UNSPECIFIED.,.F.,.F.,(9,7,7,7,7,7,7,7,7,7,7,7,7,7,7,7,7,7,7,9),(0.,
    2.334874765005E-02,0.127403245053,0.231457742457,0.360960198687,
    0.394749706706,0.422302487508,0.448774305322,0.472536997152,
    0.499671787825,0.526662643078,0.550024602729,0.575285885786,
    0.601415215601,0.629643780039,0.736603529661,0.767848852278,
    0.872153329281,0.976457806283,1.),.UNSPECIFIED.);
#3812 = CARTESIAN_POINT('',(-5.060032747656,-27.3));
#3813 = CARTESIAN_POINT('',(-5.071753599004,-27.20422106082));
#3814 = CARTESIAN_POINT('',(-5.083214315901,-27.10828467271));
#3815 = CARTESIAN_POINT('',(-5.094414507102,-27.01219281469));
#3816 = CARTESIAN_POINT('',(-5.105353381983,-26.91594729352));
#3817 = CARTESIAN_POINT('',(-5.116029750544,-26.81954974376));
#3818 = CARTESIAN_POINT('',(-5.126442023407,-26.72300162771));
#3819 = CARTESIAN_POINT('',(-5.136588211817,-26.62630423544));
#3820 = CARTESIAN_POINT('',(-5.190486308145,-26.09786315562));
#3821 = CARTESIAN_POINT('',(-5.229367533915,-25.66144016891));
#3822 = CARTESIAN_POINT('',(-5.262652228695,-25.22190321057));
#3823 = CARTESIAN_POINT('',(-5.289908376115,-24.78046434713));
#3824 = CARTESIAN_POINT('',(-5.310736380281,-24.33772757706));
#3825 = CARTESIAN_POINT('',(-5.324809946283,-23.89371014576));
#3826 = CARTESIAN_POINT('',(-5.331909876198,-23.44799280537));
#3827 = CARTESIAN_POINT('',(-5.331909876198,-22.55200719462));
#3828 = CARTESIAN_POINT('',(-5.324809946283,-22.10628985423));
#3829 = CARTESIAN_POINT('',(-5.31073638028,-21.66227242293));
#3830 = CARTESIAN_POINT('',(-5.289908376115,-21.21953565286));
#3831 = CARTESIAN_POINT('',(-5.262652228696,-20.77809678942));
#3832 = CARTESIAN_POINT('',(-5.229367533914,-20.33855983108));
#3833 = CARTESIAN_POINT('',(-5.190486308145,-19.90213684437));
#3834 = CARTESIAN_POINT('',(-5.091679757497,-18.93339316186));
#3835 = CARTESIAN_POINT('',(-5.029014581879,-18.40452204909));
#3836 = CARTESIAN_POINT('',(-4.958613332244,-17.87953221684));
#3837 = CARTESIAN_POINT('',(-4.880180146579,-17.35736547009));
#3838 = CARTESIAN_POINT('',(-4.793316148135,-16.83947307664));
#3839 = CARTESIAN_POINT('',(-4.697350097058,-16.32934862055));
#3840 = CARTESIAN_POINT('',(-4.591398325656,-15.83245799942));
#3841 = CARTESIAN_POINT('',(-4.443093710186,-15.23238742609));
#3842 = CARTESIAN_POINT('',(-4.411574740282,-15.10949739593));
#3843 = CARTESIAN_POINT('',(-4.379222783719,-14.98815786607));
#3844 = CARTESIAN_POINT('',(-4.346032685405,-14.86862826785));
#3845 = CARTESIAN_POINT('',(-4.311995904885,-14.75116006988));
#3846 = CARTESIAN_POINT('',(-4.27710004765,-14.63599914118));
#3847 = CARTESIAN_POINT('',(-4.241328396455,-14.5233881144));
#3848 = CARTESIAN_POINT('',(-4.174758692176,-14.32401938645));
#3849 = CARTESIAN_POINT('',(-4.144261557205,-14.23632694326));
#3850 = CARTESIAN_POINT('',(-4.113191571127,-14.15072864261));
#3851 = CARTESIAN_POINT('',(-4.081571302604,-14.06744039049));
#3852 = CARTESIAN_POINT('',(-4.049422130967,-13.98665785488));
#3853 = CARTESIAN_POINT('',(-4.016764021637,-13.90855754501));
#3854 = CARTESIAN_POINT('',(-3.983615301546,-13.83329789058));
#3855 = CARTESIAN_POINT('',(-3.917688674887,-13.69157837723));
#3856 = CARTESIAN_POINT('',(-3.884963347405,-13.62492400543));
#3857 = CARTESIAN_POINT('',(-3.851851609258,-13.5612204005));
#3858 = CARTESIAN_POINT('',(-3.818388100502,-13.50060694149));
#3859 = CARTESIAN_POINT('',(-3.784607499881,-13.44320099345));
#3860 = CARTESIAN_POINT('',(-3.750545080606,-13.38909970944));
#3861 = CARTESIAN_POINT('',(-3.716237266132,-13.33838183237));
#3862 = CARTESIAN_POINT('',(-3.650739379242,-13.24867501273));
#3863 = CARTESIAN_POINT('',(-3.619595512887,-13.20902514525));
#3864 = CARTESIAN_POINT('',(-3.5883089626,-13.17218939097));
#3865 = CARTESIAN_POINT('',(-3.556897782658,-13.13819000074));
#3866 = CARTESIAN_POINT('',(-3.525380216554,-13.10704270829));
#3867 = CARTESIAN_POINT('',(-3.493775207665,-13.0787574587));
#3868 = CARTESIAN_POINT('',(-3.462102909917,-13.05333913684));
#3869 = CARTESIAN_POINT('',(-3.394166512988,-13.00503732645));
#3870 = CARTESIAN_POINT('',(-3.357884691958,-12.98302248039));
#3871 = CARTESIAN_POINT('',(-3.321550492192,-12.9647295307));
#3872 = CARTESIAN_POINT('',(-3.285175008644,-12.95014650119));
#3873 = CARTESIAN_POINT('',(-3.248769679282,-12.93926377923));
#3874 = CARTESIAN_POINT('',(-3.212346289976,-12.93207422858));
#3875 = CARTESIAN_POINT('',(-3.175916979386,-12.92857330214));
#3876 = CARTESIAN_POINT('',(-3.103264711277,-12.92894402155));
#3877 = CARTESIAN_POINT('',(-3.067029267934,-12.93277672083));
#3878 = CARTESIAN_POINT('',(-3.030800362128,-12.94025940121));
#3879 = CARTESIAN_POINT('',(-2.994590078509,-12.95139677533));
#3880 = CARTESIAN_POINT('',(-2.958410144169,-12.96619600835));
#3881 = CARTESIAN_POINT('',(-2.922271934727,-12.98466660639));
#3882 = CARTESIAN_POINT('',(-2.886186480426,-13.00682030494));
#3883 = CARTESIAN_POINT('',(-2.818985589806,-13.05504601337));
#3884 = CARTESIAN_POINT('',(-2.787851721867,-13.08019265525));
#3885 = CARTESIAN_POINT('',(-2.756783619598,-13.10811014705));
#3886 = CARTESIAN_POINT('',(-2.725800439898,-13.13879367268));
#3887 = CARTESIAN_POINT('',(-2.694920215207,-13.17223366498));
#3888 = CARTESIAN_POINT('',(-2.664160323325,-13.20841513489));
#3889 = CARTESIAN_POINT('',(-2.633537957248,-13.24731700061));
#3890 = CARTESIAN_POINT('',(-2.57012624128,-13.33388745194));
#3891 = CARTESIAN_POINT('',(-2.537369221331,-13.38200323502));
#3892 = CARTESIAN_POINT('',(-2.50483283652,-13.43320513576));
#3893 = CARTESIAN_POINT('',(-2.472548915522,-13.48742574421));
#3894 = CARTESIAN_POINT('',(-2.440548271135,-13.54458246362));
#3895 = CARTESIAN_POINT('',(-2.408861157093,-13.60457610337));
#3896 = CARTESIAN_POINT('',(-2.377517724895,-13.66728947183));
#3897 = CARTESIAN_POINT('',(-2.314515048425,-13.80012623297));
#3898 = CARTESIAN_POINT('',(-2.282896219564,-13.87039992913));
#3899 = CARTESIAN_POINT('',(-2.251708427779,-13.94328676526));
#3900 = CARTESIAN_POINT('',(-2.220969428141,-14.01865191057));
#3901 = CARTESIAN_POINT('',(-2.190698160918,-14.09634508771));
#3902 = CARTESIAN_POINT('',(-2.160914615457,-14.1761996644));
#3903 = CARTESIAN_POINT('',(-2.131639694059,-14.25803174507));
#3904 = CARTESIAN_POINT('',(-2.071841110337,-14.43196382172));
#3905 = CARTESIAN_POINT('',(-2.041404348222,-14.52436553811));
#3906 = CARTESIAN_POINT('',(-2.011575903612,-14.61869677656));
#3907 = CARTESIAN_POINT('',(-1.982349903676,-14.71480444679));
#3908 = CARTESIAN_POINT('',(-1.953722975557,-14.81252995516));
#3909 = CARTESIAN_POINT('',(-1.925693733275,-14.91170915645));
#3910 = CARTESIAN_POINT('',(-1.898262264627,-15.01217230553));
#3911 = CARTESIAN_POINT('',(-1.769759086404,-15.49860537912));
#3912 = CARTESIAN_POINT('',(-1.676636763663,-15.89957021285));
#3913 = CARTESIAN_POINT('',(-1.59096091839,-16.31160904714));
#3914 = CARTESIAN_POINT('',(-1.512047675958,-16.73098974488));
#3915 = CARTESIAN_POINT('',(-1.439349528954,-17.15509348463));
#3916 = CARTESIAN_POINT('',(-1.372456807203,-17.58245729355));
#3917 = CARTESIAN_POINT('',(-1.311004238721,-18.01302063806));
#3918 = CARTESIAN_POINT('',(-1.238337566573,-18.57581317405));
#3919 = CARTESIAN_POINT('',(-1.22237155943,-18.70333974723));
#3920 = CARTESIAN_POINT('',(-1.206867284774,-18.83114909616));
#3921 = CARTESIAN_POINT('',(-1.191825435243,-18.95923476621));
#3922 = CARTESIAN_POINT('',(-1.177247999077,-19.08759188543));
#3923 = CARTESIAN_POINT('',(-1.163138163603,-19.21621721482));
#3924 = CARTESIAN_POINT('',(-1.149500218719,-19.3451091985));
#3925 = CARTESIAN_POINT('',(-1.092405652019,-19.90543151504));
#3926 = CARTESIAN_POINT('',(-1.053602779302,-20.34140116244));
#3927 = CARTESIAN_POINT('',(-1.020386337093,-20.78047441919));
#3928 = CARTESIAN_POINT('',(-0.993187120483,-21.22144456136));
#3929 = CARTESIAN_POINT('',(-0.972403434015,-21.66370892433));
#3930 = CARTESIAN_POINT('',(-0.958360167873,-22.10724980102));
#3931 = CARTESIAN_POINT('',(-0.951275430982,-22.55248686606));
#3932 = CARTESIAN_POINT('',(-0.951275430982,-23.44751313393));
#3933 = CARTESIAN_POINT('',(-0.958360167873,-23.89275019897));
#3934 = CARTESIAN_POINT('',(-0.972403434015,-24.33629107566));
#3935 = CARTESIAN_POINT('',(-0.993187120483,-24.77855543863));
#3936 = CARTESIAN_POINT('',(-1.020386337093,-25.2195255808));
#3937 = CARTESIAN_POINT('',(-1.053602779302,-25.65859883755));
#3938 = CARTESIAN_POINT('',(-1.092405652019,-26.09456848495));
#3939 = CARTESIAN_POINT('',(-1.146255604503,-26.62304837131));
#3940 = CARTESIAN_POINT('',(-1.156442878776,-26.72021520434));
#3941 = CARTESIAN_POINT('',(-1.166898851456,-26.8172313542));
#3942 = CARTESIAN_POINT('',(-1.177621497654,-26.91409551462));
#3943 = CARTESIAN_POINT('',(-1.18860919933,-27.010806204));
#3944 = CARTESIAN_POINT('',(-1.199860745288,-27.10736176542));
#3945 = CARTESIAN_POINT('',(-1.211375331185,-27.20376036661));
#3946 = CARTESIAN_POINT('',(-1.223152559523,-27.3));
#3947 = ( GEOMETRIC_REPRESENTATION_CONTEXT(2) 
PARAMETRIC_REPRESENTATION_CONTEXT() REPRESENTATION_CONTEXT('2D SPACE',''
  ) );
#3948 = ADVANCED_FACE('',(#3949),#1102,.F.);
#3949 = FACE_BOUND('',#3950,.F.);
#3950 = EDGE_LOOP('',(#3951,#3952,#3953));
#3951 = ORIENTED_EDGE('',*,*,#1192,.F.);
#3952 = ORIENTED_EDGE('',*,*,#3458,.F.);
#3953 = ORIENTED_EDGE('',*,*,#1086,.F.);
#3954 = ADVANCED_FACE('',(#3955),#1436,.F.);
#3955 = FACE_BOUND('',#3956,.F.);
#3956 = EDGE_LOOP('',(#3957,#3958,#3981,#4005,#4033,#4061,#4082,#4083,
    #4084,#4085,#4086,#4087));
#3957 = ORIENTED_EDGE('',*,*,#1419,.F.);
#3958 = ORIENTED_EDGE('',*,*,#3959,.T.);
#3959 = EDGE_CURVE('',#1392,#3960,#3962,.T.);
#3960 = VERTEX_POINT('',#3961);
#3961 = CARTESIAN_POINT('',(-1.5,23.9,15.2));
#3962 = SURFACE_CURVE('',#3963,(#3967,#3974),.PCURVE_S1.);
#3963 = LINE('',#3964,#3965);
#3964 = CARTESIAN_POINT('',(-1.5,32.8,15.2));
#3965 = VECTOR('',#3966,1.);
#3966 = DIRECTION('',(0.,-1.,0.));
#3967 = PCURVE('',#1436,#3968);
#3968 = DEFINITIONAL_REPRESENTATION('',(#3969),#3973);
#3969 = LINE('',#3970,#3971);
#3970 = CARTESIAN_POINT('',(0.,32.8));
#3971 = VECTOR('',#3972,1.);
#3972 = DIRECTION('',(0.,-1.));
#3973 = ( GEOMETRIC_REPRESENTATION_CONTEXT(2) 
PARAMETRIC_REPRESENTATION_CONTEXT() REPRESENTATION_CONTEXT('2D SPACE',''
  ) );
#3974 = PCURVE('',#1407,#3975);
#3975 = DEFINITIONAL_REPRESENTATION('',(#3976),#3980);
#3976 = LINE('',#3977,#3978);
#3977 = CARTESIAN_POINT('',(3.,32.8));
#3978 = VECTOR('',#3979,1.);
#3979 = DIRECTION('',(0.,-1.));
#3980 = ( GEOMETRIC_REPRESENTATION_CONTEXT(2) 
PARAMETRIC_REPRESENTATION_CONTEXT() REPRESENTATION_CONTEXT('2D SPACE',''
  ) );
#3981 = ORIENTED_EDGE('',*,*,#3982,.T.);
#3982 = EDGE_CURVE('',#3960,#3983,#3985,.T.);
#3983 = VERTEX_POINT('',#3984);
#3984 = CARTESIAN_POINT('',(-10.42584417261,23.9,18.825616870538));
#3985 = SURFACE_CURVE('',#3986,(#3991,#3998),.PCURVE_S1.);
#3986 = CIRCLE('',#3987,12.8);
#3987 = AXIS2_PLACEMENT_3D('',#3988,#3989,#3990);
#3988 = CARTESIAN_POINT('',(-1.5,23.9,28.));
#3989 = DIRECTION('',(0.,1.,0.));
#3990 = DIRECTION('',(0.,0.,-1.));
#3991 = PCURVE('',#1436,#3992);
#3992 = DEFINITIONAL_REPRESENTATION('',(#3993),#3997);
#3993 = LINE('',#3994,#3995);
#3994 = CARTESIAN_POINT('',(0.,23.9));
#3995 = VECTOR('',#3996,1.);
#3996 = DIRECTION('',(1.,0.));
#3997 = ( GEOMETRIC_REPRESENTATION_CONTEXT(2) 
PARAMETRIC_REPRESENTATION_CONTEXT() REPRESENTATION_CONTEXT('2D SPACE',''
  ) );
#3998 = PCURVE('',#3248,#3999);
#3999 = DEFINITIONAL_REPRESENTATION('',(#4000),#4004);
#4000 = CIRCLE('',#4001,12.8);
#4001 = AXIS2_PLACEMENT_2D('',#4002,#4003);
#4002 = CARTESIAN_POINT('',(4.,10.));
#4003 = DIRECTION('',(-1.,0.));
#4004 = ( GEOMETRIC_REPRESENTATION_CONTEXT(2) 
PARAMETRIC_REPRESENTATION_CONTEXT() REPRESENTATION_CONTEXT('2D SPACE',''
  ) );
#4005 = ORIENTED_EDGE('',*,*,#4006,.F.);
#4006 = EDGE_CURVE('',#4007,#3983,#4009,.T.);
#4007 = VERTEX_POINT('',#4008);
#4008 = CARTESIAN_POINT('',(-10.42584417261,-23.9,18.825616870538));
#4009 = SURFACE_CURVE('',#4010,(#4014,#4021),.PCURVE_S1.);
#4010 = LINE('',#4011,#4012);
#4011 = CARTESIAN_POINT('',(-10.42584417261,0.,18.825616870538));
#4012 = VECTOR('',#4013,1.);
#4013 = DIRECTION('',(0.,1.,0.));
#4014 = PCURVE('',#1436,#4015);
#4015 = DEFINITIONAL_REPRESENTATION('',(#4016),#4020);
#4016 = LINE('',#4017,#4018);
#4017 = CARTESIAN_POINT('',(0.771667764657,0.));
#4018 = VECTOR('',#4019,1.);
#4019 = DIRECTION('',(0.,1.));
#4020 = ( GEOMETRIC_REPRESENTATION_CONTEXT(2) 
PARAMETRIC_REPRESENTATION_CONTEXT() REPRESENTATION_CONTEXT('2D SPACE',''
  ) );
#4021 = PCURVE('',#4022,#4027);
#4022 = CYLINDRICAL_SURFACE('',#4023,13.);
#4023 = AXIS2_PLACEMENT_3D('',#4024,#4025,#4026);
#4024 = CARTESIAN_POINT('',(1.5,-23.9,24.));
#4025 = DIRECTION('',(0.,-1.,0.));
#4026 = DIRECTION('',(1.,0.,0.));
#4027 = DEFINITIONAL_REPRESENTATION('',(#4028),#4032);
#4028 = LINE('',#4029,#4030);
#4029 = CARTESIAN_POINT('',(3.55096048293,-23.9));
#4030 = VECTOR('',#4031,1.);
#4031 = DIRECTION('',(0.,-1.));
#4032 = ( GEOMETRIC_REPRESENTATION_CONTEXT(2) 
PARAMETRIC_REPRESENTATION_CONTEXT() REPRESENTATION_CONTEXT('2D SPACE',''
  ) );
#4033 = ORIENTED_EDGE('',*,*,#4034,.F.);
#4034 = EDGE_CURVE('',#4035,#4007,#4037,.T.);
#4035 = VERTEX_POINT('',#4036);
#4036 = CARTESIAN_POINT('',(-1.5,-23.9,15.2));
#4037 = SURFACE_CURVE('',#4038,(#4043,#4050),.PCURVE_S1.);
#4038 = CIRCLE('',#4039,12.8);
#4039 = AXIS2_PLACEMENT_3D('',#4040,#4041,#4042);
#4040 = CARTESIAN_POINT('',(-1.5,-23.9,28.));
#4041 = DIRECTION('',(0.,1.,0.));
#4042 = DIRECTION('',(0.,0.,-1.));
#4043 = PCURVE('',#1436,#4044);
#4044 = DEFINITIONAL_REPRESENTATION('',(#4045),#4049);
#4045 = LINE('',#4046,#4047);
#4046 = CARTESIAN_POINT('',(0.,-23.9));
#4047 = VECTOR('',#4048,1.);
#4048 = DIRECTION('',(1.,0.));
#4049 = ( GEOMETRIC_REPRESENTATION_CONTEXT(2) 
PARAMETRIC_REPRESENTATION_CONTEXT() REPRESENTATION_CONTEXT('2D SPACE',''
  ) );
#4050 = PCURVE('',#3304,#4051);
#4051 = DEFINITIONAL_REPRESENTATION('',(#4052),#4060);
#4052 = ( BOUNDED_CURVE() B_SPLINE_CURVE(2,(#4053,#4054,#4055,#4056,
#4057,#4058,#4059),.UNSPECIFIED.,.T.,.F.) B_SPLINE_CURVE_WITH_KNOTS((1,2
    ,2,2,2,1),(-2.094395102393,0.,2.094395102393,4.188790204786,
6.28318530718,8.377580409573),.UNSPECIFIED.) CURVE() 
GEOMETRIC_REPRESENTATION_ITEM() RATIONAL_B_SPLINE_CURVE((1.,0.5,1.,0.5,
1.,0.5,1.)) REPRESENTATION_ITEM('') );
#4053 = CARTESIAN_POINT('',(8.8,-3.));
#4054 = CARTESIAN_POINT('',(8.8,-25.17025033688));
#4055 = CARTESIAN_POINT('',(-10.4,-14.08512516844));
#4056 = CARTESIAN_POINT('',(-29.6,-3.));
#4057 = CARTESIAN_POINT('',(-10.4,8.085125168441));
#4058 = CARTESIAN_POINT('',(8.8,19.170250336882));
#4059 = CARTESIAN_POINT('',(8.8,-3.));
#4060 = ( GEOMETRIC_REPRESENTATION_CONTEXT(2) 
PARAMETRIC_REPRESENTATION_CONTEXT() REPRESENTATION_CONTEXT('2D SPACE',''
  ) );
#4061 = ORIENTED_EDGE('',*,*,#4062,.T.);
#4062 = EDGE_CURVE('',#4035,#2572,#4063,.T.);
#4063 = SURFACE_CURVE('',#4064,(#4068,#4075),.PCURVE_S1.);
#4064 = LINE('',#4065,#4066);
#4065 = CARTESIAN_POINT('',(-1.5,32.8,15.2));
#4066 = VECTOR('',#4067,1.);
#4067 = DIRECTION('',(0.,-1.,0.));
#4068 = PCURVE('',#1436,#4069);
#4069 = DEFINITIONAL_REPRESENTATION('',(#4070),#4074);
#4070 = LINE('',#4071,#4072);
#4071 = CARTESIAN_POINT('',(0.,32.8));
#4072 = VECTOR('',#4073,1.);
#4073 = DIRECTION('',(0.,-1.));
#4074 = ( GEOMETRIC_REPRESENTATION_CONTEXT(2) 
PARAMETRIC_REPRESENTATION_CONTEXT() REPRESENTATION_CONTEXT('2D SPACE',''
  ) );
#4075 = PCURVE('',#2587,#4076);
#4076 = DEFINITIONAL_REPRESENTATION('',(#4077),#4081);
#4077 = LINE('',#4078,#4079);
#4078 = CARTESIAN_POINT('',(3.,32.8));
#4079 = VECTOR('',#4080,1.);
#4080 = DIRECTION('',(0.,-1.));
#4081 = ( GEOMETRIC_REPRESENTATION_CONTEXT(2) 
PARAMETRIC_REPRESENTATION_CONTEXT() REPRESENTATION_CONTEXT('2D SPACE',''
  ) );
#4082 = ORIENTED_EDGE('',*,*,#2599,.T.);
#4083 = ORIENTED_EDGE('',*,*,#2359,.T.);
#4084 = ORIENTED_EDGE('',*,*,#2085,.T.);
#4085 = ORIENTED_EDGE('',*,*,#2007,.T.);
#4086 = ORIENTED_EDGE('',*,*,#1640,.F.);
#4087 = ORIENTED_EDGE('',*,*,#1525,.T.);
#4088 = ADVANCED_FACE('',(#4089),#1407,.F.);
#4089 = FACE_BOUND('',#4090,.F.);
#4090 = EDGE_LOOP('',(#4091,#4114,#4135,#4136));
#4091 = ORIENTED_EDGE('',*,*,#4092,.F.);
#4092 = EDGE_CURVE('',#4093,#1363,#4095,.T.);
#4093 = VERTEX_POINT('',#4094);
#4094 = CARTESIAN_POINT('',(1.5,23.9,15.2));
#4095 = SURFACE_CURVE('',#4096,(#4100,#4107),.PCURVE_S1.);
#4096 = LINE('',#4097,#4098);
#4097 = CARTESIAN_POINT('',(1.5,-32.8,15.2));
#4098 = VECTOR('',#4099,1.);
#4099 = DIRECTION('',(0.,1.,0.));
#4100 = PCURVE('',#1407,#4101);
#4101 = DEFINITIONAL_REPRESENTATION('',(#4102),#4106);
#4102 = LINE('',#4103,#4104);
#4103 = CARTESIAN_POINT('',(0.,-32.8));
#4104 = VECTOR('',#4105,1.);
#4105 = DIRECTION('',(0.,1.));
#4106 = ( GEOMETRIC_REPRESENTATION_CONTEXT(2) 
PARAMETRIC_REPRESENTATION_CONTEXT() REPRESENTATION_CONTEXT('2D SPACE',''
  ) );
#4107 = PCURVE('',#1379,#4108);
#4108 = DEFINITIONAL_REPRESENTATION('',(#4109),#4113);
#4109 = LINE('',#4110,#4111);
#4110 = CARTESIAN_POINT('',(3.14159265359,-32.8));
#4111 = VECTOR('',#4112,1.);
#4112 = DIRECTION('',(-0.,1.));
#4113 = ( GEOMETRIC_REPRESENTATION_CONTEXT(2) 
PARAMETRIC_REPRESENTATION_CONTEXT() REPRESENTATION_CONTEXT('2D SPACE',''
  ) );
#4114 = ORIENTED_EDGE('',*,*,#4115,.F.);
#4115 = EDGE_CURVE('',#3960,#4093,#4116,.T.);
#4116 = SURFACE_CURVE('',#4117,(#4121,#4128),.PCURVE_S1.);
#4117 = LINE('',#4118,#4119);
#4118 = CARTESIAN_POINT('',(-5.,23.9,15.2));
#4119 = VECTOR('',#4120,1.);
#4120 = DIRECTION('',(1.,0.,0.));
#4121 = PCURVE('',#1407,#4122);
#4122 = DEFINITIONAL_REPRESENTATION('',(#4123),#4127);
#4123 = LINE('',#4124,#4125);
#4124 = CARTESIAN_POINT('',(6.5,23.9));
#4125 = VECTOR('',#4126,1.);
#4126 = DIRECTION('',(-1.,0.));
#4127 = ( GEOMETRIC_REPRESENTATION_CONTEXT(2) 
PARAMETRIC_REPRESENTATION_CONTEXT() REPRESENTATION_CONTEXT('2D SPACE',''
  ) );
#4128 = PCURVE('',#3248,#4129);
#4129 = DEFINITIONAL_REPRESENTATION('',(#4130),#4134);
#4130 = LINE('',#4131,#4132);
#4131 = CARTESIAN_POINT('',(-8.8,6.5));
#4132 = VECTOR('',#4133,1.);
#4133 = DIRECTION('',(0.,1.));
#4134 = ( GEOMETRIC_REPRESENTATION_CONTEXT(2) 
PARAMETRIC_REPRESENTATION_CONTEXT() REPRESENTATION_CONTEXT('2D SPACE',''
  ) );
#4135 = ORIENTED_EDGE('',*,*,#3959,.F.);
#4136 = ORIENTED_EDGE('',*,*,#1391,.F.);
#4137 = ADVANCED_FACE('',(#4138),#1379,.F.);
#4138 = FACE_BOUND('',#4139,.F.);
#4139 = EDGE_LOOP('',(#4140,#4141,#4163,#4164,#4165,#4166,#4188,#4189,
    #4190,#4191));
#4140 = ORIENTED_EDGE('',*,*,#3209,.F.);
#4141 = ORIENTED_EDGE('',*,*,#4142,.T.);
#4142 = EDGE_CURVE('',#3210,#4093,#4143,.T.);
#4143 = SURFACE_CURVE('',#4144,(#4149,#4156),.PCURVE_S1.);
#4144 = CIRCLE('',#4145,12.8);
#4145 = AXIS2_PLACEMENT_3D('',#4146,#4147,#4148);
#4146 = CARTESIAN_POINT('',(1.5,23.9,28.));
#4147 = DIRECTION('',(0.,1.,0.));
#4148 = DIRECTION('',(0.,-0.,1.));
#4149 = PCURVE('',#1379,#4150);
#4150 = DEFINITIONAL_REPRESENTATION('',(#4151),#4155);
#4151 = LINE('',#4152,#4153);
#4152 = CARTESIAN_POINT('',(0.,23.9));
#4153 = VECTOR('',#4154,1.);
#4154 = DIRECTION('',(1.,0.));
#4155 = ( GEOMETRIC_REPRESENTATION_CONTEXT(2) 
PARAMETRIC_REPRESENTATION_CONTEXT() REPRESENTATION_CONTEXT('2D SPACE',''
  ) );
#4156 = PCURVE('',#3248,#4157);
#4157 = DEFINITIONAL_REPRESENTATION('',(#4158),#4162);
#4158 = CIRCLE('',#4159,12.8);
#4159 = AXIS2_PLACEMENT_2D('',#4160,#4161);
#4160 = CARTESIAN_POINT('',(4.,13.));
#4161 = DIRECTION('',(1.,0.));
#4162 = ( GEOMETRIC_REPRESENTATION_CONTEXT(2) 
PARAMETRIC_REPRESENTATION_CONTEXT() REPRESENTATION_CONTEXT('2D SPACE',''
  ) );
#4163 = ORIENTED_EDGE('',*,*,#4092,.T.);
#4164 = ORIENTED_EDGE('',*,*,#1362,.F.);
#4165 = ORIENTED_EDGE('',*,*,#2776,.F.);
#4166 = ORIENTED_EDGE('',*,*,#4167,.F.);
#4167 = EDGE_CURVE('',#2677,#2777,#4168,.T.);
#4168 = SURFACE_CURVE('',#4169,(#4174,#4181),.PCURVE_S1.);
#4169 = CIRCLE('',#4170,12.8);
#4170 = AXIS2_PLACEMENT_3D('',#4171,#4172,#4173);
#4171 = CARTESIAN_POINT('',(1.5,32.79,28.));
#4172 = DIRECTION('',(0.,1.,0.));
#4173 = DIRECTION('',(0.,-0.,1.));
#4174 = PCURVE('',#1379,#4175);
#4175 = DEFINITIONAL_REPRESENTATION('',(#4176),#4180);
#4176 = LINE('',#4177,#4178);
#4177 = CARTESIAN_POINT('',(0.,32.79));
#4178 = VECTOR('',#4179,1.);
#4179 = DIRECTION('',(1.,0.));
#4180 = ( GEOMETRIC_REPRESENTATION_CONTEXT(2) 
PARAMETRIC_REPRESENTATION_CONTEXT() REPRESENTATION_CONTEXT('2D SPACE',''
  ) );
#4181 = PCURVE('',#2692,#4182);
#4182 = DEFINITIONAL_REPRESENTATION('',(#4183),#4187);
#4183 = CIRCLE('',#4184,12.8);
#4184 = AXIS2_PLACEMENT_2D('',#4185,#4186);
#4185 = CARTESIAN_POINT('',(10.5,9.));
#4186 = DIRECTION('',(1.,0.));
#4187 = ( GEOMETRIC_REPRESENTATION_CONTEXT(2) 
PARAMETRIC_REPRESENTATION_CONTEXT() REPRESENTATION_CONTEXT('2D SPACE',''
  ) );
#4188 = ORIENTED_EDGE('',*,*,#2750,.T.);
#4189 = ORIENTED_EDGE('',*,*,#3427,.F.);
#4190 = ORIENTED_EDGE('',*,*,#3125,.F.);
#4191 = ORIENTED_EDGE('',*,*,#4192,.F.);
#4192 = EDGE_CURVE('',#3182,#3126,#4193,.T.);
#4193 = SURFACE_CURVE('',#4194,(#4330,#4469),.PCURVE_S1.);
#4194 = B_SPLINE_CURVE_WITH_KNOTS('',8,(#4195,#4196,#4197,#4198,#4199,
    #4200,#4201,#4202,#4203,#4204,#4205,#4206,#4207,#4208,#4209,#4210,
    #4211,#4212,#4213,#4214,#4215,#4216,#4217,#4218,#4219,#4220,#4221,
    #4222,#4223,#4224,#4225,#4226,#4227,#4228,#4229,#4230,#4231,#4232,
    #4233,#4234,#4235,#4236,#4237,#4238,#4239,#4240,#4241,#4242,#4243,
    #4244,#4245,#4246,#4247,#4248,#4249,#4250,#4251,#4252,#4253,#4254,
    #4255,#4256,#4257,#4258,#4259,#4260,#4261,#4262,#4263,#4264,#4265,
    #4266,#4267,#4268,#4269,#4270,#4271,#4272,#4273,#4274,#4275,#4276,
    #4277,#4278,#4279,#4280,#4281,#4282,#4283,#4284,#4285,#4286,#4287,
    #4288,#4289,#4290,#4291,#4292,#4293,#4294,#4295,#4296,#4297,#4298,
    #4299,#4300,#4301,#4302,#4303,#4304,#4305,#4306,#4307,#4308,#4309,
    #4310,#4311,#4312,#4313,#4314,#4315,#4316,#4317,#4318,#4319,#4320,
    #4321,#4322,#4323,#4324,#4325,#4326,#4327,#4328,#4329),
  .UNSPECIFIED.,.F.,.F.,(9,7,7,7,7,7,7,7,7,7,7,7,7,7,7,7,7,7,7,9),(0.,
    2.334874772021E-02,0.127403245436,0.231457743152,0.360960199772,
    0.394749706951,0.422302487756,0.448774305612,0.47253699748,
    0.499671788196,0.526662643493,0.550024603181,0.575285886279,
    0.601415216149,0.62964378066,0.736603529687,0.767848852301,
    0.872153329294,0.976457806286,1.),.UNSPECIFIED.);
#4195 = CARTESIAN_POINT('',(13.556118778446,24.985448040296,32.3));
#4196 = CARTESIAN_POINT('',(13.59027980871,24.997826651504,
    32.204221060824));
#4197 = CARTESIAN_POINT('',(13.623516766285,25.010388026013,
    32.108284672717));
#4198 = CARTESIAN_POINT('',(13.655834407128,25.023093817446,
    32.012192814692));
#4199 = CARTESIAN_POINT('',(13.687237164249,25.035906412439,
    31.915947293526));
#4200 = CARTESIAN_POINT('',(13.717729147711,25.048788930642,
    31.819549743762));
#4201 = CARTESIAN_POINT('',(13.747314144628,25.061705224718,
    31.72300162771));
#4202 = CARTESIAN_POINT('',(13.775995619168,25.074619880344,
    31.626304235444));
#4203 = CARTESIAN_POINT('',(13.927584111233,25.144890963187,
    31.097863155629));
#4204 = CARTESIAN_POINT('',(14.03405012011,25.201812101373,
    30.661440168915));
#4205 = CARTESIAN_POINT('',(14.122703563195,25.254950237899,
    30.221903210575));
#4206 = CARTESIAN_POINT('',(14.193485879849,25.301223552619,
    29.780464347138));
#4207 = CARTESIAN_POINT('',(14.246560282934,25.338001869935,
    29.337727577061));
#4208 = CARTESIAN_POINT('',(14.282080593144,25.363334241302,
    28.893710145769));
#4209 = CARTESIAN_POINT('',(14.3,25.376114107175,28.447992805371));
#4210 = CARTESIAN_POINT('',(14.3,25.376114107175,27.552007194624));
#4211 = CARTESIAN_POINT('',(14.282080593145,25.363334241302,
    27.106289854235));
#4212 = CARTESIAN_POINT('',(14.246560282934,25.338001869935,
    26.662272422937));
#4213 = CARTESIAN_POINT('',(14.193485879849,25.301223552619,
    26.219535652862));
#4214 = CARTESIAN_POINT('',(14.122703563195,25.254950237899,
    25.778096789427));
#4215 = CARTESIAN_POINT('',(14.034050120109,25.201812101373,
    25.338559831081));
#4216 = CARTESIAN_POINT('',(13.927584111233,25.144890963187,
    24.902136844373));
#4217 = CARTESIAN_POINT('',(13.649690511287,25.016069283406,
    23.933393161863));
#4218 = CARTESIAN_POINT('',(13.468973101808,24.944016321644,
    23.404522049096));
#4219 = CARTESIAN_POINT('',(13.260472747809,24.876702965052,
    22.879532216843));
#4220 = CARTESIAN_POINT('',(13.022332269865,24.820118132455,
    22.357365470113));
#4221 = CARTESIAN_POINT('',(12.753082056743,24.78186792247,
    21.839473076628));
#4222 = CARTESIAN_POINT('',(12.452323951711,24.771645244589,
    21.32934862055));
#4223 = CARTESIAN_POINT('',(12.121597672534,24.80165322644,
    20.832457999425));
#4224 = CARTESIAN_POINT('',(11.674878778234,24.910313503181,
    20.232387429546));
#4225 = CARTESIAN_POINT('',(11.580726567301,24.936648971045,
    20.10949739448));
#4226 = CARTESIAN_POINT('',(11.485061775036,24.967111608693,
    19.988157862929));
#4227 = CARTESIAN_POINT('',(11.38810742616,25.001979236054,
    19.868628267464));
#4228 = CARTESIAN_POINT('',(11.290111460007,25.041530314414,
    19.751160072589));
#4229 = CARTESIAN_POINT('',(11.19135007401,25.086043208853,
    19.635999143001));
#4230 = CARTESIAN_POINT('',(11.092131067207,25.135795450681,
    19.523388111847));
#4231 = CARTESIAN_POINT('',(10.911797934381,25.236129495234,
    19.32401938631));
#4232 = CARTESIAN_POINT('',(10.830723135669,25.28486262887,
    19.236326943214));
#4233 = CARTESIAN_POINT('',(10.749854404719,25.337359275353,
    19.150728642688));
#4234 = CARTESIAN_POINT('',(10.669482533675,25.393694490276,
    19.067440390608));
#4235 = CARTESIAN_POINT('',(10.589905061543,25.453921055454,
    18.986657854943));
#4236 = CARTESIAN_POINT('',(10.511423846009,25.518069024119,
    18.908557544969));
#4237 = CARTESIAN_POINT('',(10.434342635277,25.586145266125,
    18.833297890478));
#4238 = CARTESIAN_POINT('',(10.286543907528,25.727296504867,
    18.691578377238));
#4239 = CARTESIAN_POINT('',(10.215731652743,25.800036128582,
    18.624924005435));
#4240 = CARTESIAN_POINT('',(10.14683797961,25.87628915873,
    18.561220400507));
#4241 = CARTESIAN_POINT('',(10.080166226524,25.955961215399,
    18.500606941492));
#4242 = CARTESIAN_POINT('',(10.016009058659,26.038926082527,
    18.443200993458));
#4243 = CARTESIAN_POINT('',(9.954644560432,26.125025526108,
    18.389099709441));
#4244 = CARTESIAN_POINT('',(9.89633232796,26.214069112393,
    18.338381832376));
#4245 = CARTESIAN_POINT('',(9.791917825318,26.388207718007,
    18.248675012736));
#4246 = CARTESIAN_POINT('',(9.745186213112,26.472758505941,
    18.209025145251));
#4247 = CARTESIAN_POINT('',(9.701268968655,26.559348916723,
    18.172189390971));
#4248 = CARTESIAN_POINT('',(9.660308343627,26.647827841603,
    18.13819000074));
#4249 = CARTESIAN_POINT('',(9.622433141419,26.73803064873,
    18.107042708292));
#4250 = CARTESIAN_POINT('',(9.587757260917,26.829779295632,
    18.078757458703));
#4251 = CARTESIAN_POINT('',(9.556378240281,26.922882441691,
    18.053339136847));
#4252 = CARTESIAN_POINT('',(9.496399611293,27.124763882814,
    18.005037326452));
#4253 = CARTESIAN_POINT('',(9.468822635749,27.233903352581,
    17.98302248039));
#4254 = CARTESIAN_POINT('',(9.445745729102,27.344315106166,17.9647295307
    ));
#4255 = CARTESIAN_POINT('',(9.427250717762,27.455749932752,
    17.95014650119));
#4256 = CARTESIAN_POINT('',(9.413399447263,27.567950621958,
    17.939263779238));
#4257 = CARTESIAN_POINT('',(9.404232829986,27.680654311331,
    17.932074228586));
#4258 = CARTESIAN_POINT('',(9.399769892872,27.793594833847,
    17.928573302141));
#4259 = CARTESIAN_POINT('',(9.400242500628,28.018816369123,
    17.928944021554));
#4260 = CARTESIAN_POINT('',(9.405128399852,28.131136283758,
    17.932776720837));
#4261 = CARTESIAN_POINT('',(9.414666897844,28.243201435178,
    17.940259401211));
#4262 = CARTESIAN_POINT('',(9.428837913382,28.354749556797,
    17.951396775331));
#4263 = CARTESIAN_POINT('',(9.447599863844,28.465521780776,
    17.966196008356));
#4264 = CARTESIAN_POINT('',(9.470890620043,28.575264929237,
    17.984666606393));
#4265 = CARTESIAN_POINT('',(9.498628461061,28.683733805458,
    18.006820304946));
#4266 = CARTESIAN_POINT('',(9.558483856528,28.88327253441,
    18.055046013376));
#4267 = CARTESIAN_POINT('',(9.589513560887,28.974728396009,
    18.080192655253));
#4268 = CARTESIAN_POINT('',(9.623725526059,29.064867205271,
    18.108110147059));
#4269 = CARTESIAN_POINT('',(9.661026532172,29.153507444241,
    18.138793672687));
#4270 = CARTESIAN_POINT('',(9.701308094535,29.240480042874,
    18.172233664981));
#4271 = CARTESIAN_POINT('',(9.744447802578,29.325628480274,
    18.208415134893));
#4272 = CARTESIAN_POINT('',(9.790310658791,29.408808885945,
    18.247317000618));
#4273 = CARTESIAN_POINT('',(9.891128320836,29.577563288581,
    18.333887451941));
#4274 = CARTESIAN_POINT('',(9.946509449504,29.662765939741,
    18.382003235026));
#4275 = CARTESIAN_POINT('',(10.004688179385,29.745303362507,
    18.433205135764));
#4276 = CARTESIAN_POINT('',(10.065440190345,29.825007753727,
    18.487425744213));
#4277 = CARTESIAN_POINT('',(10.128525585933,29.901738089415,
    18.544582463629));
#4278 = CARTESIAN_POINT('',(10.193692012904,29.975379975066,
    18.604576103377));
#4279 = CARTESIAN_POINT('',(10.260677780739,30.045845495962,
    18.667289471837));
#4280 = CARTESIAN_POINT('',(10.400107307248,30.182610762222,
    18.800126233008));
#4281 = CARTESIAN_POINT('',(10.472627829482,30.24865321296,
    18.870399929153));
#4282 = CARTESIAN_POINT('',(10.546514033823,30.311173217512,
    18.943286765248));
#4283 = CARTESIAN_POINT('',(10.621501663619,30.370164181416,
    19.018651910544));
#4284 = CARTESIAN_POINT('',(10.697326795626,30.425639760027,
    19.096345087697));
#4285 = CARTESIAN_POINT('',(10.77372791601,30.477633500599,
    19.176199664416));
#4286 = CARTESIAN_POINT('',(10.850447996362,30.526198484377,
    19.258031745122));
#4287 = CARTESIAN_POINT('',(11.010194349595,30.620247510015,
    19.431963821729));
#4288 = CARTESIAN_POINT('',(11.093236569703,30.665173214929,
    19.524365538119));
#4289 = CARTESIAN_POINT('',(11.176144903278,30.706330864655,
    19.618696776565));
#4290 = CARTESIAN_POINT('',(11.258715084724,30.743870526163,
    19.714804446789));
#4291 = CARTESIAN_POINT('',(11.340756747206,30.777945493693,
    19.812529955166));
#4292 = CARTESIAN_POINT('',(11.422093260259,30.808712230302,
    19.911709156456));
#4293 = CARTESIAN_POINT('',(11.502561567392,30.8363303094,
    20.012172305532));
#4294 = CARTESIAN_POINT('',(11.883054638299,30.954294681157,
    20.498605375959));
#4295 = CARTESIAN_POINT('',(12.169630383378,31.004800561398,
    20.899570221239));
#4296 = CARTESIAN_POINT('',(12.437074023262,31.022312244897,
    21.31160903959));
#4297 = CARTESIAN_POINT('',(12.683596304968,31.014765582395,
    21.730989742614));
#4298 = CARTESIAN_POINT('',(12.908815296626,30.988651651865,
    22.155093494733));
#4299 = CARTESIAN_POINT('',(13.11321194567,30.949218334703,
    22.582457285604));
#4300 = CARTESIAN_POINT('',(13.297762693533,30.900661361245,
    23.013020640441));
#4301 = CARTESIAN_POINT('',(13.511873418588,30.830649392603,
    23.575813174054));
#4302 = CARTESIAN_POINT('',(13.558619716934,30.814357846337,
    23.703339747235));
#4303 = CARTESIAN_POINT('',(13.603717731752,30.797698306264,
    23.831149096166));
#4304 = CARTESIAN_POINT('',(13.647178425155,30.780762815354,
    23.95923476621));
#4305 = CARTESIAN_POINT('',(13.689012183064,30.7636404866,
    24.087591885434));
#4306 = CARTESIAN_POINT('',(13.729228723861,30.746417817187,
    24.216217214825));
#4307 = CARTESIAN_POINT('',(13.767837007018,30.729179002656,
    24.345109198502));
#4308 = CARTESIAN_POINT('',(13.928387285479,30.654679434678,
    24.90543151504));
#4309 = CARTESIAN_POINT('',(14.034622690714,30.597844568896,
    25.341401162444));
#4310 = CARTESIAN_POINT('',(14.123084651375,30.544800655661,
    25.780474419191));
#4311 = CARTESIAN_POINT('',(14.193714746522,30.498617873131,
    26.221444561364));
#4312 = CARTESIAN_POINT('',(14.246675080048,30.461916209366,
    26.663708924339));
#4313 = CARTESIAN_POINT('',(14.282118946616,30.436638423905,
    27.107249801024));
#4314 = CARTESIAN_POINT('',(14.3,30.423885892825,27.552486866065));
#4315 = CARTESIAN_POINT('',(14.3,30.423885892825,28.447513133935));
#4316 = CARTESIAN_POINT('',(14.282118946616,30.436638423905,
    28.892750198974));
#4317 = CARTESIAN_POINT('',(14.246675080048,30.461916209366,
    29.336291075663));
#4318 = CARTESIAN_POINT('',(14.193714746522,30.498617873131,
    29.778555438636));
#4319 = CARTESIAN_POINT('',(14.123084651375,30.544800655661,
    30.219525580808));
#4320 = CARTESIAN_POINT('',(14.034622690714,30.597844568897,
    30.658598837558));
#4321 = CARTESIAN_POINT('',(13.92838728548,30.654679434677,
    31.094568484958));
#4322 = CARTESIAN_POINT('',(13.776960882476,30.724945283559,
    31.623048371318));
#4323 = CARTESIAN_POINT('',(13.748167650486,30.737921999074,
    31.720215204345));
#4324 = CARTESIAN_POINT('',(13.718462267081,30.750901229566,
    31.817231354207));
#4325 = CARTESIAN_POINT('',(13.687841224337,30.763847060341,
    31.914095514628));
#4326 = CARTESIAN_POINT('',(13.656300685098,30.776722830055,
    32.010806204009));
#4327 = CARTESIAN_POINT('',(13.623836482983,30.78949113072,
    32.107361765422));
#4328 = CARTESIAN_POINT('',(13.590444122379,30.802113807698,
    32.203760366613));
#4329 = CARTESIAN_POINT('',(13.556118778446,30.814551959704,32.3));
#4330 = PCURVE('',#1379,#4331);
#4331 = DEFINITIONAL_REPRESENTATION('',(#4332),#4468);
#4332 = B_SPLINE_CURVE_WITH_KNOTS('',8,(#4333,#4334,#4335,#4336,#4337,
    #4338,#4339,#4340,#4341,#4342,#4343,#4344,#4345,#4346,#4347,#4348,
    #4349,#4350,#4351,#4352,#4353,#4354,#4355,#4356,#4357,#4358,#4359,
    #4360,#4361,#4362,#4363,#4364,#4365,#4366,#4367,#4368,#4369,#4370,
    #4371,#4372,#4373,#4374,#4375,#4376,#4377,#4378,#4379,#4380,#4381,
    #4382,#4383,#4384,#4385,#4386,#4387,#4388,#4389,#4390,#4391,#4392,
    #4393,#4394,#4395,#4396,#4397,#4398,#4399,#4400,#4401,#4402,#4403,
    #4404,#4405,#4406,#4407,#4408,#4409,#4410,#4411,#4412,#4413,#4414,
    #4415,#4416,#4417,#4418,#4419,#4420,#4421,#4422,#4423,#4424,#4425,
    #4426,#4427,#4428,#4429,#4430,#4431,#4432,#4433,#4434,#4435,#4436,
    #4437,#4438,#4439,#4440,#4441,#4442,#4443,#4444,#4445,#4446,#4447,
    #4448,#4449,#4450,#4451,#4452,#4453,#4454,#4455,#4456,#4457,#4458,
    #4459,#4460,#4461,#4462,#4463,#4464,#4465,#4466,#4467),
  .UNSPECIFIED.,.F.,.F.,(9,7,7,7,7,7,7,7,7,7,7,7,7,7,7,7,7,7,7,9),(0.,
    2.334874772021E-02,0.127403245436,0.231457743152,0.360960199772,
    0.394749706951,0.422302487756,0.448774305612,0.47253699748,
    0.499671788196,0.526662643493,0.550024603181,0.575285886279,
    0.601415216149,0.62964378066,0.736603529687,0.767848852301,
    0.872153329294,0.976457806286,1.),.UNSPECIFIED.);
#4333 = CARTESIAN_POINT('',(1.228195927939,24.985448040296));
#4334 = CARTESIAN_POINT('',(1.236140353582,24.997826651504));
#4335 = CARTESIAN_POINT('',(1.244072114025,25.010388026013));
#4336 = CARTESIAN_POINT('',(1.251991949773,25.023093817446));
#4337 = CARTESIAN_POINT('',(1.259900598053,25.035906412439));
#4338 = CARTESIAN_POINT('',(1.267798792815,25.048788930642));
#4339 = CARTESIAN_POINT('',(1.275687264734,25.061705224718));
#4340 = CARTESIAN_POINT('',(1.283566741208,25.074619880344));
#4341 = CARTESIAN_POINT('',(1.326516242988,25.144890963187));
#4342 = CARTESIAN_POINT('',(1.361583499773,25.201812101373));
#4343 = CARTESIAN_POINT('',(1.396566623243,25.254950237899));
#4344 = CARTESIAN_POINT('',(1.431439047817,25.301223552619));
#4345 = CARTESIAN_POINT('',(1.466221002731,25.338001869935));
#4346 = CARTESIAN_POINT('',(1.500975231979,25.363334241302));
#4347 = CARTESIAN_POINT('',(1.535796888875,25.376114107175));
#4348 = CARTESIAN_POINT('',(1.605795764715,25.376114107175));
#4349 = CARTESIAN_POINT('',(1.64061742161,25.363334241302));
#4350 = CARTESIAN_POINT('',(1.675371650859,25.338001869935));
#4351 = CARTESIAN_POINT('',(1.710153605772,25.301223552619));
#4352 = CARTESIAN_POINT('',(1.745026030347,25.254950237899));
#4353 = CARTESIAN_POINT('',(1.780009153817,25.201812101373));
#4354 = CARTESIAN_POINT('',(1.815076410602,25.144890963187));
#4355 = CARTESIAN_POINT('',(1.893811883875,25.016069283406));
#4356 = CARTESIAN_POINT('',(1.937421173351,24.944016321644));
#4357 = CARTESIAN_POINT('',(1.981464321769,24.876702965052));
#4358 = CARTESIAN_POINT('',(2.026186293279,24.820118132455));
#4359 = CARTESIAN_POINT('',(2.071663102477,24.78186792247));
#4360 = CARTESIAN_POINT('',(2.117813610403,24.771645244589));
#4361 = CARTESIAN_POINT('',(2.164381117566,24.80165322644));
#4362 = CARTESIAN_POINT('',(2.222825847826,24.910313503181));
#4363 = CARTESIAN_POINT('',(2.234919341904,24.936648971045));
#4364 = CARTESIAN_POINT('',(2.246988928623,24.967111608693));
#4365 = CARTESIAN_POINT('',(2.25901064326,25.001979236054));
#4366 = CARTESIAN_POINT('',(2.270959744913,25.041530314414));
#4367 = CARTESIAN_POINT('',(2.282810293083,25.086043208853));
#4368 = CARTESIAN_POINT('',(2.294534724256,25.135795450681));
#4369 = CARTESIAN_POINT('',(2.315536829503,25.236129495234));
#4370 = CARTESIAN_POINT('',(2.324866595582,25.28486262887));
#4371 = CARTESIAN_POINT('',(2.334065519301,25.337359275353));
#4372 = CARTESIAN_POINT('',(2.343107000801,25.393694490276));
#4373 = CARTESIAN_POINT('',(2.351965071418,25.453921055454));
#4374 = CARTESIAN_POINT('',(2.360614417334,25.518069024119));
#4375 = CARTESIAN_POINT('',(2.369030403211,25.586145266125));
#4376 = CARTESIAN_POINT('',(2.385027703008,25.727296504867));
#4377 = CARTESIAN_POINT('',(2.392624875828,25.800036128582));
#4378 = CARTESIAN_POINT('',(2.399955055159,25.87628915873));
#4379 = CARTESIAN_POINT('',(2.406994129077,25.955961215399));
#4380 = CARTESIAN_POINT('',(2.413719569401,26.038926082527));
#4381 = CARTESIAN_POINT('',(2.420110568225,26.125025526108));
#4382 = CARTESIAN_POINT('',(2.426148174443,26.214069112393));
#4383 = CARTESIAN_POINT('',(2.436902699135,26.388207718007));
#4384 = CARTESIAN_POINT('',(2.441690564502,26.472758505941));
#4385 = CARTESIAN_POINT('',(2.446168586484,26.559348916723));
#4386 = CARTESIAN_POINT('',(2.45032730248,26.647827841603));
#4387 = CARTESIAN_POINT('',(2.454158298045,26.73803064873));
#4388 = CARTESIAN_POINT('',(2.457654277752,26.829779295632));
#4389 = CARTESIAN_POINT('',(2.460809136045,26.922882441691));
#4390 = CARTESIAN_POINT('',(2.466825522372,27.124763882814));
#4391 = CARTESIAN_POINT('',(2.469582264309,27.233903352581));
#4392 = CARTESIAN_POINT('',(2.471882856265,27.344315106166));
#4393 = CARTESIAN_POINT('',(2.473722903069,27.455749932752));
#4394 = CARTESIAN_POINT('',(2.475099083753,27.567950621958));
#4395 = CARTESIAN_POINT('',(2.476009223271,27.680654311331));
#4396 = CARTESIAN_POINT('',(2.476452364227,27.793594833847));
#4397 = CARTESIAN_POINT('',(2.47640543776,28.018816369123));
#4398 = CARTESIAN_POINT('',(2.47592029987,28.131136283758));
#4399 = CARTESIAN_POINT('',(2.4749731669,28.243201435178));
#4400 = CARTESIAN_POINT('',(2.473565052819,28.354749556797));
#4401 = CARTESIAN_POINT('',(2.47169817175,28.465521780776));
#4402 = CARTESIAN_POINT('',(2.469375866119,28.575264929237));
#4403 = CARTESIAN_POINT('',(2.466602534808,28.683733805458));
#4404 = CARTESIAN_POINT('',(2.460597375832,28.88327253441));
#4405 = CARTESIAN_POINT('',(2.457477083001,28.974728396009));
#4406 = CARTESIAN_POINT('',(2.454027347556,29.064867205271));
#4407 = CARTESIAN_POINT('',(2.45025401046,29.153507444241));
#4408 = CARTESIAN_POINT('',(2.446164023819,29.240480042874));
#4409 = CARTESIAN_POINT('',(2.4417653858,29.325628480274));
#4410 = CARTESIAN_POINT('',(2.437067075552,29.408808885945));
#4411 = CARTESIAN_POINT('',(2.426685370022,29.577563288581));
#4412 = CARTESIAN_POINT('',(2.420953942069,29.662765939741));
#4413 = CARTESIAN_POINT('',(2.414899394103,29.745303362507));
#4414 = CARTESIAN_POINT('',(2.408538079462,29.825007753727));
#4415 = CARTESIAN_POINT('',(2.401887902803,29.901738089415));
#4416 = CARTESIAN_POINT('',(2.394968207917,29.975379975066));
#4417 = CARTESIAN_POINT('',(2.387799665555,30.045845495962));
#4418 = CARTESIAN_POINT('',(2.372754527176,30.182610762222));
#4419 = CARTESIAN_POINT('',(2.364865489769,30.24865321296));
#4420 = CARTESIAN_POINT('',(2.356757710404,30.311173217512));
#4421 = CARTESIAN_POINT('',(2.348452530985,30.370164181416));
#4422 = CARTESIAN_POINT('',(2.339971946243,30.425639760027));
#4423 = CARTESIAN_POINT('',(2.331338576035,30.477633500599));
#4424 = CARTESIAN_POINT('',(2.322575637641,30.526198484377));
#4425 = CARTESIAN_POINT('',(2.304125684113,30.620247510015));
#4426 = CARTESIAN_POINT('',(2.294420469236,30.665173214929));
#4427 = CARTESIAN_POINT('',(2.284609967286,30.706330864655));
#4428 = CARTESIAN_POINT('',(2.27471229403,30.743870526163));
#4429 = CARTESIAN_POINT('',(2.264745050457,30.777945493693));
#4430 = CARTESIAN_POINT('',(2.254725386068,30.808712230302));
#4431 = CARTESIAN_POINT('',(2.24467006218,30.8363303094));
#4432 = CARTESIAN_POINT('',(2.196422443621,30.954294681157));
#4433 = CARTESIAN_POINT('',(2.157954779241,31.004800561398));
#4434 = CARTESIAN_POINT('',(2.119641813388,31.022312244897));
#4435 = CARTESIAN_POINT('',(2.081709050431,31.014765582395));
#4436 = CARTESIAN_POINT('',(2.044261528678,30.988651651865));
#4437 = CARTESIAN_POINT('',(2.007304149996,30.949218334703));
#4438 = CARTESIAN_POINT('',(1.97073799399,30.900661361245));
#4439 = CARTESIAN_POINT('',(1.923695400461,30.830649392603));
#4440 = CARTESIAN_POINT('',(1.913084913725,30.814357846337));
#4441 = CARTESIAN_POINT('',(1.902497734371,30.797698306264));
#4442 = CARTESIAN_POINT('',(1.891932232402,30.780762815354));
#4443 = CARTESIAN_POINT('',(1.881386708775,30.7636404866));
#4444 = CARTESIAN_POINT('',(1.870859388162,30.746417817187));
#4445 = CARTESIAN_POINT('',(1.8603484117,30.729179002656));
#4446 = CARTESIAN_POINT('',(1.81481168937,30.654679434678));
#4447 = CARTESIAN_POINT('',(1.779783017674,30.597844568896));
#4448 = CARTESIAN_POINT('',(1.744838205005,30.544800655661));
#4449 = CARTESIAN_POINT('',(1.710003639,30.498617873131));
#4450 = CARTESIAN_POINT('',(1.675259214173,30.461916209366));
#4451 = CARTESIAN_POINT('',(1.640542426094,30.436638423905));
#4452 = CARTESIAN_POINT('',(1.605758290384,30.423885892825));
#4453 = CARTESIAN_POINT('',(1.535834363206,30.423885892825));
#4454 = CARTESIAN_POINT('',(1.501050227496,30.436638423905));
#4455 = CARTESIAN_POINT('',(1.466333439417,30.461916209366));
#4456 = CARTESIAN_POINT('',(1.43158901459,30.498617873131));
#4457 = CARTESIAN_POINT('',(1.396754448584,30.544800655661));
#4458 = CARTESIAN_POINT('',(1.361809635916,30.597844568897));
#4459 = CARTESIAN_POINT('',(1.32678096422,30.654679434677));
#4460 = CARTESIAN_POINT('',(1.283832037982,30.724945283559));
#4461 = CARTESIAN_POINT('',(1.275914922011,30.737921999074));
#4462 = CARTESIAN_POINT('',(1.267988741433,30.750901229566));
#4463 = CARTESIAN_POINT('',(1.260052758407,30.763847060341));
#4464 = CARTESIAN_POINT('',(1.252106231748,30.776722830055));
#4465 = CARTESIAN_POINT('',(1.244148416925,30.78949113072));
#4466 = CARTESIAN_POINT('',(1.236178566063,30.802113807698));
#4467 = CARTESIAN_POINT('',(1.228195927939,30.814551959704));
#4468 = ( GEOMETRIC_REPRESENTATION_CONTEXT(2) 
PARAMETRIC_REPRESENTATION_CONTEXT() REPRESENTATION_CONTEXT('2D SPACE',''
  ) );
#4469 = PCURVE('',#3169,#4470);
#4470 = DEFINITIONAL_REPRESENTATION('',(#4471),#4607);
#4471 = B_SPLINE_CURVE_WITH_KNOTS('',8,(#4472,#4473,#4474,#4475,#4476,
    #4477,#4478,#4479,#4480,#4481,#4482,#4483,#4484,#4485,#4486,#4487,
    #4488,#4489,#4490,#4491,#4492,#4493,#4494,#4495,#4496,#4497,#4498,
    #4499,#4500,#4501,#4502,#4503,#4504,#4505,#4506,#4507,#4508,#4509,
    #4510,#4511,#4512,#4513,#4514,#4515,#4516,#4517,#4518,#4519,#4520,
    #4521,#4522,#4523,#4524,#4525,#4526,#4527,#4528,#4529,#4530,#4531,
    #4532,#4533,#4534,#4535,#4536,#4537,#4538,#4539,#4540,#4541,#4542,
    #4543,#4544,#4545,#4546,#4547,#4548,#4549,#4550,#4551,#4552,#4553,
    #4554,#4555,#4556,#4557,#4558,#4559,#4560,#4561,#4562,#4563,#4564,
    #4565,#4566,#4567,#4568,#4569,#4570,#4571,#4572,#4573,#4574,#4575,
    #4576,#4577,#4578,#4579,#4580,#4581,#4582,#4583,#4584,#4585,#4586,
    #4587,#4588,#4589,#4590,#4591,#4592,#4593,#4594,#4595,#4596,#4597,
    #4598,#4599,#4600,#4601,#4602,#4603,#4604,#4605,#4606),
  .UNSPECIFIED.,.F.,.F.,(9,7,7,7,7,7,7,7,7,7,7,7,7,7,7,7,7,7,7,9),(0.,
    2.334874772021E-02,0.127403245436,0.231457743152,0.360960199772,
    0.394749706951,0.422302487756,0.448774305612,0.47253699748,
    0.499671788196,0.526662643493,0.550024603181,0.575285886279,
    0.601415216149,0.62964378066,0.736603529687,0.767848852301,
    0.872153329294,0.976457806286,1.),.UNSPECIFIED.);
#4472 = CARTESIAN_POINT('',(-5.060032747656,-27.3));
#4473 = CARTESIAN_POINT('',(-5.071753599004,-27.20422106082));
#4474 = CARTESIAN_POINT('',(-5.083214315901,-27.10828467271));
#4475 = CARTESIAN_POINT('',(-5.094414507102,-27.01219281469));
#4476 = CARTESIAN_POINT('',(-5.105353381983,-26.91594729352));
#4477 = CARTESIAN_POINT('',(-5.116029750544,-26.81954974376));
#4478 = CARTESIAN_POINT('',(-5.126442023407,-26.72300162771));
#4479 = CARTESIAN_POINT('',(-5.136588211817,-26.62630423544));
#4480 = CARTESIAN_POINT('',(-5.190486308145,-26.09786315562));
#4481 = CARTESIAN_POINT('',(-5.229367533915,-25.66144016891));
#4482 = CARTESIAN_POINT('',(-5.262652228695,-25.22190321057));
#4483 = CARTESIAN_POINT('',(-5.289908376115,-24.78046434713));
#4484 = CARTESIAN_POINT('',(-5.310736380281,-24.33772757706));
#4485 = CARTESIAN_POINT('',(-5.324809946283,-23.89371014576));
#4486 = CARTESIAN_POINT('',(-5.331909876198,-23.44799280537));
#4487 = CARTESIAN_POINT('',(-5.331909876198,-22.55200719462));
#4488 = CARTESIAN_POINT('',(-5.324809946283,-22.10628985423));
#4489 = CARTESIAN_POINT('',(-5.31073638028,-21.66227242293));
#4490 = CARTESIAN_POINT('',(-5.289908376115,-21.21953565286));
#4491 = CARTESIAN_POINT('',(-5.262652228696,-20.77809678942));
#4492 = CARTESIAN_POINT('',(-5.229367533914,-20.33855983108));
#4493 = CARTESIAN_POINT('',(-5.190486308145,-19.90213684437));
#4494 = CARTESIAN_POINT('',(-5.091679757497,-18.93339316186));
#4495 = CARTESIAN_POINT('',(-5.029014581879,-18.40452204909));
#4496 = CARTESIAN_POINT('',(-4.958613332244,-17.87953221684));
#4497 = CARTESIAN_POINT('',(-4.88018014658,-17.3573654701));
#4498 = CARTESIAN_POINT('',(-4.793316148135,-16.83947307663));
#4499 = CARTESIAN_POINT('',(-4.697350097057,-16.32934862054));
#4500 = CARTESIAN_POINT('',(-4.591398325657,-15.83245799942));
#4501 = CARTESIAN_POINT('',(-4.44309371104,-15.23238742954));
#4502 = CARTESIAN_POINT('',(-4.411574739807,-15.10949739448));
#4503 = CARTESIAN_POINT('',(-4.379222782878,-14.98815786292));
#4504 = CARTESIAN_POINT('',(-4.346032685407,-14.86862826746));
#4505 = CARTESIAN_POINT('',(-4.311995905729,-14.75116007258));
#4506 = CARTESIAN_POINT('',(-4.277100048128,-14.635999143));
#4507 = CARTESIAN_POINT('',(-4.2413283956,-14.52338811184));
#4508 = CARTESIAN_POINT('',(-4.174758692127,-14.32401938631));
#4509 = CARTESIAN_POINT('',(-4.144261557183,-14.23632694321));
#4510 = CARTESIAN_POINT('',(-4.11319157115,-14.15072864268));
#4511 = CARTESIAN_POINT('',(-4.08157130265,-14.0674403906));
#4512 = CARTESIAN_POINT('',(-4.049422130996,-13.98665785494));
#4513 = CARTESIAN_POINT('',(-4.016764021621,-13.90855754496));
#4514 = CARTESIAN_POINT('',(-3.983615301495,-13.83329789047));
#4515 = CARTESIAN_POINT('',(-3.917688674887,-13.69157837723));
#4516 = CARTESIAN_POINT('',(-3.884963347405,-13.62492400543));
#4517 = CARTESIAN_POINT('',(-3.851851609258,-13.5612204005));
#4518 = CARTESIAN_POINT('',(-3.818388100502,-13.50060694149));
#4519 = CARTESIAN_POINT('',(-3.784607499881,-13.44320099345));
#4520 = CARTESIAN_POINT('',(-3.750545080606,-13.38909970944));
#4521 = CARTESIAN_POINT('',(-3.716237266132,-13.33838183237));
#4522 = CARTESIAN_POINT('',(-3.650739379242,-13.24867501273));
#4523 = CARTESIAN_POINT('',(-3.619595512887,-13.20902514525));
#4524 = CARTESIAN_POINT('',(-3.5883089626,-13.17218939097));
#4525 = CARTESIAN_POINT('',(-3.556897782658,-13.13819000074));
#4526 = CARTESIAN_POINT('',(-3.525380216554,-13.10704270829));
#4527 = CARTESIAN_POINT('',(-3.493775207665,-13.0787574587));
#4528 = CARTESIAN_POINT('',(-3.462102909917,-13.05333913684));
#4529 = CARTESIAN_POINT('',(-3.394166512988,-13.00503732645));
#4530 = CARTESIAN_POINT('',(-3.357884691958,-12.98302248039));
#4531 = CARTESIAN_POINT('',(-3.321550492192,-12.9647295307));
#4532 = CARTESIAN_POINT('',(-3.285175008644,-12.95014650119));
#4533 = CARTESIAN_POINT('',(-3.248769679282,-12.93926377923));
#4534 = CARTESIAN_POINT('',(-3.212346289976,-12.93207422858));
#4535 = CARTESIAN_POINT('',(-3.175916979386,-12.92857330214));
#4536 = CARTESIAN_POINT('',(-3.103264711277,-12.92894402155));
#4537 = CARTESIAN_POINT('',(-3.067029267934,-12.93277672083));
#4538 = CARTESIAN_POINT('',(-3.030800362128,-12.94025940121));
#4539 = CARTESIAN_POINT('',(-2.994590078509,-12.95139677533));
#4540 = CARTESIAN_POINT('',(-2.958410144169,-12.96619600835));
#4541 = CARTESIAN_POINT('',(-2.922271934727,-12.98466660639));
#4542 = CARTESIAN_POINT('',(-2.886186480426,-13.00682030494));
#4543 = CARTESIAN_POINT('',(-2.818985589806,-13.05504601337));
#4544 = CARTESIAN_POINT('',(-2.787851721867,-13.08019265525));
#4545 = CARTESIAN_POINT('',(-2.756783619598,-13.10811014705));
#4546 = CARTESIAN_POINT('',(-2.725800439898,-13.13879367268));
#4547 = CARTESIAN_POINT('',(-2.694920215207,-13.17223366498));
#4548 = CARTESIAN_POINT('',(-2.664160323325,-13.20841513489));
#4549 = CARTESIAN_POINT('',(-2.633537957248,-13.24731700061));
#4550 = CARTESIAN_POINT('',(-2.57012624128,-13.33388745194));
#4551 = CARTESIAN_POINT('',(-2.537369221331,-13.38200323502));
#4552 = CARTESIAN_POINT('',(-2.50483283652,-13.43320513576));
#4553 = CARTESIAN_POINT('',(-2.472548915522,-13.48742574421));
#4554 = CARTESIAN_POINT('',(-2.440548271135,-13.54458246362));
#4555 = CARTESIAN_POINT('',(-2.408861157093,-13.60457610337));
#4556 = CARTESIAN_POINT('',(-2.377517724895,-13.66728947183));
#4557 = CARTESIAN_POINT('',(-2.31451504841,-13.800126233));
#4558 = CARTESIAN_POINT('',(-2.282896219559,-13.87039992915));
#4559 = CARTESIAN_POINT('',(-2.251708427788,-13.94328676524));
#4560 = CARTESIAN_POINT('',(-2.220969428155,-14.01865191054));
#4561 = CARTESIAN_POINT('',(-2.190698160926,-14.09634508769));
#4562 = CARTESIAN_POINT('',(-2.160914615451,-14.17619966441));
#4563 = CARTESIAN_POINT('',(-2.131639694044,-14.25803174512));
#4564 = CARTESIAN_POINT('',(-2.071841110337,-14.43196382172));
#4565 = CARTESIAN_POINT('',(-2.041404348222,-14.52436553811));
#4566 = CARTESIAN_POINT('',(-2.011575903612,-14.61869677656));
#4567 = CARTESIAN_POINT('',(-1.982349903676,-14.71480444678));
#4568 = CARTESIAN_POINT('',(-1.953722975558,-14.81252995516));
#4569 = CARTESIAN_POINT('',(-1.925693733275,-14.91170915645));
#4570 = CARTESIAN_POINT('',(-1.898262264627,-15.01217230553));
#4571 = CARTESIAN_POINT('',(-1.769759087239,-15.49860537595));
#4572 = CARTESIAN_POINT('',(-1.676636761317,-15.89957022124));
#4573 = CARTESIAN_POINT('',(-1.590960921114,-16.31160903958));
#4574 = CARTESIAN_POINT('',(-1.512047674921,-16.73098974262));
#4575 = CARTESIAN_POINT('',(-1.439349528192,-17.15509349472));
#4576 = CARTESIAN_POINT('',(-1.372456808133,-17.5824572856));
#4577 = CARTESIAN_POINT('',(-1.311004238413,-18.01302064044));
#4578 = CARTESIAN_POINT('',(-1.238337566573,-18.57581317405));
#4579 = CARTESIAN_POINT('',(-1.22237155943,-18.70333974723));
#4580 = CARTESIAN_POINT('',(-1.206867284774,-18.83114909616));
#4581 = CARTESIAN_POINT('',(-1.191825435243,-18.95923476621));
#4582 = CARTESIAN_POINT('',(-1.177247999077,-19.08759188543));
#4583 = CARTESIAN_POINT('',(-1.163138163603,-19.21621721482));
#4584 = CARTESIAN_POINT('',(-1.149500218719,-19.3451091985));
#4585 = CARTESIAN_POINT('',(-1.092405652019,-19.90543151504));
#4586 = CARTESIAN_POINT('',(-1.053602779302,-20.34140116244));
#4587 = CARTESIAN_POINT('',(-1.020386337093,-20.78047441919));
#4588 = CARTESIAN_POINT('',(-0.993187120483,-21.22144456136));
#4589 = CARTESIAN_POINT('',(-0.972403434015,-21.66370892433));
#4590 = CARTESIAN_POINT('',(-0.958360167873,-22.10724980102));
#4591 = CARTESIAN_POINT('',(-0.951275430982,-22.55248686606));
#4592 = CARTESIAN_POINT('',(-0.951275430982,-23.44751313393));
#4593 = CARTESIAN_POINT('',(-0.958360167873,-23.89275019897));
#4594 = CARTESIAN_POINT('',(-0.972403434015,-24.33629107566));
#4595 = CARTESIAN_POINT('',(-0.993187120483,-24.77855543863));
#4596 = CARTESIAN_POINT('',(-1.020386337093,-25.2195255808));
#4597 = CARTESIAN_POINT('',(-1.053602779302,-25.65859883755));
#4598 = CARTESIAN_POINT('',(-1.092405652019,-26.09456848495));
#4599 = CARTESIAN_POINT('',(-1.146255604503,-26.62304837131));
#4600 = CARTESIAN_POINT('',(-1.156442878776,-26.72021520434));
#4601 = CARTESIAN_POINT('',(-1.166898851456,-26.8172313542));
#4602 = CARTESIAN_POINT('',(-1.177621497654,-26.91409551462));
#4603 = CARTESIAN_POINT('',(-1.18860919933,-27.010806204));
#4604 = CARTESIAN_POINT('',(-1.199860745288,-27.10736176542));
#4605 = CARTESIAN_POINT('',(-1.211375331185,-27.20376036661));
#4606 = CARTESIAN_POINT('',(-1.223152559523,-27.3));
#4607 = ( GEOMETRIC_REPRESENTATION_CONTEXT(2) 
PARAMETRIC_REPRESENTATION_CONTEXT() REPRESENTATION_CONTEXT('2D SPACE',''
  ) );
#4608 = ADVANCED_FACE('',(#4609,#4612),#1490,.T.);
#4609 = FACE_BOUND('',#4610,.T.);
#4610 = EDGE_LOOP('',(#4611));
#4611 = ORIENTED_EDGE('',*,*,#1473,.T.);
#4612 = FACE_BOUND('',#4613,.T.);
#4613 = EDGE_LOOP('',(#4614));
#4614 = ORIENTED_EDGE('',*,*,#2963,.T.);
#4615 = ADVANCED_FACE('',(#4616),#1932,.F.);
#4616 = FACE_BOUND('',#4617,.F.);
#4617 = EDGE_LOOP('',(#4618,#4640));
#4618 = ORIENTED_EDGE('',*,*,#4619,.F.);
#4619 = EDGE_CURVE('',#1895,#1893,#4620,.T.);
#4620 = SURFACE_CURVE('',#4621,(#4626,#4633),.PCURVE_S1.);
#4621 = CIRCLE('',#4622,12.8);
#4622 = AXIS2_PLACEMENT_3D('',#4623,#4624,#4625);
#4623 = CARTESIAN_POINT('',(-1.5,32.8,28.));
#4624 = DIRECTION('',(0.,1.,0.));
#4625 = DIRECTION('',(0.,0.,-1.));
#4626 = PCURVE('',#1932,#4627);
#4627 = DEFINITIONAL_REPRESENTATION('',(#4628),#4632);
#4628 = LINE('',#4629,#4630);
#4629 = CARTESIAN_POINT('',(-0.,32.8));
#4630 = VECTOR('',#4631,1.);
#4631 = DIRECTION('',(1.,-0.));
#4632 = ( GEOMETRIC_REPRESENTATION_CONTEXT(2) 
PARAMETRIC_REPRESENTATION_CONTEXT() REPRESENTATION_CONTEXT('2D SPACE',''
  ) );
#4633 = PCURVE('',#1969,#4634);
#4634 = DEFINITIONAL_REPRESENTATION('',(#4635),#4639);
#4635 = CIRCLE('',#4636,12.8);
#4636 = AXIS2_PLACEMENT_2D('',#4637,#4638);
#4637 = CARTESIAN_POINT('',(-4.3,-3.));
#4638 = DIRECTION('',(-1.,0.));
#4639 = ( GEOMETRIC_REPRESENTATION_CONTEXT(2) 
PARAMETRIC_REPRESENTATION_CONTEXT() REPRESENTATION_CONTEXT('2D SPACE',''
  ) );
#4640 = ORIENTED_EDGE('',*,*,#1892,.F.);
#4641 = ADVANCED_FACE('',(#4642),#1969,.F.);
#4642 = FACE_BOUND('',#4643,.F.);
#4643 = EDGE_LOOP('',(#4644,#4645));
#4644 = ORIENTED_EDGE('',*,*,#1955,.T.);
#4645 = ORIENTED_EDGE('',*,*,#4619,.T.);
#4646 = ADVANCED_FACE('',(#4647,#4650),#2050,.T.);
#4647 = FACE_BOUND('',#4648,.T.);
#4648 = EDGE_LOOP('',(#4649));
#4649 = ORIENTED_EDGE('',*,*,#2033,.T.);
#4650 = FACE_BOUND('',#4651,.T.);
#4651 = EDGE_LOOP('',(#4652));
#4652 = ORIENTED_EDGE('',*,*,#2850,.T.);
#4653 = ADVANCED_FACE('',(#4654),#2470,.T.);
#4654 = FACE_BOUND('',#4655,.T.);
#4655 = EDGE_LOOP('',(#4656,#4657));
#4656 = ORIENTED_EDGE('',*,*,#2452,.T.);
#4657 = ORIENTED_EDGE('',*,*,#4658,.T.);
#4658 = EDGE_CURVE('',#2455,#2453,#4659,.T.);
#4659 = SURFACE_CURVE('',#4660,(#4665,#4672),.PCURVE_S1.);
#4660 = CIRCLE('',#4661,12.8);
#4661 = AXIS2_PLACEMENT_3D('',#4662,#4663,#4664);
#4662 = CARTESIAN_POINT('',(-1.5,-32.8,28.));
#4663 = DIRECTION('',(0.,1.,0.));
#4664 = DIRECTION('',(0.,0.,-1.));
#4665 = PCURVE('',#2470,#4666);
#4666 = DEFINITIONAL_REPRESENTATION('',(#4667),#4671);
#4667 = CIRCLE('',#4668,12.8);
#4668 = AXIS2_PLACEMENT_2D('',#4669,#4670);
#4669 = CARTESIAN_POINT('',(0.,11.3));
#4670 = DIRECTION('',(-1.,0.));
#4671 = ( GEOMETRIC_REPRESENTATION_CONTEXT(2) 
PARAMETRIC_REPRESENTATION_CONTEXT() REPRESENTATION_CONTEXT('2D SPACE',''
  ) );
#4672 = PCURVE('',#2518,#4673);
#4673 = DEFINITIONAL_REPRESENTATION('',(#4674),#4678);
#4674 = LINE('',#4675,#4676);
#4675 = CARTESIAN_POINT('',(0.,-32.8));
#4676 = VECTOR('',#4677,1.);
#4677 = DIRECTION('',(1.,0.));
#4678 = ( GEOMETRIC_REPRESENTATION_CONTEXT(2) 
PARAMETRIC_REPRESENTATION_CONTEXT() REPRESENTATION_CONTEXT('2D SPACE',''
  ) );
#4679 = ADVANCED_FACE('',(#4680),#2518,.F.);
#4680 = FACE_BOUND('',#4681,.F.);
#4681 = EDGE_LOOP('',(#4682,#4683));
#4682 = ORIENTED_EDGE('',*,*,#4658,.T.);
#4683 = ORIENTED_EDGE('',*,*,#2482,.F.);
#4684 = ADVANCED_FACE('',(#4685),#2587,.F.);
#4685 = FACE_BOUND('',#4686,.F.);
#4686 = EDGE_LOOP('',(#4687,#4688,#4689,#4690));
#4687 = ORIENTED_EDGE('',*,*,#3482,.F.);
#4688 = ORIENTED_EDGE('',*,*,#2571,.T.);
#4689 = ORIENTED_EDGE('',*,*,#4062,.F.);
#4690 = ORIENTED_EDGE('',*,*,#4691,.F.);
#4691 = EDGE_CURVE('',#3483,#4035,#4692,.T.);
#4692 = SURFACE_CURVE('',#4693,(#4697,#4704),.PCURVE_S1.);
#4693 = LINE('',#4694,#4695);
#4694 = CARTESIAN_POINT('',(1.5,-23.9,15.2));
#4695 = VECTOR('',#4696,1.);
#4696 = DIRECTION('',(-1.,0.,0.));
#4697 = PCURVE('',#2587,#4698);
#4698 = DEFINITIONAL_REPRESENTATION('',(#4699),#4703);
#4699 = LINE('',#4700,#4701);
#4700 = CARTESIAN_POINT('',(0.,-23.9));
#4701 = VECTOR('',#4702,1.);
#4702 = DIRECTION('',(1.,0.));
#4703 = ( GEOMETRIC_REPRESENTATION_CONTEXT(2) 
PARAMETRIC_REPRESENTATION_CONTEXT() REPRESENTATION_CONTEXT('2D SPACE',''
  ) );
#4704 = PCURVE('',#3304,#4705);
#4705 = DEFINITIONAL_REPRESENTATION('',(#4706),#4710);
#4706 = LINE('',#4707,#4708);
#4707 = CARTESIAN_POINT('',(8.8,0.));
#4708 = VECTOR('',#4709,1.);
#4709 = DIRECTION('',(0.,-1.));
#4710 = ( GEOMETRIC_REPRESENTATION_CONTEXT(2) 
PARAMETRIC_REPRESENTATION_CONTEXT() REPRESENTATION_CONTEXT('2D SPACE',''
  ) );
#4711 = ADVANCED_FACE('',(#4712),#2692,.T.);
#4712 = FACE_BOUND('',#4713,.T.);
#4713 = EDGE_LOOP('',(#4714,#4715,#4716));
#4714 = ORIENTED_EDGE('',*,*,#2799,.F.);
#4715 = ORIENTED_EDGE('',*,*,#4167,.F.);
#4716 = ORIENTED_EDGE('',*,*,#2674,.F.);
#4717 = ADVANCED_FACE('',(#4718,#4744),#2919,.T.);
#4718 = FACE_BOUND('',#4719,.T.);
#4719 = EDGE_LOOP('',(#4720));
#4720 = ORIENTED_EDGE('',*,*,#4721,.T.);
#4721 = EDGE_CURVE('',#4722,#4722,#4724,.T.);
#4722 = VERTEX_POINT('',#4723);
#4723 = CARTESIAN_POINT('',(15.6,-27.9,5.));
#4724 = SURFACE_CURVE('',#4725,(#4730,#4737),.PCURVE_S1.);
#4725 = CIRCLE('',#4726,3.1);
#4726 = AXIS2_PLACEMENT_3D('',#4727,#4728,#4729);
#4727 = CARTESIAN_POINT('',(12.5,-27.9,5.));
#4728 = DIRECTION('',(0.,0.,1.));
#4729 = DIRECTION('',(1.,0.,0.));
#4730 = PCURVE('',#2919,#4731);
#4731 = DEFINITIONAL_REPRESENTATION('',(#4732),#4736);
#4732 = CIRCLE('',#4733,3.1);
#4733 = AXIS2_PLACEMENT_2D('',#4734,#4735);
#4734 = CARTESIAN_POINT('',(0.,0.));
#4735 = DIRECTION('',(1.,0.));
#4736 = ( GEOMETRIC_REPRESENTATION_CONTEXT(2) 
PARAMETRIC_REPRESENTATION_CONTEXT() REPRESENTATION_CONTEXT('2D SPACE',''
  ) );
#4737 = PCURVE('',#3360,#4738);
#4738 = DEFINITIONAL_REPRESENTATION('',(#4739),#4743);
#4739 = LINE('',#4740,#4741);
#4740 = CARTESIAN_POINT('',(-0.,0.));
#4741 = VECTOR('',#4742,1.);
#4742 = DIRECTION('',(-1.,0.));
#4743 = ( GEOMETRIC_REPRESENTATION_CONTEXT(2) 
PARAMETRIC_REPRESENTATION_CONTEXT() REPRESENTATION_CONTEXT('2D SPACE',''
  ) );
#4744 = FACE_BOUND('',#4745,.T.);
#4745 = EDGE_LOOP('',(#4746));
#4746 = ORIENTED_EDGE('',*,*,#2904,.T.);
#4747 = ADVANCED_FACE('',(#4748,#4774),#3032,.T.);
#4748 = FACE_BOUND('',#4749,.T.);
#4749 = EDGE_LOOP('',(#4750));
#4750 = ORIENTED_EDGE('',*,*,#4751,.T.);
#4751 = EDGE_CURVE('',#4752,#4752,#4754,.T.);
#4752 = VERTEX_POINT('',#4753);
#4753 = CARTESIAN_POINT('',(15.6,27.9,5.));
#4754 = SURFACE_CURVE('',#4755,(#4760,#4767),.PCURVE_S1.);
#4755 = CIRCLE('',#4756,3.1);
#4756 = AXIS2_PLACEMENT_3D('',#4757,#4758,#4759);
#4757 = CARTESIAN_POINT('',(12.5,27.9,5.));
#4758 = DIRECTION('',(0.,0.,1.));
#4759 = DIRECTION('',(1.,0.,0.));
#4760 = PCURVE('',#3032,#4761);
#4761 = DEFINITIONAL_REPRESENTATION('',(#4762),#4766);
#4762 = CIRCLE('',#4763,3.1);
#4763 = AXIS2_PLACEMENT_2D('',#4764,#4765);
#4764 = CARTESIAN_POINT('',(0.,0.));
#4765 = DIRECTION('',(1.,0.));
#4766 = ( GEOMETRIC_REPRESENTATION_CONTEXT(2) 
PARAMETRIC_REPRESENTATION_CONTEXT() REPRESENTATION_CONTEXT('2D SPACE',''
  ) );
#4767 = PCURVE('',#3169,#4768);
#4768 = DEFINITIONAL_REPRESENTATION('',(#4769),#4773);
#4769 = LINE('',#4770,#4771);
#4770 = CARTESIAN_POINT('',(-0.,0.));
#4771 = VECTOR('',#4772,1.);
#4772 = DIRECTION('',(-1.,0.));
#4773 = ( GEOMETRIC_REPRESENTATION_CONTEXT(2) 
PARAMETRIC_REPRESENTATION_CONTEXT() REPRESENTATION_CONTEXT('2D SPACE',''
  ) );
#4774 = FACE_BOUND('',#4775,.T.);
#4775 = EDGE_LOOP('',(#4776));
#4776 = ORIENTED_EDGE('',*,*,#3017,.T.);
#4777 = ADVANCED_FACE('',(#4778),#3360,.F.);
#4778 = FACE_BOUND('',#4779,.T.);
#4779 = EDGE_LOOP('',(#4780,#4781,#4802,#4803,#4804,#4805));
#4780 = ORIENTED_EDGE('',*,*,#4721,.F.);
#4781 = ORIENTED_EDGE('',*,*,#4782,.T.);
#4782 = EDGE_CURVE('',#4722,#3340,#4783,.T.);
#4783 = SEAM_CURVE('',#4784,(#4788,#4795),.PCURVE_S1.);
#4784 = LINE('',#4785,#4786);
#4785 = CARTESIAN_POINT('',(15.6,-27.9,5.));
#4786 = VECTOR('',#4787,1.);
#4787 = DIRECTION('',(0.,0.,1.));
#4788 = PCURVE('',#3360,#4789);
#4789 = DEFINITIONAL_REPRESENTATION('',(#4790),#4794);
#4790 = LINE('',#4791,#4792);
#4791 = CARTESIAN_POINT('',(-6.28318530718,0.));
#4792 = VECTOR('',#4793,1.);
#4793 = DIRECTION('',(-0.,-1.));
#4794 = ( GEOMETRIC_REPRESENTATION_CONTEXT(2) 
PARAMETRIC_REPRESENTATION_CONTEXT() REPRESENTATION_CONTEXT('2D SPACE',''
  ) );
#4795 = PCURVE('',#3360,#4796);
#4796 = DEFINITIONAL_REPRESENTATION('',(#4797),#4801);
#4797 = LINE('',#4798,#4799);
#4798 = CARTESIAN_POINT('',(-0.,0.));
#4799 = VECTOR('',#4800,1.);
#4800 = DIRECTION('',(-0.,-1.));
#4801 = ( GEOMETRIC_REPRESENTATION_CONTEXT(2) 
PARAMETRIC_REPRESENTATION_CONTEXT() REPRESENTATION_CONTEXT('2D SPACE',''
  ) );
#4802 = ORIENTED_EDGE('',*,*,#3339,.F.);
#4803 = ORIENTED_EDGE('',*,*,#3532,.F.);
#4804 = ORIENTED_EDGE('',*,*,#3372,.F.);
#4805 = ORIENTED_EDGE('',*,*,#4782,.F.);
#4806 = ADVANCED_FACE('',(#4807),#3304,.F.);
#4807 = FACE_BOUND('',#4808,.F.);
#4808 = EDGE_LOOP('',(#4809,#4810,#4834,#4855,#4856,#4857));
#4809 = ORIENTED_EDGE('',*,*,#4034,.T.);
#4810 = ORIENTED_EDGE('',*,*,#4811,.T.);
#4811 = EDGE_CURVE('',#4007,#4812,#4814,.T.);
#4812 = VERTEX_POINT('',#4813);
#4813 = CARTESIAN_POINT('',(14.5,-23.9,24.));
#4814 = SURFACE_CURVE('',#4815,(#4820,#4827),.PCURVE_S1.);
#4815 = CIRCLE('',#4816,13.);
#4816 = AXIS2_PLACEMENT_3D('',#4817,#4818,#4819);
#4817 = CARTESIAN_POINT('',(1.5,-23.9,24.));
#4818 = DIRECTION('',(0.,-1.,0.));
#4819 = DIRECTION('',(1.,0.,0.));
#4820 = PCURVE('',#3304,#4821);
#4821 = DEFINITIONAL_REPRESENTATION('',(#4822),#4826);
#4822 = CIRCLE('',#4823,13.);
#4823 = AXIS2_PLACEMENT_2D('',#4824,#4825);
#4824 = CARTESIAN_POINT('',(0.,0.));
#4825 = DIRECTION('',(0.,1.));
#4826 = ( GEOMETRIC_REPRESENTATION_CONTEXT(2) 
PARAMETRIC_REPRESENTATION_CONTEXT() REPRESENTATION_CONTEXT('2D SPACE',''
  ) );
#4827 = PCURVE('',#4022,#4828);
#4828 = DEFINITIONAL_REPRESENTATION('',(#4829),#4833);
#4829 = LINE('',#4830,#4831);
#4830 = CARTESIAN_POINT('',(0.,0.));
#4831 = VECTOR('',#4832,1.);
#4832 = DIRECTION('',(1.,0.));
#4833 = ( GEOMETRIC_REPRESENTATION_CONTEXT(2) 
PARAMETRIC_REPRESENTATION_CONTEXT() REPRESENTATION_CONTEXT('2D SPACE',''
  ) );
#4834 = ORIENTED_EDGE('',*,*,#4835,.T.);
#4835 = EDGE_CURVE('',#4812,#3261,#4836,.T.);
#4836 = SURFACE_CURVE('',#4837,(#4841,#4848),.PCURVE_S1.);
#4837 = LINE('',#4838,#4839);
#4838 = CARTESIAN_POINT('',(14.5,-23.9,24.));
#4839 = VECTOR('',#4840,1.);
#4840 = DIRECTION('',(0.,0.,1.));
#4841 = PCURVE('',#3304,#4842);
#4842 = DEFINITIONAL_REPRESENTATION('',(#4843),#4847);
#4843 = LINE('',#4844,#4845);
#4844 = CARTESIAN_POINT('',(0.,13.));
#4845 = VECTOR('',#4846,1.);
#4846 = DIRECTION('',(-1.,0.));
#4847 = ( GEOMETRIC_REPRESENTATION_CONTEXT(2) 
PARAMETRIC_REPRESENTATION_CONTEXT() REPRESENTATION_CONTEXT('2D SPACE',''
  ) );
#4848 = PCURVE('',#3276,#4849);
#4849 = DEFINITIONAL_REPRESENTATION('',(#4850),#4854);
#4850 = LINE('',#4851,#4852);
#4851 = CARTESIAN_POINT('',(0.,0.));
#4852 = VECTOR('',#4853,1.);
#4853 = DIRECTION('',(1.,0.));
#4854 = ( GEOMETRIC_REPRESENTATION_CONTEXT(2) 
PARAMETRIC_REPRESENTATION_CONTEXT() REPRESENTATION_CONTEXT('2D SPACE',''
  ) );
#4855 = ORIENTED_EDGE('',*,*,#3288,.F.);
#4856 = ORIENTED_EDGE('',*,*,#3505,.T.);
#4857 = ORIENTED_EDGE('',*,*,#4691,.T.);
#4858 = ADVANCED_FACE('',(#4859),#3276,.F.);
#4859 = FACE_BOUND('',#4860,.F.);
#4860 = EDGE_LOOP('',(#4861,#4862,#4885,#4906));
#4861 = ORIENTED_EDGE('',*,*,#4835,.F.);
#4862 = ORIENTED_EDGE('',*,*,#4863,.T.);
#4863 = EDGE_CURVE('',#4812,#4864,#4866,.T.);
#4864 = VERTEX_POINT('',#4865);
#4865 = CARTESIAN_POINT('',(14.5,23.9,24.));
#4866 = SURFACE_CURVE('',#4867,(#4871,#4878),.PCURVE_S1.);
#4867 = LINE('',#4868,#4869);
#4868 = CARTESIAN_POINT('',(14.5,-23.9,24.));
#4869 = VECTOR('',#4870,1.);
#4870 = DIRECTION('',(-0.,1.,-0.));
#4871 = PCURVE('',#3276,#4872);
#4872 = DEFINITIONAL_REPRESENTATION('',(#4873),#4877);
#4873 = LINE('',#4874,#4875);
#4874 = CARTESIAN_POINT('',(0.,0.));
#4875 = VECTOR('',#4876,1.);
#4876 = DIRECTION('',(0.,-1.));
#4877 = ( GEOMETRIC_REPRESENTATION_CONTEXT(2) 
PARAMETRIC_REPRESENTATION_CONTEXT() REPRESENTATION_CONTEXT('2D SPACE',''
  ) );
#4878 = PCURVE('',#4022,#4879);
#4879 = DEFINITIONAL_REPRESENTATION('',(#4880),#4884);
#4880 = LINE('',#4881,#4882);
#4881 = CARTESIAN_POINT('',(6.28318530718,0.));
#4882 = VECTOR('',#4883,1.);
#4883 = DIRECTION('',(0.,-1.));
#4884 = ( GEOMETRIC_REPRESENTATION_CONTEXT(2) 
PARAMETRIC_REPRESENTATION_CONTEXT() REPRESENTATION_CONTEXT('2D SPACE',''
  ) );
#4885 = ORIENTED_EDGE('',*,*,#4886,.T.);
#4886 = EDGE_CURVE('',#4864,#3233,#4887,.T.);
#4887 = SURFACE_CURVE('',#4888,(#4892,#4899),.PCURVE_S1.);
#4888 = LINE('',#4889,#4890);
#4889 = CARTESIAN_POINT('',(14.5,23.9,24.));
#4890 = VECTOR('',#4891,1.);
#4891 = DIRECTION('',(0.,0.,1.));
#4892 = PCURVE('',#3276,#4893);
#4893 = DEFINITIONAL_REPRESENTATION('',(#4894),#4898);
#4894 = LINE('',#4895,#4896);
#4895 = CARTESIAN_POINT('',(0.,-47.8));
#4896 = VECTOR('',#4897,1.);
#4897 = DIRECTION('',(1.,0.));
#4898 = ( GEOMETRIC_REPRESENTATION_CONTEXT(2) 
PARAMETRIC_REPRESENTATION_CONTEXT() REPRESENTATION_CONTEXT('2D SPACE',''
  ) );
#4899 = PCURVE('',#3248,#4900);
#4900 = DEFINITIONAL_REPRESENTATION('',(#4901),#4905);
#4901 = LINE('',#4902,#4903);
#4902 = CARTESIAN_POINT('',(0.,26.));
#4903 = VECTOR('',#4904,1.);
#4904 = DIRECTION('',(1.,0.));
#4905 = ( GEOMETRIC_REPRESENTATION_CONTEXT(2) 
PARAMETRIC_REPRESENTATION_CONTEXT() REPRESENTATION_CONTEXT('2D SPACE',''
  ) );
#4906 = ORIENTED_EDGE('',*,*,#3260,.F.);
#4907 = ADVANCED_FACE('',(#4908),#3248,.F.);
#4908 = FACE_BOUND('',#4909,.F.);
#4909 = EDGE_LOOP('',(#4910,#4936,#4937,#4938,#4939,#4940));
#4910 = ORIENTED_EDGE('',*,*,#4911,.F.);
#4911 = EDGE_CURVE('',#3983,#4864,#4912,.T.);
#4912 = SURFACE_CURVE('',#4913,(#4918,#4929),.PCURVE_S1.);
#4913 = CIRCLE('',#4914,13.);
#4914 = AXIS2_PLACEMENT_3D('',#4915,#4916,#4917);
#4915 = CARTESIAN_POINT('',(1.5,23.9,24.));
#4916 = DIRECTION('',(0.,-1.,0.));
#4917 = DIRECTION('',(1.,0.,0.));
#4918 = PCURVE('',#3248,#4919);
#4919 = DEFINITIONAL_REPRESENTATION('',(#4920),#4928);
#4920 = ( BOUNDED_CURVE() B_SPLINE_CURVE(2,(#4921,#4922,#4923,#4924,
#4925,#4926,#4927),.UNSPECIFIED.,.T.,.F.) B_SPLINE_CURVE_WITH_KNOTS((1,2
    ,2,2,2,1),(-2.094395102393,0.,2.094395102393,4.188790204786,
6.28318530718,8.377580409573),.UNSPECIFIED.) CURVE() 
GEOMETRIC_REPRESENTATION_ITEM() RATIONAL_B_SPLINE_CURVE((1.,0.5,1.,0.5,
1.,0.5,1.)) REPRESENTATION_ITEM('') );
#4921 = CARTESIAN_POINT('',(0.,26.));
#4922 = CARTESIAN_POINT('',(22.516660498395,26.));
#4923 = CARTESIAN_POINT('',(11.258330249198,6.5));
#4924 = CARTESIAN_POINT('',(3.184081677783E-15,-13.));
#4925 = CARTESIAN_POINT('',(-11.25833024919,6.5));
#4926 = CARTESIAN_POINT('',(-22.51666049839,26.));
#4927 = CARTESIAN_POINT('',(0.,26.));
#4928 = ( GEOMETRIC_REPRESENTATION_CONTEXT(2) 
PARAMETRIC_REPRESENTATION_CONTEXT() REPRESENTATION_CONTEXT('2D SPACE',''
  ) );
#4929 = PCURVE('',#4022,#4930);
#4930 = DEFINITIONAL_REPRESENTATION('',(#4931),#4935);
#4931 = LINE('',#4932,#4933);
#4932 = CARTESIAN_POINT('',(0.,-47.8));
#4933 = VECTOR('',#4934,1.);
#4934 = DIRECTION('',(1.,0.));
#4935 = ( GEOMETRIC_REPRESENTATION_CONTEXT(2) 
PARAMETRIC_REPRESENTATION_CONTEXT() REPRESENTATION_CONTEXT('2D SPACE',''
  ) );
#4936 = ORIENTED_EDGE('',*,*,#3982,.F.);
#4937 = ORIENTED_EDGE('',*,*,#4115,.T.);
#4938 = ORIENTED_EDGE('',*,*,#4142,.F.);
#4939 = ORIENTED_EDGE('',*,*,#3232,.F.);
#4940 = ORIENTED_EDGE('',*,*,#4886,.F.);
#4941 = ADVANCED_FACE('',(#4942),#3169,.F.);
#4942 = FACE_BOUND('',#4943,.T.);
#4943 = EDGE_LOOP('',(#4944,#4945,#4966,#4967,#4968,#4969));
#4944 = ORIENTED_EDGE('',*,*,#4751,.F.);
#4945 = ORIENTED_EDGE('',*,*,#4946,.T.);
#4946 = EDGE_CURVE('',#4752,#3149,#4947,.T.);
#4947 = SEAM_CURVE('',#4948,(#4952,#4959),.PCURVE_S1.);
#4948 = LINE('',#4949,#4950);
#4949 = CARTESIAN_POINT('',(15.6,27.9,5.));
#4950 = VECTOR('',#4951,1.);
#4951 = DIRECTION('',(0.,0.,1.));
#4952 = PCURVE('',#3169,#4953);
#4953 = DEFINITIONAL_REPRESENTATION('',(#4954),#4958);
#4954 = LINE('',#4955,#4956);
#4955 = CARTESIAN_POINT('',(-6.28318530718,0.));
#4956 = VECTOR('',#4957,1.);
#4957 = DIRECTION('',(-0.,-1.));
#4958 = ( GEOMETRIC_REPRESENTATION_CONTEXT(2) 
PARAMETRIC_REPRESENTATION_CONTEXT() REPRESENTATION_CONTEXT('2D SPACE',''
  ) );
#4959 = PCURVE('',#3169,#4960);
#4960 = DEFINITIONAL_REPRESENTATION('',(#4961),#4965);
#4961 = LINE('',#4962,#4963);
#4962 = CARTESIAN_POINT('',(-0.,0.));
#4963 = VECTOR('',#4964,1.);
#4964 = DIRECTION('',(-0.,-1.));
#4965 = ( GEOMETRIC_REPRESENTATION_CONTEXT(2) 
PARAMETRIC_REPRESENTATION_CONTEXT() REPRESENTATION_CONTEXT('2D SPACE',''
  ) );
#4966 = ORIENTED_EDGE('',*,*,#3148,.F.);
#4967 = ORIENTED_EDGE('',*,*,#4192,.F.);
#4968 = ORIENTED_EDGE('',*,*,#3181,.F.);
#4969 = ORIENTED_EDGE('',*,*,#4946,.F.);
#4970 = ADVANCED_FACE('',(#4971),#4022,.F.);
#4971 = FACE_BOUND('',#4972,.F.);
#4972 = EDGE_LOOP('',(#4973,#4974,#4975,#4976));
#4973 = ORIENTED_EDGE('',*,*,#4863,.F.);
#4974 = ORIENTED_EDGE('',*,*,#4811,.F.);
#4975 = ORIENTED_EDGE('',*,*,#4006,.T.);
#4976 = ORIENTED_EDGE('',*,*,#4911,.T.);
#4977 = ( GEOMETRIC_REPRESENTATION_CONTEXT(3) 
GLOBAL_UNCERTAINTY_ASSIGNED_CONTEXT((#4981)) 
GLOBAL_UNIT_ASSIGNED_CONTEXT((#4978,#4979,#4980)) REPRESENTATION_CONTEXT
('Context #1','3D Context with UNIT and UNCERTAINTY') );
#4978 = ( LENGTH_UNIT() NAMED_UNIT(*) SI_UNIT(.MILLI.,.METRE.) );
#4979 = ( NAMED_UNIT(*) PLANE_ANGLE_UNIT() SI_UNIT($,.RADIAN.) );
#4980 = ( NAMED_UNIT(*) SI_UNIT($,.STERADIAN.) SOLID_ANGLE_UNIT() );
#4981 = UNCERTAINTY_MEASURE_WITH_UNIT(LENGTH_MEASURE(1.E-07),#4978,
  'distance_accuracy_value','confusion accuracy');
#4982 = PRODUCT_RELATED_PRODUCT_CATEGORY('part',$,(#7));
ENDSEC;
END-ISO-10303-21;
