ISO-10303-21;
HEADER;
FILE_DESCRIPTION(('Open CASCADE Model'),'2;1');
FILE_NAME('Open CASCADE Shape Model','2026-10-08T23:32:29',('Author'),(
    'Open CASCADE'),'Open CASCADE STEP processor 7.9','Open CASCADE 7.9'
  ,'Unknown');
FILE_SCHEMA(('AUTOMOTIVE_DESIGN { 1 0 10303 214 1 1 1 1 }'));
ENDSEC;
DATA;
#1 = APPLICATION_PROTOCOL_DEFINITION('international standard',
  'automotive_design',2000,#2);
#2 = APPLICATION_CONTEXT(
  'core data for automotive mechanical design processes');
#3 = SHAPE_DEFINITION_REPRESENTATION(#4,#10);
#4 = PRODUCT_DEFINITION_SHAPE('','',#5);
#5 = PRODUCT_DEFINITION('design','',#6,#9);
#6 = PRODUCT_DEFINITION_FORMATION('','',#7);
#7 = PRODUCT('Open CASCADE STEP translator 7.9 30',
  'Open CASCADE STEP translator 7.9 30','',(#8));
#8 = PRODUCT_CONTEXT('',#2,'mechanical');
#9 = PRODUCT_DEFINITION_CONTEXT('part definition',#2,'design');
#10 = ADVANCED_BREP_SHAPE_REPRESENTATION('',(#11,#15),#2060);
#11 = AXIS2_PLACEMENT_3D('',#12,#13,#14);
#12 = CARTESIAN_POINT('',(0.,0.,0.));
#13 = DIRECTION('',(0.,0.,1.));
#14 = DIRECTION('',(1.,0.,-0.));
#15 = MANIFOLD_SOLID_BREP('',#16);
#16 = CLOSED_SHELL('',(#17,#129,#184,#239,#278,#333,#368,#720,#1114,
    #1190,#1261,#1342,#1501,#1556,#1560,#1615,#1619,#1674,#1678,#1733,
    #1737,#1811,#1890,#1961,#1988,#2018,#2031));
#17 = ADVANCED_FACE('',(#18),#32,.T.);
#18 = FACE_BOUND('',#19,.T.);
#19 = EDGE_LOOP('',(#20,#50,#77,#78,#107));
#20 = ORIENTED_EDGE('',*,*,#21,.F.);
#21 = EDGE_CURVE('',#22,#24,#26,.T.);
#22 = VERTEX_POINT('',#23);
#23 = CARTESIAN_POINT('',(15.8,7.105427357601E-15,7.3000001));
#24 = VERTEX_POINT('',#25);
#25 = CARTESIAN_POINT('',(15.8,7.105427357601E-15,8.0000001));
#26 = SEAM_CURVE('',#27,(#31,#43),.PCURVE_S1.);
#27 = LINE('',#28,#29);
#28 = CARTESIAN_POINT('',(15.8,7.105427357601E-15,9.999999406318E-08));
#29 = VECTOR('',#30,1.);
#30 = DIRECTION('',(0.,1.110223024625E-16,1.));
#31 = PCURVE('',#32,#37);
#32 = CYLINDRICAL_SURFACE('',#33,15.8);
#33 = AXIS2_PLACEMENT_3D('',#34,#35,#36);
#34 = CARTESIAN_POINT('',(0.,7.105427357601E-15,9.999999406318E-08));
#35 = DIRECTION('',(0.,-1.110223024625E-16,-1.));
#36 = DIRECTION('',(1.,0.,0.));
#37 = DEFINITIONAL_REPRESENTATION('',(#38),#42);
#38 = LINE('',#39,#40);
#39 = CARTESIAN_POINT('',(6.28318530718,0.));
#40 = VECTOR('',#41,1.);
#41 = DIRECTION('',(0.,-1.));
#42 = ( GEOMETRIC_REPRESENTATION_CONTEXT(2) 
PARAMETRIC_REPRESENTATION_CONTEXT() REPRESENTATION_CONTEXT('2D SPACE',''
  ) );
#43 = PCURVE('',#32,#44);
#44 = DEFINITIONAL_REPRESENTATION('',(#45),#49);
#45 = LINE('',#46,#47);
#46 = CARTESIAN_POINT('',(0.,0.));
#47 = VECTOR('',#48,1.);
#48 = DIRECTION('',(0.,-1.));
#49 = ( GEOMETRIC_REPRESENTATION_CONTEXT(2) 
PARAMETRIC_REPRESENTATION_CONTEXT() REPRESENTATION_CONTEXT('2D SPACE',''
  ) );
#50 = ORIENTED_EDGE('',*,*,#51,.F.);
#51 = EDGE_CURVE('',#22,#22,#52,.T.);
#52 = SURFACE_CURVE('',#53,(#58,#65),.PCURVE_S1.);
#53 = CIRCLE('',#54,15.8);
#54 = AXIS2_PLACEMENT_3D('',#55,#56,#57);
#55 = CARTESIAN_POINT('',(0.,7.105427357601E-15,7.3000001));
#56 = DIRECTION('',(0.,-1.110223024625E-16,-1.));
#57 = DIRECTION('',(0.,1.,-1.110223024625E-16));
#58 = PCURVE('',#32,#59);
#59 = DEFINITIONAL_REPRESENTATION('',(#60),#64);
#60 = LINE('',#61,#62);
#61 = CARTESIAN_POINT('',(-1.570796326795,-7.3));
#62 = VECTOR('',#63,1.);
#63 = DIRECTION('',(1.,0.));
#64 = ( GEOMETRIC_REPRESENTATION_CONTEXT(2) 
PARAMETRIC_REPRESENTATION_CONTEXT() REPRESENTATION_CONTEXT('2D SPACE',''
  ) );
#65 = PCURVE('',#66,#71);
#66 = CONICAL_SURFACE('',#67,12.5,0.785398163397);
#67 = AXIS2_PLACEMENT_3D('',#68,#69,#70);
#68 = CARTESIAN_POINT('',(0.,7.105427357601E-15,4.0000001));
#69 = DIRECTION('',(0.,1.110223024625E-16,1.));
#70 = DIRECTION('',(1.,0.,0.));
#71 = DEFINITIONAL_REPRESENTATION('',(#72),#76);
#72 = LINE('',#73,#74);
#73 = CARTESIAN_POINT('',(7.853981633974,3.3));
#74 = VECTOR('',#75,1.);
#75 = DIRECTION('',(-1.,0.));
#76 = ( GEOMETRIC_REPRESENTATION_CONTEXT(2) 
PARAMETRIC_REPRESENTATION_CONTEXT() REPRESENTATION_CONTEXT('2D SPACE',''
  ) );
#77 = ORIENTED_EDGE('',*,*,#21,.T.);
#78 = ORIENTED_EDGE('',*,*,#79,.T.);
#79 = EDGE_CURVE('',#24,#80,#82,.T.);
#80 = VERTEX_POINT('',#81);
#81 = CARTESIAN_POINT('',(-3.869883885306E-15,-15.8,8.0000001));
#82 = SURFACE_CURVE('',#83,(#88,#95),.PCURVE_S1.);
#83 = CIRCLE('',#84,15.8);
#84 = AXIS2_PLACEMENT_3D('',#85,#86,#87);
#85 = CARTESIAN_POINT('',(0.,7.105427357601E-15,8.0000001));
#86 = DIRECTION('',(0.,-1.110223024625E-16,-1.));
#87 = DIRECTION('',(1.,0.,0.));
#88 = PCURVE('',#32,#89);
#89 = DEFINITIONAL_REPRESENTATION('',(#90),#94);
#90 = LINE('',#91,#92);
#91 = CARTESIAN_POINT('',(0.,-8.));
#92 = VECTOR('',#93,1.);
#93 = DIRECTION('',(1.,0.));
#94 = ( GEOMETRIC_REPRESENTATION_CONTEXT(2) 
PARAMETRIC_REPRESENTATION_CONTEXT() REPRESENTATION_CONTEXT('2D SPACE',''
  ) );
#95 = PCURVE('',#96,#101);
#96 = CONICAL_SURFACE('',#97,15.8,0.785398163397);
#97 = AXIS2_PLACEMENT_3D('',#98,#99,#100);
#98 = CARTESIAN_POINT('',(0.,7.105427357601E-15,8.0000001));
#99 = DIRECTION('',(0.,1.110223024625E-16,1.));
#100 = DIRECTION('',(0.,-1.,1.110223024625E-16));
#101 = DEFINITIONAL_REPRESENTATION('',(#102),#106);
#102 = LINE('',#103,#104);
#103 = CARTESIAN_POINT('',(1.570796326795,0.));
#104 = VECTOR('',#105,1.);
#105 = DIRECTION('',(-1.,-0.));
#106 = ( GEOMETRIC_REPRESENTATION_CONTEXT(2) 
PARAMETRIC_REPRESENTATION_CONTEXT() REPRESENTATION_CONTEXT('2D SPACE',''
  ) );
#107 = ORIENTED_EDGE('',*,*,#108,.T.);
#108 = EDGE_CURVE('',#80,#24,#109,.T.);
#109 = SURFACE_CURVE('',#110,(#115,#122),.PCURVE_S1.);
#110 = CIRCLE('',#111,15.8);
#111 = AXIS2_PLACEMENT_3D('',#112,#113,#114);
#112 = CARTESIAN_POINT('',(0.,7.105427357601E-15,8.0000001));
#113 = DIRECTION('',(0.,-1.110223024625E-16,-1.));
#114 = DIRECTION('',(1.,0.,0.));
#115 = PCURVE('',#32,#116);
#116 = DEFINITIONAL_REPRESENTATION('',(#117),#121);
#117 = LINE('',#118,#119);
#118 = CARTESIAN_POINT('',(0.,-8.));
#119 = VECTOR('',#120,1.);
#120 = DIRECTION('',(1.,0.));
#121 = ( GEOMETRIC_REPRESENTATION_CONTEXT(2) 
PARAMETRIC_REPRESENTATION_CONTEXT() REPRESENTATION_CONTEXT('2D SPACE',''
  ) );
#122 = PCURVE('',#96,#123);
#123 = DEFINITIONAL_REPRESENTATION('',(#124),#128);
#124 = LINE('',#125,#126);
#125 = CARTESIAN_POINT('',(7.853981633974,0.));
#126 = VECTOR('',#127,1.);
#127 = DIRECTION('',(-1.,-0.));
#128 = ( GEOMETRIC_REPRESENTATION_CONTEXT(2) 
PARAMETRIC_REPRESENTATION_CONTEXT() REPRESENTATION_CONTEXT('2D SPACE',''
  ) );
#129 = ADVANCED_FACE('',(#130),#66,.T.);
#130 = FACE_BOUND('',#131,.T.);
#131 = EDGE_LOOP('',(#132,#155,#182,#183));
#132 = ORIENTED_EDGE('',*,*,#133,.F.);
#133 = EDGE_CURVE('',#134,#22,#136,.T.);
#134 = VERTEX_POINT('',#135);
#135 = CARTESIAN_POINT('',(12.5,7.105427357601E-15,4.0000001));
#136 = SEAM_CURVE('',#137,(#141,#148),.PCURVE_S1.);
#137 = LINE('',#138,#139);
#138 = CARTESIAN_POINT('',(12.5,7.105427357601E-15,4.0000001));
#139 = VECTOR('',#140,1.);
#140 = DIRECTION('',(0.707106781187,7.850462293419E-17,0.707106781187));
#141 = PCURVE('',#66,#142);
#142 = DEFINITIONAL_REPRESENTATION('',(#143),#147);
#143 = LINE('',#144,#145);
#144 = CARTESIAN_POINT('',(0.,0.));
#145 = VECTOR('',#146,1.);
#146 = DIRECTION('',(0.,1.));
#147 = ( GEOMETRIC_REPRESENTATION_CONTEXT(2) 
PARAMETRIC_REPRESENTATION_CONTEXT() REPRESENTATION_CONTEXT('2D SPACE',''
  ) );
#148 = PCURVE('',#66,#149);
#149 = DEFINITIONAL_REPRESENTATION('',(#150),#154);
#150 = LINE('',#151,#152);
#151 = CARTESIAN_POINT('',(6.28318530718,0.));
#152 = VECTOR('',#153,1.);
#153 = DIRECTION('',(0.,1.));
#154 = ( GEOMETRIC_REPRESENTATION_CONTEXT(2) 
PARAMETRIC_REPRESENTATION_CONTEXT() REPRESENTATION_CONTEXT('2D SPACE',''
  ) );
#155 = ORIENTED_EDGE('',*,*,#156,.T.);
#156 = EDGE_CURVE('',#134,#134,#157,.T.);
#157 = SURFACE_CURVE('',#158,(#163,#170),.PCURVE_S1.);
#158 = CIRCLE('',#159,12.5);
#159 = AXIS2_PLACEMENT_3D('',#160,#161,#162);
#160 = CARTESIAN_POINT('',(0.,7.105427357601E-15,4.0000001));
#161 = DIRECTION('',(-0.,1.110223024625E-16,1.));
#162 = DIRECTION('',(1.,0.,0.));
#163 = PCURVE('',#66,#164);
#164 = DEFINITIONAL_REPRESENTATION('',(#165),#169);
#165 = LINE('',#166,#167);
#166 = CARTESIAN_POINT('',(0.,0.));
#167 = VECTOR('',#168,1.);
#168 = DIRECTION('',(1.,0.));
#169 = ( GEOMETRIC_REPRESENTATION_CONTEXT(2) 
PARAMETRIC_REPRESENTATION_CONTEXT() REPRESENTATION_CONTEXT('2D SPACE',''
  ) );
#170 = PCURVE('',#171,#176);
#171 = CYLINDRICAL_SURFACE('',#172,12.5);
#172 = AXIS2_PLACEMENT_3D('',#173,#174,#175);
#173 = CARTESIAN_POINT('',(0.,7.105427357601E-15,1.0000001));
#174 = DIRECTION('',(0.,1.110223024625E-16,1.));
#175 = DIRECTION('',(1.,0.,0.));
#176 = DEFINITIONAL_REPRESENTATION('',(#177),#181);
#177 = LINE('',#178,#179);
#178 = CARTESIAN_POINT('',(0.,3.));
#179 = VECTOR('',#180,1.);
#180 = DIRECTION('',(1.,0.));
#181 = ( GEOMETRIC_REPRESENTATION_CONTEXT(2) 
PARAMETRIC_REPRESENTATION_CONTEXT() REPRESENTATION_CONTEXT('2D SPACE',''
  ) );
#182 = ORIENTED_EDGE('',*,*,#133,.T.);
#183 = ORIENTED_EDGE('',*,*,#51,.T.);
#184 = ADVANCED_FACE('',(#185),#171,.T.);
#185 = FACE_BOUND('',#186,.T.);
#186 = EDGE_LOOP('',(#187,#216,#237,#238));
#187 = ORIENTED_EDGE('',*,*,#188,.T.);
#188 = EDGE_CURVE('',#189,#189,#191,.T.);
#189 = VERTEX_POINT('',#190);
#190 = CARTESIAN_POINT('',(12.5,7.105427357601E-15,1.0000001));
#191 = SURFACE_CURVE('',#192,(#197,#204),.PCURVE_S1.);
#192 = CIRCLE('',#193,12.5);
#193 = AXIS2_PLACEMENT_3D('',#194,#195,#196);
#194 = CARTESIAN_POINT('',(0.,7.105427357601E-15,1.0000001));
#195 = DIRECTION('',(-0.,1.110223024625E-16,1.));
#196 = DIRECTION('',(1.,0.,0.));
#197 = PCURVE('',#171,#198);
#198 = DEFINITIONAL_REPRESENTATION('',(#199),#203);
#199 = LINE('',#200,#201);
#200 = CARTESIAN_POINT('',(0.,0.));
#201 = VECTOR('',#202,1.);
#202 = DIRECTION('',(1.,0.));
#203 = ( GEOMETRIC_REPRESENTATION_CONTEXT(2) 
PARAMETRIC_REPRESENTATION_CONTEXT() REPRESENTATION_CONTEXT('2D SPACE',''
  ) );
#204 = PCURVE('',#205,#210);
#205 = PLANE('',#206);
#206 = AXIS2_PLACEMENT_3D('',#207,#208,#209);
#207 = CARTESIAN_POINT('',(0.,7.105427357601E-15,1.0000001));
#208 = DIRECTION('',(0.,1.110223024625E-16,1.));
#209 = DIRECTION('',(1.,0.,0.));
#210 = DEFINITIONAL_REPRESENTATION('',(#211),#215);
#211 = CIRCLE('',#212,12.5);
#212 = AXIS2_PLACEMENT_2D('',#213,#214);
#213 = CARTESIAN_POINT('',(0.,0.));
#214 = DIRECTION('',(1.,0.));
#215 = ( GEOMETRIC_REPRESENTATION_CONTEXT(2) 
PARAMETRIC_REPRESENTATION_CONTEXT() REPRESENTATION_CONTEXT('2D SPACE',''
  ) );
#216 = ORIENTED_EDGE('',*,*,#217,.T.);
#217 = EDGE_CURVE('',#189,#134,#218,.T.);
#218 = SEAM_CURVE('',#219,(#223,#230),.PCURVE_S1.);
#219 = LINE('',#220,#221);
#220 = CARTESIAN_POINT('',(12.5,7.105427357601E-15,1.0000001));
#221 = VECTOR('',#222,1.);
#222 = DIRECTION('',(0.,1.110223024625E-16,1.));
#223 = PCURVE('',#171,#224);
#224 = DEFINITIONAL_REPRESENTATION('',(#225),#229);
#225 = LINE('',#226,#227);
#226 = CARTESIAN_POINT('',(0.,0.));
#227 = VECTOR('',#228,1.);
#228 = DIRECTION('',(0.,1.));
#229 = ( GEOMETRIC_REPRESENTATION_CONTEXT(2) 
PARAMETRIC_REPRESENTATION_CONTEXT() REPRESENTATION_CONTEXT('2D SPACE',''
  ) );
#230 = PCURVE('',#171,#231);
#231 = DEFINITIONAL_REPRESENTATION('',(#232),#236);
#232 = LINE('',#233,#234);
#233 = CARTESIAN_POINT('',(6.28318530718,0.));
#234 = VECTOR('',#235,1.);
#235 = DIRECTION('',(0.,1.));
#236 = ( GEOMETRIC_REPRESENTATION_CONTEXT(2) 
PARAMETRIC_REPRESENTATION_CONTEXT() REPRESENTATION_CONTEXT('2D SPACE',''
  ) );
#237 = ORIENTED_EDGE('',*,*,#156,.F.);
#238 = ORIENTED_EDGE('',*,*,#217,.F.);
#239 = ADVANCED_FACE('',(#240,#275),#205,.T.);
#240 = FACE_BOUND('',#241,.T.);
#241 = EDGE_LOOP('',(#242));
#242 = ORIENTED_EDGE('',*,*,#243,.F.);
#243 = EDGE_CURVE('',#244,#244,#246,.T.);
#244 = VERTEX_POINT('',#245);
#245 = CARTESIAN_POINT('',(15.8,7.105427357601E-15,1.0000001));
#246 = SURFACE_CURVE('',#247,(#252,#263),.PCURVE_S1.);
#247 = CIRCLE('',#248,15.8);
#248 = AXIS2_PLACEMENT_3D('',#249,#250,#251);
#249 = CARTESIAN_POINT('',(0.,7.105427357601E-15,1.0000001));
#250 = DIRECTION('',(0.,-1.110223024625E-16,-1.));
#251 = DIRECTION('',(1.,0.,0.));
#252 = PCURVE('',#205,#253);
#253 = DEFINITIONAL_REPRESENTATION('',(#254),#262);
#254 = ( BOUNDED_CURVE() B_SPLINE_CURVE(2,(#255,#256,#257,#258,#259,#260
,#261),.UNSPECIFIED.,.T.,.F.) B_SPLINE_CURVE_WITH_KNOTS((1,2,2,2,2,1),(
    -2.094395102393,0.,2.094395102393,4.188790204786,6.28318530718,
8.377580409573),.UNSPECIFIED.) CURVE() GEOMETRIC_REPRESENTATION_ITEM() 
RATIONAL_B_SPLINE_CURVE((1.,0.5,1.,0.5,1.,0.5,1.)) REPRESENTATION_ITEM(
  '') );
#255 = CARTESIAN_POINT('',(15.8,0.));
#256 = CARTESIAN_POINT('',(15.8,-27.36640275958));
#257 = CARTESIAN_POINT('',(-7.9,-13.68320137979));
#258 = CARTESIAN_POINT('',(-31.6,-3.869883885306E-15));
#259 = CARTESIAN_POINT('',(-7.9,13.683201379794));
#260 = CARTESIAN_POINT('',(15.8,27.366402759588));
#261 = CARTESIAN_POINT('',(15.8,0.));
#262 = ( GEOMETRIC_REPRESENTATION_CONTEXT(2) 
PARAMETRIC_REPRESENTATION_CONTEXT() REPRESENTATION_CONTEXT('2D SPACE',''
  ) );
#263 = PCURVE('',#264,#269);
#264 = CYLINDRICAL_SURFACE('',#265,15.8);
#265 = AXIS2_PLACEMENT_3D('',#266,#267,#268);
#266 = CARTESIAN_POINT('',(0.,7.105427357601E-15,9.999999406318E-08));
#267 = DIRECTION('',(0.,-1.110223024625E-16,-1.));
#268 = DIRECTION('',(1.,0.,0.));
#269 = DEFINITIONAL_REPRESENTATION('',(#270),#274);
#270 = LINE('',#271,#272);
#271 = CARTESIAN_POINT('',(0.,-1.));
#272 = VECTOR('',#273,1.);
#273 = DIRECTION('',(1.,0.));
#274 = ( GEOMETRIC_REPRESENTATION_CONTEXT(2) 
PARAMETRIC_REPRESENTATION_CONTEXT() REPRESENTATION_CONTEXT('2D SPACE',''
  ) );
#275 = FACE_BOUND('',#276,.T.);
#276 = EDGE_LOOP('',(#277));
#277 = ORIENTED_EDGE('',*,*,#188,.F.);
#278 = ADVANCED_FACE('',(#279),#264,.T.);
#279 = FACE_BOUND('',#280,.T.);
#280 = EDGE_LOOP('',(#281,#282,#305,#332));
#281 = ORIENTED_EDGE('',*,*,#243,.T.);
#282 = ORIENTED_EDGE('',*,*,#283,.F.);
#283 = EDGE_CURVE('',#284,#244,#286,.T.);
#284 = VERTEX_POINT('',#285);
#285 = CARTESIAN_POINT('',(15.8,7.105427357601E-15,9.999999406318E-08));
#286 = SEAM_CURVE('',#287,(#291,#298),.PCURVE_S1.);
#287 = LINE('',#288,#289);
#288 = CARTESIAN_POINT('',(15.8,7.105427357601E-15,9.999999406318E-08));
#289 = VECTOR('',#290,1.);
#290 = DIRECTION('',(0.,1.110223024625E-16,1.));
#291 = PCURVE('',#264,#292);
#292 = DEFINITIONAL_REPRESENTATION('',(#293),#297);
#293 = LINE('',#294,#295);
#294 = CARTESIAN_POINT('',(0.,0.));
#295 = VECTOR('',#296,1.);
#296 = DIRECTION('',(0.,-1.));
#297 = ( GEOMETRIC_REPRESENTATION_CONTEXT(2) 
PARAMETRIC_REPRESENTATION_CONTEXT() REPRESENTATION_CONTEXT('2D SPACE',''
  ) );
#298 = PCURVE('',#264,#299);
#299 = DEFINITIONAL_REPRESENTATION('',(#300),#304);
#300 = LINE('',#301,#302);
#301 = CARTESIAN_POINT('',(6.28318530718,0.));
#302 = VECTOR('',#303,1.);
#303 = DIRECTION('',(0.,-1.));
#304 = ( GEOMETRIC_REPRESENTATION_CONTEXT(2) 
PARAMETRIC_REPRESENTATION_CONTEXT() REPRESENTATION_CONTEXT('2D SPACE',''
  ) );
#305 = ORIENTED_EDGE('',*,*,#306,.F.);
#306 = EDGE_CURVE('',#284,#284,#307,.T.);
#307 = SURFACE_CURVE('',#308,(#313,#320),.PCURVE_S1.);
#308 = CIRCLE('',#309,15.8);
#309 = AXIS2_PLACEMENT_3D('',#310,#311,#312);
#310 = CARTESIAN_POINT('',(0.,7.105427357601E-15,9.999999406318E-08));
#311 = DIRECTION('',(0.,-1.110223024625E-16,-1.));
#312 = DIRECTION('',(1.,0.,0.));
#313 = PCURVE('',#264,#314);
#314 = DEFINITIONAL_REPRESENTATION('',(#315),#319);
#315 = LINE('',#316,#317);
#316 = CARTESIAN_POINT('',(0.,0.));
#317 = VECTOR('',#318,1.);
#318 = DIRECTION('',(1.,0.));
#319 = ( GEOMETRIC_REPRESENTATION_CONTEXT(2) 
PARAMETRIC_REPRESENTATION_CONTEXT() REPRESENTATION_CONTEXT('2D SPACE',''
  ) );
#320 = PCURVE('',#321,#326);
#321 = PLANE('',#322);
#322 = AXIS2_PLACEMENT_3D('',#323,#324,#325);
#323 = CARTESIAN_POINT('',(-1.038562125979E-15,1.42108547152E-14,
    9.999999406318E-08));
#324 = DIRECTION('',(-0.,-1.110223024625E-16,-1.));
#325 = DIRECTION('',(0.,1.,-1.110223024625E-16));
#326 = DEFINITIONAL_REPRESENTATION('',(#327),#331);
#327 = CIRCLE('',#328,15.8);
#328 = AXIS2_PLACEMENT_2D('',#329,#330);
#329 = CARTESIAN_POINT('',(-7.105427357601E-15,1.038562125979E-15));
#330 = DIRECTION('',(0.,1.));
#331 = ( GEOMETRIC_REPRESENTATION_CONTEXT(2) 
PARAMETRIC_REPRESENTATION_CONTEXT() REPRESENTATION_CONTEXT('2D SPACE',''
  ) );
#332 = ORIENTED_EDGE('',*,*,#283,.T.);
#333 = ADVANCED_FACE('',(#334,#337),#321,.T.);
#334 = FACE_BOUND('',#335,.T.);
#335 = EDGE_LOOP('',(#336));
#336 = ORIENTED_EDGE('',*,*,#306,.T.);
#337 = FACE_BOUND('',#338,.T.);
#338 = EDGE_LOOP('',(#339));
#339 = ORIENTED_EDGE('',*,*,#340,.F.);
#340 = EDGE_CURVE('',#341,#341,#343,.T.);
#341 = VERTEX_POINT('',#342);
#342 = CARTESIAN_POINT('',(4.05,7.105427357601E-15,9.999999406318E-08));
#343 = SURFACE_CURVE('',#344,(#349,#356),.PCURVE_S1.);
#344 = CIRCLE('',#345,4.05);
#345 = AXIS2_PLACEMENT_3D('',#346,#347,#348);
#346 = CARTESIAN_POINT('',(0.,7.105427357601E-15,9.999999406318E-08));
#347 = DIRECTION('',(0.,-1.110223024625E-16,-1.));
#348 = DIRECTION('',(1.,0.,0.));
#349 = PCURVE('',#321,#350);
#350 = DEFINITIONAL_REPRESENTATION('',(#351),#355);
#351 = CIRCLE('',#352,4.05);
#352 = AXIS2_PLACEMENT_2D('',#353,#354);
#353 = CARTESIAN_POINT('',(-7.105427357601E-15,1.038562125979E-15));
#354 = DIRECTION('',(0.,1.));
#355 = ( GEOMETRIC_REPRESENTATION_CONTEXT(2) 
PARAMETRIC_REPRESENTATION_CONTEXT() REPRESENTATION_CONTEXT('2D SPACE',''
  ) );
#356 = PCURVE('',#357,#362);
#357 = CYLINDRICAL_SURFACE('',#358,4.05);
#358 = AXIS2_PLACEMENT_3D('',#359,#360,#361);
#359 = CARTESIAN_POINT('',(0.,7.105427357601E-15,-9.999900000011E-03));
#360 = DIRECTION('',(0.,-1.110223024625E-16,-1.));
#361 = DIRECTION('',(1.,0.,0.));
#362 = DEFINITIONAL_REPRESENTATION('',(#363),#367);
#363 = LINE('',#364,#365);
#364 = CARTESIAN_POINT('',(0.,-1.000000000001E-02));
#365 = VECTOR('',#366,1.);
#366 = DIRECTION('',(1.,0.));
#367 = ( GEOMETRIC_REPRESENTATION_CONTEXT(2) 
PARAMETRIC_REPRESENTATION_CONTEXT() REPRESENTATION_CONTEXT('2D SPACE',''
  ) );
#368 = ADVANCED_FACE('',(#369,#423),#357,.F.);
#369 = FACE_BOUND('',#370,.F.);
#370 = EDGE_LOOP('',(#371,#394,#395,#396));
#371 = ORIENTED_EDGE('',*,*,#372,.F.);
#372 = EDGE_CURVE('',#341,#373,#375,.T.);
#373 = VERTEX_POINT('',#374);
#374 = CARTESIAN_POINT('',(4.05,1.42108547152E-14,19.0000001));
#375 = SEAM_CURVE('',#376,(#380,#387),.PCURVE_S1.);
#376 = LINE('',#377,#378);
#377 = CARTESIAN_POINT('',(4.05,7.105427357601E-15,-9.999900000011E-03)
  );
#378 = VECTOR('',#379,1.);
#379 = DIRECTION('',(0.,1.110223024625E-16,1.));
#380 = PCURVE('',#357,#381);
#381 = DEFINITIONAL_REPRESENTATION('',(#382),#386);
#382 = LINE('',#383,#384);
#383 = CARTESIAN_POINT('',(6.28318530718,0.));
#384 = VECTOR('',#385,1.);
#385 = DIRECTION('',(0.,-1.));
#386 = ( GEOMETRIC_REPRESENTATION_CONTEXT(2) 
PARAMETRIC_REPRESENTATION_CONTEXT() REPRESENTATION_CONTEXT('2D SPACE',''
  ) );
#387 = PCURVE('',#357,#388);
#388 = DEFINITIONAL_REPRESENTATION('',(#389),#393);
#389 = LINE('',#390,#391);
#390 = CARTESIAN_POINT('',(0.,0.));
#391 = VECTOR('',#392,1.);
#392 = DIRECTION('',(0.,-1.));
#393 = ( GEOMETRIC_REPRESENTATION_CONTEXT(2) 
PARAMETRIC_REPRESENTATION_CONTEXT() REPRESENTATION_CONTEXT('2D SPACE',''
  ) );
#394 = ORIENTED_EDGE('',*,*,#340,.F.);
#395 = ORIENTED_EDGE('',*,*,#372,.T.);
#396 = ORIENTED_EDGE('',*,*,#397,.T.);
#397 = EDGE_CURVE('',#373,#373,#398,.T.);
#398 = SURFACE_CURVE('',#399,(#404,#411),.PCURVE_S1.);
#399 = CIRCLE('',#400,4.05);
#400 = AXIS2_PLACEMENT_3D('',#401,#402,#403);
#401 = CARTESIAN_POINT('',(0.,1.42108547152E-14,19.0000001));
#402 = DIRECTION('',(0.,-1.110223024625E-16,-1.));
#403 = DIRECTION('',(1.,0.,0.));
#404 = PCURVE('',#357,#405);
#405 = DEFINITIONAL_REPRESENTATION('',(#406),#410);
#406 = LINE('',#407,#408);
#407 = CARTESIAN_POINT('',(0.,-19.01));
#408 = VECTOR('',#409,1.);
#409 = DIRECTION('',(1.,0.));
#410 = ( GEOMETRIC_REPRESENTATION_CONTEXT(2) 
PARAMETRIC_REPRESENTATION_CONTEXT() REPRESENTATION_CONTEXT('2D SPACE',''
  ) );
#411 = PCURVE('',#412,#417);
#412 = PLANE('',#413);
#413 = AXIS2_PLACEMENT_3D('',#414,#415,#416);
#414 = CARTESIAN_POINT('',(-1.709300165674E-16,2.84217094304E-14,
    19.0000001));
#415 = DIRECTION('',(-0.,-1.110223024625E-16,-1.));
#416 = DIRECTION('',(0.,1.,-1.110223024625E-16));
#417 = DEFINITIONAL_REPRESENTATION('',(#418),#422);
#418 = CIRCLE('',#419,4.05);
#419 = AXIS2_PLACEMENT_2D('',#420,#421);
#420 = CARTESIAN_POINT('',(-1.42108547152E-14,1.709300165674E-16));
#421 = DIRECTION('',(0.,1.));
#422 = ( GEOMETRIC_REPRESENTATION_CONTEXT(2) 
PARAMETRIC_REPRESENTATION_CONTEXT() REPRESENTATION_CONTEXT('2D SPACE',''
  ) );
#423 = FACE_BOUND('',#424,.F.);
#424 = EDGE_LOOP('',(#425));
#425 = ORIENTED_EDGE('',*,*,#426,.F.);
#426 = EDGE_CURVE('',#427,#427,#429,.T.);
#427 = VERTEX_POINT('',#428);
#428 = CARTESIAN_POINT('',(1.7,-3.675935255143,15.5000001));
#429 = SURFACE_CURVE('',#430,(#523,#619),.PCURVE_S1.);
#430 = B_SPLINE_CURVE_WITH_KNOTS('',6,(#431,#432,#433,#434,#435,#436,
    #437,#438,#439,#440,#441,#442,#443,#444,#445,#446,#447,#448,#449,
    #450,#451,#452,#453,#454,#455,#456,#457,#458,#459,#460,#461,#462,
    #463,#464,#465,#466,#467,#468,#469,#470,#471,#472,#473,#474,#475,
    #476,#477,#478,#479,#480,#481,#482,#483,#484,#485,#486,#487,#488,
    #489,#490,#491,#492,#493,#494,#495,#496,#497,#498,#499,#500,#501,
    #502,#503,#504,#505,#506,#507,#508,#509,#510,#511,#512,#513,#514,
    #515,#516,#517,#518,#519,#520,#521,#522),.UNSPECIFIED.,.T.,.F.,(7,5,
    5,5,5,5,5,5,5,5,5,5,5,5,5,5,5,5,7),(0.,5.716565159046E-02,
    0.130706767559,0.183123356881,0.221986673419,0.278009909042,
    0.316749019992,0.368961679975,0.443056992635,0.499998429219,
    0.557164439989,0.630706018027,0.68312293669,0.721986497413,
    0.778010085037,0.816749439391,0.868962427434,0.943058205645,1.),
  .UNSPECIFIED.);
#431 = CARTESIAN_POINT('',(1.7,-3.675935255143,15.5000001));
#432 = CARTESIAN_POINT('',(1.7,-3.675935255143,15.591859836804));
#433 = CARTESIAN_POINT('',(1.694043758028,-3.678689607081,
    15.683694955421));
#434 = CARTESIAN_POINT('',(1.682136566009,-3.684196903516,
    15.775153122548));
#435 = CARTESIAN_POINT('',(1.664281610193,-3.692365752987,
    15.865869877514));
#436 = CARTESIAN_POINT('',(1.640485331147,-3.703020025251,
    15.955466357079));
#437 = CARTESIAN_POINT('',(1.572526023655,-3.732478891915,
    16.156858949406));
#438 = CARTESIAN_POINT('',(1.524498169644,-3.752736941768,
    16.267611577474));
#439 = CARTESIAN_POINT('',(1.466658321619,-3.776160435987,
    16.375170834089));
#440 = CARTESIAN_POINT('',(1.398895354281,-3.80206554899,16.478793746308
    ));
#441 = CARTESIAN_POINT('',(1.321065788681,-3.829598292491,
    16.577558116113));
#442 = CARTESIAN_POINT('',(1.170319406053,-3.877781566116,
    16.736388615128));
#443 = CARTESIAN_POINT('',(1.102346009354,-3.898158691631,
    16.799492878769));
#444 = CARTESIAN_POINT('',(1.029098832192,-3.918481504113,
    16.859133333576));
#445 = CARTESIAN_POINT('',(0.950580164774,-3.938315136378,
    16.914773214467));
#446 = CARTESIAN_POINT('',(0.866836803802,-3.957182571081,
    16.965804778497));
#447 = CARTESIAN_POINT('',(0.71208069295,-3.987473983307,17.045455524159
    ));
#448 = CARTESIAN_POINT('',(0.643335360929,-3.999569038669,
    17.076478092756));
#449 = CARTESIAN_POINT('',(0.571956742019,-4.010617027406,
    17.104228272169));
#450 = CARTESIAN_POINT('',(0.498201453484,-4.020386104028,
    17.128368938199));
#451 = CARTESIAN_POINT('',(0.422356874582,-4.028670161217,
    17.148604865143));
#452 = CARTESIAN_POINT('',(0.232847849279,-4.044860040488,
    17.187850297613));
#453 = CARTESIAN_POINT('',(0.117353457625,-4.050976638973,
    17.202356200745));
#454 = CARTESIAN_POINT('',(2.722266856381E-13,-4.053088901752,
    17.207287953283));
#455 = CARTESIAN_POINT('',(-0.117353457625,-4.050976638973,
    17.202356200745));
#456 = CARTESIAN_POINT('',(-0.232847849279,-4.044860040488,
    17.187850297613));
#457 = CARTESIAN_POINT('',(-0.422108809083,-4.028691353614,
    17.148656237039));
#458 = CARTESIAN_POINT('',(-0.49771986885,-4.020438760944,
    17.128497579501));
#459 = CARTESIAN_POINT('',(-0.571257238639,-4.010709705762,
    17.104457308552));
#460 = CARTESIAN_POINT('',(-0.64243422288,-3.99970841649,17.076828148728
    ));
#461 = CARTESIAN_POINT('',(-0.710994554413,-3.987664839293,
    17.045944939178));
#462 = CARTESIAN_POINT('',(-0.865293575351,-3.957513457046,
    16.966691324381));
#463 = CARTESIAN_POINT('',(-0.948789396577,-3.938738355935,
    16.915936289182));
#464 = CARTESIAN_POINT('',(-1.027102398379,-3.918998110366,
    16.86060050268));
#465 = CARTESIAN_POINT('',(-1.100185691363,-3.89876456646,
    16.801285450688));
#466 = CARTESIAN_POINT('',(-1.168036358437,-3.878468170831,
    16.738522689487));
#467 = CARTESIAN_POINT('',(-1.319592681246,-3.830128414939,
    16.579483198905));
#468 = CARTESIAN_POINT('',(-1.398158462388,-3.802360885265,
    16.480044118653));
#469 = CARTESIAN_POINT('',(-1.466503649423,-3.776237229896,
    16.375664436512));
#470 = CARTESIAN_POINT('',(-1.524775479309,-3.752631856915,
    16.26728822462));
#471 = CARTESIAN_POINT('',(-1.573087975869,-3.732243795156,
    16.155674694443));
#472 = CARTESIAN_POINT('',(-1.640951540237,-3.702811265759,
    15.95370729354));
#473 = CARTESIAN_POINT('',(-1.664561444069,-3.69223771632,
    15.864445224837));
#474 = CARTESIAN_POINT('',(-1.682276553513,-3.684132155459,
    15.774075886944));
#475 = CARTESIAN_POINT('',(-1.694090461366,-3.678668012942,
    15.682973701145));
#476 = CARTESIAN_POINT('',(-1.7,-3.675935255143,15.591498969823));
#477 = CARTESIAN_POINT('',(-1.7,-3.675935255143,15.408140363196));
#478 = CARTESIAN_POINT('',(-1.694043758028,-3.678689607081,
    15.316305244579));
#479 = CARTESIAN_POINT('',(-1.682136566009,-3.684196903516,
    15.224847077452));
#480 = CARTESIAN_POINT('',(-1.664281610193,-3.692365752987,
    15.134130322486));
#481 = CARTESIAN_POINT('',(-1.640485331147,-3.703020025251,
    15.044533842921));
#482 = CARTESIAN_POINT('',(-1.572526023655,-3.732478891915,
    14.843141250594));
#483 = CARTESIAN_POINT('',(-1.524498169644,-3.752736941768,
    14.732388622526));
#484 = CARTESIAN_POINT('',(-1.466658321619,-3.776160435987,
    14.62482936591));
#485 = CARTESIAN_POINT('',(-1.398895354281,-3.80206554899,
    14.521206453692));
#486 = CARTESIAN_POINT('',(-1.321065788682,-3.829598292491,
    14.422442083887));
#487 = CARTESIAN_POINT('',(-1.170319406053,-3.877781566116,
    14.263611584872));
#488 = CARTESIAN_POINT('',(-1.102346009354,-3.898158691631,
    14.200507321231));
#489 = CARTESIAN_POINT('',(-1.029098832192,-3.918481504113,
    14.140866866424));
#490 = CARTESIAN_POINT('',(-0.950580164774,-3.938315136378,
    14.085226985533));
#491 = CARTESIAN_POINT('',(-0.866836803802,-3.957182571081,
    14.034195421503));
#492 = CARTESIAN_POINT('',(-0.71208069295,-3.987473983307,
    13.954544675841));
#493 = CARTESIAN_POINT('',(-0.643335360929,-3.999569038669,
    13.923522107243));
#494 = CARTESIAN_POINT('',(-0.571956742019,-4.010617027406,
    13.895771927831));
#495 = CARTESIAN_POINT('',(-0.498201453484,-4.020386104028,
    13.871631261801));
#496 = CARTESIAN_POINT('',(-0.422356874582,-4.028670161217,
    13.851395334857));
#497 = CARTESIAN_POINT('',(-0.232847849279,-4.044860040488,
    13.812149902387));
#498 = CARTESIAN_POINT('',(-0.117353457625,-4.050976638973,
    13.797643999255));
#499 = CARTESIAN_POINT('',(-1.914024494454E-13,-4.053088901752,
    13.792712246717));
#500 = CARTESIAN_POINT('',(0.117353457625,-4.050976638973,
    13.797643999255));
#501 = CARTESIAN_POINT('',(0.232847849279,-4.044860040488,
    13.812149902387));
#502 = CARTESIAN_POINT('',(0.422108809083,-4.028691353614,
    13.851343962961));
#503 = CARTESIAN_POINT('',(0.49771986885,-4.020438760944,13.871502620499
    ));
#504 = CARTESIAN_POINT('',(0.571257238639,-4.010709705762,
    13.895542891448));
#505 = CARTESIAN_POINT('',(0.64243422288,-3.99970841649,13.923172051272)
  );
#506 = CARTESIAN_POINT('',(0.710994554413,-3.987664839293,
    13.954055260822));
#507 = CARTESIAN_POINT('',(0.865293575351,-3.957513457046,
    14.033308875619));
#508 = CARTESIAN_POINT('',(0.948789396577,-3.938738355935,
    14.084063910818));
#509 = CARTESIAN_POINT('',(1.027102398379,-3.918998110366,14.13939969732
    ));
#510 = CARTESIAN_POINT('',(1.100185691363,-3.89876456646,14.198714749312
    ));
#511 = CARTESIAN_POINT('',(1.168036358437,-3.878468170831,
    14.261477510512));
#512 = CARTESIAN_POINT('',(1.319592681246,-3.830128414939,
    14.420517001095));
#513 = CARTESIAN_POINT('',(1.398158462388,-3.802360885265,
    14.519956081347));
#514 = CARTESIAN_POINT('',(1.466503649423,-3.776237229896,
    14.624335763488));
#515 = CARTESIAN_POINT('',(1.524775479309,-3.752631856915,14.73271197538
    ));
#516 = CARTESIAN_POINT('',(1.573087975869,-3.732243795156,
    14.844325505557));
#517 = CARTESIAN_POINT('',(1.640951540237,-3.702811265759,15.04629290646
    ));
#518 = CARTESIAN_POINT('',(1.664561444069,-3.69223771632,15.135554975163
    ));
#519 = CARTESIAN_POINT('',(1.682276553513,-3.684132155459,
    15.225924313056));
#520 = CARTESIAN_POINT('',(1.694090461366,-3.678668012942,
    15.317026498855));
#521 = CARTESIAN_POINT('',(1.7,-3.675935255143,15.408501230177));
#522 = CARTESIAN_POINT('',(1.7,-3.675935255143,15.5000001));
#523 = PCURVE('',#357,#524);
#524 = DEFINITIONAL_REPRESENTATION('',(#525),#618);
#525 = B_SPLINE_CURVE_WITH_KNOTS('',6,(#526,#527,#528,#529,#530,#531,
    #532,#533,#534,#535,#536,#537,#538,#539,#540,#541,#542,#543,#544,
    #545,#546,#547,#548,#549,#550,#551,#552,#553,#554,#555,#556,#557,
    #558,#559,#560,#561,#562,#563,#564,#565,#566,#567,#568,#569,#570,
    #571,#572,#573,#574,#575,#576,#577,#578,#579,#580,#581,#582,#583,
    #584,#585,#586,#587,#588,#589,#590,#591,#592,#593,#594,#595,#596,
    #597,#598,#599,#600,#601,#602,#603,#604,#605,#606,#607,#608,#609,
    #610,#611,#612,#613,#614,#615,#616,#617),.UNSPECIFIED.,.T.,.F.,(7,5,
    5,5,5,5,5,5,5,5,5,5,5,5,5,5,5,5,7),(0.,5.716565159046E-02,
    0.130706767559,0.183123356881,0.221986673419,0.278009909042,
    0.316749019992,0.368961679975,0.443056992635,0.499998429219,
    0.557164439989,0.630706018027,0.68312293669,0.721986497413,
    0.778010085037,0.816749439391,0.868962427434,0.943058205645,1.),
  .UNSPECIFIED.);
#526 = CARTESIAN_POINT('',(1.137623063455,-15.51));
#527 = CARTESIAN_POINT('',(1.137623063455,-15.6018597368));
#528 = CARTESIAN_POINT('',(1.139243342674,-15.69369485542));
#529 = CARTESIAN_POINT('',(1.142482725762,-15.78515302254));
#530 = CARTESIAN_POINT('',(1.147330711779,-15.87586977751));
#531 = CARTESIAN_POINT('',(1.153767944677,-15.96546625707));
#532 = CARTESIAN_POINT('',(1.172056712559,-16.1668588494));
#533 = CARTESIAN_POINT('',(1.184926470752,-16.27761147747));
#534 = CARTESIAN_POINT('',(1.200332281364,-16.38517073408));
#535 = CARTESIAN_POINT('',(1.218238077051,-16.4887936463));
#536 = CARTESIAN_POINT('',(1.238612799978,-16.58755801611));
#537 = CARTESIAN_POINT('',(1.27768924344,-16.74638851512));
#538 = CARTESIAN_POINT('',(1.29520786742,-16.80949277876));
#539 = CARTESIAN_POINT('',(1.313970468409,-16.86913323357));
#540 = CARTESIAN_POINT('',(1.333957598076,-16.92477311446));
#541 = CARTESIAN_POINT('',(1.355144771274,-16.97580467849));
#542 = CARTESIAN_POINT('',(1.39408126849,-17.05545542415));
#543 = CARTESIAN_POINT('',(1.411313002595,-17.08647799275));
#544 = CARTESIAN_POINT('',(1.429141286225,-17.11422817216));
#545 = CARTESIAN_POINT('',(1.447504564549,-17.13836883819));
#546 = CARTESIAN_POINT('',(1.466337741787,-17.15860476514));
#547 = CARTESIAN_POINT('',(1.513300537844,-17.19785019761));
#548 = CARTESIAN_POINT('',(1.541842771198,-17.21235610074));
#549 = CARTESIAN_POINT('',(1.570796326795,-17.21728785328));
#550 = CARTESIAN_POINT('',(1.599749882391,-17.21235610074));
#551 = CARTESIAN_POINT('',(1.628292115746,-17.19785019761));
#552 = CARTESIAN_POINT('',(1.675193437953,-17.15865613703));
#553 = CARTESIAN_POINT('',(1.693968505484,-17.1384974795));
#554 = CARTESIAN_POINT('',(1.712277206123,-17.11445720855));
#555 = CARTESIAN_POINT('',(1.730054574179,-17.08682804872));
#556 = CARTESIAN_POINT('',(1.74723914397,-17.05594483917));
#557 = CARTESIAN_POINT('',(1.786058241615,-16.97669122438));
#558 = CARTESIAN_POINT('',(1.807180865729,-16.92593618918));
#559 = CARTESIAN_POINT('',(1.827113192436,-16.87060040268));
#560 = CARTESIAN_POINT('',(1.845830950979,-16.81128535068));
#561 = CARTESIAN_POINT('',(1.86331483817,-16.74852258948));
#562 = CARTESIAN_POINT('',(1.902593543644,-16.5894830989));
#563 = CARTESIAN_POINT('',(1.923158686086,-16.49004401865));
#564 = CARTESIAN_POINT('',(1.941217854977,-16.38566433651));
#565 = CARTESIAN_POINT('',(1.956739353603,-16.27728812462));
#566 = CARTESIAN_POINT('',(1.969686335341,-16.16567459444));
#567 = CARTESIAN_POINT('',(1.987950827041,-15.96370719354));
#568 = CARTESIAN_POINT('',(1.99433792405,-15.87444512483));
#569 = CARTESIAN_POINT('',(1.999148012207,-15.78407578694));
#570 = CARTESIAN_POINT('',(2.002362014861,-15.69297360114));
#571 = CARTESIAN_POINT('',(2.003969590135,-15.60149886982));
#572 = CARTESIAN_POINT('',(2.003969590135,-15.41814026319));
#573 = CARTESIAN_POINT('',(2.002349310916,-15.32630514457));
#574 = CARTESIAN_POINT('',(1.999109927828,-15.23484697745));
#575 = CARTESIAN_POINT('',(1.994261941811,-15.14413022248));
#576 = CARTESIAN_POINT('',(1.987824708913,-15.05453374292));
#577 = CARTESIAN_POINT('',(1.969535941031,-14.85314115059));
#578 = CARTESIAN_POINT('',(1.956666182838,-14.74238852252));
#579 = CARTESIAN_POINT('',(1.941260372226,-14.63482926591));
#580 = CARTESIAN_POINT('',(1.923354576539,-14.53120635369));
#581 = CARTESIAN_POINT('',(1.902979853612,-14.43244198388));
#582 = CARTESIAN_POINT('',(1.86390341015,-14.27361148487));
#583 = CARTESIAN_POINT('',(1.846384786169,-14.21050722123));
#584 = CARTESIAN_POINT('',(1.827622185181,-14.15086676642));
#585 = CARTESIAN_POINT('',(1.807635055514,-14.09522688553));
#586 = CARTESIAN_POINT('',(1.786447882316,-14.0441953215));
#587 = CARTESIAN_POINT('',(1.7475113851,-13.96454457584));
#588 = CARTESIAN_POINT('',(1.730279650994,-13.93352200724));
#589 = CARTESIAN_POINT('',(1.712451367365,-13.90577182783));
#590 = CARTESIAN_POINT('',(1.69408808904,-13.8816311618));
#591 = CARTESIAN_POINT('',(1.675254911803,-13.86139523485));
#592 = CARTESIAN_POINT('',(1.628292115746,-13.82214980238));
#593 = CARTESIAN_POINT('',(1.599749882391,-13.80764389925));
#594 = CARTESIAN_POINT('',(1.570796326795,-13.80271214671));
#595 = CARTESIAN_POINT('',(1.541842771198,-13.80764389925));
#596 = CARTESIAN_POINT('',(1.513300537844,-13.82214980238));
#597 = CARTESIAN_POINT('',(1.466399215637,-13.86134386296));
#598 = CARTESIAN_POINT('',(1.447624148106,-13.88150252049));
#599 = CARTESIAN_POINT('',(1.429315447467,-13.90554279144));
#600 = CARTESIAN_POINT('',(1.411538079411,-13.93317195127));
#601 = CARTESIAN_POINT('',(1.394353509619,-13.96405516082));
#602 = CARTESIAN_POINT('',(1.355534411975,-14.04330877561));
#603 = CARTESIAN_POINT('',(1.334411787861,-14.09406381081));
#604 = CARTESIAN_POINT('',(1.314479461154,-14.14939959732));
#605 = CARTESIAN_POINT('',(1.295761702611,-14.20871464931));
#606 = CARTESIAN_POINT('',(1.27827781542,-14.27147741051));
#607 = CARTESIAN_POINT('',(1.238999109946,-14.43051690109));
#608 = CARTESIAN_POINT('',(1.218433967503,-14.52995598134));
#609 = CARTESIAN_POINT('',(1.200374798613,-14.63433566348));
#610 = CARTESIAN_POINT('',(1.184853299987,-14.74271187538));
#611 = CARTESIAN_POINT('',(1.171906318249,-14.85432540555));
#612 = CARTESIAN_POINT('',(1.153641826548,-15.05629280646));
#613 = CARTESIAN_POINT('',(1.14725472954,-15.14555487516));
#614 = CARTESIAN_POINT('',(1.142444641383,-15.23592421305));
#615 = CARTESIAN_POINT('',(1.139230638729,-15.32702639885));
#616 = CARTESIAN_POINT('',(1.137623063455,-15.41850113017));
#617 = CARTESIAN_POINT('',(1.137623063455,-15.51));
#618 = ( GEOMETRIC_REPRESENTATION_CONTEXT(2) 
PARAMETRIC_REPRESENTATION_CONTEXT() REPRESENTATION_CONTEXT('2D SPACE',''
  ) );
#619 = PCURVE('',#620,#625);
#620 = CYLINDRICAL_SURFACE('',#621,1.7);
#621 = AXIS2_PLACEMENT_3D('',#622,#623,#624);
#622 = CARTESIAN_POINT('',(0.,7.105427357601E-15,15.5000001));
#623 = DIRECTION('',(-0.,1.,-1.110223024625E-16));
#624 = DIRECTION('',(1.,0.,0.));
#625 = DEFINITIONAL_REPRESENTATION('',(#626),#719);
#626 = B_SPLINE_CURVE_WITH_KNOTS('',6,(#627,#628,#629,#630,#631,#632,
    #633,#634,#635,#636,#637,#638,#639,#640,#641,#642,#643,#644,#645,
    #646,#647,#648,#649,#650,#651,#652,#653,#654,#655,#656,#657,#658,
    #659,#660,#661,#662,#663,#664,#665,#666,#667,#668,#669,#670,#671,
    #672,#673,#674,#675,#676,#677,#678,#679,#680,#681,#682,#683,#684,
    #685,#686,#687,#688,#689,#690,#691,#692,#693,#694,#695,#696,#697,
    #698,#699,#700,#701,#702,#703,#704,#705,#706,#707,#708,#709,#710,
    #711,#712,#713,#714,#715,#716,#717,#718),.UNSPECIFIED.,.F.,.F.,(7,5,
    5,5,5,5,5,5,5,5,5,5,5,5,5,5,5,5,7),(0.,5.716565159046E-02,
    0.130706767559,0.183123356881,0.221986673419,0.278009909042,
    0.316749019992,0.368961679975,0.443056992635,0.499998429219,
    0.557164439989,0.630706018027,0.68312293669,0.721986497413,
    0.778010085037,0.816749439391,0.868962427434,0.943058205645,1.),
  .UNSPECIFIED.);
#627 = CARTESIAN_POINT('',(0.,-3.675935255143));
#628 = CARTESIAN_POINT('',(-5.403513929655E-02,-3.675935255143));
#629 = CARTESIAN_POINT('',(-0.108055815808,-3.678689607081));
#630 = CARTESIAN_POINT('',(-0.162138654545,-3.684196903516));
#631 = CARTESIAN_POINT('',(-0.216352811442,-3.692365752987));
#632 = CARTESIAN_POINT('',(-0.270765612213,-3.703020025251));
#633 = CARTESIAN_POINT('',(-0.395794942639,-3.732478891915));
#634 = CARTESIAN_POINT('',(-0.466556386917,-3.752736941768));
#635 = CARTESIAN_POINT('',(-0.538011252228,-3.776160435987));
#636 = CARTESIAN_POINT('',(-0.610427478167,-3.80206554899));
#637 = CARTESIAN_POINT('',(-0.684083687794,-3.829598292491));
#638 = CARTESIAN_POINT('',(-0.81289459141,-3.877781566116));
#639 = CARTESIAN_POINT('',(-0.867344032706,-3.898158691631));
#640 = CARTESIAN_POINT('',(-0.922729206477,-3.918481504113));
#641 = CARTESIAN_POINT('',(-0.979139550508,-3.938315136378));
#642 = CARTESIAN_POINT('',(-1.036677014867,-3.957182571081));
#643 = CARTESIAN_POINT('',(-1.139059862307,-3.987473983307));
#644 = CARTESIAN_POINT('',(-1.183366453435,-3.999569038669));
#645 = CARTESIAN_POINT('',(-1.228318668194,-4.010617027406));
#646 = CARTESIAN_POINT('',(-1.273864681219,-4.020386104028));
#647 = CARTESIAN_POINT('',(-1.319966107618,-4.028670161217));
#648 = CARTESIAN_POINT('',(-1.433807304972,-4.044860040488));
#649 = CARTESIAN_POINT('',(-1.502063908567,-4.050976638973));
#650 = CARTESIAN_POINT('',(-1.570796326795,-4.053088901752));
#651 = CARTESIAN_POINT('',(-1.639528745023,-4.050976638973));
#652 = CARTESIAN_POINT('',(-1.707785348618,-4.044860040488));
#653 = CARTESIAN_POINT('',(-1.821477528934,-4.028691353614));
#654 = CARTESIAN_POINT('',(-1.86743522405,-4.020438760944));
#655 = CARTESIAN_POINT('',(-1.912842000024,-4.010709705762));
#656 = CARTESIAN_POINT('',(-1.957658740795,-3.99970841649));
#657 = CARTESIAN_POINT('',(-2.001832950798,-3.987664839293));
#658 = CARTESIAN_POINT('',(-2.103869858634,-3.957513457046));
#659 = CARTESIAN_POINT('',(-2.161200015059,-3.938738355935));
#660 = CARTESIAN_POINT('',(-2.217410379551,-3.918998110366));
#661 = CARTESIAN_POINT('',(-2.27260184503,-3.89876456646));
#662 = CARTESIAN_POINT('',(-2.326862915045,-3.878468170831));
#663 = CARTESIAN_POINT('',(-2.456091232279,-3.830128414939));
#664 = CARTESIAN_POINT('',(-2.530319694959,-3.802360885265));
#665 = CARTESIAN_POINT('',(-2.603286393803,-3.776237229896));
#666 = CARTESIAN_POINT('',(-2.675276308699,-3.752631856915));
#667 = CARTESIAN_POINT('',(-2.746563396855,-3.732243795156));
#668 = CARTESIAN_POINT('',(-2.871895197866,-3.702811265759));
#669 = CARTESIAN_POINT('',(-2.926091190352,-3.69223771632));
#670 = CARTESIAN_POINT('',(-2.98009099951,-3.684132155459));
#671 = CARTESIAN_POINT('',(-3.033961105419,-3.678668012942));
#672 = CARTESIAN_POINT('',(-3.087769788988,-3.675935255143));
#673 = CARTESIAN_POINT('',(-3.195627792886,-3.675935255143));
#674 = CARTESIAN_POINT('',(-3.249648469398,-3.678689607081));
#675 = CARTESIAN_POINT('',(-3.303731308135,-3.684196903516));
#676 = CARTESIAN_POINT('',(-3.357945465032,-3.692365752987));
#677 = CARTESIAN_POINT('',(-3.412358265803,-3.703020025251));
#678 = CARTESIAN_POINT('',(-3.537387596229,-3.732478891915));
#679 = CARTESIAN_POINT('',(-3.608149040507,-3.752736941768));
#680 = CARTESIAN_POINT('',(-3.679603905818,-3.776160435987));
#681 = CARTESIAN_POINT('',(-3.752020131757,-3.80206554899));
#682 = CARTESIAN_POINT('',(-3.825676341384,-3.829598292491));
#683 = CARTESIAN_POINT('',(-3.954487245,-3.877781566116));
#684 = CARTESIAN_POINT('',(-4.008936686295,-3.898158691631));
#685 = CARTESIAN_POINT('',(-4.064321860067,-3.918481504113));
#686 = CARTESIAN_POINT('',(-4.120732204097,-3.938315136378));
#687 = CARTESIAN_POINT('',(-4.178269668457,-3.957182571081));
#688 = CARTESIAN_POINT('',(-4.280652515897,-3.987473983307));
#689 = CARTESIAN_POINT('',(-4.324959107024,-3.999569038669));
#690 = CARTESIAN_POINT('',(-4.369911321784,-4.010617027406));
#691 = CARTESIAN_POINT('',(-4.415457334809,-4.020386104028));
#692 = CARTESIAN_POINT('',(-4.461558761208,-4.028670161217));
#693 = CARTESIAN_POINT('',(-4.575399958562,-4.044860040488));
#694 = CARTESIAN_POINT('',(-4.643656562157,-4.050976638973));
#695 = CARTESIAN_POINT('',(-4.712388980385,-4.053088901752));
#696 = CARTESIAN_POINT('',(-4.781121398612,-4.050976638973));
#697 = CARTESIAN_POINT('',(-4.849378002207,-4.044860040488));
#698 = CARTESIAN_POINT('',(-4.963070182524,-4.028691353614));
#699 = CARTESIAN_POINT('',(-5.009027877639,-4.020438760944));
#700 = CARTESIAN_POINT('',(-5.054434653614,-4.010709705762));
#701 = CARTESIAN_POINT('',(-5.099251394385,-3.99970841649));
#702 = CARTESIAN_POINT('',(-5.143425604388,-3.987664839293));
#703 = CARTESIAN_POINT('',(-5.245462512224,-3.957513457046));
#704 = CARTESIAN_POINT('',(-5.302792668648,-3.938738355935));
#705 = CARTESIAN_POINT('',(-5.35900303314,-3.918998110366));
#706 = CARTESIAN_POINT('',(-5.41419449862,-3.89876456646));
#707 = CARTESIAN_POINT('',(-5.468455568635,-3.878468170831));
#708 = CARTESIAN_POINT('',(-5.597683885869,-3.830128414939));
#709 = CARTESIAN_POINT('',(-5.671912348549,-3.802360885265));
#710 = CARTESIAN_POINT('',(-5.744879047393,-3.776237229896));
#711 = CARTESIAN_POINT('',(-5.816868962289,-3.752631856915));
#712 = CARTESIAN_POINT('',(-5.888156050445,-3.732243795156));
#713 = CARTESIAN_POINT('',(-6.013487851456,-3.702811265759));
#714 = CARTESIAN_POINT('',(-6.067683843942,-3.69223771632));
#715 = CARTESIAN_POINT('',(-6.121683653099,-3.684132155459));
#716 = CARTESIAN_POINT('',(-6.175553759009,-3.678668012942));
#717 = CARTESIAN_POINT('',(-6.229362442578,-3.675935255143));
#718 = CARTESIAN_POINT('',(-6.28318530718,-3.675935255143));
#719 = ( GEOMETRIC_REPRESENTATION_CONTEXT(2) 
PARAMETRIC_REPRESENTATION_CONTEXT() REPRESENTATION_CONTEXT('2D SPACE',''
  ) );
#720 = ADVANCED_FACE('',(#721),#620,.F.);
#721 = FACE_BOUND('',#722,.T.);
#722 = EDGE_LOOP('',(#723,#724,#747,#776,#804,#837,#860,#1030,#1031,
    #1059,#1087,#1113));
#723 = ORIENTED_EDGE('',*,*,#426,.F.);
#724 = ORIENTED_EDGE('',*,*,#725,.T.);
#725 = EDGE_CURVE('',#427,#726,#728,.T.);
#726 = VERTEX_POINT('',#727);
#727 = CARTESIAN_POINT('',(1.7,-4.9,15.5000001));
#728 = SEAM_CURVE('',#729,(#733,#740),.PCURVE_S1.);
#729 = LINE('',#730,#731);
#730 = CARTESIAN_POINT('',(1.7,7.105427357601E-15,15.5000001));
#731 = VECTOR('',#732,1.);
#732 = DIRECTION('',(0.,-1.,1.110223024625E-16));
#733 = PCURVE('',#620,#734);
#734 = DEFINITIONAL_REPRESENTATION('',(#735),#739);
#735 = LINE('',#736,#737);
#736 = CARTESIAN_POINT('',(-0.,0.));
#737 = VECTOR('',#738,1.);
#738 = DIRECTION('',(-0.,-1.));
#739 = ( GEOMETRIC_REPRESENTATION_CONTEXT(2) 
PARAMETRIC_REPRESENTATION_CONTEXT() REPRESENTATION_CONTEXT('2D SPACE',''
  ) );
#740 = PCURVE('',#620,#741);
#741 = DEFINITIONAL_REPRESENTATION('',(#742),#746);
#742 = LINE('',#743,#744);
#743 = CARTESIAN_POINT('',(-6.28318530718,0.));
#744 = VECTOR('',#745,1.);
#745 = DIRECTION('',(-0.,-1.));
#746 = ( GEOMETRIC_REPRESENTATION_CONTEXT(2) 
PARAMETRIC_REPRESENTATION_CONTEXT() REPRESENTATION_CONTEXT('2D SPACE',''
  ) );
#747 = ORIENTED_EDGE('',*,*,#748,.T.);
#748 = EDGE_CURVE('',#726,#749,#751,.T.);
#749 = VERTEX_POINT('',#750);
#750 = CARTESIAN_POINT('',(-1.033198915987,-4.9,14.1500001));
#751 = SURFACE_CURVE('',#752,(#757,#764),.PCURVE_S1.);
#752 = CIRCLE('',#753,1.7);
#753 = AXIS2_PLACEMENT_3D('',#754,#755,#756);
#754 = CARTESIAN_POINT('',(0.,-4.9,15.5000001));
#755 = DIRECTION('',(0.,-1.,1.110223024625E-16));
#756 = DIRECTION('',(1.,0.,0.));
#757 = PCURVE('',#620,#758);
#758 = DEFINITIONAL_REPRESENTATION('',(#759),#763);
#759 = LINE('',#760,#761);
#760 = CARTESIAN_POINT('',(-0.,-4.9));
#761 = VECTOR('',#762,1.);
#762 = DIRECTION('',(-1.,-0.));
#763 = ( GEOMETRIC_REPRESENTATION_CONTEXT(2) 
PARAMETRIC_REPRESENTATION_CONTEXT() REPRESENTATION_CONTEXT('2D SPACE',''
  ) );
#764 = PCURVE('',#765,#770);
#765 = PLANE('',#766);
#766 = AXIS2_PLACEMENT_3D('',#767,#768,#769);
#767 = CARTESIAN_POINT('',(-2.9,-4.9,15.5000001));
#768 = DIRECTION('',(0.,-1.,1.110223024625E-16));
#769 = DIRECTION('',(1.,0.,0.));
#770 = DEFINITIONAL_REPRESENTATION('',(#771),#775);
#771 = CIRCLE('',#772,1.7);
#772 = AXIS2_PLACEMENT_2D('',#773,#774);
#773 = CARTESIAN_POINT('',(2.9,0.));
#774 = DIRECTION('',(1.,0.));
#775 = ( GEOMETRIC_REPRESENTATION_CONTEXT(2) 
PARAMETRIC_REPRESENTATION_CONTEXT() REPRESENTATION_CONTEXT('2D SPACE',''
  ) );
#776 = ORIENTED_EDGE('',*,*,#777,.F.);
#777 = EDGE_CURVE('',#778,#749,#780,.T.);
#778 = VERTEX_POINT('',#779);
#779 = CARTESIAN_POINT('',(-1.033198915987,-6.9,14.1500001));
#780 = SURFACE_CURVE('',#781,(#785,#792),.PCURVE_S1.);
#781 = LINE('',#782,#783);
#782 = CARTESIAN_POINT('',(-1.033198915989,7.105427357601E-15,14.1500001
    ));
#783 = VECTOR('',#784,1.);
#784 = DIRECTION('',(-0.,1.,-1.110223024625E-16));
#785 = PCURVE('',#620,#786);
#786 = DEFINITIONAL_REPRESENTATION('',(#787),#791);
#787 = LINE('',#788,#789);
#788 = CARTESIAN_POINT('',(-4.059147051204,0.));
#789 = VECTOR('',#790,1.);
#790 = DIRECTION('',(-0.,1.));
#791 = ( GEOMETRIC_REPRESENTATION_CONTEXT(2) 
PARAMETRIC_REPRESENTATION_CONTEXT() REPRESENTATION_CONTEXT('2D SPACE',''
  ) );
#792 = PCURVE('',#793,#798);
#793 = PLANE('',#794);
#794 = AXIS2_PLACEMENT_3D('',#795,#796,#797);
#795 = CARTESIAN_POINT('',(-2.9,-4.9,14.1500001));
#796 = DIRECTION('',(0.,1.110223024625E-16,1.));
#797 = DIRECTION('',(0.,-1.,1.110223024625E-16));
#798 = DEFINITIONAL_REPRESENTATION('',(#799),#803);
#799 = LINE('',#800,#801);
#800 = CARTESIAN_POINT('',(-4.9,1.866801084011));
#801 = VECTOR('',#802,1.);
#802 = DIRECTION('',(-1.,0.));
#803 = ( GEOMETRIC_REPRESENTATION_CONTEXT(2) 
PARAMETRIC_REPRESENTATION_CONTEXT() REPRESENTATION_CONTEXT('2D SPACE',''
  ) );
#804 = ORIENTED_EDGE('',*,*,#805,.T.);
#805 = EDGE_CURVE('',#778,#806,#808,.T.);
#806 = VERTEX_POINT('',#807);
#807 = CARTESIAN_POINT('',(1.7,-6.9,15.5000001));
#808 = SURFACE_CURVE('',#809,(#814,#821),.PCURVE_S1.);
#809 = CIRCLE('',#810,1.7);
#810 = AXIS2_PLACEMENT_3D('',#811,#812,#813);
#811 = CARTESIAN_POINT('',(0.,-6.9,15.5000001));
#812 = DIRECTION('',(0.,1.,-1.110223024625E-16));
#813 = DIRECTION('',(-0.607764068228,-8.816476960262E-17,-0.794117647059
    ));
#814 = PCURVE('',#620,#815);
#815 = DEFINITIONAL_REPRESENTATION('',(#816),#820);
#816 = LINE('',#817,#818);
#817 = CARTESIAN_POINT('',(-4.059147051204,-6.9));
#818 = VECTOR('',#819,1.);
#819 = DIRECTION('',(1.,-0.));
#820 = ( GEOMETRIC_REPRESENTATION_CONTEXT(2) 
PARAMETRIC_REPRESENTATION_CONTEXT() REPRESENTATION_CONTEXT('2D SPACE',''
  ) );
#821 = PCURVE('',#822,#827);
#822 = PLANE('',#823);
#823 = AXIS2_PLACEMENT_3D('',#824,#825,#826);
#824 = CARTESIAN_POINT('',(-2.9,-6.9,15.5000001));
#825 = DIRECTION('',(0.,-1.,1.110223024625E-16));
#826 = DIRECTION('',(1.,0.,0.));
#827 = DEFINITIONAL_REPRESENTATION('',(#828),#836);
#828 = ( BOUNDED_CURVE() B_SPLINE_CURVE(2,(#829,#830,#831,#832,#833,#834
,#835),.UNSPECIFIED.,.T.,.F.) B_SPLINE_CURVE_WITH_KNOTS((1,2,2,2,2,1),(
    -2.094395102393,0.,2.094395102393,4.188790204786,6.28318530718,
8.377580409573),.UNSPECIFIED.) CURVE() GEOMETRIC_REPRESENTATION_ITEM() 
RATIONAL_B_SPLINE_CURVE((1.,0.5,1.,0.5,1.,0.5,1.)) REPRESENTATION_ITEM(
  '') );
#829 = CARTESIAN_POINT('',(1.866801084012,-1.350000000001));
#830 = CARTESIAN_POINT('',(-0.471467506207,0.439553016815));
#831 = CARTESIAN_POINT('',(2.247465162884,1.569776508408));
#832 = CARTESIAN_POINT('',(4.966397831976,2.700000000001));
#833 = CARTESIAN_POINT('',(4.585733753103,-0.219776508408));
#834 = CARTESIAN_POINT('',(4.205069674231,-3.139553016817));
#835 = CARTESIAN_POINT('',(1.866801084012,-1.350000000001));
#836 = ( GEOMETRIC_REPRESENTATION_CONTEXT(2) 
PARAMETRIC_REPRESENTATION_CONTEXT() REPRESENTATION_CONTEXT('2D SPACE',''
  ) );
#837 = ORIENTED_EDGE('',*,*,#838,.T.);
#838 = EDGE_CURVE('',#806,#839,#841,.T.);
#839 = VERTEX_POINT('',#840);
#840 = CARTESIAN_POINT('',(1.7,-7.817288532477,15.5000001));
#841 = SEAM_CURVE('',#842,(#846,#853),.PCURVE_S1.);
#842 = LINE('',#843,#844);
#843 = CARTESIAN_POINT('',(1.7,7.105427357601E-15,15.5000001));
#844 = VECTOR('',#845,1.);
#845 = DIRECTION('',(0.,-1.,1.110223024625E-16));
#846 = PCURVE('',#620,#847);
#847 = DEFINITIONAL_REPRESENTATION('',(#848),#852);
#848 = LINE('',#849,#850);
#849 = CARTESIAN_POINT('',(-0.,0.));
#850 = VECTOR('',#851,1.);
#851 = DIRECTION('',(-0.,-1.));
#852 = ( GEOMETRIC_REPRESENTATION_CONTEXT(2) 
PARAMETRIC_REPRESENTATION_CONTEXT() REPRESENTATION_CONTEXT('2D SPACE',''
  ) );
#853 = PCURVE('',#620,#854);
#854 = DEFINITIONAL_REPRESENTATION('',(#855),#859);
#855 = LINE('',#856,#857);
#856 = CARTESIAN_POINT('',(-6.28318530718,0.));
#857 = VECTOR('',#858,1.);
#858 = DIRECTION('',(-0.,-1.));
#859 = ( GEOMETRIC_REPRESENTATION_CONTEXT(2) 
PARAMETRIC_REPRESENTATION_CONTEXT() REPRESENTATION_CONTEXT('2D SPACE',''
  ) );
#860 = ORIENTED_EDGE('',*,*,#861,.T.);
#861 = EDGE_CURVE('',#839,#839,#862,.T.);
#862 = SURFACE_CURVE('',#863,(#915,#970),.PCURVE_S1.);
#863 = B_SPLINE_CURVE_WITH_KNOTS('',8,(#864,#865,#866,#867,#868,#869,
    #870,#871,#872,#873,#874,#875,#876,#877,#878,#879,#880,#881,#882,
    #883,#884,#885,#886,#887,#888,#889,#890,#891,#892,#893,#894,#895,
    #896,#897,#898,#899,#900,#901,#902,#903,#904,#905,#906,#907,#908,
    #909,#910,#911,#912,#913,#914),.UNSPECIFIED.,.T.,.F.,(9,7,7,7,7,7,7,
    9),(0.,0.153115744857,0.286823478619,0.423551634911,0.57752156406,
    0.705686182905,0.828538677746,1.),.UNSPECIFIED.);
#864 = CARTESIAN_POINT('',(1.7,-7.817288532477,15.5000001));
#865 = CARTESIAN_POINT('',(1.7,-7.817288532477,15.678463485787));
#866 = CARTESIAN_POINT('',(1.678589561524,-7.8219444943,15.856722368217)
  );
#867 = CARTESIAN_POINT('',(1.635849861531,-7.831239326073,
    16.033229387732));
#868 = CARTESIAN_POINT('',(1.571408683628,-7.844908700525,16.20623022254
    ));
#869 = CARTESIAN_POINT('',(1.484632510354,-7.862410472815,
    16.373570223776));
#870 = CARTESIAN_POINT('',(1.374781080403,-7.88281801186,16.532513237382
    ));
#871 = CARTESIAN_POINT('',(1.241199223118,-7.904727670974,
    16.679512389566));
#872 = CARTESIAN_POINT('',(0.94601601701,-7.94508292403,16.923709174901)
  );
#873 = CARTESIAN_POINT('',(0.785241904332,-7.9642815036,17.028886627163)
  );
#874 = CARTESIAN_POINT('',(0.603754214953,-7.981918477105,
    17.116641213063));
#875 = CARTESIAN_POINT('',(0.405983587503,-7.995697151811,
    17.180519380193));
#876 = CARTESIAN_POINT('',(0.197826539222,-8.00360165077,17.216310133679
    ));
#877 = CARTESIAN_POINT('',(-1.410785203208E-02,-8.004725537921,
    17.222007006029));
#878 = CARTESIAN_POINT('',(-0.223048967145,-7.999390632115,
    17.197871840421));
#879 = CARTESIAN_POINT('',(-0.62700835824,-7.978012878972,
    17.094152697428));
#880 = CARTESIAN_POINT('',(-0.815145829712,-7.962072319975,
    17.014988090003));
#881 = CARTESIAN_POINT('',(-0.984979978071,-7.94273641722,
    16.914240592534));
#882 = CARTESIAN_POINT('',(-1.135338974808,-7.921856193134,
    16.796300684168));
#883 = CARTESIAN_POINT('',(-1.265707628087,-7.901081428333,
    16.665027479456));
#884 = CARTESIAN_POINT('',(-1.3760357829,-7.881727577132,16.523863377068
    ));
#885 = CARTESIAN_POINT('',(-1.466652422028,-7.864747111977,
    16.375883966059));
#886 = CARTESIAN_POINT('',(-1.618782645569,-7.834939986347,
    16.052590784628));
#887 = CARTESIAN_POINT('',(-1.676707961987,-7.822609209531,
    15.872946838031));
#888 = CARTESIAN_POINT('',(-1.71160248771,-7.814766897441,
    15.687825150139));
#889 = CARTESIAN_POINT('',(-1.723256330042,-7.81207659363,15.5000001));
#890 = CARTESIAN_POINT('',(-1.71160248771,-7.814766897441,
    15.312175049861));
#891 = CARTESIAN_POINT('',(-1.676707961986,-7.822609209531,
    15.12705336197));
#892 = CARTESIAN_POINT('',(-1.61878264557,-7.834939986347,
    14.947409415374));
#893 = CARTESIAN_POINT('',(-1.47113395435,-7.863869037957,
    14.633639974907));
#894 = CARTESIAN_POINT('',(-1.387453652557,-7.879584472351,
    14.494990486628));
#895 = CARTESIAN_POINT('',(-1.286675999405,-7.897385802782,
    14.362285389589));
#896 = CARTESIAN_POINT('',(-1.168480048584,-7.916525563861,
    14.237878550547));
#897 = CARTESIAN_POINT('',(-1.032773940127,-7.935988843391,
    14.124452200268));
#898 = CARTESIAN_POINT('',(-0.879774844973,-7.954495586841,
    14.025067276849));
#899 = CARTESIAN_POINT('',(-0.710158495341,-7.970569919401,
    13.943258801378));
#900 = CARTESIAN_POINT('',(-0.348160040817,-7.994392367349,
    13.825638373498));
#901 = CARTESIAN_POINT('',(-0.15940452532,-8.002300784494,
    13.788838126958));
#902 = CARTESIAN_POINT('',(3.585630315104E-02,-8.005117045633,
    13.776575242255));
#903 = CARTESIAN_POINT('',(0.231789185097,-8.00208201206,13.790401845158
    ));
#904 = CARTESIAN_POINT('',(0.422395304247,-7.993399091839,
    13.829768504031));
#905 = CARTESIAN_POINT('',(0.602022004034,-7.980311662692,
    13.892082702022));
#906 = CARTESIAN_POINT('',(0.765963182037,-7.964583142931,
    13.972659401976));
#907 = CARTESIAN_POINT('',(1.113197009565,-7.924787174756,
    14.193020689686));
#908 = CARTESIAN_POINT('',(1.284639079309,-7.899176745534,
    14.347525815119));
#909 = CARTESIAN_POINT('',(1.425289762158,-7.874247326322,
    14.520154810107));
#910 = CARTESIAN_POINT('',(1.536156413041,-7.852364230423,14.70533256148
    ));
#911 = CARTESIAN_POINT('',(1.618334190808,-7.835047394904,
    14.898866139352));
#912 = CARTESIAN_POINT('',(1.672759109642,-7.823212669593,
    15.097524125297));
#913 = CARTESIAN_POINT('',(1.7,-7.817288532477,15.298702519121));
#914 = CARTESIAN_POINT('',(1.7,-7.817288532477,15.5000001));
#915 = PCURVE('',#620,#916);
#916 = DEFINITIONAL_REPRESENTATION('',(#917),#969);
#917 = B_SPLINE_CURVE_WITH_KNOTS('',8,(#918,#919,#920,#921,#922,#923,
    #924,#925,#926,#927,#928,#929,#930,#931,#932,#933,#934,#935,#936,
    #937,#938,#939,#940,#941,#942,#943,#944,#945,#946,#947,#948,#949,
    #950,#951,#952,#953,#954,#955,#956,#957,#958,#959,#960,#961,#962,
    #963,#964,#965,#966,#967,#968),.UNSPECIFIED.,.F.,.F.,(9,7,7,7,7,7,7,
    9),(0.,0.153115744857,0.286823478619,0.423551634911,0.57752156406,
    0.705686182905,0.828538677746,1.),.UNSPECIFIED.);
#918 = CARTESIAN_POINT('',(0.,-7.817288532477));
#919 = CARTESIAN_POINT('',(-0.104978462228,-7.817288532477));
#920 = CARTESIAN_POINT('',(-0.20983628857,-7.8219444943));
#921 = CARTESIAN_POINT('',(-0.31542795739,-7.831239326073));
#922 = CARTESIAN_POINT('',(-0.422464244573,-7.844908700525));
#923 = CARTESIAN_POINT('',(-0.531644578505,-7.862410472815));
#924 = CARTESIAN_POINT('',(-0.64368190578,-7.88281801186));
#925 = CARTESIAN_POINT('',(-0.759345349615,-7.904727670974));
#926 = CARTESIAN_POINT('',(-0.984697972288,-7.94508292403));
#927 = CARTESIAN_POINT('',(-1.097004768491,-7.9642815036));
#928 = CARTESIAN_POINT('',(-1.213932120979,-7.981918477105));
#929 = CARTESIAN_POINT('',(-1.333851587843,-7.995697151811));
#930 = CARTESIAN_POINT('',(-1.455617044917,-8.00360165077));
#931 = CARTESIAN_POINT('',(-1.578252268658,-8.004725537921));
#932 = CARTESIAN_POINT('',(-1.700828410928,-7.999390632115));
#933 = CARTESIAN_POINT('',(-1.946159096788,-7.978012878972));
#934 = CARTESIAN_POINT('',(-2.064932820966,-7.962072319975));
#935 = CARTESIAN_POINT('',(-2.179339517727,-7.94273641722));
#936 = CARTESIAN_POINT('',(-2.289955175382,-7.921856193134));
#937 = CARTESIAN_POINT('',(-2.397215754137,-7.901081428333));
#938 = CARTESIAN_POINT('',(-2.501457580018,-7.881727577132));
#939 = CARTESIAN_POINT('',(-2.602914865849,-7.864747111977));
#940 = CARTESIAN_POINT('',(-2.813090345403,-7.834939986347));
#941 = CARTESIAN_POINT('',(-2.923213929737,-7.822609209531));
#942 = CARTESIAN_POINT('',(-3.032586876782,-7.814766897441));
#943 = CARTESIAN_POINT('',(-3.14159265359,-7.81207659363));
#944 = CARTESIAN_POINT('',(-3.250598430398,-7.814766897441));
#945 = CARTESIAN_POINT('',(-3.359971377443,-7.822609209531));
#946 = CARTESIAN_POINT('',(-3.470094961776,-7.834939986347));
#947 = CARTESIAN_POINT('',(-3.674078981258,-7.863869037957));
#948 = CARTESIAN_POINT('',(-3.768833396053,-7.879584472351));
#949 = CARTESIAN_POINT('',(-3.865920311724,-7.897385802782));
#950 = CARTESIAN_POINT('',(-3.965604236515,-7.916525563861));
#951 = CARTESIAN_POINT('',(-4.068214177457,-7.935988843391));
#952 = CARTESIAN_POINT('',(-4.174149159331,-7.954495586841));
#953 = CARTESIAN_POINT('',(-4.283911275333,-7.970569919401));
#954 = CARTESIAN_POINT('',(-4.507809922489,-7.994392367349));
#955 = CARTESIAN_POINT('',(-4.62009779684,-8.002300784494));
#956 = CARTESIAN_POINT('',(-4.733568549656,-8.005117045633));
#957 = CARTESIAN_POINT('',(-4.847103358782,-8.00208201206));
#958 = CARTESIAN_POINT('',(-4.959651810348,-7.993399091839));
#959 = CARTESIAN_POINT('',(-5.070074765075,-7.980311662692));
#960 = CARTESIAN_POINT('',(-5.1768956777,-7.964583142931));
#961 = CARTESIAN_POINT('',(-5.418810206989,-7.924787174756));
#962 = CARTESIAN_POINT('',(-5.552658406343,-7.899176745534));
#963 = CARTESIAN_POINT('',(-5.681188991392,-7.874247326322));
#964 = CARTESIAN_POINT('',(-5.805623003345,-7.852364230423));
#965 = CARTESIAN_POINT('',(-5.927048827576,-7.835047394904));
#966 = CARTESIAN_POINT('',(-6.046434385882,-7.823212669593));
#967 = CARTESIAN_POINT('',(-6.164774965486,-7.817288532477));
#968 = CARTESIAN_POINT('',(-6.28318530718,-7.817288532477));
#969 = ( GEOMETRIC_REPRESENTATION_CONTEXT(2) 
PARAMETRIC_REPRESENTATION_CONTEXT() REPRESENTATION_CONTEXT('2D SPACE',''
  ) );
#970 = PCURVE('',#971,#976);
#971 = CYLINDRICAL_SURFACE('',#972,8.);
#972 = AXIS2_PLACEMENT_3D('',#973,#974,#975);
#973 = CARTESIAN_POINT('',(0.,7.105427357601E-15,12.0000001));
#974 = DIRECTION('',(0.,-1.110223024625E-16,-1.));
#975 = DIRECTION('',(1.,0.,0.));
#976 = DEFINITIONAL_REPRESENTATION('',(#977),#1029);
#977 = B_SPLINE_CURVE_WITH_KNOTS('',8,(#978,#979,#980,#981,#982,#983,
    #984,#985,#986,#987,#988,#989,#990,#991,#992,#993,#994,#995,#996,
    #997,#998,#999,#1000,#1001,#1002,#1003,#1004,#1005,#1006,#1007,#1008
    ,#1009,#1010,#1011,#1012,#1013,#1014,#1015,#1016,#1017,#1018,#1019,
    #1020,#1021,#1022,#1023,#1024,#1025,#1026,#1027,#1028),
  .UNSPECIFIED.,.F.,.F.,(9,7,7,7,7,7,7,9),(0.,0.153115744857,
    0.286823478619,0.423551634911,0.57752156406,0.705686182905,
    0.828538677746,1.),.UNSPECIFIED.);
#978 = CARTESIAN_POINT('',(1.356663643721,-3.5));
#979 = CARTESIAN_POINT('',(1.356663643721,-3.678463385787));
#980 = CARTESIAN_POINT('',(1.359402505544,-3.856722268217));
#981 = CARTESIAN_POINT('',(1.36486982055,-4.033229287732));
#982 = CARTESIAN_POINT('',(1.373104119774,-4.20623012254));
#983 = CARTESIAN_POINT('',(1.384168315652,-4.373570123776));
#984 = CARTESIAN_POINT('',(1.398130745345,-4.532513137382));
#985 = CARTESIAN_POINT('',(1.415045543305,-4.679512289566));
#986 = CARTESIAN_POINT('',(1.45228666465,-4.923709074901));
#987 = CARTESIAN_POINT('',(1.472523263282,-5.028886527163));
#988 = CARTESIAN_POINT('',(1.49530681177,-5.116641113062));
#989 = CARTESIAN_POINT('',(1.520068418522,-5.180519280193));
#990 = CARTESIAN_POINT('',(1.546079503279,-5.216310033679));
#991 = CARTESIAN_POINT('',(1.572550773886,-5.222006906029));
#992 = CARTESIAN_POINT('',(1.598667142133,-5.197871740421));
#993 = CARTESIAN_POINT('',(1.649232724237,-5.094152597428));
#994 = CARTESIAN_POINT('',(1.672822323739,-5.014987990002));
#995 = CARTESIAN_POINT('',(1.694175219172,-4.914240492534));
#996 = CARTESIAN_POINT('',(1.71314141683,-4.796300584168));
#997 = CARTESIAN_POINT('',(1.72963893811,-4.665027379456));
#998 = CARTESIAN_POINT('',(1.743638839424,-4.523863277068));
#999 = CARTESIAN_POINT('',(1.755162708744,-4.375883866059));
#1000 = CARTESIAN_POINT('',(1.774540559201,-4.052590684628));
#1001 = CARTESIAN_POINT('',(1.781942474052,-3.872946738031));
#1002 = CARTESIAN_POINT('',(1.786413074788,-3.687825050139));
#1003 = CARTESIAN_POINT('',(1.787908297717,-3.5));
#1004 = CARTESIAN_POINT('',(1.786413074788,-3.312174949861));
#1005 = CARTESIAN_POINT('',(1.781942474052,-3.12705326197));
#1006 = CARTESIAN_POINT('',(1.774540559201,-2.947409315374));
#1007 = CARTESIAN_POINT('',(1.755733551678,-2.633639874907));
#1008 = CARTESIAN_POINT('',(1.745090960759,-2.494990386628));
#1009 = CARTESIAN_POINT('',(1.732300073273,-2.362285289589));
#1010 = CARTESIAN_POINT('',(1.717336326354,-2.237878450547));
#1011 = CARTESIAN_POINT('',(1.700206102393,-2.124452100268));
#1012 = CARTESIAN_POINT('',(1.680951606701,-2.025067176849));
#1013 = CARTESIAN_POINT('',(1.659663396679,-1.943258701378));
#1014 = CARTESIAN_POINT('',(1.614315713768,-1.825638273498));
#1015 = CARTESIAN_POINT('',(1.590707299622,-1.788838026958));
#1016 = CARTESIAN_POINT('',(1.566312512386,-1.776575142255));
#1017 = CARTESIAN_POINT('',(1.541840059636,-1.790401745157));
#1018 = CARTESIAN_POINT('',(1.518008168732,-1.829768404031));
#1019 = CARTESIAN_POINT('',(1.495505269593,-1.892082602022));
#1020 = CARTESIAN_POINT('',(1.474922047883,-1.972659301976));
#1021 = CARTESIAN_POINT('',(1.431233689511,-2.193020589686));
#1022 = CARTESIAN_POINT('',(1.40957830147,-2.347525715119));
#1023 = CARTESIAN_POINT('',(1.391731311872,-2.520154710107));
#1024 = CARTESIAN_POINT('',(1.377607940382,-2.70533246148));
#1025 = CARTESIAN_POINT('',(1.367110484046,-2.898866039352));
#1026 = CARTESIAN_POINT('',(1.360148337507,-3.097524025297));
#1027 = CARTESIAN_POINT('',(1.356663643721,-3.298702419121));
#1028 = CARTESIAN_POINT('',(1.356663643721,-3.5));
#1029 = ( GEOMETRIC_REPRESENTATION_CONTEXT(2) 
PARAMETRIC_REPRESENTATION_CONTEXT() REPRESENTATION_CONTEXT('2D SPACE',''
  ) );
#1030 = ORIENTED_EDGE('',*,*,#838,.F.);
#1031 = ORIENTED_EDGE('',*,*,#1032,.T.);
#1032 = EDGE_CURVE('',#806,#1033,#1035,.T.);
#1033 = VERTEX_POINT('',#1034);
#1034 = CARTESIAN_POINT('',(1.033198915987,-6.9,14.1500001));
#1035 = SURFACE_CURVE('',#1036,(#1041,#1048),.PCURVE_S1.);
#1036 = CIRCLE('',#1037,1.7);
#1037 = AXIS2_PLACEMENT_3D('',#1038,#1039,#1040);
#1038 = CARTESIAN_POINT('',(0.,-6.9,15.5000001));
#1039 = DIRECTION('',(0.,1.,-1.110223024625E-16));
#1040 = DIRECTION('',(1.,0.,0.));
#1041 = PCURVE('',#620,#1042);
#1042 = DEFINITIONAL_REPRESENTATION('',(#1043),#1047);
#1043 = LINE('',#1044,#1045);
#1044 = CARTESIAN_POINT('',(-6.28318530718,-6.9));
#1045 = VECTOR('',#1046,1.);
#1046 = DIRECTION('',(1.,-0.));
#1047 = ( GEOMETRIC_REPRESENTATION_CONTEXT(2) 
PARAMETRIC_REPRESENTATION_CONTEXT() REPRESENTATION_CONTEXT('2D SPACE',''
  ) );
#1048 = PCURVE('',#822,#1049);
#1049 = DEFINITIONAL_REPRESENTATION('',(#1050),#1058);
#1050 = ( BOUNDED_CURVE() B_SPLINE_CURVE(2,(#1051,#1052,#1053,#1054,
#1055,#1056,#1057),.UNSPECIFIED.,.T.,.F.) B_SPLINE_CURVE_WITH_KNOTS((1,2
    ,2,2,2,1),(-2.094395102393,0.,2.094395102393,4.188790204786,
6.28318530718,8.377580409573),.UNSPECIFIED.) CURVE() 
GEOMETRIC_REPRESENTATION_ITEM() RATIONAL_B_SPLINE_CURVE((1.,0.5,1.,0.5,
1.,0.5,1.)) REPRESENTATION_ITEM('') );
#1051 = CARTESIAN_POINT('',(4.6,0.));
#1052 = CARTESIAN_POINT('',(4.6,-2.944486372867));
#1053 = CARTESIAN_POINT('',(2.05,-1.472243186434));
#1054 = CARTESIAN_POINT('',(-0.5,-4.163799117101E-16));
#1055 = CARTESIAN_POINT('',(2.05,1.472243186434));
#1056 = CARTESIAN_POINT('',(4.6,2.944486372867));
#1057 = CARTESIAN_POINT('',(4.6,0.));
#1058 = ( GEOMETRIC_REPRESENTATION_CONTEXT(2) 
PARAMETRIC_REPRESENTATION_CONTEXT() REPRESENTATION_CONTEXT('2D SPACE',''
  ) );
#1059 = ORIENTED_EDGE('',*,*,#1060,.T.);
#1060 = EDGE_CURVE('',#1033,#1061,#1063,.T.);
#1061 = VERTEX_POINT('',#1062);
#1062 = CARTESIAN_POINT('',(1.033198915987,-4.9,14.1500001));
#1063 = SURFACE_CURVE('',#1064,(#1068,#1075),.PCURVE_S1.);
#1064 = LINE('',#1065,#1066);
#1065 = CARTESIAN_POINT('',(1.033198915989,7.105427357601E-15,14.1500001
    ));
#1066 = VECTOR('',#1067,1.);
#1067 = DIRECTION('',(-0.,1.,-1.110223024625E-16));
#1068 = PCURVE('',#620,#1069);
#1069 = DEFINITIONAL_REPRESENTATION('',(#1070),#1074);
#1070 = LINE('',#1071,#1072);
#1071 = CARTESIAN_POINT('',(-5.365630909565,0.));
#1072 = VECTOR('',#1073,1.);
#1073 = DIRECTION('',(-0.,1.));
#1074 = ( GEOMETRIC_REPRESENTATION_CONTEXT(2) 
PARAMETRIC_REPRESENTATION_CONTEXT() REPRESENTATION_CONTEXT('2D SPACE',''
  ) );
#1075 = PCURVE('',#1076,#1081);
#1076 = PLANE('',#1077);
#1077 = AXIS2_PLACEMENT_3D('',#1078,#1079,#1080);
#1078 = CARTESIAN_POINT('',(-2.9,-4.9,14.1500001));
#1079 = DIRECTION('',(0.,1.110223024625E-16,1.));
#1080 = DIRECTION('',(0.,-1.,1.110223024625E-16));
#1081 = DEFINITIONAL_REPRESENTATION('',(#1082),#1086);
#1082 = LINE('',#1083,#1084);
#1083 = CARTESIAN_POINT('',(-4.9,3.933198915989));
#1084 = VECTOR('',#1085,1.);
#1085 = DIRECTION('',(-1.,0.));
#1086 = ( GEOMETRIC_REPRESENTATION_CONTEXT(2) 
PARAMETRIC_REPRESENTATION_CONTEXT() REPRESENTATION_CONTEXT('2D SPACE',''
  ) );
#1087 = ORIENTED_EDGE('',*,*,#1088,.F.);
#1088 = EDGE_CURVE('',#726,#1061,#1089,.T.);
#1089 = SURFACE_CURVE('',#1090,(#1095,#1102),.PCURVE_S1.);
#1090 = CIRCLE('',#1091,1.7);
#1091 = AXIS2_PLACEMENT_3D('',#1092,#1093,#1094);
#1092 = CARTESIAN_POINT('',(0.,-4.9,15.5000001));
#1093 = DIRECTION('',(0.,1.,-1.110223024625E-16));
#1094 = DIRECTION('',(1.,0.,0.));
#1095 = PCURVE('',#620,#1096);
#1096 = DEFINITIONAL_REPRESENTATION('',(#1097),#1101);
#1097 = LINE('',#1098,#1099);
#1098 = CARTESIAN_POINT('',(-6.28318530718,-4.9));
#1099 = VECTOR('',#1100,1.);
#1100 = DIRECTION('',(1.,-0.));
#1101 = ( GEOMETRIC_REPRESENTATION_CONTEXT(2) 
PARAMETRIC_REPRESENTATION_CONTEXT() REPRESENTATION_CONTEXT('2D SPACE',''
  ) );
#1102 = PCURVE('',#765,#1103);
#1103 = DEFINITIONAL_REPRESENTATION('',(#1104),#1112);
#1104 = ( BOUNDED_CURVE() B_SPLINE_CURVE(2,(#1105,#1106,#1107,#1108,
#1109,#1110,#1111),.UNSPECIFIED.,.T.,.F.) B_SPLINE_CURVE_WITH_KNOTS((1,2
    ,2,2,2,1),(-2.094395102393,0.,2.094395102393,4.188790204786,
6.28318530718,8.377580409573),.UNSPECIFIED.) CURVE() 
GEOMETRIC_REPRESENTATION_ITEM() RATIONAL_B_SPLINE_CURVE((1.,0.5,1.,0.5,
1.,0.5,1.)) REPRESENTATION_ITEM('') );
#1105 = CARTESIAN_POINT('',(4.6,0.));
#1106 = CARTESIAN_POINT('',(4.6,-2.944486372867));
#1107 = CARTESIAN_POINT('',(2.05,-1.472243186434));
#1108 = CARTESIAN_POINT('',(-0.5,-4.163799117101E-16));
#1109 = CARTESIAN_POINT('',(2.05,1.472243186434));
#1110 = CARTESIAN_POINT('',(4.6,2.944486372867));
#1111 = CARTESIAN_POINT('',(4.6,0.));
#1112 = ( GEOMETRIC_REPRESENTATION_CONTEXT(2) 
PARAMETRIC_REPRESENTATION_CONTEXT() REPRESENTATION_CONTEXT('2D SPACE',''
  ) );
#1113 = ORIENTED_EDGE('',*,*,#725,.F.);
#1114 = ADVANCED_FACE('',(#1115),#1076,.T.);
#1115 = FACE_BOUND('',#1116,.T.);
#1116 = EDGE_LOOP('',(#1117,#1140,#1141,#1164));
#1117 = ORIENTED_EDGE('',*,*,#1118,.F.);
#1118 = EDGE_CURVE('',#1061,#1119,#1121,.T.);
#1119 = VERTEX_POINT('',#1120);
#1120 = CARTESIAN_POINT('',(2.9,-4.9,14.1500001));
#1121 = SURFACE_CURVE('',#1122,(#1126,#1133),.PCURVE_S1.);
#1122 = LINE('',#1123,#1124);
#1123 = CARTESIAN_POINT('',(-2.9,-4.9,14.1500001));
#1124 = VECTOR('',#1125,1.);
#1125 = DIRECTION('',(1.,0.,0.));
#1126 = PCURVE('',#1076,#1127);
#1127 = DEFINITIONAL_REPRESENTATION('',(#1128),#1132);
#1128 = LINE('',#1129,#1130);
#1129 = CARTESIAN_POINT('',(0.,0.));
#1130 = VECTOR('',#1131,1.);
#1131 = DIRECTION('',(0.,1.));
#1132 = ( GEOMETRIC_REPRESENTATION_CONTEXT(2) 
PARAMETRIC_REPRESENTATION_CONTEXT() REPRESENTATION_CONTEXT('2D SPACE',''
  ) );
#1133 = PCURVE('',#765,#1134);
#1134 = DEFINITIONAL_REPRESENTATION('',(#1135),#1139);
#1135 = LINE('',#1136,#1137);
#1136 = CARTESIAN_POINT('',(0.,-1.35));
#1137 = VECTOR('',#1138,1.);
#1138 = DIRECTION('',(1.,0.));
#1139 = ( GEOMETRIC_REPRESENTATION_CONTEXT(2) 
PARAMETRIC_REPRESENTATION_CONTEXT() REPRESENTATION_CONTEXT('2D SPACE',''
  ) );
#1140 = ORIENTED_EDGE('',*,*,#1060,.F.);
#1141 = ORIENTED_EDGE('',*,*,#1142,.T.);
#1142 = EDGE_CURVE('',#1033,#1143,#1145,.T.);
#1143 = VERTEX_POINT('',#1144);
#1144 = CARTESIAN_POINT('',(2.9,-6.9,14.1500001));
#1145 = SURFACE_CURVE('',#1146,(#1150,#1157),.PCURVE_S1.);
#1146 = LINE('',#1147,#1148);
#1147 = CARTESIAN_POINT('',(-2.9,-6.9,14.1500001));
#1148 = VECTOR('',#1149,1.);
#1149 = DIRECTION('',(1.,0.,0.));
#1150 = PCURVE('',#1076,#1151);
#1151 = DEFINITIONAL_REPRESENTATION('',(#1152),#1156);
#1152 = LINE('',#1153,#1154);
#1153 = CARTESIAN_POINT('',(2.,0.));
#1154 = VECTOR('',#1155,1.);
#1155 = DIRECTION('',(0.,1.));
#1156 = ( GEOMETRIC_REPRESENTATION_CONTEXT(2) 
PARAMETRIC_REPRESENTATION_CONTEXT() REPRESENTATION_CONTEXT('2D SPACE',''
  ) );
#1157 = PCURVE('',#822,#1158);
#1158 = DEFINITIONAL_REPRESENTATION('',(#1159),#1163);
#1159 = LINE('',#1160,#1161);
#1160 = CARTESIAN_POINT('',(0.,-1.35));
#1161 = VECTOR('',#1162,1.);
#1162 = DIRECTION('',(1.,0.));
#1163 = ( GEOMETRIC_REPRESENTATION_CONTEXT(2) 
PARAMETRIC_REPRESENTATION_CONTEXT() REPRESENTATION_CONTEXT('2D SPACE',''
  ) );
#1164 = ORIENTED_EDGE('',*,*,#1165,.F.);
#1165 = EDGE_CURVE('',#1119,#1143,#1166,.T.);
#1166 = SURFACE_CURVE('',#1167,(#1171,#1178),.PCURVE_S1.);
#1167 = LINE('',#1168,#1169);
#1168 = CARTESIAN_POINT('',(2.9,-4.9,14.1500001));
#1169 = VECTOR('',#1170,1.);
#1170 = DIRECTION('',(0.,-1.,1.110223024625E-16));
#1171 = PCURVE('',#1076,#1172);
#1172 = DEFINITIONAL_REPRESENTATION('',(#1173),#1177);
#1173 = LINE('',#1174,#1175);
#1174 = CARTESIAN_POINT('',(0.,5.8));
#1175 = VECTOR('',#1176,1.);
#1176 = DIRECTION('',(1.,0.));
#1177 = ( GEOMETRIC_REPRESENTATION_CONTEXT(2) 
PARAMETRIC_REPRESENTATION_CONTEXT() REPRESENTATION_CONTEXT('2D SPACE',''
  ) );
#1178 = PCURVE('',#1179,#1184);
#1179 = PLANE('',#1180);
#1180 = AXIS2_PLACEMENT_3D('',#1181,#1182,#1183);
#1181 = CARTESIAN_POINT('',(2.9,-4.9,15.5000001));
#1182 = DIRECTION('',(1.,0.,0.));
#1183 = DIRECTION('',(0.,-1.,1.110223024625E-16));
#1184 = DEFINITIONAL_REPRESENTATION('',(#1185),#1189);
#1185 = LINE('',#1186,#1187);
#1186 = CARTESIAN_POINT('',(-1.498801083244E-16,1.35));
#1187 = VECTOR('',#1188,1.);
#1188 = DIRECTION('',(1.,0.));
#1189 = ( GEOMETRIC_REPRESENTATION_CONTEXT(2) 
PARAMETRIC_REPRESENTATION_CONTEXT() REPRESENTATION_CONTEXT('2D SPACE',''
  ) );
#1190 = ADVANCED_FACE('',(#1191),#1179,.F.);
#1191 = FACE_BOUND('',#1192,.F.);
#1192 = EDGE_LOOP('',(#1193,#1216,#1217,#1240));
#1193 = ORIENTED_EDGE('',*,*,#1194,.F.);
#1194 = EDGE_CURVE('',#1143,#1195,#1197,.T.);
#1195 = VERTEX_POINT('',#1196);
#1196 = CARTESIAN_POINT('',(2.9,-6.9,19.0000001));
#1197 = SURFACE_CURVE('',#1198,(#1202,#1209),.PCURVE_S1.);
#1198 = LINE('',#1199,#1200);
#1199 = CARTESIAN_POINT('',(2.9,-6.9,14.1500001));
#1200 = VECTOR('',#1201,1.);
#1201 = DIRECTION('',(0.,1.110223024625E-16,1.));
#1202 = PCURVE('',#1179,#1203);
#1203 = DEFINITIONAL_REPRESENTATION('',(#1204),#1208);
#1204 = LINE('',#1205,#1206);
#1205 = CARTESIAN_POINT('',(2.,1.35));
#1206 = VECTOR('',#1207,1.);
#1207 = DIRECTION('',(0.,-1.));
#1208 = ( GEOMETRIC_REPRESENTATION_CONTEXT(2) 
PARAMETRIC_REPRESENTATION_CONTEXT() REPRESENTATION_CONTEXT('2D SPACE',''
  ) );
#1209 = PCURVE('',#822,#1210);
#1210 = DEFINITIONAL_REPRESENTATION('',(#1211),#1215);
#1211 = LINE('',#1212,#1213);
#1212 = CARTESIAN_POINT('',(5.8,-1.35));
#1213 = VECTOR('',#1214,1.);
#1214 = DIRECTION('',(0.,1.));
#1215 = ( GEOMETRIC_REPRESENTATION_CONTEXT(2) 
PARAMETRIC_REPRESENTATION_CONTEXT() REPRESENTATION_CONTEXT('2D SPACE',''
  ) );
#1216 = ORIENTED_EDGE('',*,*,#1165,.F.);
#1217 = ORIENTED_EDGE('',*,*,#1218,.T.);
#1218 = EDGE_CURVE('',#1119,#1219,#1221,.T.);
#1219 = VERTEX_POINT('',#1220);
#1220 = CARTESIAN_POINT('',(2.9,-4.9,19.0000001));
#1221 = SURFACE_CURVE('',#1222,(#1226,#1233),.PCURVE_S1.);
#1222 = LINE('',#1223,#1224);
#1223 = CARTESIAN_POINT('',(2.9,-4.9,14.1500001));
#1224 = VECTOR('',#1225,1.);
#1225 = DIRECTION('',(0.,1.110223024625E-16,1.));
#1226 = PCURVE('',#1179,#1227);
#1227 = DEFINITIONAL_REPRESENTATION('',(#1228),#1232);
#1228 = LINE('',#1229,#1230);
#1229 = CARTESIAN_POINT('',(-1.498801083244E-16,1.35));
#1230 = VECTOR('',#1231,1.);
#1231 = DIRECTION('',(0.,-1.));
#1232 = ( GEOMETRIC_REPRESENTATION_CONTEXT(2) 
PARAMETRIC_REPRESENTATION_CONTEXT() REPRESENTATION_CONTEXT('2D SPACE',''
  ) );
#1233 = PCURVE('',#765,#1234);
#1234 = DEFINITIONAL_REPRESENTATION('',(#1235),#1239);
#1235 = LINE('',#1236,#1237);
#1236 = CARTESIAN_POINT('',(5.8,-1.35));
#1237 = VECTOR('',#1238,1.);
#1238 = DIRECTION('',(0.,1.));
#1239 = ( GEOMETRIC_REPRESENTATION_CONTEXT(2) 
PARAMETRIC_REPRESENTATION_CONTEXT() REPRESENTATION_CONTEXT('2D SPACE',''
  ) );
#1240 = ORIENTED_EDGE('',*,*,#1241,.T.);
#1241 = EDGE_CURVE('',#1219,#1195,#1242,.T.);
#1242 = SURFACE_CURVE('',#1243,(#1247,#1254),.PCURVE_S1.);
#1243 = LINE('',#1244,#1245);
#1244 = CARTESIAN_POINT('',(2.9,-2.45,19.0000001));
#1245 = VECTOR('',#1246,1.);
#1246 = DIRECTION('',(0.,-1.,1.110223024625E-16));
#1247 = PCURVE('',#1179,#1248);
#1248 = DEFINITIONAL_REPRESENTATION('',(#1249),#1253);
#1249 = LINE('',#1250,#1251);
#1250 = CARTESIAN_POINT('',(-2.45,-3.5));
#1251 = VECTOR('',#1252,1.);
#1252 = DIRECTION('',(1.,0.));
#1253 = ( GEOMETRIC_REPRESENTATION_CONTEXT(2) 
PARAMETRIC_REPRESENTATION_CONTEXT() REPRESENTATION_CONTEXT('2D SPACE',''
  ) );
#1254 = PCURVE('',#412,#1255);
#1255 = DEFINITIONAL_REPRESENTATION('',(#1256),#1260);
#1256 = LINE('',#1257,#1258);
#1257 = CARTESIAN_POINT('',(-2.45,2.9));
#1258 = VECTOR('',#1259,1.);
#1259 = DIRECTION('',(-1.,0.));
#1260 = ( GEOMETRIC_REPRESENTATION_CONTEXT(2) 
PARAMETRIC_REPRESENTATION_CONTEXT() REPRESENTATION_CONTEXT('2D SPACE',''
  ) );
#1261 = ADVANCED_FACE('',(#1262,#1339),#971,.T.);
#1262 = FACE_BOUND('',#1263,.T.);
#1263 = EDGE_LOOP('',(#1264,#1293,#1316,#1338));
#1264 = ORIENTED_EDGE('',*,*,#1265,.F.);
#1265 = EDGE_CURVE('',#1266,#1266,#1268,.T.);
#1266 = VERTEX_POINT('',#1267);
#1267 = CARTESIAN_POINT('',(8.,7.105427357601E-15,12.0000001));
#1268 = SURFACE_CURVE('',#1269,(#1274,#1281),.PCURVE_S1.);
#1269 = CIRCLE('',#1270,8.);
#1270 = AXIS2_PLACEMENT_3D('',#1271,#1272,#1273);
#1271 = CARTESIAN_POINT('',(0.,7.105427357601E-15,12.0000001));
#1272 = DIRECTION('',(0.,-1.110223024625E-16,-1.));
#1273 = DIRECTION('',(1.,0.,0.));
#1274 = PCURVE('',#971,#1275);
#1275 = DEFINITIONAL_REPRESENTATION('',(#1276),#1280);
#1276 = LINE('',#1277,#1278);
#1277 = CARTESIAN_POINT('',(0.,0.));
#1278 = VECTOR('',#1279,1.);
#1279 = DIRECTION('',(1.,0.));
#1280 = ( GEOMETRIC_REPRESENTATION_CONTEXT(2) 
PARAMETRIC_REPRESENTATION_CONTEXT() REPRESENTATION_CONTEXT('2D SPACE',''
  ) );
#1281 = PCURVE('',#1282,#1287);
#1282 = PLANE('',#1283);
#1283 = AXIS2_PLACEMENT_3D('',#1284,#1285,#1286);
#1284 = CARTESIAN_POINT('',(-9.652518582631E-16,7.105427357601E-15,
    12.0000001));
#1285 = DIRECTION('',(-0.,-1.110223024625E-16,-1.));
#1286 = DIRECTION('',(0.,1.,-1.110223024625E-16));
#1287 = DEFINITIONAL_REPRESENTATION('',(#1288),#1292);
#1288 = CIRCLE('',#1289,8.);
#1289 = AXIS2_PLACEMENT_2D('',#1290,#1291);
#1290 = CARTESIAN_POINT('',(0.,9.652518582631E-16));
#1291 = DIRECTION('',(0.,1.));
#1292 = ( GEOMETRIC_REPRESENTATION_CONTEXT(2) 
PARAMETRIC_REPRESENTATION_CONTEXT() REPRESENTATION_CONTEXT('2D SPACE',''
  ) );
#1293 = ORIENTED_EDGE('',*,*,#1294,.T.);
#1294 = EDGE_CURVE('',#1266,#1295,#1297,.T.);
#1295 = VERTEX_POINT('',#1296);
#1296 = CARTESIAN_POINT('',(8.,1.42108547152E-14,19.0000001));
#1297 = SEAM_CURVE('',#1298,(#1302,#1309),.PCURVE_S1.);
#1298 = LINE('',#1299,#1300);
#1299 = CARTESIAN_POINT('',(8.,7.105427357601E-15,12.0000001));
#1300 = VECTOR('',#1301,1.);
#1301 = DIRECTION('',(0.,1.110223024625E-16,1.));
#1302 = PCURVE('',#971,#1303);
#1303 = DEFINITIONAL_REPRESENTATION('',(#1304),#1308);
#1304 = LINE('',#1305,#1306);
#1305 = CARTESIAN_POINT('',(6.28318530718,0.));
#1306 = VECTOR('',#1307,1.);
#1307 = DIRECTION('',(0.,-1.));
#1308 = ( GEOMETRIC_REPRESENTATION_CONTEXT(2) 
PARAMETRIC_REPRESENTATION_CONTEXT() REPRESENTATION_CONTEXT('2D SPACE',''
  ) );
#1309 = PCURVE('',#971,#1310);
#1310 = DEFINITIONAL_REPRESENTATION('',(#1311),#1315);
#1311 = LINE('',#1312,#1313);
#1312 = CARTESIAN_POINT('',(0.,0.));
#1313 = VECTOR('',#1314,1.);
#1314 = DIRECTION('',(0.,-1.));
#1315 = ( GEOMETRIC_REPRESENTATION_CONTEXT(2) 
PARAMETRIC_REPRESENTATION_CONTEXT() REPRESENTATION_CONTEXT('2D SPACE',''
  ) );
#1316 = ORIENTED_EDGE('',*,*,#1317,.T.);
#1317 = EDGE_CURVE('',#1295,#1295,#1318,.T.);
#1318 = SURFACE_CURVE('',#1319,(#1324,#1331),.PCURVE_S1.);
#1319 = CIRCLE('',#1320,8.);
#1320 = AXIS2_PLACEMENT_3D('',#1321,#1322,#1323);
#1321 = CARTESIAN_POINT('',(0.,1.42108547152E-14,19.0000001));
#1322 = DIRECTION('',(0.,-1.110223024625E-16,-1.));
#1323 = DIRECTION('',(1.,0.,0.));
#1324 = PCURVE('',#971,#1325);
#1325 = DEFINITIONAL_REPRESENTATION('',(#1326),#1330);
#1326 = LINE('',#1327,#1328);
#1327 = CARTESIAN_POINT('',(0.,-7.));
#1328 = VECTOR('',#1329,1.);
#1329 = DIRECTION('',(1.,0.));
#1330 = ( GEOMETRIC_REPRESENTATION_CONTEXT(2) 
PARAMETRIC_REPRESENTATION_CONTEXT() REPRESENTATION_CONTEXT('2D SPACE',''
  ) );
#1331 = PCURVE('',#412,#1332);
#1332 = DEFINITIONAL_REPRESENTATION('',(#1333),#1337);
#1333 = CIRCLE('',#1334,8.);
#1334 = AXIS2_PLACEMENT_2D('',#1335,#1336);
#1335 = CARTESIAN_POINT('',(-1.42108547152E-14,1.709300165674E-16));
#1336 = DIRECTION('',(0.,1.));
#1337 = ( GEOMETRIC_REPRESENTATION_CONTEXT(2) 
PARAMETRIC_REPRESENTATION_CONTEXT() REPRESENTATION_CONTEXT('2D SPACE',''
  ) );
#1338 = ORIENTED_EDGE('',*,*,#1294,.F.);
#1339 = FACE_BOUND('',#1340,.T.);
#1340 = EDGE_LOOP('',(#1341));
#1341 = ORIENTED_EDGE('',*,*,#861,.F.);
#1342 = ADVANCED_FACE('',(#1343,#1374,#1405,#1436,#1467,#1470),#1282,.F.
  );
#1343 = FACE_BOUND('',#1344,.F.);
#1344 = EDGE_LOOP('',(#1345));
#1345 = ORIENTED_EDGE('',*,*,#1346,.T.);
#1346 = EDGE_CURVE('',#1347,#1347,#1349,.T.);
#1347 = VERTEX_POINT('',#1348);
#1348 = CARTESIAN_POINT('',(17.,7.105427357601E-15,12.0000001));
#1349 = SURFACE_CURVE('',#1350,(#1355,#1362),.PCURVE_S1.);
#1350 = CIRCLE('',#1351,17.);
#1351 = AXIS2_PLACEMENT_3D('',#1352,#1353,#1354);
#1352 = CARTESIAN_POINT('',(0.,7.105427357601E-15,12.0000001));
#1353 = DIRECTION('',(0.,-1.110223024625E-16,-1.));
#1354 = DIRECTION('',(1.,0.,0.));
#1355 = PCURVE('',#1282,#1356);
#1356 = DEFINITIONAL_REPRESENTATION('',(#1357),#1361);
#1357 = CIRCLE('',#1358,17.);
#1358 = AXIS2_PLACEMENT_2D('',#1359,#1360);
#1359 = CARTESIAN_POINT('',(0.,9.652518582631E-16));
#1360 = DIRECTION('',(0.,1.));
#1361 = ( GEOMETRIC_REPRESENTATION_CONTEXT(2) 
PARAMETRIC_REPRESENTATION_CONTEXT() REPRESENTATION_CONTEXT('2D SPACE',''
  ) );
#1362 = PCURVE('',#1363,#1368);
#1363 = CYLINDRICAL_SURFACE('',#1364,17.);
#1364 = AXIS2_PLACEMENT_3D('',#1365,#1366,#1367);
#1365 = CARTESIAN_POINT('',(0.,7.105427357601E-15,9.2000001));
#1366 = DIRECTION('',(0.,-1.110223024625E-16,-1.));
#1367 = DIRECTION('',(1.,0.,0.));
#1368 = DEFINITIONAL_REPRESENTATION('',(#1369),#1373);
#1369 = LINE('',#1370,#1371);
#1370 = CARTESIAN_POINT('',(0.,-2.8));
#1371 = VECTOR('',#1372,1.);
#1372 = DIRECTION('',(1.,0.));
#1373 = ( GEOMETRIC_REPRESENTATION_CONTEXT(2) 
PARAMETRIC_REPRESENTATION_CONTEXT() REPRESENTATION_CONTEXT('2D SPACE',''
  ) );
#1374 = FACE_BOUND('',#1375,.F.);
#1375 = EDGE_LOOP('',(#1376));
#1376 = ORIENTED_EDGE('',*,*,#1377,.F.);
#1377 = EDGE_CURVE('',#1378,#1378,#1380,.T.);
#1378 = VERTEX_POINT('',#1379);
#1379 = CARTESIAN_POINT('',(-6.092388155425,-9.192388155425,12.0000001)
  );
#1380 = SURFACE_CURVE('',#1381,(#1386,#1393),.PCURVE_S1.);
#1381 = CIRCLE('',#1382,3.1);
#1382 = AXIS2_PLACEMENT_3D('',#1383,#1384,#1385);
#1383 = CARTESIAN_POINT('',(-9.192388155425,-9.192388155425,12.0000001)
  );
#1384 = DIRECTION('',(0.,-1.110223024625E-16,-1.));
#1385 = DIRECTION('',(1.,0.,0.));
#1386 = PCURVE('',#1282,#1387);
#1387 = DEFINITIONAL_REPRESENTATION('',(#1388),#1392);
#1388 = CIRCLE('',#1389,3.1);
#1389 = AXIS2_PLACEMENT_2D('',#1390,#1391);
#1390 = CARTESIAN_POINT('',(-9.192388155425,-9.192388155425));
#1391 = DIRECTION('',(0.,1.));
#1392 = ( GEOMETRIC_REPRESENTATION_CONTEXT(2) 
PARAMETRIC_REPRESENTATION_CONTEXT() REPRESENTATION_CONTEXT('2D SPACE',''
  ) );
#1393 = PCURVE('',#1394,#1399);
#1394 = CYLINDRICAL_SURFACE('',#1395,3.1);
#1395 = AXIS2_PLACEMENT_3D('',#1396,#1397,#1398);
#1396 = CARTESIAN_POINT('',(-9.192388155425,-9.192388155425,8.8000001));
#1397 = DIRECTION('',(0.,-1.110223024625E-16,-1.));
#1398 = DIRECTION('',(1.,0.,0.));
#1399 = DEFINITIONAL_REPRESENTATION('',(#1400),#1404);
#1400 = LINE('',#1401,#1402);
#1401 = CARTESIAN_POINT('',(0.,-3.2));
#1402 = VECTOR('',#1403,1.);
#1403 = DIRECTION('',(1.,0.));
#1404 = ( GEOMETRIC_REPRESENTATION_CONTEXT(2) 
PARAMETRIC_REPRESENTATION_CONTEXT() REPRESENTATION_CONTEXT('2D SPACE',''
  ) );
#1405 = FACE_BOUND('',#1406,.F.);
#1406 = EDGE_LOOP('',(#1407));
#1407 = ORIENTED_EDGE('',*,*,#1408,.F.);
#1408 = EDGE_CURVE('',#1409,#1409,#1411,.T.);
#1409 = VERTEX_POINT('',#1410);
#1410 = CARTESIAN_POINT('',(-6.092388155425,9.192388155425,12.0000001));
#1411 = SURFACE_CURVE('',#1412,(#1417,#1424),.PCURVE_S1.);
#1412 = CIRCLE('',#1413,3.1);
#1413 = AXIS2_PLACEMENT_3D('',#1414,#1415,#1416);
#1414 = CARTESIAN_POINT('',(-9.192388155425,9.192388155425,12.0000001));
#1415 = DIRECTION('',(0.,-1.110223024625E-16,-1.));
#1416 = DIRECTION('',(1.,0.,0.));
#1417 = PCURVE('',#1282,#1418);
#1418 = DEFINITIONAL_REPRESENTATION('',(#1419),#1423);
#1419 = CIRCLE('',#1420,3.1);
#1420 = AXIS2_PLACEMENT_2D('',#1421,#1422);
#1421 = CARTESIAN_POINT('',(9.192388155425,-9.192388155425));
#1422 = DIRECTION('',(0.,1.));
#1423 = ( GEOMETRIC_REPRESENTATION_CONTEXT(2) 
PARAMETRIC_REPRESENTATION_CONTEXT() REPRESENTATION_CONTEXT('2D SPACE',''
  ) );
#1424 = PCURVE('',#1425,#1430);
#1425 = CYLINDRICAL_SURFACE('',#1426,3.1);
#1426 = AXIS2_PLACEMENT_3D('',#1427,#1428,#1429);
#1427 = CARTESIAN_POINT('',(-9.192388155425,9.192388155425,8.8000001));
#1428 = DIRECTION('',(0.,-1.110223024625E-16,-1.));
#1429 = DIRECTION('',(1.,0.,0.));
#1430 = DEFINITIONAL_REPRESENTATION('',(#1431),#1435);
#1431 = LINE('',#1432,#1433);
#1432 = CARTESIAN_POINT('',(0.,-3.2));
#1433 = VECTOR('',#1434,1.);
#1434 = DIRECTION('',(1.,0.));
#1435 = ( GEOMETRIC_REPRESENTATION_CONTEXT(2) 
PARAMETRIC_REPRESENTATION_CONTEXT() REPRESENTATION_CONTEXT('2D SPACE',''
  ) );
#1436 = FACE_BOUND('',#1437,.F.);
#1437 = EDGE_LOOP('',(#1438));
#1438 = ORIENTED_EDGE('',*,*,#1439,.F.);
#1439 = EDGE_CURVE('',#1440,#1440,#1442,.T.);
#1440 = VERTEX_POINT('',#1441);
#1441 = CARTESIAN_POINT('',(12.292388155425,-9.192388155425,12.0000001)
  );
#1442 = SURFACE_CURVE('',#1443,(#1448,#1455),.PCURVE_S1.);
#1443 = CIRCLE('',#1444,3.1);
#1444 = AXIS2_PLACEMENT_3D('',#1445,#1446,#1447);
#1445 = CARTESIAN_POINT('',(9.192388155425,-9.192388155425,12.0000001));
#1446 = DIRECTION('',(0.,-1.110223024625E-16,-1.));
#1447 = DIRECTION('',(1.,0.,0.));
#1448 = PCURVE('',#1282,#1449);
#1449 = DEFINITIONAL_REPRESENTATION('',(#1450),#1454);
#1450 = CIRCLE('',#1451,3.1);
#1451 = AXIS2_PLACEMENT_2D('',#1452,#1453);
#1452 = CARTESIAN_POINT('',(-9.192388155425,9.192388155425));
#1453 = DIRECTION('',(0.,1.));
#1454 = ( GEOMETRIC_REPRESENTATION_CONTEXT(2) 
PARAMETRIC_REPRESENTATION_CONTEXT() REPRESENTATION_CONTEXT('2D SPACE',''
  ) );
#1455 = PCURVE('',#1456,#1461);
#1456 = CYLINDRICAL_SURFACE('',#1457,3.1);
#1457 = AXIS2_PLACEMENT_3D('',#1458,#1459,#1460);
#1458 = CARTESIAN_POINT('',(9.192388155425,-9.192388155425,8.8000001));
#1459 = DIRECTION('',(0.,-1.110223024625E-16,-1.));
#1460 = DIRECTION('',(1.,0.,0.));
#1461 = DEFINITIONAL_REPRESENTATION('',(#1462),#1466);
#1462 = LINE('',#1463,#1464);
#1463 = CARTESIAN_POINT('',(0.,-3.2));
#1464 = VECTOR('',#1465,1.);
#1465 = DIRECTION('',(1.,0.));
#1466 = ( GEOMETRIC_REPRESENTATION_CONTEXT(2) 
PARAMETRIC_REPRESENTATION_CONTEXT() REPRESENTATION_CONTEXT('2D SPACE',''
  ) );
#1467 = FACE_BOUND('',#1468,.F.);
#1468 = EDGE_LOOP('',(#1469));
#1469 = ORIENTED_EDGE('',*,*,#1265,.F.);
#1470 = FACE_BOUND('',#1471,.F.);
#1471 = EDGE_LOOP('',(#1472));
#1472 = ORIENTED_EDGE('',*,*,#1473,.F.);
#1473 = EDGE_CURVE('',#1474,#1474,#1476,.T.);
#1474 = VERTEX_POINT('',#1475);
#1475 = CARTESIAN_POINT('',(12.292388155425,9.192388155425,12.0000001));
#1476 = SURFACE_CURVE('',#1477,(#1482,#1489),.PCURVE_S1.);
#1477 = CIRCLE('',#1478,3.1);
#1478 = AXIS2_PLACEMENT_3D('',#1479,#1480,#1481);
#1479 = CARTESIAN_POINT('',(9.192388155425,9.192388155425,12.0000001));
#1480 = DIRECTION('',(0.,-1.110223024625E-16,-1.));
#1481 = DIRECTION('',(1.,0.,0.));
#1482 = PCURVE('',#1282,#1483);
#1483 = DEFINITIONAL_REPRESENTATION('',(#1484),#1488);
#1484 = CIRCLE('',#1485,3.1);
#1485 = AXIS2_PLACEMENT_2D('',#1486,#1487);
#1486 = CARTESIAN_POINT('',(9.192388155425,9.192388155425));
#1487 = DIRECTION('',(0.,1.));
#1488 = ( GEOMETRIC_REPRESENTATION_CONTEXT(2) 
PARAMETRIC_REPRESENTATION_CONTEXT() REPRESENTATION_CONTEXT('2D SPACE',''
  ) );
#1489 = PCURVE('',#1490,#1495);
#1490 = CYLINDRICAL_SURFACE('',#1491,3.1);
#1491 = AXIS2_PLACEMENT_3D('',#1492,#1493,#1494);
#1492 = CARTESIAN_POINT('',(9.192388155425,9.192388155425,8.8000001));
#1493 = DIRECTION('',(0.,-1.110223024625E-16,-1.));
#1494 = DIRECTION('',(1.,0.,0.));
#1495 = DEFINITIONAL_REPRESENTATION('',(#1496),#1500);
#1496 = LINE('',#1497,#1498);
#1497 = CARTESIAN_POINT('',(0.,-3.2));
#1498 = VECTOR('',#1499,1.);
#1499 = DIRECTION('',(1.,0.));
#1500 = ( GEOMETRIC_REPRESENTATION_CONTEXT(2) 
PARAMETRIC_REPRESENTATION_CONTEXT() REPRESENTATION_CONTEXT('2D SPACE',''
  ) );
#1501 = ADVANCED_FACE('',(#1502),#1490,.F.);
#1502 = FACE_BOUND('',#1503,.F.);
#1503 = EDGE_LOOP('',(#1504,#1533,#1554,#1555));
#1504 = ORIENTED_EDGE('',*,*,#1505,.F.);
#1505 = EDGE_CURVE('',#1506,#1506,#1508,.T.);
#1506 = VERTEX_POINT('',#1507);
#1507 = CARTESIAN_POINT('',(12.292388155425,9.192388155425,8.8000001));
#1508 = SURFACE_CURVE('',#1509,(#1514,#1521),.PCURVE_S1.);
#1509 = CIRCLE('',#1510,3.1);
#1510 = AXIS2_PLACEMENT_3D('',#1511,#1512,#1513);
#1511 = CARTESIAN_POINT('',(9.192388155425,9.192388155425,8.8000001));
#1512 = DIRECTION('',(0.,-1.110223024625E-16,-1.));
#1513 = DIRECTION('',(1.,0.,0.));
#1514 = PCURVE('',#1490,#1515);
#1515 = DEFINITIONAL_REPRESENTATION('',(#1516),#1520);
#1516 = LINE('',#1517,#1518);
#1517 = CARTESIAN_POINT('',(0.,0.));
#1518 = VECTOR('',#1519,1.);
#1519 = DIRECTION('',(1.,0.));
#1520 = ( GEOMETRIC_REPRESENTATION_CONTEXT(2) 
PARAMETRIC_REPRESENTATION_CONTEXT() REPRESENTATION_CONTEXT('2D SPACE',''
  ) );
#1521 = PCURVE('',#1522,#1527);
#1522 = PLANE('',#1523);
#1523 = AXIS2_PLACEMENT_3D('',#1524,#1525,#1526);
#1524 = CARTESIAN_POINT('',(9.192388155425,9.192388155425,8.8000001));
#1525 = DIRECTION('',(-0.,-1.110223024625E-16,-1.));
#1526 = DIRECTION('',(0.,1.,-1.110223024625E-16));
#1527 = DEFINITIONAL_REPRESENTATION('',(#1528),#1532);
#1528 = CIRCLE('',#1529,3.1);
#1529 = AXIS2_PLACEMENT_2D('',#1530,#1531);
#1530 = CARTESIAN_POINT('',(7.105427357601E-15,0.));
#1531 = DIRECTION('',(0.,1.));
#1532 = ( GEOMETRIC_REPRESENTATION_CONTEXT(2) 
PARAMETRIC_REPRESENTATION_CONTEXT() REPRESENTATION_CONTEXT('2D SPACE',''
  ) );
#1533 = ORIENTED_EDGE('',*,*,#1534,.T.);
#1534 = EDGE_CURVE('',#1506,#1474,#1535,.T.);
#1535 = SEAM_CURVE('',#1536,(#1540,#1547),.PCURVE_S1.);
#1536 = LINE('',#1537,#1538);
#1537 = CARTESIAN_POINT('',(12.292388155425,9.192388155425,8.8000001));
#1538 = VECTOR('',#1539,1.);
#1539 = DIRECTION('',(0.,1.110223024625E-16,1.));
#1540 = PCURVE('',#1490,#1541);
#1541 = DEFINITIONAL_REPRESENTATION('',(#1542),#1546);
#1542 = LINE('',#1543,#1544);
#1543 = CARTESIAN_POINT('',(6.28318530718,0.));
#1544 = VECTOR('',#1545,1.);
#1545 = DIRECTION('',(0.,-1.));
#1546 = ( GEOMETRIC_REPRESENTATION_CONTEXT(2) 
PARAMETRIC_REPRESENTATION_CONTEXT() REPRESENTATION_CONTEXT('2D SPACE',''
  ) );
#1547 = PCURVE('',#1490,#1548);
#1548 = DEFINITIONAL_REPRESENTATION('',(#1549),#1553);
#1549 = LINE('',#1550,#1551);
#1550 = CARTESIAN_POINT('',(0.,0.));
#1551 = VECTOR('',#1552,1.);
#1552 = DIRECTION('',(0.,-1.));
#1553 = ( GEOMETRIC_REPRESENTATION_CONTEXT(2) 
PARAMETRIC_REPRESENTATION_CONTEXT() REPRESENTATION_CONTEXT('2D SPACE',''
  ) );
#1554 = ORIENTED_EDGE('',*,*,#1473,.T.);
#1555 = ORIENTED_EDGE('',*,*,#1534,.F.);
#1556 = ADVANCED_FACE('',(#1557),#1522,.F.);
#1557 = FACE_BOUND('',#1558,.F.);
#1558 = EDGE_LOOP('',(#1559));
#1559 = ORIENTED_EDGE('',*,*,#1505,.T.);
#1560 = ADVANCED_FACE('',(#1561),#1456,.F.);
#1561 = FACE_BOUND('',#1562,.F.);
#1562 = EDGE_LOOP('',(#1563,#1592,#1613,#1614));
#1563 = ORIENTED_EDGE('',*,*,#1564,.F.);
#1564 = EDGE_CURVE('',#1565,#1565,#1567,.T.);
#1565 = VERTEX_POINT('',#1566);
#1566 = CARTESIAN_POINT('',(12.292388155425,-9.192388155425,8.8000001));
#1567 = SURFACE_CURVE('',#1568,(#1573,#1580),.PCURVE_S1.);
#1568 = CIRCLE('',#1569,3.1);
#1569 = AXIS2_PLACEMENT_3D('',#1570,#1571,#1572);
#1570 = CARTESIAN_POINT('',(9.192388155425,-9.192388155425,8.8000001));
#1571 = DIRECTION('',(0.,-1.110223024625E-16,-1.));
#1572 = DIRECTION('',(1.,0.,0.));
#1573 = PCURVE('',#1456,#1574);
#1574 = DEFINITIONAL_REPRESENTATION('',(#1575),#1579);
#1575 = LINE('',#1576,#1577);
#1576 = CARTESIAN_POINT('',(0.,0.));
#1577 = VECTOR('',#1578,1.);
#1578 = DIRECTION('',(1.,0.));
#1579 = ( GEOMETRIC_REPRESENTATION_CONTEXT(2) 
PARAMETRIC_REPRESENTATION_CONTEXT() REPRESENTATION_CONTEXT('2D SPACE',''
  ) );
#1580 = PCURVE('',#1581,#1586);
#1581 = PLANE('',#1582);
#1582 = AXIS2_PLACEMENT_3D('',#1583,#1584,#1585);
#1583 = CARTESIAN_POINT('',(9.192388155425,-9.192388155425,8.8000001));
#1584 = DIRECTION('',(-0.,-1.110223024625E-16,-1.));
#1585 = DIRECTION('',(0.,1.,-1.110223024625E-16));
#1586 = DEFINITIONAL_REPRESENTATION('',(#1587),#1591);
#1587 = CIRCLE('',#1588,3.1);
#1588 = AXIS2_PLACEMENT_2D('',#1589,#1590);
#1589 = CARTESIAN_POINT('',(7.105427357601E-15,0.));
#1590 = DIRECTION('',(0.,1.));
#1591 = ( GEOMETRIC_REPRESENTATION_CONTEXT(2) 
PARAMETRIC_REPRESENTATION_CONTEXT() REPRESENTATION_CONTEXT('2D SPACE',''
  ) );
#1592 = ORIENTED_EDGE('',*,*,#1593,.T.);
#1593 = EDGE_CURVE('',#1565,#1440,#1594,.T.);
#1594 = SEAM_CURVE('',#1595,(#1599,#1606),.PCURVE_S1.);
#1595 = LINE('',#1596,#1597);
#1596 = CARTESIAN_POINT('',(12.292388155425,-9.192388155425,8.8000001));
#1597 = VECTOR('',#1598,1.);
#1598 = DIRECTION('',(0.,1.110223024625E-16,1.));
#1599 = PCURVE('',#1456,#1600);
#1600 = DEFINITIONAL_REPRESENTATION('',(#1601),#1605);
#1601 = LINE('',#1602,#1603);
#1602 = CARTESIAN_POINT('',(6.28318530718,0.));
#1603 = VECTOR('',#1604,1.);
#1604 = DIRECTION('',(0.,-1.));
#1605 = ( GEOMETRIC_REPRESENTATION_CONTEXT(2) 
PARAMETRIC_REPRESENTATION_CONTEXT() REPRESENTATION_CONTEXT('2D SPACE',''
  ) );
#1606 = PCURVE('',#1456,#1607);
#1607 = DEFINITIONAL_REPRESENTATION('',(#1608),#1612);
#1608 = LINE('',#1609,#1610);
#1609 = CARTESIAN_POINT('',(0.,0.));
#1610 = VECTOR('',#1611,1.);
#1611 = DIRECTION('',(0.,-1.));
#1612 = ( GEOMETRIC_REPRESENTATION_CONTEXT(2) 
PARAMETRIC_REPRESENTATION_CONTEXT() REPRESENTATION_CONTEXT('2D SPACE',''
  ) );
#1613 = ORIENTED_EDGE('',*,*,#1439,.T.);
#1614 = ORIENTED_EDGE('',*,*,#1593,.F.);
#1615 = ADVANCED_FACE('',(#1616),#1581,.F.);
#1616 = FACE_BOUND('',#1617,.F.);
#1617 = EDGE_LOOP('',(#1618));
#1618 = ORIENTED_EDGE('',*,*,#1564,.T.);
#1619 = ADVANCED_FACE('',(#1620),#1425,.F.);
#1620 = FACE_BOUND('',#1621,.F.);
#1621 = EDGE_LOOP('',(#1622,#1651,#1672,#1673));
#1622 = ORIENTED_EDGE('',*,*,#1623,.F.);
#1623 = EDGE_CURVE('',#1624,#1624,#1626,.T.);
#1624 = VERTEX_POINT('',#1625);
#1625 = CARTESIAN_POINT('',(-6.092388155425,9.192388155425,8.8000001));
#1626 = SURFACE_CURVE('',#1627,(#1632,#1639),.PCURVE_S1.);
#1627 = CIRCLE('',#1628,3.1);
#1628 = AXIS2_PLACEMENT_3D('',#1629,#1630,#1631);
#1629 = CARTESIAN_POINT('',(-9.192388155425,9.192388155425,8.8000001));
#1630 = DIRECTION('',(0.,-1.110223024625E-16,-1.));
#1631 = DIRECTION('',(1.,0.,0.));
#1632 = PCURVE('',#1425,#1633);
#1633 = DEFINITIONAL_REPRESENTATION('',(#1634),#1638);
#1634 = LINE('',#1635,#1636);
#1635 = CARTESIAN_POINT('',(0.,0.));
#1636 = VECTOR('',#1637,1.);
#1637 = DIRECTION('',(1.,0.));
#1638 = ( GEOMETRIC_REPRESENTATION_CONTEXT(2) 
PARAMETRIC_REPRESENTATION_CONTEXT() REPRESENTATION_CONTEXT('2D SPACE',''
  ) );
#1639 = PCURVE('',#1640,#1645);
#1640 = PLANE('',#1641);
#1641 = AXIS2_PLACEMENT_3D('',#1642,#1643,#1644);
#1642 = CARTESIAN_POINT('',(-9.192388155425,9.192388155425,8.8000001));
#1643 = DIRECTION('',(-0.,-1.110223024625E-16,-1.));
#1644 = DIRECTION('',(0.,1.,-1.110223024625E-16));
#1645 = DEFINITIONAL_REPRESENTATION('',(#1646),#1650);
#1646 = CIRCLE('',#1647,3.1);
#1647 = AXIS2_PLACEMENT_2D('',#1648,#1649);
#1648 = CARTESIAN_POINT('',(7.105427357601E-15,0.));
#1649 = DIRECTION('',(0.,1.));
#1650 = ( GEOMETRIC_REPRESENTATION_CONTEXT(2) 
PARAMETRIC_REPRESENTATION_CONTEXT() REPRESENTATION_CONTEXT('2D SPACE',''
  ) );
#1651 = ORIENTED_EDGE('',*,*,#1652,.T.);
#1652 = EDGE_CURVE('',#1624,#1409,#1653,.T.);
#1653 = SEAM_CURVE('',#1654,(#1658,#1665),.PCURVE_S1.);
#1654 = LINE('',#1655,#1656);
#1655 = CARTESIAN_POINT('',(-6.092388155425,9.192388155425,8.8000001));
#1656 = VECTOR('',#1657,1.);
#1657 = DIRECTION('',(0.,1.110223024625E-16,1.));
#1658 = PCURVE('',#1425,#1659);
#1659 = DEFINITIONAL_REPRESENTATION('',(#1660),#1664);
#1660 = LINE('',#1661,#1662);
#1661 = CARTESIAN_POINT('',(6.28318530718,0.));
#1662 = VECTOR('',#1663,1.);
#1663 = DIRECTION('',(0.,-1.));
#1664 = ( GEOMETRIC_REPRESENTATION_CONTEXT(2) 
PARAMETRIC_REPRESENTATION_CONTEXT() REPRESENTATION_CONTEXT('2D SPACE',''
  ) );
#1665 = PCURVE('',#1425,#1666);
#1666 = DEFINITIONAL_REPRESENTATION('',(#1667),#1671);
#1667 = LINE('',#1668,#1669);
#1668 = CARTESIAN_POINT('',(0.,0.));
#1669 = VECTOR('',#1670,1.);
#1670 = DIRECTION('',(0.,-1.));
#1671 = ( GEOMETRIC_REPRESENTATION_CONTEXT(2) 
PARAMETRIC_REPRESENTATION_CONTEXT() REPRESENTATION_CONTEXT('2D SPACE',''
  ) );
#1672 = ORIENTED_EDGE('',*,*,#1408,.T.);
#1673 = ORIENTED_EDGE('',*,*,#1652,.F.);
#1674 = ADVANCED_FACE('',(#1675),#1640,.F.);
#1675 = FACE_BOUND('',#1676,.F.);
#1676 = EDGE_LOOP('',(#1677));
#1677 = ORIENTED_EDGE('',*,*,#1623,.T.);
#1678 = ADVANCED_FACE('',(#1679),#1394,.F.);
#1679 = FACE_BOUND('',#1680,.F.);
#1680 = EDGE_LOOP('',(#1681,#1710,#1731,#1732));
#1681 = ORIENTED_EDGE('',*,*,#1682,.F.);
#1682 = EDGE_CURVE('',#1683,#1683,#1685,.T.);
#1683 = VERTEX_POINT('',#1684);
#1684 = CARTESIAN_POINT('',(-6.092388155425,-9.192388155425,8.8000001));
#1685 = SURFACE_CURVE('',#1686,(#1691,#1698),.PCURVE_S1.);
#1686 = CIRCLE('',#1687,3.1);
#1687 = AXIS2_PLACEMENT_3D('',#1688,#1689,#1690);
#1688 = CARTESIAN_POINT('',(-9.192388155425,-9.192388155425,8.8000001));
#1689 = DIRECTION('',(0.,-1.110223024625E-16,-1.));
#1690 = DIRECTION('',(1.,0.,0.));
#1691 = PCURVE('',#1394,#1692);
#1692 = DEFINITIONAL_REPRESENTATION('',(#1693),#1697);
#1693 = LINE('',#1694,#1695);
#1694 = CARTESIAN_POINT('',(0.,0.));
#1695 = VECTOR('',#1696,1.);
#1696 = DIRECTION('',(1.,0.));
#1697 = ( GEOMETRIC_REPRESENTATION_CONTEXT(2) 
PARAMETRIC_REPRESENTATION_CONTEXT() REPRESENTATION_CONTEXT('2D SPACE',''
  ) );
#1698 = PCURVE('',#1699,#1704);
#1699 = PLANE('',#1700);
#1700 = AXIS2_PLACEMENT_3D('',#1701,#1702,#1703);
#1701 = CARTESIAN_POINT('',(-9.192388155425,-9.192388155425,8.8000001));
#1702 = DIRECTION('',(-0.,-1.110223024625E-16,-1.));
#1703 = DIRECTION('',(0.,1.,-1.110223024625E-16));
#1704 = DEFINITIONAL_REPRESENTATION('',(#1705),#1709);
#1705 = CIRCLE('',#1706,3.1);
#1706 = AXIS2_PLACEMENT_2D('',#1707,#1708);
#1707 = CARTESIAN_POINT('',(0.,0.));
#1708 = DIRECTION('',(0.,1.));
#1709 = ( GEOMETRIC_REPRESENTATION_CONTEXT(2) 
PARAMETRIC_REPRESENTATION_CONTEXT() REPRESENTATION_CONTEXT('2D SPACE',''
  ) );
#1710 = ORIENTED_EDGE('',*,*,#1711,.T.);
#1711 = EDGE_CURVE('',#1683,#1378,#1712,.T.);
#1712 = SEAM_CURVE('',#1713,(#1717,#1724),.PCURVE_S1.);
#1713 = LINE('',#1714,#1715);
#1714 = CARTESIAN_POINT('',(-6.092388155425,-9.192388155425,8.8000001));
#1715 = VECTOR('',#1716,1.);
#1716 = DIRECTION('',(0.,1.110223024625E-16,1.));
#1717 = PCURVE('',#1394,#1718);
#1718 = DEFINITIONAL_REPRESENTATION('',(#1719),#1723);
#1719 = LINE('',#1720,#1721);
#1720 = CARTESIAN_POINT('',(6.28318530718,0.));
#1721 = VECTOR('',#1722,1.);
#1722 = DIRECTION('',(0.,-1.));
#1723 = ( GEOMETRIC_REPRESENTATION_CONTEXT(2) 
PARAMETRIC_REPRESENTATION_CONTEXT() REPRESENTATION_CONTEXT('2D SPACE',''
  ) );
#1724 = PCURVE('',#1394,#1725);
#1725 = DEFINITIONAL_REPRESENTATION('',(#1726),#1730);
#1726 = LINE('',#1727,#1728);
#1727 = CARTESIAN_POINT('',(0.,0.));
#1728 = VECTOR('',#1729,1.);
#1729 = DIRECTION('',(0.,-1.));
#1730 = ( GEOMETRIC_REPRESENTATION_CONTEXT(2) 
PARAMETRIC_REPRESENTATION_CONTEXT() REPRESENTATION_CONTEXT('2D SPACE',''
  ) );
#1731 = ORIENTED_EDGE('',*,*,#1377,.T.);
#1732 = ORIENTED_EDGE('',*,*,#1711,.F.);
#1733 = ADVANCED_FACE('',(#1734),#1699,.F.);
#1734 = FACE_BOUND('',#1735,.F.);
#1735 = EDGE_LOOP('',(#1736));
#1736 = ORIENTED_EDGE('',*,*,#1682,.T.);
#1737 = ADVANCED_FACE('',(#1738),#1363,.T.);
#1738 = FACE_BOUND('',#1739,.T.);
#1739 = EDGE_LOOP('',(#1740,#1766,#1787,#1788,#1789));
#1740 = ORIENTED_EDGE('',*,*,#1741,.T.);
#1741 = EDGE_CURVE('',#1742,#1744,#1746,.T.);
#1742 = VERTEX_POINT('',#1743);
#1743 = CARTESIAN_POINT('',(-4.163799117101E-15,-17.,9.2000001));
#1744 = VERTEX_POINT('',#1745);
#1745 = CARTESIAN_POINT('',(17.,7.105427357601E-15,9.2000001));
#1746 = SURFACE_CURVE('',#1747,(#1752,#1759),.PCURVE_S1.);
#1747 = CIRCLE('',#1748,17.);
#1748 = AXIS2_PLACEMENT_3D('',#1749,#1750,#1751);
#1749 = CARTESIAN_POINT('',(0.,7.105427357601E-15,9.2000001));
#1750 = DIRECTION('',(-0.,1.110223024625E-16,1.));
#1751 = DIRECTION('',(0.,-1.,1.110223024625E-16));
#1752 = PCURVE('',#1363,#1753);
#1753 = DEFINITIONAL_REPRESENTATION('',(#1754),#1758);
#1754 = LINE('',#1755,#1756);
#1755 = CARTESIAN_POINT('',(1.570796326795,0.));
#1756 = VECTOR('',#1757,1.);
#1757 = DIRECTION('',(-1.,-0.));
#1758 = ( GEOMETRIC_REPRESENTATION_CONTEXT(2) 
PARAMETRIC_REPRESENTATION_CONTEXT() REPRESENTATION_CONTEXT('2D SPACE',''
  ) );
#1759 = PCURVE('',#96,#1760);
#1760 = DEFINITIONAL_REPRESENTATION('',(#1761),#1765);
#1761 = LINE('',#1762,#1763);
#1762 = CARTESIAN_POINT('',(0.,1.2));
#1763 = VECTOR('',#1764,1.);
#1764 = DIRECTION('',(1.,0.));
#1765 = ( GEOMETRIC_REPRESENTATION_CONTEXT(2) 
PARAMETRIC_REPRESENTATION_CONTEXT() REPRESENTATION_CONTEXT('2D SPACE',''
  ) );
#1766 = ORIENTED_EDGE('',*,*,#1767,.T.);
#1767 = EDGE_CURVE('',#1744,#1347,#1768,.T.);
#1768 = SEAM_CURVE('',#1769,(#1773,#1780),.PCURVE_S1.);
#1769 = LINE('',#1770,#1771);
#1770 = CARTESIAN_POINT('',(17.,7.105427357601E-15,9.2000001));
#1771 = VECTOR('',#1772,1.);
#1772 = DIRECTION('',(0.,1.110223024625E-16,1.));
#1773 = PCURVE('',#1363,#1774);
#1774 = DEFINITIONAL_REPRESENTATION('',(#1775),#1779);
#1775 = LINE('',#1776,#1777);
#1776 = CARTESIAN_POINT('',(6.28318530718,0.));
#1777 = VECTOR('',#1778,1.);
#1778 = DIRECTION('',(0.,-1.));
#1779 = ( GEOMETRIC_REPRESENTATION_CONTEXT(2) 
PARAMETRIC_REPRESENTATION_CONTEXT() REPRESENTATION_CONTEXT('2D SPACE',''
  ) );
#1780 = PCURVE('',#1363,#1781);
#1781 = DEFINITIONAL_REPRESENTATION('',(#1782),#1786);
#1782 = LINE('',#1783,#1784);
#1783 = CARTESIAN_POINT('',(0.,0.));
#1784 = VECTOR('',#1785,1.);
#1785 = DIRECTION('',(0.,-1.));
#1786 = ( GEOMETRIC_REPRESENTATION_CONTEXT(2) 
PARAMETRIC_REPRESENTATION_CONTEXT() REPRESENTATION_CONTEXT('2D SPACE',''
  ) );
#1787 = ORIENTED_EDGE('',*,*,#1346,.T.);
#1788 = ORIENTED_EDGE('',*,*,#1767,.F.);
#1789 = ORIENTED_EDGE('',*,*,#1790,.T.);
#1790 = EDGE_CURVE('',#1744,#1742,#1791,.T.);
#1791 = SURFACE_CURVE('',#1792,(#1797,#1804),.PCURVE_S1.);
#1792 = CIRCLE('',#1793,17.);
#1793 = AXIS2_PLACEMENT_3D('',#1794,#1795,#1796);
#1794 = CARTESIAN_POINT('',(0.,7.105427357601E-15,9.2000001));
#1795 = DIRECTION('',(-0.,1.110223024625E-16,1.));
#1796 = DIRECTION('',(0.,-1.,1.110223024625E-16));
#1797 = PCURVE('',#1363,#1798);
#1798 = DEFINITIONAL_REPRESENTATION('',(#1799),#1803);
#1799 = LINE('',#1800,#1801);
#1800 = CARTESIAN_POINT('',(7.853981633974,0.));
#1801 = VECTOR('',#1802,1.);
#1802 = DIRECTION('',(-1.,-0.));
#1803 = ( GEOMETRIC_REPRESENTATION_CONTEXT(2) 
PARAMETRIC_REPRESENTATION_CONTEXT() REPRESENTATION_CONTEXT('2D SPACE',''
  ) );
#1804 = PCURVE('',#96,#1805);
#1805 = DEFINITIONAL_REPRESENTATION('',(#1806),#1810);
#1806 = LINE('',#1807,#1808);
#1807 = CARTESIAN_POINT('',(0.,1.2));
#1808 = VECTOR('',#1809,1.);
#1809 = DIRECTION('',(1.,0.));
#1810 = ( GEOMETRIC_REPRESENTATION_CONTEXT(2) 
PARAMETRIC_REPRESENTATION_CONTEXT() REPRESENTATION_CONTEXT('2D SPACE',''
  ) );
#1811 = ADVANCED_FACE('',(#1812),#822,.F.);
#1812 = FACE_BOUND('',#1813,.F.);
#1813 = EDGE_LOOP('',(#1814,#1844,#1865,#1866,#1867,#1868,#1869));
#1814 = ORIENTED_EDGE('',*,*,#1815,.F.);
#1815 = EDGE_CURVE('',#1816,#1818,#1820,.T.);
#1816 = VERTEX_POINT('',#1817);
#1817 = CARTESIAN_POINT('',(-2.9,-6.9,14.1500001));
#1818 = VERTEX_POINT('',#1819);
#1819 = CARTESIAN_POINT('',(-2.9,-6.9,19.0000001));
#1820 = SURFACE_CURVE('',#1821,(#1825,#1832),.PCURVE_S1.);
#1821 = LINE('',#1822,#1823);
#1822 = CARTESIAN_POINT('',(-2.9,-6.9,14.1500001));
#1823 = VECTOR('',#1824,1.);
#1824 = DIRECTION('',(0.,1.110223024625E-16,1.));
#1825 = PCURVE('',#822,#1826);
#1826 = DEFINITIONAL_REPRESENTATION('',(#1827),#1831);
#1827 = LINE('',#1828,#1829);
#1828 = CARTESIAN_POINT('',(0.,-1.35));
#1829 = VECTOR('',#1830,1.);
#1830 = DIRECTION('',(0.,1.));
#1831 = ( GEOMETRIC_REPRESENTATION_CONTEXT(2) 
PARAMETRIC_REPRESENTATION_CONTEXT() REPRESENTATION_CONTEXT('2D SPACE',''
  ) );
#1832 = PCURVE('',#1833,#1838);
#1833 = PLANE('',#1834);
#1834 = AXIS2_PLACEMENT_3D('',#1835,#1836,#1837);
#1835 = CARTESIAN_POINT('',(-2.9,-4.9,15.5000001));
#1836 = DIRECTION('',(1.,0.,0.));
#1837 = DIRECTION('',(0.,-1.,1.110223024625E-16));
#1838 = DEFINITIONAL_REPRESENTATION('',(#1839),#1843);
#1839 = LINE('',#1840,#1841);
#1840 = CARTESIAN_POINT('',(2.,1.35));
#1841 = VECTOR('',#1842,1.);
#1842 = DIRECTION('',(0.,-1.));
#1843 = ( GEOMETRIC_REPRESENTATION_CONTEXT(2) 
PARAMETRIC_REPRESENTATION_CONTEXT() REPRESENTATION_CONTEXT('2D SPACE',''
  ) );
#1844 = ORIENTED_EDGE('',*,*,#1845,.T.);
#1845 = EDGE_CURVE('',#1816,#778,#1846,.T.);
#1846 = SURFACE_CURVE('',#1847,(#1851,#1858),.PCURVE_S1.);
#1847 = LINE('',#1848,#1849);
#1848 = CARTESIAN_POINT('',(-2.9,-6.9,14.1500001));
#1849 = VECTOR('',#1850,1.);
#1850 = DIRECTION('',(1.,0.,0.));
#1851 = PCURVE('',#822,#1852);
#1852 = DEFINITIONAL_REPRESENTATION('',(#1853),#1857);
#1853 = LINE('',#1854,#1855);
#1854 = CARTESIAN_POINT('',(0.,-1.35));
#1855 = VECTOR('',#1856,1.);
#1856 = DIRECTION('',(1.,0.));
#1857 = ( GEOMETRIC_REPRESENTATION_CONTEXT(2) 
PARAMETRIC_REPRESENTATION_CONTEXT() REPRESENTATION_CONTEXT('2D SPACE',''
  ) );
#1858 = PCURVE('',#793,#1859);
#1859 = DEFINITIONAL_REPRESENTATION('',(#1860),#1864);
#1860 = LINE('',#1861,#1862);
#1861 = CARTESIAN_POINT('',(2.,0.));
#1862 = VECTOR('',#1863,1.);
#1863 = DIRECTION('',(0.,1.));
#1864 = ( GEOMETRIC_REPRESENTATION_CONTEXT(2) 
PARAMETRIC_REPRESENTATION_CONTEXT() REPRESENTATION_CONTEXT('2D SPACE',''
  ) );
#1865 = ORIENTED_EDGE('',*,*,#805,.T.);
#1866 = ORIENTED_EDGE('',*,*,#1032,.T.);
#1867 = ORIENTED_EDGE('',*,*,#1142,.T.);
#1868 = ORIENTED_EDGE('',*,*,#1194,.T.);
#1869 = ORIENTED_EDGE('',*,*,#1870,.T.);
#1870 = EDGE_CURVE('',#1195,#1818,#1871,.T.);
#1871 = SURFACE_CURVE('',#1872,(#1876,#1883),.PCURVE_S1.);
#1872 = LINE('',#1873,#1874);
#1873 = CARTESIAN_POINT('',(-1.45,-6.9,19.0000001));
#1874 = VECTOR('',#1875,1.);
#1875 = DIRECTION('',(-1.,0.,0.));
#1876 = PCURVE('',#822,#1877);
#1877 = DEFINITIONAL_REPRESENTATION('',(#1878),#1882);
#1878 = LINE('',#1879,#1880);
#1879 = CARTESIAN_POINT('',(1.45,3.5));
#1880 = VECTOR('',#1881,1.);
#1881 = DIRECTION('',(-1.,0.));
#1882 = ( GEOMETRIC_REPRESENTATION_CONTEXT(2) 
PARAMETRIC_REPRESENTATION_CONTEXT() REPRESENTATION_CONTEXT('2D SPACE',''
  ) );
#1883 = PCURVE('',#412,#1884);
#1884 = DEFINITIONAL_REPRESENTATION('',(#1885),#1889);
#1885 = LINE('',#1886,#1887);
#1886 = CARTESIAN_POINT('',(-6.9,-1.45));
#1887 = VECTOR('',#1888,1.);
#1888 = DIRECTION('',(0.,-1.));
#1889 = ( GEOMETRIC_REPRESENTATION_CONTEXT(2) 
PARAMETRIC_REPRESENTATION_CONTEXT() REPRESENTATION_CONTEXT('2D SPACE',''
  ) );
#1890 = ADVANCED_FACE('',(#1891),#1833,.T.);
#1891 = FACE_BOUND('',#1892,.T.);
#1892 = EDGE_LOOP('',(#1893,#1894,#1917,#1940));
#1893 = ORIENTED_EDGE('',*,*,#1815,.F.);
#1894 = ORIENTED_EDGE('',*,*,#1895,.F.);
#1895 = EDGE_CURVE('',#1896,#1816,#1898,.T.);
#1896 = VERTEX_POINT('',#1897);
#1897 = CARTESIAN_POINT('',(-2.9,-4.9,14.1500001));
#1898 = SURFACE_CURVE('',#1899,(#1903,#1910),.PCURVE_S1.);
#1899 = LINE('',#1900,#1901);
#1900 = CARTESIAN_POINT('',(-2.9,-4.9,14.1500001));
#1901 = VECTOR('',#1902,1.);
#1902 = DIRECTION('',(0.,-1.,1.110223024625E-16));
#1903 = PCURVE('',#1833,#1904);
#1904 = DEFINITIONAL_REPRESENTATION('',(#1905),#1909);
#1905 = LINE('',#1906,#1907);
#1906 = CARTESIAN_POINT('',(-1.498801083244E-16,1.35));
#1907 = VECTOR('',#1908,1.);
#1908 = DIRECTION('',(1.,0.));
#1909 = ( GEOMETRIC_REPRESENTATION_CONTEXT(2) 
PARAMETRIC_REPRESENTATION_CONTEXT() REPRESENTATION_CONTEXT('2D SPACE',''
  ) );
#1910 = PCURVE('',#793,#1911);
#1911 = DEFINITIONAL_REPRESENTATION('',(#1912),#1916);
#1912 = LINE('',#1913,#1914);
#1913 = CARTESIAN_POINT('',(0.,0.));
#1914 = VECTOR('',#1915,1.);
#1915 = DIRECTION('',(1.,0.));
#1916 = ( GEOMETRIC_REPRESENTATION_CONTEXT(2) 
PARAMETRIC_REPRESENTATION_CONTEXT() REPRESENTATION_CONTEXT('2D SPACE',''
  ) );
#1917 = ORIENTED_EDGE('',*,*,#1918,.F.);
#1918 = EDGE_CURVE('',#1919,#1896,#1921,.T.);
#1919 = VERTEX_POINT('',#1920);
#1920 = CARTESIAN_POINT('',(-2.9,-4.9,19.0000001));
#1921 = SURFACE_CURVE('',#1922,(#1926,#1933),.PCURVE_S1.);
#1922 = LINE('',#1923,#1924);
#1923 = CARTESIAN_POINT('',(-2.9,-4.9,19.0000001));
#1924 = VECTOR('',#1925,1.);
#1925 = DIRECTION('',(0.,-1.110223024625E-16,-1.));
#1926 = PCURVE('',#1833,#1927);
#1927 = DEFINITIONAL_REPRESENTATION('',(#1928),#1932);
#1928 = LINE('',#1929,#1930);
#1929 = CARTESIAN_POINT('',(-6.716849298982E-15,-3.5));
#1930 = VECTOR('',#1931,1.);
#1931 = DIRECTION('',(0.,1.));
#1932 = ( GEOMETRIC_REPRESENTATION_CONTEXT(2) 
PARAMETRIC_REPRESENTATION_CONTEXT() REPRESENTATION_CONTEXT('2D SPACE',''
  ) );
#1933 = PCURVE('',#765,#1934);
#1934 = DEFINITIONAL_REPRESENTATION('',(#1935),#1939);
#1935 = LINE('',#1936,#1937);
#1936 = CARTESIAN_POINT('',(0.,3.5));
#1937 = VECTOR('',#1938,1.);
#1938 = DIRECTION('',(0.,-1.));
#1939 = ( GEOMETRIC_REPRESENTATION_CONTEXT(2) 
PARAMETRIC_REPRESENTATION_CONTEXT() REPRESENTATION_CONTEXT('2D SPACE',''
  ) );
#1940 = ORIENTED_EDGE('',*,*,#1941,.T.);
#1941 = EDGE_CURVE('',#1919,#1818,#1942,.T.);
#1942 = SURFACE_CURVE('',#1943,(#1947,#1954),.PCURVE_S1.);
#1943 = LINE('',#1944,#1945);
#1944 = CARTESIAN_POINT('',(-2.9,-2.45,19.0000001));
#1945 = VECTOR('',#1946,1.);
#1946 = DIRECTION('',(0.,-1.,1.110223024625E-16));
#1947 = PCURVE('',#1833,#1948);
#1948 = DEFINITIONAL_REPRESENTATION('',(#1949),#1953);
#1949 = LINE('',#1950,#1951);
#1950 = CARTESIAN_POINT('',(-2.45,-3.5));
#1951 = VECTOR('',#1952,1.);
#1952 = DIRECTION('',(1.,0.));
#1953 = ( GEOMETRIC_REPRESENTATION_CONTEXT(2) 
PARAMETRIC_REPRESENTATION_CONTEXT() REPRESENTATION_CONTEXT('2D SPACE',''
  ) );
#1954 = PCURVE('',#412,#1955);
#1955 = DEFINITIONAL_REPRESENTATION('',(#1956),#1960);
#1956 = LINE('',#1957,#1958);
#1957 = CARTESIAN_POINT('',(-2.45,-2.9));
#1958 = VECTOR('',#1959,1.);
#1959 = DIRECTION('',(-1.,0.));
#1960 = ( GEOMETRIC_REPRESENTATION_CONTEXT(2) 
PARAMETRIC_REPRESENTATION_CONTEXT() REPRESENTATION_CONTEXT('2D SPACE',''
  ) );
#1961 = ADVANCED_FACE('',(#1962),#793,.T.);
#1962 = FACE_BOUND('',#1963,.T.);
#1963 = EDGE_LOOP('',(#1964,#1985,#1986,#1987));
#1964 = ORIENTED_EDGE('',*,*,#1965,.F.);
#1965 = EDGE_CURVE('',#1896,#749,#1966,.T.);
#1966 = SURFACE_CURVE('',#1967,(#1971,#1978),.PCURVE_S1.);
#1967 = LINE('',#1968,#1969);
#1968 = CARTESIAN_POINT('',(-2.9,-4.9,14.1500001));
#1969 = VECTOR('',#1970,1.);
#1970 = DIRECTION('',(1.,0.,0.));
#1971 = PCURVE('',#793,#1972);
#1972 = DEFINITIONAL_REPRESENTATION('',(#1973),#1977);
#1973 = LINE('',#1974,#1975);
#1974 = CARTESIAN_POINT('',(0.,0.));
#1975 = VECTOR('',#1976,1.);
#1976 = DIRECTION('',(0.,1.));
#1977 = ( GEOMETRIC_REPRESENTATION_CONTEXT(2) 
PARAMETRIC_REPRESENTATION_CONTEXT() REPRESENTATION_CONTEXT('2D SPACE',''
  ) );
#1978 = PCURVE('',#765,#1979);
#1979 = DEFINITIONAL_REPRESENTATION('',(#1980),#1984);
#1980 = LINE('',#1981,#1982);
#1981 = CARTESIAN_POINT('',(0.,-1.35));
#1982 = VECTOR('',#1983,1.);
#1983 = DIRECTION('',(1.,0.));
#1984 = ( GEOMETRIC_REPRESENTATION_CONTEXT(2) 
PARAMETRIC_REPRESENTATION_CONTEXT() REPRESENTATION_CONTEXT('2D SPACE',''
  ) );
#1985 = ORIENTED_EDGE('',*,*,#1895,.T.);
#1986 = ORIENTED_EDGE('',*,*,#1845,.T.);
#1987 = ORIENTED_EDGE('',*,*,#777,.T.);
#1988 = ADVANCED_FACE('',(#1989),#765,.T.);
#1989 = FACE_BOUND('',#1990,.T.);
#1990 = EDGE_LOOP('',(#1991,#1992,#1993,#1994,#1995,#1996,#1997));
#1991 = ORIENTED_EDGE('',*,*,#1918,.T.);
#1992 = ORIENTED_EDGE('',*,*,#1965,.T.);
#1993 = ORIENTED_EDGE('',*,*,#748,.F.);
#1994 = ORIENTED_EDGE('',*,*,#1088,.T.);
#1995 = ORIENTED_EDGE('',*,*,#1118,.T.);
#1996 = ORIENTED_EDGE('',*,*,#1218,.T.);
#1997 = ORIENTED_EDGE('',*,*,#1998,.T.);
#1998 = EDGE_CURVE('',#1219,#1919,#1999,.T.);
#1999 = SURFACE_CURVE('',#2000,(#2004,#2011),.PCURVE_S1.);
#2000 = LINE('',#2001,#2002);
#2001 = CARTESIAN_POINT('',(-1.45,-4.9,19.0000001));
#2002 = VECTOR('',#2003,1.);
#2003 = DIRECTION('',(-1.,0.,0.));
#2004 = PCURVE('',#765,#2005);
#2005 = DEFINITIONAL_REPRESENTATION('',(#2006),#2010);
#2006 = LINE('',#2007,#2008);
#2007 = CARTESIAN_POINT('',(1.45,3.5));
#2008 = VECTOR('',#2009,1.);
#2009 = DIRECTION('',(-1.,0.));
#2010 = ( GEOMETRIC_REPRESENTATION_CONTEXT(2) 
PARAMETRIC_REPRESENTATION_CONTEXT() REPRESENTATION_CONTEXT('2D SPACE',''
  ) );
#2011 = PCURVE('',#412,#2012);
#2012 = DEFINITIONAL_REPRESENTATION('',(#2013),#2017);
#2013 = LINE('',#2014,#2015);
#2014 = CARTESIAN_POINT('',(-4.9,-1.45));
#2015 = VECTOR('',#2016,1.);
#2016 = DIRECTION('',(0.,-1.));
#2017 = ( GEOMETRIC_REPRESENTATION_CONTEXT(2) 
PARAMETRIC_REPRESENTATION_CONTEXT() REPRESENTATION_CONTEXT('2D SPACE',''
  ) );
#2018 = ADVANCED_FACE('',(#2019,#2022,#2028),#412,.F.);
#2019 = FACE_BOUND('',#2020,.F.);
#2020 = EDGE_LOOP('',(#2021));
#2021 = ORIENTED_EDGE('',*,*,#1317,.T.);
#2022 = FACE_BOUND('',#2023,.F.);
#2023 = EDGE_LOOP('',(#2024,#2025,#2026,#2027));
#2024 = ORIENTED_EDGE('',*,*,#1998,.T.);
#2025 = ORIENTED_EDGE('',*,*,#1941,.T.);
#2026 = ORIENTED_EDGE('',*,*,#1870,.F.);
#2027 = ORIENTED_EDGE('',*,*,#1241,.F.);
#2028 = FACE_BOUND('',#2029,.F.);
#2029 = EDGE_LOOP('',(#2030));
#2030 = ORIENTED_EDGE('',*,*,#397,.F.);
#2031 = ADVANCED_FACE('',(#2032),#96,.T.);
#2032 = FACE_BOUND('',#2033,.T.);
#2033 = EDGE_LOOP('',(#2034,#2035,#2056,#2057,#2058,#2059));
#2034 = ORIENTED_EDGE('',*,*,#1741,.F.);
#2035 = ORIENTED_EDGE('',*,*,#2036,.F.);
#2036 = EDGE_CURVE('',#80,#1742,#2037,.T.);
#2037 = SEAM_CURVE('',#2038,(#2042,#2049),.PCURVE_S1.);
#2038 = LINE('',#2039,#2040);
#2039 = CARTESIAN_POINT('',(-3.869883885306E-15,-15.8,8.0000001));
#2040 = VECTOR('',#2041,1.);
#2041 = DIRECTION('',(-1.731912112471E-16,-0.707106781187,0.707106781187
    ));
#2042 = PCURVE('',#96,#2043);
#2043 = DEFINITIONAL_REPRESENTATION('',(#2044),#2048);
#2044 = LINE('',#2045,#2046);
#2045 = CARTESIAN_POINT('',(6.28318530718,-0.));
#2046 = VECTOR('',#2047,1.);
#2047 = DIRECTION('',(0.,1.));
#2048 = ( GEOMETRIC_REPRESENTATION_CONTEXT(2) 
PARAMETRIC_REPRESENTATION_CONTEXT() REPRESENTATION_CONTEXT('2D SPACE',''
  ) );
#2049 = PCURVE('',#96,#2050);
#2050 = DEFINITIONAL_REPRESENTATION('',(#2051),#2055);
#2051 = LINE('',#2052,#2053);
#2052 = CARTESIAN_POINT('',(0.,-0.));
#2053 = VECTOR('',#2054,1.);
#2054 = DIRECTION('',(0.,1.));
#2055 = ( GEOMETRIC_REPRESENTATION_CONTEXT(2) 
PARAMETRIC_REPRESENTATION_CONTEXT() REPRESENTATION_CONTEXT('2D SPACE',''
  ) );
#2056 = ORIENTED_EDGE('',*,*,#79,.F.);
#2057 = ORIENTED_EDGE('',*,*,#108,.F.);
#2058 = ORIENTED_EDGE('',*,*,#2036,.T.);
#2059 = ORIENTED_EDGE('',*,*,#1790,.F.);
#2060 = ( GEOMETRIC_REPRESENTATION_CONTEXT(3) 
GLOBAL_UNCERTAINTY_ASSIGNED_CONTEXT((#2064)) 
GLOBAL_UNIT_ASSIGNED_CONTEXT((#2061,#2062,#2063)) REPRESENTATION_CONTEXT
('Context #1','3D Context with UNIT and UNCERTAINTY') );
#2061 = ( LENGTH_UNIT() NAMED_UNIT(*) SI_UNIT(.MILLI.,.METRE.) );
#2062 = ( NAMED_UNIT(*) PLANE_ANGLE_UNIT() SI_UNIT($,.RADIAN.) );
#2063 = ( NAMED_UNIT(*) SI_UNIT($,.STERADIAN.) SOLID_ANGLE_UNIT() );
#2064 = UNCERTAINTY_MEASURE_WITH_UNIT(LENGTH_MEASURE(1.E-07),#2061,
  'distance_accuracy_value','confusion accuracy');
#2065 = PRODUCT_RELATED_PRODUCT_CATEGORY('part',$,(#7));
ENDSEC;
END-ISO-10303-21;
