ISO-10303-21;
HEADER;
FILE_DESCRIPTION(('Open CASCADE Model'),'2;1');
FILE_NAME('Open CASCADE Shape Model','2026-10-08T23:32:29',('Author'),(
    'Open CASCADE'),'Open CASCADE STEP processor 7.9','Open CASCADE 7.9'
  ,'Unknown');
FILE_SCHEMA(('AUTOMOTIVE_DESIGN { 1 0 10303 214 1 1 1 1 }'));
ENDSEC;
DATA;
#1 = APPLICATION_PROTOCOL_DEFINITION('international standard',
  'automotive_design',2000,#2);
#2 = APPLICATION_CONTEXT(
  'core data for automotive mechanical design processes');
#3 = SHAPE_DEFINITION_REPRESENTATION(#4,#10);
#4 = PRODUCT_DEFINITION_SHAPE('','',#5);
#5 = PRODUCT_DEFINITION('design','',#6,#9);
#6 = PRODUCT_DEFINITION_FORMATION('','',#7);
#7 = PRODUCT('Open CASCADE STEP translator 7.9 36',
  'Open CASCADE STEP translator 7.9 36','',(#8));
#8 = PRODUCT_CONTEXT('',#2,'mechanical');
#9 = PRODUCT_DEFINITION_CONTEXT('part definition',#2,'design');
#10 = ADVANCED_BREP_SHAPE_REPRESENTATION('',(#11,#15),#2831);
#11 = AXIS2_PLACEMENT_3D('',#12,#13,#14);
#12 = CARTESIAN_POINT('',(0.,0.,0.));
#13 = DIRECTION('',(0.,0.,1.));
#14 = DIRECTION('',(1.,0.,-0.));
#15 = MANIFOLD_SOLID_BREP('',#16);
#16 = CLOSED_SHELL('',(#17,#137,#544,#673,#834,#998,#1025,#1145,#1172,
    #1221,#1298,#1412,#1461,#1770,#1819,#1918,#1995,#2022,#2029,#2111,
    #2161,#2216,#2263,#2290,#2317,#2324,#2379,#2434,#2464,#2491,#2541,
    #2569,#2576,#2652,#2701,#2750,#2777,#2807,#2816,#2820,#2824));
#17 = ADVANCED_FACE('',(#18),#32,.T.);
#18 = FACE_BOUND('',#19,.T.);
#19 = EDGE_LOOP('',(#20,#55,#83,#111));
#20 = ORIENTED_EDGE('',*,*,#21,.T.);
#21 = EDGE_CURVE('',#22,#24,#26,.T.);
#22 = VERTEX_POINT('',#23);
#23 = CARTESIAN_POINT('',(-33.8,-20.9,0.));
#24 = VERTEX_POINT('',#25);
#25 = CARTESIAN_POINT('',(-33.8,-20.9,15.142661477085));
#26 = SURFACE_CURVE('',#27,(#31,#43),.PCURVE_S1.);
#27 = LINE('',#28,#29);
#28 = CARTESIAN_POINT('',(-33.8,-20.9,0.));
#29 = VECTOR('',#30,1.);
#30 = DIRECTION('',(0.,1.110223024625E-16,1.));
#31 = PCURVE('',#32,#37);
#32 = PLANE('',#33);
#33 = AXIS2_PLACEMENT_3D('',#34,#35,#36);
#34 = CARTESIAN_POINT('',(-33.8,-20.9,0.));
#35 = DIRECTION('',(-1.,0.,-0.));
#36 = DIRECTION('',(0.,1.,-1.110223024625E-16));
#37 = DEFINITIONAL_REPRESENTATION('',(#38),#42);
#38 = LINE('',#39,#40);
#39 = CARTESIAN_POINT('',(0.,0.));
#40 = VECTOR('',#41,1.);
#41 = DIRECTION('',(0.,-1.));
#42 = ( GEOMETRIC_REPRESENTATION_CONTEXT(2) 
PARAMETRIC_REPRESENTATION_CONTEXT() REPRESENTATION_CONTEXT('2D SPACE',''
  ) );
#43 = PCURVE('',#44,#49);
#44 = PLANE('',#45);
#45 = AXIS2_PLACEMENT_3D('',#46,#47,#48);
#46 = CARTESIAN_POINT('',(33.8,-20.9,0.));
#47 = DIRECTION('',(0.,-1.,1.110223024625E-16));
#48 = DIRECTION('',(-1.,0.,0.));
#49 = DEFINITIONAL_REPRESENTATION('',(#50),#54);
#50 = LINE('',#51,#52);
#51 = CARTESIAN_POINT('',(67.6,-0.));
#52 = VECTOR('',#53,1.);
#53 = DIRECTION('',(0.,-1.));
#54 = ( GEOMETRIC_REPRESENTATION_CONTEXT(2) 
PARAMETRIC_REPRESENTATION_CONTEXT() REPRESENTATION_CONTEXT('2D SPACE',''
  ) );
#55 = ORIENTED_EDGE('',*,*,#56,.T.);
#56 = EDGE_CURVE('',#24,#57,#59,.T.);
#57 = VERTEX_POINT('',#58);
#58 = CARTESIAN_POINT('',(-33.8,-12.9,15.142661477085));
#59 = SURFACE_CURVE('',#60,(#64,#71),.PCURVE_S1.);
#60 = LINE('',#61,#62);
#61 = CARTESIAN_POINT('',(-33.8,-20.9,15.142661477085));
#62 = VECTOR('',#63,1.);
#63 = DIRECTION('',(0.,1.,-1.110223024625E-16));
#64 = PCURVE('',#32,#65);
#65 = DEFINITIONAL_REPRESENTATION('',(#66),#70);
#66 = LINE('',#67,#68);
#67 = CARTESIAN_POINT('',(-1.681173142596E-15,-15.14266147708));
#68 = VECTOR('',#69,1.);
#69 = DIRECTION('',(1.,0.));
#70 = ( GEOMETRIC_REPRESENTATION_CONTEXT(2) 
PARAMETRIC_REPRESENTATION_CONTEXT() REPRESENTATION_CONTEXT('2D SPACE',''
  ) );
#71 = PCURVE('',#72,#77);
#72 = PLANE('',#73);
#73 = AXIS2_PLACEMENT_3D('',#74,#75,#76);
#74 = CARTESIAN_POINT('',(0.,-5.47316689406,15.142661477085));
#75 = DIRECTION('',(-0.,-1.110223024625E-16,-1.));
#76 = DIRECTION('',(0.,1.,-1.110223024625E-16));
#77 = DEFINITIONAL_REPRESENTATION('',(#78),#82);
#78 = LINE('',#79,#80);
#79 = CARTESIAN_POINT('',(-15.42683310594,-33.8));
#80 = VECTOR('',#81,1.);
#81 = DIRECTION('',(1.,0.));
#82 = ( GEOMETRIC_REPRESENTATION_CONTEXT(2) 
PARAMETRIC_REPRESENTATION_CONTEXT() REPRESENTATION_CONTEXT('2D SPACE',''
  ) );
#83 = ORIENTED_EDGE('',*,*,#84,.F.);
#84 = EDGE_CURVE('',#85,#57,#87,.T.);
#85 = VERTEX_POINT('',#86);
#86 = CARTESIAN_POINT('',(-33.8,-12.9,0.));
#87 = SURFACE_CURVE('',#88,(#92,#99),.PCURVE_S1.);
#88 = LINE('',#89,#90);
#89 = CARTESIAN_POINT('',(-33.8,-12.9,0.));
#90 = VECTOR('',#91,1.);
#91 = DIRECTION('',(0.,1.110223024625E-16,1.));
#92 = PCURVE('',#32,#93);
#93 = DEFINITIONAL_REPRESENTATION('',(#94),#98);
#94 = LINE('',#95,#96);
#95 = CARTESIAN_POINT('',(8.,-8.881784197001E-16));
#96 = VECTOR('',#97,1.);
#97 = DIRECTION('',(0.,-1.));
#98 = ( GEOMETRIC_REPRESENTATION_CONTEXT(2) 
PARAMETRIC_REPRESENTATION_CONTEXT() REPRESENTATION_CONTEXT('2D SPACE',''
  ) );
#99 = PCURVE('',#100,#105);
#100 = CYLINDRICAL_SURFACE('',#101,33.8);
#101 = AXIS2_PLACEMENT_3D('',#102,#103,#104);
#102 = CARTESIAN_POINT('',(0.,-12.9,0.));
#103 = DIRECTION('',(0.,-1.110223024625E-16,-1.));
#104 = DIRECTION('',(-1.,0.,0.));
#105 = DEFINITIONAL_REPRESENTATION('',(#106),#110);
#106 = LINE('',#107,#108);
#107 = CARTESIAN_POINT('',(0.,0.));
#108 = VECTOR('',#109,1.);
#109 = DIRECTION('',(0.,-1.));
#110 = ( GEOMETRIC_REPRESENTATION_CONTEXT(2) 
PARAMETRIC_REPRESENTATION_CONTEXT() REPRESENTATION_CONTEXT('2D SPACE',''
  ) );
#111 = ORIENTED_EDGE('',*,*,#112,.F.);
#112 = EDGE_CURVE('',#22,#85,#113,.T.);
#113 = SURFACE_CURVE('',#114,(#118,#125),.PCURVE_S1.);
#114 = LINE('',#115,#116);
#115 = CARTESIAN_POINT('',(-33.8,-20.9,0.));
#116 = VECTOR('',#117,1.);
#117 = DIRECTION('',(0.,1.,-1.110223024625E-16));
#118 = PCURVE('',#32,#119);
#119 = DEFINITIONAL_REPRESENTATION('',(#120),#124);
#120 = LINE('',#121,#122);
#121 = CARTESIAN_POINT('',(0.,0.));
#122 = VECTOR('',#123,1.);
#123 = DIRECTION('',(1.,0.));
#124 = ( GEOMETRIC_REPRESENTATION_CONTEXT(2) 
PARAMETRIC_REPRESENTATION_CONTEXT() REPRESENTATION_CONTEXT('2D SPACE',''
  ) );
#125 = PCURVE('',#126,#131);
#126 = PLANE('',#127);
#127 = AXIS2_PLACEMENT_3D('',#128,#129,#130);
#128 = CARTESIAN_POINT('',(0.,-5.47316689406,0.));
#129 = DIRECTION('',(-0.,-1.110223024625E-16,-1.));
#130 = DIRECTION('',(0.,1.,-1.110223024625E-16));
#131 = DEFINITIONAL_REPRESENTATION('',(#132),#136);
#132 = LINE('',#133,#134);
#133 = CARTESIAN_POINT('',(-15.42683310594,-33.8));
#134 = VECTOR('',#135,1.);
#135 = DIRECTION('',(1.,0.));
#136 = ( GEOMETRIC_REPRESENTATION_CONTEXT(2) 
PARAMETRIC_REPRESENTATION_CONTEXT() REPRESENTATION_CONTEXT('2D SPACE',''
  ) );
#137 = ADVANCED_FACE('',(#138),#44,.T.);
#138 = FACE_BOUND('',#139,.T.);
#139 = EDGE_LOOP('',(#140,#165,#193,#221,#249,#270,#271,#294,#322,#350,
    #378,#406,#434,#462,#490,#518));
#140 = ORIENTED_EDGE('',*,*,#141,.F.);
#141 = EDGE_CURVE('',#142,#144,#146,.T.);
#142 = VERTEX_POINT('',#143);
#143 = CARTESIAN_POINT('',(33.8,-20.9,0.));
#144 = VERTEX_POINT('',#145);
#145 = CARTESIAN_POINT('',(32.3,-20.9,0.));
#146 = SURFACE_CURVE('',#147,(#151,#158),.PCURVE_S1.);
#147 = LINE('',#148,#149);
#148 = CARTESIAN_POINT('',(33.8,-20.9,0.));
#149 = VECTOR('',#150,1.);
#150 = DIRECTION('',(-1.,0.,0.));
#151 = PCURVE('',#44,#152);
#152 = DEFINITIONAL_REPRESENTATION('',(#153),#157);
#153 = LINE('',#154,#155);
#154 = CARTESIAN_POINT('',(0.,0.));
#155 = VECTOR('',#156,1.);
#156 = DIRECTION('',(1.,-0.));
#157 = ( GEOMETRIC_REPRESENTATION_CONTEXT(2) 
PARAMETRIC_REPRESENTATION_CONTEXT() REPRESENTATION_CONTEXT('2D SPACE',''
  ) );
#158 = PCURVE('',#126,#159);
#159 = DEFINITIONAL_REPRESENTATION('',(#160),#164);
#160 = LINE('',#161,#162);
#161 = CARTESIAN_POINT('',(-15.42683310594,33.8));
#162 = VECTOR('',#163,1.);
#163 = DIRECTION('',(0.,-1.));
#164 = ( GEOMETRIC_REPRESENTATION_CONTEXT(2) 
PARAMETRIC_REPRESENTATION_CONTEXT() REPRESENTATION_CONTEXT('2D SPACE',''
  ) );
#165 = ORIENTED_EDGE('',*,*,#166,.T.);
#166 = EDGE_CURVE('',#142,#167,#169,.T.);
#167 = VERTEX_POINT('',#168);
#168 = CARTESIAN_POINT('',(33.8,-20.9,22.));
#169 = SURFACE_CURVE('',#170,(#174,#181),.PCURVE_S1.);
#170 = LINE('',#171,#172);
#171 = CARTESIAN_POINT('',(33.8,-20.9,0.));
#172 = VECTOR('',#173,1.);
#173 = DIRECTION('',(6.459479416001E-16,1.110223024625E-16,1.));
#174 = PCURVE('',#44,#175);
#175 = DEFINITIONAL_REPRESENTATION('',(#176),#180);
#176 = LINE('',#177,#178);
#177 = CARTESIAN_POINT('',(0.,0.));
#178 = VECTOR('',#179,1.);
#179 = DIRECTION('',(-6.459479416001E-16,-1.));
#180 = ( GEOMETRIC_REPRESENTATION_CONTEXT(2) 
PARAMETRIC_REPRESENTATION_CONTEXT() REPRESENTATION_CONTEXT('2D SPACE',''
  ) );
#181 = PCURVE('',#182,#187);
#182 = PLANE('',#183);
#183 = AXIS2_PLACEMENT_3D('',#184,#185,#186);
#184 = CARTESIAN_POINT('',(33.8,-12.9,0.));
#185 = DIRECTION('',(1.,0.,0.));
#186 = DIRECTION('',(0.,-1.,1.110223024625E-16));
#187 = DEFINITIONAL_REPRESENTATION('',(#188),#192);
#188 = LINE('',#189,#190);
#189 = CARTESIAN_POINT('',(8.,8.881784197001E-16));
#190 = VECTOR('',#191,1.);
#191 = DIRECTION('',(0.,-1.));
#192 = ( GEOMETRIC_REPRESENTATION_CONTEXT(2) 
PARAMETRIC_REPRESENTATION_CONTEXT() REPRESENTATION_CONTEXT('2D SPACE',''
  ) );
#193 = ORIENTED_EDGE('',*,*,#194,.F.);
#194 = EDGE_CURVE('',#195,#167,#197,.T.);
#195 = VERTEX_POINT('',#196);
#196 = CARTESIAN_POINT('',(13.,-20.9,22.));
#197 = SURFACE_CURVE('',#198,(#202,#209),.PCURVE_S1.);
#198 = LINE('',#199,#200);
#199 = CARTESIAN_POINT('',(13.,-20.9,22.));
#200 = VECTOR('',#201,1.);
#201 = DIRECTION('',(1.,0.,0.));
#202 = PCURVE('',#44,#203);
#203 = DEFINITIONAL_REPRESENTATION('',(#204),#208);
#204 = LINE('',#205,#206);
#205 = CARTESIAN_POINT('',(20.8,-22.));
#206 = VECTOR('',#207,1.);
#207 = DIRECTION('',(-1.,0.));
#208 = ( GEOMETRIC_REPRESENTATION_CONTEXT(2) 
PARAMETRIC_REPRESENTATION_CONTEXT() REPRESENTATION_CONTEXT('2D SPACE',''
  ) );
#209 = PCURVE('',#210,#215);
#210 = PLANE('',#211);
#211 = AXIS2_PLACEMENT_3D('',#212,#213,#214);
#212 = CARTESIAN_POINT('',(13.,3.1,22.));
#213 = DIRECTION('',(0.,1.110223024625E-16,1.));
#214 = DIRECTION('',(0.,-1.,1.110223024625E-16));
#215 = DEFINITIONAL_REPRESENTATION('',(#216),#220);
#216 = LINE('',#217,#218);
#217 = CARTESIAN_POINT('',(24.,0.));
#218 = VECTOR('',#219,1.);
#219 = DIRECTION('',(0.,1.));
#220 = ( GEOMETRIC_REPRESENTATION_CONTEXT(2) 
PARAMETRIC_REPRESENTATION_CONTEXT() REPRESENTATION_CONTEXT('2D SPACE',''
  ) );
#221 = ORIENTED_EDGE('',*,*,#222,.F.);
#222 = EDGE_CURVE('',#223,#195,#225,.T.);
#223 = VERTEX_POINT('',#224);
#224 = CARTESIAN_POINT('',(13.,-20.9,15.142661477085));
#225 = SURFACE_CURVE('',#226,(#230,#237),.PCURVE_S1.);
#226 = LINE('',#227,#228);
#227 = CARTESIAN_POINT('',(13.,-20.9,15.142661477085));
#228 = VECTOR('',#229,1.);
#229 = DIRECTION('',(0.,1.110223024625E-16,1.));
#230 = PCURVE('',#44,#231);
#231 = DEFINITIONAL_REPRESENTATION('',(#232),#236);
#232 = LINE('',#233,#234);
#233 = CARTESIAN_POINT('',(20.8,-15.14266147708));
#234 = VECTOR('',#235,1.);
#235 = DIRECTION('',(0.,-1.));
#236 = ( GEOMETRIC_REPRESENTATION_CONTEXT(2) 
PARAMETRIC_REPRESENTATION_CONTEXT() REPRESENTATION_CONTEXT('2D SPACE',''
  ) );
#237 = PCURVE('',#238,#243);
#238 = PLANE('',#239);
#239 = AXIS2_PLACEMENT_3D('',#240,#241,#242);
#240 = CARTESIAN_POINT('',(13.,3.1,15.142661477085));
#241 = DIRECTION('',(1.,0.,0.));
#242 = DIRECTION('',(0.,-1.,1.110223024625E-16));
#243 = DEFINITIONAL_REPRESENTATION('',(#244),#248);
#244 = LINE('',#245,#246);
#245 = CARTESIAN_POINT('',(24.,2.6645352591E-15));
#246 = VECTOR('',#247,1.);
#247 = DIRECTION('',(0.,-1.));
#248 = ( GEOMETRIC_REPRESENTATION_CONTEXT(2) 
PARAMETRIC_REPRESENTATION_CONTEXT() REPRESENTATION_CONTEXT('2D SPACE',''
  ) );
#249 = ORIENTED_EDGE('',*,*,#250,.T.);
#250 = EDGE_CURVE('',#223,#24,#251,.T.);
#251 = SURFACE_CURVE('',#252,(#256,#263),.PCURVE_S1.);
#252 = LINE('',#253,#254);
#253 = CARTESIAN_POINT('',(33.8,-20.9,15.142661477085));
#254 = VECTOR('',#255,1.);
#255 = DIRECTION('',(-1.,0.,0.));
#256 = PCURVE('',#44,#257);
#257 = DEFINITIONAL_REPRESENTATION('',(#258),#262);
#258 = LINE('',#259,#260);
#259 = CARTESIAN_POINT('',(0.,-15.14266147708));
#260 = VECTOR('',#261,1.);
#261 = DIRECTION('',(1.,-0.));
#262 = ( GEOMETRIC_REPRESENTATION_CONTEXT(2) 
PARAMETRIC_REPRESENTATION_CONTEXT() REPRESENTATION_CONTEXT('2D SPACE',''
  ) );
#263 = PCURVE('',#72,#264);
#264 = DEFINITIONAL_REPRESENTATION('',(#265),#269);
#265 = LINE('',#266,#267);
#266 = CARTESIAN_POINT('',(-15.42683310594,33.8));
#267 = VECTOR('',#268,1.);
#268 = DIRECTION('',(0.,-1.));
#269 = ( GEOMETRIC_REPRESENTATION_CONTEXT(2) 
PARAMETRIC_REPRESENTATION_CONTEXT() REPRESENTATION_CONTEXT('2D SPACE',''
  ) );
#270 = ORIENTED_EDGE('',*,*,#21,.F.);
#271 = ORIENTED_EDGE('',*,*,#272,.F.);
#272 = EDGE_CURVE('',#273,#22,#275,.T.);
#273 = VERTEX_POINT('',#274);
#274 = CARTESIAN_POINT('',(-32.3,-20.9,0.));
#275 = SURFACE_CURVE('',#276,(#280,#287),.PCURVE_S1.);
#276 = LINE('',#277,#278);
#277 = CARTESIAN_POINT('',(33.8,-20.9,0.));
#278 = VECTOR('',#279,1.);
#279 = DIRECTION('',(-1.,0.,0.));
#280 = PCURVE('',#44,#281);
#281 = DEFINITIONAL_REPRESENTATION('',(#282),#286);
#282 = LINE('',#283,#284);
#283 = CARTESIAN_POINT('',(0.,0.));
#284 = VECTOR('',#285,1.);
#285 = DIRECTION('',(1.,-0.));
#286 = ( GEOMETRIC_REPRESENTATION_CONTEXT(2) 
PARAMETRIC_REPRESENTATION_CONTEXT() REPRESENTATION_CONTEXT('2D SPACE',''
  ) );
#287 = PCURVE('',#126,#288);
#288 = DEFINITIONAL_REPRESENTATION('',(#289),#293);
#289 = LINE('',#290,#291);
#290 = CARTESIAN_POINT('',(-15.42683310594,33.8));
#291 = VECTOR('',#292,1.);
#292 = DIRECTION('',(0.,-1.));
#293 = ( GEOMETRIC_REPRESENTATION_CONTEXT(2) 
PARAMETRIC_REPRESENTATION_CONTEXT() REPRESENTATION_CONTEXT('2D SPACE',''
  ) );
#294 = ORIENTED_EDGE('',*,*,#295,.T.);
#295 = EDGE_CURVE('',#273,#296,#298,.T.);
#296 = VERTEX_POINT('',#297);
#297 = CARTESIAN_POINT('',(-32.3,-20.9,5.035190118832));
#298 = SURFACE_CURVE('',#299,(#303,#310),.PCURVE_S1.);
#299 = LINE('',#300,#301);
#300 = CARTESIAN_POINT('',(-32.3,-20.9,2.517595059416));
#301 = VECTOR('',#302,1.);
#302 = DIRECTION('',(0.,1.110223024625E-16,1.));
#303 = PCURVE('',#44,#304);
#304 = DEFINITIONAL_REPRESENTATION('',(#305),#309);
#305 = LINE('',#306,#307);
#306 = CARTESIAN_POINT('',(66.1,-2.517595059416));
#307 = VECTOR('',#308,1.);
#308 = DIRECTION('',(0.,-1.));
#309 = ( GEOMETRIC_REPRESENTATION_CONTEXT(2) 
PARAMETRIC_REPRESENTATION_CONTEXT() REPRESENTATION_CONTEXT('2D SPACE',''
  ) );
#310 = PCURVE('',#311,#316);
#311 = PLANE('',#312);
#312 = AXIS2_PLACEMENT_3D('',#313,#314,#315);
#313 = CARTESIAN_POINT('',(-32.3,-10.9,5.035190118832));
#314 = DIRECTION('',(1.,0.,0.));
#315 = DIRECTION('',(0.,-1.110223024625E-16,-1.));
#316 = DEFINITIONAL_REPRESENTATION('',(#317),#321);
#317 = LINE('',#318,#319);
#318 = CARTESIAN_POINT('',(2.517595059416,-10.));
#319 = VECTOR('',#320,1.);
#320 = DIRECTION('',(-1.,0.));
#321 = ( GEOMETRIC_REPRESENTATION_CONTEXT(2) 
PARAMETRIC_REPRESENTATION_CONTEXT() REPRESENTATION_CONTEXT('2D SPACE',''
  ) );
#322 = ORIENTED_EDGE('',*,*,#323,.T.);
#323 = EDGE_CURVE('',#296,#324,#326,.T.);
#324 = VERTEX_POINT('',#325);
#325 = CARTESIAN_POINT('',(-25.,-20.9,13.142661477085));
#326 = SURFACE_CURVE('',#327,(#331,#338),.PCURVE_S1.);
#327 = LINE('',#328,#329);
#328 = CARTESIAN_POINT('',(-15.10423456062,-20.9,24.133022417866));
#329 = VECTOR('',#330,1.);
#330 = DIRECTION('',(0.669130606359,8.25056495876E-17,0.743144825477));
#331 = PCURVE('',#44,#332);
#332 = DEFINITIONAL_REPRESENTATION('',(#333),#337);
#333 = LINE('',#334,#335);
#334 = CARTESIAN_POINT('',(48.904234560628,-24.13302241786));
#335 = VECTOR('',#336,1.);
#336 = DIRECTION('',(-0.669130606359,-0.743144825477));
#337 = ( GEOMETRIC_REPRESENTATION_CONTEXT(2) 
PARAMETRIC_REPRESENTATION_CONTEXT() REPRESENTATION_CONTEXT('2D SPACE',''
  ) );
#338 = PCURVE('',#339,#344);
#339 = PLANE('',#340);
#340 = AXIS2_PLACEMENT_3D('',#341,#342,#343);
#341 = CARTESIAN_POINT('',(-25.,-12.9,13.142661477085));
#342 = DIRECTION('',(0.743144825477,-7.42884205661E-17,-0.669130606359)
  );
#343 = DIRECTION('',(-0.669130606359,-8.25056495876E-17,-0.743144825477)
  );
#344 = DEFINITIONAL_REPRESENTATION('',(#345),#349);
#345 = LINE('',#346,#347);
#346 = CARTESIAN_POINT('',(-14.7889893921,-8.));
#347 = VECTOR('',#348,1.);
#348 = DIRECTION('',(-1.,0.));
#349 = ( GEOMETRIC_REPRESENTATION_CONTEXT(2) 
PARAMETRIC_REPRESENTATION_CONTEXT() REPRESENTATION_CONTEXT('2D SPACE',''
  ) );
#350 = ORIENTED_EDGE('',*,*,#351,.T.);
#351 = EDGE_CURVE('',#324,#352,#354,.T.);
#352 = VERTEX_POINT('',#353);
#353 = CARTESIAN_POINT('',(-17.7,-20.9,5.035190118832));
#354 = SURFACE_CURVE('',#355,(#359,#366),.PCURVE_S1.);
#355 = LINE('',#356,#357);
#356 = CARTESIAN_POINT('',(-4.918902259441,-20.9,-9.159656985088));
#357 = VECTOR('',#358,1.);
#358 = DIRECTION('',(0.669130606359,-8.25056495876E-17,-0.743144825477)
  );
#359 = PCURVE('',#44,#360);
#360 = DEFINITIONAL_REPRESENTATION('',(#361),#365);
#361 = LINE('',#362,#363);
#362 = CARTESIAN_POINT('',(38.718902259441,9.159656985088));
#363 = VECTOR('',#364,1.);
#364 = DIRECTION('',(-0.669130606359,0.743144825477));
#365 = ( GEOMETRIC_REPRESENTATION_CONTEXT(2) 
PARAMETRIC_REPRESENTATION_CONTEXT() REPRESENTATION_CONTEXT('2D SPACE',''
  ) );
#366 = PCURVE('',#367,#372);
#367 = PLANE('',#368);
#368 = AXIS2_PLACEMENT_3D('',#369,#370,#371);
#369 = CARTESIAN_POINT('',(-17.7,-10.9,5.035190118832));
#370 = DIRECTION('',(-0.743144825477,-7.42884205661E-17,-0.669130606359)
  );
#371 = DIRECTION('',(-0.669130606359,8.25056495876E-17,0.743144825477));
#372 = DEFINITIONAL_REPRESENTATION('',(#373),#377);
#373 = LINE('',#374,#375);
#374 = CARTESIAN_POINT('',(-19.10105085479,-10.));
#375 = VECTOR('',#376,1.);
#376 = DIRECTION('',(-1.,0.));
#377 = ( GEOMETRIC_REPRESENTATION_CONTEXT(2) 
PARAMETRIC_REPRESENTATION_CONTEXT() REPRESENTATION_CONTEXT('2D SPACE',''
  ) );
#378 = ORIENTED_EDGE('',*,*,#379,.T.);
#379 = EDGE_CURVE('',#352,#380,#382,.T.);
#380 = VERTEX_POINT('',#381);
#381 = CARTESIAN_POINT('',(-17.7,-20.9,0.));
#382 = SURFACE_CURVE('',#383,(#387,#394),.PCURVE_S1.);
#383 = LINE('',#384,#385);
#384 = CARTESIAN_POINT('',(-17.7,-20.9,-0.5));
#385 = VECTOR('',#386,1.);
#386 = DIRECTION('',(0.,-1.110223024625E-16,-1.));
#387 = PCURVE('',#44,#388);
#388 = DEFINITIONAL_REPRESENTATION('',(#389),#393);
#389 = LINE('',#390,#391);
#390 = CARTESIAN_POINT('',(51.5,0.5));
#391 = VECTOR('',#392,1.);
#392 = DIRECTION('',(-0.,1.));
#393 = ( GEOMETRIC_REPRESENTATION_CONTEXT(2) 
PARAMETRIC_REPRESENTATION_CONTEXT() REPRESENTATION_CONTEXT('2D SPACE',''
  ) );
#394 = PCURVE('',#395,#400);
#395 = PLANE('',#396);
#396 = AXIS2_PLACEMENT_3D('',#397,#398,#399);
#397 = CARTESIAN_POINT('',(-17.7,-10.9,-1.));
#398 = DIRECTION('',(-1.,0.,0.));
#399 = DIRECTION('',(0.,1.110223024625E-16,1.));
#400 = DEFINITIONAL_REPRESENTATION('',(#401),#405);
#401 = LINE('',#402,#403);
#402 = CARTESIAN_POINT('',(0.5,-10.));
#403 = VECTOR('',#404,1.);
#404 = DIRECTION('',(-1.,0.));
#405 = ( GEOMETRIC_REPRESENTATION_CONTEXT(2) 
PARAMETRIC_REPRESENTATION_CONTEXT() REPRESENTATION_CONTEXT('2D SPACE',''
  ) );
#406 = ORIENTED_EDGE('',*,*,#407,.F.);
#407 = EDGE_CURVE('',#408,#380,#410,.T.);
#408 = VERTEX_POINT('',#409);
#409 = CARTESIAN_POINT('',(17.7,-20.9,0.));
#410 = SURFACE_CURVE('',#411,(#415,#422),.PCURVE_S1.);
#411 = LINE('',#412,#413);
#412 = CARTESIAN_POINT('',(33.8,-20.9,0.));
#413 = VECTOR('',#414,1.);
#414 = DIRECTION('',(-1.,0.,0.));
#415 = PCURVE('',#44,#416);
#416 = DEFINITIONAL_REPRESENTATION('',(#417),#421);
#417 = LINE('',#418,#419);
#418 = CARTESIAN_POINT('',(0.,0.));
#419 = VECTOR('',#420,1.);
#420 = DIRECTION('',(1.,-0.));
#421 = ( GEOMETRIC_REPRESENTATION_CONTEXT(2) 
PARAMETRIC_REPRESENTATION_CONTEXT() REPRESENTATION_CONTEXT('2D SPACE',''
  ) );
#422 = PCURVE('',#423,#428);
#423 = PLANE('',#424);
#424 = AXIS2_PLACEMENT_3D('',#425,#426,#427);
#425 = CARTESIAN_POINT('',(0.,-5.47316689406,0.));
#426 = DIRECTION('',(-0.,-1.110223024625E-16,-1.));
#427 = DIRECTION('',(0.,1.,-1.110223024625E-16));
#428 = DEFINITIONAL_REPRESENTATION('',(#429),#433);
#429 = LINE('',#430,#431);
#430 = CARTESIAN_POINT('',(-15.42683310594,33.8));
#431 = VECTOR('',#432,1.);
#432 = DIRECTION('',(0.,-1.));
#433 = ( GEOMETRIC_REPRESENTATION_CONTEXT(2) 
PARAMETRIC_REPRESENTATION_CONTEXT() REPRESENTATION_CONTEXT('2D SPACE',''
  ) );
#434 = ORIENTED_EDGE('',*,*,#435,.T.);
#435 = EDGE_CURVE('',#408,#436,#438,.T.);
#436 = VERTEX_POINT('',#437);
#437 = CARTESIAN_POINT('',(17.7,-20.9,5.035190118832));
#438 = SURFACE_CURVE('',#439,(#443,#450),.PCURVE_S1.);
#439 = LINE('',#440,#441);
#440 = CARTESIAN_POINT('',(17.7,-20.9,2.517595059416));
#441 = VECTOR('',#442,1.);
#442 = DIRECTION('',(0.,1.110223024625E-16,1.));
#443 = PCURVE('',#44,#444);
#444 = DEFINITIONAL_REPRESENTATION('',(#445),#449);
#445 = LINE('',#446,#447);
#446 = CARTESIAN_POINT('',(16.1,-2.517595059416));
#447 = VECTOR('',#448,1.);
#448 = DIRECTION('',(0.,-1.));
#449 = ( GEOMETRIC_REPRESENTATION_CONTEXT(2) 
PARAMETRIC_REPRESENTATION_CONTEXT() REPRESENTATION_CONTEXT('2D SPACE',''
  ) );
#450 = PCURVE('',#451,#456);
#451 = PLANE('',#452);
#452 = AXIS2_PLACEMENT_3D('',#453,#454,#455);
#453 = CARTESIAN_POINT('',(17.7,-10.9,5.035190118832));
#454 = DIRECTION('',(1.,0.,0.));
#455 = DIRECTION('',(0.,-1.110223024625E-16,-1.));
#456 = DEFINITIONAL_REPRESENTATION('',(#457),#461);
#457 = LINE('',#458,#459);
#458 = CARTESIAN_POINT('',(2.517595059416,-10.));
#459 = VECTOR('',#460,1.);
#460 = DIRECTION('',(-1.,0.));
#461 = ( GEOMETRIC_REPRESENTATION_CONTEXT(2) 
PARAMETRIC_REPRESENTATION_CONTEXT() REPRESENTATION_CONTEXT('2D SPACE',''
  ) );
#462 = ORIENTED_EDGE('',*,*,#463,.T.);
#463 = EDGE_CURVE('',#436,#464,#466,.T.);
#464 = VERTEX_POINT('',#465);
#465 = CARTESIAN_POINT('',(25.,-20.9,13.142661477085));
#466 = SURFACE_CURVE('',#467,(#471,#478),.PCURVE_S1.);
#467 = LINE('',#468,#469);
#468 = CARTESIAN_POINT('',(23.702371230218,-20.9,11.701498725762));
#469 = VECTOR('',#470,1.);
#470 = DIRECTION('',(0.669130606359,8.25056495876E-17,0.743144825477));
#471 = PCURVE('',#44,#472);
#472 = DEFINITIONAL_REPRESENTATION('',(#473),#477);
#473 = LINE('',#474,#475);
#474 = CARTESIAN_POINT('',(10.097628769782,-11.70149872576));
#475 = VECTOR('',#476,1.);
#476 = DIRECTION('',(-0.669130606359,-0.743144825477));
#477 = ( GEOMETRIC_REPRESENTATION_CONTEXT(2) 
PARAMETRIC_REPRESENTATION_CONTEXT() REPRESENTATION_CONTEXT('2D SPACE',''
  ) );
#478 = PCURVE('',#479,#484);
#479 = PLANE('',#480);
#480 = AXIS2_PLACEMENT_3D('',#481,#482,#483);
#481 = CARTESIAN_POINT('',(25.,-12.9,13.142661477085));
#482 = DIRECTION('',(0.743144825477,-7.42884205661E-17,-0.669130606359)
  );
#483 = DIRECTION('',(-0.669130606359,-8.25056495876E-17,-0.743144825477)
  );
#484 = DEFINITIONAL_REPRESENTATION('',(#485),#489);
#485 = LINE('',#486,#487);
#486 = CARTESIAN_POINT('',(1.939275766869,-8.));
#487 = VECTOR('',#488,1.);
#488 = DIRECTION('',(-1.,0.));
#489 = ( GEOMETRIC_REPRESENTATION_CONTEXT(2) 
PARAMETRIC_REPRESENTATION_CONTEXT() REPRESENTATION_CONTEXT('2D SPACE',''
  ) );
#490 = ORIENTED_EDGE('',*,*,#491,.T.);
#491 = EDGE_CURVE('',#464,#492,#494,.T.);
#492 = VERTEX_POINT('',#493);
#493 = CARTESIAN_POINT('',(32.3,-20.9,5.035190118832));
#494 = SURFACE_CURVE('',#495,(#499,#506),.PCURVE_S1.);
#495 = LINE('',#496,#497);
#496 = CARTESIAN_POINT('',(33.387703531405,-20.9,3.82717296443));
#497 = VECTOR('',#498,1.);
#498 = DIRECTION('',(0.669130606359,-8.25056495876E-17,-0.743144825477)
  );
#499 = PCURVE('',#44,#500);
#500 = DEFINITIONAL_REPRESENTATION('',(#501),#505);
#501 = LINE('',#502,#503);
#502 = CARTESIAN_POINT('',(0.412296468595,-3.82717296443));
#503 = VECTOR('',#504,1.);
#504 = DIRECTION('',(-0.669130606359,0.743144825477));
#505 = ( GEOMETRIC_REPRESENTATION_CONTEXT(2) 
PARAMETRIC_REPRESENTATION_CONTEXT() REPRESENTATION_CONTEXT('2D SPACE',''
  ) );
#506 = PCURVE('',#507,#512);
#507 = PLANE('',#508);
#508 = AXIS2_PLACEMENT_3D('',#509,#510,#511);
#509 = CARTESIAN_POINT('',(31.3,-12.9,6.145802633661));
#510 = DIRECTION('',(-0.743144825477,-7.42884205661E-17,-0.669130606359)
  );
#511 = DIRECTION('',(-0.669130606359,8.25056495876E-17,0.743144825477));
#512 = DEFINITIONAL_REPRESENTATION('',(#513),#517);
#513 = LINE('',#514,#515);
#514 = CARTESIAN_POINT('',(-3.120023970754,-8.));
#515 = VECTOR('',#516,1.);
#516 = DIRECTION('',(-1.,0.));
#517 = ( GEOMETRIC_REPRESENTATION_CONTEXT(2) 
PARAMETRIC_REPRESENTATION_CONTEXT() REPRESENTATION_CONTEXT('2D SPACE',''
  ) );
#518 = ORIENTED_EDGE('',*,*,#519,.T.);
#519 = EDGE_CURVE('',#492,#144,#520,.T.);
#520 = SURFACE_CURVE('',#521,(#525,#532),.PCURVE_S1.);
#521 = LINE('',#522,#523);
#522 = CARTESIAN_POINT('',(32.3,-20.9,-0.5));
#523 = VECTOR('',#524,1.);
#524 = DIRECTION('',(0.,-1.110223024625E-16,-1.));
#525 = PCURVE('',#44,#526);
#526 = DEFINITIONAL_REPRESENTATION('',(#527),#531);
#527 = LINE('',#528,#529);
#528 = CARTESIAN_POINT('',(1.5,0.5));
#529 = VECTOR('',#530,1.);
#530 = DIRECTION('',(-0.,1.));
#531 = ( GEOMETRIC_REPRESENTATION_CONTEXT(2) 
PARAMETRIC_REPRESENTATION_CONTEXT() REPRESENTATION_CONTEXT('2D SPACE',''
  ) );
#532 = PCURVE('',#533,#538);
#533 = PLANE('',#534);
#534 = AXIS2_PLACEMENT_3D('',#535,#536,#537);
#535 = CARTESIAN_POINT('',(32.3,-10.9,-1.));
#536 = DIRECTION('',(-1.,0.,0.));
#537 = DIRECTION('',(0.,1.110223024625E-16,1.));
#538 = DEFINITIONAL_REPRESENTATION('',(#539),#543);
#539 = LINE('',#540,#541);
#540 = CARTESIAN_POINT('',(0.5,-10.));
#541 = VECTOR('',#542,1.);
#542 = DIRECTION('',(-1.,0.));
#543 = ( GEOMETRIC_REPRESENTATION_CONTEXT(2) 
PARAMETRIC_REPRESENTATION_CONTEXT() REPRESENTATION_CONTEXT('2D SPACE',''
  ) );
#544 = ADVANCED_FACE('',(#545),#100,.T.);
#545 = FACE_BOUND('',#546,.T.);
#546 = EDGE_LOOP('',(#547,#548,#572,#600,#628,#651));
#547 = ORIENTED_EDGE('',*,*,#84,.T.);
#548 = ORIENTED_EDGE('',*,*,#549,.T.);
#549 = EDGE_CURVE('',#57,#550,#552,.T.);
#550 = VERTEX_POINT('',#551);
#551 = CARTESIAN_POINT('',(29.773142259425,3.1,15.142661477085));
#552 = SURFACE_CURVE('',#553,(#558,#565),.PCURVE_S1.);
#553 = CIRCLE('',#554,33.8);
#554 = AXIS2_PLACEMENT_3D('',#555,#556,#557);
#555 = CARTESIAN_POINT('',(0.,-12.9,15.142661477085));
#556 = DIRECTION('',(-0.,-1.110223024625E-16,-1.));
#557 = DIRECTION('',(-1.,0.,0.));
#558 = PCURVE('',#100,#559);
#559 = DEFINITIONAL_REPRESENTATION('',(#560),#564);
#560 = LINE('',#561,#562);
#561 = CARTESIAN_POINT('',(0.,-15.14266147708));
#562 = VECTOR('',#563,1.);
#563 = DIRECTION('',(1.,0.));
#564 = ( GEOMETRIC_REPRESENTATION_CONTEXT(2) 
PARAMETRIC_REPRESENTATION_CONTEXT() REPRESENTATION_CONTEXT('2D SPACE',''
  ) );
#565 = PCURVE('',#72,#566);
#566 = DEFINITIONAL_REPRESENTATION('',(#567),#571);
#567 = CIRCLE('',#568,33.8);
#568 = AXIS2_PLACEMENT_2D('',#569,#570);
#569 = CARTESIAN_POINT('',(-7.42683310594,0.));
#570 = DIRECTION('',(0.,-1.));
#571 = ( GEOMETRIC_REPRESENTATION_CONTEXT(2) 
PARAMETRIC_REPRESENTATION_CONTEXT() REPRESENTATION_CONTEXT('2D SPACE',''
  ) );
#572 = ORIENTED_EDGE('',*,*,#573,.F.);
#573 = EDGE_CURVE('',#574,#550,#576,.T.);
#574 = VERTEX_POINT('',#575);
#575 = CARTESIAN_POINT('',(29.773142259425,3.1,22.));
#576 = SURFACE_CURVE('',#577,(#581,#588),.PCURVE_S1.);
#577 = LINE('',#578,#579);
#578 = CARTESIAN_POINT('',(29.773142259426,3.1,15.142661477085));
#579 = VECTOR('',#580,1.);
#580 = DIRECTION('',(0.,-1.110223024625E-16,-1.));
#581 = PCURVE('',#100,#582);
#582 = DEFINITIONAL_REPRESENTATION('',(#583),#587);
#583 = LINE('',#584,#585);
#584 = CARTESIAN_POINT('',(2.648476843274,-15.14266147708));
#585 = VECTOR('',#586,1.);
#586 = DIRECTION('',(0.,1.));
#587 = ( GEOMETRIC_REPRESENTATION_CONTEXT(2) 
PARAMETRIC_REPRESENTATION_CONTEXT() REPRESENTATION_CONTEXT('2D SPACE',''
  ) );
#588 = PCURVE('',#589,#594);
#589 = PLANE('',#590);
#590 = AXIS2_PLACEMENT_3D('',#591,#592,#593);
#591 = CARTESIAN_POINT('',(13.,3.1,15.142661477085));
#592 = DIRECTION('',(0.,-1.,1.110223024625E-16));
#593 = DIRECTION('',(1.,0.,0.));
#594 = DEFINITIONAL_REPRESENTATION('',(#595),#599);
#595 = LINE('',#596,#597);
#596 = CARTESIAN_POINT('',(16.773142259426,0.));
#597 = VECTOR('',#598,1.);
#598 = DIRECTION('',(0.,-1.));
#599 = ( GEOMETRIC_REPRESENTATION_CONTEXT(2) 
PARAMETRIC_REPRESENTATION_CONTEXT() REPRESENTATION_CONTEXT('2D SPACE',''
  ) );
#600 = ORIENTED_EDGE('',*,*,#601,.T.);
#601 = EDGE_CURVE('',#574,#602,#604,.T.);
#602 = VERTEX_POINT('',#603);
#603 = CARTESIAN_POINT('',(33.8,-12.9,22.));
#604 = SURFACE_CURVE('',#605,(#610,#617),.PCURVE_S1.);
#605 = CIRCLE('',#606,33.8);
#606 = AXIS2_PLACEMENT_3D('',#607,#608,#609);
#607 = CARTESIAN_POINT('',(0.,-12.9,22.));
#608 = DIRECTION('',(-0.,-1.110223024625E-16,-1.));
#609 = DIRECTION('',(-1.,0.,0.));
#610 = PCURVE('',#100,#611);
#611 = DEFINITIONAL_REPRESENTATION('',(#612),#616);
#612 = LINE('',#613,#614);
#613 = CARTESIAN_POINT('',(0.,-22.));
#614 = VECTOR('',#615,1.);
#615 = DIRECTION('',(1.,0.));
#616 = ( GEOMETRIC_REPRESENTATION_CONTEXT(2) 
PARAMETRIC_REPRESENTATION_CONTEXT() REPRESENTATION_CONTEXT('2D SPACE',''
  ) );
#617 = PCURVE('',#210,#618);
#618 = DEFINITIONAL_REPRESENTATION('',(#619),#627);
#619 = ( BOUNDED_CURVE() B_SPLINE_CURVE(2,(#620,#621,#622,#623,#624,#625
,#626),.UNSPECIFIED.,.T.,.F.) B_SPLINE_CURVE_WITH_KNOTS((1,2,2,2,2,1),(
    -2.094395102393,0.,2.094395102393,4.188790204786,6.28318530718,
8.377580409573),.UNSPECIFIED.) CURVE() GEOMETRIC_REPRESENTATION_ITEM() 
RATIONAL_B_SPLINE_CURVE((1.,0.5,1.,0.5,1.,0.5,1.)) REPRESENTATION_ITEM(
  '') );
#620 = CARTESIAN_POINT('',(16.,-46.8));
#621 = CARTESIAN_POINT('',(-42.54331729582,-46.8));
#622 = CARTESIAN_POINT('',(-13.27165864791,3.9));
#623 = CARTESIAN_POINT('',(16.,54.6));
#624 = CARTESIAN_POINT('',(45.271658647914,3.9));
#625 = CARTESIAN_POINT('',(74.543317295828,-46.8));
#626 = CARTESIAN_POINT('',(16.,-46.8));
#627 = ( GEOMETRIC_REPRESENTATION_CONTEXT(2) 
PARAMETRIC_REPRESENTATION_CONTEXT() REPRESENTATION_CONTEXT('2D SPACE',''
  ) );
#628 = ORIENTED_EDGE('',*,*,#629,.T.);
#629 = EDGE_CURVE('',#602,#630,#632,.T.);
#630 = VERTEX_POINT('',#631);
#631 = CARTESIAN_POINT('',(33.8,-12.9,0.));
#632 = SURFACE_CURVE('',#633,(#637,#644),.PCURVE_S1.);
#633 = LINE('',#634,#635);
#634 = CARTESIAN_POINT('',(33.8,-12.9,22.));
#635 = VECTOR('',#636,1.);
#636 = DIRECTION('',(0.,-1.110223024625E-16,-1.));
#637 = PCURVE('',#100,#638);
#638 = DEFINITIONAL_REPRESENTATION('',(#639),#643);
#639 = LINE('',#640,#641);
#640 = CARTESIAN_POINT('',(3.14159265359,-22.));
#641 = VECTOR('',#642,1.);
#642 = DIRECTION('',(-0.,1.));
#643 = ( GEOMETRIC_REPRESENTATION_CONTEXT(2) 
PARAMETRIC_REPRESENTATION_CONTEXT() REPRESENTATION_CONTEXT('2D SPACE',''
  ) );
#644 = PCURVE('',#182,#645);
#645 = DEFINITIONAL_REPRESENTATION('',(#646),#650);
#646 = LINE('',#647,#648);
#647 = CARTESIAN_POINT('',(2.442490654175E-15,-22.));
#648 = VECTOR('',#649,1.);
#649 = DIRECTION('',(0.,1.));
#650 = ( GEOMETRIC_REPRESENTATION_CONTEXT(2) 
PARAMETRIC_REPRESENTATION_CONTEXT() REPRESENTATION_CONTEXT('2D SPACE',''
  ) );
#651 = ORIENTED_EDGE('',*,*,#652,.F.);
#652 = EDGE_CURVE('',#85,#630,#653,.T.);
#653 = SURFACE_CURVE('',#654,(#659,#666),.PCURVE_S1.);
#654 = CIRCLE('',#655,33.8);
#655 = AXIS2_PLACEMENT_3D('',#656,#657,#658);
#656 = CARTESIAN_POINT('',(0.,-12.9,0.));
#657 = DIRECTION('',(-0.,-1.110223024625E-16,-1.));
#658 = DIRECTION('',(-1.,0.,0.));
#659 = PCURVE('',#100,#660);
#660 = DEFINITIONAL_REPRESENTATION('',(#661),#665);
#661 = LINE('',#662,#663);
#662 = CARTESIAN_POINT('',(0.,0.));
#663 = VECTOR('',#664,1.);
#664 = DIRECTION('',(1.,0.));
#665 = ( GEOMETRIC_REPRESENTATION_CONTEXT(2) 
PARAMETRIC_REPRESENTATION_CONTEXT() REPRESENTATION_CONTEXT('2D SPACE',''
  ) );
#666 = PCURVE('',#126,#667);
#667 = DEFINITIONAL_REPRESENTATION('',(#668),#672);
#668 = CIRCLE('',#669,33.8);
#669 = AXIS2_PLACEMENT_2D('',#670,#671);
#670 = CARTESIAN_POINT('',(-7.42683310594,0.));
#671 = DIRECTION('',(0.,-1.));
#672 = ( GEOMETRIC_REPRESENTATION_CONTEXT(2) 
PARAMETRIC_REPRESENTATION_CONTEXT() REPRESENTATION_CONTEXT('2D SPACE',''
  ) );
#673 = ADVANCED_FACE('',(#674),#126,.T.);
#674 = FACE_BOUND('',#675,.T.);
#675 = EDGE_LOOP('',(#676,#677,#678,#679,#700,#701,#724,#752,#785,#813)
  );
#676 = ORIENTED_EDGE('',*,*,#272,.T.);
#677 = ORIENTED_EDGE('',*,*,#112,.T.);
#678 = ORIENTED_EDGE('',*,*,#652,.T.);
#679 = ORIENTED_EDGE('',*,*,#680,.T.);
#680 = EDGE_CURVE('',#630,#142,#681,.T.);
#681 = SURFACE_CURVE('',#682,(#686,#693),.PCURVE_S1.);
#682 = LINE('',#683,#684);
#683 = CARTESIAN_POINT('',(33.8,-12.9,0.));
#684 = VECTOR('',#685,1.);
#685 = DIRECTION('',(0.,-1.,1.110223024625E-16));
#686 = PCURVE('',#126,#687);
#687 = DEFINITIONAL_REPRESENTATION('',(#688),#692);
#688 = LINE('',#689,#690);
#689 = CARTESIAN_POINT('',(-7.42683310594,33.8));
#690 = VECTOR('',#691,1.);
#691 = DIRECTION('',(-1.,0.));
#692 = ( GEOMETRIC_REPRESENTATION_CONTEXT(2) 
PARAMETRIC_REPRESENTATION_CONTEXT() REPRESENTATION_CONTEXT('2D SPACE',''
  ) );
#693 = PCURVE('',#182,#694);
#694 = DEFINITIONAL_REPRESENTATION('',(#695),#699);
#695 = LINE('',#696,#697);
#696 = CARTESIAN_POINT('',(0.,0.));
#697 = VECTOR('',#698,1.);
#698 = DIRECTION('',(1.,0.));
#699 = ( GEOMETRIC_REPRESENTATION_CONTEXT(2) 
PARAMETRIC_REPRESENTATION_CONTEXT() REPRESENTATION_CONTEXT('2D SPACE',''
  ) );
#700 = ORIENTED_EDGE('',*,*,#141,.T.);
#701 = ORIENTED_EDGE('',*,*,#702,.T.);
#702 = EDGE_CURVE('',#144,#703,#705,.T.);
#703 = VERTEX_POINT('',#704);
#704 = CARTESIAN_POINT('',(32.3,-10.9,0.));
#705 = SURFACE_CURVE('',#706,(#710,#717),.PCURVE_S1.);
#706 = LINE('',#707,#708);
#707 = CARTESIAN_POINT('',(32.3,-8.18658344703,0.));
#708 = VECTOR('',#709,1.);
#709 = DIRECTION('',(0.,1.,-1.110223024625E-16));
#710 = PCURVE('',#126,#711);
#711 = DEFINITIONAL_REPRESENTATION('',(#712),#716);
#712 = LINE('',#713,#714);
#713 = CARTESIAN_POINT('',(-2.71341655297,32.3));
#714 = VECTOR('',#715,1.);
#715 = DIRECTION('',(1.,0.));
#716 = ( GEOMETRIC_REPRESENTATION_CONTEXT(2) 
PARAMETRIC_REPRESENTATION_CONTEXT() REPRESENTATION_CONTEXT('2D SPACE',''
  ) );
#717 = PCURVE('',#533,#718);
#718 = DEFINITIONAL_REPRESENTATION('',(#719),#723);
#719 = LINE('',#720,#721);
#720 = CARTESIAN_POINT('',(1.,2.71341655297));
#721 = VECTOR('',#722,1.);
#722 = DIRECTION('',(0.,1.));
#723 = ( GEOMETRIC_REPRESENTATION_CONTEXT(2) 
PARAMETRIC_REPRESENTATION_CONTEXT() REPRESENTATION_CONTEXT('2D SPACE',''
  ) );
#724 = ORIENTED_EDGE('',*,*,#725,.T.);
#725 = EDGE_CURVE('',#703,#726,#728,.T.);
#726 = VERTEX_POINT('',#727);
#727 = CARTESIAN_POINT('',(31.236036880501,-10.9,0.));
#728 = SURFACE_CURVE('',#729,(#733,#740),.PCURVE_S1.);
#729 = LINE('',#730,#731);
#730 = CARTESIAN_POINT('',(12.5,-10.9,0.));
#731 = VECTOR('',#732,1.);
#732 = DIRECTION('',(-1.,0.,0.));
#733 = PCURVE('',#126,#734);
#734 = DEFINITIONAL_REPRESENTATION('',(#735),#739);
#735 = LINE('',#736,#737);
#736 = CARTESIAN_POINT('',(-5.42683310594,12.5));
#737 = VECTOR('',#738,1.);
#738 = DIRECTION('',(0.,-1.));
#739 = ( GEOMETRIC_REPRESENTATION_CONTEXT(2) 
PARAMETRIC_REPRESENTATION_CONTEXT() REPRESENTATION_CONTEXT('2D SPACE',''
  ) );
#740 = PCURVE('',#741,#746);
#741 = PLANE('',#742);
#742 = AXIS2_PLACEMENT_3D('',#743,#744,#745);
#743 = CARTESIAN_POINT('',(25.,-10.9,4.290962812571));
#744 = DIRECTION('',(0.,-1.,1.110223024625E-16));
#745 = DIRECTION('',(1.,0.,0.));
#746 = DEFINITIONAL_REPRESENTATION('',(#747),#751);
#747 = LINE('',#748,#749);
#748 = CARTESIAN_POINT('',(-12.5,-4.290962812571));
#749 = VECTOR('',#750,1.);
#750 = DIRECTION('',(-1.,0.));
#751 = ( GEOMETRIC_REPRESENTATION_CONTEXT(2) 
PARAMETRIC_REPRESENTATION_CONTEXT() REPRESENTATION_CONTEXT('2D SPACE',''
  ) );
#752 = ORIENTED_EDGE('',*,*,#753,.T.);
#753 = EDGE_CURVE('',#726,#754,#756,.T.);
#754 = VERTEX_POINT('',#755);
#755 = CARTESIAN_POINT('',(-31.2360368805,-10.9,0.));
#756 = SURFACE_CURVE('',#757,(#762,#773),.PCURVE_S1.);
#757 = CIRCLE('',#758,31.3);
#758 = AXIS2_PLACEMENT_3D('',#759,#760,#761);
#759 = CARTESIAN_POINT('',(0.,-12.9,0.));
#760 = DIRECTION('',(-0.,1.110223024625E-16,1.));
#761 = DIRECTION('',(1.,0.,0.));
#762 = PCURVE('',#126,#763);
#763 = DEFINITIONAL_REPRESENTATION('',(#764),#772);
#764 = ( BOUNDED_CURVE() B_SPLINE_CURVE(2,(#765,#766,#767,#768,#769,#770
,#771),.UNSPECIFIED.,.T.,.F.) B_SPLINE_CURVE_WITH_KNOTS((1,2,2,2,2,1),(
    -2.094395102393,0.,2.094395102393,4.188790204786,6.28318530718,
8.377580409573),.UNSPECIFIED.) CURVE() GEOMETRIC_REPRESENTATION_ITEM() 
RATIONAL_B_SPLINE_CURVE((1.,0.5,1.,0.5,1.,0.5,1.)) REPRESENTATION_ITEM(
  '') );
#765 = CARTESIAN_POINT('',(-7.42683310594,31.3));
#766 = CARTESIAN_POINT('',(46.786357170965,31.3));
#767 = CARTESIAN_POINT('',(19.679762032512,-15.65));
#768 = CARTESIAN_POINT('',(-7.42683310594,-62.6));
#769 = CARTESIAN_POINT('',(-34.53342824439,-15.65));
#770 = CARTESIAN_POINT('',(-61.64002338284,31.3));
#771 = CARTESIAN_POINT('',(-7.42683310594,31.3));
#772 = ( GEOMETRIC_REPRESENTATION_CONTEXT(2) 
PARAMETRIC_REPRESENTATION_CONTEXT() REPRESENTATION_CONTEXT('2D SPACE',''
  ) );
#773 = PCURVE('',#774,#779);
#774 = CYLINDRICAL_SURFACE('',#775,31.3);
#775 = AXIS2_PLACEMENT_3D('',#776,#777,#778);
#776 = CARTESIAN_POINT('',(0.,-12.9,-1.));
#777 = DIRECTION('',(0.,1.110223024625E-16,1.));
#778 = DIRECTION('',(1.,0.,0.));
#779 = DEFINITIONAL_REPRESENTATION('',(#780),#784);
#780 = LINE('',#781,#782);
#781 = CARTESIAN_POINT('',(0.,1.));
#782 = VECTOR('',#783,1.);
#783 = DIRECTION('',(1.,0.));
#784 = ( GEOMETRIC_REPRESENTATION_CONTEXT(2) 
PARAMETRIC_REPRESENTATION_CONTEXT() REPRESENTATION_CONTEXT('2D SPACE',''
  ) );
#785 = ORIENTED_EDGE('',*,*,#786,.T.);
#786 = EDGE_CURVE('',#754,#787,#789,.T.);
#787 = VERTEX_POINT('',#788);
#788 = CARTESIAN_POINT('',(-32.3,-10.9,0.));
#789 = SURFACE_CURVE('',#790,(#794,#801),.PCURVE_S1.);
#790 = LINE('',#791,#792);
#791 = CARTESIAN_POINT('',(-12.5,-10.9,0.));
#792 = VECTOR('',#793,1.);
#793 = DIRECTION('',(-1.,0.,0.));
#794 = PCURVE('',#126,#795);
#795 = DEFINITIONAL_REPRESENTATION('',(#796),#800);
#796 = LINE('',#797,#798);
#797 = CARTESIAN_POINT('',(-5.42683310594,-12.5));
#798 = VECTOR('',#799,1.);
#799 = DIRECTION('',(0.,-1.));
#800 = ( GEOMETRIC_REPRESENTATION_CONTEXT(2) 
PARAMETRIC_REPRESENTATION_CONTEXT() REPRESENTATION_CONTEXT('2D SPACE',''
  ) );
#801 = PCURVE('',#802,#807);
#802 = PLANE('',#803);
#803 = AXIS2_PLACEMENT_3D('',#804,#805,#806);
#804 = CARTESIAN_POINT('',(-25.,-10.9,4.290962812571));
#805 = DIRECTION('',(0.,-1.,1.110223024625E-16));
#806 = DIRECTION('',(1.,0.,0.));
#807 = DEFINITIONAL_REPRESENTATION('',(#808),#812);
#808 = LINE('',#809,#810);
#809 = CARTESIAN_POINT('',(12.5,-4.290962812571));
#810 = VECTOR('',#811,1.);
#811 = DIRECTION('',(-1.,0.));
#812 = ( GEOMETRIC_REPRESENTATION_CONTEXT(2) 
PARAMETRIC_REPRESENTATION_CONTEXT() REPRESENTATION_CONTEXT('2D SPACE',''
  ) );
#813 = ORIENTED_EDGE('',*,*,#814,.T.);
#814 = EDGE_CURVE('',#787,#273,#815,.T.);
#815 = SURFACE_CURVE('',#816,(#820,#827),.PCURVE_S1.);
#816 = LINE('',#817,#818);
#817 = CARTESIAN_POINT('',(-32.3,-8.18658344703,0.));
#818 = VECTOR('',#819,1.);
#819 = DIRECTION('',(0.,-1.,1.110223024625E-16));
#820 = PCURVE('',#126,#821);
#821 = DEFINITIONAL_REPRESENTATION('',(#822),#826);
#822 = LINE('',#823,#824);
#823 = CARTESIAN_POINT('',(-2.71341655297,-32.3));
#824 = VECTOR('',#825,1.);
#825 = DIRECTION('',(-1.,0.));
#826 = ( GEOMETRIC_REPRESENTATION_CONTEXT(2) 
PARAMETRIC_REPRESENTATION_CONTEXT() REPRESENTATION_CONTEXT('2D SPACE',''
  ) );
#827 = PCURVE('',#311,#828);
#828 = DEFINITIONAL_REPRESENTATION('',(#829),#833);
#829 = LINE('',#830,#831);
#830 = CARTESIAN_POINT('',(5.035190118832,2.71341655297));
#831 = VECTOR('',#832,1.);
#832 = DIRECTION('',(0.,-1.));
#833 = ( GEOMETRIC_REPRESENTATION_CONTEXT(2) 
PARAMETRIC_REPRESENTATION_CONTEXT() REPRESENTATION_CONTEXT('2D SPACE',''
  ) );
#834 = ADVANCED_FACE('',(#835,#884),#72,.F.);
#835 = FACE_BOUND('',#836,.F.);
#836 = EDGE_LOOP('',(#837,#838,#839,#840,#863));
#837 = ORIENTED_EDGE('',*,*,#250,.T.);
#838 = ORIENTED_EDGE('',*,*,#56,.T.);
#839 = ORIENTED_EDGE('',*,*,#549,.T.);
#840 = ORIENTED_EDGE('',*,*,#841,.F.);
#841 = EDGE_CURVE('',#842,#550,#844,.T.);
#842 = VERTEX_POINT('',#843);
#843 = CARTESIAN_POINT('',(13.,3.1,15.142661477085));
#844 = SURFACE_CURVE('',#845,(#849,#856),.PCURVE_S1.);
#845 = LINE('',#846,#847);
#846 = CARTESIAN_POINT('',(13.,3.1,15.142661477085));
#847 = VECTOR('',#848,1.);
#848 = DIRECTION('',(1.,0.,0.));
#849 = PCURVE('',#72,#850);
#850 = DEFINITIONAL_REPRESENTATION('',(#851),#855);
#851 = LINE('',#852,#853);
#852 = CARTESIAN_POINT('',(8.57316689406,13.));
#853 = VECTOR('',#854,1.);
#854 = DIRECTION('',(0.,1.));
#855 = ( GEOMETRIC_REPRESENTATION_CONTEXT(2) 
PARAMETRIC_REPRESENTATION_CONTEXT() REPRESENTATION_CONTEXT('2D SPACE',''
  ) );
#856 = PCURVE('',#589,#857);
#857 = DEFINITIONAL_REPRESENTATION('',(#858),#862);
#858 = LINE('',#859,#860);
#859 = CARTESIAN_POINT('',(0.,0.));
#860 = VECTOR('',#861,1.);
#861 = DIRECTION('',(1.,0.));
#862 = ( GEOMETRIC_REPRESENTATION_CONTEXT(2) 
PARAMETRIC_REPRESENTATION_CONTEXT() REPRESENTATION_CONTEXT('2D SPACE',''
  ) );
#863 = ORIENTED_EDGE('',*,*,#864,.T.);
#864 = EDGE_CURVE('',#842,#223,#865,.T.);
#865 = SURFACE_CURVE('',#866,(#870,#877),.PCURVE_S1.);
#866 = LINE('',#867,#868);
#867 = CARTESIAN_POINT('',(13.,3.1,15.142661477085));
#868 = VECTOR('',#869,1.);
#869 = DIRECTION('',(0.,-1.,1.110223024625E-16));
#870 = PCURVE('',#72,#871);
#871 = DEFINITIONAL_REPRESENTATION('',(#872),#876);
#872 = LINE('',#873,#874);
#873 = CARTESIAN_POINT('',(8.57316689406,13.));
#874 = VECTOR('',#875,1.);
#875 = DIRECTION('',(-1.,0.));
#876 = ( GEOMETRIC_REPRESENTATION_CONTEXT(2) 
PARAMETRIC_REPRESENTATION_CONTEXT() REPRESENTATION_CONTEXT('2D SPACE',''
  ) );
#877 = PCURVE('',#238,#878);
#878 = DEFINITIONAL_REPRESENTATION('',(#879),#883);
#879 = LINE('',#880,#881);
#880 = CARTESIAN_POINT('',(0.,0.));
#881 = VECTOR('',#882,1.);
#882 = DIRECTION('',(1.,0.));
#883 = ( GEOMETRIC_REPRESENTATION_CONTEXT(2) 
PARAMETRIC_REPRESENTATION_CONTEXT() REPRESENTATION_CONTEXT('2D SPACE',''
  ) );
#884 = FACE_BOUND('',#885,.F.);
#885 = EDGE_LOOP('',(#886,#916,#944,#972));
#886 = ORIENTED_EDGE('',*,*,#887,.T.);
#887 = EDGE_CURVE('',#888,#890,#892,.T.);
#888 = VERTEX_POINT('',#889);
#889 = CARTESIAN_POINT('',(-13.8,-13.9,15.142661477085));
#890 = VERTEX_POINT('',#891);
#891 = CARTESIAN_POINT('',(-15.6,-13.9,15.142661477085));
#892 = SURFACE_CURVE('',#893,(#897,#904),.PCURVE_S1.);
#893 = LINE('',#894,#895);
#894 = CARTESIAN_POINT('',(-7.8,-13.9,15.142661477085));
#895 = VECTOR('',#896,1.);
#896 = DIRECTION('',(-1.,0.,0.));
#897 = PCURVE('',#72,#898);
#898 = DEFINITIONAL_REPRESENTATION('',(#899),#903);
#899 = LINE('',#900,#901);
#900 = CARTESIAN_POINT('',(-8.42683310594,-7.8));
#901 = VECTOR('',#902,1.);
#902 = DIRECTION('',(0.,-1.));
#903 = ( GEOMETRIC_REPRESENTATION_CONTEXT(2) 
PARAMETRIC_REPRESENTATION_CONTEXT() REPRESENTATION_CONTEXT('2D SPACE',''
  ) );
#904 = PCURVE('',#905,#910);
#905 = PLANE('',#906);
#906 = AXIS2_PLACEMENT_3D('',#907,#908,#909);
#907 = CARTESIAN_POINT('',(-15.6,-13.9,-9.999999999991E-03));
#908 = DIRECTION('',(0.,-1.,1.110223024625E-16));
#909 = DIRECTION('',(1.,0.,0.));
#910 = DEFINITIONAL_REPRESENTATION('',(#911),#915);
#911 = LINE('',#912,#913);
#912 = CARTESIAN_POINT('',(7.8,15.152661477085));
#913 = VECTOR('',#914,1.);
#914 = DIRECTION('',(-1.,0.));
#915 = ( GEOMETRIC_REPRESENTATION_CONTEXT(2) 
PARAMETRIC_REPRESENTATION_CONTEXT() REPRESENTATION_CONTEXT('2D SPACE',''
  ) );
#916 = ORIENTED_EDGE('',*,*,#917,.T.);
#917 = EDGE_CURVE('',#890,#918,#920,.T.);
#918 = VERTEX_POINT('',#919);
#919 = CARTESIAN_POINT('',(-15.6,-17.9,15.142661477085));
#920 = SURFACE_CURVE('',#921,(#925,#932),.PCURVE_S1.);
#921 = LINE('',#922,#923);
#922 = CARTESIAN_POINT('',(-15.6,-9.68658344703,15.142661477085));
#923 = VECTOR('',#924,1.);
#924 = DIRECTION('',(0.,-1.,1.110223024625E-16));
#925 = PCURVE('',#72,#926);
#926 = DEFINITIONAL_REPRESENTATION('',(#927),#931);
#927 = LINE('',#928,#929);
#928 = CARTESIAN_POINT('',(-4.21341655297,-15.6));
#929 = VECTOR('',#930,1.);
#930 = DIRECTION('',(-1.,0.));
#931 = ( GEOMETRIC_REPRESENTATION_CONTEXT(2) 
PARAMETRIC_REPRESENTATION_CONTEXT() REPRESENTATION_CONTEXT('2D SPACE',''
  ) );
#932 = PCURVE('',#933,#938);
#933 = PLANE('',#934);
#934 = AXIS2_PLACEMENT_3D('',#935,#936,#937);
#935 = CARTESIAN_POINT('',(-15.6,-13.9,-9.999999999991E-03));
#936 = DIRECTION('',(1.,0.,0.));
#937 = DIRECTION('',(0.,-1.,1.110223024625E-16));
#938 = DEFINITIONAL_REPRESENTATION('',(#939),#943);
#939 = LINE('',#940,#941);
#940 = CARTESIAN_POINT('',(-4.21341655297,-15.15266147708));
#941 = VECTOR('',#942,1.);
#942 = DIRECTION('',(1.,0.));
#943 = ( GEOMETRIC_REPRESENTATION_CONTEXT(2) 
PARAMETRIC_REPRESENTATION_CONTEXT() REPRESENTATION_CONTEXT('2D SPACE',''
  ) );
#944 = ORIENTED_EDGE('',*,*,#945,.F.);
#945 = EDGE_CURVE('',#946,#918,#948,.T.);
#946 = VERTEX_POINT('',#947);
#947 = CARTESIAN_POINT('',(-13.8,-17.9,15.142661477085));
#948 = SURFACE_CURVE('',#949,(#953,#960),.PCURVE_S1.);
#949 = LINE('',#950,#951);
#950 = CARTESIAN_POINT('',(-7.8,-17.9,15.142661477085));
#951 = VECTOR('',#952,1.);
#952 = DIRECTION('',(-1.,0.,0.));
#953 = PCURVE('',#72,#954);
#954 = DEFINITIONAL_REPRESENTATION('',(#955),#959);
#955 = LINE('',#956,#957);
#956 = CARTESIAN_POINT('',(-12.42683310594,-7.8));
#957 = VECTOR('',#958,1.);
#958 = DIRECTION('',(0.,-1.));
#959 = ( GEOMETRIC_REPRESENTATION_CONTEXT(2) 
PARAMETRIC_REPRESENTATION_CONTEXT() REPRESENTATION_CONTEXT('2D SPACE',''
  ) );
#960 = PCURVE('',#961,#966);
#961 = PLANE('',#962);
#962 = AXIS2_PLACEMENT_3D('',#963,#964,#965);
#963 = CARTESIAN_POINT('',(-15.6,-17.9,-9.999999999991E-03));
#964 = DIRECTION('',(0.,-1.,1.110223024625E-16));
#965 = DIRECTION('',(1.,0.,0.));
#966 = DEFINITIONAL_REPRESENTATION('',(#967),#971);
#967 = LINE('',#968,#969);
#968 = CARTESIAN_POINT('',(7.8,15.152661477085));
#969 = VECTOR('',#970,1.);
#970 = DIRECTION('',(-1.,0.));
#971 = ( GEOMETRIC_REPRESENTATION_CONTEXT(2) 
PARAMETRIC_REPRESENTATION_CONTEXT() REPRESENTATION_CONTEXT('2D SPACE',''
  ) );
#972 = ORIENTED_EDGE('',*,*,#973,.F.);
#973 = EDGE_CURVE('',#888,#946,#974,.T.);
#974 = SURFACE_CURVE('',#975,(#979,#986),.PCURVE_S1.);
#975 = LINE('',#976,#977);
#976 = CARTESIAN_POINT('',(-13.8,-9.68658344703,15.142661477085));
#977 = VECTOR('',#978,1.);
#978 = DIRECTION('',(0.,-1.,1.110223024625E-16));
#979 = PCURVE('',#72,#980);
#980 = DEFINITIONAL_REPRESENTATION('',(#981),#985);
#981 = LINE('',#982,#983);
#982 = CARTESIAN_POINT('',(-4.21341655297,-13.8));
#983 = VECTOR('',#984,1.);
#984 = DIRECTION('',(-1.,0.));
#985 = ( GEOMETRIC_REPRESENTATION_CONTEXT(2) 
PARAMETRIC_REPRESENTATION_CONTEXT() REPRESENTATION_CONTEXT('2D SPACE',''
  ) );
#986 = PCURVE('',#987,#992);
#987 = PLANE('',#988);
#988 = AXIS2_PLACEMENT_3D('',#989,#990,#991);
#989 = CARTESIAN_POINT('',(-13.8,-13.9,-9.999999999991E-03));
#990 = DIRECTION('',(1.,0.,0.));
#991 = DIRECTION('',(0.,-1.,1.110223024625E-16));
#992 = DEFINITIONAL_REPRESENTATION('',(#993),#997);
#993 = LINE('',#994,#995);
#994 = CARTESIAN_POINT('',(-4.21341655297,-15.15266147708));
#995 = VECTOR('',#996,1.);
#996 = DIRECTION('',(1.,0.));
#997 = ( GEOMETRIC_REPRESENTATION_CONTEXT(2) 
PARAMETRIC_REPRESENTATION_CONTEXT() REPRESENTATION_CONTEXT('2D SPACE',''
  ) );
#998 = ADVANCED_FACE('',(#999),#182,.T.);
#999 = FACE_BOUND('',#1000,.T.);
#1000 = EDGE_LOOP('',(#1001,#1002,#1023,#1024));
#1001 = ORIENTED_EDGE('',*,*,#629,.F.);
#1002 = ORIENTED_EDGE('',*,*,#1003,.T.);
#1003 = EDGE_CURVE('',#602,#167,#1004,.T.);
#1004 = SURFACE_CURVE('',#1005,(#1009,#1016),.PCURVE_S1.);
#1005 = LINE('',#1006,#1007);
#1006 = CARTESIAN_POINT('',(33.8,3.1,22.));
#1007 = VECTOR('',#1008,1.);
#1008 = DIRECTION('',(0.,-1.,1.110223024625E-16));
#1009 = PCURVE('',#182,#1010);
#1010 = DEFINITIONAL_REPRESENTATION('',(#1011),#1015);
#1011 = LINE('',#1012,#1013);
#1012 = CARTESIAN_POINT('',(-16.,-22.));
#1013 = VECTOR('',#1014,1.);
#1014 = DIRECTION('',(1.,0.));
#1015 = ( GEOMETRIC_REPRESENTATION_CONTEXT(2) 
PARAMETRIC_REPRESENTATION_CONTEXT() REPRESENTATION_CONTEXT('2D SPACE',''
  ) );
#1016 = PCURVE('',#210,#1017);
#1017 = DEFINITIONAL_REPRESENTATION('',(#1018),#1022);
#1018 = LINE('',#1019,#1020);
#1019 = CARTESIAN_POINT('',(0.,20.8));
#1020 = VECTOR('',#1021,1.);
#1021 = DIRECTION('',(1.,0.));
#1022 = ( GEOMETRIC_REPRESENTATION_CONTEXT(2) 
PARAMETRIC_REPRESENTATION_CONTEXT() REPRESENTATION_CONTEXT('2D SPACE',''
  ) );
#1023 = ORIENTED_EDGE('',*,*,#166,.F.);
#1024 = ORIENTED_EDGE('',*,*,#680,.F.);
#1025 = ADVANCED_FACE('',(#1026,#1075,#1110),#210,.T.);
#1026 = FACE_BOUND('',#1027,.T.);
#1027 = EDGE_LOOP('',(#1028,#1051,#1072,#1073,#1074));
#1028 = ORIENTED_EDGE('',*,*,#1029,.F.);
#1029 = EDGE_CURVE('',#1030,#574,#1032,.T.);
#1030 = VERTEX_POINT('',#1031);
#1031 = CARTESIAN_POINT('',(13.,3.1,22.));
#1032 = SURFACE_CURVE('',#1033,(#1037,#1044),.PCURVE_S1.);
#1033 = LINE('',#1034,#1035);
#1034 = CARTESIAN_POINT('',(13.,3.1,22.));
#1035 = VECTOR('',#1036,1.);
#1036 = DIRECTION('',(1.,0.,0.));
#1037 = PCURVE('',#210,#1038);
#1038 = DEFINITIONAL_REPRESENTATION('',(#1039),#1043);
#1039 = LINE('',#1040,#1041);
#1040 = CARTESIAN_POINT('',(0.,0.));
#1041 = VECTOR('',#1042,1.);
#1042 = DIRECTION('',(0.,1.));
#1043 = ( GEOMETRIC_REPRESENTATION_CONTEXT(2) 
PARAMETRIC_REPRESENTATION_CONTEXT() REPRESENTATION_CONTEXT('2D SPACE',''
  ) );
#1044 = PCURVE('',#589,#1045);
#1045 = DEFINITIONAL_REPRESENTATION('',(#1046),#1050);
#1046 = LINE('',#1047,#1048);
#1047 = CARTESIAN_POINT('',(0.,6.857338522915));
#1048 = VECTOR('',#1049,1.);
#1049 = DIRECTION('',(1.,0.));
#1050 = ( GEOMETRIC_REPRESENTATION_CONTEXT(2) 
PARAMETRIC_REPRESENTATION_CONTEXT() REPRESENTATION_CONTEXT('2D SPACE',''
  ) );
#1051 = ORIENTED_EDGE('',*,*,#1052,.T.);
#1052 = EDGE_CURVE('',#1030,#195,#1053,.T.);
#1053 = SURFACE_CURVE('',#1054,(#1058,#1065),.PCURVE_S1.);
#1054 = LINE('',#1055,#1056);
#1055 = CARTESIAN_POINT('',(13.,3.1,22.));
#1056 = VECTOR('',#1057,1.);
#1057 = DIRECTION('',(0.,-1.,1.110223024625E-16));
#1058 = PCURVE('',#210,#1059);
#1059 = DEFINITIONAL_REPRESENTATION('',(#1060),#1064);
#1060 = LINE('',#1061,#1062);
#1061 = CARTESIAN_POINT('',(0.,0.));
#1062 = VECTOR('',#1063,1.);
#1063 = DIRECTION('',(1.,0.));
#1064 = ( GEOMETRIC_REPRESENTATION_CONTEXT(2) 
PARAMETRIC_REPRESENTATION_CONTEXT() REPRESENTATION_CONTEXT('2D SPACE',''
  ) );
#1065 = PCURVE('',#238,#1066);
#1066 = DEFINITIONAL_REPRESENTATION('',(#1067),#1071);
#1067 = LINE('',#1068,#1069);
#1068 = CARTESIAN_POINT('',(7.61317511579E-16,-6.857338522915));
#1069 = VECTOR('',#1070,1.);
#1070 = DIRECTION('',(1.,0.));
#1071 = ( GEOMETRIC_REPRESENTATION_CONTEXT(2) 
PARAMETRIC_REPRESENTATION_CONTEXT() REPRESENTATION_CONTEXT('2D SPACE',''
  ) );
#1072 = ORIENTED_EDGE('',*,*,#194,.T.);
#1073 = ORIENTED_EDGE('',*,*,#1003,.F.);
#1074 = ORIENTED_EDGE('',*,*,#601,.F.);
#1075 = FACE_BOUND('',#1076,.T.);
#1076 = EDGE_LOOP('',(#1077));
#1077 = ORIENTED_EDGE('',*,*,#1078,.T.);
#1078 = EDGE_CURVE('',#1079,#1079,#1081,.T.);
#1079 = VERTEX_POINT('',#1080);
#1080 = CARTESIAN_POINT('',(19.3,-11.9,22.));
#1081 = SURFACE_CURVE('',#1082,(#1087,#1098),.PCURVE_S1.);
#1082 = CIRCLE('',#1083,1.3);
#1083 = AXIS2_PLACEMENT_3D('',#1084,#1085,#1086);
#1084 = CARTESIAN_POINT('',(18.,-11.9,22.));
#1085 = DIRECTION('',(0.,-1.110223024625E-16,-1.));
#1086 = DIRECTION('',(1.,0.,0.));
#1087 = PCURVE('',#210,#1088);
#1088 = DEFINITIONAL_REPRESENTATION('',(#1089),#1097);
#1089 = ( BOUNDED_CURVE() B_SPLINE_CURVE(2,(#1090,#1091,#1092,#1093,
#1094,#1095,#1096),.UNSPECIFIED.,.T.,.F.) B_SPLINE_CURVE_WITH_KNOTS((1,2
    ,2,2,2,1),(-2.094395102393,0.,2.094395102393,4.188790204786,
6.28318530718,8.377580409573),.UNSPECIFIED.) CURVE() 
GEOMETRIC_REPRESENTATION_ITEM() RATIONAL_B_SPLINE_CURVE((1.,0.5,1.,0.5,
1.,0.5,1.)) REPRESENTATION_ITEM('') );
#1090 = CARTESIAN_POINT('',(15.,6.3));
#1091 = CARTESIAN_POINT('',(17.25166604984,6.3));
#1092 = CARTESIAN_POINT('',(16.12583302492,4.35));
#1093 = CARTESIAN_POINT('',(15.,2.4));
#1094 = CARTESIAN_POINT('',(13.87416697508,4.35));
#1095 = CARTESIAN_POINT('',(12.74833395016,6.3));
#1096 = CARTESIAN_POINT('',(15.,6.3));
#1097 = ( GEOMETRIC_REPRESENTATION_CONTEXT(2) 
PARAMETRIC_REPRESENTATION_CONTEXT() REPRESENTATION_CONTEXT('2D SPACE',''
  ) );
#1098 = PCURVE('',#1099,#1104);
#1099 = CYLINDRICAL_SURFACE('',#1100,1.3);
#1100 = AXIS2_PLACEMENT_3D('',#1101,#1102,#1103);
#1101 = CARTESIAN_POINT('',(18.,-11.9,13.));
#1102 = DIRECTION('',(0.,-1.110223024625E-16,-1.));
#1103 = DIRECTION('',(1.,0.,0.));
#1104 = DEFINITIONAL_REPRESENTATION('',(#1105),#1109);
#1105 = LINE('',#1106,#1107);
#1106 = CARTESIAN_POINT('',(0.,-9.));
#1107 = VECTOR('',#1108,1.);
#1108 = DIRECTION('',(1.,0.));
#1109 = ( GEOMETRIC_REPRESENTATION_CONTEXT(2) 
PARAMETRIC_REPRESENTATION_CONTEXT() REPRESENTATION_CONTEXT('2D SPACE',''
  ) );
#1110 = FACE_BOUND('',#1111,.T.);
#1111 = EDGE_LOOP('',(#1112));
#1112 = ORIENTED_EDGE('',*,*,#1113,.T.);
#1113 = EDGE_CURVE('',#1114,#1114,#1116,.T.);
#1114 = VERTEX_POINT('',#1115);
#1115 = CARTESIAN_POINT('',(31.3,-11.9,22.));
#1116 = SURFACE_CURVE('',#1117,(#1122,#1133),.PCURVE_S1.);
#1117 = CIRCLE('',#1118,1.3);
#1118 = AXIS2_PLACEMENT_3D('',#1119,#1120,#1121);
#1119 = CARTESIAN_POINT('',(30.,-11.9,22.));
#1120 = DIRECTION('',(0.,-1.110223024625E-16,-1.));
#1121 = DIRECTION('',(1.,0.,0.));
#1122 = PCURVE('',#210,#1123);
#1123 = DEFINITIONAL_REPRESENTATION('',(#1124),#1132);
#1124 = ( BOUNDED_CURVE() B_SPLINE_CURVE(2,(#1125,#1126,#1127,#1128,
#1129,#1130,#1131),.UNSPECIFIED.,.T.,.F.) B_SPLINE_CURVE_WITH_KNOTS((1,2
    ,2,2,2,1),(-2.094395102393,0.,2.094395102393,4.188790204786,
6.28318530718,8.377580409573),.UNSPECIFIED.) CURVE() 
GEOMETRIC_REPRESENTATION_ITEM() RATIONAL_B_SPLINE_CURVE((1.,0.5,1.,0.5,
1.,0.5,1.)) REPRESENTATION_ITEM('') );
#1125 = CARTESIAN_POINT('',(15.,18.3));
#1126 = CARTESIAN_POINT('',(17.25166604984,18.3));
#1127 = CARTESIAN_POINT('',(16.12583302492,16.35));
#1128 = CARTESIAN_POINT('',(15.,14.4));
#1129 = CARTESIAN_POINT('',(13.87416697508,16.35));
#1130 = CARTESIAN_POINT('',(12.74833395016,18.3));
#1131 = CARTESIAN_POINT('',(15.,18.3));
#1132 = ( GEOMETRIC_REPRESENTATION_CONTEXT(2) 
PARAMETRIC_REPRESENTATION_CONTEXT() REPRESENTATION_CONTEXT('2D SPACE',''
  ) );
#1133 = PCURVE('',#1134,#1139);
#1134 = CYLINDRICAL_SURFACE('',#1135,1.3);
#1135 = AXIS2_PLACEMENT_3D('',#1136,#1137,#1138);
#1136 = CARTESIAN_POINT('',(30.,-11.9,13.));
#1137 = DIRECTION('',(0.,-1.110223024625E-16,-1.));
#1138 = DIRECTION('',(1.,0.,0.));
#1139 = DEFINITIONAL_REPRESENTATION('',(#1140),#1144);
#1140 = LINE('',#1141,#1142);
#1141 = CARTESIAN_POINT('',(0.,-9.));
#1142 = VECTOR('',#1143,1.);
#1143 = DIRECTION('',(1.,0.));
#1144 = ( GEOMETRIC_REPRESENTATION_CONTEXT(2) 
PARAMETRIC_REPRESENTATION_CONTEXT() REPRESENTATION_CONTEXT('2D SPACE',''
  ) );
#1145 = ADVANCED_FACE('',(#1146),#238,.F.);
#1146 = FACE_BOUND('',#1147,.F.);
#1147 = EDGE_LOOP('',(#1148,#1149,#1170,#1171));
#1148 = ORIENTED_EDGE('',*,*,#864,.F.);
#1149 = ORIENTED_EDGE('',*,*,#1150,.T.);
#1150 = EDGE_CURVE('',#842,#1030,#1151,.T.);
#1151 = SURFACE_CURVE('',#1152,(#1156,#1163),.PCURVE_S1.);
#1152 = LINE('',#1153,#1154);
#1153 = CARTESIAN_POINT('',(13.,3.1,15.142661477085));
#1154 = VECTOR('',#1155,1.);
#1155 = DIRECTION('',(0.,1.110223024625E-16,1.));
#1156 = PCURVE('',#238,#1157);
#1157 = DEFINITIONAL_REPRESENTATION('',(#1158),#1162);
#1158 = LINE('',#1159,#1160);
#1159 = CARTESIAN_POINT('',(0.,0.));
#1160 = VECTOR('',#1161,1.);
#1161 = DIRECTION('',(0.,-1.));
#1162 = ( GEOMETRIC_REPRESENTATION_CONTEXT(2) 
PARAMETRIC_REPRESENTATION_CONTEXT() REPRESENTATION_CONTEXT('2D SPACE',''
  ) );
#1163 = PCURVE('',#589,#1164);
#1164 = DEFINITIONAL_REPRESENTATION('',(#1165),#1169);
#1165 = LINE('',#1166,#1167);
#1166 = CARTESIAN_POINT('',(0.,0.));
#1167 = VECTOR('',#1168,1.);
#1168 = DIRECTION('',(0.,1.));
#1169 = ( GEOMETRIC_REPRESENTATION_CONTEXT(2) 
PARAMETRIC_REPRESENTATION_CONTEXT() REPRESENTATION_CONTEXT('2D SPACE',''
  ) );
#1170 = ORIENTED_EDGE('',*,*,#1052,.T.);
#1171 = ORIENTED_EDGE('',*,*,#222,.F.);
#1172 = ADVANCED_FACE('',(#1173),#311,.T.);
#1173 = FACE_BOUND('',#1174,.T.);
#1174 = EDGE_LOOP('',(#1175,#1198,#1219,#1220));
#1175 = ORIENTED_EDGE('',*,*,#1176,.F.);
#1176 = EDGE_CURVE('',#1177,#787,#1179,.T.);
#1177 = VERTEX_POINT('',#1178);
#1178 = CARTESIAN_POINT('',(-32.3,-10.9,5.035190118832));
#1179 = SURFACE_CURVE('',#1180,(#1184,#1191),.PCURVE_S1.);
#1180 = LINE('',#1181,#1182);
#1181 = CARTESIAN_POINT('',(-32.3,-10.9,5.035190118832));
#1182 = VECTOR('',#1183,1.);
#1183 = DIRECTION('',(0.,-1.110223024625E-16,-1.));
#1184 = PCURVE('',#311,#1185);
#1185 = DEFINITIONAL_REPRESENTATION('',(#1186),#1190);
#1186 = LINE('',#1187,#1188);
#1187 = CARTESIAN_POINT('',(0.,0.));
#1188 = VECTOR('',#1189,1.);
#1189 = DIRECTION('',(1.,0.));
#1190 = ( GEOMETRIC_REPRESENTATION_CONTEXT(2) 
PARAMETRIC_REPRESENTATION_CONTEXT() REPRESENTATION_CONTEXT('2D SPACE',''
  ) );
#1191 = PCURVE('',#802,#1192);
#1192 = DEFINITIONAL_REPRESENTATION('',(#1193),#1197);
#1193 = LINE('',#1194,#1195);
#1194 = CARTESIAN_POINT('',(-7.3,0.74422730626));
#1195 = VECTOR('',#1196,1.);
#1196 = DIRECTION('',(0.,-1.));
#1197 = ( GEOMETRIC_REPRESENTATION_CONTEXT(2) 
PARAMETRIC_REPRESENTATION_CONTEXT() REPRESENTATION_CONTEXT('2D SPACE',''
  ) );
#1198 = ORIENTED_EDGE('',*,*,#1199,.T.);
#1199 = EDGE_CURVE('',#1177,#296,#1200,.T.);
#1200 = SURFACE_CURVE('',#1201,(#1205,#1212),.PCURVE_S1.);
#1201 = LINE('',#1202,#1203);
#1202 = CARTESIAN_POINT('',(-32.3,-10.9,5.035190118832));
#1203 = VECTOR('',#1204,1.);
#1204 = DIRECTION('',(0.,-1.,1.110223024625E-16));
#1205 = PCURVE('',#311,#1206);
#1206 = DEFINITIONAL_REPRESENTATION('',(#1207),#1211);
#1207 = LINE('',#1208,#1209);
#1208 = CARTESIAN_POINT('',(0.,0.));
#1209 = VECTOR('',#1210,1.);
#1210 = DIRECTION('',(0.,-1.));
#1211 = ( GEOMETRIC_REPRESENTATION_CONTEXT(2) 
PARAMETRIC_REPRESENTATION_CONTEXT() REPRESENTATION_CONTEXT('2D SPACE',''
  ) );
#1212 = PCURVE('',#339,#1213);
#1213 = DEFINITIONAL_REPRESENTATION('',(#1214),#1218);
#1214 = LINE('',#1215,#1216);
#1215 = CARTESIAN_POINT('',(10.909678814012,2.));
#1216 = VECTOR('',#1217,1.);
#1217 = DIRECTION('',(0.,-1.));
#1218 = ( GEOMETRIC_REPRESENTATION_CONTEXT(2) 
PARAMETRIC_REPRESENTATION_CONTEXT() REPRESENTATION_CONTEXT('2D SPACE',''
  ) );
#1219 = ORIENTED_EDGE('',*,*,#295,.F.);
#1220 = ORIENTED_EDGE('',*,*,#814,.F.);
#1221 = ADVANCED_FACE('',(#1222),#339,.T.);
#1222 = FACE_BOUND('',#1223,.T.);
#1223 = EDGE_LOOP('',(#1224,#1254,#1275,#1276,#1277));
#1224 = ORIENTED_EDGE('',*,*,#1225,.T.);
#1225 = EDGE_CURVE('',#1226,#1228,#1230,.T.);
#1226 = VERTEX_POINT('',#1227);
#1227 = CARTESIAN_POINT('',(-25.,-10.9,13.142661477085));
#1228 = VERTEX_POINT('',#1229);
#1229 = CARTESIAN_POINT('',(-25.,-12.9,13.142661477085));
#1230 = SURFACE_CURVE('',#1231,(#1235,#1242),.PCURVE_S1.);
#1231 = LINE('',#1232,#1233);
#1232 = CARTESIAN_POINT('',(-25.,-10.9,13.142661477085));
#1233 = VECTOR('',#1234,1.);
#1234 = DIRECTION('',(0.,-1.,1.110223024625E-16));
#1235 = PCURVE('',#339,#1236);
#1236 = DEFINITIONAL_REPRESENTATION('',(#1237),#1241);
#1237 = LINE('',#1238,#1239);
#1238 = CARTESIAN_POINT('',(-1.650112991752E-16,2.));
#1239 = VECTOR('',#1240,1.);
#1240 = DIRECTION('',(0.,-1.));
#1241 = ( GEOMETRIC_REPRESENTATION_CONTEXT(2) 
PARAMETRIC_REPRESENTATION_CONTEXT() REPRESENTATION_CONTEXT('2D SPACE',''
  ) );
#1242 = PCURVE('',#1243,#1248);
#1243 = PLANE('',#1244);
#1244 = AXIS2_PLACEMENT_3D('',#1245,#1246,#1247);
#1245 = CARTESIAN_POINT('',(-17.7,-10.9,5.035190118832));
#1246 = DIRECTION('',(-0.743144825477,-7.42884205661E-17,-0.669130606359
    ));
#1247 = DIRECTION('',(-0.669130606359,8.25056495876E-17,0.743144825477)
  );
#1248 = DEFINITIONAL_REPRESENTATION('',(#1249),#1253);
#1249 = LINE('',#1250,#1251);
#1250 = CARTESIAN_POINT('',(10.909678814012,-9.001101373422E-16));
#1251 = VECTOR('',#1252,1.);
#1252 = DIRECTION('',(0.,-1.));
#1253 = ( GEOMETRIC_REPRESENTATION_CONTEXT(2) 
PARAMETRIC_REPRESENTATION_CONTEXT() REPRESENTATION_CONTEXT('2D SPACE',''
  ) );
#1254 = ORIENTED_EDGE('',*,*,#1255,.T.);
#1255 = EDGE_CURVE('',#1228,#324,#1256,.T.);
#1256 = SURFACE_CURVE('',#1257,(#1261,#1268),.PCURVE_S1.);
#1257 = LINE('',#1258,#1259);
#1258 = CARTESIAN_POINT('',(-25.,-12.9,13.142661477085));
#1259 = VECTOR('',#1260,1.);
#1260 = DIRECTION('',(0.,-1.,1.110223024625E-16));
#1261 = PCURVE('',#339,#1262);
#1262 = DEFINITIONAL_REPRESENTATION('',(#1263),#1267);
#1263 = LINE('',#1264,#1265);
#1264 = CARTESIAN_POINT('',(-0.,0.));
#1265 = VECTOR('',#1266,1.);
#1266 = DIRECTION('',(0.,-1.));
#1267 = ( GEOMETRIC_REPRESENTATION_CONTEXT(2) 
PARAMETRIC_REPRESENTATION_CONTEXT() REPRESENTATION_CONTEXT('2D SPACE',''
  ) );
#1268 = PCURVE('',#367,#1269);
#1269 = DEFINITIONAL_REPRESENTATION('',(#1270),#1274);
#1270 = LINE('',#1271,#1272);
#1271 = CARTESIAN_POINT('',(10.909678814012,-2.));
#1272 = VECTOR('',#1273,1.);
#1273 = DIRECTION('',(0.,-1.));
#1274 = ( GEOMETRIC_REPRESENTATION_CONTEXT(2) 
PARAMETRIC_REPRESENTATION_CONTEXT() REPRESENTATION_CONTEXT('2D SPACE',''
  ) );
#1275 = ORIENTED_EDGE('',*,*,#323,.F.);
#1276 = ORIENTED_EDGE('',*,*,#1199,.F.);
#1277 = ORIENTED_EDGE('',*,*,#1278,.F.);
#1278 = EDGE_CURVE('',#1226,#1177,#1279,.T.);
#1279 = SURFACE_CURVE('',#1280,(#1284,#1291),.PCURVE_S1.);
#1280 = LINE('',#1281,#1282);
#1281 = CARTESIAN_POINT('',(-25.,-10.9,13.142661477085));
#1282 = VECTOR('',#1283,1.);
#1283 = DIRECTION('',(-0.669130606359,-8.25056495876E-17,-0.743144825477
    ));
#1284 = PCURVE('',#339,#1285);
#1285 = DEFINITIONAL_REPRESENTATION('',(#1286),#1290);
#1286 = LINE('',#1287,#1288);
#1287 = CARTESIAN_POINT('',(-1.650112991752E-16,2.));
#1288 = VECTOR('',#1289,1.);
#1289 = DIRECTION('',(1.,0.));
#1290 = ( GEOMETRIC_REPRESENTATION_CONTEXT(2) 
PARAMETRIC_REPRESENTATION_CONTEXT() REPRESENTATION_CONTEXT('2D SPACE',''
  ) );
#1291 = PCURVE('',#802,#1292);
#1292 = DEFINITIONAL_REPRESENTATION('',(#1293),#1297);
#1293 = LINE('',#1294,#1295);
#1294 = CARTESIAN_POINT('',(7.105427357601E-15,8.851698664513));
#1295 = VECTOR('',#1296,1.);
#1296 = DIRECTION('',(-0.669130606359,-0.743144825477));
#1297 = ( GEOMETRIC_REPRESENTATION_CONTEXT(2) 
PARAMETRIC_REPRESENTATION_CONTEXT() REPRESENTATION_CONTEXT('2D SPACE',''
  ) );
#1298 = ADVANCED_FACE('',(#1299),#367,.T.);
#1299 = FACE_BOUND('',#1300,.T.);
#1300 = EDGE_LOOP('',(#1301,#1331,#1352,#1353,#1354,#1382));
#1301 = ORIENTED_EDGE('',*,*,#1302,.F.);
#1302 = EDGE_CURVE('',#1303,#1305,#1307,.T.);
#1303 = VERTEX_POINT('',#1304);
#1304 = CARTESIAN_POINT('',(-17.7,-10.9,5.035190118832));
#1305 = VERTEX_POINT('',#1306);
#1306 = CARTESIAN_POINT('',(-18.59274051881,-10.9,6.026678911523));
#1307 = SURFACE_CURVE('',#1308,(#1312,#1319),.PCURVE_S1.);
#1308 = LINE('',#1309,#1310);
#1309 = CARTESIAN_POINT('',(-17.7,-10.9,5.035190118832));
#1310 = VECTOR('',#1311,1.);
#1311 = DIRECTION('',(-0.669130606359,8.25056495876E-17,0.743144825477)
  );
#1312 = PCURVE('',#367,#1313);
#1313 = DEFINITIONAL_REPRESENTATION('',(#1314),#1318);
#1314 = LINE('',#1315,#1316);
#1315 = CARTESIAN_POINT('',(0.,0.));
#1316 = VECTOR('',#1317,1.);
#1317 = DIRECTION('',(1.,0.));
#1318 = ( GEOMETRIC_REPRESENTATION_CONTEXT(2) 
PARAMETRIC_REPRESENTATION_CONTEXT() REPRESENTATION_CONTEXT('2D SPACE',''
  ) );
#1319 = PCURVE('',#1320,#1325);
#1320 = PLANE('',#1321);
#1321 = AXIS2_PLACEMENT_3D('',#1322,#1323,#1324);
#1322 = CARTESIAN_POINT('',(-25.,-10.9,4.290962812571));
#1323 = DIRECTION('',(0.,-1.,1.110223024625E-16));
#1324 = DIRECTION('',(1.,0.,0.));
#1325 = DEFINITIONAL_REPRESENTATION('',(#1326),#1330);
#1326 = LINE('',#1327,#1328);
#1327 = CARTESIAN_POINT('',(7.3,0.74422730626));
#1328 = VECTOR('',#1329,1.);
#1329 = DIRECTION('',(-0.669130606359,0.743144825477));
#1330 = ( GEOMETRIC_REPRESENTATION_CONTEXT(2) 
PARAMETRIC_REPRESENTATION_CONTEXT() REPRESENTATION_CONTEXT('2D SPACE',''
  ) );
#1331 = ORIENTED_EDGE('',*,*,#1332,.T.);
#1332 = EDGE_CURVE('',#1303,#352,#1333,.T.);
#1333 = SURFACE_CURVE('',#1334,(#1338,#1345),.PCURVE_S1.);
#1334 = LINE('',#1335,#1336);
#1335 = CARTESIAN_POINT('',(-17.7,-10.9,5.035190118832));
#1336 = VECTOR('',#1337,1.);
#1337 = DIRECTION('',(0.,-1.,1.110223024625E-16));
#1338 = PCURVE('',#367,#1339);
#1339 = DEFINITIONAL_REPRESENTATION('',(#1340),#1344);
#1340 = LINE('',#1341,#1342);
#1341 = CARTESIAN_POINT('',(0.,0.));
#1342 = VECTOR('',#1343,1.);
#1343 = DIRECTION('',(0.,-1.));
#1344 = ( GEOMETRIC_REPRESENTATION_CONTEXT(2) 
PARAMETRIC_REPRESENTATION_CONTEXT() REPRESENTATION_CONTEXT('2D SPACE',''
  ) );
#1345 = PCURVE('',#395,#1346);
#1346 = DEFINITIONAL_REPRESENTATION('',(#1347),#1351);
#1347 = LINE('',#1348,#1349);
#1348 = CARTESIAN_POINT('',(6.035190118832,-6.700407027917E-16));
#1349 = VECTOR('',#1350,1.);
#1350 = DIRECTION('',(0.,-1.));
#1351 = ( GEOMETRIC_REPRESENTATION_CONTEXT(2) 
PARAMETRIC_REPRESENTATION_CONTEXT() REPRESENTATION_CONTEXT('2D SPACE',''
  ) );
#1352 = ORIENTED_EDGE('',*,*,#351,.F.);
#1353 = ORIENTED_EDGE('',*,*,#1255,.F.);
#1354 = ORIENTED_EDGE('',*,*,#1355,.F.);
#1355 = EDGE_CURVE('',#1356,#1228,#1358,.T.);
#1356 = VERTEX_POINT('',#1357);
#1357 = CARTESIAN_POINT('',(-18.7,-12.9,6.145802633661));
#1358 = SURFACE_CURVE('',#1359,(#1363,#1370),.PCURVE_S1.);
#1359 = LINE('',#1360,#1361);
#1360 = CARTESIAN_POINT('',(-18.7,-12.9,6.145802633661));
#1361 = VECTOR('',#1362,1.);
#1362 = DIRECTION('',(-0.669130606359,8.25056495876E-17,0.743144825477)
  );
#1363 = PCURVE('',#367,#1364);
#1364 = DEFINITIONAL_REPRESENTATION('',(#1365),#1369);
#1365 = LINE('',#1366,#1367);
#1366 = CARTESIAN_POINT('',(1.494476549865,-2.));
#1367 = VECTOR('',#1368,1.);
#1368 = DIRECTION('',(1.,0.));
#1369 = ( GEOMETRIC_REPRESENTATION_CONTEXT(2) 
PARAMETRIC_REPRESENTATION_CONTEXT() REPRESENTATION_CONTEXT('2D SPACE',''
  ) );
#1370 = PCURVE('',#1371,#1376);
#1371 = CONICAL_SURFACE('',#1372,25.,0.733038285838);
#1372 = AXIS2_PLACEMENT_3D('',#1373,#1374,#1375);
#1373 = CARTESIAN_POINT('',(0.,-12.9,13.142661477085));
#1374 = DIRECTION('',(0.,1.110223024625E-16,1.));
#1375 = DIRECTION('',(1.,0.,0.));
#1376 = DEFINITIONAL_REPRESENTATION('',(#1377),#1381);
#1377 = LINE('',#1378,#1379);
#1378 = CARTESIAN_POINT('',(3.14159265359,-6.996858843424));
#1379 = VECTOR('',#1380,1.);
#1380 = DIRECTION('',(-0.,1.));
#1381 = ( GEOMETRIC_REPRESENTATION_CONTEXT(2) 
PARAMETRIC_REPRESENTATION_CONTEXT() REPRESENTATION_CONTEXT('2D SPACE',''
  ) );
#1382 = ORIENTED_EDGE('',*,*,#1383,.T.);
#1383 = EDGE_CURVE('',#1356,#1305,#1384,.T.);
#1384 = SURFACE_CURVE('',#1385,(#1390,#1397),.PCURVE_S1.);
#1385 = ELLIPSE('',#1386,27.946711482468,18.7);
#1386 = AXIS2_PLACEMENT_3D('',#1387,#1388,#1389);
#1387 = CARTESIAN_POINT('',(0.,-12.9,-14.62265139364));
#1388 = DIRECTION('',(-0.743144825477,-7.42884205661E-17,-0.669130606359
    ));
#1389 = DIRECTION('',(0.669130606359,-8.25056495876E-17,-0.743144825477)
  );
#1390 = PCURVE('',#367,#1391);
#1391 = DEFINITIONAL_REPRESENTATION('',(#1392),#1396);
#1392 = ELLIPSE('',#1393,27.946711482468,18.7);
#1393 = AXIS2_PLACEMENT_2D('',#1394,#1395);
#1394 = CARTESIAN_POINT('',(-26.4522349326,-2.));
#1395 = DIRECTION('',(-1.,0.));
#1396 = ( GEOMETRIC_REPRESENTATION_CONTEXT(2) 
PARAMETRIC_REPRESENTATION_CONTEXT() REPRESENTATION_CONTEXT('2D SPACE',''
  ) );
#1397 = PCURVE('',#1398,#1403);
#1398 = CYLINDRICAL_SURFACE('',#1399,18.7);
#1399 = AXIS2_PLACEMENT_3D('',#1400,#1401,#1402);
#1400 = CARTESIAN_POINT('',(0.,-12.9,6.145802633661));
#1401 = DIRECTION('',(-0.,-1.110223024625E-16,-1.));
#1402 = DIRECTION('',(1.,0.,0.));
#1403 = DEFINITIONAL_REPRESENTATION('',(#1404),#1411);
#1404 = B_SPLINE_CURVE_WITH_KNOTS('',5,(#1405,#1406,#1407,#1408,#1409,
    #1410),.UNSPECIFIED.,.F.,.F.,(6,6),(3.14159265359,3.308136893435),
  .PIECEWISE_BEZIER_KNOTS.);
#1405 = CARTESIAN_POINT('',(-3.14159265359,0.));
#1406 = CARTESIAN_POINT('',(-3.108283805621,-8.471779303313E-17));
#1407 = CARTESIAN_POINT('',(-3.074974957652,2.880270023875E-02));
#1408 = CARTESIAN_POINT('',(-3.041666109682,8.640818897427E-02));
#1409 = CARTESIAN_POINT('',(-3.008357261713,0.172683009042));
#1410 = CARTESIAN_POINT('',(-2.975048413744,0.28736200161));
#1411 = ( GEOMETRIC_REPRESENTATION_CONTEXT(2) 
PARAMETRIC_REPRESENTATION_CONTEXT() REPRESENTATION_CONTEXT('2D SPACE',''
  ) );
#1412 = ADVANCED_FACE('',(#1413),#395,.T.);
#1413 = FACE_BOUND('',#1414,.T.);
#1414 = EDGE_LOOP('',(#1415,#1438,#1459,#1460));
#1415 = ORIENTED_EDGE('',*,*,#1416,.F.);
#1416 = EDGE_CURVE('',#1417,#1303,#1419,.T.);
#1417 = VERTEX_POINT('',#1418);
#1418 = CARTESIAN_POINT('',(-17.7,-10.9,0.));
#1419 = SURFACE_CURVE('',#1420,(#1424,#1431),.PCURVE_S1.);
#1420 = LINE('',#1421,#1422);
#1421 = CARTESIAN_POINT('',(-17.7,-10.9,-1.));
#1422 = VECTOR('',#1423,1.);
#1423 = DIRECTION('',(0.,1.110223024625E-16,1.));
#1424 = PCURVE('',#395,#1425);
#1425 = DEFINITIONAL_REPRESENTATION('',(#1426),#1430);
#1426 = LINE('',#1427,#1428);
#1427 = CARTESIAN_POINT('',(0.,0.));
#1428 = VECTOR('',#1429,1.);
#1429 = DIRECTION('',(1.,0.));
#1430 = ( GEOMETRIC_REPRESENTATION_CONTEXT(2) 
PARAMETRIC_REPRESENTATION_CONTEXT() REPRESENTATION_CONTEXT('2D SPACE',''
  ) );
#1431 = PCURVE('',#1320,#1432);
#1432 = DEFINITIONAL_REPRESENTATION('',(#1433),#1437);
#1433 = LINE('',#1434,#1435);
#1434 = CARTESIAN_POINT('',(7.3,-5.290962812571));
#1435 = VECTOR('',#1436,1.);
#1436 = DIRECTION('',(0.,1.));
#1437 = ( GEOMETRIC_REPRESENTATION_CONTEXT(2) 
PARAMETRIC_REPRESENTATION_CONTEXT() REPRESENTATION_CONTEXT('2D SPACE',''
  ) );
#1438 = ORIENTED_EDGE('',*,*,#1439,.F.);
#1439 = EDGE_CURVE('',#380,#1417,#1440,.T.);
#1440 = SURFACE_CURVE('',#1441,(#1445,#1452),.PCURVE_S1.);
#1441 = LINE('',#1442,#1443);
#1442 = CARTESIAN_POINT('',(-17.7,-8.18658344703,0.));
#1443 = VECTOR('',#1444,1.);
#1444 = DIRECTION('',(0.,1.,-1.110223024625E-16));
#1445 = PCURVE('',#395,#1446);
#1446 = DEFINITIONAL_REPRESENTATION('',(#1447),#1451);
#1447 = LINE('',#1448,#1449);
#1448 = CARTESIAN_POINT('',(1.,2.71341655297));
#1449 = VECTOR('',#1450,1.);
#1450 = DIRECTION('',(0.,1.));
#1451 = ( GEOMETRIC_REPRESENTATION_CONTEXT(2) 
PARAMETRIC_REPRESENTATION_CONTEXT() REPRESENTATION_CONTEXT('2D SPACE',''
  ) );
#1452 = PCURVE('',#423,#1453);
#1453 = DEFINITIONAL_REPRESENTATION('',(#1454),#1458);
#1454 = LINE('',#1455,#1456);
#1455 = CARTESIAN_POINT('',(-2.71341655297,-17.7));
#1456 = VECTOR('',#1457,1.);
#1457 = DIRECTION('',(1.,0.));
#1458 = ( GEOMETRIC_REPRESENTATION_CONTEXT(2) 
PARAMETRIC_REPRESENTATION_CONTEXT() REPRESENTATION_CONTEXT('2D SPACE',''
  ) );
#1459 = ORIENTED_EDGE('',*,*,#379,.F.);
#1460 = ORIENTED_EDGE('',*,*,#1332,.F.);
#1461 = ADVANCED_FACE('',(#1462,#1562,#1656),#423,.T.);
#1462 = FACE_BOUND('',#1463,.T.);
#1463 = EDGE_LOOP('',(#1464,#1465,#1466,#1489,#1513,#1541));
#1464 = ORIENTED_EDGE('',*,*,#407,.T.);
#1465 = ORIENTED_EDGE('',*,*,#1439,.T.);
#1466 = ORIENTED_EDGE('',*,*,#1467,.T.);
#1467 = EDGE_CURVE('',#1417,#1468,#1470,.T.);
#1468 = VERTEX_POINT('',#1469);
#1469 = CARTESIAN_POINT('',(-18.59274051881,-10.9,0.));
#1470 = SURFACE_CURVE('',#1471,(#1475,#1482),.PCURVE_S1.);
#1471 = LINE('',#1472,#1473);
#1472 = CARTESIAN_POINT('',(-12.5,-10.9,0.));
#1473 = VECTOR('',#1474,1.);
#1474 = DIRECTION('',(-1.,0.,0.));
#1475 = PCURVE('',#423,#1476);
#1476 = DEFINITIONAL_REPRESENTATION('',(#1477),#1481);
#1477 = LINE('',#1478,#1479);
#1478 = CARTESIAN_POINT('',(-5.42683310594,-12.5));
#1479 = VECTOR('',#1480,1.);
#1480 = DIRECTION('',(0.,-1.));
#1481 = ( GEOMETRIC_REPRESENTATION_CONTEXT(2) 
PARAMETRIC_REPRESENTATION_CONTEXT() REPRESENTATION_CONTEXT('2D SPACE',''
  ) );
#1482 = PCURVE('',#1320,#1483);
#1483 = DEFINITIONAL_REPRESENTATION('',(#1484),#1488);
#1484 = LINE('',#1485,#1486);
#1485 = CARTESIAN_POINT('',(12.5,-4.290962812571));
#1486 = VECTOR('',#1487,1.);
#1487 = DIRECTION('',(-1.,0.));
#1488 = ( GEOMETRIC_REPRESENTATION_CONTEXT(2) 
PARAMETRIC_REPRESENTATION_CONTEXT() REPRESENTATION_CONTEXT('2D SPACE',''
  ) );
#1489 = ORIENTED_EDGE('',*,*,#1490,.T.);
#1490 = EDGE_CURVE('',#1468,#1491,#1493,.T.);
#1491 = VERTEX_POINT('',#1492);
#1492 = CARTESIAN_POINT('',(18.592740518815,-10.9,0.));
#1493 = SURFACE_CURVE('',#1494,(#1499,#1506),.PCURVE_S1.);
#1494 = CIRCLE('',#1495,18.7);
#1495 = AXIS2_PLACEMENT_3D('',#1496,#1497,#1498);
#1496 = CARTESIAN_POINT('',(0.,-12.9,0.));
#1497 = DIRECTION('',(0.,-1.110223024625E-16,-1.));
#1498 = DIRECTION('',(1.,0.,0.));
#1499 = PCURVE('',#423,#1500);
#1500 = DEFINITIONAL_REPRESENTATION('',(#1501),#1505);
#1501 = CIRCLE('',#1502,18.7);
#1502 = AXIS2_PLACEMENT_2D('',#1503,#1504);
#1503 = CARTESIAN_POINT('',(-7.42683310594,0.));
#1504 = DIRECTION('',(0.,1.));
#1505 = ( GEOMETRIC_REPRESENTATION_CONTEXT(2) 
PARAMETRIC_REPRESENTATION_CONTEXT() REPRESENTATION_CONTEXT('2D SPACE',''
  ) );
#1506 = PCURVE('',#1398,#1507);
#1507 = DEFINITIONAL_REPRESENTATION('',(#1508),#1512);
#1508 = LINE('',#1509,#1510);
#1509 = CARTESIAN_POINT('',(-6.28318530718,6.145802633661));
#1510 = VECTOR('',#1511,1.);
#1511 = DIRECTION('',(1.,-0.));
#1512 = ( GEOMETRIC_REPRESENTATION_CONTEXT(2) 
PARAMETRIC_REPRESENTATION_CONTEXT() REPRESENTATION_CONTEXT('2D SPACE',''
  ) );
#1513 = ORIENTED_EDGE('',*,*,#1514,.T.);
#1514 = EDGE_CURVE('',#1491,#1515,#1517,.T.);
#1515 = VERTEX_POINT('',#1516);
#1516 = CARTESIAN_POINT('',(17.7,-10.9,0.));
#1517 = SURFACE_CURVE('',#1518,(#1522,#1529),.PCURVE_S1.);
#1518 = LINE('',#1519,#1520);
#1519 = CARTESIAN_POINT('',(12.5,-10.9,0.));
#1520 = VECTOR('',#1521,1.);
#1521 = DIRECTION('',(-1.,0.,0.));
#1522 = PCURVE('',#423,#1523);
#1523 = DEFINITIONAL_REPRESENTATION('',(#1524),#1528);
#1524 = LINE('',#1525,#1526);
#1525 = CARTESIAN_POINT('',(-5.42683310594,12.5));
#1526 = VECTOR('',#1527,1.);
#1527 = DIRECTION('',(0.,-1.));
#1528 = ( GEOMETRIC_REPRESENTATION_CONTEXT(2) 
PARAMETRIC_REPRESENTATION_CONTEXT() REPRESENTATION_CONTEXT('2D SPACE',''
  ) );
#1529 = PCURVE('',#1530,#1535);
#1530 = PLANE('',#1531);
#1531 = AXIS2_PLACEMENT_3D('',#1532,#1533,#1534);
#1532 = CARTESIAN_POINT('',(25.,-10.9,4.290962812571));
#1533 = DIRECTION('',(0.,-1.,1.110223024625E-16));
#1534 = DIRECTION('',(1.,0.,0.));
#1535 = DEFINITIONAL_REPRESENTATION('',(#1536),#1540);
#1536 = LINE('',#1537,#1538);
#1537 = CARTESIAN_POINT('',(-12.5,-4.290962812571));
#1538 = VECTOR('',#1539,1.);
#1539 = DIRECTION('',(-1.,0.));
#1540 = ( GEOMETRIC_REPRESENTATION_CONTEXT(2) 
PARAMETRIC_REPRESENTATION_CONTEXT() REPRESENTATION_CONTEXT('2D SPACE',''
  ) );
#1541 = ORIENTED_EDGE('',*,*,#1542,.T.);
#1542 = EDGE_CURVE('',#1515,#408,#1543,.T.);
#1543 = SURFACE_CURVE('',#1544,(#1548,#1555),.PCURVE_S1.);
#1544 = LINE('',#1545,#1546);
#1545 = CARTESIAN_POINT('',(17.7,-8.18658344703,0.));
#1546 = VECTOR('',#1547,1.);
#1547 = DIRECTION('',(0.,-1.,1.110223024625E-16));
#1548 = PCURVE('',#423,#1549);
#1549 = DEFINITIONAL_REPRESENTATION('',(#1550),#1554);
#1550 = LINE('',#1551,#1552);
#1551 = CARTESIAN_POINT('',(-2.71341655297,17.7));
#1552 = VECTOR('',#1553,1.);
#1553 = DIRECTION('',(-1.,0.));
#1554 = ( GEOMETRIC_REPRESENTATION_CONTEXT(2) 
PARAMETRIC_REPRESENTATION_CONTEXT() REPRESENTATION_CONTEXT('2D SPACE',''
  ) );
#1555 = PCURVE('',#451,#1556);
#1556 = DEFINITIONAL_REPRESENTATION('',(#1557),#1561);
#1557 = LINE('',#1558,#1559);
#1558 = CARTESIAN_POINT('',(5.035190118832,2.71341655297));
#1559 = VECTOR('',#1560,1.);
#1560 = DIRECTION('',(0.,-1.));
#1561 = ( GEOMETRIC_REPRESENTATION_CONTEXT(2) 
PARAMETRIC_REPRESENTATION_CONTEXT() REPRESENTATION_CONTEXT('2D SPACE',''
  ) );
#1562 = FACE_BOUND('',#1563,.T.);
#1563 = EDGE_LOOP('',(#1564,#1589,#1612,#1635));
#1564 = ORIENTED_EDGE('',*,*,#1565,.T.);
#1565 = EDGE_CURVE('',#1566,#1568,#1570,.T.);
#1566 = VERTEX_POINT('',#1567);
#1567 = CARTESIAN_POINT('',(-13.8,-13.9,0.));
#1568 = VERTEX_POINT('',#1569);
#1569 = CARTESIAN_POINT('',(-15.6,-13.9,0.));
#1570 = SURFACE_CURVE('',#1571,(#1575,#1582),.PCURVE_S1.);
#1571 = LINE('',#1572,#1573);
#1572 = CARTESIAN_POINT('',(-7.8,-13.9,0.));
#1573 = VECTOR('',#1574,1.);
#1574 = DIRECTION('',(-1.,0.,0.));
#1575 = PCURVE('',#423,#1576);
#1576 = DEFINITIONAL_REPRESENTATION('',(#1577),#1581);
#1577 = LINE('',#1578,#1579);
#1578 = CARTESIAN_POINT('',(-8.42683310594,-7.8));
#1579 = VECTOR('',#1580,1.);
#1580 = DIRECTION('',(0.,-1.));
#1581 = ( GEOMETRIC_REPRESENTATION_CONTEXT(2) 
PARAMETRIC_REPRESENTATION_CONTEXT() REPRESENTATION_CONTEXT('2D SPACE',''
  ) );
#1582 = PCURVE('',#905,#1583);
#1583 = DEFINITIONAL_REPRESENTATION('',(#1584),#1588);
#1584 = LINE('',#1585,#1586);
#1585 = CARTESIAN_POINT('',(7.8,9.999999999991E-03));
#1586 = VECTOR('',#1587,1.);
#1587 = DIRECTION('',(-1.,0.));
#1588 = ( GEOMETRIC_REPRESENTATION_CONTEXT(2) 
PARAMETRIC_REPRESENTATION_CONTEXT() REPRESENTATION_CONTEXT('2D SPACE',''
  ) );
#1589 = ORIENTED_EDGE('',*,*,#1590,.T.);
#1590 = EDGE_CURVE('',#1568,#1591,#1593,.T.);
#1591 = VERTEX_POINT('',#1592);
#1592 = CARTESIAN_POINT('',(-15.6,-17.9,0.));
#1593 = SURFACE_CURVE('',#1594,(#1598,#1605),.PCURVE_S1.);
#1594 = LINE('',#1595,#1596);
#1595 = CARTESIAN_POINT('',(-15.6,-9.68658344703,0.));
#1596 = VECTOR('',#1597,1.);
#1597 = DIRECTION('',(0.,-1.,1.110223024625E-16));
#1598 = PCURVE('',#423,#1599);
#1599 = DEFINITIONAL_REPRESENTATION('',(#1600),#1604);
#1600 = LINE('',#1601,#1602);
#1601 = CARTESIAN_POINT('',(-4.21341655297,-15.6));
#1602 = VECTOR('',#1603,1.);
#1603 = DIRECTION('',(-1.,0.));
#1604 = ( GEOMETRIC_REPRESENTATION_CONTEXT(2) 
PARAMETRIC_REPRESENTATION_CONTEXT() REPRESENTATION_CONTEXT('2D SPACE',''
  ) );
#1605 = PCURVE('',#933,#1606);
#1606 = DEFINITIONAL_REPRESENTATION('',(#1607),#1611);
#1607 = LINE('',#1608,#1609);
#1608 = CARTESIAN_POINT('',(-4.21341655297,-9.999999999991E-03));
#1609 = VECTOR('',#1610,1.);
#1610 = DIRECTION('',(1.,0.));
#1611 = ( GEOMETRIC_REPRESENTATION_CONTEXT(2) 
PARAMETRIC_REPRESENTATION_CONTEXT() REPRESENTATION_CONTEXT('2D SPACE',''
  ) );
#1612 = ORIENTED_EDGE('',*,*,#1613,.F.);
#1613 = EDGE_CURVE('',#1614,#1591,#1616,.T.);
#1614 = VERTEX_POINT('',#1615);
#1615 = CARTESIAN_POINT('',(-13.8,-17.9,0.));
#1616 = SURFACE_CURVE('',#1617,(#1621,#1628),.PCURVE_S1.);
#1617 = LINE('',#1618,#1619);
#1618 = CARTESIAN_POINT('',(-7.8,-17.9,0.));
#1619 = VECTOR('',#1620,1.);
#1620 = DIRECTION('',(-1.,0.,0.));
#1621 = PCURVE('',#423,#1622);
#1622 = DEFINITIONAL_REPRESENTATION('',(#1623),#1627);
#1623 = LINE('',#1624,#1625);
#1624 = CARTESIAN_POINT('',(-12.42683310594,-7.8));
#1625 = VECTOR('',#1626,1.);
#1626 = DIRECTION('',(0.,-1.));
#1627 = ( GEOMETRIC_REPRESENTATION_CONTEXT(2) 
PARAMETRIC_REPRESENTATION_CONTEXT() REPRESENTATION_CONTEXT('2D SPACE',''
  ) );
#1628 = PCURVE('',#961,#1629);
#1629 = DEFINITIONAL_REPRESENTATION('',(#1630),#1634);
#1630 = LINE('',#1631,#1632);
#1631 = CARTESIAN_POINT('',(7.8,9.999999999991E-03));
#1632 = VECTOR('',#1633,1.);
#1633 = DIRECTION('',(-1.,0.));
#1634 = ( GEOMETRIC_REPRESENTATION_CONTEXT(2) 
PARAMETRIC_REPRESENTATION_CONTEXT() REPRESENTATION_CONTEXT('2D SPACE',''
  ) );
#1635 = ORIENTED_EDGE('',*,*,#1636,.F.);
#1636 = EDGE_CURVE('',#1566,#1614,#1637,.T.);
#1637 = SURFACE_CURVE('',#1638,(#1642,#1649),.PCURVE_S1.);
#1638 = LINE('',#1639,#1640);
#1639 = CARTESIAN_POINT('',(-13.8,-9.68658344703,0.));
#1640 = VECTOR('',#1641,1.);
#1641 = DIRECTION('',(0.,-1.,1.110223024625E-16));
#1642 = PCURVE('',#423,#1643);
#1643 = DEFINITIONAL_REPRESENTATION('',(#1644),#1648);
#1644 = LINE('',#1645,#1646);
#1645 = CARTESIAN_POINT('',(-4.21341655297,-13.8));
#1646 = VECTOR('',#1647,1.);
#1647 = DIRECTION('',(-1.,0.));
#1648 = ( GEOMETRIC_REPRESENTATION_CONTEXT(2) 
PARAMETRIC_REPRESENTATION_CONTEXT() REPRESENTATION_CONTEXT('2D SPACE',''
  ) );
#1649 = PCURVE('',#987,#1650);
#1650 = DEFINITIONAL_REPRESENTATION('',(#1651),#1655);
#1651 = LINE('',#1652,#1653);
#1652 = CARTESIAN_POINT('',(-4.21341655297,-9.999999999991E-03));
#1653 = VECTOR('',#1654,1.);
#1654 = DIRECTION('',(1.,0.));
#1655 = ( GEOMETRIC_REPRESENTATION_CONTEXT(2) 
PARAMETRIC_REPRESENTATION_CONTEXT() REPRESENTATION_CONTEXT('2D SPACE',''
  ) );
#1656 = FACE_BOUND('',#1657,.T.);
#1657 = EDGE_LOOP('',(#1658,#1688,#1716,#1744));
#1658 = ORIENTED_EDGE('',*,*,#1659,.T.);
#1659 = EDGE_CURVE('',#1660,#1662,#1664,.T.);
#1660 = VERTEX_POINT('',#1661);
#1661 = CARTESIAN_POINT('',(15.6,-13.9,0.));
#1662 = VERTEX_POINT('',#1663);
#1663 = CARTESIAN_POINT('',(13.8,-13.9,0.));
#1664 = SURFACE_CURVE('',#1665,(#1669,#1676),.PCURVE_S1.);
#1665 = LINE('',#1666,#1667);
#1666 = CARTESIAN_POINT('',(6.9,-13.9,0.));
#1667 = VECTOR('',#1668,1.);
#1668 = DIRECTION('',(-1.,0.,0.));
#1669 = PCURVE('',#423,#1670);
#1670 = DEFINITIONAL_REPRESENTATION('',(#1671),#1675);
#1671 = LINE('',#1672,#1673);
#1672 = CARTESIAN_POINT('',(-8.42683310594,6.9));
#1673 = VECTOR('',#1674,1.);
#1674 = DIRECTION('',(0.,-1.));
#1675 = ( GEOMETRIC_REPRESENTATION_CONTEXT(2) 
PARAMETRIC_REPRESENTATION_CONTEXT() REPRESENTATION_CONTEXT('2D SPACE',''
  ) );
#1676 = PCURVE('',#1677,#1682);
#1677 = PLANE('',#1678);
#1678 = AXIS2_PLACEMENT_3D('',#1679,#1680,#1681);
#1679 = CARTESIAN_POINT('',(13.8,-13.9,-9.999999999991E-03));
#1680 = DIRECTION('',(0.,-1.,1.110223024625E-16));
#1681 = DIRECTION('',(1.,0.,0.));
#1682 = DEFINITIONAL_REPRESENTATION('',(#1683),#1687);
#1683 = LINE('',#1684,#1685);
#1684 = CARTESIAN_POINT('',(-6.9,9.999999999991E-03));
#1685 = VECTOR('',#1686,1.);
#1686 = DIRECTION('',(-1.,0.));
#1687 = ( GEOMETRIC_REPRESENTATION_CONTEXT(2) 
PARAMETRIC_REPRESENTATION_CONTEXT() REPRESENTATION_CONTEXT('2D SPACE',''
  ) );
#1688 = ORIENTED_EDGE('',*,*,#1689,.T.);
#1689 = EDGE_CURVE('',#1662,#1690,#1692,.T.);
#1690 = VERTEX_POINT('',#1691);
#1691 = CARTESIAN_POINT('',(13.8,-17.9,0.));
#1692 = SURFACE_CURVE('',#1693,(#1697,#1704),.PCURVE_S1.);
#1693 = LINE('',#1694,#1695);
#1694 = CARTESIAN_POINT('',(13.8,-9.68658344703,0.));
#1695 = VECTOR('',#1696,1.);
#1696 = DIRECTION('',(0.,-1.,1.110223024625E-16));
#1697 = PCURVE('',#423,#1698);
#1698 = DEFINITIONAL_REPRESENTATION('',(#1699),#1703);
#1699 = LINE('',#1700,#1701);
#1700 = CARTESIAN_POINT('',(-4.21341655297,13.8));
#1701 = VECTOR('',#1702,1.);
#1702 = DIRECTION('',(-1.,0.));
#1703 = ( GEOMETRIC_REPRESENTATION_CONTEXT(2) 
PARAMETRIC_REPRESENTATION_CONTEXT() REPRESENTATION_CONTEXT('2D SPACE',''
  ) );
#1704 = PCURVE('',#1705,#1710);
#1705 = PLANE('',#1706);
#1706 = AXIS2_PLACEMENT_3D('',#1707,#1708,#1709);
#1707 = CARTESIAN_POINT('',(13.8,-13.9,-9.999999999991E-03));
#1708 = DIRECTION('',(1.,0.,0.));
#1709 = DIRECTION('',(0.,-1.,1.110223024625E-16));
#1710 = DEFINITIONAL_REPRESENTATION('',(#1711),#1715);
#1711 = LINE('',#1712,#1713);
#1712 = CARTESIAN_POINT('',(-4.21341655297,-9.999999999991E-03));
#1713 = VECTOR('',#1714,1.);
#1714 = DIRECTION('',(1.,0.));
#1715 = ( GEOMETRIC_REPRESENTATION_CONTEXT(2) 
PARAMETRIC_REPRESENTATION_CONTEXT() REPRESENTATION_CONTEXT('2D SPACE',''
  ) );
#1716 = ORIENTED_EDGE('',*,*,#1717,.F.);
#1717 = EDGE_CURVE('',#1718,#1690,#1720,.T.);
#1718 = VERTEX_POINT('',#1719);
#1719 = CARTESIAN_POINT('',(15.6,-17.9,0.));
#1720 = SURFACE_CURVE('',#1721,(#1725,#1732),.PCURVE_S1.);
#1721 = LINE('',#1722,#1723);
#1722 = CARTESIAN_POINT('',(6.9,-17.9,0.));
#1723 = VECTOR('',#1724,1.);
#1724 = DIRECTION('',(-1.,0.,0.));
#1725 = PCURVE('',#423,#1726);
#1726 = DEFINITIONAL_REPRESENTATION('',(#1727),#1731);
#1727 = LINE('',#1728,#1729);
#1728 = CARTESIAN_POINT('',(-12.42683310594,6.9));
#1729 = VECTOR('',#1730,1.);
#1730 = DIRECTION('',(0.,-1.));
#1731 = ( GEOMETRIC_REPRESENTATION_CONTEXT(2) 
PARAMETRIC_REPRESENTATION_CONTEXT() REPRESENTATION_CONTEXT('2D SPACE',''
  ) );
#1732 = PCURVE('',#1733,#1738);
#1733 = PLANE('',#1734);
#1734 = AXIS2_PLACEMENT_3D('',#1735,#1736,#1737);
#1735 = CARTESIAN_POINT('',(13.8,-17.9,-9.999999999991E-03));
#1736 = DIRECTION('',(0.,-1.,1.110223024625E-16));
#1737 = DIRECTION('',(1.,0.,0.));
#1738 = DEFINITIONAL_REPRESENTATION('',(#1739),#1743);
#1739 = LINE('',#1740,#1741);
#1740 = CARTESIAN_POINT('',(-6.9,9.999999999991E-03));
#1741 = VECTOR('',#1742,1.);
#1742 = DIRECTION('',(-1.,0.));
#1743 = ( GEOMETRIC_REPRESENTATION_CONTEXT(2) 
PARAMETRIC_REPRESENTATION_CONTEXT() REPRESENTATION_CONTEXT('2D SPACE',''
  ) );
#1744 = ORIENTED_EDGE('',*,*,#1745,.F.);
#1745 = EDGE_CURVE('',#1660,#1718,#1746,.T.);
#1746 = SURFACE_CURVE('',#1747,(#1751,#1758),.PCURVE_S1.);
#1747 = LINE('',#1748,#1749);
#1748 = CARTESIAN_POINT('',(15.6,-9.68658344703,0.));
#1749 = VECTOR('',#1750,1.);
#1750 = DIRECTION('',(0.,-1.,1.110223024625E-16));
#1751 = PCURVE('',#423,#1752);
#1752 = DEFINITIONAL_REPRESENTATION('',(#1753),#1757);
#1753 = LINE('',#1754,#1755);
#1754 = CARTESIAN_POINT('',(-4.21341655297,15.6));
#1755 = VECTOR('',#1756,1.);
#1756 = DIRECTION('',(-1.,0.));
#1757 = ( GEOMETRIC_REPRESENTATION_CONTEXT(2) 
PARAMETRIC_REPRESENTATION_CONTEXT() REPRESENTATION_CONTEXT('2D SPACE',''
  ) );
#1758 = PCURVE('',#1759,#1764);
#1759 = PLANE('',#1760);
#1760 = AXIS2_PLACEMENT_3D('',#1761,#1762,#1763);
#1761 = CARTESIAN_POINT('',(15.6,-13.9,-9.999999999991E-03));
#1762 = DIRECTION('',(1.,0.,0.));
#1763 = DIRECTION('',(0.,-1.,1.110223024625E-16));
#1764 = DEFINITIONAL_REPRESENTATION('',(#1765),#1769);
#1765 = LINE('',#1766,#1767);
#1766 = CARTESIAN_POINT('',(-4.21341655297,-9.999999999991E-03));
#1767 = VECTOR('',#1768,1.);
#1768 = DIRECTION('',(1.,0.));
#1769 = ( GEOMETRIC_REPRESENTATION_CONTEXT(2) 
PARAMETRIC_REPRESENTATION_CONTEXT() REPRESENTATION_CONTEXT('2D SPACE',''
  ) );
#1770 = ADVANCED_FACE('',(#1771),#451,.T.);
#1771 = FACE_BOUND('',#1772,.T.);
#1772 = EDGE_LOOP('',(#1773,#1796,#1817,#1818));
#1773 = ORIENTED_EDGE('',*,*,#1774,.F.);
#1774 = EDGE_CURVE('',#1775,#1515,#1777,.T.);
#1775 = VERTEX_POINT('',#1776);
#1776 = CARTESIAN_POINT('',(17.7,-10.9,5.035190118832));
#1777 = SURFACE_CURVE('',#1778,(#1782,#1789),.PCURVE_S1.);
#1778 = LINE('',#1779,#1780);
#1779 = CARTESIAN_POINT('',(17.7,-10.9,5.035190118832));
#1780 = VECTOR('',#1781,1.);
#1781 = DIRECTION('',(0.,-1.110223024625E-16,-1.));
#1782 = PCURVE('',#451,#1783);
#1783 = DEFINITIONAL_REPRESENTATION('',(#1784),#1788);
#1784 = LINE('',#1785,#1786);
#1785 = CARTESIAN_POINT('',(0.,0.));
#1786 = VECTOR('',#1787,1.);
#1787 = DIRECTION('',(1.,0.));
#1788 = ( GEOMETRIC_REPRESENTATION_CONTEXT(2) 
PARAMETRIC_REPRESENTATION_CONTEXT() REPRESENTATION_CONTEXT('2D SPACE',''
  ) );
#1789 = PCURVE('',#1530,#1790);
#1790 = DEFINITIONAL_REPRESENTATION('',(#1791),#1795);
#1791 = LINE('',#1792,#1793);
#1792 = CARTESIAN_POINT('',(-7.3,0.74422730626));
#1793 = VECTOR('',#1794,1.);
#1794 = DIRECTION('',(0.,-1.));
#1795 = ( GEOMETRIC_REPRESENTATION_CONTEXT(2) 
PARAMETRIC_REPRESENTATION_CONTEXT() REPRESENTATION_CONTEXT('2D SPACE',''
  ) );
#1796 = ORIENTED_EDGE('',*,*,#1797,.T.);
#1797 = EDGE_CURVE('',#1775,#436,#1798,.T.);
#1798 = SURFACE_CURVE('',#1799,(#1803,#1810),.PCURVE_S1.);
#1799 = LINE('',#1800,#1801);
#1800 = CARTESIAN_POINT('',(17.7,-10.9,5.035190118832));
#1801 = VECTOR('',#1802,1.);
#1802 = DIRECTION('',(0.,-1.,1.110223024625E-16));
#1803 = PCURVE('',#451,#1804);
#1804 = DEFINITIONAL_REPRESENTATION('',(#1805),#1809);
#1805 = LINE('',#1806,#1807);
#1806 = CARTESIAN_POINT('',(0.,0.));
#1807 = VECTOR('',#1808,1.);
#1808 = DIRECTION('',(0.,-1.));
#1809 = ( GEOMETRIC_REPRESENTATION_CONTEXT(2) 
PARAMETRIC_REPRESENTATION_CONTEXT() REPRESENTATION_CONTEXT('2D SPACE',''
  ) );
#1810 = PCURVE('',#479,#1811);
#1811 = DEFINITIONAL_REPRESENTATION('',(#1812),#1816);
#1812 = LINE('',#1813,#1814);
#1813 = CARTESIAN_POINT('',(10.909678814012,2.));
#1814 = VECTOR('',#1815,1.);
#1815 = DIRECTION('',(0.,-1.));
#1816 = ( GEOMETRIC_REPRESENTATION_CONTEXT(2) 
PARAMETRIC_REPRESENTATION_CONTEXT() REPRESENTATION_CONTEXT('2D SPACE',''
  ) );
#1817 = ORIENTED_EDGE('',*,*,#435,.F.);
#1818 = ORIENTED_EDGE('',*,*,#1542,.F.);
#1819 = ADVANCED_FACE('',(#1820),#479,.T.);
#1820 = FACE_BOUND('',#1821,.T.);
#1821 = EDGE_LOOP('',(#1822,#1847,#1868,#1869,#1870,#1893));
#1822 = ORIENTED_EDGE('',*,*,#1823,.F.);
#1823 = EDGE_CURVE('',#1824,#1826,#1828,.T.);
#1824 = VERTEX_POINT('',#1825);
#1825 = CARTESIAN_POINT('',(25.,-12.9,13.142661477085));
#1826 = VERTEX_POINT('',#1827);
#1827 = CARTESIAN_POINT('',(18.7,-12.9,6.145802633661));
#1828 = SURFACE_CURVE('',#1829,(#1833,#1840),.PCURVE_S1.);
#1829 = LINE('',#1830,#1831);
#1830 = CARTESIAN_POINT('',(25.,-12.9,13.142661477085));
#1831 = VECTOR('',#1832,1.);
#1832 = DIRECTION('',(-0.669130606359,-8.25056495876E-17,-0.743144825477
    ));
#1833 = PCURVE('',#479,#1834);
#1834 = DEFINITIONAL_REPRESENTATION('',(#1835),#1839);
#1835 = LINE('',#1836,#1837);
#1836 = CARTESIAN_POINT('',(-0.,0.));
#1837 = VECTOR('',#1838,1.);
#1838 = DIRECTION('',(1.,0.));
#1839 = ( GEOMETRIC_REPRESENTATION_CONTEXT(2) 
PARAMETRIC_REPRESENTATION_CONTEXT() REPRESENTATION_CONTEXT('2D SPACE',''
  ) );
#1840 = PCURVE('',#1371,#1841);
#1841 = DEFINITIONAL_REPRESENTATION('',(#1842),#1846);
#1842 = LINE('',#1843,#1844);
#1843 = CARTESIAN_POINT('',(0.,-0.));
#1844 = VECTOR('',#1845,1.);
#1845 = DIRECTION('',(0.,-1.));
#1846 = ( GEOMETRIC_REPRESENTATION_CONTEXT(2) 
PARAMETRIC_REPRESENTATION_CONTEXT() REPRESENTATION_CONTEXT('2D SPACE',''
  ) );
#1847 = ORIENTED_EDGE('',*,*,#1848,.T.);
#1848 = EDGE_CURVE('',#1824,#464,#1849,.T.);
#1849 = SURFACE_CURVE('',#1850,(#1854,#1861),.PCURVE_S1.);
#1850 = LINE('',#1851,#1852);
#1851 = CARTESIAN_POINT('',(25.,-12.9,13.142661477085));
#1852 = VECTOR('',#1853,1.);
#1853 = DIRECTION('',(0.,-1.,1.110223024625E-16));
#1854 = PCURVE('',#479,#1855);
#1855 = DEFINITIONAL_REPRESENTATION('',(#1856),#1860);
#1856 = LINE('',#1857,#1858);
#1857 = CARTESIAN_POINT('',(-0.,0.));
#1858 = VECTOR('',#1859,1.);
#1859 = DIRECTION('',(0.,-1.));
#1860 = ( GEOMETRIC_REPRESENTATION_CONTEXT(2) 
PARAMETRIC_REPRESENTATION_CONTEXT() REPRESENTATION_CONTEXT('2D SPACE',''
  ) );
#1861 = PCURVE('',#507,#1862);
#1862 = DEFINITIONAL_REPRESENTATION('',(#1863),#1867);
#1863 = LINE('',#1864,#1865);
#1864 = CARTESIAN_POINT('',(9.415202264147,-7.768073788021E-16));
#1865 = VECTOR('',#1866,1.);
#1866 = DIRECTION('',(0.,-1.));
#1867 = ( GEOMETRIC_REPRESENTATION_CONTEXT(2) 
PARAMETRIC_REPRESENTATION_CONTEXT() REPRESENTATION_CONTEXT('2D SPACE',''
  ) );
#1868 = ORIENTED_EDGE('',*,*,#463,.F.);
#1869 = ORIENTED_EDGE('',*,*,#1797,.F.);
#1870 = ORIENTED_EDGE('',*,*,#1871,.F.);
#1871 = EDGE_CURVE('',#1872,#1775,#1874,.T.);
#1872 = VERTEX_POINT('',#1873);
#1873 = CARTESIAN_POINT('',(18.592740518815,-10.9,6.026678911523));
#1874 = SURFACE_CURVE('',#1875,(#1879,#1886),.PCURVE_S1.);
#1875 = LINE('',#1876,#1877);
#1876 = CARTESIAN_POINT('',(25.,-10.9,13.142661477085));
#1877 = VECTOR('',#1878,1.);
#1878 = DIRECTION('',(-0.669130606359,-8.25056495876E-17,-0.743144825477
    ));
#1879 = PCURVE('',#479,#1880);
#1880 = DEFINITIONAL_REPRESENTATION('',(#1881),#1885);
#1881 = LINE('',#1882,#1883);
#1882 = CARTESIAN_POINT('',(-1.650112991752E-16,2.));
#1883 = VECTOR('',#1884,1.);
#1884 = DIRECTION('',(1.,0.));
#1885 = ( GEOMETRIC_REPRESENTATION_CONTEXT(2) 
PARAMETRIC_REPRESENTATION_CONTEXT() REPRESENTATION_CONTEXT('2D SPACE',''
  ) );
#1886 = PCURVE('',#1530,#1887);
#1887 = DEFINITIONAL_REPRESENTATION('',(#1888),#1892);
#1888 = LINE('',#1889,#1890);
#1889 = CARTESIAN_POINT('',(4.263256414561E-14,8.851698664513));
#1890 = VECTOR('',#1891,1.);
#1891 = DIRECTION('',(-0.669130606359,-0.743144825477));
#1892 = ( GEOMETRIC_REPRESENTATION_CONTEXT(2) 
PARAMETRIC_REPRESENTATION_CONTEXT() REPRESENTATION_CONTEXT('2D SPACE',''
  ) );
#1893 = ORIENTED_EDGE('',*,*,#1894,.T.);
#1894 = EDGE_CURVE('',#1872,#1826,#1895,.T.);
#1895 = SURFACE_CURVE('',#1896,(#1901,#1908),.PCURVE_S1.);
#1896 = ELLIPSE('',#1897,27.946711482468,18.7);
#1897 = AXIS2_PLACEMENT_3D('',#1898,#1899,#1900);
#1898 = CARTESIAN_POINT('',(0.,-12.9,-14.62265139364));
#1899 = DIRECTION('',(0.743144825477,-7.42884205661E-17,-0.669130606359)
  );
#1900 = DIRECTION('',(-0.669130606359,-8.25056495876E-17,-0.743144825477
    ));
#1901 = PCURVE('',#479,#1902);
#1902 = DEFINITIONAL_REPRESENTATION('',(#1903),#1907);
#1903 = ELLIPSE('',#1904,27.946711482468,18.7);
#1904 = AXIS2_PLACEMENT_2D('',#1905,#1906);
#1905 = CARTESIAN_POINT('',(37.361913746615,3.082568963501E-15));
#1906 = DIRECTION('',(1.,0.));
#1907 = ( GEOMETRIC_REPRESENTATION_CONTEXT(2) 
PARAMETRIC_REPRESENTATION_CONTEXT() REPRESENTATION_CONTEXT('2D SPACE',''
  ) );
#1908 = PCURVE('',#1398,#1909);
#1909 = DEFINITIONAL_REPRESENTATION('',(#1910),#1917);
#1910 = B_SPLINE_CURVE_WITH_KNOTS('',5,(#1911,#1912,#1913,#1914,#1915,
    #1916),.UNSPECIFIED.,.F.,.F.,(6,6),(2.975048413744,3.14159265359),
  .PIECEWISE_BEZIER_KNOTS.);
#1911 = CARTESIAN_POINT('',(-0.166544239846,0.28736200161));
#1912 = CARTESIAN_POINT('',(-0.133235391876,0.172683009042));
#1913 = CARTESIAN_POINT('',(-9.992654390736E-02,8.640818897397E-02));
#1914 = CARTESIAN_POINT('',(-6.661769593825E-02,2.88027002391E-02));
#1915 = CARTESIAN_POINT('',(-3.330884796912E-02,8.471779303313E-17));
#1916 = CARTESIAN_POINT('',(0.,0.));
#1917 = ( GEOMETRIC_REPRESENTATION_CONTEXT(2) 
PARAMETRIC_REPRESENTATION_CONTEXT() REPRESENTATION_CONTEXT('2D SPACE',''
  ) );
#1918 = ADVANCED_FACE('',(#1919),#507,.T.);
#1919 = FACE_BOUND('',#1920,.T.);
#1920 = EDGE_LOOP('',(#1921,#1922,#1950,#1973,#1994));
#1921 = ORIENTED_EDGE('',*,*,#1848,.F.);
#1922 = ORIENTED_EDGE('',*,*,#1923,.F.);
#1923 = EDGE_CURVE('',#1924,#1824,#1926,.T.);
#1924 = VERTEX_POINT('',#1925);
#1925 = CARTESIAN_POINT('',(25.,-10.9,13.142661477085));
#1926 = SURFACE_CURVE('',#1927,(#1931,#1938),.PCURVE_S1.);
#1927 = LINE('',#1928,#1929);
#1928 = CARTESIAN_POINT('',(25.,-10.9,13.142661477085));
#1929 = VECTOR('',#1930,1.);
#1930 = DIRECTION('',(0.,-1.,1.110223024625E-16));
#1931 = PCURVE('',#507,#1932);
#1932 = DEFINITIONAL_REPRESENTATION('',(#1933),#1937);
#1933 = LINE('',#1934,#1935);
#1934 = CARTESIAN_POINT('',(9.415202264147,2.));
#1935 = VECTOR('',#1936,1.);
#1936 = DIRECTION('',(0.,-1.));
#1937 = ( GEOMETRIC_REPRESENTATION_CONTEXT(2) 
PARAMETRIC_REPRESENTATION_CONTEXT() REPRESENTATION_CONTEXT('2D SPACE',''
  ) );
#1938 = PCURVE('',#1939,#1944);
#1939 = PLANE('',#1940);
#1940 = AXIS2_PLACEMENT_3D('',#1941,#1942,#1943);
#1941 = CARTESIAN_POINT('',(25.,-10.9,13.142661477085));
#1942 = DIRECTION('',(0.743144825477,-7.42884205661E-17,-0.669130606359)
  );
#1943 = DIRECTION('',(-0.669130606359,-8.25056495876E-17,-0.743144825477
    ));
#1944 = DEFINITIONAL_REPRESENTATION('',(#1945),#1949);
#1945 = LINE('',#1946,#1947);
#1946 = CARTESIAN_POINT('',(-0.,0.));
#1947 = VECTOR('',#1948,1.);
#1948 = DIRECTION('',(0.,-1.));
#1949 = ( GEOMETRIC_REPRESENTATION_CONTEXT(2) 
PARAMETRIC_REPRESENTATION_CONTEXT() REPRESENTATION_CONTEXT('2D SPACE',''
  ) );
#1950 = ORIENTED_EDGE('',*,*,#1951,.F.);
#1951 = EDGE_CURVE('',#1952,#1924,#1954,.T.);
#1952 = VERTEX_POINT('',#1953);
#1953 = CARTESIAN_POINT('',(32.3,-10.9,5.035190118832));
#1954 = SURFACE_CURVE('',#1955,(#1959,#1966),.PCURVE_S1.);
#1955 = LINE('',#1956,#1957);
#1956 = CARTESIAN_POINT('',(32.3,-10.9,5.035190118832));
#1957 = VECTOR('',#1958,1.);
#1958 = DIRECTION('',(-0.669130606359,8.25056495876E-17,0.743144825477)
  );
#1959 = PCURVE('',#507,#1960);
#1960 = DEFINITIONAL_REPRESENTATION('',(#1961),#1965);
#1961 = LINE('',#1962,#1963);
#1962 = CARTESIAN_POINT('',(-1.494476549865,2.));
#1963 = VECTOR('',#1964,1.);
#1964 = DIRECTION('',(1.,0.));
#1965 = ( GEOMETRIC_REPRESENTATION_CONTEXT(2) 
PARAMETRIC_REPRESENTATION_CONTEXT() REPRESENTATION_CONTEXT('2D SPACE',''
  ) );
#1966 = PCURVE('',#741,#1967);
#1967 = DEFINITIONAL_REPRESENTATION('',(#1968),#1972);
#1968 = LINE('',#1969,#1970);
#1969 = CARTESIAN_POINT('',(7.3,0.74422730626));
#1970 = VECTOR('',#1971,1.);
#1971 = DIRECTION('',(-0.669130606359,0.743144825477));
#1972 = ( GEOMETRIC_REPRESENTATION_CONTEXT(2) 
PARAMETRIC_REPRESENTATION_CONTEXT() REPRESENTATION_CONTEXT('2D SPACE',''
  ) );
#1973 = ORIENTED_EDGE('',*,*,#1974,.T.);
#1974 = EDGE_CURVE('',#1952,#492,#1975,.T.);
#1975 = SURFACE_CURVE('',#1976,(#1980,#1987),.PCURVE_S1.);
#1976 = LINE('',#1977,#1978);
#1977 = CARTESIAN_POINT('',(32.3,-10.9,5.035190118832));
#1978 = VECTOR('',#1979,1.);
#1979 = DIRECTION('',(0.,-1.,1.110223024625E-16));
#1980 = PCURVE('',#507,#1981);
#1981 = DEFINITIONAL_REPRESENTATION('',(#1982),#1986);
#1982 = LINE('',#1983,#1984);
#1983 = CARTESIAN_POINT('',(-1.494476549865,2.));
#1984 = VECTOR('',#1985,1.);
#1985 = DIRECTION('',(0.,-1.));
#1986 = ( GEOMETRIC_REPRESENTATION_CONTEXT(2) 
PARAMETRIC_REPRESENTATION_CONTEXT() REPRESENTATION_CONTEXT('2D SPACE',''
  ) );
#1987 = PCURVE('',#533,#1988);
#1988 = DEFINITIONAL_REPRESENTATION('',(#1989),#1993);
#1989 = LINE('',#1990,#1991);
#1990 = CARTESIAN_POINT('',(6.035190118832,-6.700407027917E-16));
#1991 = VECTOR('',#1992,1.);
#1992 = DIRECTION('',(0.,-1.));
#1993 = ( GEOMETRIC_REPRESENTATION_CONTEXT(2) 
PARAMETRIC_REPRESENTATION_CONTEXT() REPRESENTATION_CONTEXT('2D SPACE',''
  ) );
#1994 = ORIENTED_EDGE('',*,*,#491,.F.);
#1995 = ADVANCED_FACE('',(#1996),#533,.T.);
#1996 = FACE_BOUND('',#1997,.T.);
#1997 = EDGE_LOOP('',(#1998,#2019,#2020,#2021));
#1998 = ORIENTED_EDGE('',*,*,#1999,.F.);
#1999 = EDGE_CURVE('',#703,#1952,#2000,.T.);
#2000 = SURFACE_CURVE('',#2001,(#2005,#2012),.PCURVE_S1.);
#2001 = LINE('',#2002,#2003);
#2002 = CARTESIAN_POINT('',(32.3,-10.9,-1.));
#2003 = VECTOR('',#2004,1.);
#2004 = DIRECTION('',(0.,1.110223024625E-16,1.));
#2005 = PCURVE('',#533,#2006);
#2006 = DEFINITIONAL_REPRESENTATION('',(#2007),#2011);
#2007 = LINE('',#2008,#2009);
#2008 = CARTESIAN_POINT('',(0.,0.));
#2009 = VECTOR('',#2010,1.);
#2010 = DIRECTION('',(1.,0.));
#2011 = ( GEOMETRIC_REPRESENTATION_CONTEXT(2) 
PARAMETRIC_REPRESENTATION_CONTEXT() REPRESENTATION_CONTEXT('2D SPACE',''
  ) );
#2012 = PCURVE('',#741,#2013);
#2013 = DEFINITIONAL_REPRESENTATION('',(#2014),#2018);
#2014 = LINE('',#2015,#2016);
#2015 = CARTESIAN_POINT('',(7.3,-5.290962812571));
#2016 = VECTOR('',#2017,1.);
#2017 = DIRECTION('',(0.,1.));
#2018 = ( GEOMETRIC_REPRESENTATION_CONTEXT(2) 
PARAMETRIC_REPRESENTATION_CONTEXT() REPRESENTATION_CONTEXT('2D SPACE',''
  ) );
#2019 = ORIENTED_EDGE('',*,*,#702,.F.);
#2020 = ORIENTED_EDGE('',*,*,#519,.F.);
#2021 = ORIENTED_EDGE('',*,*,#1974,.F.);
#2022 = ADVANCED_FACE('',(#2023),#589,.F.);
#2023 = FACE_BOUND('',#2024,.F.);
#2024 = EDGE_LOOP('',(#2025,#2026,#2027,#2028));
#2025 = ORIENTED_EDGE('',*,*,#1029,.F.);
#2026 = ORIENTED_EDGE('',*,*,#1150,.F.);
#2027 = ORIENTED_EDGE('',*,*,#841,.T.);
#2028 = ORIENTED_EDGE('',*,*,#573,.F.);
#2029 = ADVANCED_FACE('',(#2030),#802,.T.);
#2030 = FACE_BOUND('',#2031,.T.);
#2031 = EDGE_LOOP('',(#2032,#2033,#2034,#2035,#2058,#2090));
#2032 = ORIENTED_EDGE('',*,*,#1278,.T.);
#2033 = ORIENTED_EDGE('',*,*,#1176,.T.);
#2034 = ORIENTED_EDGE('',*,*,#786,.F.);
#2035 = ORIENTED_EDGE('',*,*,#2036,.T.);
#2036 = EDGE_CURVE('',#754,#2037,#2039,.T.);
#2037 = VERTEX_POINT('',#2038);
#2038 = CARTESIAN_POINT('',(-31.2360368805,-10.9,6.145802633661));
#2039 = SURFACE_CURVE('',#2040,(#2044,#2051),.PCURVE_S1.);
#2040 = LINE('',#2041,#2042);
#2041 = CARTESIAN_POINT('',(-31.2360368805,-10.9,-1.));
#2042 = VECTOR('',#2043,1.);
#2043 = DIRECTION('',(0.,1.110223024625E-16,1.));
#2044 = PCURVE('',#802,#2045);
#2045 = DEFINITIONAL_REPRESENTATION('',(#2046),#2050);
#2046 = LINE('',#2047,#2048);
#2047 = CARTESIAN_POINT('',(-6.236036880501,-5.290962812571));
#2048 = VECTOR('',#2049,1.);
#2049 = DIRECTION('',(0.,1.));
#2050 = ( GEOMETRIC_REPRESENTATION_CONTEXT(2) 
PARAMETRIC_REPRESENTATION_CONTEXT() REPRESENTATION_CONTEXT('2D SPACE',''
  ) );
#2051 = PCURVE('',#774,#2052);
#2052 = DEFINITIONAL_REPRESENTATION('',(#2053),#2057);
#2053 = LINE('',#2054,#2055);
#2054 = CARTESIAN_POINT('',(3.077651328307,0.));
#2055 = VECTOR('',#2056,1.);
#2056 = DIRECTION('',(0.,1.));
#2057 = ( GEOMETRIC_REPRESENTATION_CONTEXT(2) 
PARAMETRIC_REPRESENTATION_CONTEXT() REPRESENTATION_CONTEXT('2D SPACE',''
  ) );
#2058 = ORIENTED_EDGE('',*,*,#2059,.T.);
#2059 = EDGE_CURVE('',#2037,#2060,#2062,.T.);
#2060 = VERTEX_POINT('',#2061);
#2061 = CARTESIAN_POINT('',(-24.96,-10.9,13.098236976492));
#2062 = SURFACE_CURVE('',#2063,(#2068,#2075),.PCURVE_S1.);
#2063 = HYPERBOLA('',#2064,2.221225029658,2.);
#2064 = AXIS2_PLACEMENT_3D('',#2065,#2066,#2067);
#2065 = CARTESIAN_POINT('',(0.,-10.9,40.907974347815));
#2066 = DIRECTION('',(0.,-1.,1.110223024625E-16));
#2067 = DIRECTION('',(0.,-1.110223024625E-16,-1.));
#2068 = PCURVE('',#802,#2069);
#2069 = DEFINITIONAL_REPRESENTATION('',(#2070),#2074);
#2070 = HYPERBOLA('',#2071,2.221225029658,2.);
#2071 = AXIS2_PLACEMENT_2D('',#2072,#2073);
#2072 = CARTESIAN_POINT('',(25.,36.617011535243));
#2073 = DIRECTION('',(0.,-1.));
#2074 = ( GEOMETRIC_REPRESENTATION_CONTEXT(2) 
PARAMETRIC_REPRESENTATION_CONTEXT() REPRESENTATION_CONTEXT('2D SPACE',''
  ) );
#2075 = PCURVE('',#2076,#2081);
#2076 = CONICAL_SURFACE('',#2077,31.3,0.733038285838);
#2077 = AXIS2_PLACEMENT_3D('',#2078,#2079,#2080);
#2078 = CARTESIAN_POINT('',(0.,-12.9,6.145802633661));
#2079 = DIRECTION('',(-0.,-1.110223024625E-16,-1.));
#2080 = DIRECTION('',(1.,0.,0.));
#2081 = DEFINITIONAL_REPRESENTATION('',(#2082),#2089);
#2082 = B_SPLINE_CURVE_WITH_KNOTS('',5,(#2083,#2084,#2085,#2086,#2087,
    #2088),.UNSPECIFIED.,.F.,.F.,(6,6),(-3.442595800106,-3.217271971157)
  ,.PIECEWISE_BEZIER_KNOTS.);
#2083 = CARTESIAN_POINT('',(-3.077651328307,1.766625770771E-15));
#2084 = CARTESIAN_POINT('',(-3.074771790556,-1.56334780495));
#2085 = CARTESIAN_POINT('',(-3.071730377364,-3.0384505233));
#2086 = CARTESIAN_POINT('',(-3.068515003878,-4.431921698999));
#2087 = CARTESIAN_POINT('',(-3.065112254819,-5.749631908171));
#2088 = CARTESIAN_POINT('',(-3.061507073556,-6.996858843424));
#2089 = ( GEOMETRIC_REPRESENTATION_CONTEXT(2) 
PARAMETRIC_REPRESENTATION_CONTEXT() REPRESENTATION_CONTEXT('2D SPACE',''
  ) );
#2090 = ORIENTED_EDGE('',*,*,#2091,.T.);
#2091 = EDGE_CURVE('',#2060,#1226,#2092,.T.);
#2092 = SURFACE_CURVE('',#2093,(#2097,#2104),.PCURVE_S1.);
#2093 = LINE('',#2094,#2095);
#2094 = CARTESIAN_POINT('',(-17.7,-10.9,5.035190118832));
#2095 = VECTOR('',#2096,1.);
#2096 = DIRECTION('',(-0.669130606359,8.25056495876E-17,0.743144825477)
  );
#2097 = PCURVE('',#802,#2098);
#2098 = DEFINITIONAL_REPRESENTATION('',(#2099),#2103);
#2099 = LINE('',#2100,#2101);
#2100 = CARTESIAN_POINT('',(7.3,0.74422730626));
#2101 = VECTOR('',#2102,1.);
#2102 = DIRECTION('',(-0.669130606359,0.743144825477));
#2103 = ( GEOMETRIC_REPRESENTATION_CONTEXT(2) 
PARAMETRIC_REPRESENTATION_CONTEXT() REPRESENTATION_CONTEXT('2D SPACE',''
  ) );
#2104 = PCURVE('',#1243,#2105);
#2105 = DEFINITIONAL_REPRESENTATION('',(#2106),#2110);
#2106 = LINE('',#2107,#2108);
#2107 = CARTESIAN_POINT('',(0.,0.));
#2108 = VECTOR('',#2109,1.);
#2109 = DIRECTION('',(1.,0.));
#2110 = ( GEOMETRIC_REPRESENTATION_CONTEXT(2) 
PARAMETRIC_REPRESENTATION_CONTEXT() REPRESENTATION_CONTEXT('2D SPACE',''
  ) );
#2111 = ADVANCED_FACE('',(#2112),#774,.F.);
#2112 = FACE_BOUND('',#2113,.F.);
#2113 = EDGE_LOOP('',(#2114,#2137,#2138,#2139));
#2114 = ORIENTED_EDGE('',*,*,#2115,.F.);
#2115 = EDGE_CURVE('',#726,#2116,#2118,.T.);
#2116 = VERTEX_POINT('',#2117);
#2117 = CARTESIAN_POINT('',(31.236036880501,-10.9,6.145802633661));
#2118 = SURFACE_CURVE('',#2119,(#2123,#2130),.PCURVE_S1.);
#2119 = LINE('',#2120,#2121);
#2120 = CARTESIAN_POINT('',(31.236036880501,-10.9,-1.));
#2121 = VECTOR('',#2122,1.);
#2122 = DIRECTION('',(0.,1.110223024625E-16,1.));
#2123 = PCURVE('',#774,#2124);
#2124 = DEFINITIONAL_REPRESENTATION('',(#2125),#2129);
#2125 = LINE('',#2126,#2127);
#2126 = CARTESIAN_POINT('',(6.394132528321E-02,0.));
#2127 = VECTOR('',#2128,1.);
#2128 = DIRECTION('',(0.,1.));
#2129 = ( GEOMETRIC_REPRESENTATION_CONTEXT(2) 
PARAMETRIC_REPRESENTATION_CONTEXT() REPRESENTATION_CONTEXT('2D SPACE',''
  ) );
#2130 = PCURVE('',#741,#2131);
#2131 = DEFINITIONAL_REPRESENTATION('',(#2132),#2136);
#2132 = LINE('',#2133,#2134);
#2133 = CARTESIAN_POINT('',(6.236036880501,-5.290962812571));
#2134 = VECTOR('',#2135,1.);
#2135 = DIRECTION('',(0.,1.));
#2136 = ( GEOMETRIC_REPRESENTATION_CONTEXT(2) 
PARAMETRIC_REPRESENTATION_CONTEXT() REPRESENTATION_CONTEXT('2D SPACE',''
  ) );
#2137 = ORIENTED_EDGE('',*,*,#753,.T.);
#2138 = ORIENTED_EDGE('',*,*,#2036,.T.);
#2139 = ORIENTED_EDGE('',*,*,#2140,.F.);
#2140 = EDGE_CURVE('',#2116,#2037,#2141,.T.);
#2141 = SURFACE_CURVE('',#2142,(#2147,#2154),.PCURVE_S1.);
#2142 = CIRCLE('',#2143,31.3);
#2143 = AXIS2_PLACEMENT_3D('',#2144,#2145,#2146);
#2144 = CARTESIAN_POINT('',(0.,-12.9,6.145802633661));
#2145 = DIRECTION('',(-0.,1.110223024625E-16,1.));
#2146 = DIRECTION('',(1.,0.,0.));
#2147 = PCURVE('',#774,#2148);
#2148 = DEFINITIONAL_REPRESENTATION('',(#2149),#2153);
#2149 = LINE('',#2150,#2151);
#2150 = CARTESIAN_POINT('',(0.,7.145802633661));
#2151 = VECTOR('',#2152,1.);
#2152 = DIRECTION('',(1.,0.));
#2153 = ( GEOMETRIC_REPRESENTATION_CONTEXT(2) 
PARAMETRIC_REPRESENTATION_CONTEXT() REPRESENTATION_CONTEXT('2D SPACE',''
  ) );
#2154 = PCURVE('',#2076,#2155);
#2155 = DEFINITIONAL_REPRESENTATION('',(#2156),#2160);
#2156 = LINE('',#2157,#2158);
#2157 = CARTESIAN_POINT('',(-0.,-0.));
#2158 = VECTOR('',#2159,1.);
#2159 = DIRECTION('',(-1.,-0.));
#2160 = ( GEOMETRIC_REPRESENTATION_CONTEXT(2) 
PARAMETRIC_REPRESENTATION_CONTEXT() REPRESENTATION_CONTEXT('2D SPACE',''
  ) );
#2161 = ADVANCED_FACE('',(#2162),#741,.T.);
#2162 = FACE_BOUND('',#2163,.T.);
#2163 = EDGE_LOOP('',(#2164,#2165,#2166,#2167,#2168,#2191));
#2164 = ORIENTED_EDGE('',*,*,#2115,.F.);
#2165 = ORIENTED_EDGE('',*,*,#725,.F.);
#2166 = ORIENTED_EDGE('',*,*,#1999,.T.);
#2167 = ORIENTED_EDGE('',*,*,#1951,.T.);
#2168 = ORIENTED_EDGE('',*,*,#2169,.T.);
#2169 = EDGE_CURVE('',#1924,#2170,#2172,.T.);
#2170 = VERTEX_POINT('',#2171);
#2171 = CARTESIAN_POINT('',(24.96,-10.9,13.098236976492));
#2172 = SURFACE_CURVE('',#2173,(#2177,#2184),.PCURVE_S1.);
#2173 = LINE('',#2174,#2175);
#2174 = CARTESIAN_POINT('',(25.,-10.9,13.142661477085));
#2175 = VECTOR('',#2176,1.);
#2176 = DIRECTION('',(-0.669130606359,-8.25056495876E-17,-0.743144825477
    ));
#2177 = PCURVE('',#741,#2178);
#2178 = DEFINITIONAL_REPRESENTATION('',(#2179),#2183);
#2179 = LINE('',#2180,#2181);
#2180 = CARTESIAN_POINT('',(4.263256414561E-14,8.851698664513));
#2181 = VECTOR('',#2182,1.);
#2182 = DIRECTION('',(-0.669130606359,-0.743144825477));
#2183 = ( GEOMETRIC_REPRESENTATION_CONTEXT(2) 
PARAMETRIC_REPRESENTATION_CONTEXT() REPRESENTATION_CONTEXT('2D SPACE',''
  ) );
#2184 = PCURVE('',#1939,#2185);
#2185 = DEFINITIONAL_REPRESENTATION('',(#2186),#2190);
#2186 = LINE('',#2187,#2188);
#2187 = CARTESIAN_POINT('',(-0.,0.));
#2188 = VECTOR('',#2189,1.);
#2189 = DIRECTION('',(1.,0.));
#2190 = ( GEOMETRIC_REPRESENTATION_CONTEXT(2) 
PARAMETRIC_REPRESENTATION_CONTEXT() REPRESENTATION_CONTEXT('2D SPACE',''
  ) );
#2191 = ORIENTED_EDGE('',*,*,#2192,.T.);
#2192 = EDGE_CURVE('',#2170,#2116,#2193,.T.);
#2193 = SURFACE_CURVE('',#2194,(#2199,#2206),.PCURVE_S1.);
#2194 = HYPERBOLA('',#2195,2.221225029658,2.);
#2195 = AXIS2_PLACEMENT_3D('',#2196,#2197,#2198);
#2196 = CARTESIAN_POINT('',(0.,-10.9,40.907974347815));
#2197 = DIRECTION('',(0.,-1.,1.110223024625E-16));
#2198 = DIRECTION('',(0.,-1.110223024625E-16,-1.));
#2199 = PCURVE('',#741,#2200);
#2200 = DEFINITIONAL_REPRESENTATION('',(#2201),#2205);
#2201 = HYPERBOLA('',#2202,2.221225029658,2.);
#2202 = AXIS2_PLACEMENT_2D('',#2203,#2204);
#2203 = CARTESIAN_POINT('',(-25.,36.617011535243));
#2204 = DIRECTION('',(0.,-1.));
#2205 = ( GEOMETRIC_REPRESENTATION_CONTEXT(2) 
PARAMETRIC_REPRESENTATION_CONTEXT() REPRESENTATION_CONTEXT('2D SPACE',''
  ) );
#2206 = PCURVE('',#2076,#2207);
#2207 = DEFINITIONAL_REPRESENTATION('',(#2208),#2215);
#2208 = B_SPLINE_CURVE_WITH_KNOTS('',5,(#2209,#2210,#2211,#2212,#2213,
    #2214),.UNSPECIFIED.,.F.,.F.,(6,6),(3.217271971157,3.442595800106),
  .PIECEWISE_BEZIER_KNOTS.);
#2209 = CARTESIAN_POINT('',(-8.008558003366E-02,-6.996858843424));
#2210 = CARTESIAN_POINT('',(-7.648039877048E-02,-5.749631908171));
#2211 = CARTESIAN_POINT('',(-7.307764971154E-02,-4.431921698999));
#2212 = CARTESIAN_POINT('',(-6.986227622603E-02,-3.0384505233));
#2213 = CARTESIAN_POINT('',(-6.682086303336E-02,-1.56334780495));
#2214 = CARTESIAN_POINT('',(-6.394132528321E-02,1.766625770771E-15));
#2215 = ( GEOMETRIC_REPRESENTATION_CONTEXT(2) 
PARAMETRIC_REPRESENTATION_CONTEXT() REPRESENTATION_CONTEXT('2D SPACE',''
  ) );
#2216 = ADVANCED_FACE('',(#2217),#905,.T.);
#2217 = FACE_BOUND('',#2218,.T.);
#2218 = EDGE_LOOP('',(#2219,#2240,#2241,#2262));
#2219 = ORIENTED_EDGE('',*,*,#2220,.F.);
#2220 = EDGE_CURVE('',#1568,#890,#2221,.T.);
#2221 = SURFACE_CURVE('',#2222,(#2226,#2233),.PCURVE_S1.);
#2222 = LINE('',#2223,#2224);
#2223 = CARTESIAN_POINT('',(-15.6,-13.9,-9.999999999991E-03));
#2224 = VECTOR('',#2225,1.);
#2225 = DIRECTION('',(0.,1.110223024625E-16,1.));
#2226 = PCURVE('',#905,#2227);
#2227 = DEFINITIONAL_REPRESENTATION('',(#2228),#2232);
#2228 = LINE('',#2229,#2230);
#2229 = CARTESIAN_POINT('',(0.,0.));
#2230 = VECTOR('',#2231,1.);
#2231 = DIRECTION('',(0.,1.));
#2232 = ( GEOMETRIC_REPRESENTATION_CONTEXT(2) 
PARAMETRIC_REPRESENTATION_CONTEXT() REPRESENTATION_CONTEXT('2D SPACE',''
  ) );
#2233 = PCURVE('',#933,#2234);
#2234 = DEFINITIONAL_REPRESENTATION('',(#2235),#2239);
#2235 = LINE('',#2236,#2237);
#2236 = CARTESIAN_POINT('',(0.,0.));
#2237 = VECTOR('',#2238,1.);
#2238 = DIRECTION('',(0.,-1.));
#2239 = ( GEOMETRIC_REPRESENTATION_CONTEXT(2) 
PARAMETRIC_REPRESENTATION_CONTEXT() REPRESENTATION_CONTEXT('2D SPACE',''
  ) );
#2240 = ORIENTED_EDGE('',*,*,#1565,.F.);
#2241 = ORIENTED_EDGE('',*,*,#2242,.T.);
#2242 = EDGE_CURVE('',#1566,#888,#2243,.T.);
#2243 = SURFACE_CURVE('',#2244,(#2248,#2255),.PCURVE_S1.);
#2244 = LINE('',#2245,#2246);
#2245 = CARTESIAN_POINT('',(-13.8,-13.9,-9.999999999991E-03));
#2246 = VECTOR('',#2247,1.);
#2247 = DIRECTION('',(0.,1.110223024625E-16,1.));
#2248 = PCURVE('',#905,#2249);
#2249 = DEFINITIONAL_REPRESENTATION('',(#2250),#2254);
#2250 = LINE('',#2251,#2252);
#2251 = CARTESIAN_POINT('',(1.8,0.));
#2252 = VECTOR('',#2253,1.);
#2253 = DIRECTION('',(0.,1.));
#2254 = ( GEOMETRIC_REPRESENTATION_CONTEXT(2) 
PARAMETRIC_REPRESENTATION_CONTEXT() REPRESENTATION_CONTEXT('2D SPACE',''
  ) );
#2255 = PCURVE('',#987,#2256);
#2256 = DEFINITIONAL_REPRESENTATION('',(#2257),#2261);
#2257 = LINE('',#2258,#2259);
#2258 = CARTESIAN_POINT('',(0.,0.));
#2259 = VECTOR('',#2260,1.);
#2260 = DIRECTION('',(0.,-1.));
#2261 = ( GEOMETRIC_REPRESENTATION_CONTEXT(2) 
PARAMETRIC_REPRESENTATION_CONTEXT() REPRESENTATION_CONTEXT('2D SPACE',''
  ) );
#2262 = ORIENTED_EDGE('',*,*,#887,.T.);
#2263 = ADVANCED_FACE('',(#2264),#987,.F.);
#2264 = FACE_BOUND('',#2265,.F.);
#2265 = EDGE_LOOP('',(#2266,#2287,#2288,#2289));
#2266 = ORIENTED_EDGE('',*,*,#2267,.F.);
#2267 = EDGE_CURVE('',#1614,#946,#2268,.T.);
#2268 = SURFACE_CURVE('',#2269,(#2273,#2280),.PCURVE_S1.);
#2269 = LINE('',#2270,#2271);
#2270 = CARTESIAN_POINT('',(-13.8,-17.9,-9.999999999991E-03));
#2271 = VECTOR('',#2272,1.);
#2272 = DIRECTION('',(0.,1.110223024625E-16,1.));
#2273 = PCURVE('',#987,#2274);
#2274 = DEFINITIONAL_REPRESENTATION('',(#2275),#2279);
#2275 = LINE('',#2276,#2277);
#2276 = CARTESIAN_POINT('',(4.,4.440892098501E-16));
#2277 = VECTOR('',#2278,1.);
#2278 = DIRECTION('',(0.,-1.));
#2279 = ( GEOMETRIC_REPRESENTATION_CONTEXT(2) 
PARAMETRIC_REPRESENTATION_CONTEXT() REPRESENTATION_CONTEXT('2D SPACE',''
  ) );
#2280 = PCURVE('',#961,#2281);
#2281 = DEFINITIONAL_REPRESENTATION('',(#2282),#2286);
#2282 = LINE('',#2283,#2284);
#2283 = CARTESIAN_POINT('',(1.8,0.));
#2284 = VECTOR('',#2285,1.);
#2285 = DIRECTION('',(0.,1.));
#2286 = ( GEOMETRIC_REPRESENTATION_CONTEXT(2) 
PARAMETRIC_REPRESENTATION_CONTEXT() REPRESENTATION_CONTEXT('2D SPACE',''
  ) );
#2287 = ORIENTED_EDGE('',*,*,#1636,.F.);
#2288 = ORIENTED_EDGE('',*,*,#2242,.T.);
#2289 = ORIENTED_EDGE('',*,*,#973,.T.);
#2290 = ADVANCED_FACE('',(#2291),#961,.F.);
#2291 = FACE_BOUND('',#2292,.F.);
#2292 = EDGE_LOOP('',(#2293,#2314,#2315,#2316));
#2293 = ORIENTED_EDGE('',*,*,#2294,.F.);
#2294 = EDGE_CURVE('',#1591,#918,#2295,.T.);
#2295 = SURFACE_CURVE('',#2296,(#2300,#2307),.PCURVE_S1.);
#2296 = LINE('',#2297,#2298);
#2297 = CARTESIAN_POINT('',(-15.6,-17.9,-9.999999999991E-03));
#2298 = VECTOR('',#2299,1.);
#2299 = DIRECTION('',(0.,1.110223024625E-16,1.));
#2300 = PCURVE('',#961,#2301);
#2301 = DEFINITIONAL_REPRESENTATION('',(#2302),#2306);
#2302 = LINE('',#2303,#2304);
#2303 = CARTESIAN_POINT('',(0.,0.));
#2304 = VECTOR('',#2305,1.);
#2305 = DIRECTION('',(0.,1.));
#2306 = ( GEOMETRIC_REPRESENTATION_CONTEXT(2) 
PARAMETRIC_REPRESENTATION_CONTEXT() REPRESENTATION_CONTEXT('2D SPACE',''
  ) );
#2307 = PCURVE('',#933,#2308);
#2308 = DEFINITIONAL_REPRESENTATION('',(#2309),#2313);
#2309 = LINE('',#2310,#2311);
#2310 = CARTESIAN_POINT('',(4.,4.440892098501E-16));
#2311 = VECTOR('',#2312,1.);
#2312 = DIRECTION('',(0.,-1.));
#2313 = ( GEOMETRIC_REPRESENTATION_CONTEXT(2) 
PARAMETRIC_REPRESENTATION_CONTEXT() REPRESENTATION_CONTEXT('2D SPACE',''
  ) );
#2314 = ORIENTED_EDGE('',*,*,#1613,.F.);
#2315 = ORIENTED_EDGE('',*,*,#2267,.T.);
#2316 = ORIENTED_EDGE('',*,*,#945,.T.);
#2317 = ADVANCED_FACE('',(#2318),#933,.T.);
#2318 = FACE_BOUND('',#2319,.T.);
#2319 = EDGE_LOOP('',(#2320,#2321,#2322,#2323));
#2320 = ORIENTED_EDGE('',*,*,#2294,.F.);
#2321 = ORIENTED_EDGE('',*,*,#1590,.F.);
#2322 = ORIENTED_EDGE('',*,*,#2220,.T.);
#2323 = ORIENTED_EDGE('',*,*,#917,.T.);
#2324 = ADVANCED_FACE('',(#2325),#1099,.F.);
#2325 = FACE_BOUND('',#2326,.F.);
#2326 = EDGE_LOOP('',(#2327,#2356,#2377,#2378));
#2327 = ORIENTED_EDGE('',*,*,#2328,.F.);
#2328 = EDGE_CURVE('',#2329,#2329,#2331,.T.);
#2329 = VERTEX_POINT('',#2330);
#2330 = CARTESIAN_POINT('',(19.3,-11.9,13.));
#2331 = SURFACE_CURVE('',#2332,(#2337,#2344),.PCURVE_S1.);
#2332 = CIRCLE('',#2333,1.3);
#2333 = AXIS2_PLACEMENT_3D('',#2334,#2335,#2336);
#2334 = CARTESIAN_POINT('',(18.,-11.9,13.));
#2335 = DIRECTION('',(0.,-1.110223024625E-16,-1.));
#2336 = DIRECTION('',(1.,0.,0.));
#2337 = PCURVE('',#1099,#2338);
#2338 = DEFINITIONAL_REPRESENTATION('',(#2339),#2343);
#2339 = LINE('',#2340,#2341);
#2340 = CARTESIAN_POINT('',(0.,0.));
#2341 = VECTOR('',#2342,1.);
#2342 = DIRECTION('',(1.,0.));
#2343 = ( GEOMETRIC_REPRESENTATION_CONTEXT(2) 
PARAMETRIC_REPRESENTATION_CONTEXT() REPRESENTATION_CONTEXT('2D SPACE',''
  ) );
#2344 = PCURVE('',#2345,#2350);
#2345 = PLANE('',#2346);
#2346 = AXIS2_PLACEMENT_3D('',#2347,#2348,#2349);
#2347 = CARTESIAN_POINT('',(18.,-11.9,13.));
#2348 = DIRECTION('',(-0.,-1.110223024625E-16,-1.));
#2349 = DIRECTION('',(0.,1.,-1.110223024625E-16));
#2350 = DEFINITIONAL_REPRESENTATION('',(#2351),#2355);
#2351 = CIRCLE('',#2352,1.3);
#2352 = AXIS2_PLACEMENT_2D('',#2353,#2354);
#2353 = CARTESIAN_POINT('',(0.,1.42108547152E-14));
#2354 = DIRECTION('',(0.,1.));
#2355 = ( GEOMETRIC_REPRESENTATION_CONTEXT(2) 
PARAMETRIC_REPRESENTATION_CONTEXT() REPRESENTATION_CONTEXT('2D SPACE',''
  ) );
#2356 = ORIENTED_EDGE('',*,*,#2357,.T.);
#2357 = EDGE_CURVE('',#2329,#1079,#2358,.T.);
#2358 = SEAM_CURVE('',#2359,(#2363,#2370),.PCURVE_S1.);
#2359 = LINE('',#2360,#2361);
#2360 = CARTESIAN_POINT('',(19.3,-11.9,13.));
#2361 = VECTOR('',#2362,1.);
#2362 = DIRECTION('',(0.,1.110223024625E-16,1.));
#2363 = PCURVE('',#1099,#2364);
#2364 = DEFINITIONAL_REPRESENTATION('',(#2365),#2369);
#2365 = LINE('',#2366,#2367);
#2366 = CARTESIAN_POINT('',(6.28318530718,0.));
#2367 = VECTOR('',#2368,1.);
#2368 = DIRECTION('',(0.,-1.));
#2369 = ( GEOMETRIC_REPRESENTATION_CONTEXT(2) 
PARAMETRIC_REPRESENTATION_CONTEXT() REPRESENTATION_CONTEXT('2D SPACE',''
  ) );
#2370 = PCURVE('',#1099,#2371);
#2371 = DEFINITIONAL_REPRESENTATION('',(#2372),#2376);
#2372 = LINE('',#2373,#2374);
#2373 = CARTESIAN_POINT('',(0.,0.));
#2374 = VECTOR('',#2375,1.);
#2375 = DIRECTION('',(0.,-1.));
#2376 = ( GEOMETRIC_REPRESENTATION_CONTEXT(2) 
PARAMETRIC_REPRESENTATION_CONTEXT() REPRESENTATION_CONTEXT('2D SPACE',''
  ) );
#2377 = ORIENTED_EDGE('',*,*,#1078,.T.);
#2378 = ORIENTED_EDGE('',*,*,#2357,.F.);
#2379 = ADVANCED_FACE('',(#2380),#1134,.F.);
#2380 = FACE_BOUND('',#2381,.F.);
#2381 = EDGE_LOOP('',(#2382,#2411,#2432,#2433));
#2382 = ORIENTED_EDGE('',*,*,#2383,.F.);
#2383 = EDGE_CURVE('',#2384,#2384,#2386,.T.);
#2384 = VERTEX_POINT('',#2385);
#2385 = CARTESIAN_POINT('',(31.3,-11.9,13.));
#2386 = SURFACE_CURVE('',#2387,(#2392,#2399),.PCURVE_S1.);
#2387 = CIRCLE('',#2388,1.3);
#2388 = AXIS2_PLACEMENT_3D('',#2389,#2390,#2391);
#2389 = CARTESIAN_POINT('',(30.,-11.9,13.));
#2390 = DIRECTION('',(0.,-1.110223024625E-16,-1.));
#2391 = DIRECTION('',(1.,0.,0.));
#2392 = PCURVE('',#1134,#2393);
#2393 = DEFINITIONAL_REPRESENTATION('',(#2394),#2398);
#2394 = LINE('',#2395,#2396);
#2395 = CARTESIAN_POINT('',(0.,0.));
#2396 = VECTOR('',#2397,1.);
#2397 = DIRECTION('',(1.,0.));
#2398 = ( GEOMETRIC_REPRESENTATION_CONTEXT(2) 
PARAMETRIC_REPRESENTATION_CONTEXT() REPRESENTATION_CONTEXT('2D SPACE',''
  ) );
#2399 = PCURVE('',#2400,#2405);
#2400 = PLANE('',#2401);
#2401 = AXIS2_PLACEMENT_3D('',#2402,#2403,#2404);
#2402 = CARTESIAN_POINT('',(30.,-11.9,13.));
#2403 = DIRECTION('',(-0.,-1.110223024625E-16,-1.));
#2404 = DIRECTION('',(0.,1.,-1.110223024625E-16));
#2405 = DEFINITIONAL_REPRESENTATION('',(#2406),#2410);
#2406 = CIRCLE('',#2407,1.3);
#2407 = AXIS2_PLACEMENT_2D('',#2408,#2409);
#2408 = CARTESIAN_POINT('',(0.,1.42108547152E-14));
#2409 = DIRECTION('',(0.,1.));
#2410 = ( GEOMETRIC_REPRESENTATION_CONTEXT(2) 
PARAMETRIC_REPRESENTATION_CONTEXT() REPRESENTATION_CONTEXT('2D SPACE',''
  ) );
#2411 = ORIENTED_EDGE('',*,*,#2412,.T.);
#2412 = EDGE_CURVE('',#2384,#1114,#2413,.T.);
#2413 = SEAM_CURVE('',#2414,(#2418,#2425),.PCURVE_S1.);
#2414 = LINE('',#2415,#2416);
#2415 = CARTESIAN_POINT('',(31.3,-11.9,13.));
#2416 = VECTOR('',#2417,1.);
#2417 = DIRECTION('',(0.,1.110223024625E-16,1.));
#2418 = PCURVE('',#1134,#2419);
#2419 = DEFINITIONAL_REPRESENTATION('',(#2420),#2424);
#2420 = LINE('',#2421,#2422);
#2421 = CARTESIAN_POINT('',(6.28318530718,0.));
#2422 = VECTOR('',#2423,1.);
#2423 = DIRECTION('',(0.,-1.));
#2424 = ( GEOMETRIC_REPRESENTATION_CONTEXT(2) 
PARAMETRIC_REPRESENTATION_CONTEXT() REPRESENTATION_CONTEXT('2D SPACE',''
  ) );
#2425 = PCURVE('',#1134,#2426);
#2426 = DEFINITIONAL_REPRESENTATION('',(#2427),#2431);
#2427 = LINE('',#2428,#2429);
#2428 = CARTESIAN_POINT('',(0.,0.));
#2429 = VECTOR('',#2430,1.);
#2430 = DIRECTION('',(0.,-1.));
#2431 = ( GEOMETRIC_REPRESENTATION_CONTEXT(2) 
PARAMETRIC_REPRESENTATION_CONTEXT() REPRESENTATION_CONTEXT('2D SPACE',''
  ) );
#2432 = ORIENTED_EDGE('',*,*,#1113,.T.);
#2433 = ORIENTED_EDGE('',*,*,#2412,.F.);
#2434 = ADVANCED_FACE('',(#2435),#1243,.T.);
#2435 = FACE_BOUND('',#2436,.T.);
#2436 = EDGE_LOOP('',(#2437,#2438,#2463));
#2437 = ORIENTED_EDGE('',*,*,#2091,.F.);
#2438 = ORIENTED_EDGE('',*,*,#2439,.T.);
#2439 = EDGE_CURVE('',#2060,#1228,#2440,.T.);
#2440 = SURFACE_CURVE('',#2441,(#2446,#2453),.PCURVE_S1.);
#2441 = PARABOLA('',#2442,16.728265158971);
#2442 = AXIS2_PLACEMENT_3D('',#2443,#2444,#2445);
#2443 = CARTESIAN_POINT('',(-25.,-12.9,13.142661477085));
#2444 = DIRECTION('',(-0.743144825477,-7.42884205661E-17,-0.669130606359
    ));
#2445 = DIRECTION('',(0.669130606359,-8.25056495876E-17,-0.743144825477)
  );
#2446 = PCURVE('',#1243,#2447);
#2447 = DEFINITIONAL_REPRESENTATION('',(#2448),#2452);
#2448 = PARABOLA('',#2449,16.728265158971);
#2449 = AXIS2_PLACEMENT_2D('',#2450,#2451);
#2450 = CARTESIAN_POINT('',(10.909678814012,-2.));
#2451 = DIRECTION('',(-1.,0.));
#2452 = ( GEOMETRIC_REPRESENTATION_CONTEXT(2) 
PARAMETRIC_REPRESENTATION_CONTEXT() REPRESENTATION_CONTEXT('2D SPACE',''
  ) );
#2453 = PCURVE('',#2076,#2454);
#2454 = DEFINITIONAL_REPRESENTATION('',(#2455),#2462);
#2455 = B_SPLINE_CURVE_WITH_KNOTS('',5,(#2456,#2457,#2458,#2459,#2460,
    #2461),.UNSPECIFIED.,.F.,.F.,(6,6),(-3.1,0.),
  .PIECEWISE_BEZIER_KNOTS.);
#2456 = CARTESIAN_POINT('',(-3.017751173473,-6.890128980749));
#2457 = CARTESIAN_POINT('',(-3.042456207323,-6.932820925819));
#2458 = CARTESIAN_POINT('',(-3.067208542337,-6.964839884621));
#2459 = CARTESIAN_POINT('',(-3.091992653522,-6.986185857156));
#2460 = CARTESIAN_POINT('',(-3.11679265359,-6.996858843424));
#2461 = CARTESIAN_POINT('',(-3.14159265359,-6.996858843424));
#2462 = ( GEOMETRIC_REPRESENTATION_CONTEXT(2) 
PARAMETRIC_REPRESENTATION_CONTEXT() REPRESENTATION_CONTEXT('2D SPACE',''
  ) );
#2463 = ORIENTED_EDGE('',*,*,#1225,.F.);
#2464 = ADVANCED_FACE('',(#2465),#1320,.T.);
#2465 = FACE_BOUND('',#2466,.T.);
#2466 = EDGE_LOOP('',(#2467,#2468,#2489,#2490));
#2467 = ORIENTED_EDGE('',*,*,#1302,.T.);
#2468 = ORIENTED_EDGE('',*,*,#2469,.T.);
#2469 = EDGE_CURVE('',#1305,#1468,#2470,.T.);
#2470 = SURFACE_CURVE('',#2471,(#2475,#2482),.PCURVE_S1.);
#2471 = LINE('',#2472,#2473);
#2472 = CARTESIAN_POINT('',(-18.59274051881,-10.9,6.145802633661));
#2473 = VECTOR('',#2474,1.);
#2474 = DIRECTION('',(-0.,-1.110223024625E-16,-1.));
#2475 = PCURVE('',#1320,#2476);
#2476 = DEFINITIONAL_REPRESENTATION('',(#2477),#2481);
#2477 = LINE('',#2478,#2479);
#2478 = CARTESIAN_POINT('',(6.407259481185,1.85483982109));
#2479 = VECTOR('',#2480,1.);
#2480 = DIRECTION('',(-0.,-1.));
#2481 = ( GEOMETRIC_REPRESENTATION_CONTEXT(2) 
PARAMETRIC_REPRESENTATION_CONTEXT() REPRESENTATION_CONTEXT('2D SPACE',''
  ) );
#2482 = PCURVE('',#1398,#2483);
#2483 = DEFINITIONAL_REPRESENTATION('',(#2484),#2488);
#2484 = LINE('',#2485,#2486);
#2485 = CARTESIAN_POINT('',(-3.034435826733,0.));
#2486 = VECTOR('',#2487,1.);
#2487 = DIRECTION('',(-0.,1.));
#2488 = ( GEOMETRIC_REPRESENTATION_CONTEXT(2) 
PARAMETRIC_REPRESENTATION_CONTEXT() REPRESENTATION_CONTEXT('2D SPACE',''
  ) );
#2489 = ORIENTED_EDGE('',*,*,#1467,.F.);
#2490 = ORIENTED_EDGE('',*,*,#1416,.T.);
#2491 = ADVANCED_FACE('',(#2492),#1398,.T.);
#2492 = FACE_BOUND('',#2493,.F.);
#2493 = EDGE_LOOP('',(#2494,#2515,#2516,#2538,#2539,#2540));
#2494 = ORIENTED_EDGE('',*,*,#2495,.F.);
#2495 = EDGE_CURVE('',#1872,#1491,#2496,.T.);
#2496 = SURFACE_CURVE('',#2497,(#2501,#2508),.PCURVE_S1.);
#2497 = LINE('',#2498,#2499);
#2498 = CARTESIAN_POINT('',(18.592740518815,-10.9,6.145802633661));
#2499 = VECTOR('',#2500,1.);
#2500 = DIRECTION('',(-0.,-1.110223024625E-16,-1.));
#2501 = PCURVE('',#1398,#2502);
#2502 = DEFINITIONAL_REPRESENTATION('',(#2503),#2507);
#2503 = LINE('',#2504,#2505);
#2504 = CARTESIAN_POINT('',(-0.107156826857,0.));
#2505 = VECTOR('',#2506,1.);
#2506 = DIRECTION('',(-0.,1.));
#2507 = ( GEOMETRIC_REPRESENTATION_CONTEXT(2) 
PARAMETRIC_REPRESENTATION_CONTEXT() REPRESENTATION_CONTEXT('2D SPACE',''
  ) );
#2508 = PCURVE('',#1530,#2509);
#2509 = DEFINITIONAL_REPRESENTATION('',(#2510),#2514);
#2510 = LINE('',#2511,#2512);
#2511 = CARTESIAN_POINT('',(-6.407259481185,1.85483982109));
#2512 = VECTOR('',#2513,1.);
#2513 = DIRECTION('',(-0.,-1.));
#2514 = ( GEOMETRIC_REPRESENTATION_CONTEXT(2) 
PARAMETRIC_REPRESENTATION_CONTEXT() REPRESENTATION_CONTEXT('2D SPACE',''
  ) );
#2515 = ORIENTED_EDGE('',*,*,#1894,.T.);
#2516 = ORIENTED_EDGE('',*,*,#2517,.T.);
#2517 = EDGE_CURVE('',#1826,#1356,#2518,.T.);
#2518 = SURFACE_CURVE('',#2519,(#2524,#2531),.PCURVE_S1.);
#2519 = CIRCLE('',#2520,18.7);
#2520 = AXIS2_PLACEMENT_3D('',#2521,#2522,#2523);
#2521 = CARTESIAN_POINT('',(0.,-12.9,6.145802633661));
#2522 = DIRECTION('',(-0.,1.110223024625E-16,1.));
#2523 = DIRECTION('',(1.,0.,0.));
#2524 = PCURVE('',#1398,#2525);
#2525 = DEFINITIONAL_REPRESENTATION('',(#2526),#2530);
#2526 = LINE('',#2527,#2528);
#2527 = CARTESIAN_POINT('',(-0.,0.));
#2528 = VECTOR('',#2529,1.);
#2529 = DIRECTION('',(-1.,0.));
#2530 = ( GEOMETRIC_REPRESENTATION_CONTEXT(2) 
PARAMETRIC_REPRESENTATION_CONTEXT() REPRESENTATION_CONTEXT('2D SPACE',''
  ) );
#2531 = PCURVE('',#1371,#2532);
#2532 = DEFINITIONAL_REPRESENTATION('',(#2533),#2537);
#2533 = LINE('',#2534,#2535);
#2534 = CARTESIAN_POINT('',(0.,-6.996858843424));
#2535 = VECTOR('',#2536,1.);
#2536 = DIRECTION('',(1.,-0.));
#2537 = ( GEOMETRIC_REPRESENTATION_CONTEXT(2) 
PARAMETRIC_REPRESENTATION_CONTEXT() REPRESENTATION_CONTEXT('2D SPACE',''
  ) );
#2538 = ORIENTED_EDGE('',*,*,#1383,.T.);
#2539 = ORIENTED_EDGE('',*,*,#2469,.T.);
#2540 = ORIENTED_EDGE('',*,*,#1490,.T.);
#2541 = ADVANCED_FACE('',(#2542),#1371,.T.);
#2542 = FACE_BOUND('',#2543,.F.);
#2543 = EDGE_LOOP('',(#2544,#2566,#2567,#2568));
#2544 = ORIENTED_EDGE('',*,*,#2545,.T.);
#2545 = EDGE_CURVE('',#1824,#1228,#2546,.T.);
#2546 = SURFACE_CURVE('',#2547,(#2552,#2559),.PCURVE_S1.);
#2547 = CIRCLE('',#2548,25.);
#2548 = AXIS2_PLACEMENT_3D('',#2549,#2550,#2551);
#2549 = CARTESIAN_POINT('',(0.,-12.9,13.142661477085));
#2550 = DIRECTION('',(-0.,1.110223024625E-16,1.));
#2551 = DIRECTION('',(1.,0.,0.));
#2552 = PCURVE('',#1371,#2553);
#2553 = DEFINITIONAL_REPRESENTATION('',(#2554),#2558);
#2554 = LINE('',#2555,#2556);
#2555 = CARTESIAN_POINT('',(0.,-0.));
#2556 = VECTOR('',#2557,1.);
#2557 = DIRECTION('',(1.,-0.));
#2558 = ( GEOMETRIC_REPRESENTATION_CONTEXT(2) 
PARAMETRIC_REPRESENTATION_CONTEXT() REPRESENTATION_CONTEXT('2D SPACE',''
  ) );
#2559 = PCURVE('',#2076,#2560);
#2560 = DEFINITIONAL_REPRESENTATION('',(#2561),#2565);
#2561 = LINE('',#2562,#2563);
#2562 = CARTESIAN_POINT('',(-0.,-6.996858843424));
#2563 = VECTOR('',#2564,1.);
#2564 = DIRECTION('',(-1.,-0.));
#2565 = ( GEOMETRIC_REPRESENTATION_CONTEXT(2) 
PARAMETRIC_REPRESENTATION_CONTEXT() REPRESENTATION_CONTEXT('2D SPACE',''
  ) );
#2566 = ORIENTED_EDGE('',*,*,#1355,.F.);
#2567 = ORIENTED_EDGE('',*,*,#2517,.F.);
#2568 = ORIENTED_EDGE('',*,*,#1823,.F.);
#2569 = ADVANCED_FACE('',(#2570),#1530,.T.);
#2570 = FACE_BOUND('',#2571,.T.);
#2571 = EDGE_LOOP('',(#2572,#2573,#2574,#2575));
#2572 = ORIENTED_EDGE('',*,*,#1871,.T.);
#2573 = ORIENTED_EDGE('',*,*,#1774,.T.);
#2574 = ORIENTED_EDGE('',*,*,#1514,.F.);
#2575 = ORIENTED_EDGE('',*,*,#2495,.F.);
#2576 = ADVANCED_FACE('',(#2577),#1677,.T.);
#2577 = FACE_BOUND('',#2578,.T.);
#2578 = EDGE_LOOP('',(#2579,#2602,#2603,#2626));
#2579 = ORIENTED_EDGE('',*,*,#2580,.F.);
#2580 = EDGE_CURVE('',#1662,#2581,#2583,.T.);
#2581 = VERTEX_POINT('',#2582);
#2582 = CARTESIAN_POINT('',(13.8,-13.9,15.152661477085));
#2583 = SURFACE_CURVE('',#2584,(#2588,#2595),.PCURVE_S1.);
#2584 = LINE('',#2585,#2586);
#2585 = CARTESIAN_POINT('',(13.8,-13.9,-9.999999999991E-03));
#2586 = VECTOR('',#2587,1.);
#2587 = DIRECTION('',(0.,1.110223024625E-16,1.));
#2588 = PCURVE('',#1677,#2589);
#2589 = DEFINITIONAL_REPRESENTATION('',(#2590),#2594);
#2590 = LINE('',#2591,#2592);
#2591 = CARTESIAN_POINT('',(0.,0.));
#2592 = VECTOR('',#2593,1.);
#2593 = DIRECTION('',(0.,1.));
#2594 = ( GEOMETRIC_REPRESENTATION_CONTEXT(2) 
PARAMETRIC_REPRESENTATION_CONTEXT() REPRESENTATION_CONTEXT('2D SPACE',''
  ) );
#2595 = PCURVE('',#1705,#2596);
#2596 = DEFINITIONAL_REPRESENTATION('',(#2597),#2601);
#2597 = LINE('',#2598,#2599);
#2598 = CARTESIAN_POINT('',(0.,0.));
#2599 = VECTOR('',#2600,1.);
#2600 = DIRECTION('',(0.,-1.));
#2601 = ( GEOMETRIC_REPRESENTATION_CONTEXT(2) 
PARAMETRIC_REPRESENTATION_CONTEXT() REPRESENTATION_CONTEXT('2D SPACE',''
  ) );
#2602 = ORIENTED_EDGE('',*,*,#1659,.F.);
#2603 = ORIENTED_EDGE('',*,*,#2604,.T.);
#2604 = EDGE_CURVE('',#1660,#2605,#2607,.T.);
#2605 = VERTEX_POINT('',#2606);
#2606 = CARTESIAN_POINT('',(15.6,-13.9,15.152661477085));
#2607 = SURFACE_CURVE('',#2608,(#2612,#2619),.PCURVE_S1.);
#2608 = LINE('',#2609,#2610);
#2609 = CARTESIAN_POINT('',(15.6,-13.9,-9.999999999991E-03));
#2610 = VECTOR('',#2611,1.);
#2611 = DIRECTION('',(0.,1.110223024625E-16,1.));
#2612 = PCURVE('',#1677,#2613);
#2613 = DEFINITIONAL_REPRESENTATION('',(#2614),#2618);
#2614 = LINE('',#2615,#2616);
#2615 = CARTESIAN_POINT('',(1.8,0.));
#2616 = VECTOR('',#2617,1.);
#2617 = DIRECTION('',(0.,1.));
#2618 = ( GEOMETRIC_REPRESENTATION_CONTEXT(2) 
PARAMETRIC_REPRESENTATION_CONTEXT() REPRESENTATION_CONTEXT('2D SPACE',''
  ) );
#2619 = PCURVE('',#1759,#2620);
#2620 = DEFINITIONAL_REPRESENTATION('',(#2621),#2625);
#2621 = LINE('',#2622,#2623);
#2622 = CARTESIAN_POINT('',(0.,0.));
#2623 = VECTOR('',#2624,1.);
#2624 = DIRECTION('',(0.,-1.));
#2625 = ( GEOMETRIC_REPRESENTATION_CONTEXT(2) 
PARAMETRIC_REPRESENTATION_CONTEXT() REPRESENTATION_CONTEXT('2D SPACE',''
  ) );
#2626 = ORIENTED_EDGE('',*,*,#2627,.F.);
#2627 = EDGE_CURVE('',#2581,#2605,#2628,.T.);
#2628 = SURFACE_CURVE('',#2629,(#2633,#2640),.PCURVE_S1.);
#2629 = LINE('',#2630,#2631);
#2630 = CARTESIAN_POINT('',(13.8,-13.9,15.152661477085));
#2631 = VECTOR('',#2632,1.);
#2632 = DIRECTION('',(1.,0.,0.));
#2633 = PCURVE('',#1677,#2634);
#2634 = DEFINITIONAL_REPRESENTATION('',(#2635),#2639);
#2635 = LINE('',#2636,#2637);
#2636 = CARTESIAN_POINT('',(0.,15.162661477085));
#2637 = VECTOR('',#2638,1.);
#2638 = DIRECTION('',(1.,0.));
#2639 = ( GEOMETRIC_REPRESENTATION_CONTEXT(2) 
PARAMETRIC_REPRESENTATION_CONTEXT() REPRESENTATION_CONTEXT('2D SPACE',''
  ) );
#2640 = PCURVE('',#2641,#2646);
#2641 = PLANE('',#2642);
#2642 = AXIS2_PLACEMENT_3D('',#2643,#2644,#2645);
#2643 = CARTESIAN_POINT('',(13.8,-13.9,15.152661477085));
#2644 = DIRECTION('',(0.,1.110223024625E-16,1.));
#2645 = DIRECTION('',(0.,-1.,1.110223024625E-16));
#2646 = DEFINITIONAL_REPRESENTATION('',(#2647),#2651);
#2647 = LINE('',#2648,#2649);
#2648 = CARTESIAN_POINT('',(0.,0.));
#2649 = VECTOR('',#2650,1.);
#2650 = DIRECTION('',(0.,1.));
#2651 = ( GEOMETRIC_REPRESENTATION_CONTEXT(2) 
PARAMETRIC_REPRESENTATION_CONTEXT() REPRESENTATION_CONTEXT('2D SPACE',''
  ) );
#2652 = ADVANCED_FACE('',(#2653),#1759,.F.);
#2653 = FACE_BOUND('',#2654,.F.);
#2654 = EDGE_LOOP('',(#2655,#2678,#2679,#2680));
#2655 = ORIENTED_EDGE('',*,*,#2656,.F.);
#2656 = EDGE_CURVE('',#1718,#2657,#2659,.T.);
#2657 = VERTEX_POINT('',#2658);
#2658 = CARTESIAN_POINT('',(15.6,-17.9,15.152661477085));
#2659 = SURFACE_CURVE('',#2660,(#2664,#2671),.PCURVE_S1.);
#2660 = LINE('',#2661,#2662);
#2661 = CARTESIAN_POINT('',(15.6,-17.9,-9.999999999991E-03));
#2662 = VECTOR('',#2663,1.);
#2663 = DIRECTION('',(0.,1.110223024625E-16,1.));
#2664 = PCURVE('',#1759,#2665);
#2665 = DEFINITIONAL_REPRESENTATION('',(#2666),#2670);
#2666 = LINE('',#2667,#2668);
#2667 = CARTESIAN_POINT('',(4.,4.440892098501E-16));
#2668 = VECTOR('',#2669,1.);
#2669 = DIRECTION('',(0.,-1.));
#2670 = ( GEOMETRIC_REPRESENTATION_CONTEXT(2) 
PARAMETRIC_REPRESENTATION_CONTEXT() REPRESENTATION_CONTEXT('2D SPACE',''
  ) );
#2671 = PCURVE('',#1733,#2672);
#2672 = DEFINITIONAL_REPRESENTATION('',(#2673),#2677);
#2673 = LINE('',#2674,#2675);
#2674 = CARTESIAN_POINT('',(1.8,0.));
#2675 = VECTOR('',#2676,1.);
#2676 = DIRECTION('',(0.,1.));
#2677 = ( GEOMETRIC_REPRESENTATION_CONTEXT(2) 
PARAMETRIC_REPRESENTATION_CONTEXT() REPRESENTATION_CONTEXT('2D SPACE',''
  ) );
#2678 = ORIENTED_EDGE('',*,*,#1745,.F.);
#2679 = ORIENTED_EDGE('',*,*,#2604,.T.);
#2680 = ORIENTED_EDGE('',*,*,#2681,.T.);
#2681 = EDGE_CURVE('',#2605,#2657,#2682,.T.);
#2682 = SURFACE_CURVE('',#2683,(#2687,#2694),.PCURVE_S1.);
#2683 = LINE('',#2684,#2685);
#2684 = CARTESIAN_POINT('',(15.6,-13.9,15.152661477085));
#2685 = VECTOR('',#2686,1.);
#2686 = DIRECTION('',(0.,-1.,1.110223024625E-16));
#2687 = PCURVE('',#1759,#2688);
#2688 = DEFINITIONAL_REPRESENTATION('',(#2689),#2693);
#2689 = LINE('',#2690,#2691);
#2690 = CARTESIAN_POINT('',(1.683393588646E-15,-15.16266147708));
#2691 = VECTOR('',#2692,1.);
#2692 = DIRECTION('',(1.,0.));
#2693 = ( GEOMETRIC_REPRESENTATION_CONTEXT(2) 
PARAMETRIC_REPRESENTATION_CONTEXT() REPRESENTATION_CONTEXT('2D SPACE',''
  ) );
#2694 = PCURVE('',#2641,#2695);
#2695 = DEFINITIONAL_REPRESENTATION('',(#2696),#2700);
#2696 = LINE('',#2697,#2698);
#2697 = CARTESIAN_POINT('',(0.,1.8));
#2698 = VECTOR('',#2699,1.);
#2699 = DIRECTION('',(1.,0.));
#2700 = ( GEOMETRIC_REPRESENTATION_CONTEXT(2) 
PARAMETRIC_REPRESENTATION_CONTEXT() REPRESENTATION_CONTEXT('2D SPACE',''
  ) );
#2701 = ADVANCED_FACE('',(#2702),#1705,.T.);
#2702 = FACE_BOUND('',#2703,.T.);
#2703 = EDGE_LOOP('',(#2704,#2727,#2728,#2729));
#2704 = ORIENTED_EDGE('',*,*,#2705,.F.);
#2705 = EDGE_CURVE('',#1690,#2706,#2708,.T.);
#2706 = VERTEX_POINT('',#2707);
#2707 = CARTESIAN_POINT('',(13.8,-17.9,15.152661477085));
#2708 = SURFACE_CURVE('',#2709,(#2713,#2720),.PCURVE_S1.);
#2709 = LINE('',#2710,#2711);
#2710 = CARTESIAN_POINT('',(13.8,-17.9,-9.999999999991E-03));
#2711 = VECTOR('',#2712,1.);
#2712 = DIRECTION('',(0.,1.110223024625E-16,1.));
#2713 = PCURVE('',#1705,#2714);
#2714 = DEFINITIONAL_REPRESENTATION('',(#2715),#2719);
#2715 = LINE('',#2716,#2717);
#2716 = CARTESIAN_POINT('',(4.,4.440892098501E-16));
#2717 = VECTOR('',#2718,1.);
#2718 = DIRECTION('',(0.,-1.));
#2719 = ( GEOMETRIC_REPRESENTATION_CONTEXT(2) 
PARAMETRIC_REPRESENTATION_CONTEXT() REPRESENTATION_CONTEXT('2D SPACE',''
  ) );
#2720 = PCURVE('',#1733,#2721);
#2721 = DEFINITIONAL_REPRESENTATION('',(#2722),#2726);
#2722 = LINE('',#2723,#2724);
#2723 = CARTESIAN_POINT('',(0.,0.));
#2724 = VECTOR('',#2725,1.);
#2725 = DIRECTION('',(0.,1.));
#2726 = ( GEOMETRIC_REPRESENTATION_CONTEXT(2) 
PARAMETRIC_REPRESENTATION_CONTEXT() REPRESENTATION_CONTEXT('2D SPACE',''
  ) );
#2727 = ORIENTED_EDGE('',*,*,#1689,.F.);
#2728 = ORIENTED_EDGE('',*,*,#2580,.T.);
#2729 = ORIENTED_EDGE('',*,*,#2730,.T.);
#2730 = EDGE_CURVE('',#2581,#2706,#2731,.T.);
#2731 = SURFACE_CURVE('',#2732,(#2736,#2743),.PCURVE_S1.);
#2732 = LINE('',#2733,#2734);
#2733 = CARTESIAN_POINT('',(13.8,-13.9,15.152661477085));
#2734 = VECTOR('',#2735,1.);
#2735 = DIRECTION('',(0.,-1.,1.110223024625E-16));
#2736 = PCURVE('',#1705,#2737);
#2737 = DEFINITIONAL_REPRESENTATION('',(#2738),#2742);
#2738 = LINE('',#2739,#2740);
#2739 = CARTESIAN_POINT('',(1.683393588646E-15,-15.16266147708));
#2740 = VECTOR('',#2741,1.);
#2741 = DIRECTION('',(1.,0.));
#2742 = ( GEOMETRIC_REPRESENTATION_CONTEXT(2) 
PARAMETRIC_REPRESENTATION_CONTEXT() REPRESENTATION_CONTEXT('2D SPACE',''
  ) );
#2743 = PCURVE('',#2641,#2744);
#2744 = DEFINITIONAL_REPRESENTATION('',(#2745),#2749);
#2745 = LINE('',#2746,#2747);
#2746 = CARTESIAN_POINT('',(0.,0.));
#2747 = VECTOR('',#2748,1.);
#2748 = DIRECTION('',(1.,0.));
#2749 = ( GEOMETRIC_REPRESENTATION_CONTEXT(2) 
PARAMETRIC_REPRESENTATION_CONTEXT() REPRESENTATION_CONTEXT('2D SPACE',''
  ) );
#2750 = ADVANCED_FACE('',(#2751),#1733,.F.);
#2751 = FACE_BOUND('',#2752,.F.);
#2752 = EDGE_LOOP('',(#2753,#2754,#2755,#2756));
#2753 = ORIENTED_EDGE('',*,*,#2705,.F.);
#2754 = ORIENTED_EDGE('',*,*,#1717,.F.);
#2755 = ORIENTED_EDGE('',*,*,#2656,.T.);
#2756 = ORIENTED_EDGE('',*,*,#2757,.F.);
#2757 = EDGE_CURVE('',#2706,#2657,#2758,.T.);
#2758 = SURFACE_CURVE('',#2759,(#2763,#2770),.PCURVE_S1.);
#2759 = LINE('',#2760,#2761);
#2760 = CARTESIAN_POINT('',(13.8,-17.9,15.152661477085));
#2761 = VECTOR('',#2762,1.);
#2762 = DIRECTION('',(1.,0.,0.));
#2763 = PCURVE('',#1733,#2764);
#2764 = DEFINITIONAL_REPRESENTATION('',(#2765),#2769);
#2765 = LINE('',#2766,#2767);
#2766 = CARTESIAN_POINT('',(0.,15.162661477085));
#2767 = VECTOR('',#2768,1.);
#2768 = DIRECTION('',(1.,0.));
#2769 = ( GEOMETRIC_REPRESENTATION_CONTEXT(2) 
PARAMETRIC_REPRESENTATION_CONTEXT() REPRESENTATION_CONTEXT('2D SPACE',''
  ) );
#2770 = PCURVE('',#2641,#2771);
#2771 = DEFINITIONAL_REPRESENTATION('',(#2772),#2776);
#2772 = LINE('',#2773,#2774);
#2773 = CARTESIAN_POINT('',(4.,0.));
#2774 = VECTOR('',#2775,1.);
#2775 = DIRECTION('',(0.,1.));
#2776 = ( GEOMETRIC_REPRESENTATION_CONTEXT(2) 
PARAMETRIC_REPRESENTATION_CONTEXT() REPRESENTATION_CONTEXT('2D SPACE',''
  ) );
#2777 = ADVANCED_FACE('',(#2778),#1939,.T.);
#2778 = FACE_BOUND('',#2779,.T.);
#2779 = EDGE_LOOP('',(#2780,#2781,#2782));
#2780 = ORIENTED_EDGE('',*,*,#2169,.F.);
#2781 = ORIENTED_EDGE('',*,*,#1923,.T.);
#2782 = ORIENTED_EDGE('',*,*,#2783,.T.);
#2783 = EDGE_CURVE('',#1824,#2170,#2784,.T.);
#2784 = SURFACE_CURVE('',#2785,(#2790,#2797),.PCURVE_S1.);
#2785 = PARABOLA('',#2786,16.728265158971);
#2786 = AXIS2_PLACEMENT_3D('',#2787,#2788,#2789);
#2787 = CARTESIAN_POINT('',(25.,-12.9,13.142661477085));
#2788 = DIRECTION('',(0.743144825477,-7.42884205661E-17,-0.669130606359)
  );
#2789 = DIRECTION('',(-0.669130606359,-8.25056495876E-17,-0.743144825477
    ));
#2790 = PCURVE('',#1939,#2791);
#2791 = DEFINITIONAL_REPRESENTATION('',(#2792),#2796);
#2792 = PARABOLA('',#2793,16.728265158971);
#2793 = AXIS2_PLACEMENT_2D('',#2794,#2795);
#2794 = CARTESIAN_POINT('',(-9.869809190662E-15,-2.));
#2795 = DIRECTION('',(1.,0.));
#2796 = ( GEOMETRIC_REPRESENTATION_CONTEXT(2) 
PARAMETRIC_REPRESENTATION_CONTEXT() REPRESENTATION_CONTEXT('2D SPACE',''
  ) );
#2797 = PCURVE('',#2076,#2798);
#2798 = DEFINITIONAL_REPRESENTATION('',(#2799),#2806);
#2799 = B_SPLINE_CURVE_WITH_KNOTS('',5,(#2800,#2801,#2802,#2803,#2804,
    #2805),.UNSPECIFIED.,.F.,.F.,(6,6),(-0.,3.1),
  .PIECEWISE_BEZIER_KNOTS.);
#2800 = CARTESIAN_POINT('',(0.,-6.996858843424));
#2801 = CARTESIAN_POINT('',(-2.48E-02,-6.996858843424));
#2802 = CARTESIAN_POINT('',(-4.960000006776E-02,-6.986185857156));
#2803 = CARTESIAN_POINT('',(-7.43841112524E-02,-6.964839884621));
#2804 = CARTESIAN_POINT('',(-9.913644626674E-02,-6.932820925819));
#2805 = CARTESIAN_POINT('',(-0.123841480117,-6.890128980749));
#2806 = ( GEOMETRIC_REPRESENTATION_CONTEXT(2) 
PARAMETRIC_REPRESENTATION_CONTEXT() REPRESENTATION_CONTEXT('2D SPACE',''
  ) );
#2807 = ADVANCED_FACE('',(#2808),#2076,.F.);
#2808 = FACE_BOUND('',#2809,.F.);
#2809 = EDGE_LOOP('',(#2810,#2811,#2812,#2813,#2814,#2815));
#2810 = ORIENTED_EDGE('',*,*,#2192,.T.);
#2811 = ORIENTED_EDGE('',*,*,#2140,.T.);
#2812 = ORIENTED_EDGE('',*,*,#2059,.T.);
#2813 = ORIENTED_EDGE('',*,*,#2439,.T.);
#2814 = ORIENTED_EDGE('',*,*,#2545,.F.);
#2815 = ORIENTED_EDGE('',*,*,#2783,.T.);
#2816 = ADVANCED_FACE('',(#2817),#2345,.F.);
#2817 = FACE_BOUND('',#2818,.F.);
#2818 = EDGE_LOOP('',(#2819));
#2819 = ORIENTED_EDGE('',*,*,#2328,.T.);
#2820 = ADVANCED_FACE('',(#2821),#2400,.F.);
#2821 = FACE_BOUND('',#2822,.F.);
#2822 = EDGE_LOOP('',(#2823));
#2823 = ORIENTED_EDGE('',*,*,#2383,.T.);
#2824 = ADVANCED_FACE('',(#2825),#2641,.F.);
#2825 = FACE_BOUND('',#2826,.F.);
#2826 = EDGE_LOOP('',(#2827,#2828,#2829,#2830));
#2827 = ORIENTED_EDGE('',*,*,#2627,.F.);
#2828 = ORIENTED_EDGE('',*,*,#2730,.T.);
#2829 = ORIENTED_EDGE('',*,*,#2757,.T.);
#2830 = ORIENTED_EDGE('',*,*,#2681,.F.);
#2831 = ( GEOMETRIC_REPRESENTATION_CONTEXT(3) 
GLOBAL_UNCERTAINTY_ASSIGNED_CONTEXT((#2835)) 
GLOBAL_UNIT_ASSIGNED_CONTEXT((#2832,#2833,#2834)) REPRESENTATION_CONTEXT
('Context #1','3D Context with UNIT and UNCERTAINTY') );
#2832 = ( LENGTH_UNIT() NAMED_UNIT(*) SI_UNIT(.MILLI.,.METRE.) );
#2833 = ( NAMED_UNIT(*) PLANE_ANGLE_UNIT() SI_UNIT($,.RADIAN.) );
#2834 = ( NAMED_UNIT(*) SI_UNIT($,.STERADIAN.) SOLID_ANGLE_UNIT() );
#2835 = UNCERTAINTY_MEASURE_WITH_UNIT(LENGTH_MEASURE(5.E-05),#2832,
  'distance_accuracy_value','confusion accuracy');
#2836 = PRODUCT_RELATED_PRODUCT_CATEGORY('part',$,(#7));
ENDSEC;
END-ISO-10303-21;
