ISO-10303-21;
HEADER;
FILE_DESCRIPTION(('Open CASCADE Model'),'2;1');
FILE_NAME('Open CASCADE Shape Model','2026-10-08T23:32:30',('Author'),(
    'Open CASCADE'),'Open CASCADE STEP processor 7.9','Open CASCADE 7.9'
  ,'Unknown');
FILE_SCHEMA(('AUTOMOTIVE_DESIGN { 1 0 10303 214 1 1 1 1 }'));
ENDSEC;
DATA;
#1 = APPLICATION_PROTOCOL_DEFINITION('international standard',
  'automotive_design',2000,#2);
#2 = APPLICATION_CONTEXT(
  'core data for automotive mechanical design processes');
#3 = SHAPE_DEFINITION_REPRESENTATION(#4,#10);
#4 = PRODUCT_DEFINITION_SHAPE('','',#5);
#5 = PRODUCT_DEFINITION('design','',#6,#9);
#6 = PRODUCT_DEFINITION_FORMATION('','',#7);
#7 = PRODUCT('Open CASCADE STEP translator 7.9 46',
  'Open CASCADE STEP translator 7.9 46','',(#8));
#8 = PRODUCT_CONTEXT('',#2,'mechanical');
#9 = PRODUCT_DEFINITION_CONTEXT('part definition',#2,'design');
#10 = ADVANCED_BREP_SHAPE_REPRESENTATION('',(#11,#15),#3300);
#11 = AXIS2_PLACEMENT_3D('',#12,#13,#14);
#12 = CARTESIAN_POINT('',(0.,0.,0.));
#13 = DIRECTION('',(0.,0.,1.));
#14 = DIRECTION('',(1.,0.,-0.));
#15 = MANIFOLD_SOLID_BREP('',#16);
#16 = CLOSED_SHELL('',(#17,#137,#213,#932,#1088,#1736,#1743,#1770,#1797,
    #1856,#1883,#1910,#1957,#1984,#2011,#2018,#2077,#2104,#2131,#2158,
    #2185,#2212,#2271,#2298,#2353,#2412,#2439,#2532,#2581,#2608,#2615,
    #2665,#2715,#2765,#2815,#2822,#2829,#2836,#3127,#3134,#3208,#3238,
    #3287,#3295));
#17 = ADVANCED_FACE('',(#18),#32,.F.);
#18 = FACE_BOUND('',#19,.F.);
#19 = EDGE_LOOP('',(#20,#55,#83,#111));
#20 = ORIENTED_EDGE('',*,*,#21,.F.);
#21 = EDGE_CURVE('',#22,#24,#26,.T.);
#22 = VERTEX_POINT('',#23);
#23 = CARTESIAN_POINT('',(-102.,94.5,5.));
#24 = VERTEX_POINT('',#25);
#25 = CARTESIAN_POINT('',(-102.,94.5,0.));
#26 = SURFACE_CURVE('',#27,(#31,#43),.PCURVE_S1.);
#27 = LINE('',#28,#29);
#28 = CARTESIAN_POINT('',(-102.,94.5,5.));
#29 = VECTOR('',#30,1.);
#30 = DIRECTION('',(0.,-1.224646799147E-16,-1.));
#31 = PCURVE('',#32,#37);
#32 = PLANE('',#33);
#33 = AXIS2_PLACEMENT_3D('',#34,#35,#36);
#34 = CARTESIAN_POINT('',(-102.,94.5,5.));
#35 = DIRECTION('',(1.,0.,0.));
#36 = DIRECTION('',(0.,-1.224646799147E-16,-1.));
#37 = DEFINITIONAL_REPRESENTATION('',(#38),#42);
#38 = LINE('',#39,#40);
#39 = CARTESIAN_POINT('',(0.,0.));
#40 = VECTOR('',#41,1.);
#41 = DIRECTION('',(1.,0.));
#42 = ( GEOMETRIC_REPRESENTATION_CONTEXT(2) 
PARAMETRIC_REPRESENTATION_CONTEXT() REPRESENTATION_CONTEXT('2D SPACE',''
  ) );
#43 = PCURVE('',#44,#49);
#44 = PLANE('',#45);
#45 = AXIS2_PLACEMENT_3D('',#46,#47,#48);
#46 = CARTESIAN_POINT('',(-102.,94.5,5.));
#47 = DIRECTION('',(0.,-1.,1.224646799147E-16));
#48 = DIRECTION('',(0.,-1.224646799147E-16,-1.));
#49 = DEFINITIONAL_REPRESENTATION('',(#50),#54);
#50 = LINE('',#51,#52);
#51 = CARTESIAN_POINT('',(0.,0.));
#52 = VECTOR('',#53,1.);
#53 = DIRECTION('',(1.,0.));
#54 = ( GEOMETRIC_REPRESENTATION_CONTEXT(2) 
PARAMETRIC_REPRESENTATION_CONTEXT() REPRESENTATION_CONTEXT('2D SPACE',''
  ) );
#55 = ORIENTED_EDGE('',*,*,#56,.T.);
#56 = EDGE_CURVE('',#22,#57,#59,.T.);
#57 = VERTEX_POINT('',#58);
#58 = CARTESIAN_POINT('',(-102.,-94.5,5.));
#59 = SURFACE_CURVE('',#60,(#64,#71),.PCURVE_S1.);
#60 = LINE('',#61,#62);
#61 = CARTESIAN_POINT('',(-102.,94.5,5.));
#62 = VECTOR('',#63,1.);
#63 = DIRECTION('',(0.,-1.,1.224646799147E-16));
#64 = PCURVE('',#32,#65);
#65 = DEFINITIONAL_REPRESENTATION('',(#66),#70);
#66 = LINE('',#67,#68);
#67 = CARTESIAN_POINT('',(0.,0.));
#68 = VECTOR('',#69,1.);
#69 = DIRECTION('',(0.,-1.));
#70 = ( GEOMETRIC_REPRESENTATION_CONTEXT(2) 
PARAMETRIC_REPRESENTATION_CONTEXT() REPRESENTATION_CONTEXT('2D SPACE',''
  ) );
#71 = PCURVE('',#72,#77);
#72 = PLANE('',#73);
#73 = AXIS2_PLACEMENT_3D('',#74,#75,#76);
#74 = CARTESIAN_POINT('',(-102.,94.5,5.));
#75 = DIRECTION('',(0.,-1.224646799147E-16,-1.));
#76 = DIRECTION('',(1.,0.,0.));
#77 = DEFINITIONAL_REPRESENTATION('',(#78),#82);
#78 = LINE('',#79,#80);
#79 = CARTESIAN_POINT('',(0.,0.));
#80 = VECTOR('',#81,1.);
#81 = DIRECTION('',(0.,1.));
#82 = ( GEOMETRIC_REPRESENTATION_CONTEXT(2) 
PARAMETRIC_REPRESENTATION_CONTEXT() REPRESENTATION_CONTEXT('2D SPACE',''
  ) );
#83 = ORIENTED_EDGE('',*,*,#84,.T.);
#84 = EDGE_CURVE('',#57,#85,#87,.T.);
#85 = VERTEX_POINT('',#86);
#86 = CARTESIAN_POINT('',(-102.,-94.5,2.84217094304E-14));
#87 = SURFACE_CURVE('',#88,(#92,#99),.PCURVE_S1.);
#88 = LINE('',#89,#90);
#89 = CARTESIAN_POINT('',(-102.,-94.5,5.));
#90 = VECTOR('',#91,1.);
#91 = DIRECTION('',(0.,-1.224646799147E-16,-1.));
#92 = PCURVE('',#32,#93);
#93 = DEFINITIONAL_REPRESENTATION('',(#94),#98);
#94 = LINE('',#95,#96);
#95 = CARTESIAN_POINT('',(-5.275884926519E-15,-189.));
#96 = VECTOR('',#97,1.);
#97 = DIRECTION('',(1.,0.));
#98 = ( GEOMETRIC_REPRESENTATION_CONTEXT(2) 
PARAMETRIC_REPRESENTATION_CONTEXT() REPRESENTATION_CONTEXT('2D SPACE',''
  ) );
#99 = PCURVE('',#100,#105);
#100 = PLANE('',#101);
#101 = AXIS2_PLACEMENT_3D('',#102,#103,#104);
#102 = CARTESIAN_POINT('',(-102.,-94.5,5.));
#103 = DIRECTION('',(0.,-1.,1.224646799147E-16));
#104 = DIRECTION('',(0.,-1.224646799147E-16,-1.));
#105 = DEFINITIONAL_REPRESENTATION('',(#106),#110);
#106 = LINE('',#107,#108);
#107 = CARTESIAN_POINT('',(0.,0.));
#108 = VECTOR('',#109,1.);
#109 = DIRECTION('',(1.,0.));
#110 = ( GEOMETRIC_REPRESENTATION_CONTEXT(2) 
PARAMETRIC_REPRESENTATION_CONTEXT() REPRESENTATION_CONTEXT('2D SPACE',''
  ) );
#111 = ORIENTED_EDGE('',*,*,#112,.F.);
#112 = EDGE_CURVE('',#24,#85,#113,.T.);
#113 = SURFACE_CURVE('',#114,(#118,#125),.PCURVE_S1.);
#114 = LINE('',#115,#116);
#115 = CARTESIAN_POINT('',(-102.,94.5,0.));
#116 = VECTOR('',#117,1.);
#117 = DIRECTION('',(0.,-1.,1.224646799147E-16));
#118 = PCURVE('',#32,#119);
#119 = DEFINITIONAL_REPRESENTATION('',(#120),#124);
#120 = LINE('',#121,#122);
#121 = CARTESIAN_POINT('',(5.,6.123233995737E-16));
#122 = VECTOR('',#123,1.);
#123 = DIRECTION('',(0.,-1.));
#124 = ( GEOMETRIC_REPRESENTATION_CONTEXT(2) 
PARAMETRIC_REPRESENTATION_CONTEXT() REPRESENTATION_CONTEXT('2D SPACE',''
  ) );
#125 = PCURVE('',#126,#131);
#126 = PLANE('',#127);
#127 = AXIS2_PLACEMENT_3D('',#128,#129,#130);
#128 = CARTESIAN_POINT('',(-102.,94.5,0.));
#129 = DIRECTION('',(0.,-1.224646799147E-16,-1.));
#130 = DIRECTION('',(1.,0.,0.));
#131 = DEFINITIONAL_REPRESENTATION('',(#132),#136);
#132 = LINE('',#133,#134);
#133 = CARTESIAN_POINT('',(0.,0.));
#134 = VECTOR('',#135,1.);
#135 = DIRECTION('',(0.,1.));
#136 = ( GEOMETRIC_REPRESENTATION_CONTEXT(2) 
PARAMETRIC_REPRESENTATION_CONTEXT() REPRESENTATION_CONTEXT('2D SPACE',''
  ) );
#137 = ADVANCED_FACE('',(#138),#44,.F.);
#138 = FACE_BOUND('',#139,.F.);
#139 = EDGE_LOOP('',(#140,#163,#164,#187));
#140 = ORIENTED_EDGE('',*,*,#141,.F.);
#141 = EDGE_CURVE('',#22,#142,#144,.T.);
#142 = VERTEX_POINT('',#143);
#143 = CARTESIAN_POINT('',(102.,94.5,5.));
#144 = SURFACE_CURVE('',#145,(#149,#156),.PCURVE_S1.);
#145 = LINE('',#146,#147);
#146 = CARTESIAN_POINT('',(-102.,94.5,5.));
#147 = VECTOR('',#148,1.);
#148 = DIRECTION('',(1.,0.,0.));
#149 = PCURVE('',#44,#150);
#150 = DEFINITIONAL_REPRESENTATION('',(#151),#155);
#151 = LINE('',#152,#153);
#152 = CARTESIAN_POINT('',(0.,0.));
#153 = VECTOR('',#154,1.);
#154 = DIRECTION('',(0.,1.));
#155 = ( GEOMETRIC_REPRESENTATION_CONTEXT(2) 
PARAMETRIC_REPRESENTATION_CONTEXT() REPRESENTATION_CONTEXT('2D SPACE',''
  ) );
#156 = PCURVE('',#72,#157);
#157 = DEFINITIONAL_REPRESENTATION('',(#158),#162);
#158 = LINE('',#159,#160);
#159 = CARTESIAN_POINT('',(0.,0.));
#160 = VECTOR('',#161,1.);
#161 = DIRECTION('',(1.,0.));
#162 = ( GEOMETRIC_REPRESENTATION_CONTEXT(2) 
PARAMETRIC_REPRESENTATION_CONTEXT() REPRESENTATION_CONTEXT('2D SPACE',''
  ) );
#163 = ORIENTED_EDGE('',*,*,#21,.T.);
#164 = ORIENTED_EDGE('',*,*,#165,.T.);
#165 = EDGE_CURVE('',#24,#166,#168,.T.);
#166 = VERTEX_POINT('',#167);
#167 = CARTESIAN_POINT('',(102.,94.5,0.));
#168 = SURFACE_CURVE('',#169,(#173,#180),.PCURVE_S1.);
#169 = LINE('',#170,#171);
#170 = CARTESIAN_POINT('',(-102.,94.5,0.));
#171 = VECTOR('',#172,1.);
#172 = DIRECTION('',(1.,0.,0.));
#173 = PCURVE('',#44,#174);
#174 = DEFINITIONAL_REPRESENTATION('',(#175),#179);
#175 = LINE('',#176,#177);
#176 = CARTESIAN_POINT('',(5.,0.));
#177 = VECTOR('',#178,1.);
#178 = DIRECTION('',(0.,1.));
#179 = ( GEOMETRIC_REPRESENTATION_CONTEXT(2) 
PARAMETRIC_REPRESENTATION_CONTEXT() REPRESENTATION_CONTEXT('2D SPACE',''
  ) );
#180 = PCURVE('',#126,#181);
#181 = DEFINITIONAL_REPRESENTATION('',(#182),#186);
#182 = LINE('',#183,#184);
#183 = CARTESIAN_POINT('',(0.,0.));
#184 = VECTOR('',#185,1.);
#185 = DIRECTION('',(1.,0.));
#186 = ( GEOMETRIC_REPRESENTATION_CONTEXT(2) 
PARAMETRIC_REPRESENTATION_CONTEXT() REPRESENTATION_CONTEXT('2D SPACE',''
  ) );
#187 = ORIENTED_EDGE('',*,*,#188,.F.);
#188 = EDGE_CURVE('',#142,#166,#189,.T.);
#189 = SURFACE_CURVE('',#190,(#194,#201),.PCURVE_S1.);
#190 = LINE('',#191,#192);
#191 = CARTESIAN_POINT('',(102.,94.5,5.));
#192 = VECTOR('',#193,1.);
#193 = DIRECTION('',(0.,-1.224646799147E-16,-1.));
#194 = PCURVE('',#44,#195);
#195 = DEFINITIONAL_REPRESENTATION('',(#196),#200);
#196 = LINE('',#197,#198);
#197 = CARTESIAN_POINT('',(0.,204.));
#198 = VECTOR('',#199,1.);
#199 = DIRECTION('',(1.,0.));
#200 = ( GEOMETRIC_REPRESENTATION_CONTEXT(2) 
PARAMETRIC_REPRESENTATION_CONTEXT() REPRESENTATION_CONTEXT('2D SPACE',''
  ) );
#201 = PCURVE('',#202,#207);
#202 = PLANE('',#203);
#203 = AXIS2_PLACEMENT_3D('',#204,#205,#206);
#204 = CARTESIAN_POINT('',(102.,94.5,5.));
#205 = DIRECTION('',(1.,0.,0.));
#206 = DIRECTION('',(0.,-1.224646799147E-16,-1.));
#207 = DEFINITIONAL_REPRESENTATION('',(#208),#212);
#208 = LINE('',#209,#210);
#209 = CARTESIAN_POINT('',(0.,0.));
#210 = VECTOR('',#211,1.);
#211 = DIRECTION('',(1.,0.));
#212 = ( GEOMETRIC_REPRESENTATION_CONTEXT(2) 
PARAMETRIC_REPRESENTATION_CONTEXT() REPRESENTATION_CONTEXT('2D SPACE',''
  ) );
#213 = ADVANCED_FACE('',(#214,#262,#297,#332,#367,#402,#437,#551,#586,
    #621,#656,#691,#726,#761,#796,#831,#862,#897),#126,.T.);
#214 = FACE_BOUND('',#215,.T.);
#215 = EDGE_LOOP('',(#216,#217,#218,#241));
#216 = ORIENTED_EDGE('',*,*,#112,.F.);
#217 = ORIENTED_EDGE('',*,*,#165,.T.);
#218 = ORIENTED_EDGE('',*,*,#219,.T.);
#219 = EDGE_CURVE('',#166,#220,#222,.T.);
#220 = VERTEX_POINT('',#221);
#221 = CARTESIAN_POINT('',(102.,-94.5,2.84217094304E-14));
#222 = SURFACE_CURVE('',#223,(#227,#234),.PCURVE_S1.);
#223 = LINE('',#224,#225);
#224 = CARTESIAN_POINT('',(102.,94.5,0.));
#225 = VECTOR('',#226,1.);
#226 = DIRECTION('',(0.,-1.,1.224646799147E-16));
#227 = PCURVE('',#126,#228);
#228 = DEFINITIONAL_REPRESENTATION('',(#229),#233);
#229 = LINE('',#230,#231);
#230 = CARTESIAN_POINT('',(204.,0.));
#231 = VECTOR('',#232,1.);
#232 = DIRECTION('',(0.,1.));
#233 = ( GEOMETRIC_REPRESENTATION_CONTEXT(2) 
PARAMETRIC_REPRESENTATION_CONTEXT() REPRESENTATION_CONTEXT('2D SPACE',''
  ) );
#234 = PCURVE('',#202,#235);
#235 = DEFINITIONAL_REPRESENTATION('',(#236),#240);
#236 = LINE('',#237,#238);
#237 = CARTESIAN_POINT('',(5.,6.123233995737E-16));
#238 = VECTOR('',#239,1.);
#239 = DIRECTION('',(0.,-1.));
#240 = ( GEOMETRIC_REPRESENTATION_CONTEXT(2) 
PARAMETRIC_REPRESENTATION_CONTEXT() REPRESENTATION_CONTEXT('2D SPACE',''
  ) );
#241 = ORIENTED_EDGE('',*,*,#242,.F.);
#242 = EDGE_CURVE('',#85,#220,#243,.T.);
#243 = SURFACE_CURVE('',#244,(#248,#255),.PCURVE_S1.);
#244 = LINE('',#245,#246);
#245 = CARTESIAN_POINT('',(-102.,-94.5,2.84217094304E-14));
#246 = VECTOR('',#247,1.);
#247 = DIRECTION('',(1.,0.,0.));
#248 = PCURVE('',#126,#249);
#249 = DEFINITIONAL_REPRESENTATION('',(#250),#254);
#250 = LINE('',#251,#252);
#251 = CARTESIAN_POINT('',(0.,189.));
#252 = VECTOR('',#253,1.);
#253 = DIRECTION('',(1.,0.));
#254 = ( GEOMETRIC_REPRESENTATION_CONTEXT(2) 
PARAMETRIC_REPRESENTATION_CONTEXT() REPRESENTATION_CONTEXT('2D SPACE',''
  ) );
#255 = PCURVE('',#100,#256);
#256 = DEFINITIONAL_REPRESENTATION('',(#257),#261);
#257 = LINE('',#258,#259);
#258 = CARTESIAN_POINT('',(5.,0.));
#259 = VECTOR('',#260,1.);
#260 = DIRECTION('',(0.,1.));
#261 = ( GEOMETRIC_REPRESENTATION_CONTEXT(2) 
PARAMETRIC_REPRESENTATION_CONTEXT() REPRESENTATION_CONTEXT('2D SPACE',''
  ) );
#262 = FACE_BOUND('',#263,.T.);
#263 = EDGE_LOOP('',(#264));
#264 = ORIENTED_EDGE('',*,*,#265,.T.);
#265 = EDGE_CURVE('',#266,#266,#268,.T.);
#266 = VERTEX_POINT('',#267);
#267 = CARTESIAN_POINT('',(-90.7,84.,0.));
#268 = SURFACE_CURVE('',#269,(#274,#285),.PCURVE_S1.);
#269 = CIRCLE('',#270,1.3);
#270 = AXIS2_PLACEMENT_3D('',#271,#272,#273);
#271 = CARTESIAN_POINT('',(-92.,84.,0.));
#272 = DIRECTION('',(-0.,1.224646799147E-16,1.));
#273 = DIRECTION('',(1.,0.,0.));
#274 = PCURVE('',#126,#275);
#275 = DEFINITIONAL_REPRESENTATION('',(#276),#284);
#276 = ( BOUNDED_CURVE() B_SPLINE_CURVE(2,(#277,#278,#279,#280,#281,#282
,#283),.UNSPECIFIED.,.T.,.F.) B_SPLINE_CURVE_WITH_KNOTS((1,2,2,2,2,1),(
    -2.094395102393,0.,2.094395102393,4.188790204786,6.28318530718,
8.377580409573),.UNSPECIFIED.) CURVE() GEOMETRIC_REPRESENTATION_ITEM() 
RATIONAL_B_SPLINE_CURVE((1.,0.5,1.,0.5,1.,0.5,1.)) REPRESENTATION_ITEM(
  '') );
#277 = CARTESIAN_POINT('',(11.3,10.5));
#278 = CARTESIAN_POINT('',(11.3,8.24833395016));
#279 = CARTESIAN_POINT('',(9.35,9.37416697508));
#280 = CARTESIAN_POINT('',(7.4,10.5));
#281 = CARTESIAN_POINT('',(9.35,11.62583302492));
#282 = CARTESIAN_POINT('',(11.3,12.75166604984));
#283 = CARTESIAN_POINT('',(11.3,10.5));
#284 = ( GEOMETRIC_REPRESENTATION_CONTEXT(2) 
PARAMETRIC_REPRESENTATION_CONTEXT() REPRESENTATION_CONTEXT('2D SPACE',''
  ) );
#285 = PCURVE('',#286,#291);
#286 = CYLINDRICAL_SURFACE('',#287,1.3);
#287 = AXIS2_PLACEMENT_3D('',#288,#289,#290);
#288 = CARTESIAN_POINT('',(-92.,84.,5.01));
#289 = DIRECTION('',(-0.,1.224646799147E-16,1.));
#290 = DIRECTION('',(1.,0.,0.));
#291 = DEFINITIONAL_REPRESENTATION('',(#292),#296);
#292 = LINE('',#293,#294);
#293 = CARTESIAN_POINT('',(-6.28318530718,-5.01));
#294 = VECTOR('',#295,1.);
#295 = DIRECTION('',(1.,-0.));
#296 = ( GEOMETRIC_REPRESENTATION_CONTEXT(2) 
PARAMETRIC_REPRESENTATION_CONTEXT() REPRESENTATION_CONTEXT('2D SPACE',''
  ) );
#297 = FACE_BOUND('',#298,.T.);
#298 = EDGE_LOOP('',(#299));
#299 = ORIENTED_EDGE('',*,*,#300,.T.);
#300 = EDGE_CURVE('',#301,#301,#303,.T.);
#301 = VERTEX_POINT('',#302);
#302 = CARTESIAN_POINT('',(-87.3,72.5,0.));
#303 = SURFACE_CURVE('',#304,(#309,#320),.PCURVE_S1.);
#304 = CIRCLE('',#305,1.7);
#305 = AXIS2_PLACEMENT_3D('',#306,#307,#308);
#306 = CARTESIAN_POINT('',(-89.,72.5,0.));
#307 = DIRECTION('',(-0.,1.224646799147E-16,1.));
#308 = DIRECTION('',(1.,0.,0.));
#309 = PCURVE('',#126,#310);
#310 = DEFINITIONAL_REPRESENTATION('',(#311),#319);
#311 = ( BOUNDED_CURVE() B_SPLINE_CURVE(2,(#312,#313,#314,#315,#316,#317
,#318),.UNSPECIFIED.,.T.,.F.) B_SPLINE_CURVE_WITH_KNOTS((1,2,2,2,2,1),(
    -2.094395102393,0.,2.094395102393,4.188790204786,6.28318530718,
8.377580409573),.UNSPECIFIED.) CURVE() GEOMETRIC_REPRESENTATION_ITEM() 
RATIONAL_B_SPLINE_CURVE((1.,0.5,1.,0.5,1.,0.5,1.)) REPRESENTATION_ITEM(
  '') );
#312 = CARTESIAN_POINT('',(14.7,22.));
#313 = CARTESIAN_POINT('',(14.7,19.055513627133));
#314 = CARTESIAN_POINT('',(12.15,20.527756813566));
#315 = CARTESIAN_POINT('',(9.6,22.));
#316 = CARTESIAN_POINT('',(12.15,23.472243186434));
#317 = CARTESIAN_POINT('',(14.7,24.944486372867));
#318 = CARTESIAN_POINT('',(14.7,22.));
#319 = ( GEOMETRIC_REPRESENTATION_CONTEXT(2) 
PARAMETRIC_REPRESENTATION_CONTEXT() REPRESENTATION_CONTEXT('2D SPACE',''
  ) );
#320 = PCURVE('',#321,#326);
#321 = CYLINDRICAL_SURFACE('',#322,1.7);
#322 = AXIS2_PLACEMENT_3D('',#323,#324,#325);
#323 = CARTESIAN_POINT('',(-89.,72.5,5.01));
#324 = DIRECTION('',(-0.,1.224646799147E-16,1.));
#325 = DIRECTION('',(1.,0.,0.));
#326 = DEFINITIONAL_REPRESENTATION('',(#327),#331);
#327 = LINE('',#328,#329);
#328 = CARTESIAN_POINT('',(-6.28318530718,-5.01));
#329 = VECTOR('',#330,1.);
#330 = DIRECTION('',(1.,-0.));
#331 = ( GEOMETRIC_REPRESENTATION_CONTEXT(2) 
PARAMETRIC_REPRESENTATION_CONTEXT() REPRESENTATION_CONTEXT('2D SPACE',''
  ) );
#332 = FACE_BOUND('',#333,.T.);
#333 = EDGE_LOOP('',(#334));
#334 = ORIENTED_EDGE('',*,*,#335,.T.);
#335 = EDGE_CURVE('',#336,#336,#338,.T.);
#336 = VERTEX_POINT('',#337);
#337 = CARTESIAN_POINT('',(-60.45,80.5,0.));
#338 = SURFACE_CURVE('',#339,(#344,#355),.PCURVE_S1.);
#339 = CIRCLE('',#340,1.3);
#340 = AXIS2_PLACEMENT_3D('',#341,#342,#343);
#341 = CARTESIAN_POINT('',(-61.75,80.5,0.));
#342 = DIRECTION('',(-0.,1.224646799147E-16,1.));
#343 = DIRECTION('',(1.,0.,0.));
#344 = PCURVE('',#126,#345);
#345 = DEFINITIONAL_REPRESENTATION('',(#346),#354);
#346 = ( BOUNDED_CURVE() B_SPLINE_CURVE(2,(#347,#348,#349,#350,#351,#352
,#353),.UNSPECIFIED.,.T.,.F.) B_SPLINE_CURVE_WITH_KNOTS((1,2,2,2,2,1),(
    -2.094395102393,0.,2.094395102393,4.188790204786,6.28318530718,
8.377580409573),.UNSPECIFIED.) CURVE() GEOMETRIC_REPRESENTATION_ITEM() 
RATIONAL_B_SPLINE_CURVE((1.,0.5,1.,0.5,1.,0.5,1.)) REPRESENTATION_ITEM(
  '') );
#347 = CARTESIAN_POINT('',(41.55,14.));
#348 = CARTESIAN_POINT('',(41.55,11.74833395016));
#349 = CARTESIAN_POINT('',(39.6,12.87416697508));
#350 = CARTESIAN_POINT('',(37.65,14.));
#351 = CARTESIAN_POINT('',(39.6,15.12583302492));
#352 = CARTESIAN_POINT('',(41.55,16.25166604984));
#353 = CARTESIAN_POINT('',(41.55,14.));
#354 = ( GEOMETRIC_REPRESENTATION_CONTEXT(2) 
PARAMETRIC_REPRESENTATION_CONTEXT() REPRESENTATION_CONTEXT('2D SPACE',''
  ) );
#355 = PCURVE('',#356,#361);
#356 = CYLINDRICAL_SURFACE('',#357,1.3);
#357 = AXIS2_PLACEMENT_3D('',#358,#359,#360);
#358 = CARTESIAN_POINT('',(-61.75,80.5,12.01));
#359 = DIRECTION('',(-0.,1.224646799147E-16,1.));
#360 = DIRECTION('',(1.,0.,0.));
#361 = DEFINITIONAL_REPRESENTATION('',(#362),#366);
#362 = LINE('',#363,#364);
#363 = CARTESIAN_POINT('',(-6.28318530718,-12.01));
#364 = VECTOR('',#365,1.);
#365 = DIRECTION('',(1.,-0.));
#366 = ( GEOMETRIC_REPRESENTATION_CONTEXT(2) 
PARAMETRIC_REPRESENTATION_CONTEXT() REPRESENTATION_CONTEXT('2D SPACE',''
  ) );
#367 = FACE_BOUND('',#368,.T.);
#368 = EDGE_LOOP('',(#369));
#369 = ORIENTED_EDGE('',*,*,#370,.T.);
#370 = EDGE_CURVE('',#371,#371,#373,.T.);
#371 = VERTEX_POINT('',#372);
#372 = CARTESIAN_POINT('',(-87.3,2.5,1.42108547152E-14));
#373 = SURFACE_CURVE('',#374,(#379,#390),.PCURVE_S1.);
#374 = CIRCLE('',#375,1.7);
#375 = AXIS2_PLACEMENT_3D('',#376,#377,#378);
#376 = CARTESIAN_POINT('',(-89.,2.5,1.42108547152E-14));
#377 = DIRECTION('',(-0.,1.224646799147E-16,1.));
#378 = DIRECTION('',(1.,0.,0.));
#379 = PCURVE('',#126,#380);
#380 = DEFINITIONAL_REPRESENTATION('',(#381),#389);
#381 = ( BOUNDED_CURVE() B_SPLINE_CURVE(2,(#382,#383,#384,#385,#386,#387
,#388),.UNSPECIFIED.,.T.,.F.) B_SPLINE_CURVE_WITH_KNOTS((1,2,2,2,2,1),(
    -2.094395102393,0.,2.094395102393,4.188790204786,6.28318530718,
8.377580409573),.UNSPECIFIED.) CURVE() GEOMETRIC_REPRESENTATION_ITEM() 
RATIONAL_B_SPLINE_CURVE((1.,0.5,1.,0.5,1.,0.5,1.)) REPRESENTATION_ITEM(
  '') );
#382 = CARTESIAN_POINT('',(14.7,92.));
#383 = CARTESIAN_POINT('',(14.7,89.055513627133));
#384 = CARTESIAN_POINT('',(12.15,90.527756813566));
#385 = CARTESIAN_POINT('',(9.6,92.));
#386 = CARTESIAN_POINT('',(12.15,93.472243186434));
#387 = CARTESIAN_POINT('',(14.7,94.944486372867));
#388 = CARTESIAN_POINT('',(14.7,92.));
#389 = ( GEOMETRIC_REPRESENTATION_CONTEXT(2) 
PARAMETRIC_REPRESENTATION_CONTEXT() REPRESENTATION_CONTEXT('2D SPACE',''
  ) );
#390 = PCURVE('',#391,#396);
#391 = CYLINDRICAL_SURFACE('',#392,1.7);
#392 = AXIS2_PLACEMENT_3D('',#393,#394,#395);
#393 = CARTESIAN_POINT('',(-89.,2.5,5.01));
#394 = DIRECTION('',(-0.,1.224646799147E-16,1.));
#395 = DIRECTION('',(1.,0.,0.));
#396 = DEFINITIONAL_REPRESENTATION('',(#397),#401);
#397 = LINE('',#398,#399);
#398 = CARTESIAN_POINT('',(-6.28318530718,-5.01));
#399 = VECTOR('',#400,1.);
#400 = DIRECTION('',(1.,-0.));
#401 = ( GEOMETRIC_REPRESENTATION_CONTEXT(2) 
PARAMETRIC_REPRESENTATION_CONTEXT() REPRESENTATION_CONTEXT('2D SPACE',''
  ) );
#402 = FACE_BOUND('',#403,.T.);
#403 = EDGE_LOOP('',(#404));
#404 = ORIENTED_EDGE('',*,*,#405,.T.);
#405 = EDGE_CURVE('',#406,#406,#408,.T.);
#406 = VERTEX_POINT('',#407);
#407 = CARTESIAN_POINT('',(-68.,2.5,1.42108547152E-14));
#408 = SURFACE_CURVE('',#409,(#414,#425),.PCURVE_S1.);
#409 = CIRCLE('',#410,6.);
#410 = AXIS2_PLACEMENT_3D('',#411,#412,#413);
#411 = CARTESIAN_POINT('',(-74.,2.5,1.42108547152E-14));
#412 = DIRECTION('',(-0.,1.224646799147E-16,1.));
#413 = DIRECTION('',(1.,0.,0.));
#414 = PCURVE('',#126,#415);
#415 = DEFINITIONAL_REPRESENTATION('',(#416),#424);
#416 = ( BOUNDED_CURVE() B_SPLINE_CURVE(2,(#417,#418,#419,#420,#421,#422
,#423),.UNSPECIFIED.,.T.,.F.) B_SPLINE_CURVE_WITH_KNOTS((1,2,2,2,2,1),(
    -2.094395102393,0.,2.094395102393,4.188790204786,6.28318530718,
8.377580409573),.UNSPECIFIED.) CURVE() GEOMETRIC_REPRESENTATION_ITEM() 
RATIONAL_B_SPLINE_CURVE((1.,0.5,1.,0.5,1.,0.5,1.)) REPRESENTATION_ITEM(
  '') );
#417 = CARTESIAN_POINT('',(34.,92.));
#418 = CARTESIAN_POINT('',(34.,81.607695154587));
#419 = CARTESIAN_POINT('',(25.,86.803847577293));
#420 = CARTESIAN_POINT('',(16.,92.));
#421 = CARTESIAN_POINT('',(25.,97.196152422707));
#422 = CARTESIAN_POINT('',(34.,102.39230484541));
#423 = CARTESIAN_POINT('',(34.,92.));
#424 = ( GEOMETRIC_REPRESENTATION_CONTEXT(2) 
PARAMETRIC_REPRESENTATION_CONTEXT() REPRESENTATION_CONTEXT('2D SPACE',''
  ) );
#425 = PCURVE('',#426,#431);
#426 = CYLINDRICAL_SURFACE('',#427,6.);
#427 = AXIS2_PLACEMENT_3D('',#428,#429,#430);
#428 = CARTESIAN_POINT('',(-74.,2.5,5.01));
#429 = DIRECTION('',(-0.,1.224646799147E-16,1.));
#430 = DIRECTION('',(1.,0.,0.));
#431 = DEFINITIONAL_REPRESENTATION('',(#432),#436);
#432 = LINE('',#433,#434);
#433 = CARTESIAN_POINT('',(-6.28318530718,-5.01));
#434 = VECTOR('',#435,1.);
#435 = DIRECTION('',(1.,-0.));
#436 = ( GEOMETRIC_REPRESENTATION_CONTEXT(2) 
PARAMETRIC_REPRESENTATION_CONTEXT() REPRESENTATION_CONTEXT('2D SPACE',''
  ) );
#437 = FACE_BOUND('',#438,.T.);
#438 = EDGE_LOOP('',(#439,#469,#497,#525));
#439 = ORIENTED_EDGE('',*,*,#440,.T.);
#440 = EDGE_CURVE('',#441,#443,#445,.T.);
#441 = VERTEX_POINT('',#442);
#442 = CARTESIAN_POINT('',(29.5,48.,0.));
#443 = VERTEX_POINT('',#444);
#444 = CARTESIAN_POINT('',(-36.,48.,0.));
#445 = SURFACE_CURVE('',#446,(#450,#457),.PCURVE_S1.);
#446 = LINE('',#447,#448);
#447 = CARTESIAN_POINT('',(-69.,48.,0.));
#448 = VECTOR('',#449,1.);
#449 = DIRECTION('',(-1.,-0.,0.));
#450 = PCURVE('',#126,#451);
#451 = DEFINITIONAL_REPRESENTATION('',(#452),#456);
#452 = LINE('',#453,#454);
#453 = CARTESIAN_POINT('',(33.,46.5));
#454 = VECTOR('',#455,1.);
#455 = DIRECTION('',(-1.,0.));
#456 = ( GEOMETRIC_REPRESENTATION_CONTEXT(2) 
PARAMETRIC_REPRESENTATION_CONTEXT() REPRESENTATION_CONTEXT('2D SPACE',''
  ) );
#457 = PCURVE('',#458,#463);
#458 = PLANE('',#459);
#459 = AXIS2_PLACEMENT_3D('',#460,#461,#462);
#460 = CARTESIAN_POINT('',(-36.,48.,5.01));
#461 = DIRECTION('',(0.,-1.,1.224646799147E-16));
#462 = DIRECTION('',(0.,-1.224646799147E-16,-1.));
#463 = DEFINITIONAL_REPRESENTATION('',(#464),#468);
#464 = LINE('',#465,#466);
#465 = CARTESIAN_POINT('',(5.01,-33.));
#466 = VECTOR('',#467,1.);
#467 = DIRECTION('',(-0.,-1.));
#468 = ( GEOMETRIC_REPRESENTATION_CONTEXT(2) 
PARAMETRIC_REPRESENTATION_CONTEXT() REPRESENTATION_CONTEXT('2D SPACE',''
  ) );
#469 = ORIENTED_EDGE('',*,*,#470,.T.);
#470 = EDGE_CURVE('',#443,#471,#473,.T.);
#471 = VERTEX_POINT('',#472);
#472 = CARTESIAN_POINT('',(-36.,23.7,1.42108547152E-14));
#473 = SURFACE_CURVE('',#474,(#478,#485),.PCURVE_S1.);
#474 = LINE('',#475,#476);
#475 = CARTESIAN_POINT('',(-36.,71.25,0.));
#476 = VECTOR('',#477,1.);
#477 = DIRECTION('',(0.,-1.,1.224646799147E-16));
#478 = PCURVE('',#126,#479);
#479 = DEFINITIONAL_REPRESENTATION('',(#480),#484);
#480 = LINE('',#481,#482);
#481 = CARTESIAN_POINT('',(66.,23.25));
#482 = VECTOR('',#483,1.);
#483 = DIRECTION('',(0.,1.));
#484 = ( GEOMETRIC_REPRESENTATION_CONTEXT(2) 
PARAMETRIC_REPRESENTATION_CONTEXT() REPRESENTATION_CONTEXT('2D SPACE',''
  ) );
#485 = PCURVE('',#486,#491);
#486 = PLANE('',#487);
#487 = AXIS2_PLACEMENT_3D('',#488,#489,#490);
#488 = CARTESIAN_POINT('',(-36.,48.,5.01));
#489 = DIRECTION('',(1.,0.,0.));
#490 = DIRECTION('',(0.,-1.224646799147E-16,-1.));
#491 = DEFINITIONAL_REPRESENTATION('',(#492),#496);
#492 = LINE('',#493,#494);
#493 = CARTESIAN_POINT('',(5.01,23.25));
#494 = VECTOR('',#495,1.);
#495 = DIRECTION('',(0.,-1.));
#496 = ( GEOMETRIC_REPRESENTATION_CONTEXT(2) 
PARAMETRIC_REPRESENTATION_CONTEXT() REPRESENTATION_CONTEXT('2D SPACE',''
  ) );
#497 = ORIENTED_EDGE('',*,*,#498,.F.);
#498 = EDGE_CURVE('',#499,#471,#501,.T.);
#499 = VERTEX_POINT('',#500);
#500 = CARTESIAN_POINT('',(29.5,23.7,1.42108547152E-14));
#501 = SURFACE_CURVE('',#502,(#506,#513),.PCURVE_S1.);
#502 = LINE('',#503,#504);
#503 = CARTESIAN_POINT('',(-69.,23.7,1.42108547152E-14));
#504 = VECTOR('',#505,1.);
#505 = DIRECTION('',(-1.,-0.,0.));
#506 = PCURVE('',#126,#507);
#507 = DEFINITIONAL_REPRESENTATION('',(#508),#512);
#508 = LINE('',#509,#510);
#509 = CARTESIAN_POINT('',(33.,70.8));
#510 = VECTOR('',#511,1.);
#511 = DIRECTION('',(-1.,0.));
#512 = ( GEOMETRIC_REPRESENTATION_CONTEXT(2) 
PARAMETRIC_REPRESENTATION_CONTEXT() REPRESENTATION_CONTEXT('2D SPACE',''
  ) );
#513 = PCURVE('',#514,#519);
#514 = PLANE('',#515);
#515 = AXIS2_PLACEMENT_3D('',#516,#517,#518);
#516 = CARTESIAN_POINT('',(-36.,23.7,5.01));
#517 = DIRECTION('',(0.,-1.,1.224646799147E-16));
#518 = DIRECTION('',(0.,-1.224646799147E-16,-1.));
#519 = DEFINITIONAL_REPRESENTATION('',(#520),#524);
#520 = LINE('',#521,#522);
#521 = CARTESIAN_POINT('',(5.01,-33.));
#522 = VECTOR('',#523,1.);
#523 = DIRECTION('',(-0.,-1.));
#524 = ( GEOMETRIC_REPRESENTATION_CONTEXT(2) 
PARAMETRIC_REPRESENTATION_CONTEXT() REPRESENTATION_CONTEXT('2D SPACE',''
  ) );
#525 = ORIENTED_EDGE('',*,*,#526,.F.);
#526 = EDGE_CURVE('',#441,#499,#527,.T.);
#527 = SURFACE_CURVE('',#528,(#532,#539),.PCURVE_S1.);
#528 = LINE('',#529,#530);
#529 = CARTESIAN_POINT('',(29.5,71.25,0.));
#530 = VECTOR('',#531,1.);
#531 = DIRECTION('',(0.,-1.,1.224646799147E-16));
#532 = PCURVE('',#126,#533);
#533 = DEFINITIONAL_REPRESENTATION('',(#534),#538);
#534 = LINE('',#535,#536);
#535 = CARTESIAN_POINT('',(131.5,23.25));
#536 = VECTOR('',#537,1.);
#537 = DIRECTION('',(0.,1.));
#538 = ( GEOMETRIC_REPRESENTATION_CONTEXT(2) 
PARAMETRIC_REPRESENTATION_CONTEXT() REPRESENTATION_CONTEXT('2D SPACE',''
  ) );
#539 = PCURVE('',#540,#545);
#540 = PLANE('',#541);
#541 = AXIS2_PLACEMENT_3D('',#542,#543,#544);
#542 = CARTESIAN_POINT('',(29.5,48.,5.01));
#543 = DIRECTION('',(1.,0.,0.));
#544 = DIRECTION('',(0.,-1.224646799147E-16,-1.));
#545 = DEFINITIONAL_REPRESENTATION('',(#546),#550);
#546 = LINE('',#547,#548);
#547 = CARTESIAN_POINT('',(5.01,23.25));
#548 = VECTOR('',#549,1.);
#549 = DIRECTION('',(0.,-1.));
#550 = ( GEOMETRIC_REPRESENTATION_CONTEXT(2) 
PARAMETRIC_REPRESENTATION_CONTEXT() REPRESENTATION_CONTEXT('2D SPACE',''
  ) );
#551 = FACE_BOUND('',#552,.T.);
#552 = EDGE_LOOP('',(#553));
#553 = ORIENTED_EDGE('',*,*,#554,.T.);
#554 = EDGE_CURVE('',#555,#555,#557,.T.);
#555 = VERTEX_POINT('',#556);
#556 = CARTESIAN_POINT('',(69.55,80.5,0.));
#557 = SURFACE_CURVE('',#558,(#563,#574),.PCURVE_S1.);
#558 = CIRCLE('',#559,1.3);
#559 = AXIS2_PLACEMENT_3D('',#560,#561,#562);
#560 = CARTESIAN_POINT('',(68.25,80.5,0.));
#561 = DIRECTION('',(-0.,1.224646799147E-16,1.));
#562 = DIRECTION('',(1.,0.,0.));
#563 = PCURVE('',#126,#564);
#564 = DEFINITIONAL_REPRESENTATION('',(#565),#573);
#565 = ( BOUNDED_CURVE() B_SPLINE_CURVE(2,(#566,#567,#568,#569,#570,#571
,#572),.UNSPECIFIED.,.T.,.F.) B_SPLINE_CURVE_WITH_KNOTS((1,2,2,2,2,1),(
    -2.094395102393,0.,2.094395102393,4.188790204786,6.28318530718,
8.377580409573),.UNSPECIFIED.) CURVE() GEOMETRIC_REPRESENTATION_ITEM() 
RATIONAL_B_SPLINE_CURVE((1.,0.5,1.,0.5,1.,0.5,1.)) REPRESENTATION_ITEM(
  '') );
#566 = CARTESIAN_POINT('',(171.55,14.));
#567 = CARTESIAN_POINT('',(171.55,11.74833395016));
#568 = CARTESIAN_POINT('',(169.6,12.87416697508));
#569 = CARTESIAN_POINT('',(167.65,14.));
#570 = CARTESIAN_POINT('',(169.6,15.12583302492));
#571 = CARTESIAN_POINT('',(171.55,16.25166604984));
#572 = CARTESIAN_POINT('',(171.55,14.));
#573 = ( GEOMETRIC_REPRESENTATION_CONTEXT(2) 
PARAMETRIC_REPRESENTATION_CONTEXT() REPRESENTATION_CONTEXT('2D SPACE',''
  ) );
#574 = PCURVE('',#575,#580);
#575 = CYLINDRICAL_SURFACE('',#576,1.3);
#576 = AXIS2_PLACEMENT_3D('',#577,#578,#579);
#577 = CARTESIAN_POINT('',(68.25,80.5,12.01));
#578 = DIRECTION('',(-0.,1.224646799147E-16,1.));
#579 = DIRECTION('',(1.,0.,0.));
#580 = DEFINITIONAL_REPRESENTATION('',(#581),#585);
#581 = LINE('',#582,#583);
#582 = CARTESIAN_POINT('',(-6.28318530718,-12.01));
#583 = VECTOR('',#584,1.);
#584 = DIRECTION('',(1.,-0.));
#585 = ( GEOMETRIC_REPRESENTATION_CONTEXT(2) 
PARAMETRIC_REPRESENTATION_CONTEXT() REPRESENTATION_CONTEXT('2D SPACE',''
  ) );
#586 = FACE_BOUND('',#587,.T.);
#587 = EDGE_LOOP('',(#588));
#588 = ORIENTED_EDGE('',*,*,#589,.T.);
#589 = EDGE_CURVE('',#590,#590,#592,.T.);
#590 = VERTEX_POINT('',#591);
#591 = CARTESIAN_POINT('',(92.7,82.5,0.));
#592 = SURFACE_CURVE('',#593,(#598,#609),.PCURVE_S1.);
#593 = CIRCLE('',#594,1.7);
#594 = AXIS2_PLACEMENT_3D('',#595,#596,#597);
#595 = CARTESIAN_POINT('',(91.,82.5,0.));
#596 = DIRECTION('',(-0.,1.224646799147E-16,1.));
#597 = DIRECTION('',(1.,0.,0.));
#598 = PCURVE('',#126,#599);
#599 = DEFINITIONAL_REPRESENTATION('',(#600),#608);
#600 = ( BOUNDED_CURVE() B_SPLINE_CURVE(2,(#601,#602,#603,#604,#605,#606
,#607),.UNSPECIFIED.,.T.,.F.) B_SPLINE_CURVE_WITH_KNOTS((1,2,2,2,2,1),(
    -2.094395102393,0.,2.094395102393,4.188790204786,6.28318530718,
8.377580409573),.UNSPECIFIED.) CURVE() GEOMETRIC_REPRESENTATION_ITEM() 
RATIONAL_B_SPLINE_CURVE((1.,0.5,1.,0.5,1.,0.5,1.)) REPRESENTATION_ITEM(
  '') );
#601 = CARTESIAN_POINT('',(194.7,12.));
#602 = CARTESIAN_POINT('',(194.7,9.055513627133));
#603 = CARTESIAN_POINT('',(192.15,10.527756813566));
#604 = CARTESIAN_POINT('',(189.6,12.));
#605 = CARTESIAN_POINT('',(192.15,13.472243186434));
#606 = CARTESIAN_POINT('',(194.7,14.944486372867));
#607 = CARTESIAN_POINT('',(194.7,12.));
#608 = ( GEOMETRIC_REPRESENTATION_CONTEXT(2) 
PARAMETRIC_REPRESENTATION_CONTEXT() REPRESENTATION_CONTEXT('2D SPACE',''
  ) );
#609 = PCURVE('',#610,#615);
#610 = CYLINDRICAL_SURFACE('',#611,1.7);
#611 = AXIS2_PLACEMENT_3D('',#612,#613,#614);
#612 = CARTESIAN_POINT('',(91.,82.5,5.01));
#613 = DIRECTION('',(-0.,1.224646799147E-16,1.));
#614 = DIRECTION('',(1.,0.,0.));
#615 = DEFINITIONAL_REPRESENTATION('',(#616),#620);
#616 = LINE('',#617,#618);
#617 = CARTESIAN_POINT('',(-6.28318530718,-5.01));
#618 = VECTOR('',#619,1.);
#619 = DIRECTION('',(1.,-0.));
#620 = ( GEOMETRIC_REPRESENTATION_CONTEXT(2) 
PARAMETRIC_REPRESENTATION_CONTEXT() REPRESENTATION_CONTEXT('2D SPACE',''
  ) );
#621 = FACE_BOUND('',#622,.T.);
#622 = EDGE_LOOP('',(#623));
#623 = ORIENTED_EDGE('',*,*,#624,.T.);
#624 = EDGE_CURVE('',#625,#625,#627,.T.);
#625 = VERTEX_POINT('',#626);
#626 = CARTESIAN_POINT('',(92.,66.5,0.));
#627 = SURFACE_CURVE('',#628,(#633,#644),.PCURVE_S1.);
#628 = CIRCLE('',#629,6.);
#629 = AXIS2_PLACEMENT_3D('',#630,#631,#632);
#630 = CARTESIAN_POINT('',(86.,66.5,0.));
#631 = DIRECTION('',(-0.,1.224646799147E-16,1.));
#632 = DIRECTION('',(1.,0.,0.));
#633 = PCURVE('',#126,#634);
#634 = DEFINITIONAL_REPRESENTATION('',(#635),#643);
#635 = ( BOUNDED_CURVE() B_SPLINE_CURVE(2,(#636,#637,#638,#639,#640,#641
,#642),.UNSPECIFIED.,.T.,.F.) B_SPLINE_CURVE_WITH_KNOTS((1,2,2,2,2,1),(
    -2.094395102393,0.,2.094395102393,4.188790204786,6.28318530718,
8.377580409573),.UNSPECIFIED.) CURVE() GEOMETRIC_REPRESENTATION_ITEM() 
RATIONAL_B_SPLINE_CURVE((1.,0.5,1.,0.5,1.,0.5,1.)) REPRESENTATION_ITEM(
  '') );
#636 = CARTESIAN_POINT('',(194.,28.));
#637 = CARTESIAN_POINT('',(194.,17.607695154587));
#638 = CARTESIAN_POINT('',(185.,22.803847577293));
#639 = CARTESIAN_POINT('',(176.,28.));
#640 = CARTESIAN_POINT('',(185.,33.196152422707));
#641 = CARTESIAN_POINT('',(194.,38.392304845413));
#642 = CARTESIAN_POINT('',(194.,28.));
#643 = ( GEOMETRIC_REPRESENTATION_CONTEXT(2) 
PARAMETRIC_REPRESENTATION_CONTEXT() REPRESENTATION_CONTEXT('2D SPACE',''
  ) );
#644 = PCURVE('',#645,#650);
#645 = CYLINDRICAL_SURFACE('',#646,6.);
#646 = AXIS2_PLACEMENT_3D('',#647,#648,#649);
#647 = CARTESIAN_POINT('',(86.,66.5,5.01));
#648 = DIRECTION('',(-0.,1.224646799147E-16,1.));
#649 = DIRECTION('',(1.,0.,0.));
#650 = DEFINITIONAL_REPRESENTATION('',(#651),#655);
#651 = LINE('',#652,#653);
#652 = CARTESIAN_POINT('',(-6.28318530718,-5.01));
#653 = VECTOR('',#654,1.);
#654 = DIRECTION('',(1.,-0.));
#655 = ( GEOMETRIC_REPRESENTATION_CONTEXT(2) 
PARAMETRIC_REPRESENTATION_CONTEXT() REPRESENTATION_CONTEXT('2D SPACE',''
  ) );
#656 = FACE_BOUND('',#657,.T.);
#657 = EDGE_LOOP('',(#658));
#658 = ORIENTED_EDGE('',*,*,#659,.T.);
#659 = EDGE_CURVE('',#660,#660,#662,.T.);
#660 = VERTEX_POINT('',#661);
#661 = CARTESIAN_POINT('',(92.7,42.5,1.42108547152E-14));
#662 = SURFACE_CURVE('',#663,(#668,#679),.PCURVE_S1.);
#663 = CIRCLE('',#664,1.7);
#664 = AXIS2_PLACEMENT_3D('',#665,#666,#667);
#665 = CARTESIAN_POINT('',(91.,42.5,1.42108547152E-14));
#666 = DIRECTION('',(-0.,1.224646799147E-16,1.));
#667 = DIRECTION('',(1.,0.,0.));
#668 = PCURVE('',#126,#669);
#669 = DEFINITIONAL_REPRESENTATION('',(#670),#678);
#670 = ( BOUNDED_CURVE() B_SPLINE_CURVE(2,(#671,#672,#673,#674,#675,#676
,#677),.UNSPECIFIED.,.T.,.F.) B_SPLINE_CURVE_WITH_KNOTS((1,2,2,2,2,1),(
    -2.094395102393,0.,2.094395102393,4.188790204786,6.28318530718,
8.377580409573),.UNSPECIFIED.) CURVE() GEOMETRIC_REPRESENTATION_ITEM() 
RATIONAL_B_SPLINE_CURVE((1.,0.5,1.,0.5,1.,0.5,1.)) REPRESENTATION_ITEM(
  '') );
#671 = CARTESIAN_POINT('',(194.7,52.));
#672 = CARTESIAN_POINT('',(194.7,49.055513627133));
#673 = CARTESIAN_POINT('',(192.15,50.527756813566));
#674 = CARTESIAN_POINT('',(189.6,52.));
#675 = CARTESIAN_POINT('',(192.15,53.472243186434));
#676 = CARTESIAN_POINT('',(194.7,54.944486372867));
#677 = CARTESIAN_POINT('',(194.7,52.));
#678 = ( GEOMETRIC_REPRESENTATION_CONTEXT(2) 
PARAMETRIC_REPRESENTATION_CONTEXT() REPRESENTATION_CONTEXT('2D SPACE',''
  ) );
#679 = PCURVE('',#680,#685);
#680 = CYLINDRICAL_SURFACE('',#681,1.7);
#681 = AXIS2_PLACEMENT_3D('',#682,#683,#684);
#682 = CARTESIAN_POINT('',(91.,42.5,5.01));
#683 = DIRECTION('',(-0.,1.224646799147E-16,1.));
#684 = DIRECTION('',(1.,0.,0.));
#685 = DEFINITIONAL_REPRESENTATION('',(#686),#690);
#686 = LINE('',#687,#688);
#687 = CARTESIAN_POINT('',(-6.28318530718,-5.01));
#688 = VECTOR('',#689,1.);
#689 = DIRECTION('',(1.,-0.));
#690 = ( GEOMETRIC_REPRESENTATION_CONTEXT(2) 
PARAMETRIC_REPRESENTATION_CONTEXT() REPRESENTATION_CONTEXT('2D SPACE',''
  ) );
#691 = FACE_BOUND('',#692,.T.);
#692 = EDGE_LOOP('',(#693));
#693 = ORIENTED_EDGE('',*,*,#694,.T.);
#694 = EDGE_CURVE('',#695,#695,#697,.T.);
#695 = VERTEX_POINT('',#696);
#696 = CARTESIAN_POINT('',(93.5,14.5,1.42108547152E-14));
#697 = SURFACE_CURVE('',#698,(#703,#714),.PCURVE_S1.);
#698 = CIRCLE('',#699,7.5);
#699 = AXIS2_PLACEMENT_3D('',#700,#701,#702);
#700 = CARTESIAN_POINT('',(86.,14.5,1.42108547152E-14));
#701 = DIRECTION('',(-0.,1.224646799147E-16,1.));
#702 = DIRECTION('',(1.,0.,0.));
#703 = PCURVE('',#126,#704);
#704 = DEFINITIONAL_REPRESENTATION('',(#705),#713);
#705 = ( BOUNDED_CURVE() B_SPLINE_CURVE(2,(#706,#707,#708,#709,#710,#711
,#712),.UNSPECIFIED.,.T.,.F.) B_SPLINE_CURVE_WITH_KNOTS((1,2,2,2,2,1),(
    -2.094395102393,0.,2.094395102393,4.188790204786,6.28318530718,
8.377580409573),.UNSPECIFIED.) CURVE() GEOMETRIC_REPRESENTATION_ITEM() 
RATIONAL_B_SPLINE_CURVE((1.,0.5,1.,0.5,1.,0.5,1.)) REPRESENTATION_ITEM(
  '') );
#706 = CARTESIAN_POINT('',(195.5,80.));
#707 = CARTESIAN_POINT('',(195.5,67.009618943233));
#708 = CARTESIAN_POINT('',(184.25,73.504809471617));
#709 = CARTESIAN_POINT('',(173.,80.));
#710 = CARTESIAN_POINT('',(184.25,86.495190528383));
#711 = CARTESIAN_POINT('',(195.5,92.990381056767));
#712 = CARTESIAN_POINT('',(195.5,80.));
#713 = ( GEOMETRIC_REPRESENTATION_CONTEXT(2) 
PARAMETRIC_REPRESENTATION_CONTEXT() REPRESENTATION_CONTEXT('2D SPACE',''
  ) );
#714 = PCURVE('',#715,#720);
#715 = CYLINDRICAL_SURFACE('',#716,7.5);
#716 = AXIS2_PLACEMENT_3D('',#717,#718,#719);
#717 = CARTESIAN_POINT('',(86.,14.5,5.01));
#718 = DIRECTION('',(-0.,1.224646799147E-16,1.));
#719 = DIRECTION('',(1.,0.,0.));
#720 = DEFINITIONAL_REPRESENTATION('',(#721),#725);
#721 = LINE('',#722,#723);
#722 = CARTESIAN_POINT('',(-6.28318530718,-5.01));
#723 = VECTOR('',#724,1.);
#724 = DIRECTION('',(1.,-0.));
#725 = ( GEOMETRIC_REPRESENTATION_CONTEXT(2) 
PARAMETRIC_REPRESENTATION_CONTEXT() REPRESENTATION_CONTEXT('2D SPACE',''
  ) );
#726 = FACE_BOUND('',#727,.T.);
#727 = EDGE_LOOP('',(#728));
#728 = ORIENTED_EDGE('',*,*,#729,.T.);
#729 = EDGE_CURVE('',#730,#730,#732,.T.);
#730 = VERTEX_POINT('',#731);
#731 = CARTESIAN_POINT('',(-90.7,-47.,1.42108547152E-14));
#732 = SURFACE_CURVE('',#733,(#738,#749),.PCURVE_S1.);
#733 = CIRCLE('',#734,1.3);
#734 = AXIS2_PLACEMENT_3D('',#735,#736,#737);
#735 = CARTESIAN_POINT('',(-92.,-47.,1.42108547152E-14));
#736 = DIRECTION('',(-0.,1.224646799147E-16,1.));
#737 = DIRECTION('',(1.,0.,0.));
#738 = PCURVE('',#126,#739);
#739 = DEFINITIONAL_REPRESENTATION('',(#740),#748);
#740 = ( BOUNDED_CURVE() B_SPLINE_CURVE(2,(#741,#742,#743,#744,#745,#746
,#747),.UNSPECIFIED.,.T.,.F.) B_SPLINE_CURVE_WITH_KNOTS((1,2,2,2,2,1),(
    -2.094395102393,0.,2.094395102393,4.188790204786,6.28318530718,
8.377580409573),.UNSPECIFIED.) CURVE() GEOMETRIC_REPRESENTATION_ITEM() 
RATIONAL_B_SPLINE_CURVE((1.,0.5,1.,0.5,1.,0.5,1.)) REPRESENTATION_ITEM(
  '') );
#741 = CARTESIAN_POINT('',(11.3,141.5));
#742 = CARTESIAN_POINT('',(11.3,139.24833395016));
#743 = CARTESIAN_POINT('',(9.35,140.37416697508));
#744 = CARTESIAN_POINT('',(7.4,141.5));
#745 = CARTESIAN_POINT('',(9.35,142.62583302492));
#746 = CARTESIAN_POINT('',(11.3,143.75166604984));
#747 = CARTESIAN_POINT('',(11.3,141.5));
#748 = ( GEOMETRIC_REPRESENTATION_CONTEXT(2) 
PARAMETRIC_REPRESENTATION_CONTEXT() REPRESENTATION_CONTEXT('2D SPACE',''
  ) );
#749 = PCURVE('',#750,#755);
#750 = CYLINDRICAL_SURFACE('',#751,1.3);
#751 = AXIS2_PLACEMENT_3D('',#752,#753,#754);
#752 = CARTESIAN_POINT('',(-92.,-47.,5.01));
#753 = DIRECTION('',(-0.,1.224646799147E-16,1.));
#754 = DIRECTION('',(1.,0.,0.));
#755 = DEFINITIONAL_REPRESENTATION('',(#756),#760);
#756 = LINE('',#757,#758);
#757 = CARTESIAN_POINT('',(-6.28318530718,-5.01));
#758 = VECTOR('',#759,1.);
#759 = DIRECTION('',(1.,-0.));
#760 = ( GEOMETRIC_REPRESENTATION_CONTEXT(2) 
PARAMETRIC_REPRESENTATION_CONTEXT() REPRESENTATION_CONTEXT('2D SPACE',''
  ) );
#761 = FACE_BOUND('',#762,.T.);
#762 = EDGE_LOOP('',(#763));
#763 = ORIENTED_EDGE('',*,*,#764,.T.);
#764 = EDGE_CURVE('',#765,#765,#767,.T.);
#765 = VERTEX_POINT('',#766);
#766 = CARTESIAN_POINT('',(-60.45,-67.5,1.42108547152E-14));
#767 = SURFACE_CURVE('',#768,(#773,#784),.PCURVE_S1.);
#768 = CIRCLE('',#769,1.3);
#769 = AXIS2_PLACEMENT_3D('',#770,#771,#772);
#770 = CARTESIAN_POINT('',(-61.75,-67.5,1.42108547152E-14));
#771 = DIRECTION('',(-0.,1.224646799147E-16,1.));
#772 = DIRECTION('',(1.,0.,0.));
#773 = PCURVE('',#126,#774);
#774 = DEFINITIONAL_REPRESENTATION('',(#775),#783);
#775 = ( BOUNDED_CURVE() B_SPLINE_CURVE(2,(#776,#777,#778,#779,#780,#781
,#782),.UNSPECIFIED.,.T.,.F.) B_SPLINE_CURVE_WITH_KNOTS((1,2,2,2,2,1),(
    -2.094395102393,0.,2.094395102393,4.188790204786,6.28318530718,
8.377580409573),.UNSPECIFIED.) CURVE() GEOMETRIC_REPRESENTATION_ITEM() 
RATIONAL_B_SPLINE_CURVE((1.,0.5,1.,0.5,1.,0.5,1.)) REPRESENTATION_ITEM(
  '') );
#776 = CARTESIAN_POINT('',(41.55,162.));
#777 = CARTESIAN_POINT('',(41.55,159.74833395016));
#778 = CARTESIAN_POINT('',(39.6,160.87416697508));
#779 = CARTESIAN_POINT('',(37.65,162.));
#780 = CARTESIAN_POINT('',(39.6,163.12583302492));
#781 = CARTESIAN_POINT('',(41.55,164.25166604984));
#782 = CARTESIAN_POINT('',(41.55,162.));
#783 = ( GEOMETRIC_REPRESENTATION_CONTEXT(2) 
PARAMETRIC_REPRESENTATION_CONTEXT() REPRESENTATION_CONTEXT('2D SPACE',''
  ) );
#784 = PCURVE('',#785,#790);
#785 = CYLINDRICAL_SURFACE('',#786,1.3);
#786 = AXIS2_PLACEMENT_3D('',#787,#788,#789);
#787 = CARTESIAN_POINT('',(-61.75,-67.5,12.01));
#788 = DIRECTION('',(-0.,1.224646799147E-16,1.));
#789 = DIRECTION('',(1.,0.,0.));
#790 = DEFINITIONAL_REPRESENTATION('',(#791),#795);
#791 = LINE('',#792,#793);
#792 = CARTESIAN_POINT('',(-6.28318530718,-12.01));
#793 = VECTOR('',#794,1.);
#794 = DIRECTION('',(1.,-0.));
#795 = ( GEOMETRIC_REPRESENTATION_CONTEXT(2) 
PARAMETRIC_REPRESENTATION_CONTEXT() REPRESENTATION_CONTEXT('2D SPACE',''
  ) );
#796 = FACE_BOUND('',#797,.T.);
#797 = EDGE_LOOP('',(#798));
#798 = ORIENTED_EDGE('',*,*,#799,.T.);
#799 = EDGE_CURVE('',#800,#800,#802,.T.);
#800 = VERTEX_POINT('',#801);
#801 = CARTESIAN_POINT('',(-87.3,-72.5,2.84217094304E-14));
#802 = SURFACE_CURVE('',#803,(#808,#819),.PCURVE_S1.);
#803 = CIRCLE('',#804,1.7);
#804 = AXIS2_PLACEMENT_3D('',#805,#806,#807);
#805 = CARTESIAN_POINT('',(-89.,-72.5,2.84217094304E-14));
#806 = DIRECTION('',(-0.,1.224646799147E-16,1.));
#807 = DIRECTION('',(1.,0.,0.));
#808 = PCURVE('',#126,#809);
#809 = DEFINITIONAL_REPRESENTATION('',(#810),#818);
#810 = ( BOUNDED_CURVE() B_SPLINE_CURVE(2,(#811,#812,#813,#814,#815,#816
,#817),.UNSPECIFIED.,.T.,.F.) B_SPLINE_CURVE_WITH_KNOTS((1,2,2,2,2,1),(
    -2.094395102393,0.,2.094395102393,4.188790204786,6.28318530718,
8.377580409573),.UNSPECIFIED.) CURVE() GEOMETRIC_REPRESENTATION_ITEM() 
RATIONAL_B_SPLINE_CURVE((1.,0.5,1.,0.5,1.,0.5,1.)) REPRESENTATION_ITEM(
  '') );
#811 = CARTESIAN_POINT('',(14.7,167.));
#812 = CARTESIAN_POINT('',(14.7,164.05551362713));
#813 = CARTESIAN_POINT('',(12.15,165.52775681356));
#814 = CARTESIAN_POINT('',(9.6,167.));
#815 = CARTESIAN_POINT('',(12.15,168.47224318643));
#816 = CARTESIAN_POINT('',(14.7,169.94448637286));
#817 = CARTESIAN_POINT('',(14.7,167.));
#818 = ( GEOMETRIC_REPRESENTATION_CONTEXT(2) 
PARAMETRIC_REPRESENTATION_CONTEXT() REPRESENTATION_CONTEXT('2D SPACE',''
  ) );
#819 = PCURVE('',#820,#825);
#820 = CYLINDRICAL_SURFACE('',#821,1.7);
#821 = AXIS2_PLACEMENT_3D('',#822,#823,#824);
#822 = CARTESIAN_POINT('',(-89.,-72.5,5.01));
#823 = DIRECTION('',(-0.,1.224646799147E-16,1.));
#824 = DIRECTION('',(1.,0.,0.));
#825 = DEFINITIONAL_REPRESENTATION('',(#826),#830);
#826 = LINE('',#827,#828);
#827 = CARTESIAN_POINT('',(-6.28318530718,-5.01));
#828 = VECTOR('',#829,1.);
#829 = DIRECTION('',(1.,-0.));
#830 = ( GEOMETRIC_REPRESENTATION_CONTEXT(2) 
PARAMETRIC_REPRESENTATION_CONTEXT() REPRESENTATION_CONTEXT('2D SPACE',''
  ) );
#831 = FACE_BOUND('',#832,.T.);
#832 = EDGE_LOOP('',(#833));
#833 = ORIENTED_EDGE('',*,*,#834,.F.);
#834 = EDGE_CURVE('',#835,#835,#837,.T.);
#835 = VERTEX_POINT('',#836);
#836 = CARTESIAN_POINT('',(-17.50875,-86.25,2.84217094304E-14));
#837 = SURFACE_CURVE('',#838,(#843,#850),.PCURVE_S1.);
#838 = CIRCLE('',#839,7.49125);
#839 = AXIS2_PLACEMENT_3D('',#840,#841,#842);
#840 = CARTESIAN_POINT('',(-25.,-86.25,2.84217094304E-14));
#841 = DIRECTION('',(0.,-1.224646799147E-16,-1.));
#842 = DIRECTION('',(1.,0.,0.));
#843 = PCURVE('',#126,#844);
#844 = DEFINITIONAL_REPRESENTATION('',(#845),#849);
#845 = CIRCLE('',#846,7.49125);
#846 = AXIS2_PLACEMENT_2D('',#847,#848);
#847 = CARTESIAN_POINT('',(77.,180.75));
#848 = DIRECTION('',(1.,0.));
#849 = ( GEOMETRIC_REPRESENTATION_CONTEXT(2) 
PARAMETRIC_REPRESENTATION_CONTEXT() REPRESENTATION_CONTEXT('2D SPACE',''
  ) );
#850 = PCURVE('',#851,#856);
#851 = CONICAL_SURFACE('',#852,4.,0.718829999622);
#852 = AXIS2_PLACEMENT_3D('',#853,#854,#855);
#853 = CARTESIAN_POINT('',(-25.,-86.25,3.99));
#854 = DIRECTION('',(0.,-1.224646799147E-16,-1.));
#855 = DIRECTION('',(1.,0.,0.));
#856 = DEFINITIONAL_REPRESENTATION('',(#857),#861);
#857 = LINE('',#858,#859);
#858 = CARTESIAN_POINT('',(0.,3.99));
#859 = VECTOR('',#860,1.);
#860 = DIRECTION('',(1.,0.));
#861 = ( GEOMETRIC_REPRESENTATION_CONTEXT(2) 
PARAMETRIC_REPRESENTATION_CONTEXT() REPRESENTATION_CONTEXT('2D SPACE',''
  ) );
#862 = FACE_BOUND('',#863,.T.);
#863 = EDGE_LOOP('',(#864));
#864 = ORIENTED_EDGE('',*,*,#865,.T.);
#865 = EDGE_CURVE('',#866,#866,#868,.T.);
#866 = VERTEX_POINT('',#867);
#867 = CARTESIAN_POINT('',(69.55,-67.5,1.42108547152E-14));
#868 = SURFACE_CURVE('',#869,(#874,#885),.PCURVE_S1.);
#869 = CIRCLE('',#870,1.3);
#870 = AXIS2_PLACEMENT_3D('',#871,#872,#873);
#871 = CARTESIAN_POINT('',(68.25,-67.5,1.42108547152E-14));
#872 = DIRECTION('',(-0.,1.224646799147E-16,1.));
#873 = DIRECTION('',(1.,0.,0.));
#874 = PCURVE('',#126,#875);
#875 = DEFINITIONAL_REPRESENTATION('',(#876),#884);
#876 = ( BOUNDED_CURVE() B_SPLINE_CURVE(2,(#877,#878,#879,#880,#881,#882
,#883),.UNSPECIFIED.,.T.,.F.) B_SPLINE_CURVE_WITH_KNOTS((1,2,2,2,2,1),(
    -2.094395102393,0.,2.094395102393,4.188790204786,6.28318530718,
8.377580409573),.UNSPECIFIED.) CURVE() GEOMETRIC_REPRESENTATION_ITEM() 
RATIONAL_B_SPLINE_CURVE((1.,0.5,1.,0.5,1.,0.5,1.)) REPRESENTATION_ITEM(
  '') );
#877 = CARTESIAN_POINT('',(171.55,162.));
#878 = CARTESIAN_POINT('',(171.55,159.74833395016));
#879 = CARTESIAN_POINT('',(169.6,160.87416697508));
#880 = CARTESIAN_POINT('',(167.65,162.));
#881 = CARTESIAN_POINT('',(169.6,163.12583302492));
#882 = CARTESIAN_POINT('',(171.55,164.25166604984));
#883 = CARTESIAN_POINT('',(171.55,162.));
#884 = ( GEOMETRIC_REPRESENTATION_CONTEXT(2) 
PARAMETRIC_REPRESENTATION_CONTEXT() REPRESENTATION_CONTEXT('2D SPACE',''
  ) );
#885 = PCURVE('',#886,#891);
#886 = CYLINDRICAL_SURFACE('',#887,1.3);
#887 = AXIS2_PLACEMENT_3D('',#888,#889,#890);
#888 = CARTESIAN_POINT('',(68.25,-67.5,12.01));
#889 = DIRECTION('',(-0.,1.224646799147E-16,1.));
#890 = DIRECTION('',(1.,0.,0.));
#891 = DEFINITIONAL_REPRESENTATION('',(#892),#896);
#892 = LINE('',#893,#894);
#893 = CARTESIAN_POINT('',(-6.28318530718,-12.01));
#894 = VECTOR('',#895,1.);
#895 = DIRECTION('',(1.,-0.));
#896 = ( GEOMETRIC_REPRESENTATION_CONTEXT(2) 
PARAMETRIC_REPRESENTATION_CONTEXT() REPRESENTATION_CONTEXT('2D SPACE',''
  ) );
#897 = FACE_BOUND('',#898,.T.);
#898 = EDGE_LOOP('',(#899));
#899 = ORIENTED_EDGE('',*,*,#900,.T.);
#900 = EDGE_CURVE('',#901,#901,#903,.T.);
#901 = VERTEX_POINT('',#902);
#902 = CARTESIAN_POINT('',(92.7,-72.5,2.84217094304E-14));
#903 = SURFACE_CURVE('',#904,(#909,#920),.PCURVE_S1.);
#904 = CIRCLE('',#905,1.7);
#905 = AXIS2_PLACEMENT_3D('',#906,#907,#908);
#906 = CARTESIAN_POINT('',(91.,-72.5,2.84217094304E-14));
#907 = DIRECTION('',(-0.,1.224646799147E-16,1.));
#908 = DIRECTION('',(1.,0.,0.));
#909 = PCURVE('',#126,#910);
#910 = DEFINITIONAL_REPRESENTATION('',(#911),#919);
#911 = ( BOUNDED_CURVE() B_SPLINE_CURVE(2,(#912,#913,#914,#915,#916,#917
,#918),.UNSPECIFIED.,.T.,.F.) B_SPLINE_CURVE_WITH_KNOTS((1,2,2,2,2,1),(
    -2.094395102393,0.,2.094395102393,4.188790204786,6.28318530718,
8.377580409573),.UNSPECIFIED.) CURVE() GEOMETRIC_REPRESENTATION_ITEM() 
RATIONAL_B_SPLINE_CURVE((1.,0.5,1.,0.5,1.,0.5,1.)) REPRESENTATION_ITEM(
  '') );
#912 = CARTESIAN_POINT('',(194.7,167.));
#913 = CARTESIAN_POINT('',(194.7,164.05551362713));
#914 = CARTESIAN_POINT('',(192.15,165.52775681356));
#915 = CARTESIAN_POINT('',(189.6,167.));
#916 = CARTESIAN_POINT('',(192.15,168.47224318643));
#917 = CARTESIAN_POINT('',(194.7,169.94448637286));
#918 = CARTESIAN_POINT('',(194.7,167.));
#919 = ( GEOMETRIC_REPRESENTATION_CONTEXT(2) 
PARAMETRIC_REPRESENTATION_CONTEXT() REPRESENTATION_CONTEXT('2D SPACE',''
  ) );
#920 = PCURVE('',#921,#926);
#921 = CYLINDRICAL_SURFACE('',#922,1.7);
#922 = AXIS2_PLACEMENT_3D('',#923,#924,#925);
#923 = CARTESIAN_POINT('',(91.,-72.5,5.01));
#924 = DIRECTION('',(-0.,1.224646799147E-16,1.));
#925 = DIRECTION('',(1.,0.,0.));
#926 = DEFINITIONAL_REPRESENTATION('',(#927),#931);
#927 = LINE('',#928,#929);
#928 = CARTESIAN_POINT('',(-6.28318530718,-5.01));
#929 = VECTOR('',#930,1.);
#930 = DIRECTION('',(1.,-0.));
#931 = ( GEOMETRIC_REPRESENTATION_CONTEXT(2) 
PARAMETRIC_REPRESENTATION_CONTEXT() REPRESENTATION_CONTEXT('2D SPACE',''
  ) );
#932 = ADVANCED_FACE('',(#933),#100,.T.);
#933 = FACE_BOUND('',#934,.T.);
#934 = EDGE_LOOP('',(#935,#958,#959,#960,#983,#1006,#1034,#1062));
#935 = ORIENTED_EDGE('',*,*,#936,.F.);
#936 = EDGE_CURVE('',#57,#937,#939,.T.);
#937 = VERTEX_POINT('',#938);
#938 = CARTESIAN_POINT('',(-34.,-94.5,5.));
#939 = SURFACE_CURVE('',#940,(#944,#951),.PCURVE_S1.);
#940 = LINE('',#941,#942);
#941 = CARTESIAN_POINT('',(-102.,-94.5,5.));
#942 = VECTOR('',#943,1.);
#943 = DIRECTION('',(1.,0.,0.));
#944 = PCURVE('',#100,#945);
#945 = DEFINITIONAL_REPRESENTATION('',(#946),#950);
#946 = LINE('',#947,#948);
#947 = CARTESIAN_POINT('',(0.,0.));
#948 = VECTOR('',#949,1.);
#949 = DIRECTION('',(0.,1.));
#950 = ( GEOMETRIC_REPRESENTATION_CONTEXT(2) 
PARAMETRIC_REPRESENTATION_CONTEXT() REPRESENTATION_CONTEXT('2D SPACE',''
  ) );
#951 = PCURVE('',#72,#952);
#952 = DEFINITIONAL_REPRESENTATION('',(#953),#957);
#953 = LINE('',#954,#955);
#954 = CARTESIAN_POINT('',(0.,189.));
#955 = VECTOR('',#956,1.);
#956 = DIRECTION('',(1.,0.));
#957 = ( GEOMETRIC_REPRESENTATION_CONTEXT(2) 
PARAMETRIC_REPRESENTATION_CONTEXT() REPRESENTATION_CONTEXT('2D SPACE',''
  ) );
#958 = ORIENTED_EDGE('',*,*,#84,.T.);
#959 = ORIENTED_EDGE('',*,*,#242,.T.);
#960 = ORIENTED_EDGE('',*,*,#961,.F.);
#961 = EDGE_CURVE('',#962,#220,#964,.T.);
#962 = VERTEX_POINT('',#963);
#963 = CARTESIAN_POINT('',(102.,-94.5,5.));
#964 = SURFACE_CURVE('',#965,(#969,#976),.PCURVE_S1.);
#965 = LINE('',#966,#967);
#966 = CARTESIAN_POINT('',(102.,-94.5,5.));
#967 = VECTOR('',#968,1.);
#968 = DIRECTION('',(0.,-1.224646799147E-16,-1.));
#969 = PCURVE('',#100,#970);
#970 = DEFINITIONAL_REPRESENTATION('',(#971),#975);
#971 = LINE('',#972,#973);
#972 = CARTESIAN_POINT('',(0.,204.));
#973 = VECTOR('',#974,1.);
#974 = DIRECTION('',(1.,0.));
#975 = ( GEOMETRIC_REPRESENTATION_CONTEXT(2) 
PARAMETRIC_REPRESENTATION_CONTEXT() REPRESENTATION_CONTEXT('2D SPACE',''
  ) );
#976 = PCURVE('',#202,#977);
#977 = DEFINITIONAL_REPRESENTATION('',(#978),#982);
#978 = LINE('',#979,#980);
#979 = CARTESIAN_POINT('',(-5.275884926519E-15,-189.));
#980 = VECTOR('',#981,1.);
#981 = DIRECTION('',(1.,0.));
#982 = ( GEOMETRIC_REPRESENTATION_CONTEXT(2) 
PARAMETRIC_REPRESENTATION_CONTEXT() REPRESENTATION_CONTEXT('2D SPACE',''
  ) );
#983 = ORIENTED_EDGE('',*,*,#984,.F.);
#984 = EDGE_CURVE('',#985,#962,#987,.T.);
#985 = VERTEX_POINT('',#986);
#986 = CARTESIAN_POINT('',(-11.,-94.5,5.));
#987 = SURFACE_CURVE('',#988,(#992,#999),.PCURVE_S1.);
#988 = LINE('',#989,#990);
#989 = CARTESIAN_POINT('',(-102.,-94.5,5.));
#990 = VECTOR('',#991,1.);
#991 = DIRECTION('',(1.,0.,0.));
#992 = PCURVE('',#100,#993);
#993 = DEFINITIONAL_REPRESENTATION('',(#994),#998);
#994 = LINE('',#995,#996);
#995 = CARTESIAN_POINT('',(0.,0.));
#996 = VECTOR('',#997,1.);
#997 = DIRECTION('',(0.,1.));
#998 = ( GEOMETRIC_REPRESENTATION_CONTEXT(2) 
PARAMETRIC_REPRESENTATION_CONTEXT() REPRESENTATION_CONTEXT('2D SPACE',''
  ) );
#999 = PCURVE('',#72,#1000);
#1000 = DEFINITIONAL_REPRESENTATION('',(#1001),#1005);
#1001 = LINE('',#1002,#1003);
#1002 = CARTESIAN_POINT('',(0.,189.));
#1003 = VECTOR('',#1004,1.);
#1004 = DIRECTION('',(1.,0.));
#1005 = ( GEOMETRIC_REPRESENTATION_CONTEXT(2) 
PARAMETRIC_REPRESENTATION_CONTEXT() REPRESENTATION_CONTEXT('2D SPACE',''
  ) );
#1006 = ORIENTED_EDGE('',*,*,#1007,.F.);
#1007 = EDGE_CURVE('',#1008,#985,#1010,.T.);
#1008 = VERTEX_POINT('',#1009);
#1009 = CARTESIAN_POINT('',(-11.,-94.5,23.5));
#1010 = SURFACE_CURVE('',#1011,(#1015,#1022),.PCURVE_S1.);
#1011 = LINE('',#1012,#1013);
#1012 = CARTESIAN_POINT('',(-11.,-94.5,23.5));
#1013 = VECTOR('',#1014,1.);
#1014 = DIRECTION('',(0.,-1.224646799147E-16,-1.));
#1015 = PCURVE('',#100,#1016);
#1016 = DEFINITIONAL_REPRESENTATION('',(#1017),#1021);
#1017 = LINE('',#1018,#1019);
#1018 = CARTESIAN_POINT('',(-18.5,91.));
#1019 = VECTOR('',#1020,1.);
#1020 = DIRECTION('',(1.,0.));
#1021 = ( GEOMETRIC_REPRESENTATION_CONTEXT(2) 
PARAMETRIC_REPRESENTATION_CONTEXT() REPRESENTATION_CONTEXT('2D SPACE',''
  ) );
#1022 = PCURVE('',#1023,#1028);
#1023 = PLANE('',#1024);
#1024 = AXIS2_PLACEMENT_3D('',#1025,#1026,#1027);
#1025 = CARTESIAN_POINT('',(-11.,-77.25,23.5));
#1026 = DIRECTION('',(1.,0.,0.));
#1027 = DIRECTION('',(0.,-1.224646799147E-16,-1.));
#1028 = DEFINITIONAL_REPRESENTATION('',(#1029),#1033);
#1029 = LINE('',#1030,#1031);
#1030 = CARTESIAN_POINT('',(2.112515728529E-15,-17.25));
#1031 = VECTOR('',#1032,1.);
#1032 = DIRECTION('',(1.,0.));
#1033 = ( GEOMETRIC_REPRESENTATION_CONTEXT(2) 
PARAMETRIC_REPRESENTATION_CONTEXT() REPRESENTATION_CONTEXT('2D SPACE',''
  ) );
#1034 = ORIENTED_EDGE('',*,*,#1035,.F.);
#1035 = EDGE_CURVE('',#1036,#1008,#1038,.T.);
#1036 = VERTEX_POINT('',#1037);
#1037 = CARTESIAN_POINT('',(-34.,-94.5,23.5));
#1038 = SURFACE_CURVE('',#1039,(#1043,#1050),.PCURVE_S1.);
#1039 = LINE('',#1040,#1041);
#1040 = CARTESIAN_POINT('',(-34.,-94.5,23.5));
#1041 = VECTOR('',#1042,1.);
#1042 = DIRECTION('',(1.,0.,0.));
#1043 = PCURVE('',#100,#1044);
#1044 = DEFINITIONAL_REPRESENTATION('',(#1045),#1049);
#1045 = LINE('',#1046,#1047);
#1046 = CARTESIAN_POINT('',(-18.5,68.));
#1047 = VECTOR('',#1048,1.);
#1048 = DIRECTION('',(0.,1.));
#1049 = ( GEOMETRIC_REPRESENTATION_CONTEXT(2) 
PARAMETRIC_REPRESENTATION_CONTEXT() REPRESENTATION_CONTEXT('2D SPACE',''
  ) );
#1050 = PCURVE('',#1051,#1056);
#1051 = PLANE('',#1052);
#1052 = AXIS2_PLACEMENT_3D('',#1053,#1054,#1055);
#1053 = CARTESIAN_POINT('',(-34.,-77.25,23.5));
#1054 = DIRECTION('',(0.,-1.224646799147E-16,-1.));
#1055 = DIRECTION('',(1.,0.,0.));
#1056 = DEFINITIONAL_REPRESENTATION('',(#1057),#1061);
#1057 = LINE('',#1058,#1059);
#1058 = CARTESIAN_POINT('',(0.,17.25));
#1059 = VECTOR('',#1060,1.);
#1060 = DIRECTION('',(1.,0.));
#1061 = ( GEOMETRIC_REPRESENTATION_CONTEXT(2) 
PARAMETRIC_REPRESENTATION_CONTEXT() REPRESENTATION_CONTEXT('2D SPACE',''
  ) );
#1062 = ORIENTED_EDGE('',*,*,#1063,.T.);
#1063 = EDGE_CURVE('',#1036,#937,#1064,.T.);
#1064 = SURFACE_CURVE('',#1065,(#1069,#1076),.PCURVE_S1.);
#1065 = LINE('',#1066,#1067);
#1066 = CARTESIAN_POINT('',(-34.,-94.5,23.5));
#1067 = VECTOR('',#1068,1.);
#1068 = DIRECTION('',(0.,-1.224646799147E-16,-1.));
#1069 = PCURVE('',#100,#1070);
#1070 = DEFINITIONAL_REPRESENTATION('',(#1071),#1075);
#1071 = LINE('',#1072,#1073);
#1072 = CARTESIAN_POINT('',(-18.5,68.));
#1073 = VECTOR('',#1074,1.);
#1074 = DIRECTION('',(1.,0.));
#1075 = ( GEOMETRIC_REPRESENTATION_CONTEXT(2) 
PARAMETRIC_REPRESENTATION_CONTEXT() REPRESENTATION_CONTEXT('2D SPACE',''
  ) );
#1076 = PCURVE('',#1077,#1082);
#1077 = PLANE('',#1078);
#1078 = AXIS2_PLACEMENT_3D('',#1079,#1080,#1081);
#1079 = CARTESIAN_POINT('',(-34.,-77.25,23.5));
#1080 = DIRECTION('',(1.,0.,0.));
#1081 = DIRECTION('',(0.,-1.224646799147E-16,-1.));
#1082 = DEFINITIONAL_REPRESENTATION('',(#1083),#1087);
#1083 = LINE('',#1084,#1085);
#1084 = CARTESIAN_POINT('',(2.112515728529E-15,-17.25));
#1085 = VECTOR('',#1086,1.);
#1086 = DIRECTION('',(1.,0.));
#1087 = ( GEOMETRIC_REPRESENTATION_CONTEXT(2) 
PARAMETRIC_REPRESENTATION_CONTEXT() REPRESENTATION_CONTEXT('2D SPACE',''
  ) );
#1088 = ADVANCED_FACE('',(#1089,#1188,#1218,#1248,#1279,#1373,#1404,
    #1434,#1464,#1494,#1524,#1554,#1584,#1614,#1644,#1675,#1706),#72,.F.
  );
#1089 = FACE_BOUND('',#1090,.F.);
#1090 = EDGE_LOOP('',(#1091,#1092,#1093,#1094,#1115,#1116,#1139,#1167));
#1091 = ORIENTED_EDGE('',*,*,#936,.F.);
#1092 = ORIENTED_EDGE('',*,*,#56,.F.);
#1093 = ORIENTED_EDGE('',*,*,#141,.T.);
#1094 = ORIENTED_EDGE('',*,*,#1095,.T.);
#1095 = EDGE_CURVE('',#142,#962,#1096,.T.);
#1096 = SURFACE_CURVE('',#1097,(#1101,#1108),.PCURVE_S1.);
#1097 = LINE('',#1098,#1099);
#1098 = CARTESIAN_POINT('',(102.,94.5,5.));
#1099 = VECTOR('',#1100,1.);
#1100 = DIRECTION('',(0.,-1.,1.224646799147E-16));
#1101 = PCURVE('',#72,#1102);
#1102 = DEFINITIONAL_REPRESENTATION('',(#1103),#1107);
#1103 = LINE('',#1104,#1105);
#1104 = CARTESIAN_POINT('',(204.,0.));
#1105 = VECTOR('',#1106,1.);
#1106 = DIRECTION('',(0.,1.));
#1107 = ( GEOMETRIC_REPRESENTATION_CONTEXT(2) 
PARAMETRIC_REPRESENTATION_CONTEXT() REPRESENTATION_CONTEXT('2D SPACE',''
  ) );
#1108 = PCURVE('',#202,#1109);
#1109 = DEFINITIONAL_REPRESENTATION('',(#1110),#1114);
#1110 = LINE('',#1111,#1112);
#1111 = CARTESIAN_POINT('',(0.,0.));
#1112 = VECTOR('',#1113,1.);
#1113 = DIRECTION('',(0.,-1.));
#1114 = ( GEOMETRIC_REPRESENTATION_CONTEXT(2) 
PARAMETRIC_REPRESENTATION_CONTEXT() REPRESENTATION_CONTEXT('2D SPACE',''
  ) );
#1115 = ORIENTED_EDGE('',*,*,#984,.F.);
#1116 = ORIENTED_EDGE('',*,*,#1117,.F.);
#1117 = EDGE_CURVE('',#1118,#985,#1120,.T.);
#1118 = VERTEX_POINT('',#1119);
#1119 = CARTESIAN_POINT('',(-11.,-77.25,5.));
#1120 = SURFACE_CURVE('',#1121,(#1125,#1132),.PCURVE_S1.);
#1121 = LINE('',#1122,#1123);
#1122 = CARTESIAN_POINT('',(-11.,-77.25,5.));
#1123 = VECTOR('',#1124,1.);
#1124 = DIRECTION('',(0.,-1.,1.224646799147E-16));
#1125 = PCURVE('',#72,#1126);
#1126 = DEFINITIONAL_REPRESENTATION('',(#1127),#1131);
#1127 = LINE('',#1128,#1129);
#1128 = CARTESIAN_POINT('',(91.,171.75));
#1129 = VECTOR('',#1130,1.);
#1130 = DIRECTION('',(0.,1.));
#1131 = ( GEOMETRIC_REPRESENTATION_CONTEXT(2) 
PARAMETRIC_REPRESENTATION_CONTEXT() REPRESENTATION_CONTEXT('2D SPACE',''
  ) );
#1132 = PCURVE('',#1023,#1133);
#1133 = DEFINITIONAL_REPRESENTATION('',(#1134),#1138);
#1134 = LINE('',#1135,#1136);
#1135 = CARTESIAN_POINT('',(18.5,2.265596578423E-15));
#1136 = VECTOR('',#1137,1.);
#1137 = DIRECTION('',(0.,-1.));
#1138 = ( GEOMETRIC_REPRESENTATION_CONTEXT(2) 
PARAMETRIC_REPRESENTATION_CONTEXT() REPRESENTATION_CONTEXT('2D SPACE',''
  ) );
#1139 = ORIENTED_EDGE('',*,*,#1140,.F.);
#1140 = EDGE_CURVE('',#1141,#1118,#1143,.T.);
#1141 = VERTEX_POINT('',#1142);
#1142 = CARTESIAN_POINT('',(-34.,-77.25,5.));
#1143 = SURFACE_CURVE('',#1144,(#1148,#1155),.PCURVE_S1.);
#1144 = LINE('',#1145,#1146);
#1145 = CARTESIAN_POINT('',(-34.,-77.25,5.));
#1146 = VECTOR('',#1147,1.);
#1147 = DIRECTION('',(1.,0.,0.));
#1148 = PCURVE('',#72,#1149);
#1149 = DEFINITIONAL_REPRESENTATION('',(#1150),#1154);
#1150 = LINE('',#1151,#1152);
#1151 = CARTESIAN_POINT('',(68.,171.75));
#1152 = VECTOR('',#1153,1.);
#1153 = DIRECTION('',(1.,0.));
#1154 = ( GEOMETRIC_REPRESENTATION_CONTEXT(2) 
PARAMETRIC_REPRESENTATION_CONTEXT() REPRESENTATION_CONTEXT('2D SPACE',''
  ) );
#1155 = PCURVE('',#1156,#1161);
#1156 = PLANE('',#1157);
#1157 = AXIS2_PLACEMENT_3D('',#1158,#1159,#1160);
#1158 = CARTESIAN_POINT('',(-34.,-77.25,23.5));
#1159 = DIRECTION('',(0.,-1.,1.224646799147E-16));
#1160 = DIRECTION('',(0.,-1.224646799147E-16,-1.));
#1161 = DEFINITIONAL_REPRESENTATION('',(#1162),#1166);
#1162 = LINE('',#1163,#1164);
#1163 = CARTESIAN_POINT('',(18.5,0.));
#1164 = VECTOR('',#1165,1.);
#1165 = DIRECTION('',(0.,1.));
#1166 = ( GEOMETRIC_REPRESENTATION_CONTEXT(2) 
PARAMETRIC_REPRESENTATION_CONTEXT() REPRESENTATION_CONTEXT('2D SPACE',''
  ) );
#1167 = ORIENTED_EDGE('',*,*,#1168,.T.);
#1168 = EDGE_CURVE('',#1141,#937,#1169,.T.);
#1169 = SURFACE_CURVE('',#1170,(#1174,#1181),.PCURVE_S1.);
#1170 = LINE('',#1171,#1172);
#1171 = CARTESIAN_POINT('',(-34.,-77.25,5.));
#1172 = VECTOR('',#1173,1.);
#1173 = DIRECTION('',(0.,-1.,1.224646799147E-16));
#1174 = PCURVE('',#72,#1175);
#1175 = DEFINITIONAL_REPRESENTATION('',(#1176),#1180);
#1176 = LINE('',#1177,#1178);
#1177 = CARTESIAN_POINT('',(68.,171.75));
#1178 = VECTOR('',#1179,1.);
#1179 = DIRECTION('',(0.,1.));
#1180 = ( GEOMETRIC_REPRESENTATION_CONTEXT(2) 
PARAMETRIC_REPRESENTATION_CONTEXT() REPRESENTATION_CONTEXT('2D SPACE',''
  ) );
#1181 = PCURVE('',#1077,#1182);
#1182 = DEFINITIONAL_REPRESENTATION('',(#1183),#1187);
#1183 = LINE('',#1184,#1185);
#1184 = CARTESIAN_POINT('',(18.5,2.265596578423E-15));
#1185 = VECTOR('',#1186,1.);
#1186 = DIRECTION('',(0.,-1.));
#1187 = ( GEOMETRIC_REPRESENTATION_CONTEXT(2) 
PARAMETRIC_REPRESENTATION_CONTEXT() REPRESENTATION_CONTEXT('2D SPACE',''
  ) );
#1188 = FACE_BOUND('',#1189,.F.);
#1189 = EDGE_LOOP('',(#1190));
#1190 = ORIENTED_EDGE('',*,*,#1191,.T.);
#1191 = EDGE_CURVE('',#1192,#1192,#1194,.T.);
#1192 = VERTEX_POINT('',#1193);
#1193 = CARTESIAN_POINT('',(-90.7,84.,5.));
#1194 = SURFACE_CURVE('',#1195,(#1200,#1211),.PCURVE_S1.);
#1195 = CIRCLE('',#1196,1.3);
#1196 = AXIS2_PLACEMENT_3D('',#1197,#1198,#1199);
#1197 = CARTESIAN_POINT('',(-92.,84.,5.));
#1198 = DIRECTION('',(-0.,1.224646799147E-16,1.));
#1199 = DIRECTION('',(1.,0.,0.));
#1200 = PCURVE('',#72,#1201);
#1201 = DEFINITIONAL_REPRESENTATION('',(#1202),#1210);
#1202 = ( BOUNDED_CURVE() B_SPLINE_CURVE(2,(#1203,#1204,#1205,#1206,
#1207,#1208,#1209),.UNSPECIFIED.,.T.,.F.) B_SPLINE_CURVE_WITH_KNOTS((1,2
    ,2,2,2,1),(-2.094395102393,0.,2.094395102393,4.188790204786,
6.28318530718,8.377580409573),.UNSPECIFIED.) CURVE() 
GEOMETRIC_REPRESENTATION_ITEM() RATIONAL_B_SPLINE_CURVE((1.,0.5,1.,0.5,
1.,0.5,1.)) REPRESENTATION_ITEM('') );
#1203 = CARTESIAN_POINT('',(11.3,10.5));
#1204 = CARTESIAN_POINT('',(11.3,8.24833395016));
#1205 = CARTESIAN_POINT('',(9.35,9.37416697508));
#1206 = CARTESIAN_POINT('',(7.4,10.5));
#1207 = CARTESIAN_POINT('',(9.35,11.62583302492));
#1208 = CARTESIAN_POINT('',(11.3,12.75166604984));
#1209 = CARTESIAN_POINT('',(11.3,10.5));
#1210 = ( GEOMETRIC_REPRESENTATION_CONTEXT(2) 
PARAMETRIC_REPRESENTATION_CONTEXT() REPRESENTATION_CONTEXT('2D SPACE',''
  ) );
#1211 = PCURVE('',#286,#1212);
#1212 = DEFINITIONAL_REPRESENTATION('',(#1213),#1217);
#1213 = LINE('',#1214,#1215);
#1214 = CARTESIAN_POINT('',(-6.28318530718,-1.000000000001E-02));
#1215 = VECTOR('',#1216,1.);
#1216 = DIRECTION('',(1.,-0.));
#1217 = ( GEOMETRIC_REPRESENTATION_CONTEXT(2) 
PARAMETRIC_REPRESENTATION_CONTEXT() REPRESENTATION_CONTEXT('2D SPACE',''
  ) );
#1218 = FACE_BOUND('',#1219,.F.);
#1219 = EDGE_LOOP('',(#1220));
#1220 = ORIENTED_EDGE('',*,*,#1221,.T.);
#1221 = EDGE_CURVE('',#1222,#1222,#1224,.T.);
#1222 = VERTEX_POINT('',#1223);
#1223 = CARTESIAN_POINT('',(-87.3,72.5,5.));
#1224 = SURFACE_CURVE('',#1225,(#1230,#1241),.PCURVE_S1.);
#1225 = CIRCLE('',#1226,1.7);
#1226 = AXIS2_PLACEMENT_3D('',#1227,#1228,#1229);
#1227 = CARTESIAN_POINT('',(-89.,72.5,5.));
#1228 = DIRECTION('',(-0.,1.224646799147E-16,1.));
#1229 = DIRECTION('',(1.,0.,0.));
#1230 = PCURVE('',#72,#1231);
#1231 = DEFINITIONAL_REPRESENTATION('',(#1232),#1240);
#1232 = ( BOUNDED_CURVE() B_SPLINE_CURVE(2,(#1233,#1234,#1235,#1236,
#1237,#1238,#1239),.UNSPECIFIED.,.T.,.F.) B_SPLINE_CURVE_WITH_KNOTS((1,2
    ,2,2,2,1),(-2.094395102393,0.,2.094395102393,4.188790204786,
6.28318530718,8.377580409573),.UNSPECIFIED.) CURVE() 
GEOMETRIC_REPRESENTATION_ITEM() RATIONAL_B_SPLINE_CURVE((1.,0.5,1.,0.5,
1.,0.5,1.)) REPRESENTATION_ITEM('') );
#1233 = CARTESIAN_POINT('',(14.7,22.));
#1234 = CARTESIAN_POINT('',(14.7,19.055513627133));
#1235 = CARTESIAN_POINT('',(12.15,20.527756813566));
#1236 = CARTESIAN_POINT('',(9.6,22.));
#1237 = CARTESIAN_POINT('',(12.15,23.472243186434));
#1238 = CARTESIAN_POINT('',(14.7,24.944486372867));
#1239 = CARTESIAN_POINT('',(14.7,22.));
#1240 = ( GEOMETRIC_REPRESENTATION_CONTEXT(2) 
PARAMETRIC_REPRESENTATION_CONTEXT() REPRESENTATION_CONTEXT('2D SPACE',''
  ) );
#1241 = PCURVE('',#321,#1242);
#1242 = DEFINITIONAL_REPRESENTATION('',(#1243),#1247);
#1243 = LINE('',#1244,#1245);
#1244 = CARTESIAN_POINT('',(-6.28318530718,-1.000000000001E-02));
#1245 = VECTOR('',#1246,1.);
#1246 = DIRECTION('',(1.,-0.));
#1247 = ( GEOMETRIC_REPRESENTATION_CONTEXT(2) 
PARAMETRIC_REPRESENTATION_CONTEXT() REPRESENTATION_CONTEXT('2D SPACE',''
  ) );
#1248 = FACE_BOUND('',#1249,.F.);
#1249 = EDGE_LOOP('',(#1250));
#1250 = ORIENTED_EDGE('',*,*,#1251,.F.);
#1251 = EDGE_CURVE('',#1252,#1252,#1254,.T.);
#1252 = VERTEX_POINT('',#1253);
#1253 = CARTESIAN_POINT('',(-56.75,80.5,5.));
#1254 = SURFACE_CURVE('',#1255,(#1260,#1267),.PCURVE_S1.);
#1255 = CIRCLE('',#1256,5.);
#1256 = AXIS2_PLACEMENT_3D('',#1257,#1258,#1259);
#1257 = CARTESIAN_POINT('',(-61.75,80.5,5.));
#1258 = DIRECTION('',(0.,-1.224646799147E-16,-1.));
#1259 = DIRECTION('',(1.,0.,0.));
#1260 = PCURVE('',#72,#1261);
#1261 = DEFINITIONAL_REPRESENTATION('',(#1262),#1266);
#1262 = CIRCLE('',#1263,5.);
#1263 = AXIS2_PLACEMENT_2D('',#1264,#1265);
#1264 = CARTESIAN_POINT('',(40.25,14.));
#1265 = DIRECTION('',(1.,0.));
#1266 = ( GEOMETRIC_REPRESENTATION_CONTEXT(2) 
PARAMETRIC_REPRESENTATION_CONTEXT() REPRESENTATION_CONTEXT('2D SPACE',''
  ) );
#1267 = PCURVE('',#1268,#1273);
#1268 = CYLINDRICAL_SURFACE('',#1269,5.);
#1269 = AXIS2_PLACEMENT_3D('',#1270,#1271,#1272);
#1270 = CARTESIAN_POINT('',(-61.75,80.5,12.));
#1271 = DIRECTION('',(-0.,1.224646799147E-16,1.));
#1272 = DIRECTION('',(1.,0.,0.));
#1273 = DEFINITIONAL_REPRESENTATION('',(#1274),#1278);
#1274 = LINE('',#1275,#1276);
#1275 = CARTESIAN_POINT('',(-0.,-7.));
#1276 = VECTOR('',#1277,1.);
#1277 = DIRECTION('',(-1.,0.));
#1278 = ( GEOMETRIC_REPRESENTATION_CONTEXT(2) 
PARAMETRIC_REPRESENTATION_CONTEXT() REPRESENTATION_CONTEXT('2D SPACE',''
  ) );
#1279 = FACE_BOUND('',#1280,.F.);
#1280 = EDGE_LOOP('',(#1281,#1306,#1329,#1352));
#1281 = ORIENTED_EDGE('',*,*,#1282,.T.);
#1282 = EDGE_CURVE('',#1283,#1285,#1287,.T.);
#1283 = VERTEX_POINT('',#1284);
#1284 = CARTESIAN_POINT('',(29.5,48.,5.));
#1285 = VERTEX_POINT('',#1286);
#1286 = CARTESIAN_POINT('',(-36.,48.,5.));
#1287 = SURFACE_CURVE('',#1288,(#1292,#1299),.PCURVE_S1.);
#1288 = LINE('',#1289,#1290);
#1289 = CARTESIAN_POINT('',(-69.,48.,5.));
#1290 = VECTOR('',#1291,1.);
#1291 = DIRECTION('',(-1.,-0.,0.));
#1292 = PCURVE('',#72,#1293);
#1293 = DEFINITIONAL_REPRESENTATION('',(#1294),#1298);
#1294 = LINE('',#1295,#1296);
#1295 = CARTESIAN_POINT('',(33.,46.5));
#1296 = VECTOR('',#1297,1.);
#1297 = DIRECTION('',(-1.,0.));
#1298 = ( GEOMETRIC_REPRESENTATION_CONTEXT(2) 
PARAMETRIC_REPRESENTATION_CONTEXT() REPRESENTATION_CONTEXT('2D SPACE',''
  ) );
#1299 = PCURVE('',#458,#1300);
#1300 = DEFINITIONAL_REPRESENTATION('',(#1301),#1305);
#1301 = LINE('',#1302,#1303);
#1302 = CARTESIAN_POINT('',(1.000000000001E-02,-33.));
#1303 = VECTOR('',#1304,1.);
#1304 = DIRECTION('',(-0.,-1.));
#1305 = ( GEOMETRIC_REPRESENTATION_CONTEXT(2) 
PARAMETRIC_REPRESENTATION_CONTEXT() REPRESENTATION_CONTEXT('2D SPACE',''
  ) );
#1306 = ORIENTED_EDGE('',*,*,#1307,.T.);
#1307 = EDGE_CURVE('',#1285,#1308,#1310,.T.);
#1308 = VERTEX_POINT('',#1309);
#1309 = CARTESIAN_POINT('',(-36.,23.7,5.));
#1310 = SURFACE_CURVE('',#1311,(#1315,#1322),.PCURVE_S1.);
#1311 = LINE('',#1312,#1313);
#1312 = CARTESIAN_POINT('',(-36.,71.25,5.));
#1313 = VECTOR('',#1314,1.);
#1314 = DIRECTION('',(0.,-1.,1.224646799147E-16));
#1315 = PCURVE('',#72,#1316);
#1316 = DEFINITIONAL_REPRESENTATION('',(#1317),#1321);
#1317 = LINE('',#1318,#1319);
#1318 = CARTESIAN_POINT('',(66.,23.25));
#1319 = VECTOR('',#1320,1.);
#1320 = DIRECTION('',(0.,1.));
#1321 = ( GEOMETRIC_REPRESENTATION_CONTEXT(2) 
PARAMETRIC_REPRESENTATION_CONTEXT() REPRESENTATION_CONTEXT('2D SPACE',''
  ) );
#1322 = PCURVE('',#486,#1323);
#1323 = DEFINITIONAL_REPRESENTATION('',(#1324),#1328);
#1324 = LINE('',#1325,#1326);
#1325 = CARTESIAN_POINT('',(1.E-02,23.25));
#1326 = VECTOR('',#1327,1.);
#1327 = DIRECTION('',(0.,-1.));
#1328 = ( GEOMETRIC_REPRESENTATION_CONTEXT(2) 
PARAMETRIC_REPRESENTATION_CONTEXT() REPRESENTATION_CONTEXT('2D SPACE',''
  ) );
#1329 = ORIENTED_EDGE('',*,*,#1330,.F.);
#1330 = EDGE_CURVE('',#1331,#1308,#1333,.T.);
#1331 = VERTEX_POINT('',#1332);
#1332 = CARTESIAN_POINT('',(29.5,23.7,5.));
#1333 = SURFACE_CURVE('',#1334,(#1338,#1345),.PCURVE_S1.);
#1334 = LINE('',#1335,#1336);
#1335 = CARTESIAN_POINT('',(-69.,23.7,5.));
#1336 = VECTOR('',#1337,1.);
#1337 = DIRECTION('',(-1.,-0.,0.));
#1338 = PCURVE('',#72,#1339);
#1339 = DEFINITIONAL_REPRESENTATION('',(#1340),#1344);
#1340 = LINE('',#1341,#1342);
#1341 = CARTESIAN_POINT('',(33.,70.8));
#1342 = VECTOR('',#1343,1.);
#1343 = DIRECTION('',(-1.,0.));
#1344 = ( GEOMETRIC_REPRESENTATION_CONTEXT(2) 
PARAMETRIC_REPRESENTATION_CONTEXT() REPRESENTATION_CONTEXT('2D SPACE',''
  ) );
#1345 = PCURVE('',#514,#1346);
#1346 = DEFINITIONAL_REPRESENTATION('',(#1347),#1351);
#1347 = LINE('',#1348,#1349);
#1348 = CARTESIAN_POINT('',(1.000000000001E-02,-33.));
#1349 = VECTOR('',#1350,1.);
#1350 = DIRECTION('',(-0.,-1.));
#1351 = ( GEOMETRIC_REPRESENTATION_CONTEXT(2) 
PARAMETRIC_REPRESENTATION_CONTEXT() REPRESENTATION_CONTEXT('2D SPACE',''
  ) );
#1352 = ORIENTED_EDGE('',*,*,#1353,.F.);
#1353 = EDGE_CURVE('',#1283,#1331,#1354,.T.);
#1354 = SURFACE_CURVE('',#1355,(#1359,#1366),.PCURVE_S1.);
#1355 = LINE('',#1356,#1357);
#1356 = CARTESIAN_POINT('',(29.5,71.25,5.));
#1357 = VECTOR('',#1358,1.);
#1358 = DIRECTION('',(0.,-1.,1.224646799147E-16));
#1359 = PCURVE('',#72,#1360);
#1360 = DEFINITIONAL_REPRESENTATION('',(#1361),#1365);
#1361 = LINE('',#1362,#1363);
#1362 = CARTESIAN_POINT('',(131.5,23.25));
#1363 = VECTOR('',#1364,1.);
#1364 = DIRECTION('',(0.,1.));
#1365 = ( GEOMETRIC_REPRESENTATION_CONTEXT(2) 
PARAMETRIC_REPRESENTATION_CONTEXT() REPRESENTATION_CONTEXT('2D SPACE',''
  ) );
#1366 = PCURVE('',#540,#1367);
#1367 = DEFINITIONAL_REPRESENTATION('',(#1368),#1372);
#1368 = LINE('',#1369,#1370);
#1369 = CARTESIAN_POINT('',(1.E-02,23.25));
#1370 = VECTOR('',#1371,1.);
#1371 = DIRECTION('',(0.,-1.));
#1372 = ( GEOMETRIC_REPRESENTATION_CONTEXT(2) 
PARAMETRIC_REPRESENTATION_CONTEXT() REPRESENTATION_CONTEXT('2D SPACE',''
  ) );
#1373 = FACE_BOUND('',#1374,.F.);
#1374 = EDGE_LOOP('',(#1375));
#1375 = ORIENTED_EDGE('',*,*,#1376,.F.);
#1376 = EDGE_CURVE('',#1377,#1377,#1379,.T.);
#1377 = VERTEX_POINT('',#1378);
#1378 = CARTESIAN_POINT('',(73.25,80.5,5.));
#1379 = SURFACE_CURVE('',#1380,(#1385,#1392),.PCURVE_S1.);
#1380 = CIRCLE('',#1381,5.);
#1381 = AXIS2_PLACEMENT_3D('',#1382,#1383,#1384);
#1382 = CARTESIAN_POINT('',(68.25,80.5,5.));
#1383 = DIRECTION('',(0.,-1.224646799147E-16,-1.));
#1384 = DIRECTION('',(1.,0.,0.));
#1385 = PCURVE('',#72,#1386);
#1386 = DEFINITIONAL_REPRESENTATION('',(#1387),#1391);
#1387 = CIRCLE('',#1388,5.);
#1388 = AXIS2_PLACEMENT_2D('',#1389,#1390);
#1389 = CARTESIAN_POINT('',(170.25,14.));
#1390 = DIRECTION('',(1.,0.));
#1391 = ( GEOMETRIC_REPRESENTATION_CONTEXT(2) 
PARAMETRIC_REPRESENTATION_CONTEXT() REPRESENTATION_CONTEXT('2D SPACE',''
  ) );
#1392 = PCURVE('',#1393,#1398);
#1393 = CYLINDRICAL_SURFACE('',#1394,5.);
#1394 = AXIS2_PLACEMENT_3D('',#1395,#1396,#1397);
#1395 = CARTESIAN_POINT('',(68.25,80.5,12.));
#1396 = DIRECTION('',(-0.,1.224646799147E-16,1.));
#1397 = DIRECTION('',(1.,0.,0.));
#1398 = DEFINITIONAL_REPRESENTATION('',(#1399),#1403);
#1399 = LINE('',#1400,#1401);
#1400 = CARTESIAN_POINT('',(-0.,-7.));
#1401 = VECTOR('',#1402,1.);
#1402 = DIRECTION('',(-1.,0.));
#1403 = ( GEOMETRIC_REPRESENTATION_CONTEXT(2) 
PARAMETRIC_REPRESENTATION_CONTEXT() REPRESENTATION_CONTEXT('2D SPACE',''
  ) );
#1404 = FACE_BOUND('',#1405,.F.);
#1405 = EDGE_LOOP('',(#1406));
#1406 = ORIENTED_EDGE('',*,*,#1407,.T.);
#1407 = EDGE_CURVE('',#1408,#1408,#1410,.T.);
#1408 = VERTEX_POINT('',#1409);
#1409 = CARTESIAN_POINT('',(92.7,82.5,5.));
#1410 = SURFACE_CURVE('',#1411,(#1416,#1427),.PCURVE_S1.);
#1411 = CIRCLE('',#1412,1.7);
#1412 = AXIS2_PLACEMENT_3D('',#1413,#1414,#1415);
#1413 = CARTESIAN_POINT('',(91.,82.5,5.));
#1414 = DIRECTION('',(-0.,1.224646799147E-16,1.));
#1415 = DIRECTION('',(1.,0.,0.));
#1416 = PCURVE('',#72,#1417);
#1417 = DEFINITIONAL_REPRESENTATION('',(#1418),#1426);
#1418 = ( BOUNDED_CURVE() B_SPLINE_CURVE(2,(#1419,#1420,#1421,#1422,
#1423,#1424,#1425),.UNSPECIFIED.,.T.,.F.) B_SPLINE_CURVE_WITH_KNOTS((1,2
    ,2,2,2,1),(-2.094395102393,0.,2.094395102393,4.188790204786,
6.28318530718,8.377580409573),.UNSPECIFIED.) CURVE() 
GEOMETRIC_REPRESENTATION_ITEM() RATIONAL_B_SPLINE_CURVE((1.,0.5,1.,0.5,
1.,0.5,1.)) REPRESENTATION_ITEM('') );
#1419 = CARTESIAN_POINT('',(194.7,12.));
#1420 = CARTESIAN_POINT('',(194.7,9.055513627133));
#1421 = CARTESIAN_POINT('',(192.15,10.527756813566));
#1422 = CARTESIAN_POINT('',(189.6,12.));
#1423 = CARTESIAN_POINT('',(192.15,13.472243186434));
#1424 = CARTESIAN_POINT('',(194.7,14.944486372867));
#1425 = CARTESIAN_POINT('',(194.7,12.));
#1426 = ( GEOMETRIC_REPRESENTATION_CONTEXT(2) 
PARAMETRIC_REPRESENTATION_CONTEXT() REPRESENTATION_CONTEXT('2D SPACE',''
  ) );
#1427 = PCURVE('',#610,#1428);
#1428 = DEFINITIONAL_REPRESENTATION('',(#1429),#1433);
#1429 = LINE('',#1430,#1431);
#1430 = CARTESIAN_POINT('',(-6.28318530718,-1.000000000001E-02));
#1431 = VECTOR('',#1432,1.);
#1432 = DIRECTION('',(1.,-0.));
#1433 = ( GEOMETRIC_REPRESENTATION_CONTEXT(2) 
PARAMETRIC_REPRESENTATION_CONTEXT() REPRESENTATION_CONTEXT('2D SPACE',''
  ) );
#1434 = FACE_BOUND('',#1435,.F.);
#1435 = EDGE_LOOP('',(#1436));
#1436 = ORIENTED_EDGE('',*,*,#1437,.T.);
#1437 = EDGE_CURVE('',#1438,#1438,#1440,.T.);
#1438 = VERTEX_POINT('',#1439);
#1439 = CARTESIAN_POINT('',(92.,66.5,5.));
#1440 = SURFACE_CURVE('',#1441,(#1446,#1457),.PCURVE_S1.);
#1441 = CIRCLE('',#1442,6.);
#1442 = AXIS2_PLACEMENT_3D('',#1443,#1444,#1445);
#1443 = CARTESIAN_POINT('',(86.,66.5,5.));
#1444 = DIRECTION('',(-0.,1.224646799147E-16,1.));
#1445 = DIRECTION('',(1.,0.,0.));
#1446 = PCURVE('',#72,#1447);
#1447 = DEFINITIONAL_REPRESENTATION('',(#1448),#1456);
#1448 = ( BOUNDED_CURVE() B_SPLINE_CURVE(2,(#1449,#1450,#1451,#1452,
#1453,#1454,#1455),.UNSPECIFIED.,.T.,.F.) B_SPLINE_CURVE_WITH_KNOTS((1,2
    ,2,2,2,1),(-2.094395102393,0.,2.094395102393,4.188790204786,
6.28318530718,8.377580409573),.UNSPECIFIED.) CURVE() 
GEOMETRIC_REPRESENTATION_ITEM() RATIONAL_B_SPLINE_CURVE((1.,0.5,1.,0.5,
1.,0.5,1.)) REPRESENTATION_ITEM('') );
#1449 = CARTESIAN_POINT('',(194.,28.));
#1450 = CARTESIAN_POINT('',(194.,17.607695154587));
#1451 = CARTESIAN_POINT('',(185.,22.803847577293));
#1452 = CARTESIAN_POINT('',(176.,28.));
#1453 = CARTESIAN_POINT('',(185.,33.196152422707));
#1454 = CARTESIAN_POINT('',(194.,38.392304845413));
#1455 = CARTESIAN_POINT('',(194.,28.));
#1456 = ( GEOMETRIC_REPRESENTATION_CONTEXT(2) 
PARAMETRIC_REPRESENTATION_CONTEXT() REPRESENTATION_CONTEXT('2D SPACE',''
  ) );
#1457 = PCURVE('',#645,#1458);
#1458 = DEFINITIONAL_REPRESENTATION('',(#1459),#1463);
#1459 = LINE('',#1460,#1461);
#1460 = CARTESIAN_POINT('',(-6.28318530718,-1.000000000001E-02));
#1461 = VECTOR('',#1462,1.);
#1462 = DIRECTION('',(1.,-0.));
#1463 = ( GEOMETRIC_REPRESENTATION_CONTEXT(2) 
PARAMETRIC_REPRESENTATION_CONTEXT() REPRESENTATION_CONTEXT('2D SPACE',''
  ) );
#1464 = FACE_BOUND('',#1465,.F.);
#1465 = EDGE_LOOP('',(#1466));
#1466 = ORIENTED_EDGE('',*,*,#1467,.T.);
#1467 = EDGE_CURVE('',#1468,#1468,#1470,.T.);
#1468 = VERTEX_POINT('',#1469);
#1469 = CARTESIAN_POINT('',(92.7,42.5,5.));
#1470 = SURFACE_CURVE('',#1471,(#1476,#1487),.PCURVE_S1.);
#1471 = CIRCLE('',#1472,1.7);
#1472 = AXIS2_PLACEMENT_3D('',#1473,#1474,#1475);
#1473 = CARTESIAN_POINT('',(91.,42.5,5.));
#1474 = DIRECTION('',(-0.,1.224646799147E-16,1.));
#1475 = DIRECTION('',(1.,0.,0.));
#1476 = PCURVE('',#72,#1477);
#1477 = DEFINITIONAL_REPRESENTATION('',(#1478),#1486);
#1478 = ( BOUNDED_CURVE() B_SPLINE_CURVE(2,(#1479,#1480,#1481,#1482,
#1483,#1484,#1485),.UNSPECIFIED.,.T.,.F.) B_SPLINE_CURVE_WITH_KNOTS((1,2
    ,2,2,2,1),(-2.094395102393,0.,2.094395102393,4.188790204786,
6.28318530718,8.377580409573),.UNSPECIFIED.) CURVE() 
GEOMETRIC_REPRESENTATION_ITEM() RATIONAL_B_SPLINE_CURVE((1.,0.5,1.,0.5,
1.,0.5,1.)) REPRESENTATION_ITEM('') );
#1479 = CARTESIAN_POINT('',(194.7,52.));
#1480 = CARTESIAN_POINT('',(194.7,49.055513627133));
#1481 = CARTESIAN_POINT('',(192.15,50.527756813566));
#1482 = CARTESIAN_POINT('',(189.6,52.));
#1483 = CARTESIAN_POINT('',(192.15,53.472243186434));
#1484 = CARTESIAN_POINT('',(194.7,54.944486372867));
#1485 = CARTESIAN_POINT('',(194.7,52.));
#1486 = ( GEOMETRIC_REPRESENTATION_CONTEXT(2) 
PARAMETRIC_REPRESENTATION_CONTEXT() REPRESENTATION_CONTEXT('2D SPACE',''
  ) );
#1487 = PCURVE('',#680,#1488);
#1488 = DEFINITIONAL_REPRESENTATION('',(#1489),#1493);
#1489 = LINE('',#1490,#1491);
#1490 = CARTESIAN_POINT('',(-6.28318530718,-1.000000000001E-02));
#1491 = VECTOR('',#1492,1.);
#1492 = DIRECTION('',(1.,-0.));
#1493 = ( GEOMETRIC_REPRESENTATION_CONTEXT(2) 
PARAMETRIC_REPRESENTATION_CONTEXT() REPRESENTATION_CONTEXT('2D SPACE',''
  ) );
#1494 = FACE_BOUND('',#1495,.F.);
#1495 = EDGE_LOOP('',(#1496));
#1496 = ORIENTED_EDGE('',*,*,#1497,.T.);
#1497 = EDGE_CURVE('',#1498,#1498,#1500,.T.);
#1498 = VERTEX_POINT('',#1499);
#1499 = CARTESIAN_POINT('',(93.5,14.5,5.));
#1500 = SURFACE_CURVE('',#1501,(#1506,#1517),.PCURVE_S1.);
#1501 = CIRCLE('',#1502,7.5);
#1502 = AXIS2_PLACEMENT_3D('',#1503,#1504,#1505);
#1503 = CARTESIAN_POINT('',(86.,14.5,5.));
#1504 = DIRECTION('',(-0.,1.224646799147E-16,1.));
#1505 = DIRECTION('',(1.,0.,0.));
#1506 = PCURVE('',#72,#1507);
#1507 = DEFINITIONAL_REPRESENTATION('',(#1508),#1516);
#1508 = ( BOUNDED_CURVE() B_SPLINE_CURVE(2,(#1509,#1510,#1511,#1512,
#1513,#1514,#1515),.UNSPECIFIED.,.T.,.F.) B_SPLINE_CURVE_WITH_KNOTS((1,2
    ,2,2,2,1),(-2.094395102393,0.,2.094395102393,4.188790204786,
6.28318530718,8.377580409573),.UNSPECIFIED.) CURVE() 
GEOMETRIC_REPRESENTATION_ITEM() RATIONAL_B_SPLINE_CURVE((1.,0.5,1.,0.5,
1.,0.5,1.)) REPRESENTATION_ITEM('') );
#1509 = CARTESIAN_POINT('',(195.5,80.));
#1510 = CARTESIAN_POINT('',(195.5,67.009618943233));
#1511 = CARTESIAN_POINT('',(184.25,73.504809471617));
#1512 = CARTESIAN_POINT('',(173.,80.));
#1513 = CARTESIAN_POINT('',(184.25,86.495190528383));
#1514 = CARTESIAN_POINT('',(195.5,92.990381056767));
#1515 = CARTESIAN_POINT('',(195.5,80.));
#1516 = ( GEOMETRIC_REPRESENTATION_CONTEXT(2) 
PARAMETRIC_REPRESENTATION_CONTEXT() REPRESENTATION_CONTEXT('2D SPACE',''
  ) );
#1517 = PCURVE('',#715,#1518);
#1518 = DEFINITIONAL_REPRESENTATION('',(#1519),#1523);
#1519 = LINE('',#1520,#1521);
#1520 = CARTESIAN_POINT('',(-6.28318530718,-1.000000000001E-02));
#1521 = VECTOR('',#1522,1.);
#1522 = DIRECTION('',(1.,-0.));
#1523 = ( GEOMETRIC_REPRESENTATION_CONTEXT(2) 
PARAMETRIC_REPRESENTATION_CONTEXT() REPRESENTATION_CONTEXT('2D SPACE',''
  ) );
#1524 = FACE_BOUND('',#1525,.F.);
#1525 = EDGE_LOOP('',(#1526));
#1526 = ORIENTED_EDGE('',*,*,#1527,.T.);
#1527 = EDGE_CURVE('',#1528,#1528,#1530,.T.);
#1528 = VERTEX_POINT('',#1529);
#1529 = CARTESIAN_POINT('',(-87.3,2.5,5.));
#1530 = SURFACE_CURVE('',#1531,(#1536,#1547),.PCURVE_S1.);
#1531 = CIRCLE('',#1532,1.7);
#1532 = AXIS2_PLACEMENT_3D('',#1533,#1534,#1535);
#1533 = CARTESIAN_POINT('',(-89.,2.5,5.));
#1534 = DIRECTION('',(-0.,1.224646799147E-16,1.));
#1535 = DIRECTION('',(1.,0.,0.));
#1536 = PCURVE('',#72,#1537);
#1537 = DEFINITIONAL_REPRESENTATION('',(#1538),#1546);
#1538 = ( BOUNDED_CURVE() B_SPLINE_CURVE(2,(#1539,#1540,#1541,#1542,
#1543,#1544,#1545),.UNSPECIFIED.,.T.,.F.) B_SPLINE_CURVE_WITH_KNOTS((1,2
    ,2,2,2,1),(-2.094395102393,0.,2.094395102393,4.188790204786,
6.28318530718,8.377580409573),.UNSPECIFIED.) CURVE() 
GEOMETRIC_REPRESENTATION_ITEM() RATIONAL_B_SPLINE_CURVE((1.,0.5,1.,0.5,
1.,0.5,1.)) REPRESENTATION_ITEM('') );
#1539 = CARTESIAN_POINT('',(14.7,92.));
#1540 = CARTESIAN_POINT('',(14.7,89.055513627133));
#1541 = CARTESIAN_POINT('',(12.15,90.527756813566));
#1542 = CARTESIAN_POINT('',(9.6,92.));
#1543 = CARTESIAN_POINT('',(12.15,93.472243186434));
#1544 = CARTESIAN_POINT('',(14.7,94.944486372867));
#1545 = CARTESIAN_POINT('',(14.7,92.));
#1546 = ( GEOMETRIC_REPRESENTATION_CONTEXT(2) 
PARAMETRIC_REPRESENTATION_CONTEXT() REPRESENTATION_CONTEXT('2D SPACE',''
  ) );
#1547 = PCURVE('',#391,#1548);
#1548 = DEFINITIONAL_REPRESENTATION('',(#1549),#1553);
#1549 = LINE('',#1550,#1551);
#1550 = CARTESIAN_POINT('',(-6.28318530718,-1.000000000001E-02));
#1551 = VECTOR('',#1552,1.);
#1552 = DIRECTION('',(1.,-0.));
#1553 = ( GEOMETRIC_REPRESENTATION_CONTEXT(2) 
PARAMETRIC_REPRESENTATION_CONTEXT() REPRESENTATION_CONTEXT('2D SPACE',''
  ) );
#1554 = FACE_BOUND('',#1555,.F.);
#1555 = EDGE_LOOP('',(#1556));
#1556 = ORIENTED_EDGE('',*,*,#1557,.T.);
#1557 = EDGE_CURVE('',#1558,#1558,#1560,.T.);
#1558 = VERTEX_POINT('',#1559);
#1559 = CARTESIAN_POINT('',(-68.,2.5,5.));
#1560 = SURFACE_CURVE('',#1561,(#1566,#1577),.PCURVE_S1.);
#1561 = CIRCLE('',#1562,6.);
#1562 = AXIS2_PLACEMENT_3D('',#1563,#1564,#1565);
#1563 = CARTESIAN_POINT('',(-74.,2.5,5.));
#1564 = DIRECTION('',(-0.,1.224646799147E-16,1.));
#1565 = DIRECTION('',(1.,0.,0.));
#1566 = PCURVE('',#72,#1567);
#1567 = DEFINITIONAL_REPRESENTATION('',(#1568),#1576);
#1568 = ( BOUNDED_CURVE() B_SPLINE_CURVE(2,(#1569,#1570,#1571,#1572,
#1573,#1574,#1575),.UNSPECIFIED.,.T.,.F.) B_SPLINE_CURVE_WITH_KNOTS((1,2
    ,2,2,2,1),(-2.094395102393,0.,2.094395102393,4.188790204786,
6.28318530718,8.377580409573),.UNSPECIFIED.) CURVE() 
GEOMETRIC_REPRESENTATION_ITEM() RATIONAL_B_SPLINE_CURVE((1.,0.5,1.,0.5,
1.,0.5,1.)) REPRESENTATION_ITEM('') );
#1569 = CARTESIAN_POINT('',(34.,92.));
#1570 = CARTESIAN_POINT('',(34.,81.607695154587));
#1571 = CARTESIAN_POINT('',(25.,86.803847577293));
#1572 = CARTESIAN_POINT('',(16.,92.));
#1573 = CARTESIAN_POINT('',(25.,97.196152422707));
#1574 = CARTESIAN_POINT('',(34.,102.39230484541));
#1575 = CARTESIAN_POINT('',(34.,92.));
#1576 = ( GEOMETRIC_REPRESENTATION_CONTEXT(2) 
PARAMETRIC_REPRESENTATION_CONTEXT() REPRESENTATION_CONTEXT('2D SPACE',''
  ) );
#1577 = PCURVE('',#426,#1578);
#1578 = DEFINITIONAL_REPRESENTATION('',(#1579),#1583);
#1579 = LINE('',#1580,#1581);
#1580 = CARTESIAN_POINT('',(-6.28318530718,-1.000000000001E-02));
#1581 = VECTOR('',#1582,1.);
#1582 = DIRECTION('',(1.,-0.));
#1583 = ( GEOMETRIC_REPRESENTATION_CONTEXT(2) 
PARAMETRIC_REPRESENTATION_CONTEXT() REPRESENTATION_CONTEXT('2D SPACE',''
  ) );
#1584 = FACE_BOUND('',#1585,.F.);
#1585 = EDGE_LOOP('',(#1586));
#1586 = ORIENTED_EDGE('',*,*,#1587,.T.);
#1587 = EDGE_CURVE('',#1588,#1588,#1590,.T.);
#1588 = VERTEX_POINT('',#1589);
#1589 = CARTESIAN_POINT('',(-90.7,-47.,5.));
#1590 = SURFACE_CURVE('',#1591,(#1596,#1607),.PCURVE_S1.);
#1591 = CIRCLE('',#1592,1.3);
#1592 = AXIS2_PLACEMENT_3D('',#1593,#1594,#1595);
#1593 = CARTESIAN_POINT('',(-92.,-47.,5.));
#1594 = DIRECTION('',(-0.,1.224646799147E-16,1.));
#1595 = DIRECTION('',(1.,0.,0.));
#1596 = PCURVE('',#72,#1597);
#1597 = DEFINITIONAL_REPRESENTATION('',(#1598),#1606);
#1598 = ( BOUNDED_CURVE() B_SPLINE_CURVE(2,(#1599,#1600,#1601,#1602,
#1603,#1604,#1605),.UNSPECIFIED.,.T.,.F.) B_SPLINE_CURVE_WITH_KNOTS((1,2
    ,2,2,2,1),(-2.094395102393,0.,2.094395102393,4.188790204786,
6.28318530718,8.377580409573),.UNSPECIFIED.) CURVE() 
GEOMETRIC_REPRESENTATION_ITEM() RATIONAL_B_SPLINE_CURVE((1.,0.5,1.,0.5,
1.,0.5,1.)) REPRESENTATION_ITEM('') );
#1599 = CARTESIAN_POINT('',(11.3,141.5));
#1600 = CARTESIAN_POINT('',(11.3,139.24833395016));
#1601 = CARTESIAN_POINT('',(9.35,140.37416697508));
#1602 = CARTESIAN_POINT('',(7.4,141.5));
#1603 = CARTESIAN_POINT('',(9.35,142.62583302492));
#1604 = CARTESIAN_POINT('',(11.3,143.75166604984));
#1605 = CARTESIAN_POINT('',(11.3,141.5));
#1606 = ( GEOMETRIC_REPRESENTATION_CONTEXT(2) 
PARAMETRIC_REPRESENTATION_CONTEXT() REPRESENTATION_CONTEXT('2D SPACE',''
  ) );
#1607 = PCURVE('',#750,#1608);
#1608 = DEFINITIONAL_REPRESENTATION('',(#1609),#1613);
#1609 = LINE('',#1610,#1611);
#1610 = CARTESIAN_POINT('',(-6.28318530718,-1.000000000001E-02));
#1611 = VECTOR('',#1612,1.);
#1612 = DIRECTION('',(1.,-0.));
#1613 = ( GEOMETRIC_REPRESENTATION_CONTEXT(2) 
PARAMETRIC_REPRESENTATION_CONTEXT() REPRESENTATION_CONTEXT('2D SPACE',''
  ) );
#1614 = FACE_BOUND('',#1615,.F.);
#1615 = EDGE_LOOP('',(#1616));
#1616 = ORIENTED_EDGE('',*,*,#1617,.T.);
#1617 = EDGE_CURVE('',#1618,#1618,#1620,.T.);
#1618 = VERTEX_POINT('',#1619);
#1619 = CARTESIAN_POINT('',(-87.3,-72.5,5.));
#1620 = SURFACE_CURVE('',#1621,(#1626,#1637),.PCURVE_S1.);
#1621 = CIRCLE('',#1622,1.7);
#1622 = AXIS2_PLACEMENT_3D('',#1623,#1624,#1625);
#1623 = CARTESIAN_POINT('',(-89.,-72.5,5.));
#1624 = DIRECTION('',(-0.,1.224646799147E-16,1.));
#1625 = DIRECTION('',(1.,0.,0.));
#1626 = PCURVE('',#72,#1627);
#1627 = DEFINITIONAL_REPRESENTATION('',(#1628),#1636);
#1628 = ( BOUNDED_CURVE() B_SPLINE_CURVE(2,(#1629,#1630,#1631,#1632,
#1633,#1634,#1635),.UNSPECIFIED.,.T.,.F.) B_SPLINE_CURVE_WITH_KNOTS((1,2
    ,2,2,2,1),(-2.094395102393,0.,2.094395102393,4.188790204786,
6.28318530718,8.377580409573),.UNSPECIFIED.) CURVE() 
GEOMETRIC_REPRESENTATION_ITEM() RATIONAL_B_SPLINE_CURVE((1.,0.5,1.,0.5,
1.,0.5,1.)) REPRESENTATION_ITEM('') );
#1629 = CARTESIAN_POINT('',(14.7,167.));
#1630 = CARTESIAN_POINT('',(14.7,164.05551362713));
#1631 = CARTESIAN_POINT('',(12.15,165.52775681356));
#1632 = CARTESIAN_POINT('',(9.6,167.));
#1633 = CARTESIAN_POINT('',(12.15,168.47224318643));
#1634 = CARTESIAN_POINT('',(14.7,169.94448637286));
#1635 = CARTESIAN_POINT('',(14.7,167.));
#1636 = ( GEOMETRIC_REPRESENTATION_CONTEXT(2) 
PARAMETRIC_REPRESENTATION_CONTEXT() REPRESENTATION_CONTEXT('2D SPACE',''
  ) );
#1637 = PCURVE('',#820,#1638);
#1638 = DEFINITIONAL_REPRESENTATION('',(#1639),#1643);
#1639 = LINE('',#1640,#1641);
#1640 = CARTESIAN_POINT('',(-6.28318530718,-1.000000000001E-02));
#1641 = VECTOR('',#1642,1.);
#1642 = DIRECTION('',(1.,-0.));
#1643 = ( GEOMETRIC_REPRESENTATION_CONTEXT(2) 
PARAMETRIC_REPRESENTATION_CONTEXT() REPRESENTATION_CONTEXT('2D SPACE',''
  ) );
#1644 = FACE_BOUND('',#1645,.F.);
#1645 = EDGE_LOOP('',(#1646));
#1646 = ORIENTED_EDGE('',*,*,#1647,.F.);
#1647 = EDGE_CURVE('',#1648,#1648,#1650,.T.);
#1648 = VERTEX_POINT('',#1649);
#1649 = CARTESIAN_POINT('',(-56.75,-67.5,5.));
#1650 = SURFACE_CURVE('',#1651,(#1656,#1663),.PCURVE_S1.);
#1651 = CIRCLE('',#1652,5.);
#1652 = AXIS2_PLACEMENT_3D('',#1653,#1654,#1655);
#1653 = CARTESIAN_POINT('',(-61.75,-67.5,5.));
#1654 = DIRECTION('',(0.,-1.224646799147E-16,-1.));
#1655 = DIRECTION('',(1.,0.,0.));
#1656 = PCURVE('',#72,#1657);
#1657 = DEFINITIONAL_REPRESENTATION('',(#1658),#1662);
#1658 = CIRCLE('',#1659,5.);
#1659 = AXIS2_PLACEMENT_2D('',#1660,#1661);
#1660 = CARTESIAN_POINT('',(40.25,162.));
#1661 = DIRECTION('',(1.,0.));
#1662 = ( GEOMETRIC_REPRESENTATION_CONTEXT(2) 
PARAMETRIC_REPRESENTATION_CONTEXT() REPRESENTATION_CONTEXT('2D SPACE',''
  ) );
#1663 = PCURVE('',#1664,#1669);
#1664 = CYLINDRICAL_SURFACE('',#1665,5.);
#1665 = AXIS2_PLACEMENT_3D('',#1666,#1667,#1668);
#1666 = CARTESIAN_POINT('',(-61.75,-67.5,12.));
#1667 = DIRECTION('',(-0.,1.224646799147E-16,1.));
#1668 = DIRECTION('',(1.,0.,0.));
#1669 = DEFINITIONAL_REPRESENTATION('',(#1670),#1674);
#1670 = LINE('',#1671,#1672);
#1671 = CARTESIAN_POINT('',(-0.,-7.));
#1672 = VECTOR('',#1673,1.);
#1673 = DIRECTION('',(-1.,0.));
#1674 = ( GEOMETRIC_REPRESENTATION_CONTEXT(2) 
PARAMETRIC_REPRESENTATION_CONTEXT() REPRESENTATION_CONTEXT('2D SPACE',''
  ) );
#1675 = FACE_BOUND('',#1676,.F.);
#1676 = EDGE_LOOP('',(#1677));
#1677 = ORIENTED_EDGE('',*,*,#1678,.F.);
#1678 = EDGE_CURVE('',#1679,#1679,#1681,.T.);
#1679 = VERTEX_POINT('',#1680);
#1680 = CARTESIAN_POINT('',(73.25,-67.5,5.));
#1681 = SURFACE_CURVE('',#1682,(#1687,#1694),.PCURVE_S1.);
#1682 = CIRCLE('',#1683,5.);
#1683 = AXIS2_PLACEMENT_3D('',#1684,#1685,#1686);
#1684 = CARTESIAN_POINT('',(68.25,-67.5,5.));
#1685 = DIRECTION('',(0.,-1.224646799147E-16,-1.));
#1686 = DIRECTION('',(1.,0.,0.));
#1687 = PCURVE('',#72,#1688);
#1688 = DEFINITIONAL_REPRESENTATION('',(#1689),#1693);
#1689 = CIRCLE('',#1690,5.);
#1690 = AXIS2_PLACEMENT_2D('',#1691,#1692);
#1691 = CARTESIAN_POINT('',(170.25,162.));
#1692 = DIRECTION('',(1.,0.));
#1693 = ( GEOMETRIC_REPRESENTATION_CONTEXT(2) 
PARAMETRIC_REPRESENTATION_CONTEXT() REPRESENTATION_CONTEXT('2D SPACE',''
  ) );
#1694 = PCURVE('',#1695,#1700);
#1695 = CYLINDRICAL_SURFACE('',#1696,5.);
#1696 = AXIS2_PLACEMENT_3D('',#1697,#1698,#1699);
#1697 = CARTESIAN_POINT('',(68.25,-67.5,12.));
#1698 = DIRECTION('',(-0.,1.224646799147E-16,1.));
#1699 = DIRECTION('',(1.,0.,0.));
#1700 = DEFINITIONAL_REPRESENTATION('',(#1701),#1705);
#1701 = LINE('',#1702,#1703);
#1702 = CARTESIAN_POINT('',(-0.,-7.));
#1703 = VECTOR('',#1704,1.);
#1704 = DIRECTION('',(-1.,0.));
#1705 = ( GEOMETRIC_REPRESENTATION_CONTEXT(2) 
PARAMETRIC_REPRESENTATION_CONTEXT() REPRESENTATION_CONTEXT('2D SPACE',''
  ) );
#1706 = FACE_BOUND('',#1707,.F.);
#1707 = EDGE_LOOP('',(#1708));
#1708 = ORIENTED_EDGE('',*,*,#1709,.T.);
#1709 = EDGE_CURVE('',#1710,#1710,#1712,.T.);
#1710 = VERTEX_POINT('',#1711);
#1711 = CARTESIAN_POINT('',(92.7,-72.5,5.));
#1712 = SURFACE_CURVE('',#1713,(#1718,#1729),.PCURVE_S1.);
#1713 = CIRCLE('',#1714,1.7);
#1714 = AXIS2_PLACEMENT_3D('',#1715,#1716,#1717);
#1715 = CARTESIAN_POINT('',(91.,-72.5,5.));
#1716 = DIRECTION('',(-0.,1.224646799147E-16,1.));
#1717 = DIRECTION('',(1.,0.,0.));
#1718 = PCURVE('',#72,#1719);
#1719 = DEFINITIONAL_REPRESENTATION('',(#1720),#1728);
#1720 = ( BOUNDED_CURVE() B_SPLINE_CURVE(2,(#1721,#1722,#1723,#1724,
#1725,#1726,#1727),.UNSPECIFIED.,.T.,.F.) B_SPLINE_CURVE_WITH_KNOTS((1,2
    ,2,2,2,1),(-2.094395102393,0.,2.094395102393,4.188790204786,
6.28318530718,8.377580409573),.UNSPECIFIED.) CURVE() 
GEOMETRIC_REPRESENTATION_ITEM() RATIONAL_B_SPLINE_CURVE((1.,0.5,1.,0.5,
1.,0.5,1.)) REPRESENTATION_ITEM('') );
#1721 = CARTESIAN_POINT('',(194.7,167.));
#1722 = CARTESIAN_POINT('',(194.7,164.05551362713));
#1723 = CARTESIAN_POINT('',(192.15,165.52775681356));
#1724 = CARTESIAN_POINT('',(189.6,167.));
#1725 = CARTESIAN_POINT('',(192.15,168.47224318643));
#1726 = CARTESIAN_POINT('',(194.7,169.94448637286));
#1727 = CARTESIAN_POINT('',(194.7,167.));
#1728 = ( GEOMETRIC_REPRESENTATION_CONTEXT(2) 
PARAMETRIC_REPRESENTATION_CONTEXT() REPRESENTATION_CONTEXT('2D SPACE',''
  ) );
#1729 = PCURVE('',#921,#1730);
#1730 = DEFINITIONAL_REPRESENTATION('',(#1731),#1735);
#1731 = LINE('',#1732,#1733);
#1732 = CARTESIAN_POINT('',(-6.28318530718,-1.000000000001E-02));
#1733 = VECTOR('',#1734,1.);
#1734 = DIRECTION('',(1.,-0.));
#1735 = ( GEOMETRIC_REPRESENTATION_CONTEXT(2) 
PARAMETRIC_REPRESENTATION_CONTEXT() REPRESENTATION_CONTEXT('2D SPACE',''
  ) );
#1736 = ADVANCED_FACE('',(#1737),#202,.T.);
#1737 = FACE_BOUND('',#1738,.T.);
#1738 = EDGE_LOOP('',(#1739,#1740,#1741,#1742));
#1739 = ORIENTED_EDGE('',*,*,#188,.F.);
#1740 = ORIENTED_EDGE('',*,*,#1095,.T.);
#1741 = ORIENTED_EDGE('',*,*,#961,.T.);
#1742 = ORIENTED_EDGE('',*,*,#219,.F.);
#1743 = ADVANCED_FACE('',(#1744),#286,.F.);
#1744 = FACE_BOUND('',#1745,.T.);
#1745 = EDGE_LOOP('',(#1746,#1747,#1768,#1769));
#1746 = ORIENTED_EDGE('',*,*,#1191,.T.);
#1747 = ORIENTED_EDGE('',*,*,#1748,.T.);
#1748 = EDGE_CURVE('',#1192,#266,#1749,.T.);
#1749 = SEAM_CURVE('',#1750,(#1754,#1761),.PCURVE_S1.);
#1750 = LINE('',#1751,#1752);
#1751 = CARTESIAN_POINT('',(-90.7,84.,5.01));
#1752 = VECTOR('',#1753,1.);
#1753 = DIRECTION('',(0.,-1.224646799147E-16,-1.));
#1754 = PCURVE('',#286,#1755);
#1755 = DEFINITIONAL_REPRESENTATION('',(#1756),#1760);
#1756 = LINE('',#1757,#1758);
#1757 = CARTESIAN_POINT('',(-6.28318530718,0.));
#1758 = VECTOR('',#1759,1.);
#1759 = DIRECTION('',(-0.,-1.));
#1760 = ( GEOMETRIC_REPRESENTATION_CONTEXT(2) 
PARAMETRIC_REPRESENTATION_CONTEXT() REPRESENTATION_CONTEXT('2D SPACE',''
  ) );
#1761 = PCURVE('',#286,#1762);
#1762 = DEFINITIONAL_REPRESENTATION('',(#1763),#1767);
#1763 = LINE('',#1764,#1765);
#1764 = CARTESIAN_POINT('',(-0.,0.));
#1765 = VECTOR('',#1766,1.);
#1766 = DIRECTION('',(-0.,-1.));
#1767 = ( GEOMETRIC_REPRESENTATION_CONTEXT(2) 
PARAMETRIC_REPRESENTATION_CONTEXT() REPRESENTATION_CONTEXT('2D SPACE',''
  ) );
#1768 = ORIENTED_EDGE('',*,*,#265,.F.);
#1769 = ORIENTED_EDGE('',*,*,#1748,.F.);
#1770 = ADVANCED_FACE('',(#1771),#321,.F.);
#1771 = FACE_BOUND('',#1772,.T.);
#1772 = EDGE_LOOP('',(#1773,#1774,#1795,#1796));
#1773 = ORIENTED_EDGE('',*,*,#1221,.T.);
#1774 = ORIENTED_EDGE('',*,*,#1775,.T.);
#1775 = EDGE_CURVE('',#1222,#301,#1776,.T.);
#1776 = SEAM_CURVE('',#1777,(#1781,#1788),.PCURVE_S1.);
#1777 = LINE('',#1778,#1779);
#1778 = CARTESIAN_POINT('',(-87.3,72.5,5.01));
#1779 = VECTOR('',#1780,1.);
#1780 = DIRECTION('',(0.,-1.224646799147E-16,-1.));
#1781 = PCURVE('',#321,#1782);
#1782 = DEFINITIONAL_REPRESENTATION('',(#1783),#1787);
#1783 = LINE('',#1784,#1785);
#1784 = CARTESIAN_POINT('',(-6.28318530718,0.));
#1785 = VECTOR('',#1786,1.);
#1786 = DIRECTION('',(-0.,-1.));
#1787 = ( GEOMETRIC_REPRESENTATION_CONTEXT(2) 
PARAMETRIC_REPRESENTATION_CONTEXT() REPRESENTATION_CONTEXT('2D SPACE',''
  ) );
#1788 = PCURVE('',#321,#1789);
#1789 = DEFINITIONAL_REPRESENTATION('',(#1790),#1794);
#1790 = LINE('',#1791,#1792);
#1791 = CARTESIAN_POINT('',(-0.,0.));
#1792 = VECTOR('',#1793,1.);
#1793 = DIRECTION('',(-0.,-1.));
#1794 = ( GEOMETRIC_REPRESENTATION_CONTEXT(2) 
PARAMETRIC_REPRESENTATION_CONTEXT() REPRESENTATION_CONTEXT('2D SPACE',''
  ) );
#1795 = ORIENTED_EDGE('',*,*,#300,.F.);
#1796 = ORIENTED_EDGE('',*,*,#1775,.F.);
#1797 = ADVANCED_FACE('',(#1798),#356,.F.);
#1798 = FACE_BOUND('',#1799,.T.);
#1799 = EDGE_LOOP('',(#1800,#1833,#1854,#1855));
#1800 = ORIENTED_EDGE('',*,*,#1801,.T.);
#1801 = EDGE_CURVE('',#1802,#1802,#1804,.T.);
#1802 = VERTEX_POINT('',#1803);
#1803 = CARTESIAN_POINT('',(-60.45,80.5,12.));
#1804 = SURFACE_CURVE('',#1805,(#1810,#1817),.PCURVE_S1.);
#1805 = CIRCLE('',#1806,1.3);
#1806 = AXIS2_PLACEMENT_3D('',#1807,#1808,#1809);
#1807 = CARTESIAN_POINT('',(-61.75,80.5,12.));
#1808 = DIRECTION('',(-0.,1.224646799147E-16,1.));
#1809 = DIRECTION('',(1.,0.,0.));
#1810 = PCURVE('',#356,#1811);
#1811 = DEFINITIONAL_REPRESENTATION('',(#1812),#1816);
#1812 = LINE('',#1813,#1814);
#1813 = CARTESIAN_POINT('',(-6.28318530718,-1.000000000001E-02));
#1814 = VECTOR('',#1815,1.);
#1815 = DIRECTION('',(1.,-0.));
#1816 = ( GEOMETRIC_REPRESENTATION_CONTEXT(2) 
PARAMETRIC_REPRESENTATION_CONTEXT() REPRESENTATION_CONTEXT('2D SPACE',''
  ) );
#1817 = PCURVE('',#1818,#1823);
#1818 = PLANE('',#1819);
#1819 = AXIS2_PLACEMENT_3D('',#1820,#1821,#1822);
#1820 = CARTESIAN_POINT('',(-61.75,80.5,12.));
#1821 = DIRECTION('',(0.,-1.224646799147E-16,-1.));
#1822 = DIRECTION('',(1.,0.,0.));
#1823 = DEFINITIONAL_REPRESENTATION('',(#1824),#1832);
#1824 = ( BOUNDED_CURVE() B_SPLINE_CURVE(2,(#1825,#1826,#1827,#1828,
#1829,#1830,#1831),.UNSPECIFIED.,.T.,.F.) B_SPLINE_CURVE_WITH_KNOTS((1,2
    ,2,2,2,1),(-2.094395102393,0.,2.094395102393,4.188790204786,
6.28318530718,8.377580409573),.UNSPECIFIED.) CURVE() 
GEOMETRIC_REPRESENTATION_ITEM() RATIONAL_B_SPLINE_CURVE((1.,0.5,1.,0.5,
1.,0.5,1.)) REPRESENTATION_ITEM('') );
#1825 = CARTESIAN_POINT('',(1.3,0.));
#1826 = CARTESIAN_POINT('',(1.3,-2.25166604984));
#1827 = CARTESIAN_POINT('',(-0.65,-1.12583302492));
#1828 = CARTESIAN_POINT('',(-2.6,-3.184081677783E-16));
#1829 = CARTESIAN_POINT('',(-0.65,1.12583302492));
#1830 = CARTESIAN_POINT('',(1.3,2.25166604984));
#1831 = CARTESIAN_POINT('',(1.3,0.));
#1832 = ( GEOMETRIC_REPRESENTATION_CONTEXT(2) 
PARAMETRIC_REPRESENTATION_CONTEXT() REPRESENTATION_CONTEXT('2D SPACE',''
  ) );
#1833 = ORIENTED_EDGE('',*,*,#1834,.T.);
#1834 = EDGE_CURVE('',#1802,#336,#1835,.T.);
#1835 = SEAM_CURVE('',#1836,(#1840,#1847),.PCURVE_S1.);
#1836 = LINE('',#1837,#1838);
#1837 = CARTESIAN_POINT('',(-60.45,80.5,12.01));
#1838 = VECTOR('',#1839,1.);
#1839 = DIRECTION('',(0.,-1.224646799147E-16,-1.));
#1840 = PCURVE('',#356,#1841);
#1841 = DEFINITIONAL_REPRESENTATION('',(#1842),#1846);
#1842 = LINE('',#1843,#1844);
#1843 = CARTESIAN_POINT('',(-6.28318530718,0.));
#1844 = VECTOR('',#1845,1.);
#1845 = DIRECTION('',(-0.,-1.));
#1846 = ( GEOMETRIC_REPRESENTATION_CONTEXT(2) 
PARAMETRIC_REPRESENTATION_CONTEXT() REPRESENTATION_CONTEXT('2D SPACE',''
  ) );
#1847 = PCURVE('',#356,#1848);
#1848 = DEFINITIONAL_REPRESENTATION('',(#1849),#1853);
#1849 = LINE('',#1850,#1851);
#1850 = CARTESIAN_POINT('',(-0.,0.));
#1851 = VECTOR('',#1852,1.);
#1852 = DIRECTION('',(-0.,-1.));
#1853 = ( GEOMETRIC_REPRESENTATION_CONTEXT(2) 
PARAMETRIC_REPRESENTATION_CONTEXT() REPRESENTATION_CONTEXT('2D SPACE',''
  ) );
#1854 = ORIENTED_EDGE('',*,*,#335,.F.);
#1855 = ORIENTED_EDGE('',*,*,#1834,.F.);
#1856 = ADVANCED_FACE('',(#1857),#391,.F.);
#1857 = FACE_BOUND('',#1858,.T.);
#1858 = EDGE_LOOP('',(#1859,#1860,#1881,#1882));
#1859 = ORIENTED_EDGE('',*,*,#1527,.T.);
#1860 = ORIENTED_EDGE('',*,*,#1861,.T.);
#1861 = EDGE_CURVE('',#1528,#371,#1862,.T.);
#1862 = SEAM_CURVE('',#1863,(#1867,#1874),.PCURVE_S1.);
#1863 = LINE('',#1864,#1865);
#1864 = CARTESIAN_POINT('',(-87.3,2.5,5.01));
#1865 = VECTOR('',#1866,1.);
#1866 = DIRECTION('',(0.,-1.224646799147E-16,-1.));
#1867 = PCURVE('',#391,#1868);
#1868 = DEFINITIONAL_REPRESENTATION('',(#1869),#1873);
#1869 = LINE('',#1870,#1871);
#1870 = CARTESIAN_POINT('',(-6.28318530718,0.));
#1871 = VECTOR('',#1872,1.);
#1872 = DIRECTION('',(-0.,-1.));
#1873 = ( GEOMETRIC_REPRESENTATION_CONTEXT(2) 
PARAMETRIC_REPRESENTATION_CONTEXT() REPRESENTATION_CONTEXT('2D SPACE',''
  ) );
#1874 = PCURVE('',#391,#1875);
#1875 = DEFINITIONAL_REPRESENTATION('',(#1876),#1880);
#1876 = LINE('',#1877,#1878);
#1877 = CARTESIAN_POINT('',(-0.,0.));
#1878 = VECTOR('',#1879,1.);
#1879 = DIRECTION('',(-0.,-1.));
#1880 = ( GEOMETRIC_REPRESENTATION_CONTEXT(2) 
PARAMETRIC_REPRESENTATION_CONTEXT() REPRESENTATION_CONTEXT('2D SPACE',''
  ) );
#1881 = ORIENTED_EDGE('',*,*,#370,.F.);
#1882 = ORIENTED_EDGE('',*,*,#1861,.F.);
#1883 = ADVANCED_FACE('',(#1884),#426,.F.);
#1884 = FACE_BOUND('',#1885,.T.);
#1885 = EDGE_LOOP('',(#1886,#1887,#1908,#1909));
#1886 = ORIENTED_EDGE('',*,*,#1557,.T.);
#1887 = ORIENTED_EDGE('',*,*,#1888,.T.);
#1888 = EDGE_CURVE('',#1558,#406,#1889,.T.);
#1889 = SEAM_CURVE('',#1890,(#1894,#1901),.PCURVE_S1.);
#1890 = LINE('',#1891,#1892);
#1891 = CARTESIAN_POINT('',(-68.,2.5,5.01));
#1892 = VECTOR('',#1893,1.);
#1893 = DIRECTION('',(0.,-1.224646799147E-16,-1.));
#1894 = PCURVE('',#426,#1895);
#1895 = DEFINITIONAL_REPRESENTATION('',(#1896),#1900);
#1896 = LINE('',#1897,#1898);
#1897 = CARTESIAN_POINT('',(-6.28318530718,0.));
#1898 = VECTOR('',#1899,1.);
#1899 = DIRECTION('',(-0.,-1.));
#1900 = ( GEOMETRIC_REPRESENTATION_CONTEXT(2) 
PARAMETRIC_REPRESENTATION_CONTEXT() REPRESENTATION_CONTEXT('2D SPACE',''
  ) );
#1901 = PCURVE('',#426,#1902);
#1902 = DEFINITIONAL_REPRESENTATION('',(#1903),#1907);
#1903 = LINE('',#1904,#1905);
#1904 = CARTESIAN_POINT('',(-0.,0.));
#1905 = VECTOR('',#1906,1.);
#1906 = DIRECTION('',(-0.,-1.));
#1907 = ( GEOMETRIC_REPRESENTATION_CONTEXT(2) 
PARAMETRIC_REPRESENTATION_CONTEXT() REPRESENTATION_CONTEXT('2D SPACE',''
  ) );
#1908 = ORIENTED_EDGE('',*,*,#405,.F.);
#1909 = ORIENTED_EDGE('',*,*,#1888,.F.);
#1910 = ADVANCED_FACE('',(#1911),#458,.T.);
#1911 = FACE_BOUND('',#1912,.T.);
#1912 = EDGE_LOOP('',(#1913,#1934,#1935,#1956));
#1913 = ORIENTED_EDGE('',*,*,#1914,.F.);
#1914 = EDGE_CURVE('',#1283,#441,#1915,.T.);
#1915 = SURFACE_CURVE('',#1916,(#1920,#1927),.PCURVE_S1.);
#1916 = LINE('',#1917,#1918);
#1917 = CARTESIAN_POINT('',(29.5,48.,5.01));
#1918 = VECTOR('',#1919,1.);
#1919 = DIRECTION('',(0.,-1.224646799147E-16,-1.));
#1920 = PCURVE('',#458,#1921);
#1921 = DEFINITIONAL_REPRESENTATION('',(#1922),#1926);
#1922 = LINE('',#1923,#1924);
#1923 = CARTESIAN_POINT('',(0.,65.5));
#1924 = VECTOR('',#1925,1.);
#1925 = DIRECTION('',(1.,0.));
#1926 = ( GEOMETRIC_REPRESENTATION_CONTEXT(2) 
PARAMETRIC_REPRESENTATION_CONTEXT() REPRESENTATION_CONTEXT('2D SPACE',''
  ) );
#1927 = PCURVE('',#540,#1928);
#1928 = DEFINITIONAL_REPRESENTATION('',(#1929),#1933);
#1929 = LINE('',#1930,#1931);
#1930 = CARTESIAN_POINT('',(0.,0.));
#1931 = VECTOR('',#1932,1.);
#1932 = DIRECTION('',(1.,0.));
#1933 = ( GEOMETRIC_REPRESENTATION_CONTEXT(2) 
PARAMETRIC_REPRESENTATION_CONTEXT() REPRESENTATION_CONTEXT('2D SPACE',''
  ) );
#1934 = ORIENTED_EDGE('',*,*,#1282,.T.);
#1935 = ORIENTED_EDGE('',*,*,#1936,.T.);
#1936 = EDGE_CURVE('',#1285,#443,#1937,.T.);
#1937 = SURFACE_CURVE('',#1938,(#1942,#1949),.PCURVE_S1.);
#1938 = LINE('',#1939,#1940);
#1939 = CARTESIAN_POINT('',(-36.,48.,5.01));
#1940 = VECTOR('',#1941,1.);
#1941 = DIRECTION('',(0.,-1.224646799147E-16,-1.));
#1942 = PCURVE('',#458,#1943);
#1943 = DEFINITIONAL_REPRESENTATION('',(#1944),#1948);
#1944 = LINE('',#1945,#1946);
#1945 = CARTESIAN_POINT('',(0.,0.));
#1946 = VECTOR('',#1947,1.);
#1947 = DIRECTION('',(1.,0.));
#1948 = ( GEOMETRIC_REPRESENTATION_CONTEXT(2) 
PARAMETRIC_REPRESENTATION_CONTEXT() REPRESENTATION_CONTEXT('2D SPACE',''
  ) );
#1949 = PCURVE('',#486,#1950);
#1950 = DEFINITIONAL_REPRESENTATION('',(#1951),#1955);
#1951 = LINE('',#1952,#1953);
#1952 = CARTESIAN_POINT('',(0.,0.));
#1953 = VECTOR('',#1954,1.);
#1954 = DIRECTION('',(1.,0.));
#1955 = ( GEOMETRIC_REPRESENTATION_CONTEXT(2) 
PARAMETRIC_REPRESENTATION_CONTEXT() REPRESENTATION_CONTEXT('2D SPACE',''
  ) );
#1956 = ORIENTED_EDGE('',*,*,#440,.F.);
#1957 = ADVANCED_FACE('',(#1958),#540,.F.);
#1958 = FACE_BOUND('',#1959,.F.);
#1959 = EDGE_LOOP('',(#1960,#1961,#1962,#1983));
#1960 = ORIENTED_EDGE('',*,*,#1914,.F.);
#1961 = ORIENTED_EDGE('',*,*,#1353,.T.);
#1962 = ORIENTED_EDGE('',*,*,#1963,.T.);
#1963 = EDGE_CURVE('',#1331,#499,#1964,.T.);
#1964 = SURFACE_CURVE('',#1965,(#1969,#1976),.PCURVE_S1.);
#1965 = LINE('',#1966,#1967);
#1966 = CARTESIAN_POINT('',(29.5,23.7,5.01));
#1967 = VECTOR('',#1968,1.);
#1968 = DIRECTION('',(0.,-1.224646799147E-16,-1.));
#1969 = PCURVE('',#540,#1970);
#1970 = DEFINITIONAL_REPRESENTATION('',(#1971),#1975);
#1971 = LINE('',#1972,#1973);
#1972 = CARTESIAN_POINT('',(-1.123496299327E-14,-24.3));
#1973 = VECTOR('',#1974,1.);
#1974 = DIRECTION('',(1.,0.));
#1975 = ( GEOMETRIC_REPRESENTATION_CONTEXT(2) 
PARAMETRIC_REPRESENTATION_CONTEXT() REPRESENTATION_CONTEXT('2D SPACE',''
  ) );
#1976 = PCURVE('',#514,#1977);
#1977 = DEFINITIONAL_REPRESENTATION('',(#1978),#1982);
#1978 = LINE('',#1979,#1980);
#1979 = CARTESIAN_POINT('',(0.,65.5));
#1980 = VECTOR('',#1981,1.);
#1981 = DIRECTION('',(1.,0.));
#1982 = ( GEOMETRIC_REPRESENTATION_CONTEXT(2) 
PARAMETRIC_REPRESENTATION_CONTEXT() REPRESENTATION_CONTEXT('2D SPACE',''
  ) );
#1983 = ORIENTED_EDGE('',*,*,#526,.F.);
#1984 = ADVANCED_FACE('',(#1985),#486,.T.);
#1985 = FACE_BOUND('',#1986,.T.);
#1986 = EDGE_LOOP('',(#1987,#1988,#1989,#2010));
#1987 = ORIENTED_EDGE('',*,*,#1936,.F.);
#1988 = ORIENTED_EDGE('',*,*,#1307,.T.);
#1989 = ORIENTED_EDGE('',*,*,#1990,.T.);
#1990 = EDGE_CURVE('',#1308,#471,#1991,.T.);
#1991 = SURFACE_CURVE('',#1992,(#1996,#2003),.PCURVE_S1.);
#1992 = LINE('',#1993,#1994);
#1993 = CARTESIAN_POINT('',(-36.,23.7,5.01));
#1994 = VECTOR('',#1995,1.);
#1995 = DIRECTION('',(0.,-1.224646799147E-16,-1.));
#1996 = PCURVE('',#486,#1997);
#1997 = DEFINITIONAL_REPRESENTATION('',(#1998),#2002);
#1998 = LINE('',#1999,#2000);
#1999 = CARTESIAN_POINT('',(-1.123496299327E-14,-24.3));
#2000 = VECTOR('',#2001,1.);
#2001 = DIRECTION('',(1.,0.));
#2002 = ( GEOMETRIC_REPRESENTATION_CONTEXT(2) 
PARAMETRIC_REPRESENTATION_CONTEXT() REPRESENTATION_CONTEXT('2D SPACE',''
  ) );
#2003 = PCURVE('',#514,#2004);
#2004 = DEFINITIONAL_REPRESENTATION('',(#2005),#2009);
#2005 = LINE('',#2006,#2007);
#2006 = CARTESIAN_POINT('',(0.,0.));
#2007 = VECTOR('',#2008,1.);
#2008 = DIRECTION('',(1.,0.));
#2009 = ( GEOMETRIC_REPRESENTATION_CONTEXT(2) 
PARAMETRIC_REPRESENTATION_CONTEXT() REPRESENTATION_CONTEXT('2D SPACE',''
  ) );
#2010 = ORIENTED_EDGE('',*,*,#470,.F.);
#2011 = ADVANCED_FACE('',(#2012),#514,.F.);
#2012 = FACE_BOUND('',#2013,.F.);
#2013 = EDGE_LOOP('',(#2014,#2015,#2016,#2017));
#2014 = ORIENTED_EDGE('',*,*,#1963,.F.);
#2015 = ORIENTED_EDGE('',*,*,#1330,.T.);
#2016 = ORIENTED_EDGE('',*,*,#1990,.T.);
#2017 = ORIENTED_EDGE('',*,*,#498,.F.);
#2018 = ADVANCED_FACE('',(#2019),#575,.F.);
#2019 = FACE_BOUND('',#2020,.T.);
#2020 = EDGE_LOOP('',(#2021,#2054,#2075,#2076));
#2021 = ORIENTED_EDGE('',*,*,#2022,.T.);
#2022 = EDGE_CURVE('',#2023,#2023,#2025,.T.);
#2023 = VERTEX_POINT('',#2024);
#2024 = CARTESIAN_POINT('',(69.55,80.5,12.));
#2025 = SURFACE_CURVE('',#2026,(#2031,#2038),.PCURVE_S1.);
#2026 = CIRCLE('',#2027,1.3);
#2027 = AXIS2_PLACEMENT_3D('',#2028,#2029,#2030);
#2028 = CARTESIAN_POINT('',(68.25,80.5,12.));
#2029 = DIRECTION('',(-0.,1.224646799147E-16,1.));
#2030 = DIRECTION('',(1.,0.,0.));
#2031 = PCURVE('',#575,#2032);
#2032 = DEFINITIONAL_REPRESENTATION('',(#2033),#2037);
#2033 = LINE('',#2034,#2035);
#2034 = CARTESIAN_POINT('',(-6.28318530718,-1.000000000001E-02));
#2035 = VECTOR('',#2036,1.);
#2036 = DIRECTION('',(1.,-0.));
#2037 = ( GEOMETRIC_REPRESENTATION_CONTEXT(2) 
PARAMETRIC_REPRESENTATION_CONTEXT() REPRESENTATION_CONTEXT('2D SPACE',''
  ) );
#2038 = PCURVE('',#2039,#2044);
#2039 = PLANE('',#2040);
#2040 = AXIS2_PLACEMENT_3D('',#2041,#2042,#2043);
#2041 = CARTESIAN_POINT('',(68.25,80.5,12.));
#2042 = DIRECTION('',(0.,-1.224646799147E-16,-1.));
#2043 = DIRECTION('',(1.,0.,0.));
#2044 = DEFINITIONAL_REPRESENTATION('',(#2045),#2053);
#2045 = ( BOUNDED_CURVE() B_SPLINE_CURVE(2,(#2046,#2047,#2048,#2049,
#2050,#2051,#2052),.UNSPECIFIED.,.T.,.F.) B_SPLINE_CURVE_WITH_KNOTS((1,2
    ,2,2,2,1),(-2.094395102393,0.,2.094395102393,4.188790204786,
6.28318530718,8.377580409573),.UNSPECIFIED.) CURVE() 
GEOMETRIC_REPRESENTATION_ITEM() RATIONAL_B_SPLINE_CURVE((1.,0.5,1.,0.5,
1.,0.5,1.)) REPRESENTATION_ITEM('') );
#2046 = CARTESIAN_POINT('',(1.3,0.));
#2047 = CARTESIAN_POINT('',(1.3,-2.25166604984));
#2048 = CARTESIAN_POINT('',(-0.65,-1.12583302492));
#2049 = CARTESIAN_POINT('',(-2.6,-3.184081677783E-16));
#2050 = CARTESIAN_POINT('',(-0.65,1.12583302492));
#2051 = CARTESIAN_POINT('',(1.3,2.25166604984));
#2052 = CARTESIAN_POINT('',(1.3,0.));
#2053 = ( GEOMETRIC_REPRESENTATION_CONTEXT(2) 
PARAMETRIC_REPRESENTATION_CONTEXT() REPRESENTATION_CONTEXT('2D SPACE',''
  ) );
#2054 = ORIENTED_EDGE('',*,*,#2055,.T.);
#2055 = EDGE_CURVE('',#2023,#555,#2056,.T.);
#2056 = SEAM_CURVE('',#2057,(#2061,#2068),.PCURVE_S1.);
#2057 = LINE('',#2058,#2059);
#2058 = CARTESIAN_POINT('',(69.55,80.5,12.01));
#2059 = VECTOR('',#2060,1.);
#2060 = DIRECTION('',(0.,-1.224646799147E-16,-1.));
#2061 = PCURVE('',#575,#2062);
#2062 = DEFINITIONAL_REPRESENTATION('',(#2063),#2067);
#2063 = LINE('',#2064,#2065);
#2064 = CARTESIAN_POINT('',(-6.28318530718,0.));
#2065 = VECTOR('',#2066,1.);
#2066 = DIRECTION('',(-0.,-1.));
#2067 = ( GEOMETRIC_REPRESENTATION_CONTEXT(2) 
PARAMETRIC_REPRESENTATION_CONTEXT() REPRESENTATION_CONTEXT('2D SPACE',''
  ) );
#2068 = PCURVE('',#575,#2069);
#2069 = DEFINITIONAL_REPRESENTATION('',(#2070),#2074);
#2070 = LINE('',#2071,#2072);
#2071 = CARTESIAN_POINT('',(-0.,0.));
#2072 = VECTOR('',#2073,1.);
#2073 = DIRECTION('',(-0.,-1.));
#2074 = ( GEOMETRIC_REPRESENTATION_CONTEXT(2) 
PARAMETRIC_REPRESENTATION_CONTEXT() REPRESENTATION_CONTEXT('2D SPACE',''
  ) );
#2075 = ORIENTED_EDGE('',*,*,#554,.F.);
#2076 = ORIENTED_EDGE('',*,*,#2055,.F.);
#2077 = ADVANCED_FACE('',(#2078),#610,.F.);
#2078 = FACE_BOUND('',#2079,.T.);
#2079 = EDGE_LOOP('',(#2080,#2081,#2102,#2103));
#2080 = ORIENTED_EDGE('',*,*,#1407,.T.);
#2081 = ORIENTED_EDGE('',*,*,#2082,.T.);
#2082 = EDGE_CURVE('',#1408,#590,#2083,.T.);
#2083 = SEAM_CURVE('',#2084,(#2088,#2095),.PCURVE_S1.);
#2084 = LINE('',#2085,#2086);
#2085 = CARTESIAN_POINT('',(92.7,82.5,5.01));
#2086 = VECTOR('',#2087,1.);
#2087 = DIRECTION('',(0.,-1.224646799147E-16,-1.));
#2088 = PCURVE('',#610,#2089);
#2089 = DEFINITIONAL_REPRESENTATION('',(#2090),#2094);
#2090 = LINE('',#2091,#2092);
#2091 = CARTESIAN_POINT('',(-6.28318530718,0.));
#2092 = VECTOR('',#2093,1.);
#2093 = DIRECTION('',(-0.,-1.));
#2094 = ( GEOMETRIC_REPRESENTATION_CONTEXT(2) 
PARAMETRIC_REPRESENTATION_CONTEXT() REPRESENTATION_CONTEXT('2D SPACE',''
  ) );
#2095 = PCURVE('',#610,#2096);
#2096 = DEFINITIONAL_REPRESENTATION('',(#2097),#2101);
#2097 = LINE('',#2098,#2099);
#2098 = CARTESIAN_POINT('',(-0.,0.));
#2099 = VECTOR('',#2100,1.);
#2100 = DIRECTION('',(-0.,-1.));
#2101 = ( GEOMETRIC_REPRESENTATION_CONTEXT(2) 
PARAMETRIC_REPRESENTATION_CONTEXT() REPRESENTATION_CONTEXT('2D SPACE',''
  ) );
#2102 = ORIENTED_EDGE('',*,*,#589,.F.);
#2103 = ORIENTED_EDGE('',*,*,#2082,.F.);
#2104 = ADVANCED_FACE('',(#2105),#645,.F.);
#2105 = FACE_BOUND('',#2106,.T.);
#2106 = EDGE_LOOP('',(#2107,#2108,#2129,#2130));
#2107 = ORIENTED_EDGE('',*,*,#1437,.T.);
#2108 = ORIENTED_EDGE('',*,*,#2109,.T.);
#2109 = EDGE_CURVE('',#1438,#625,#2110,.T.);
#2110 = SEAM_CURVE('',#2111,(#2115,#2122),.PCURVE_S1.);
#2111 = LINE('',#2112,#2113);
#2112 = CARTESIAN_POINT('',(92.,66.5,5.01));
#2113 = VECTOR('',#2114,1.);
#2114 = DIRECTION('',(0.,-1.224646799147E-16,-1.));
#2115 = PCURVE('',#645,#2116);
#2116 = DEFINITIONAL_REPRESENTATION('',(#2117),#2121);
#2117 = LINE('',#2118,#2119);
#2118 = CARTESIAN_POINT('',(-6.28318530718,0.));
#2119 = VECTOR('',#2120,1.);
#2120 = DIRECTION('',(-0.,-1.));
#2121 = ( GEOMETRIC_REPRESENTATION_CONTEXT(2) 
PARAMETRIC_REPRESENTATION_CONTEXT() REPRESENTATION_CONTEXT('2D SPACE',''
  ) );
#2122 = PCURVE('',#645,#2123);
#2123 = DEFINITIONAL_REPRESENTATION('',(#2124),#2128);
#2124 = LINE('',#2125,#2126);
#2125 = CARTESIAN_POINT('',(-0.,0.));
#2126 = VECTOR('',#2127,1.);
#2127 = DIRECTION('',(-0.,-1.));
#2128 = ( GEOMETRIC_REPRESENTATION_CONTEXT(2) 
PARAMETRIC_REPRESENTATION_CONTEXT() REPRESENTATION_CONTEXT('2D SPACE',''
  ) );
#2129 = ORIENTED_EDGE('',*,*,#624,.F.);
#2130 = ORIENTED_EDGE('',*,*,#2109,.F.);
#2131 = ADVANCED_FACE('',(#2132),#680,.F.);
#2132 = FACE_BOUND('',#2133,.T.);
#2133 = EDGE_LOOP('',(#2134,#2135,#2156,#2157));
#2134 = ORIENTED_EDGE('',*,*,#1467,.T.);
#2135 = ORIENTED_EDGE('',*,*,#2136,.T.);
#2136 = EDGE_CURVE('',#1468,#660,#2137,.T.);
#2137 = SEAM_CURVE('',#2138,(#2142,#2149),.PCURVE_S1.);
#2138 = LINE('',#2139,#2140);
#2139 = CARTESIAN_POINT('',(92.7,42.5,5.01));
#2140 = VECTOR('',#2141,1.);
#2141 = DIRECTION('',(0.,-1.224646799147E-16,-1.));
#2142 = PCURVE('',#680,#2143);
#2143 = DEFINITIONAL_REPRESENTATION('',(#2144),#2148);
#2144 = LINE('',#2145,#2146);
#2145 = CARTESIAN_POINT('',(-6.28318530718,0.));
#2146 = VECTOR('',#2147,1.);
#2147 = DIRECTION('',(-0.,-1.));
#2148 = ( GEOMETRIC_REPRESENTATION_CONTEXT(2) 
PARAMETRIC_REPRESENTATION_CONTEXT() REPRESENTATION_CONTEXT('2D SPACE',''
  ) );
#2149 = PCURVE('',#680,#2150);
#2150 = DEFINITIONAL_REPRESENTATION('',(#2151),#2155);
#2151 = LINE('',#2152,#2153);
#2152 = CARTESIAN_POINT('',(-0.,0.));
#2153 = VECTOR('',#2154,1.);
#2154 = DIRECTION('',(-0.,-1.));
#2155 = ( GEOMETRIC_REPRESENTATION_CONTEXT(2) 
PARAMETRIC_REPRESENTATION_CONTEXT() REPRESENTATION_CONTEXT('2D SPACE',''
  ) );
#2156 = ORIENTED_EDGE('',*,*,#659,.F.);
#2157 = ORIENTED_EDGE('',*,*,#2136,.F.);
#2158 = ADVANCED_FACE('',(#2159),#715,.F.);
#2159 = FACE_BOUND('',#2160,.T.);
#2160 = EDGE_LOOP('',(#2161,#2162,#2183,#2184));
#2161 = ORIENTED_EDGE('',*,*,#1497,.T.);
#2162 = ORIENTED_EDGE('',*,*,#2163,.T.);
#2163 = EDGE_CURVE('',#1498,#695,#2164,.T.);
#2164 = SEAM_CURVE('',#2165,(#2169,#2176),.PCURVE_S1.);
#2165 = LINE('',#2166,#2167);
#2166 = CARTESIAN_POINT('',(93.5,14.5,5.01));
#2167 = VECTOR('',#2168,1.);
#2168 = DIRECTION('',(0.,-1.224646799147E-16,-1.));
#2169 = PCURVE('',#715,#2170);
#2170 = DEFINITIONAL_REPRESENTATION('',(#2171),#2175);
#2171 = LINE('',#2172,#2173);
#2172 = CARTESIAN_POINT('',(-6.28318530718,0.));
#2173 = VECTOR('',#2174,1.);
#2174 = DIRECTION('',(-0.,-1.));
#2175 = ( GEOMETRIC_REPRESENTATION_CONTEXT(2) 
PARAMETRIC_REPRESENTATION_CONTEXT() REPRESENTATION_CONTEXT('2D SPACE',''
  ) );
#2176 = PCURVE('',#715,#2177);
#2177 = DEFINITIONAL_REPRESENTATION('',(#2178),#2182);
#2178 = LINE('',#2179,#2180);
#2179 = CARTESIAN_POINT('',(-0.,0.));
#2180 = VECTOR('',#2181,1.);
#2181 = DIRECTION('',(-0.,-1.));
#2182 = ( GEOMETRIC_REPRESENTATION_CONTEXT(2) 
PARAMETRIC_REPRESENTATION_CONTEXT() REPRESENTATION_CONTEXT('2D SPACE',''
  ) );
#2183 = ORIENTED_EDGE('',*,*,#694,.F.);
#2184 = ORIENTED_EDGE('',*,*,#2163,.F.);
#2185 = ADVANCED_FACE('',(#2186),#750,.F.);
#2186 = FACE_BOUND('',#2187,.T.);
#2187 = EDGE_LOOP('',(#2188,#2189,#2210,#2211));
#2188 = ORIENTED_EDGE('',*,*,#1587,.T.);
#2189 = ORIENTED_EDGE('',*,*,#2190,.T.);
#2190 = EDGE_CURVE('',#1588,#730,#2191,.T.);
#2191 = SEAM_CURVE('',#2192,(#2196,#2203),.PCURVE_S1.);
#2192 = LINE('',#2193,#2194);
#2193 = CARTESIAN_POINT('',(-90.7,-47.,5.01));
#2194 = VECTOR('',#2195,1.);
#2195 = DIRECTION('',(0.,-1.224646799147E-16,-1.));
#2196 = PCURVE('',#750,#2197);
#2197 = DEFINITIONAL_REPRESENTATION('',(#2198),#2202);
#2198 = LINE('',#2199,#2200);
#2199 = CARTESIAN_POINT('',(-6.28318530718,0.));
#2200 = VECTOR('',#2201,1.);
#2201 = DIRECTION('',(-0.,-1.));
#2202 = ( GEOMETRIC_REPRESENTATION_CONTEXT(2) 
PARAMETRIC_REPRESENTATION_CONTEXT() REPRESENTATION_CONTEXT('2D SPACE',''
  ) );
#2203 = PCURVE('',#750,#2204);
#2204 = DEFINITIONAL_REPRESENTATION('',(#2205),#2209);
#2205 = LINE('',#2206,#2207);
#2206 = CARTESIAN_POINT('',(-0.,0.));
#2207 = VECTOR('',#2208,1.);
#2208 = DIRECTION('',(-0.,-1.));
#2209 = ( GEOMETRIC_REPRESENTATION_CONTEXT(2) 
PARAMETRIC_REPRESENTATION_CONTEXT() REPRESENTATION_CONTEXT('2D SPACE',''
  ) );
#2210 = ORIENTED_EDGE('',*,*,#729,.F.);
#2211 = ORIENTED_EDGE('',*,*,#2190,.F.);
#2212 = ADVANCED_FACE('',(#2213),#785,.F.);
#2213 = FACE_BOUND('',#2214,.T.);
#2214 = EDGE_LOOP('',(#2215,#2248,#2269,#2270));
#2215 = ORIENTED_EDGE('',*,*,#2216,.T.);
#2216 = EDGE_CURVE('',#2217,#2217,#2219,.T.);
#2217 = VERTEX_POINT('',#2218);
#2218 = CARTESIAN_POINT('',(-60.45,-67.5,12.));
#2219 = SURFACE_CURVE('',#2220,(#2225,#2232),.PCURVE_S1.);
#2220 = CIRCLE('',#2221,1.3);
#2221 = AXIS2_PLACEMENT_3D('',#2222,#2223,#2224);
#2222 = CARTESIAN_POINT('',(-61.75,-67.5,12.));
#2223 = DIRECTION('',(-0.,1.224646799147E-16,1.));
#2224 = DIRECTION('',(1.,0.,0.));
#2225 = PCURVE('',#785,#2226);
#2226 = DEFINITIONAL_REPRESENTATION('',(#2227),#2231);
#2227 = LINE('',#2228,#2229);
#2228 = CARTESIAN_POINT('',(-6.28318530718,-1.000000000001E-02));
#2229 = VECTOR('',#2230,1.);
#2230 = DIRECTION('',(1.,-0.));
#2231 = ( GEOMETRIC_REPRESENTATION_CONTEXT(2) 
PARAMETRIC_REPRESENTATION_CONTEXT() REPRESENTATION_CONTEXT('2D SPACE',''
  ) );
#2232 = PCURVE('',#2233,#2238);
#2233 = PLANE('',#2234);
#2234 = AXIS2_PLACEMENT_3D('',#2235,#2236,#2237);
#2235 = CARTESIAN_POINT('',(-61.75,-67.5,12.));
#2236 = DIRECTION('',(0.,-1.224646799147E-16,-1.));
#2237 = DIRECTION('',(1.,0.,0.));
#2238 = DEFINITIONAL_REPRESENTATION('',(#2239),#2247);
#2239 = ( BOUNDED_CURVE() B_SPLINE_CURVE(2,(#2240,#2241,#2242,#2243,
#2244,#2245,#2246),.UNSPECIFIED.,.T.,.F.) B_SPLINE_CURVE_WITH_KNOTS((1,2
    ,2,2,2,1),(-2.094395102393,0.,2.094395102393,4.188790204786,
6.28318530718,8.377580409573),.UNSPECIFIED.) CURVE() 
GEOMETRIC_REPRESENTATION_ITEM() RATIONAL_B_SPLINE_CURVE((1.,0.5,1.,0.5,
1.,0.5,1.)) REPRESENTATION_ITEM('') );
#2240 = CARTESIAN_POINT('',(1.3,2.84217094304E-14));
#2241 = CARTESIAN_POINT('',(1.3,-2.25166604984));
#2242 = CARTESIAN_POINT('',(-0.65,-1.12583302492));
#2243 = CARTESIAN_POINT('',(-2.6,2.810330126263E-14));
#2244 = CARTESIAN_POINT('',(-0.65,1.12583302492));
#2245 = CARTESIAN_POINT('',(1.3,2.25166604984));
#2246 = CARTESIAN_POINT('',(1.3,2.84217094304E-14));
#2247 = ( GEOMETRIC_REPRESENTATION_CONTEXT(2) 
PARAMETRIC_REPRESENTATION_CONTEXT() REPRESENTATION_CONTEXT('2D SPACE',''
  ) );
#2248 = ORIENTED_EDGE('',*,*,#2249,.T.);
#2249 = EDGE_CURVE('',#2217,#765,#2250,.T.);
#2250 = SEAM_CURVE('',#2251,(#2255,#2262),.PCURVE_S1.);
#2251 = LINE('',#2252,#2253);
#2252 = CARTESIAN_POINT('',(-60.45,-67.5,12.01));
#2253 = VECTOR('',#2254,1.);
#2254 = DIRECTION('',(0.,-1.224646799147E-16,-1.));
#2255 = PCURVE('',#785,#2256);
#2256 = DEFINITIONAL_REPRESENTATION('',(#2257),#2261);
#2257 = LINE('',#2258,#2259);
#2258 = CARTESIAN_POINT('',(-6.28318530718,0.));
#2259 = VECTOR('',#2260,1.);
#2260 = DIRECTION('',(-0.,-1.));
#2261 = ( GEOMETRIC_REPRESENTATION_CONTEXT(2) 
PARAMETRIC_REPRESENTATION_CONTEXT() REPRESENTATION_CONTEXT('2D SPACE',''
  ) );
#2262 = PCURVE('',#785,#2263);
#2263 = DEFINITIONAL_REPRESENTATION('',(#2264),#2268);
#2264 = LINE('',#2265,#2266);
#2265 = CARTESIAN_POINT('',(-0.,0.));
#2266 = VECTOR('',#2267,1.);
#2267 = DIRECTION('',(-0.,-1.));
#2268 = ( GEOMETRIC_REPRESENTATION_CONTEXT(2) 
PARAMETRIC_REPRESENTATION_CONTEXT() REPRESENTATION_CONTEXT('2D SPACE',''
  ) );
#2269 = ORIENTED_EDGE('',*,*,#764,.F.);
#2270 = ORIENTED_EDGE('',*,*,#2249,.F.);
#2271 = ADVANCED_FACE('',(#2272),#820,.F.);
#2272 = FACE_BOUND('',#2273,.T.);
#2273 = EDGE_LOOP('',(#2274,#2275,#2296,#2297));
#2274 = ORIENTED_EDGE('',*,*,#1617,.T.);
#2275 = ORIENTED_EDGE('',*,*,#2276,.T.);
#2276 = EDGE_CURVE('',#1618,#800,#2277,.T.);
#2277 = SEAM_CURVE('',#2278,(#2282,#2289),.PCURVE_S1.);
#2278 = LINE('',#2279,#2280);
#2279 = CARTESIAN_POINT('',(-87.3,-72.5,5.01));
#2280 = VECTOR('',#2281,1.);
#2281 = DIRECTION('',(0.,-1.224646799147E-16,-1.));
#2282 = PCURVE('',#820,#2283);
#2283 = DEFINITIONAL_REPRESENTATION('',(#2284),#2288);
#2284 = LINE('',#2285,#2286);
#2285 = CARTESIAN_POINT('',(-6.28318530718,0.));
#2286 = VECTOR('',#2287,1.);
#2287 = DIRECTION('',(-0.,-1.));
#2288 = ( GEOMETRIC_REPRESENTATION_CONTEXT(2) 
PARAMETRIC_REPRESENTATION_CONTEXT() REPRESENTATION_CONTEXT('2D SPACE',''
  ) );
#2289 = PCURVE('',#820,#2290);
#2290 = DEFINITIONAL_REPRESENTATION('',(#2291),#2295);
#2291 = LINE('',#2292,#2293);
#2292 = CARTESIAN_POINT('',(-0.,0.));
#2293 = VECTOR('',#2294,1.);
#2294 = DIRECTION('',(-0.,-1.));
#2295 = ( GEOMETRIC_REPRESENTATION_CONTEXT(2) 
PARAMETRIC_REPRESENTATION_CONTEXT() REPRESENTATION_CONTEXT('2D SPACE',''
  ) );
#2296 = ORIENTED_EDGE('',*,*,#799,.F.);
#2297 = ORIENTED_EDGE('',*,*,#2276,.F.);
#2298 = ADVANCED_FACE('',(#2299),#851,.F.);
#2299 = FACE_BOUND('',#2300,.F.);
#2300 = EDGE_LOOP('',(#2301,#2302,#2325,#2352));
#2301 = ORIENTED_EDGE('',*,*,#834,.F.);
#2302 = ORIENTED_EDGE('',*,*,#2303,.F.);
#2303 = EDGE_CURVE('',#2304,#835,#2306,.T.);
#2304 = VERTEX_POINT('',#2305);
#2305 = CARTESIAN_POINT('',(-21.,-86.25,3.99));
#2306 = SEAM_CURVE('',#2307,(#2311,#2318),.PCURVE_S1.);
#2307 = LINE('',#2308,#2309);
#2308 = CARTESIAN_POINT('',(-21.,-86.25,3.99));
#2309 = VECTOR('',#2310,1.);
#2310 = DIRECTION('',(0.658504607869,6.912304802143E-17,-0.752576694707)
  );
#2311 = PCURVE('',#851,#2312);
#2312 = DEFINITIONAL_REPRESENTATION('',(#2313),#2317);
#2313 = LINE('',#2314,#2315);
#2314 = CARTESIAN_POINT('',(6.28318530718,-0.));
#2315 = VECTOR('',#2316,1.);
#2316 = DIRECTION('',(0.,1.));
#2317 = ( GEOMETRIC_REPRESENTATION_CONTEXT(2) 
PARAMETRIC_REPRESENTATION_CONTEXT() REPRESENTATION_CONTEXT('2D SPACE',''
  ) );
#2318 = PCURVE('',#851,#2319);
#2319 = DEFINITIONAL_REPRESENTATION('',(#2320),#2324);
#2320 = LINE('',#2321,#2322);
#2321 = CARTESIAN_POINT('',(0.,-0.));
#2322 = VECTOR('',#2323,1.);
#2323 = DIRECTION('',(0.,1.));
#2324 = ( GEOMETRIC_REPRESENTATION_CONTEXT(2) 
PARAMETRIC_REPRESENTATION_CONTEXT() REPRESENTATION_CONTEXT('2D SPACE',''
  ) );
#2325 = ORIENTED_EDGE('',*,*,#2326,.T.);
#2326 = EDGE_CURVE('',#2304,#2304,#2327,.T.);
#2327 = SURFACE_CURVE('',#2328,(#2333,#2340),.PCURVE_S1.);
#2328 = CIRCLE('',#2329,4.);
#2329 = AXIS2_PLACEMENT_3D('',#2330,#2331,#2332);
#2330 = CARTESIAN_POINT('',(-25.,-86.25,3.99));
#2331 = DIRECTION('',(0.,-1.224646799147E-16,-1.));
#2332 = DIRECTION('',(1.,0.,0.));
#2333 = PCURVE('',#851,#2334);
#2334 = DEFINITIONAL_REPRESENTATION('',(#2335),#2339);
#2335 = LINE('',#2336,#2337);
#2336 = CARTESIAN_POINT('',(0.,0.));
#2337 = VECTOR('',#2338,1.);
#2338 = DIRECTION('',(1.,0.));
#2339 = ( GEOMETRIC_REPRESENTATION_CONTEXT(2) 
PARAMETRIC_REPRESENTATION_CONTEXT() REPRESENTATION_CONTEXT('2D SPACE',''
  ) );
#2340 = PCURVE('',#2341,#2346);
#2341 = CYLINDRICAL_SURFACE('',#2342,4.);
#2342 = AXIS2_PLACEMENT_3D('',#2343,#2344,#2345);
#2343 = CARTESIAN_POINT('',(-25.,-86.25,14.));
#2344 = DIRECTION('',(-0.,1.224646799147E-16,1.));
#2345 = DIRECTION('',(1.,0.,0.));
#2346 = DEFINITIONAL_REPRESENTATION('',(#2347),#2351);
#2347 = LINE('',#2348,#2349);
#2348 = CARTESIAN_POINT('',(-0.,-10.01));
#2349 = VECTOR('',#2350,1.);
#2350 = DIRECTION('',(-1.,0.));
#2351 = ( GEOMETRIC_REPRESENTATION_CONTEXT(2) 
PARAMETRIC_REPRESENTATION_CONTEXT() REPRESENTATION_CONTEXT('2D SPACE',''
  ) );
#2352 = ORIENTED_EDGE('',*,*,#2303,.T.);
#2353 = ADVANCED_FACE('',(#2354),#886,.F.);
#2354 = FACE_BOUND('',#2355,.T.);
#2355 = EDGE_LOOP('',(#2356,#2389,#2410,#2411));
#2356 = ORIENTED_EDGE('',*,*,#2357,.T.);
#2357 = EDGE_CURVE('',#2358,#2358,#2360,.T.);
#2358 = VERTEX_POINT('',#2359);
#2359 = CARTESIAN_POINT('',(69.55,-67.5,12.));
#2360 = SURFACE_CURVE('',#2361,(#2366,#2373),.PCURVE_S1.);
#2361 = CIRCLE('',#2362,1.3);
#2362 = AXIS2_PLACEMENT_3D('',#2363,#2364,#2365);
#2363 = CARTESIAN_POINT('',(68.25,-67.5,12.));
#2364 = DIRECTION('',(-0.,1.224646799147E-16,1.));
#2365 = DIRECTION('',(1.,0.,0.));
#2366 = PCURVE('',#886,#2367);
#2367 = DEFINITIONAL_REPRESENTATION('',(#2368),#2372);
#2368 = LINE('',#2369,#2370);
#2369 = CARTESIAN_POINT('',(-6.28318530718,-1.000000000001E-02));
#2370 = VECTOR('',#2371,1.);
#2371 = DIRECTION('',(1.,-0.));
#2372 = ( GEOMETRIC_REPRESENTATION_CONTEXT(2) 
PARAMETRIC_REPRESENTATION_CONTEXT() REPRESENTATION_CONTEXT('2D SPACE',''
  ) );
#2373 = PCURVE('',#2374,#2379);
#2374 = PLANE('',#2375);
#2375 = AXIS2_PLACEMENT_3D('',#2376,#2377,#2378);
#2376 = CARTESIAN_POINT('',(68.25,-67.5,12.));
#2377 = DIRECTION('',(0.,-1.224646799147E-16,-1.));
#2378 = DIRECTION('',(1.,0.,0.));
#2379 = DEFINITIONAL_REPRESENTATION('',(#2380),#2388);
#2380 = ( BOUNDED_CURVE() B_SPLINE_CURVE(2,(#2381,#2382,#2383,#2384,
#2385,#2386,#2387),.UNSPECIFIED.,.T.,.F.) B_SPLINE_CURVE_WITH_KNOTS((1,2
    ,2,2,2,1),(-2.094395102393,0.,2.094395102393,4.188790204786,
6.28318530718,8.377580409573),.UNSPECIFIED.) CURVE() 
GEOMETRIC_REPRESENTATION_ITEM() RATIONAL_B_SPLINE_CURVE((1.,0.5,1.,0.5,
1.,0.5,1.)) REPRESENTATION_ITEM('') );
#2381 = CARTESIAN_POINT('',(1.3,2.84217094304E-14));
#2382 = CARTESIAN_POINT('',(1.3,-2.25166604984));
#2383 = CARTESIAN_POINT('',(-0.65,-1.12583302492));
#2384 = CARTESIAN_POINT('',(-2.6,2.810330126263E-14));
#2385 = CARTESIAN_POINT('',(-0.65,1.12583302492));
#2386 = CARTESIAN_POINT('',(1.3,2.25166604984));
#2387 = CARTESIAN_POINT('',(1.3,2.84217094304E-14));
#2388 = ( GEOMETRIC_REPRESENTATION_CONTEXT(2) 
PARAMETRIC_REPRESENTATION_CONTEXT() REPRESENTATION_CONTEXT('2D SPACE',''
  ) );
#2389 = ORIENTED_EDGE('',*,*,#2390,.T.);
#2390 = EDGE_CURVE('',#2358,#866,#2391,.T.);
#2391 = SEAM_CURVE('',#2392,(#2396,#2403),.PCURVE_S1.);
#2392 = LINE('',#2393,#2394);
#2393 = CARTESIAN_POINT('',(69.55,-67.5,12.01));
#2394 = VECTOR('',#2395,1.);
#2395 = DIRECTION('',(0.,-1.224646799147E-16,-1.));
#2396 = PCURVE('',#886,#2397);
#2397 = DEFINITIONAL_REPRESENTATION('',(#2398),#2402);
#2398 = LINE('',#2399,#2400);
#2399 = CARTESIAN_POINT('',(-6.28318530718,0.));
#2400 = VECTOR('',#2401,1.);
#2401 = DIRECTION('',(-0.,-1.));
#2402 = ( GEOMETRIC_REPRESENTATION_CONTEXT(2) 
PARAMETRIC_REPRESENTATION_CONTEXT() REPRESENTATION_CONTEXT('2D SPACE',''
  ) );
#2403 = PCURVE('',#886,#2404);
#2404 = DEFINITIONAL_REPRESENTATION('',(#2405),#2409);
#2405 = LINE('',#2406,#2407);
#2406 = CARTESIAN_POINT('',(-0.,0.));
#2407 = VECTOR('',#2408,1.);
#2408 = DIRECTION('',(-0.,-1.));
#2409 = ( GEOMETRIC_REPRESENTATION_CONTEXT(2) 
PARAMETRIC_REPRESENTATION_CONTEXT() REPRESENTATION_CONTEXT('2D SPACE',''
  ) );
#2410 = ORIENTED_EDGE('',*,*,#865,.F.);
#2411 = ORIENTED_EDGE('',*,*,#2390,.F.);
#2412 = ADVANCED_FACE('',(#2413),#921,.F.);
#2413 = FACE_BOUND('',#2414,.T.);
#2414 = EDGE_LOOP('',(#2415,#2416,#2437,#2438));
#2415 = ORIENTED_EDGE('',*,*,#1709,.T.);
#2416 = ORIENTED_EDGE('',*,*,#2417,.T.);
#2417 = EDGE_CURVE('',#1710,#901,#2418,.T.);
#2418 = SEAM_CURVE('',#2419,(#2423,#2430),.PCURVE_S1.);
#2419 = LINE('',#2420,#2421);
#2420 = CARTESIAN_POINT('',(92.7,-72.5,5.01));
#2421 = VECTOR('',#2422,1.);
#2422 = DIRECTION('',(0.,-1.224646799147E-16,-1.));
#2423 = PCURVE('',#921,#2424);
#2424 = DEFINITIONAL_REPRESENTATION('',(#2425),#2429);
#2425 = LINE('',#2426,#2427);
#2426 = CARTESIAN_POINT('',(-6.28318530718,0.));
#2427 = VECTOR('',#2428,1.);
#2428 = DIRECTION('',(-0.,-1.));
#2429 = ( GEOMETRIC_REPRESENTATION_CONTEXT(2) 
PARAMETRIC_REPRESENTATION_CONTEXT() REPRESENTATION_CONTEXT('2D SPACE',''
  ) );
#2430 = PCURVE('',#921,#2431);
#2431 = DEFINITIONAL_REPRESENTATION('',(#2432),#2436);
#2432 = LINE('',#2433,#2434);
#2433 = CARTESIAN_POINT('',(-0.,0.));
#2434 = VECTOR('',#2435,1.);
#2435 = DIRECTION('',(-0.,-1.));
#2436 = ( GEOMETRIC_REPRESENTATION_CONTEXT(2) 
PARAMETRIC_REPRESENTATION_CONTEXT() REPRESENTATION_CONTEXT('2D SPACE',''
  ) );
#2437 = ORIENTED_EDGE('',*,*,#900,.F.);
#2438 = ORIENTED_EDGE('',*,*,#2417,.F.);
#2439 = ADVANCED_FACE('',(#2440,#2488),#1023,.T.);
#2440 = FACE_BOUND('',#2441,.T.);
#2441 = EDGE_LOOP('',(#2442,#2465,#2486,#2487));
#2442 = ORIENTED_EDGE('',*,*,#2443,.F.);
#2443 = EDGE_CURVE('',#2444,#1118,#2446,.T.);
#2444 = VERTEX_POINT('',#2445);
#2445 = CARTESIAN_POINT('',(-11.,-77.25,23.5));
#2446 = SURFACE_CURVE('',#2447,(#2451,#2458),.PCURVE_S1.);
#2447 = LINE('',#2448,#2449);
#2448 = CARTESIAN_POINT('',(-11.,-77.25,23.5));
#2449 = VECTOR('',#2450,1.);
#2450 = DIRECTION('',(0.,-1.224646799147E-16,-1.));
#2451 = PCURVE('',#1023,#2452);
#2452 = DEFINITIONAL_REPRESENTATION('',(#2453),#2457);
#2453 = LINE('',#2454,#2455);
#2454 = CARTESIAN_POINT('',(0.,0.));
#2455 = VECTOR('',#2456,1.);
#2456 = DIRECTION('',(1.,0.));
#2457 = ( GEOMETRIC_REPRESENTATION_CONTEXT(2) 
PARAMETRIC_REPRESENTATION_CONTEXT() REPRESENTATION_CONTEXT('2D SPACE',''
  ) );
#2458 = PCURVE('',#1156,#2459);
#2459 = DEFINITIONAL_REPRESENTATION('',(#2460),#2464);
#2460 = LINE('',#2461,#2462);
#2461 = CARTESIAN_POINT('',(0.,23.));
#2462 = VECTOR('',#2463,1.);
#2463 = DIRECTION('',(1.,0.));
#2464 = ( GEOMETRIC_REPRESENTATION_CONTEXT(2) 
PARAMETRIC_REPRESENTATION_CONTEXT() REPRESENTATION_CONTEXT('2D SPACE',''
  ) );
#2465 = ORIENTED_EDGE('',*,*,#2466,.T.);
#2466 = EDGE_CURVE('',#2444,#1008,#2467,.T.);
#2467 = SURFACE_CURVE('',#2468,(#2472,#2479),.PCURVE_S1.);
#2468 = LINE('',#2469,#2470);
#2469 = CARTESIAN_POINT('',(-11.,-77.25,23.5));
#2470 = VECTOR('',#2471,1.);
#2471 = DIRECTION('',(0.,-1.,1.224646799147E-16));
#2472 = PCURVE('',#1023,#2473);
#2473 = DEFINITIONAL_REPRESENTATION('',(#2474),#2478);
#2474 = LINE('',#2475,#2476);
#2475 = CARTESIAN_POINT('',(0.,0.));
#2476 = VECTOR('',#2477,1.);
#2477 = DIRECTION('',(0.,-1.));
#2478 = ( GEOMETRIC_REPRESENTATION_CONTEXT(2) 
PARAMETRIC_REPRESENTATION_CONTEXT() REPRESENTATION_CONTEXT('2D SPACE',''
  ) );
#2479 = PCURVE('',#1051,#2480);
#2480 = DEFINITIONAL_REPRESENTATION('',(#2481),#2485);
#2481 = LINE('',#2482,#2483);
#2482 = CARTESIAN_POINT('',(23.,0.));
#2483 = VECTOR('',#2484,1.);
#2484 = DIRECTION('',(0.,1.));
#2485 = ( GEOMETRIC_REPRESENTATION_CONTEXT(2) 
PARAMETRIC_REPRESENTATION_CONTEXT() REPRESENTATION_CONTEXT('2D SPACE',''
  ) );
#2486 = ORIENTED_EDGE('',*,*,#1007,.T.);
#2487 = ORIENTED_EDGE('',*,*,#1117,.F.);
#2488 = FACE_BOUND('',#2489,.T.);
#2489 = EDGE_LOOP('',(#2490));
#2490 = ORIENTED_EDGE('',*,*,#2491,.F.);
#2491 = EDGE_CURVE('',#2492,#2492,#2494,.T.);
#2492 = VERTEX_POINT('',#2493);
#2493 = CARTESIAN_POINT('',(-11.,-92.1,14.875));
#2494 = SURFACE_CURVE('',#2495,(#2500,#2507),.PCURVE_S1.);
#2495 = ELLIPSE('',#2496,5.861414645,5.85);
#2496 = AXIS2_PLACEMENT_3D('',#2497,#2498,#2499);
#2497 = CARTESIAN_POINT('',(-11.,-86.25,14.875));
#2498 = DIRECTION('',(1.,0.,0.));
#2499 = DIRECTION('',(0.,-1.224646799147E-16,-1.));
#2500 = PCURVE('',#1023,#2501);
#2501 = DEFINITIONAL_REPRESENTATION('',(#2502),#2506);
#2502 = ELLIPSE('',#2503,5.861414645,5.85);
#2503 = AXIS2_PLACEMENT_2D('',#2504,#2505);
#2504 = CARTESIAN_POINT('',(8.625,-9.));
#2505 = DIRECTION('',(1.,0.));
#2506 = ( GEOMETRIC_REPRESENTATION_CONTEXT(2) 
PARAMETRIC_REPRESENTATION_CONTEXT() REPRESENTATION_CONTEXT('2D SPACE',''
  ) );
#2507 = PCURVE('',#2508,#2513);
#2508 = CYLINDRICAL_SURFACE('',#2509,5.85);
#2509 = AXIS2_PLACEMENT_3D('',#2510,#2511,#2512);
#2510 = CARTESIAN_POINT('',(-23.00389484303,-86.25,14.12475657231));
#2511 = DIRECTION('',(-0.998052578483,-7.639136847624E-18,
    -6.237828615518E-02));
#2512 = DIRECTION('',(0.,-1.,1.224646799147E-16));
#2513 = DEFINITIONAL_REPRESENTATION('',(#2514),#2531);
#2514 = B_SPLINE_CURVE_WITH_KNOTS('',8,(#2515,#2516,#2517,#2518,#2519,
    #2520,#2521,#2522,#2523,#2524,#2525,#2526,#2527,#2528,#2529,#2530),
  .UNSPECIFIED.,.F.,.F.,(9,7,9),(4.712388980385,7.853981633974,
    10.995574287564),.UNSPECIFIED.);
#2515 = CARTESIAN_POINT('',(0.,-12.02731709914));
#2516 = CARTESIAN_POINT('',(-0.392699081699,-11.8837364974));
#2517 = CARTESIAN_POINT('',(-0.785398163399,-11.7401547508));
#2518 = CARTESIAN_POINT('',(-1.178097245091,-11.63032537647));
#2519 = CARTESIAN_POINT('',(-1.5707963268,-11.58790950564));
#2520 = CARTESIAN_POINT('',(-1.963495408492,-11.63032537648));
#2521 = CARTESIAN_POINT('',(-2.356194490194,-11.7401547508));
#2522 = CARTESIAN_POINT('',(-2.748893571891,-11.8837364974));
#2523 = CARTESIAN_POINT('',(-3.534291735289,-12.17089770089));
#2524 = CARTESIAN_POINT('',(-3.926990816985,-12.31447944746));
#2525 = CARTESIAN_POINT('',(-4.319689898683,-12.42430882179));
#2526 = CARTESIAN_POINT('',(-4.712388980392,-12.46672469262));
#2527 = CARTESIAN_POINT('',(-5.105088062075,-12.42430882178));
#2528 = CARTESIAN_POINT('',(-5.497787143781,-12.31447944747));
#2529 = CARTESIAN_POINT('',(-5.890486225481,-12.17089770089));
#2530 = CARTESIAN_POINT('',(-6.28318530718,-12.02731709914));
#2531 = ( GEOMETRIC_REPRESENTATION_CONTEXT(2) 
PARAMETRIC_REPRESENTATION_CONTEXT() REPRESENTATION_CONTEXT('2D SPACE',''
  ) );
#2532 = ADVANCED_FACE('',(#2533),#1051,.F.);
#2533 = FACE_BOUND('',#2534,.F.);
#2534 = EDGE_LOOP('',(#2535,#2558,#2579,#2580));
#2535 = ORIENTED_EDGE('',*,*,#2536,.F.);
#2536 = EDGE_CURVE('',#2537,#1036,#2539,.T.);
#2537 = VERTEX_POINT('',#2538);
#2538 = CARTESIAN_POINT('',(-34.,-77.25,23.5));
#2539 = SURFACE_CURVE('',#2540,(#2544,#2551),.PCURVE_S1.);
#2540 = LINE('',#2541,#2542);
#2541 = CARTESIAN_POINT('',(-34.,-77.25,23.5));
#2542 = VECTOR('',#2543,1.);
#2543 = DIRECTION('',(0.,-1.,1.224646799147E-16));
#2544 = PCURVE('',#1051,#2545);
#2545 = DEFINITIONAL_REPRESENTATION('',(#2546),#2550);
#2546 = LINE('',#2547,#2548);
#2547 = CARTESIAN_POINT('',(0.,0.));
#2548 = VECTOR('',#2549,1.);
#2549 = DIRECTION('',(0.,1.));
#2550 = ( GEOMETRIC_REPRESENTATION_CONTEXT(2) 
PARAMETRIC_REPRESENTATION_CONTEXT() REPRESENTATION_CONTEXT('2D SPACE',''
  ) );
#2551 = PCURVE('',#1077,#2552);
#2552 = DEFINITIONAL_REPRESENTATION('',(#2553),#2557);
#2553 = LINE('',#2554,#2555);
#2554 = CARTESIAN_POINT('',(0.,0.));
#2555 = VECTOR('',#2556,1.);
#2556 = DIRECTION('',(0.,-1.));
#2557 = ( GEOMETRIC_REPRESENTATION_CONTEXT(2) 
PARAMETRIC_REPRESENTATION_CONTEXT() REPRESENTATION_CONTEXT('2D SPACE',''
  ) );
#2558 = ORIENTED_EDGE('',*,*,#2559,.T.);
#2559 = EDGE_CURVE('',#2537,#2444,#2560,.T.);
#2560 = SURFACE_CURVE('',#2561,(#2565,#2572),.PCURVE_S1.);
#2561 = LINE('',#2562,#2563);
#2562 = CARTESIAN_POINT('',(-34.,-77.25,23.5));
#2563 = VECTOR('',#2564,1.);
#2564 = DIRECTION('',(1.,0.,0.));
#2565 = PCURVE('',#1051,#2566);
#2566 = DEFINITIONAL_REPRESENTATION('',(#2567),#2571);
#2567 = LINE('',#2568,#2569);
#2568 = CARTESIAN_POINT('',(0.,0.));
#2569 = VECTOR('',#2570,1.);
#2570 = DIRECTION('',(1.,0.));
#2571 = ( GEOMETRIC_REPRESENTATION_CONTEXT(2) 
PARAMETRIC_REPRESENTATION_CONTEXT() REPRESENTATION_CONTEXT('2D SPACE',''
  ) );
#2572 = PCURVE('',#1156,#2573);
#2573 = DEFINITIONAL_REPRESENTATION('',(#2574),#2578);
#2574 = LINE('',#2575,#2576);
#2575 = CARTESIAN_POINT('',(0.,0.));
#2576 = VECTOR('',#2577,1.);
#2577 = DIRECTION('',(0.,1.));
#2578 = ( GEOMETRIC_REPRESENTATION_CONTEXT(2) 
PARAMETRIC_REPRESENTATION_CONTEXT() REPRESENTATION_CONTEXT('2D SPACE',''
  ) );
#2579 = ORIENTED_EDGE('',*,*,#2466,.T.);
#2580 = ORIENTED_EDGE('',*,*,#1035,.F.);
#2581 = ADVANCED_FACE('',(#2582),#1077,.F.);
#2582 = FACE_BOUND('',#2583,.F.);
#2583 = EDGE_LOOP('',(#2584,#2605,#2606,#2607));
#2584 = ORIENTED_EDGE('',*,*,#2585,.F.);
#2585 = EDGE_CURVE('',#2537,#1141,#2586,.T.);
#2586 = SURFACE_CURVE('',#2587,(#2591,#2598),.PCURVE_S1.);
#2587 = LINE('',#2588,#2589);
#2588 = CARTESIAN_POINT('',(-34.,-77.25,23.5));
#2589 = VECTOR('',#2590,1.);
#2590 = DIRECTION('',(0.,-1.224646799147E-16,-1.));
#2591 = PCURVE('',#1077,#2592);
#2592 = DEFINITIONAL_REPRESENTATION('',(#2593),#2597);
#2593 = LINE('',#2594,#2595);
#2594 = CARTESIAN_POINT('',(0.,0.));
#2595 = VECTOR('',#2596,1.);
#2596 = DIRECTION('',(1.,0.));
#2597 = ( GEOMETRIC_REPRESENTATION_CONTEXT(2) 
PARAMETRIC_REPRESENTATION_CONTEXT() REPRESENTATION_CONTEXT('2D SPACE',''
  ) );
#2598 = PCURVE('',#1156,#2599);
#2599 = DEFINITIONAL_REPRESENTATION('',(#2600),#2604);
#2600 = LINE('',#2601,#2602);
#2601 = CARTESIAN_POINT('',(0.,0.));
#2602 = VECTOR('',#2603,1.);
#2603 = DIRECTION('',(1.,0.));
#2604 = ( GEOMETRIC_REPRESENTATION_CONTEXT(2) 
PARAMETRIC_REPRESENTATION_CONTEXT() REPRESENTATION_CONTEXT('2D SPACE',''
  ) );
#2605 = ORIENTED_EDGE('',*,*,#2536,.T.);
#2606 = ORIENTED_EDGE('',*,*,#1063,.T.);
#2607 = ORIENTED_EDGE('',*,*,#1168,.F.);
#2608 = ADVANCED_FACE('',(#2609),#1156,.F.);
#2609 = FACE_BOUND('',#2610,.F.);
#2610 = EDGE_LOOP('',(#2611,#2612,#2613,#2614));
#2611 = ORIENTED_EDGE('',*,*,#2559,.F.);
#2612 = ORIENTED_EDGE('',*,*,#2585,.T.);
#2613 = ORIENTED_EDGE('',*,*,#1140,.T.);
#2614 = ORIENTED_EDGE('',*,*,#2443,.F.);
#2615 = ADVANCED_FACE('',(#2616),#1268,.T.);
#2616 = FACE_BOUND('',#2617,.F.);
#2617 = EDGE_LOOP('',(#2618,#2641,#2642,#2643));
#2618 = ORIENTED_EDGE('',*,*,#2619,.T.);
#2619 = EDGE_CURVE('',#2620,#1252,#2622,.T.);
#2620 = VERTEX_POINT('',#2621);
#2621 = CARTESIAN_POINT('',(-56.75,80.5,12.));
#2622 = SEAM_CURVE('',#2623,(#2627,#2634),.PCURVE_S1.);
#2623 = LINE('',#2624,#2625);
#2624 = CARTESIAN_POINT('',(-56.75,80.5,12.));
#2625 = VECTOR('',#2626,1.);
#2626 = DIRECTION('',(0.,-1.224646799147E-16,-1.));
#2627 = PCURVE('',#1268,#2628);
#2628 = DEFINITIONAL_REPRESENTATION('',(#2629),#2633);
#2629 = LINE('',#2630,#2631);
#2630 = CARTESIAN_POINT('',(-0.,0.));
#2631 = VECTOR('',#2632,1.);
#2632 = DIRECTION('',(-0.,-1.));
#2633 = ( GEOMETRIC_REPRESENTATION_CONTEXT(2) 
PARAMETRIC_REPRESENTATION_CONTEXT() REPRESENTATION_CONTEXT('2D SPACE',''
  ) );
#2634 = PCURVE('',#1268,#2635);
#2635 = DEFINITIONAL_REPRESENTATION('',(#2636),#2640);
#2636 = LINE('',#2637,#2638);
#2637 = CARTESIAN_POINT('',(-6.28318530718,0.));
#2638 = VECTOR('',#2639,1.);
#2639 = DIRECTION('',(-0.,-1.));
#2640 = ( GEOMETRIC_REPRESENTATION_CONTEXT(2) 
PARAMETRIC_REPRESENTATION_CONTEXT() REPRESENTATION_CONTEXT('2D SPACE',''
  ) );
#2641 = ORIENTED_EDGE('',*,*,#1251,.T.);
#2642 = ORIENTED_EDGE('',*,*,#2619,.F.);
#2643 = ORIENTED_EDGE('',*,*,#2644,.F.);
#2644 = EDGE_CURVE('',#2620,#2620,#2645,.T.);
#2645 = SURFACE_CURVE('',#2646,(#2651,#2658),.PCURVE_S1.);
#2646 = CIRCLE('',#2647,5.);
#2647 = AXIS2_PLACEMENT_3D('',#2648,#2649,#2650);
#2648 = CARTESIAN_POINT('',(-61.75,80.5,12.));
#2649 = DIRECTION('',(0.,-1.224646799147E-16,-1.));
#2650 = DIRECTION('',(1.,0.,0.));
#2651 = PCURVE('',#1268,#2652);
#2652 = DEFINITIONAL_REPRESENTATION('',(#2653),#2657);
#2653 = LINE('',#2654,#2655);
#2654 = CARTESIAN_POINT('',(-0.,0.));
#2655 = VECTOR('',#2656,1.);
#2656 = DIRECTION('',(-1.,0.));
#2657 = ( GEOMETRIC_REPRESENTATION_CONTEXT(2) 
PARAMETRIC_REPRESENTATION_CONTEXT() REPRESENTATION_CONTEXT('2D SPACE',''
  ) );
#2658 = PCURVE('',#1818,#2659);
#2659 = DEFINITIONAL_REPRESENTATION('',(#2660),#2664);
#2660 = CIRCLE('',#2661,5.);
#2661 = AXIS2_PLACEMENT_2D('',#2662,#2663);
#2662 = CARTESIAN_POINT('',(0.,0.));
#2663 = DIRECTION('',(1.,0.));
#2664 = ( GEOMETRIC_REPRESENTATION_CONTEXT(2) 
PARAMETRIC_REPRESENTATION_CONTEXT() REPRESENTATION_CONTEXT('2D SPACE',''
  ) );
#2665 = ADVANCED_FACE('',(#2666),#1393,.T.);
#2666 = FACE_BOUND('',#2667,.F.);
#2667 = EDGE_LOOP('',(#2668,#2691,#2692,#2693));
#2668 = ORIENTED_EDGE('',*,*,#2669,.T.);
#2669 = EDGE_CURVE('',#2670,#1377,#2672,.T.);
#2670 = VERTEX_POINT('',#2671);
#2671 = CARTESIAN_POINT('',(73.25,80.5,12.));
#2672 = SEAM_CURVE('',#2673,(#2677,#2684),.PCURVE_S1.);
#2673 = LINE('',#2674,#2675);
#2674 = CARTESIAN_POINT('',(73.25,80.5,12.));
#2675 = VECTOR('',#2676,1.);
#2676 = DIRECTION('',(0.,-1.224646799147E-16,-1.));
#2677 = PCURVE('',#1393,#2678);
#2678 = DEFINITIONAL_REPRESENTATION('',(#2679),#2683);
#2679 = LINE('',#2680,#2681);
#2680 = CARTESIAN_POINT('',(-0.,0.));
#2681 = VECTOR('',#2682,1.);
#2682 = DIRECTION('',(-0.,-1.));
#2683 = ( GEOMETRIC_REPRESENTATION_CONTEXT(2) 
PARAMETRIC_REPRESENTATION_CONTEXT() REPRESENTATION_CONTEXT('2D SPACE',''
  ) );
#2684 = PCURVE('',#1393,#2685);
#2685 = DEFINITIONAL_REPRESENTATION('',(#2686),#2690);
#2686 = LINE('',#2687,#2688);
#2687 = CARTESIAN_POINT('',(-6.28318530718,0.));
#2688 = VECTOR('',#2689,1.);
#2689 = DIRECTION('',(-0.,-1.));
#2690 = ( GEOMETRIC_REPRESENTATION_CONTEXT(2) 
PARAMETRIC_REPRESENTATION_CONTEXT() REPRESENTATION_CONTEXT('2D SPACE',''
  ) );
#2691 = ORIENTED_EDGE('',*,*,#1376,.T.);
#2692 = ORIENTED_EDGE('',*,*,#2669,.F.);
#2693 = ORIENTED_EDGE('',*,*,#2694,.F.);
#2694 = EDGE_CURVE('',#2670,#2670,#2695,.T.);
#2695 = SURFACE_CURVE('',#2696,(#2701,#2708),.PCURVE_S1.);
#2696 = CIRCLE('',#2697,5.);
#2697 = AXIS2_PLACEMENT_3D('',#2698,#2699,#2700);
#2698 = CARTESIAN_POINT('',(68.25,80.5,12.));
#2699 = DIRECTION('',(0.,-1.224646799147E-16,-1.));
#2700 = DIRECTION('',(1.,0.,0.));
#2701 = PCURVE('',#1393,#2702);
#2702 = DEFINITIONAL_REPRESENTATION('',(#2703),#2707);
#2703 = LINE('',#2704,#2705);
#2704 = CARTESIAN_POINT('',(-0.,0.));
#2705 = VECTOR('',#2706,1.);
#2706 = DIRECTION('',(-1.,0.));
#2707 = ( GEOMETRIC_REPRESENTATION_CONTEXT(2) 
PARAMETRIC_REPRESENTATION_CONTEXT() REPRESENTATION_CONTEXT('2D SPACE',''
  ) );
#2708 = PCURVE('',#2039,#2709);
#2709 = DEFINITIONAL_REPRESENTATION('',(#2710),#2714);
#2710 = CIRCLE('',#2711,5.);
#2711 = AXIS2_PLACEMENT_2D('',#2712,#2713);
#2712 = CARTESIAN_POINT('',(0.,0.));
#2713 = DIRECTION('',(1.,0.));
#2714 = ( GEOMETRIC_REPRESENTATION_CONTEXT(2) 
PARAMETRIC_REPRESENTATION_CONTEXT() REPRESENTATION_CONTEXT('2D SPACE',''
  ) );
#2715 = ADVANCED_FACE('',(#2716),#1664,.T.);
#2716 = FACE_BOUND('',#2717,.F.);
#2717 = EDGE_LOOP('',(#2718,#2741,#2742,#2743));
#2718 = ORIENTED_EDGE('',*,*,#2719,.T.);
#2719 = EDGE_CURVE('',#2720,#1648,#2722,.T.);
#2720 = VERTEX_POINT('',#2721);
#2721 = CARTESIAN_POINT('',(-56.75,-67.5,12.));
#2722 = SEAM_CURVE('',#2723,(#2727,#2734),.PCURVE_S1.);
#2723 = LINE('',#2724,#2725);
#2724 = CARTESIAN_POINT('',(-56.75,-67.5,12.));
#2725 = VECTOR('',#2726,1.);
#2726 = DIRECTION('',(0.,-1.224646799147E-16,-1.));
#2727 = PCURVE('',#1664,#2728);
#2728 = DEFINITIONAL_REPRESENTATION('',(#2729),#2733);
#2729 = LINE('',#2730,#2731);
#2730 = CARTESIAN_POINT('',(-0.,0.));
#2731 = VECTOR('',#2732,1.);
#2732 = DIRECTION('',(-0.,-1.));
#2733 = ( GEOMETRIC_REPRESENTATION_CONTEXT(2) 
PARAMETRIC_REPRESENTATION_CONTEXT() REPRESENTATION_CONTEXT('2D SPACE',''
  ) );
#2734 = PCURVE('',#1664,#2735);
#2735 = DEFINITIONAL_REPRESENTATION('',(#2736),#2740);
#2736 = LINE('',#2737,#2738);
#2737 = CARTESIAN_POINT('',(-6.28318530718,0.));
#2738 = VECTOR('',#2739,1.);
#2739 = DIRECTION('',(-0.,-1.));
#2740 = ( GEOMETRIC_REPRESENTATION_CONTEXT(2) 
PARAMETRIC_REPRESENTATION_CONTEXT() REPRESENTATION_CONTEXT('2D SPACE',''
  ) );
#2741 = ORIENTED_EDGE('',*,*,#1647,.T.);
#2742 = ORIENTED_EDGE('',*,*,#2719,.F.);
#2743 = ORIENTED_EDGE('',*,*,#2744,.F.);
#2744 = EDGE_CURVE('',#2720,#2720,#2745,.T.);
#2745 = SURFACE_CURVE('',#2746,(#2751,#2758),.PCURVE_S1.);
#2746 = CIRCLE('',#2747,5.);
#2747 = AXIS2_PLACEMENT_3D('',#2748,#2749,#2750);
#2748 = CARTESIAN_POINT('',(-61.75,-67.5,12.));
#2749 = DIRECTION('',(0.,-1.224646799147E-16,-1.));
#2750 = DIRECTION('',(1.,0.,0.));
#2751 = PCURVE('',#1664,#2752);
#2752 = DEFINITIONAL_REPRESENTATION('',(#2753),#2757);
#2753 = LINE('',#2754,#2755);
#2754 = CARTESIAN_POINT('',(-0.,0.));
#2755 = VECTOR('',#2756,1.);
#2756 = DIRECTION('',(-1.,0.));
#2757 = ( GEOMETRIC_REPRESENTATION_CONTEXT(2) 
PARAMETRIC_REPRESENTATION_CONTEXT() REPRESENTATION_CONTEXT('2D SPACE',''
  ) );
#2758 = PCURVE('',#2233,#2759);
#2759 = DEFINITIONAL_REPRESENTATION('',(#2760),#2764);
#2760 = CIRCLE('',#2761,5.);
#2761 = AXIS2_PLACEMENT_2D('',#2762,#2763);
#2762 = CARTESIAN_POINT('',(2.84217094304E-14,2.84217094304E-14));
#2763 = DIRECTION('',(1.,0.));
#2764 = ( GEOMETRIC_REPRESENTATION_CONTEXT(2) 
PARAMETRIC_REPRESENTATION_CONTEXT() REPRESENTATION_CONTEXT('2D SPACE',''
  ) );
#2765 = ADVANCED_FACE('',(#2766),#1695,.T.);
#2766 = FACE_BOUND('',#2767,.F.);
#2767 = EDGE_LOOP('',(#2768,#2791,#2792,#2793));
#2768 = ORIENTED_EDGE('',*,*,#2769,.T.);
#2769 = EDGE_CURVE('',#2770,#1679,#2772,.T.);
#2770 = VERTEX_POINT('',#2771);
#2771 = CARTESIAN_POINT('',(73.25,-67.5,12.));
#2772 = SEAM_CURVE('',#2773,(#2777,#2784),.PCURVE_S1.);
#2773 = LINE('',#2774,#2775);
#2774 = CARTESIAN_POINT('',(73.25,-67.5,12.));
#2775 = VECTOR('',#2776,1.);
#2776 = DIRECTION('',(0.,-1.224646799147E-16,-1.));
#2777 = PCURVE('',#1695,#2778);
#2778 = DEFINITIONAL_REPRESENTATION('',(#2779),#2783);
#2779 = LINE('',#2780,#2781);
#2780 = CARTESIAN_POINT('',(-0.,0.));
#2781 = VECTOR('',#2782,1.);
#2782 = DIRECTION('',(-0.,-1.));
#2783 = ( GEOMETRIC_REPRESENTATION_CONTEXT(2) 
PARAMETRIC_REPRESENTATION_CONTEXT() REPRESENTATION_CONTEXT('2D SPACE',''
  ) );
#2784 = PCURVE('',#1695,#2785);
#2785 = DEFINITIONAL_REPRESENTATION('',(#2786),#2790);
#2786 = LINE('',#2787,#2788);
#2787 = CARTESIAN_POINT('',(-6.28318530718,0.));
#2788 = VECTOR('',#2789,1.);
#2789 = DIRECTION('',(-0.,-1.));
#2790 = ( GEOMETRIC_REPRESENTATION_CONTEXT(2) 
PARAMETRIC_REPRESENTATION_CONTEXT() REPRESENTATION_CONTEXT('2D SPACE',''
  ) );
#2791 = ORIENTED_EDGE('',*,*,#1678,.T.);
#2792 = ORIENTED_EDGE('',*,*,#2769,.F.);
#2793 = ORIENTED_EDGE('',*,*,#2794,.F.);
#2794 = EDGE_CURVE('',#2770,#2770,#2795,.T.);
#2795 = SURFACE_CURVE('',#2796,(#2801,#2808),.PCURVE_S1.);
#2796 = CIRCLE('',#2797,5.);
#2797 = AXIS2_PLACEMENT_3D('',#2798,#2799,#2800);
#2798 = CARTESIAN_POINT('',(68.25,-67.5,12.));
#2799 = DIRECTION('',(0.,-1.224646799147E-16,-1.));
#2800 = DIRECTION('',(1.,0.,0.));
#2801 = PCURVE('',#1695,#2802);
#2802 = DEFINITIONAL_REPRESENTATION('',(#2803),#2807);
#2803 = LINE('',#2804,#2805);
#2804 = CARTESIAN_POINT('',(-0.,0.));
#2805 = VECTOR('',#2806,1.);
#2806 = DIRECTION('',(-1.,0.));
#2807 = ( GEOMETRIC_REPRESENTATION_CONTEXT(2) 
PARAMETRIC_REPRESENTATION_CONTEXT() REPRESENTATION_CONTEXT('2D SPACE',''
  ) );
#2808 = PCURVE('',#2374,#2809);
#2809 = DEFINITIONAL_REPRESENTATION('',(#2810),#2814);
#2810 = CIRCLE('',#2811,5.);
#2811 = AXIS2_PLACEMENT_2D('',#2812,#2813);
#2812 = CARTESIAN_POINT('',(0.,2.84217094304E-14));
#2813 = DIRECTION('',(1.,0.));
#2814 = ( GEOMETRIC_REPRESENTATION_CONTEXT(2) 
PARAMETRIC_REPRESENTATION_CONTEXT() REPRESENTATION_CONTEXT('2D SPACE',''
  ) );
#2815 = ADVANCED_FACE('',(#2816,#2819),#1818,.F.);
#2816 = FACE_BOUND('',#2817,.F.);
#2817 = EDGE_LOOP('',(#2818));
#2818 = ORIENTED_EDGE('',*,*,#2644,.T.);
#2819 = FACE_BOUND('',#2820,.F.);
#2820 = EDGE_LOOP('',(#2821));
#2821 = ORIENTED_EDGE('',*,*,#1801,.T.);
#2822 = ADVANCED_FACE('',(#2823,#2826),#2039,.F.);
#2823 = FACE_BOUND('',#2824,.F.);
#2824 = EDGE_LOOP('',(#2825));
#2825 = ORIENTED_EDGE('',*,*,#2694,.T.);
#2826 = FACE_BOUND('',#2827,.F.);
#2827 = EDGE_LOOP('',(#2828));
#2828 = ORIENTED_EDGE('',*,*,#2022,.T.);
#2829 = ADVANCED_FACE('',(#2830,#2833),#2233,.F.);
#2830 = FACE_BOUND('',#2831,.F.);
#2831 = EDGE_LOOP('',(#2832));
#2832 = ORIENTED_EDGE('',*,*,#2744,.T.);
#2833 = FACE_BOUND('',#2834,.F.);
#2834 = EDGE_LOOP('',(#2835));
#2835 = ORIENTED_EDGE('',*,*,#2216,.T.);
#2836 = ADVANCED_FACE('',(#2837),#2341,.F.);
#2837 = FACE_BOUND('',#2838,.T.);
#2838 = EDGE_LOOP('',(#2839,#2870,#2905,#2937,#2993,#3014,#3015,#3016,
    #3072,#3099));
#2839 = ORIENTED_EDGE('',*,*,#2840,.F.);
#2840 = EDGE_CURVE('',#2841,#2843,#2845,.T.);
#2841 = VERTEX_POINT('',#2842);
#2842 = CARTESIAN_POINT('',(-25.,-90.25,14.));
#2843 = VERTEX_POINT('',#2844);
#2844 = CARTESIAN_POINT('',(-25.,-82.25,14.));
#2845 = SURFACE_CURVE('',#2846,(#2851,#2858),.PCURVE_S1.);
#2846 = CIRCLE('',#2847,4.);
#2847 = AXIS2_PLACEMENT_3D('',#2848,#2849,#2850);
#2848 = CARTESIAN_POINT('',(-25.,-86.25,14.));
#2849 = DIRECTION('',(0.,-1.224646799147E-16,-1.));
#2850 = DIRECTION('',(1.,0.,0.));
#2851 = PCURVE('',#2341,#2852);
#2852 = DEFINITIONAL_REPRESENTATION('',(#2853),#2857);
#2853 = LINE('',#2854,#2855);
#2854 = CARTESIAN_POINT('',(-0.,0.));
#2855 = VECTOR('',#2856,1.);
#2856 = DIRECTION('',(-1.,0.));
#2857 = ( GEOMETRIC_REPRESENTATION_CONTEXT(2) 
PARAMETRIC_REPRESENTATION_CONTEXT() REPRESENTATION_CONTEXT('2D SPACE',''
  ) );
#2858 = PCURVE('',#2859,#2864);
#2859 = PLANE('',#2860);
#2860 = AXIS2_PLACEMENT_3D('',#2861,#2862,#2863);
#2861 = CARTESIAN_POINT('',(-25.,-86.25,14.));
#2862 = DIRECTION('',(0.,-1.224646799147E-16,-1.));
#2863 = DIRECTION('',(1.,0.,0.));
#2864 = DEFINITIONAL_REPRESENTATION('',(#2865),#2869);
#2865 = CIRCLE('',#2866,4.);
#2866 = AXIS2_PLACEMENT_2D('',#2867,#2868);
#2867 = CARTESIAN_POINT('',(5.684341886081E-14,0.));
#2868 = DIRECTION('',(1.,0.));
#2869 = ( GEOMETRIC_REPRESENTATION_CONTEXT(2) 
PARAMETRIC_REPRESENTATION_CONTEXT() REPRESENTATION_CONTEXT('2D SPACE',''
  ) );
#2870 = ORIENTED_EDGE('',*,*,#2871,.T.);
#2871 = EDGE_CURVE('',#2841,#2872,#2874,.T.);
#2872 = VERTEX_POINT('',#2873);
#2873 = CARTESIAN_POINT('',(-22.87109755726,-89.63641025118,
    11.999999999999));
#2874 = SURFACE_CURVE('',#2875,(#2880,#2890),.PCURVE_S1.);
#2875 = ELLIPSE('',#2876,5.48826908572,4.);
#2876 = AXIS2_PLACEMENT_3D('',#2877,#2878,#2879);
#2877 = CARTESIAN_POINT('',(-25.,-86.25,14.));
#2878 = DIRECTION('',(0.684697639051,8.925559443387E-17,0.728827238156)
  );
#2879 = DIRECTION('',(-0.728827238156,8.385127720479E-17,0.684697639051)
  );
#2880 = PCURVE('',#2341,#2881);
#2881 = DEFINITIONAL_REPRESENTATION('',(#2882),#2889);
#2882 = B_SPLINE_CURVE_WITH_KNOTS('',5,(#2883,#2884,#2885,#2886,#2887,
    #2888),.UNSPECIFIED.,.F.,.F.,(6,6),(1.570796326795,2.132023788085),
  .PIECEWISE_BEZIER_KNOTS.);
#2883 = CARTESIAN_POINT('',(-1.570796326795,0.));
#2884 = CARTESIAN_POINT('',(-1.458550834537,-0.421796659179));
#2885 = CARTESIAN_POINT('',(-1.346305342279,-0.843594194976));
#2886 = CARTESIAN_POINT('',(-1.234059850021,-1.254315875941));
#2887 = CARTESIAN_POINT('',(-1.121814357763,-1.642906509702));
#2888 = CARTESIAN_POINT('',(-1.009568865505,-2.000000600003));
#2889 = ( GEOMETRIC_REPRESENTATION_CONTEXT(2) 
PARAMETRIC_REPRESENTATION_CONTEXT() REPRESENTATION_CONTEXT('2D SPACE',''
  ) );
#2890 = PCURVE('',#2891,#2896);
#2891 = CYLINDRICAL_SURFACE('',#2892,4.);
#2892 = AXIS2_PLACEMENT_3D('',#2893,#2894,#2895);
#2893 = CARTESIAN_POINT('',(-25.,-86.25,14.));
#2894 = DIRECTION('',(-0.998052578483,-7.639136847624E-18,
    -6.237828615518E-02));
#2895 = DIRECTION('',(0.,-1.,1.224646799147E-16));
#2896 = DEFINITIONAL_REPRESENTATION('',(#2897),#2904);
#2897 = B_SPLINE_CURVE_WITH_KNOTS('',5,(#2898,#2899,#2900,#2901,#2902,
    #2903),.UNSPECIFIED.,.F.,.F.,(6,6),(1.570796326795,2.132023788085),
  .PIECEWISE_BEZIER_KNOTS.);
#2898 = CARTESIAN_POINT('',(-6.28318530718,0.));
#2899 = CARTESIAN_POINT('',(-6.395430799438,-0.421796659179));
#2900 = CARTESIAN_POINT('',(-6.507676291695,-0.843594194977));
#2901 = CARTESIAN_POINT('',(-6.619921783953,-1.254315875941));
#2902 = CARTESIAN_POINT('',(-6.732167276211,-1.642906509702));
#2903 = CARTESIAN_POINT('',(-6.844412768469,-2.000000600003));
#2904 = ( GEOMETRIC_REPRESENTATION_CONTEXT(2) 
PARAMETRIC_REPRESENTATION_CONTEXT() REPRESENTATION_CONTEXT('2D SPACE',''
  ) );
#2905 = ORIENTED_EDGE('',*,*,#2906,.T.);
#2906 = EDGE_CURVE('',#2872,#2907,#2909,.T.);
#2907 = VERTEX_POINT('',#2908);
#2908 = CARTESIAN_POINT('',(-22.70146789035,-89.52364477928,
    9.285925329399));
#2909 = SURFACE_CURVE('',#2910,(#2915,#2925),.PCURVE_S1.);
#2910 = ELLIPSE('',#2911,64.124878167526,4.);
#2911 = AXIS2_PLACEMENT_3D('',#2912,#2913,#2914);
#2912 = CARTESIAN_POINT('',(-25.,-86.25,46.062439083763));
#2913 = DIRECTION('',(0.998052578483,7.639136847624E-18,
    6.237828615518E-02));
#2914 = DIRECTION('',(-6.237828615518E-02,1.22226189562E-16,
    0.998052578483));
#2915 = PCURVE('',#2341,#2916);
#2916 = DEFINITIONAL_REPRESENTATION('',(#2917),#2924);
#2917 = B_SPLINE_CURVE_WITH_KNOTS('',5,(#2918,#2919,#2920,#2921,#2922,
    #2923),.UNSPECIFIED.,.F.,.F.,(6,6),(2.095521996574,2.22496554253),
  .PIECEWISE_BEZIER_KNOTS.);
#2918 = CARTESIAN_POINT('',(-1.046070657016,5.999999501682E-07));
#2919 = CARTESIAN_POINT('',(-1.020181947825,-1.433962835541));
#2920 = CARTESIAN_POINT('',(-0.994293238633,-2.841064955759));
#2921 = CARTESIAN_POINT('',(-0.968404529442,-4.219303480865));
#2922 = CARTESIAN_POINT('',(-0.942515820251,-5.566751289954));
#2923 = CARTESIAN_POINT('',(-0.91662711106,-6.881572528626));
#2924 = ( GEOMETRIC_REPRESENTATION_CONTEXT(2) 
PARAMETRIC_REPRESENTATION_CONTEXT() REPRESENTATION_CONTEXT('2D SPACE',''
  ) );
#2925 = PCURVE('',#2926,#2931);
#2926 = PLANE('',#2927);
#2927 = AXIS2_PLACEMENT_3D('',#2928,#2929,#2930);
#2928 = CARTESIAN_POINT('',(-23.00389484303,-86.25,14.12475657231));
#2929 = DIRECTION('',(0.998052578483,7.639136847624E-18,
    6.237828615518E-02));
#2930 = DIRECTION('',(6.237828615518E-02,-1.22226189562E-16,
    -0.998052578483));
#2931 = DEFINITIONAL_REPRESENTATION('',(#2932),#2936);
#2932 = ELLIPSE('',#2933,64.124878167526,4.);
#2933 = AXIS2_PLACEMENT_2D('',#2934,#2935);
#2934 = CARTESIAN_POINT('',(-32.,-3.911238065983E-15));
#2935 = DIRECTION('',(-1.,0.));
#2936 = ( GEOMETRIC_REPRESENTATION_CONTEXT(2) 
PARAMETRIC_REPRESENTATION_CONTEXT() REPRESENTATION_CONTEXT('2D SPACE',''
  ) );
#2937 = ORIENTED_EDGE('',*,*,#2938,.F.);
#2938 = EDGE_CURVE('',#2939,#2907,#2941,.T.);
#2939 = VERTEX_POINT('',#2940);
#2940 = CARTESIAN_POINT('',(-21.,-86.25,8.388585354999));
#2941 = SURFACE_CURVE('',#2942,(#2957,#2975),.PCURVE_S1.);
#2942 = B_SPLINE_CURVE_WITH_KNOTS('',7,(#2943,#2944,#2945,#2946,#2947,
    #2948,#2949,#2950,#2951,#2952,#2953,#2954,#2955,#2956),
  .UNSPECIFIED.,.F.,.F.,(8,6,8),(0.,0.3834382535,1.),.UNSPECIFIED.);
#2943 = CARTESIAN_POINT('',(-21.,-86.25,8.388585355));
#2944 = CARTESIAN_POINT('',(-21.,-86.49348900458,8.388585355));
#2945 = CARTESIAN_POINT('',(-21.01729217853,-86.73513744882,
    8.39935166166));
#2946 = CARTESIAN_POINT('',(-21.05140514533,-86.972626421,8.42058931604)
  );
#2947 = CARTESIAN_POINT('',(-21.10135813379,-87.20369580573,
    8.451519050963));
#2948 = CARTESIAN_POINT('',(-21.16566347659,-87.42620235744,
    8.490893841702));
#2949 = CARTESIAN_POINT('',(-21.2423004083,-87.63817235976,
    8.537063533604));
#2950 = CARTESIAN_POINT('',(-21.46752516341,-88.1589250735,
    8.670133232793));
#2951 = CARTESIAN_POINT('',(-21.63284869345,-88.4512648389,
    8.765510348586));
#2952 = CARTESIAN_POINT('',(-21.81861897102,-88.71564727305,
    8.868931429477));
#2953 = CARTESIAN_POINT('',(-22.02061471587,-88.95355201275,
    8.976043357918));
#2954 = CARTESIAN_POINT('',(-22.23602002845,-89.16663010918,
    9.083307622144));
#2955 = CARTESIAN_POINT('',(-22.46319085094,-89.35634281358,
    9.187631776826));
#2956 = CARTESIAN_POINT('',(-22.70146850743,-89.52364521255,
    9.285925583956));
#2957 = PCURVE('',#2341,#2958);
#2958 = DEFINITIONAL_REPRESENTATION('',(#2959),#2974);
#2959 = B_SPLINE_CURVE_WITH_KNOTS('',7,(#2960,#2961,#2962,#2963,#2964,
    #2965,#2966,#2967,#2968,#2969,#2970,#2971,#2972,#2973),
  .UNSPECIFIED.,.F.,.F.,(8,6,8),(0.,0.3834382535,1.),.UNSPECIFIED.);
#2960 = CARTESIAN_POINT('',(0.,-5.611414645));
#2961 = CARTESIAN_POINT('',(-6.087225114658E-02,-5.611414645));
#2962 = CARTESIAN_POINT('',(-0.121284328963,-5.60064833834));
#2963 = CARTESIAN_POINT('',(-0.181025112555,-5.57941068396));
#2964 = CARTESIAN_POINT('',(-0.239872385099,-5.548480949037));
#2965 = CARTESIAN_POINT('',(-0.297572987902,-5.509106158298));
#2966 = CARTESIAN_POINT('',(-0.353816828339,-5.462936466396));
#2967 = CARTESIAN_POINT('',(-0.49565951831,-5.329866767207));
#2968 = CARTESIAN_POINT('',(-0.57914629401,-5.234489651414));
#2969 = CARTESIAN_POINT('',(-0.659339217007,-5.131068570523));
#2970 = CARTESIAN_POINT('',(-0.736807518789,-5.023956642082));
#2971 = CARTESIAN_POINT('',(-0.81212068341,-4.916692377856));
#2972 = CARTESIAN_POINT('',(-0.885854187823,-4.812368223174));
#2973 = CARTESIAN_POINT('',(-0.958640834213,-4.714074416044));
#2974 = ( GEOMETRIC_REPRESENTATION_CONTEXT(2) 
PARAMETRIC_REPRESENTATION_CONTEXT() REPRESENTATION_CONTEXT('2D SPACE',''
  ) );
#2975 = PCURVE('',#2508,#2976);
#2976 = DEFINITIONAL_REPRESENTATION('',(#2977),#2992);
#2977 = B_SPLINE_CURVE_WITH_KNOTS('',7,(#2978,#2979,#2980,#2981,#2982,
    #2983,#2984,#2985,#2986,#2987,#2988,#2989,#2990,#2991),
  .UNSPECIFIED.,.F.,.F.,(8,6,8),(0.,0.3834382535,1.),.UNSPECIFIED.);
#2978 = CARTESIAN_POINT('',(-1.570796326795,-1.64217988547));
#2979 = CARTESIAN_POINT('',(-1.529174274729,-1.64217988547));
#2980 = CARTESIAN_POINT('',(-1.487866780615,-1.625592965854));
#2981 = CARTESIAN_POINT('',(-1.44715281379,-1.592871199859));
#2982 = CARTESIAN_POINT('',(-1.407308221658,-1.54494483478));
#2983 = CARTESIAN_POINT('',(-1.368618639083,-1.483220853559));
#2984 = CARTESIAN_POINT('',(-1.331384875618,-1.409613152505));
#2985 = CARTESIAN_POINT('',(-1.23889515993,-1.193127664707));
#2986 = CARTESIAN_POINT('',(-1.185903430204,-1.034075550284));
#2987 = CARTESIAN_POINT('',(-1.136776696438,-0.855118275531));
#2988 = CARTESIAN_POINT('',(-1.091375517499,-0.660197360064));
#2989 = CARTESIAN_POINT('',(-1.049595873074,-0.451902493391));
#2990 = CARTESIAN_POINT('',(-1.011403933191,-0.231681630228));
#2991 = CARTESIAN_POINT('',(-0.976896302656,5.999999999062E-07));
#2992 = ( GEOMETRIC_REPRESENTATION_CONTEXT(2) 
PARAMETRIC_REPRESENTATION_CONTEXT() REPRESENTATION_CONTEXT('2D SPACE',''
  ) );
#2993 = ORIENTED_EDGE('',*,*,#2994,.T.);
#2994 = EDGE_CURVE('',#2939,#2304,#2995,.T.);
#2995 = SEAM_CURVE('',#2996,(#3000,#3007),.PCURVE_S1.);
#2996 = LINE('',#2997,#2998);
#2997 = CARTESIAN_POINT('',(-21.,-86.25,14.));
#2998 = VECTOR('',#2999,1.);
#2999 = DIRECTION('',(0.,-1.224646799147E-16,-1.));
#3000 = PCURVE('',#2341,#3001);
#3001 = DEFINITIONAL_REPRESENTATION('',(#3002),#3006);
#3002 = LINE('',#3003,#3004);
#3003 = CARTESIAN_POINT('',(-6.28318530718,0.));
#3004 = VECTOR('',#3005,1.);
#3005 = DIRECTION('',(-0.,-1.));
#3006 = ( GEOMETRIC_REPRESENTATION_CONTEXT(2) 
PARAMETRIC_REPRESENTATION_CONTEXT() REPRESENTATION_CONTEXT('2D SPACE',''
  ) );
#3007 = PCURVE('',#2341,#3008);
#3008 = DEFINITIONAL_REPRESENTATION('',(#3009),#3013);
#3009 = LINE('',#3010,#3011);
#3010 = CARTESIAN_POINT('',(-0.,0.));
#3011 = VECTOR('',#3012,1.);
#3012 = DIRECTION('',(-0.,-1.));
#3013 = ( GEOMETRIC_REPRESENTATION_CONTEXT(2) 
PARAMETRIC_REPRESENTATION_CONTEXT() REPRESENTATION_CONTEXT('2D SPACE',''
  ) );
#3014 = ORIENTED_EDGE('',*,*,#2326,.T.);
#3015 = ORIENTED_EDGE('',*,*,#2994,.F.);
#3016 = ORIENTED_EDGE('',*,*,#3017,.F.);
#3017 = EDGE_CURVE('',#3018,#2939,#3020,.T.);
#3018 = VERTEX_POINT('',#3019);
#3019 = CARTESIAN_POINT('',(-22.70146789035,-82.97635522071,
    9.285925329399));
#3020 = SURFACE_CURVE('',#3021,(#3036,#3054),.PCURVE_S1.);
#3021 = B_SPLINE_CURVE_WITH_KNOTS('',7,(#3022,#3023,#3024,#3025,#3026,
    #3027,#3028,#3029,#3030,#3031,#3032,#3033,#3034,#3035),
  .UNSPECIFIED.,.F.,.F.,(8,6,8),(0.,0.617802919238,1.),.UNSPECIFIED.);
#3022 = CARTESIAN_POINT('',(-22.70146850743,-82.97635478744,
    9.285925583956));
#3023 = CARTESIAN_POINT('',(-22.46270625852,-83.14399743432,
    9.187431873762));
#3024 = CARTESIAN_POINT('',(-22.23509394625,-83.33414311746,
    9.082882390212));
#3025 = CARTESIAN_POINT('',(-22.01929579263,-83.5477526871,
    8.975386537254));
#3026 = CARTESIAN_POINT('',(-21.81696928458,-83.78629654434,
    8.868056470049));
#3027 = CARTESIAN_POINT('',(-21.63095316728,-84.05143541908,
    8.764454796437));
#3028 = CARTESIAN_POINT('',(-21.46550321223,-84.34465547078,
    8.668966484297));
#3029 = CARTESIAN_POINT('',(-21.24080162348,-84.86598284907,
    8.536160432502));
#3030 = CARTESIAN_POINT('',(-21.1646223524,-85.07741394326,
    8.490256194814));
#3031 = CARTESIAN_POINT('',(-21.10071688827,-85.29928852574,
    8.451121950404));
#3032 = CARTESIAN_POINT('',(-21.05108042621,-85.5296549893,
    8.420387162091));
#3033 = CARTESIAN_POINT('',(-21.01718398946,-85.7663947222,8.39928429145
    ));
#3034 = CARTESIAN_POINT('',(-21.,-86.00727386138,8.388585355));
#3035 = CARTESIAN_POINT('',(-21.,-86.25,8.388585355));
#3036 = PCURVE('',#2341,#3037);
#3037 = DEFINITIONAL_REPRESENTATION('',(#3038),#3053);
#3038 = B_SPLINE_CURVE_WITH_KNOTS('',7,(#3039,#3040,#3041,#3042,#3043,
    #3044,#3045,#3046,#3047,#3048,#3049,#3050,#3051,#3052),
  .UNSPECIFIED.,.F.,.F.,(8,6,8),(0.,0.617802919238,1.),.UNSPECIFIED.);
#3039 = CARTESIAN_POINT('',(-5.324544472967,-4.714074416044));
#3040 = CARTESIAN_POINT('',(-5.397479147743,-4.812568126238));
#3041 = CARTESIAN_POINT('',(-5.471365182065,-4.917117609788));
#3042 = CARTESIAN_POINT('',(-5.546838930392,-5.024613462746));
#3043 = CARTESIAN_POINT('',(-5.624478909634,-5.131943529952));
#3044 = CARTESIAN_POINT('',(-5.704857780412,-5.235545203563));
#3045 = CARTESIAN_POINT('',(-5.788547967674,-5.331033515703));
#3046 = CARTESIAN_POINT('',(-5.930470710597,-5.463839567498));
#3047 = CARTESIAN_POINT('',(-5.986549802251,-5.509743805186));
#3048 = CARTESIAN_POINT('',(-6.044072739082,-5.548878049596));
#3049 = CARTESIAN_POINT('',(-6.102734001573,-5.579612837909));
#3050 = CARTESIAN_POINT('',(-6.162284019682,-5.60071570855));
#3051 = CARTESIAN_POINT('',(-6.222503772526,-5.611414645));
#3052 = CARTESIAN_POINT('',(-6.28318530718,-5.611414645));
#3053 = ( GEOMETRIC_REPRESENTATION_CONTEXT(2) 
PARAMETRIC_REPRESENTATION_CONTEXT() REPRESENTATION_CONTEXT('2D SPACE',''
  ) );
#3054 = PCURVE('',#2508,#3055);
#3055 = DEFINITIONAL_REPRESENTATION('',(#3056),#3071);
#3056 = B_SPLINE_CURVE_WITH_KNOTS('',7,(#3057,#3058,#3059,#3060,#3061,
    #3062,#3063,#3064,#3065,#3066,#3067,#3068,#3069,#3070),
  .UNSPECIFIED.,.F.,.F.,(8,6,8),(0.,0.617802919238,1.),.UNSPECIFIED.);
#3057 = CARTESIAN_POINT('',(-2.164696350934,5.999999999062E-07));
#3058 = CARTESIAN_POINT('',(-2.130118541196,-0.232152809331));
#3059 = CARTESIAN_POINT('',(-2.091841114641,-0.452800246886));
#3060 = CARTESIAN_POINT('',(-2.04996131317,-0.661472743463));
#3061 = CARTESIAN_POINT('',(-2.004445026101,-0.856710170865));
#3062 = CARTESIAN_POINT('',(-1.955187534483,-1.035901541537));
#3063 = CARTESIAN_POINT('',(-1.902048549852,-1.19507289852));
#3064 = CARTESIAN_POINT('',(-1.809477981033,-1.411052684663));
#3065 = CARTESIAN_POINT('',(-1.772345297791,-1.48422017492));
#3066 = CARTESIAN_POINT('',(-1.733769895736,-1.545560061074));
#3067 = CARTESIAN_POINT('',(-1.694048755744,-1.593182676598));
#3068 = CARTESIAN_POINT('',(-1.653463960143,-1.625696741796));
#3069 = CARTESIAN_POINT('',(-1.612287974421,-1.64217988547));
#3070 = CARTESIAN_POINT('',(-1.570796326795,-1.64217988547));
#3071 = ( GEOMETRIC_REPRESENTATION_CONTEXT(2) 
PARAMETRIC_REPRESENTATION_CONTEXT() REPRESENTATION_CONTEXT('2D SPACE',''
  ) );
#3072 = ORIENTED_EDGE('',*,*,#3073,.T.);
#3073 = EDGE_CURVE('',#3018,#3074,#3076,.T.);
#3074 = VERTEX_POINT('',#3075);
#3075 = CARTESIAN_POINT('',(-22.87109755726,-82.86358974881,
    11.999999999999));
#3076 = SURFACE_CURVE('',#3077,(#3082,#3092),.PCURVE_S1.);
#3077 = ELLIPSE('',#3078,64.124878167526,4.);
#3078 = AXIS2_PLACEMENT_3D('',#3079,#3080,#3081);
#3079 = CARTESIAN_POINT('',(-25.,-86.25,46.062439083763));
#3080 = DIRECTION('',(0.998052578483,7.639136847624E-18,
    6.237828615518E-02));
#3081 = DIRECTION('',(-6.237828615518E-02,1.22226189562E-16,
    0.998052578483));
#3082 = PCURVE('',#2341,#3083);
#3083 = DEFINITIONAL_REPRESENTATION('',(#3084),#3091);
#3084 = B_SPLINE_CURVE_WITH_KNOTS('',5,(#3085,#3086,#3087,#3088,#3089,
    #3090),.UNSPECIFIED.,.F.,.F.,(6,6),(4.05821976465,4.187663310606),
  .PIECEWISE_BEZIER_KNOTS.);
#3085 = CARTESIAN_POINT('',(-5.36655819612,-6.881572528626));
#3086 = CARTESIAN_POINT('',(-5.340669486929,-5.566751289954));
#3087 = CARTESIAN_POINT('',(-5.314780777737,-4.219303480865));
#3088 = CARTESIAN_POINT('',(-5.288892068546,-2.841064955759));
#3089 = CARTESIAN_POINT('',(-5.263003359355,-1.433962835541));
#3090 = CARTESIAN_POINT('',(-5.237114650164,5.999999075357E-07));
#3091 = ( GEOMETRIC_REPRESENTATION_CONTEXT(2) 
PARAMETRIC_REPRESENTATION_CONTEXT() REPRESENTATION_CONTEXT('2D SPACE',''
  ) );
#3092 = PCURVE('',#2926,#3093);
#3093 = DEFINITIONAL_REPRESENTATION('',(#3094),#3098);
#3094 = ELLIPSE('',#3095,64.124878167526,4.);
#3095 = AXIS2_PLACEMENT_2D('',#3096,#3097);
#3096 = CARTESIAN_POINT('',(-32.,-3.911238065983E-15));
#3097 = DIRECTION('',(-1.,0.));
#3098 = ( GEOMETRIC_REPRESENTATION_CONTEXT(2) 
PARAMETRIC_REPRESENTATION_CONTEXT() REPRESENTATION_CONTEXT('2D SPACE',''
  ) );
#3099 = ORIENTED_EDGE('',*,*,#3100,.T.);
#3100 = EDGE_CURVE('',#3074,#2843,#3101,.T.);
#3101 = SURFACE_CURVE('',#3102,(#3107,#3117),.PCURVE_S1.);
#3102 = ELLIPSE('',#3103,5.48826908572,4.);
#3103 = AXIS2_PLACEMENT_3D('',#3104,#3105,#3106);
#3104 = CARTESIAN_POINT('',(-25.,-86.25,14.));
#3105 = DIRECTION('',(0.684697639051,8.925559443387E-17,0.728827238156)
  );
#3106 = DIRECTION('',(-0.728827238156,8.385127720479E-17,0.684697639051)
  );
#3107 = PCURVE('',#2341,#3108);
#3108 = DEFINITIONAL_REPRESENTATION('',(#3109),#3116);
#3109 = B_SPLINE_CURVE_WITH_KNOTS('',5,(#3110,#3111,#3112,#3113,#3114,
    #3115),.UNSPECIFIED.,.F.,.F.,(6,6),(4.151161519095,4.71238905864),
  .PIECEWISE_BEZIER_KNOTS.);
#3110 = CARTESIAN_POINT('',(-5.273616441674,-2.000000600003));
#3111 = CARTESIAN_POINT('',(-5.161370933765,-1.64290645991));
#3112 = CARTESIAN_POINT('',(-5.049125425857,-1.254315767575));
#3113 = CARTESIAN_POINT('',(-4.936879917947,-0.843594023168));
#3114 = CARTESIAN_POINT('',(-4.824634410039,-0.421796423925));
#3115 = CARTESIAN_POINT('',(-4.71238890213,2.940672487739E-07));
#3116 = ( GEOMETRIC_REPRESENTATION_CONTEXT(2) 
PARAMETRIC_REPRESENTATION_CONTEXT() REPRESENTATION_CONTEXT('2D SPACE',''
  ) );
#3117 = PCURVE('',#2891,#3118);
#3118 = DEFINITIONAL_REPRESENTATION('',(#3119),#3126);
#3119 = B_SPLINE_CURVE_WITH_KNOTS('',5,(#3120,#3121,#3122,#3123,#3124,
    #3125),.UNSPECIFIED.,.F.,.F.,(6,6),(4.151161519095,4.71238905864),
  .PIECEWISE_BEZIER_KNOTS.);
#3120 = CARTESIAN_POINT('',(-2.5803651923,-2.000000600003));
#3121 = CARTESIAN_POINT('',(-2.692610700209,-1.642906459911));
#3122 = CARTESIAN_POINT('',(-2.804856208118,-1.254315767575));
#3123 = CARTESIAN_POINT('',(-2.917101716027,-0.843594023168));
#3124 = CARTESIAN_POINT('',(-3.029347223936,-0.421796423925));
#3125 = CARTESIAN_POINT('',(-3.141592731845,2.940672061413E-07));
#3126 = ( GEOMETRIC_REPRESENTATION_CONTEXT(2) 
PARAMETRIC_REPRESENTATION_CONTEXT() REPRESENTATION_CONTEXT('2D SPACE',''
  ) );
#3127 = ADVANCED_FACE('',(#3128,#3131),#2374,.F.);
#3128 = FACE_BOUND('',#3129,.F.);
#3129 = EDGE_LOOP('',(#3130));
#3130 = ORIENTED_EDGE('',*,*,#2794,.T.);
#3131 = FACE_BOUND('',#3132,.F.);
#3132 = EDGE_LOOP('',(#3133));
#3133 = ORIENTED_EDGE('',*,*,#2357,.T.);
#3134 = ADVANCED_FACE('',(#3135),#2508,.F.);
#3135 = FACE_BOUND('',#3136,.T.);
#3136 = EDGE_LOOP('',(#3137,#3161,#3182,#3183,#3184,#3206,#3207));
#3137 = ORIENTED_EDGE('',*,*,#3138,.F.);
#3138 = EDGE_CURVE('',#3139,#2907,#3141,.T.);
#3139 = VERTEX_POINT('',#3140);
#3140 = CARTESIAN_POINT('',(-23.00389484303,-92.1,14.12475657231));
#3141 = SURFACE_CURVE('',#3142,(#3147,#3154),.PCURVE_S1.);
#3142 = CIRCLE('',#3143,5.85);
#3143 = AXIS2_PLACEMENT_3D('',#3144,#3145,#3146);
#3144 = CARTESIAN_POINT('',(-23.00389484303,-86.25,14.12475657231));
#3145 = DIRECTION('',(0.998052578483,7.639136847624E-18,
    6.237828615518E-02));
#3146 = DIRECTION('',(0.,-1.,1.224646799147E-16));
#3147 = PCURVE('',#2508,#3148);
#3148 = DEFINITIONAL_REPRESENTATION('',(#3149),#3153);
#3149 = LINE('',#3150,#3151);
#3150 = CARTESIAN_POINT('',(-0.,0.));
#3151 = VECTOR('',#3152,1.);
#3152 = DIRECTION('',(-1.,0.));
#3153 = ( GEOMETRIC_REPRESENTATION_CONTEXT(2) 
PARAMETRIC_REPRESENTATION_CONTEXT() REPRESENTATION_CONTEXT('2D SPACE',''
  ) );
#3154 = PCURVE('',#2926,#3155);
#3155 = DEFINITIONAL_REPRESENTATION('',(#3156),#3160);
#3156 = CIRCLE('',#3157,5.85);
#3157 = AXIS2_PLACEMENT_2D('',#3158,#3159);
#3158 = CARTESIAN_POINT('',(-1.418318019095E-14,-1.740327774012E-30));
#3159 = DIRECTION('',(0.,-1.));
#3160 = ( GEOMETRIC_REPRESENTATION_CONTEXT(2) 
PARAMETRIC_REPRESENTATION_CONTEXT() REPRESENTATION_CONTEXT('2D SPACE',''
  ) );
#3161 = ORIENTED_EDGE('',*,*,#3162,.T.);
#3162 = EDGE_CURVE('',#3139,#2492,#3163,.T.);
#3163 = SEAM_CURVE('',#3164,(#3168,#3175),.PCURVE_S1.);
#3164 = LINE('',#3165,#3166);
#3165 = CARTESIAN_POINT('',(-23.00389484303,-92.1,14.12475657231));
#3166 = VECTOR('',#3167,1.);
#3167 = DIRECTION('',(0.998052578483,7.639136847624E-18,
    6.237828615518E-02));
#3168 = PCURVE('',#2508,#3169);
#3169 = DEFINITIONAL_REPRESENTATION('',(#3170),#3174);
#3170 = LINE('',#3171,#3172);
#3171 = CARTESIAN_POINT('',(-6.28318530718,0.));
#3172 = VECTOR('',#3173,1.);
#3173 = DIRECTION('',(-0.,-1.));
#3174 = ( GEOMETRIC_REPRESENTATION_CONTEXT(2) 
PARAMETRIC_REPRESENTATION_CONTEXT() REPRESENTATION_CONTEXT('2D SPACE',''
  ) );
#3175 = PCURVE('',#2508,#3176);
#3176 = DEFINITIONAL_REPRESENTATION('',(#3177),#3181);
#3177 = LINE('',#3178,#3179);
#3178 = CARTESIAN_POINT('',(-0.,0.));
#3179 = VECTOR('',#3180,1.);
#3180 = DIRECTION('',(-0.,-1.));
#3181 = ( GEOMETRIC_REPRESENTATION_CONTEXT(2) 
PARAMETRIC_REPRESENTATION_CONTEXT() REPRESENTATION_CONTEXT('2D SPACE',''
  ) );
#3182 = ORIENTED_EDGE('',*,*,#2491,.T.);
#3183 = ORIENTED_EDGE('',*,*,#3162,.F.);
#3184 = ORIENTED_EDGE('',*,*,#3185,.F.);
#3185 = EDGE_CURVE('',#3018,#3139,#3186,.T.);
#3186 = SURFACE_CURVE('',#3187,(#3192,#3199),.PCURVE_S1.);
#3187 = CIRCLE('',#3188,5.85);
#3188 = AXIS2_PLACEMENT_3D('',#3189,#3190,#3191);
#3189 = CARTESIAN_POINT('',(-23.00389484303,-86.25,14.12475657231));
#3190 = DIRECTION('',(0.998052578483,7.639136847624E-18,
    6.237828615518E-02));
#3191 = DIRECTION('',(0.,-1.,1.224646799147E-16));
#3192 = PCURVE('',#2508,#3193);
#3193 = DEFINITIONAL_REPRESENTATION('',(#3194),#3198);
#3194 = LINE('',#3195,#3196);
#3195 = CARTESIAN_POINT('',(-0.,0.));
#3196 = VECTOR('',#3197,1.);
#3197 = DIRECTION('',(-1.,0.));
#3198 = ( GEOMETRIC_REPRESENTATION_CONTEXT(2) 
PARAMETRIC_REPRESENTATION_CONTEXT() REPRESENTATION_CONTEXT('2D SPACE',''
  ) );
#3199 = PCURVE('',#2926,#3200);
#3200 = DEFINITIONAL_REPRESENTATION('',(#3201),#3205);
#3201 = CIRCLE('',#3202,5.85);
#3202 = AXIS2_PLACEMENT_2D('',#3203,#3204);
#3203 = CARTESIAN_POINT('',(-1.418318019095E-14,-1.740327774012E-30));
#3204 = DIRECTION('',(0.,-1.));
#3205 = ( GEOMETRIC_REPRESENTATION_CONTEXT(2) 
PARAMETRIC_REPRESENTATION_CONTEXT() REPRESENTATION_CONTEXT('2D SPACE',''
  ) );
#3206 = ORIENTED_EDGE('',*,*,#3017,.T.);
#3207 = ORIENTED_EDGE('',*,*,#2938,.T.);
#3208 = ADVANCED_FACE('',(#3209),#2859,.T.);
#3209 = FACE_BOUND('',#3210,.T.);
#3210 = EDGE_LOOP('',(#3211,#3237));
#3211 = ORIENTED_EDGE('',*,*,#3212,.T.);
#3212 = EDGE_CURVE('',#2843,#2841,#3213,.T.);
#3213 = SURFACE_CURVE('',#3214,(#3218,#3225),.PCURVE_S1.);
#3214 = LINE('',#3215,#3216);
#3215 = CARTESIAN_POINT('',(-25.,-86.25,14.));
#3216 = VECTOR('',#3217,1.);
#3217 = DIRECTION('',(0.,-1.,1.224646799147E-16));
#3218 = PCURVE('',#2859,#3219);
#3219 = DEFINITIONAL_REPRESENTATION('',(#3220),#3224);
#3220 = LINE('',#3221,#3222);
#3221 = CARTESIAN_POINT('',(0.,0.));
#3222 = VECTOR('',#3223,1.);
#3223 = DIRECTION('',(0.,1.));
#3224 = ( GEOMETRIC_REPRESENTATION_CONTEXT(2) 
PARAMETRIC_REPRESENTATION_CONTEXT() REPRESENTATION_CONTEXT('2D SPACE',''
  ) );
#3225 = PCURVE('',#3226,#3231);
#3226 = PLANE('',#3227);
#3227 = AXIS2_PLACEMENT_3D('',#3228,#3229,#3230);
#3228 = CARTESIAN_POINT('',(-25.,-86.25,14.));
#3229 = DIRECTION('',(0.998052578483,7.639136847624E-18,
    6.237828615518E-02));
#3230 = DIRECTION('',(6.237828615518E-02,-1.22226189562E-16,
    -0.998052578483));
#3231 = DEFINITIONAL_REPRESENTATION('',(#3232),#3236);
#3232 = LINE('',#3233,#3234);
#3233 = CARTESIAN_POINT('',(1.418318019095E-14,1.740327774012E-30));
#3234 = VECTOR('',#3235,1.);
#3235 = DIRECTION('',(0.,-1.));
#3236 = ( GEOMETRIC_REPRESENTATION_CONTEXT(2) 
PARAMETRIC_REPRESENTATION_CONTEXT() REPRESENTATION_CONTEXT('2D SPACE',''
  ) );
#3237 = ORIENTED_EDGE('',*,*,#2840,.T.);
#3238 = ADVANCED_FACE('',(#3239),#2891,.F.);
#3239 = FACE_BOUND('',#3240,.T.);
#3240 = EDGE_LOOP('',(#3241,#3263,#3264,#3286));
#3241 = ORIENTED_EDGE('',*,*,#3242,.T.);
#3242 = EDGE_CURVE('',#3074,#2872,#3243,.T.);
#3243 = SURFACE_CURVE('',#3244,(#3249,#3256),.PCURVE_S1.);
#3244 = CIRCLE('',#3245,4.);
#3245 = AXIS2_PLACEMENT_3D('',#3246,#3247,#3248);
#3246 = CARTESIAN_POINT('',(-23.00389484303,-86.25,14.12475657231));
#3247 = DIRECTION('',(0.998052578483,-3.379241331203E-15,
    6.237828615518E-02));
#3248 = DIRECTION('',(3.319932144237E-02,0.846602562796,-0.531189143078)
  );
#3249 = PCURVE('',#2891,#3250);
#3250 = DEFINITIONAL_REPRESENTATION('',(#3251),#3255);
#3251 = LINE('',#3252,#3253);
#3252 = CARTESIAN_POINT('',(-2.580365380899,-2.));
#3253 = VECTOR('',#3254,1.);
#3254 = DIRECTION('',(-1.,-0.));
#3255 = ( GEOMETRIC_REPRESENTATION_CONTEXT(2) 
PARAMETRIC_REPRESENTATION_CONTEXT() REPRESENTATION_CONTEXT('2D SPACE',''
  ) );
#3256 = PCURVE('',#2926,#3257);
#3257 = DEFINITIONAL_REPRESENTATION('',(#3258),#3262);
#3258 = CIRCLE('',#3259,4.);
#3259 = AXIS2_PLACEMENT_2D('',#3260,#3261);
#3260 = CARTESIAN_POINT('',(-1.418318019095E-14,-1.740327774012E-30));
#3261 = DIRECTION('',(0.532225610684,0.846602562796));
#3262 = ( GEOMETRIC_REPRESENTATION_CONTEXT(2) 
PARAMETRIC_REPRESENTATION_CONTEXT() REPRESENTATION_CONTEXT('2D SPACE',''
  ) );
#3263 = ORIENTED_EDGE('',*,*,#2871,.F.);
#3264 = ORIENTED_EDGE('',*,*,#3265,.F.);
#3265 = EDGE_CURVE('',#2843,#2841,#3266,.T.);
#3266 = SURFACE_CURVE('',#3267,(#3272,#3279),.PCURVE_S1.);
#3267 = CIRCLE('',#3268,4.);
#3268 = AXIS2_PLACEMENT_3D('',#3269,#3270,#3271);
#3269 = CARTESIAN_POINT('',(-25.,-86.25,14.));
#3270 = DIRECTION('',(0.998052578483,7.639136847624E-18,
    6.237828615518E-02));
#3271 = DIRECTION('',(0.,-1.,1.224646799147E-16));
#3272 = PCURVE('',#2891,#3273);
#3273 = DEFINITIONAL_REPRESENTATION('',(#3274),#3278);
#3274 = LINE('',#3275,#3276);
#3275 = CARTESIAN_POINT('',(-0.,0.));
#3276 = VECTOR('',#3277,1.);
#3277 = DIRECTION('',(-1.,0.));
#3278 = ( GEOMETRIC_REPRESENTATION_CONTEXT(2) 
PARAMETRIC_REPRESENTATION_CONTEXT() REPRESENTATION_CONTEXT('2D SPACE',''
  ) );
#3279 = PCURVE('',#3226,#3280);
#3280 = DEFINITIONAL_REPRESENTATION('',(#3281),#3285);
#3281 = CIRCLE('',#3282,4.);
#3282 = AXIS2_PLACEMENT_2D('',#3283,#3284);
#3283 = CARTESIAN_POINT('',(1.772897523869E-14,2.175409717515E-30));
#3284 = DIRECTION('',(0.,-1.));
#3285 = ( GEOMETRIC_REPRESENTATION_CONTEXT(2) 
PARAMETRIC_REPRESENTATION_CONTEXT() REPRESENTATION_CONTEXT('2D SPACE',''
  ) );
#3286 = ORIENTED_EDGE('',*,*,#3100,.F.);
#3287 = ADVANCED_FACE('',(#3288),#2926,.T.);
#3288 = FACE_BOUND('',#3289,.T.);
#3289 = EDGE_LOOP('',(#3290,#3291,#3292,#3293,#3294));
#3290 = ORIENTED_EDGE('',*,*,#3185,.T.);
#3291 = ORIENTED_EDGE('',*,*,#3138,.T.);
#3292 = ORIENTED_EDGE('',*,*,#2906,.F.);
#3293 = ORIENTED_EDGE('',*,*,#3242,.F.);
#3294 = ORIENTED_EDGE('',*,*,#3073,.F.);
#3295 = ADVANCED_FACE('',(#3296),#3226,.T.);
#3296 = FACE_BOUND('',#3297,.T.);
#3297 = EDGE_LOOP('',(#3298,#3299));
#3298 = ORIENTED_EDGE('',*,*,#3265,.T.);
#3299 = ORIENTED_EDGE('',*,*,#3212,.F.);
#3300 = ( GEOMETRIC_REPRESENTATION_CONTEXT(3) 
GLOBAL_UNCERTAINTY_ASSIGNED_CONTEXT((#3304)) 
GLOBAL_UNIT_ASSIGNED_CONTEXT((#3301,#3302,#3303)) REPRESENTATION_CONTEXT
('Context #1','3D Context with UNIT and UNCERTAINTY') );
#3301 = ( LENGTH_UNIT() NAMED_UNIT(*) SI_UNIT(.MILLI.,.METRE.) );
#3302 = ( NAMED_UNIT(*) PLANE_ANGLE_UNIT() SI_UNIT($,.RADIAN.) );
#3303 = ( NAMED_UNIT(*) SI_UNIT($,.STERADIAN.) SOLID_ANGLE_UNIT() );
#3304 = UNCERTAINTY_MEASURE_WITH_UNIT(LENGTH_MEASURE(1.E-07),#3301,
  'distance_accuracy_value','confusion accuracy');
#3305 = PRODUCT_RELATED_PRODUCT_CATEGORY('part',$,(#7));
ENDSEC;
END-ISO-10303-21;
