ISO-10303-21;
HEADER;
FILE_DESCRIPTION(('Open CASCADE Model'),'2;1');
FILE_NAME('Open CASCADE Shape Model','2026-10-08T09:40:17',('Author'),(
    'Open CASCADE'),'Open CASCADE STEP processor 7.9','Open CASCADE 7.9'
  ,'Unknown');
FILE_SCHEMA(('AUTOMOTIVE_DESIGN { 1 0 10303 214 1 1 1 1 }'));
ENDSEC;
DATA;
#1 = APPLICATION_PROTOCOL_DEFINITION('international standard',
  'automotive_design',2000,#2);
#2 = APPLICATION_CONTEXT(
  'core data for automotive mechanical design processes');
#3 = SHAPE_DEFINITION_REPRESENTATION(#4,#10);
#4 = PRODUCT_DEFINITION_SHAPE('','',#5);
#5 = PRODUCT_DEFINITION('design','',#6,#9);
#6 = PRODUCT_DEFINITION_FORMATION('','',#7);
#7 = PRODUCT('Open CASCADE STEP translator 7.9 1',
  'Open CASCADE STEP translator 7.9 1','',(#8));
#8 = PRODUCT_CONTEXT('',#2,'mechanical');
#9 = PRODUCT_DEFINITION_CONTEXT('part definition',#2,'design');
#10 = ADVANCED_BREP_SHAPE_REPRESENTATION('',(#11,#15),#17063);
#11 = AXIS2_PLACEMENT_3D('',#12,#13,#14);
#12 = CARTESIAN_POINT('',(0.,0.,0.));
#13 = DIRECTION('',(0.,0.,1.));
#14 = DIRECTION('',(1.,0.,-0.));
#15 = MANIFOLD_SOLID_BREP('',#16);
#16 = CLOSED_SHELL('',(#17,#105,#884,#1326,#1579,#1936,#2268,#2380,#2632
    ,#2964,#3291,#3456,#3699,#4026,#4358,#4527,#4770,#5127,#5429,#5541,
    #5896,#6139,#6466,#6798,#6910,#7148,#7475,#7777,#7889,#8117,#8248,
    #8352,#8401,#8606,#8671,#8791,#8849,#9354,#9408,#9465,#9498,#9618,
    #9676,#9796,#9854,#9974,#10032,#10152,#10210,#10325,#10378,#10431,
    #10484,#10537,#10590,#10598,#10605,#10658,#10688,#10741,#10795,
    #10825,#10878,#10931,#10984,#11037,#11090,#11143,#11196,#11249,
    #11302,#11356,#11363,#11370,#11425,#11478,#11583,#11636,#11689,
    #11742,#11795,#11848,#11953,#12058,#12163,#12268,#12373,#12480,
    #12508,#12513,#12568,#12621,#12674,#12729,#12782,#12835,#12888,
    #12941,#12994,#13047,#13100,#13153,#13206,#13259,#13287,#13365,
    #13414,#13465,#13495,#13522,#13598,#13648,#13697,#13725,#13780,
    #13833,#13886,#13939,#13992,#14045,#14098,#14151,#14204,#14257,
    #14310,#14363,#14416,#14471,#14499,#14554,#14607,#14660,#14713,
    #14766,#14819,#14872,#14900,#14956,#15902,#15935,#15988,#16041,
    #16094,#16127,#16160,#16193,#16240,#16267,#16294,#16305,#16338,
    #16367,#16394,#16421,#16448,#16455,#16482,#16515,#16568,#16581,
    #16614,#16647,#16700,#16713,#16746,#16779,#16832,#16845,#16878,
    #16911,#16944,#16957,#16990,#17023,#17036,#17049,#17056));
#17 = ADVANCED_FACE('',(#18),#32,.T.);
#18 = FACE_BOUND('',#19,.F.);
#19 = EDGE_LOOP('',(#20,#50,#77,#78));
#20 = ORIENTED_EDGE('',*,*,#21,.T.);
#21 = EDGE_CURVE('',#22,#24,#26,.T.);
#22 = VERTEX_POINT('',#23);
#23 = CARTESIAN_POINT('',(46.75,0.,0.));
#24 = VERTEX_POINT('',#25);
#25 = CARTESIAN_POINT('',(46.75,0.,2.));
#26 = SEAM_CURVE('',#27,(#31,#43),.PCURVE_S1.);
#27 = LINE('',#28,#29);
#28 = CARTESIAN_POINT('',(46.75,0.,0.));
#29 = VECTOR('',#30,1.);
#30 = DIRECTION('',(0.,0.,1.));
#31 = PCURVE('',#32,#37);
#32 = CYLINDRICAL_SURFACE('',#33,46.75);
#33 = AXIS2_PLACEMENT_3D('',#34,#35,#36);
#34 = CARTESIAN_POINT('',(0.,0.,0.));
#35 = DIRECTION('',(-0.,-0.,-1.));
#36 = DIRECTION('',(1.,0.,0.));
#37 = DEFINITIONAL_REPRESENTATION('',(#38),#42);
#38 = LINE('',#39,#40);
#39 = CARTESIAN_POINT('',(-0.,0.));
#40 = VECTOR('',#41,1.);
#41 = DIRECTION('',(-0.,-1.));
#42 = ( GEOMETRIC_REPRESENTATION_CONTEXT(2) 
PARAMETRIC_REPRESENTATION_CONTEXT() REPRESENTATION_CONTEXT('2D SPACE',''
  ) );
#43 = PCURVE('',#32,#44);
#44 = DEFINITIONAL_REPRESENTATION('',(#45),#49);
#45 = LINE('',#46,#47);
#46 = CARTESIAN_POINT('',(-6.28318530718,0.));
#47 = VECTOR('',#48,1.);
#48 = DIRECTION('',(-0.,-1.));
#49 = ( GEOMETRIC_REPRESENTATION_CONTEXT(2) 
PARAMETRIC_REPRESENTATION_CONTEXT() REPRESENTATION_CONTEXT('2D SPACE',''
  ) );
#50 = ORIENTED_EDGE('',*,*,#51,.T.);
#51 = EDGE_CURVE('',#24,#24,#52,.T.);
#52 = SURFACE_CURVE('',#53,(#58,#65),.PCURVE_S1.);
#53 = CIRCLE('',#54,46.75);
#54 = AXIS2_PLACEMENT_3D('',#55,#56,#57);
#55 = CARTESIAN_POINT('',(0.,0.,2.));
#56 = DIRECTION('',(0.,0.,1.));
#57 = DIRECTION('',(1.,0.,0.));
#58 = PCURVE('',#32,#59);
#59 = DEFINITIONAL_REPRESENTATION('',(#60),#64);
#60 = LINE('',#61,#62);
#61 = CARTESIAN_POINT('',(-0.,-2.));
#62 = VECTOR('',#63,1.);
#63 = DIRECTION('',(-1.,0.));
#64 = ( GEOMETRIC_REPRESENTATION_CONTEXT(2) 
PARAMETRIC_REPRESENTATION_CONTEXT() REPRESENTATION_CONTEXT('2D SPACE',''
  ) );
#65 = PCURVE('',#66,#71);
#66 = PLANE('',#67);
#67 = AXIS2_PLACEMENT_3D('',#68,#69,#70);
#68 = CARTESIAN_POINT('',(-2.808005405856E-15,3.707602883041E-15,2.));
#69 = DIRECTION('',(0.,0.,1.));
#70 = DIRECTION('',(1.,0.,-0.));
#71 = DEFINITIONAL_REPRESENTATION('',(#72),#76);
#72 = CIRCLE('',#73,46.75);
#73 = AXIS2_PLACEMENT_2D('',#74,#75);
#74 = CARTESIAN_POINT('',(2.808005405856E-15,-3.707602883041E-15));
#75 = DIRECTION('',(1.,0.));
#76 = ( GEOMETRIC_REPRESENTATION_CONTEXT(2) 
PARAMETRIC_REPRESENTATION_CONTEXT() REPRESENTATION_CONTEXT('2D SPACE',''
  ) );
#77 = ORIENTED_EDGE('',*,*,#21,.F.);
#78 = ORIENTED_EDGE('',*,*,#79,.F.);
#79 = EDGE_CURVE('',#22,#22,#80,.T.);
#80 = SURFACE_CURVE('',#81,(#86,#93),.PCURVE_S1.);
#81 = CIRCLE('',#82,46.75);
#82 = AXIS2_PLACEMENT_3D('',#83,#84,#85);
#83 = CARTESIAN_POINT('',(0.,0.,0.));
#84 = DIRECTION('',(0.,0.,1.));
#85 = DIRECTION('',(1.,0.,0.));
#86 = PCURVE('',#32,#87);
#87 = DEFINITIONAL_REPRESENTATION('',(#88),#92);
#88 = LINE('',#89,#90);
#89 = CARTESIAN_POINT('',(-0.,0.));
#90 = VECTOR('',#91,1.);
#91 = DIRECTION('',(-1.,0.));
#92 = ( GEOMETRIC_REPRESENTATION_CONTEXT(2) 
PARAMETRIC_REPRESENTATION_CONTEXT() REPRESENTATION_CONTEXT('2D SPACE',''
  ) );
#93 = PCURVE('',#94,#99);
#94 = PLANE('',#95);
#95 = AXIS2_PLACEMENT_3D('',#96,#97,#98);
#96 = CARTESIAN_POINT('',(-2.808005405856E-15,3.707602883041E-15,0.));
#97 = DIRECTION('',(0.,0.,1.));
#98 = DIRECTION('',(1.,0.,-0.));
#99 = DEFINITIONAL_REPRESENTATION('',(#100),#104);
#100 = CIRCLE('',#101,46.75);
#101 = AXIS2_PLACEMENT_2D('',#102,#103);
#102 = CARTESIAN_POINT('',(2.808005405856E-15,-3.707602883041E-15));
#103 = DIRECTION('',(1.,0.));
#104 = ( GEOMETRIC_REPRESENTATION_CONTEXT(2) 
PARAMETRIC_REPRESENTATION_CONTEXT() REPRESENTATION_CONTEXT('2D SPACE',''
  ) );
#105 = ADVANCED_FACE('',(#106,#109,#233,#357,#481,#605,#636,#760),#94,
  .F.);
#106 = FACE_BOUND('',#107,.F.);
#107 = EDGE_LOOP('',(#108));
#108 = ORIENTED_EDGE('',*,*,#79,.T.);
#109 = FACE_BOUND('',#110,.F.);
#110 = EDGE_LOOP('',(#111,#146,#174,#207));
#111 = ORIENTED_EDGE('',*,*,#112,.T.);
#112 = EDGE_CURVE('',#113,#115,#117,.T.);
#113 = VERTEX_POINT('',#114);
#114 = CARTESIAN_POINT('',(-26.61473670974,-11.90192378864,0.));
#115 = VERTEX_POINT('',#116);
#116 = CARTESIAN_POINT('',(-23.61473670974,-17.09807621135,0.));
#117 = SURFACE_CURVE('',#118,(#123,#134),.PCURVE_S1.);
#118 = CIRCLE('',#119,3.);
#119 = AXIS2_PLACEMENT_3D('',#120,#121,#122);
#120 = CARTESIAN_POINT('',(-25.11473670974,-14.5,0.));
#121 = DIRECTION('',(0.,0.,-1.));
#122 = DIRECTION('',(-0.5,0.866025403784,0.));
#123 = PCURVE('',#94,#124);
#124 = DEFINITIONAL_REPRESENTATION('',(#125),#133);
#125 = ( BOUNDED_CURVE() B_SPLINE_CURVE(2,(#126,#127,#128,#129,#130,#131
,#132),.UNSPECIFIED.,.T.,.F.) B_SPLINE_CURVE_WITH_KNOTS((1,2,2,2,2,1),(
    -2.094395102393,0.,2.094395102393,4.188790204786,6.28318530718,
8.377580409573),.UNSPECIFIED.) CURVE() GEOMETRIC_REPRESENTATION_ITEM() 
RATIONAL_B_SPLINE_CURVE((1.,0.5,1.,0.5,1.,0.5,1.)) REPRESENTATION_ITEM(
  '') );
#126 = CARTESIAN_POINT('',(-26.61473670974,-11.90192378864));
#127 = CARTESIAN_POINT('',(-22.11473670974,-9.303847577293));
#128 = CARTESIAN_POINT('',(-22.11473670974,-14.5));
#129 = CARTESIAN_POINT('',(-22.11473670974,-19.6961524227));
#130 = CARTESIAN_POINT('',(-26.61473670974,-17.09807621135));
#131 = CARTESIAN_POINT('',(-31.11473670974,-14.5));
#132 = CARTESIAN_POINT('',(-26.61473670974,-11.90192378864));
#133 = ( GEOMETRIC_REPRESENTATION_CONTEXT(2) 
PARAMETRIC_REPRESENTATION_CONTEXT() REPRESENTATION_CONTEXT('2D SPACE',''
  ) );
#134 = PCURVE('',#135,#140);
#135 = CYLINDRICAL_SURFACE('',#136,3.);
#136 = AXIS2_PLACEMENT_3D('',#137,#138,#139);
#137 = CARTESIAN_POINT('',(-25.11473670974,-14.5,0.));
#138 = DIRECTION('',(-0.,0.,-1.));
#139 = DIRECTION('',(-0.5,0.866025403784,0.));
#140 = DEFINITIONAL_REPRESENTATION('',(#141),#145);
#141 = LINE('',#142,#143);
#142 = CARTESIAN_POINT('',(0.,0.));
#143 = VECTOR('',#144,1.);
#144 = DIRECTION('',(1.,0.));
#145 = ( GEOMETRIC_REPRESENTATION_CONTEXT(2) 
PARAMETRIC_REPRESENTATION_CONTEXT() REPRESENTATION_CONTEXT('2D SPACE',''
  ) );
#146 = ORIENTED_EDGE('',*,*,#147,.T.);
#147 = EDGE_CURVE('',#115,#148,#150,.T.);
#148 = VERTEX_POINT('',#149);
#149 = CARTESIAN_POINT('',(-34.2235479061,-23.22307621135,0.));
#150 = SURFACE_CURVE('',#151,(#155,#162),.PCURVE_S1.);
#151 = LINE('',#152,#153);
#152 = CARTESIAN_POINT('',(-23.61473670974,-17.09807621135,0.));
#153 = VECTOR('',#154,1.);
#154 = DIRECTION('',(-0.866025403784,-0.5,0.));
#155 = PCURVE('',#94,#156);
#156 = DEFINITIONAL_REPRESENTATION('',(#157),#161);
#157 = LINE('',#158,#159);
#158 = CARTESIAN_POINT('',(-23.61473670974,-17.09807621135));
#159 = VECTOR('',#160,1.);
#160 = DIRECTION('',(-0.866025403784,-0.5));
#161 = ( GEOMETRIC_REPRESENTATION_CONTEXT(2) 
PARAMETRIC_REPRESENTATION_CONTEXT() REPRESENTATION_CONTEXT('2D SPACE',''
  ) );
#162 = PCURVE('',#163,#168);
#163 = PLANE('',#164);
#164 = AXIS2_PLACEMENT_3D('',#165,#166,#167);
#165 = CARTESIAN_POINT('',(-23.61473670974,-17.09807621135,0.));
#166 = DIRECTION('',(0.5,-0.866025403784,0.));
#167 = DIRECTION('',(-0.866025403784,-0.5,0.));
#168 = DEFINITIONAL_REPRESENTATION('',(#169),#173);
#169 = LINE('',#170,#171);
#170 = CARTESIAN_POINT('',(0.,0.));
#171 = VECTOR('',#172,1.);
#172 = DIRECTION('',(1.,0.));
#173 = ( GEOMETRIC_REPRESENTATION_CONTEXT(2) 
PARAMETRIC_REPRESENTATION_CONTEXT() REPRESENTATION_CONTEXT('2D SPACE',''
  ) );
#174 = ORIENTED_EDGE('',*,*,#175,.T.);
#175 = EDGE_CURVE('',#148,#176,#178,.T.);
#176 = VERTEX_POINT('',#177);
#177 = CARTESIAN_POINT('',(-37.2235479061,-18.02692378864,0.));
#178 = SURFACE_CURVE('',#179,(#184,#195),.PCURVE_S1.);
#179 = CIRCLE('',#180,3.);
#180 = AXIS2_PLACEMENT_3D('',#181,#182,#183);
#181 = CARTESIAN_POINT('',(-35.7235479061,-20.625,0.));
#182 = DIRECTION('',(0.,-0.,-1.));
#183 = DIRECTION('',(0.5,-0.866025403784,0.));
#184 = PCURVE('',#94,#185);
#185 = DEFINITIONAL_REPRESENTATION('',(#186),#194);
#186 = ( BOUNDED_CURVE() B_SPLINE_CURVE(2,(#187,#188,#189,#190,#191,#192
,#193),.UNSPECIFIED.,.T.,.F.) B_SPLINE_CURVE_WITH_KNOTS((1,2,2,2,2,1),(
    -2.094395102393,0.,2.094395102393,4.188790204786,6.28318530718,
8.377580409573),.UNSPECIFIED.) CURVE() GEOMETRIC_REPRESENTATION_ITEM() 
RATIONAL_B_SPLINE_CURVE((1.,0.5,1.,0.5,1.,0.5,1.)) REPRESENTATION_ITEM(
  '') );
#187 = CARTESIAN_POINT('',(-34.2235479061,-23.22307621135));
#188 = CARTESIAN_POINT('',(-38.7235479061,-25.8211524227));
#189 = CARTESIAN_POINT('',(-38.7235479061,-20.625));
#190 = CARTESIAN_POINT('',(-38.7235479061,-15.42884757729));
#191 = CARTESIAN_POINT('',(-34.2235479061,-18.02692378864));
#192 = CARTESIAN_POINT('',(-29.7235479061,-20.625));
#193 = CARTESIAN_POINT('',(-34.2235479061,-23.22307621135));
#194 = ( GEOMETRIC_REPRESENTATION_CONTEXT(2) 
PARAMETRIC_REPRESENTATION_CONTEXT() REPRESENTATION_CONTEXT('2D SPACE',''
  ) );
#195 = PCURVE('',#196,#201);
#196 = CYLINDRICAL_SURFACE('',#197,3.);
#197 = AXIS2_PLACEMENT_3D('',#198,#199,#200);
#198 = CARTESIAN_POINT('',(-35.7235479061,-20.625,0.));
#199 = DIRECTION('',(0.,-0.,-1.));
#200 = DIRECTION('',(0.5,-0.866025403784,0.));
#201 = DEFINITIONAL_REPRESENTATION('',(#202),#206);
#202 = LINE('',#203,#204);
#203 = CARTESIAN_POINT('',(0.,0.));
#204 = VECTOR('',#205,1.);
#205 = DIRECTION('',(1.,0.));
#206 = ( GEOMETRIC_REPRESENTATION_CONTEXT(2) 
PARAMETRIC_REPRESENTATION_CONTEXT() REPRESENTATION_CONTEXT('2D SPACE',''
  ) );
#207 = ORIENTED_EDGE('',*,*,#208,.T.);
#208 = EDGE_CURVE('',#176,#113,#209,.T.);
#209 = SURFACE_CURVE('',#210,(#214,#221),.PCURVE_S1.);
#210 = LINE('',#211,#212);
#211 = CARTESIAN_POINT('',(-37.2235479061,-18.02692378864,0.));
#212 = VECTOR('',#213,1.);
#213 = DIRECTION('',(0.866025403784,0.5,0.));
#214 = PCURVE('',#94,#215);
#215 = DEFINITIONAL_REPRESENTATION('',(#216),#220);
#216 = LINE('',#217,#218);
#217 = CARTESIAN_POINT('',(-37.2235479061,-18.02692378864));
#218 = VECTOR('',#219,1.);
#219 = DIRECTION('',(0.866025403784,0.5));
#220 = ( GEOMETRIC_REPRESENTATION_CONTEXT(2) 
PARAMETRIC_REPRESENTATION_CONTEXT() REPRESENTATION_CONTEXT('2D SPACE',''
  ) );
#221 = PCURVE('',#222,#227);
#222 = PLANE('',#223);
#223 = AXIS2_PLACEMENT_3D('',#224,#225,#226);
#224 = CARTESIAN_POINT('',(-37.2235479061,-18.02692378864,0.));
#225 = DIRECTION('',(-0.5,0.866025403784,0.));
#226 = DIRECTION('',(0.866025403784,0.5,0.));
#227 = DEFINITIONAL_REPRESENTATION('',(#228),#232);
#228 = LINE('',#229,#230);
#229 = CARTESIAN_POINT('',(0.,0.));
#230 = VECTOR('',#231,1.);
#231 = DIRECTION('',(1.,0.));
#232 = ( GEOMETRIC_REPRESENTATION_CONTEXT(2) 
PARAMETRIC_REPRESENTATION_CONTEXT() REPRESENTATION_CONTEXT('2D SPACE',''
  ) );
#233 = FACE_BOUND('',#234,.F.);
#234 = EDGE_LOOP('',(#235,#270,#298,#331));
#235 = ORIENTED_EDGE('',*,*,#236,.T.);
#236 = EDGE_CURVE('',#237,#239,#241,.T.);
#237 = VERTEX_POINT('',#238);
#238 = CARTESIAN_POINT('',(-3.,-29.,0.));
#239 = VERTEX_POINT('',#240);
#240 = CARTESIAN_POINT('',(3.,-29.,0.));
#241 = SURFACE_CURVE('',#242,(#247,#258),.PCURVE_S1.);
#242 = CIRCLE('',#243,3.);
#243 = AXIS2_PLACEMENT_3D('',#244,#245,#246);
#244 = CARTESIAN_POINT('',(-6.439293542826E-15,-29.,0.));
#245 = DIRECTION('',(0.,0.,-1.));
#246 = DIRECTION('',(-1.,2.22044604925E-16,0.));
#247 = PCURVE('',#94,#248);
#248 = DEFINITIONAL_REPRESENTATION('',(#249),#257);
#249 = ( BOUNDED_CURVE() B_SPLINE_CURVE(2,(#250,#251,#252,#253,#254,#255
,#256),.UNSPECIFIED.,.T.,.F.) B_SPLINE_CURVE_WITH_KNOTS((1,2,2,2,2,1),(
    -2.094395102393,0.,2.094395102393,4.188790204786,6.28318530718,
8.377580409573),.UNSPECIFIED.) CURVE() GEOMETRIC_REPRESENTATION_ITEM() 
RATIONAL_B_SPLINE_CURVE((1.,0.5,1.,0.5,1.,0.5,1.)) REPRESENTATION_ITEM(
  '') );
#250 = CARTESIAN_POINT('',(-3.,-29.));
#251 = CARTESIAN_POINT('',(-3.,-23.80384757729));
#252 = CARTESIAN_POINT('',(1.5,-26.40192378864));
#253 = CARTESIAN_POINT('',(6.,-29.));
#254 = CARTESIAN_POINT('',(1.5,-31.59807621135));
#255 = CARTESIAN_POINT('',(-3.,-34.1961524227));
#256 = CARTESIAN_POINT('',(-3.,-29.));
#257 = ( GEOMETRIC_REPRESENTATION_CONTEXT(2) 
PARAMETRIC_REPRESENTATION_CONTEXT() REPRESENTATION_CONTEXT('2D SPACE',''
  ) );
#258 = PCURVE('',#259,#264);
#259 = CYLINDRICAL_SURFACE('',#260,3.);
#260 = AXIS2_PLACEMENT_3D('',#261,#262,#263);
#261 = CARTESIAN_POINT('',(-6.439293542826E-15,-29.,0.));
#262 = DIRECTION('',(-0.,0.,-1.));
#263 = DIRECTION('',(-1.,2.22044604925E-16,0.));
#264 = DEFINITIONAL_REPRESENTATION('',(#265),#269);
#265 = LINE('',#266,#267);
#266 = CARTESIAN_POINT('',(0.,0.));
#267 = VECTOR('',#268,1.);
#268 = DIRECTION('',(1.,0.));
#269 = ( GEOMETRIC_REPRESENTATION_CONTEXT(2) 
PARAMETRIC_REPRESENTATION_CONTEXT() REPRESENTATION_CONTEXT('2D SPACE',''
  ) );
#270 = ORIENTED_EDGE('',*,*,#271,.T.);
#271 = EDGE_CURVE('',#239,#272,#274,.T.);
#272 = VERTEX_POINT('',#273);
#273 = CARTESIAN_POINT('',(3.,-41.25,0.));
#274 = SURFACE_CURVE('',#275,(#279,#286),.PCURVE_S1.);
#275 = LINE('',#276,#277);
#276 = CARTESIAN_POINT('',(3.,-29.,0.));
#277 = VECTOR('',#278,1.);
#278 = DIRECTION('',(-2.22044604925E-16,-1.,0.));
#279 = PCURVE('',#94,#280);
#280 = DEFINITIONAL_REPRESENTATION('',(#281),#285);
#281 = LINE('',#282,#283);
#282 = CARTESIAN_POINT('',(3.,-29.));
#283 = VECTOR('',#284,1.);
#284 = DIRECTION('',(-2.22044604925E-16,-1.));
#285 = ( GEOMETRIC_REPRESENTATION_CONTEXT(2) 
PARAMETRIC_REPRESENTATION_CONTEXT() REPRESENTATION_CONTEXT('2D SPACE',''
  ) );
#286 = PCURVE('',#287,#292);
#287 = PLANE('',#288);
#288 = AXIS2_PLACEMENT_3D('',#289,#290,#291);
#289 = CARTESIAN_POINT('',(3.,-29.,0.));
#290 = DIRECTION('',(1.,-2.22044604925E-16,0.));
#291 = DIRECTION('',(-2.22044604925E-16,-1.,0.));
#292 = DEFINITIONAL_REPRESENTATION('',(#293),#297);
#293 = LINE('',#294,#295);
#294 = CARTESIAN_POINT('',(0.,0.));
#295 = VECTOR('',#296,1.);
#296 = DIRECTION('',(1.,0.));
#297 = ( GEOMETRIC_REPRESENTATION_CONTEXT(2) 
PARAMETRIC_REPRESENTATION_CONTEXT() REPRESENTATION_CONTEXT('2D SPACE',''
  ) );
#298 = ORIENTED_EDGE('',*,*,#299,.T.);
#299 = EDGE_CURVE('',#272,#300,#302,.T.);
#300 = VERTEX_POINT('',#301);
#301 = CARTESIAN_POINT('',(-3.,-41.25,0.));
#302 = SURFACE_CURVE('',#303,(#308,#319),.PCURVE_S1.);
#303 = CIRCLE('',#304,3.);
#304 = AXIS2_PLACEMENT_3D('',#305,#306,#307);
#305 = CARTESIAN_POINT('',(-9.159339953158E-15,-41.25,0.));
#306 = DIRECTION('',(0.,-0.,-1.));
#307 = DIRECTION('',(1.,-2.22044604925E-16,0.));
#308 = PCURVE('',#94,#309);
#309 = DEFINITIONAL_REPRESENTATION('',(#310),#318);
#310 = ( BOUNDED_CURVE() B_SPLINE_CURVE(2,(#311,#312,#313,#314,#315,#316
,#317),.UNSPECIFIED.,.T.,.F.) B_SPLINE_CURVE_WITH_KNOTS((1,2,2,2,2,1),(
    -2.094395102393,0.,2.094395102393,4.188790204786,6.28318530718,
8.377580409573),.UNSPECIFIED.) CURVE() GEOMETRIC_REPRESENTATION_ITEM() 
RATIONAL_B_SPLINE_CURVE((1.,0.5,1.,0.5,1.,0.5,1.)) REPRESENTATION_ITEM(
  '') );
#311 = CARTESIAN_POINT('',(3.,-41.25));
#312 = CARTESIAN_POINT('',(3.,-46.4461524227));
#313 = CARTESIAN_POINT('',(-1.5,-43.84807621135));
#314 = CARTESIAN_POINT('',(-6.,-41.25));
#315 = CARTESIAN_POINT('',(-1.5,-38.65192378864));
#316 = CARTESIAN_POINT('',(3.,-36.05384757729));
#317 = CARTESIAN_POINT('',(3.,-41.25));
#318 = ( GEOMETRIC_REPRESENTATION_CONTEXT(2) 
PARAMETRIC_REPRESENTATION_CONTEXT() REPRESENTATION_CONTEXT('2D SPACE',''
  ) );
#319 = PCURVE('',#320,#325);
#320 = CYLINDRICAL_SURFACE('',#321,3.);
#321 = AXIS2_PLACEMENT_3D('',#322,#323,#324);
#322 = CARTESIAN_POINT('',(-9.159339953158E-15,-41.25,0.));
#323 = DIRECTION('',(0.,-0.,-1.));
#324 = DIRECTION('',(1.,-2.22044604925E-16,0.));
#325 = DEFINITIONAL_REPRESENTATION('',(#326),#330);
#326 = LINE('',#327,#328);
#327 = CARTESIAN_POINT('',(0.,0.));
#328 = VECTOR('',#329,1.);
#329 = DIRECTION('',(1.,0.));
#330 = ( GEOMETRIC_REPRESENTATION_CONTEXT(2) 
PARAMETRIC_REPRESENTATION_CONTEXT() REPRESENTATION_CONTEXT('2D SPACE',''
  ) );
#331 = ORIENTED_EDGE('',*,*,#332,.T.);
#332 = EDGE_CURVE('',#300,#237,#333,.T.);
#333 = SURFACE_CURVE('',#334,(#338,#345),.PCURVE_S1.);
#334 = LINE('',#335,#336);
#335 = CARTESIAN_POINT('',(-3.,-41.25,0.));
#336 = VECTOR('',#337,1.);
#337 = DIRECTION('',(2.22044604925E-16,1.,0.));
#338 = PCURVE('',#94,#339);
#339 = DEFINITIONAL_REPRESENTATION('',(#340),#344);
#340 = LINE('',#341,#342);
#341 = CARTESIAN_POINT('',(-3.,-41.25));
#342 = VECTOR('',#343,1.);
#343 = DIRECTION('',(2.22044604925E-16,1.));
#344 = ( GEOMETRIC_REPRESENTATION_CONTEXT(2) 
PARAMETRIC_REPRESENTATION_CONTEXT() REPRESENTATION_CONTEXT('2D SPACE',''
  ) );
#345 = PCURVE('',#346,#351);
#346 = PLANE('',#347);
#347 = AXIS2_PLACEMENT_3D('',#348,#349,#350);
#348 = CARTESIAN_POINT('',(-3.,-41.25,0.));
#349 = DIRECTION('',(-1.,2.22044604925E-16,0.));
#350 = DIRECTION('',(2.22044604925E-16,1.,0.));
#351 = DEFINITIONAL_REPRESENTATION('',(#352),#356);
#352 = LINE('',#353,#354);
#353 = CARTESIAN_POINT('',(0.,0.));
#354 = VECTOR('',#355,1.);
#355 = DIRECTION('',(1.,0.));
#356 = ( GEOMETRIC_REPRESENTATION_CONTEXT(2) 
PARAMETRIC_REPRESENTATION_CONTEXT() REPRESENTATION_CONTEXT('2D SPACE',''
  ) );
#357 = FACE_BOUND('',#358,.F.);
#358 = EDGE_LOOP('',(#359,#394,#422,#455));
#359 = ORIENTED_EDGE('',*,*,#360,.T.);
#360 = EDGE_CURVE('',#361,#363,#365,.T.);
#361 = VERTEX_POINT('',#362);
#362 = CARTESIAN_POINT('',(23.614736709749,-17.09807621135,0.));
#363 = VERTEX_POINT('',#364);
#364 = CARTESIAN_POINT('',(26.614736709749,-11.90192378864,0.));
#365 = SURFACE_CURVE('',#366,(#371,#382),.PCURVE_S1.);
#366 = CIRCLE('',#367,3.);
#367 = AXIS2_PLACEMENT_3D('',#368,#369,#370);
#368 = CARTESIAN_POINT('',(25.114736709749,-14.5,0.));
#369 = DIRECTION('',(-0.,0.,-1.));
#370 = DIRECTION('',(-0.5,-0.866025403784,0.));
#371 = PCURVE('',#94,#372);
#372 = DEFINITIONAL_REPRESENTATION('',(#373),#381);
#373 = ( BOUNDED_CURVE() B_SPLINE_CURVE(2,(#374,#375,#376,#377,#378,#379
,#380),.UNSPECIFIED.,.T.,.F.) B_SPLINE_CURVE_WITH_KNOTS((1,2,2,2,2,1),(
    -2.094395102393,0.,2.094395102393,4.188790204786,6.28318530718,
8.377580409573),.UNSPECIFIED.) CURVE() GEOMETRIC_REPRESENTATION_ITEM() 
RATIONAL_B_SPLINE_CURVE((1.,0.5,1.,0.5,1.,0.5,1.)) REPRESENTATION_ITEM(
  '') );
#374 = CARTESIAN_POINT('',(23.614736709749,-17.09807621135));
#375 = CARTESIAN_POINT('',(19.114736709749,-14.5));
#376 = CARTESIAN_POINT('',(23.614736709749,-11.90192378864));
#377 = CARTESIAN_POINT('',(28.114736709749,-9.303847577293));
#378 = CARTESIAN_POINT('',(28.114736709749,-14.5));
#379 = CARTESIAN_POINT('',(28.114736709749,-19.6961524227));
#380 = CARTESIAN_POINT('',(23.614736709749,-17.09807621135));
#381 = ( GEOMETRIC_REPRESENTATION_CONTEXT(2) 
PARAMETRIC_REPRESENTATION_CONTEXT() REPRESENTATION_CONTEXT('2D SPACE',''
  ) );
#382 = PCURVE('',#383,#388);
#383 = CYLINDRICAL_SURFACE('',#384,3.);
#384 = AXIS2_PLACEMENT_3D('',#385,#386,#387);
#385 = CARTESIAN_POINT('',(25.114736709749,-14.5,0.));
#386 = DIRECTION('',(0.,-0.,-1.));
#387 = DIRECTION('',(-0.5,-0.866025403784,0.));
#388 = DEFINITIONAL_REPRESENTATION('',(#389),#393);
#389 = LINE('',#390,#391);
#390 = CARTESIAN_POINT('',(0.,0.));
#391 = VECTOR('',#392,1.);
#392 = DIRECTION('',(1.,0.));
#393 = ( GEOMETRIC_REPRESENTATION_CONTEXT(2) 
PARAMETRIC_REPRESENTATION_CONTEXT() REPRESENTATION_CONTEXT('2D SPACE',''
  ) );
#394 = ORIENTED_EDGE('',*,*,#395,.T.);
#395 = EDGE_CURVE('',#363,#396,#398,.T.);
#396 = VERTEX_POINT('',#397);
#397 = CARTESIAN_POINT('',(37.223547906108,-18.02692378864,0.));
#398 = SURFACE_CURVE('',#399,(#403,#410),.PCURVE_S1.);
#399 = LINE('',#400,#401);
#400 = CARTESIAN_POINT('',(26.614736709749,-11.90192378864,0.));
#401 = VECTOR('',#402,1.);
#402 = DIRECTION('',(0.866025403784,-0.5,0.));
#403 = PCURVE('',#94,#404);
#404 = DEFINITIONAL_REPRESENTATION('',(#405),#409);
#405 = LINE('',#406,#407);
#406 = CARTESIAN_POINT('',(26.614736709749,-11.90192378864));
#407 = VECTOR('',#408,1.);
#408 = DIRECTION('',(0.866025403784,-0.5));
#409 = ( GEOMETRIC_REPRESENTATION_CONTEXT(2) 
PARAMETRIC_REPRESENTATION_CONTEXT() REPRESENTATION_CONTEXT('2D SPACE',''
  ) );
#410 = PCURVE('',#411,#416);
#411 = PLANE('',#412);
#412 = AXIS2_PLACEMENT_3D('',#413,#414,#415);
#413 = CARTESIAN_POINT('',(26.614736709749,-11.90192378864,0.));
#414 = DIRECTION('',(0.5,0.866025403784,0.));
#415 = DIRECTION('',(0.866025403784,-0.5,0.));
#416 = DEFINITIONAL_REPRESENTATION('',(#417),#421);
#417 = LINE('',#418,#419);
#418 = CARTESIAN_POINT('',(0.,0.));
#419 = VECTOR('',#420,1.);
#420 = DIRECTION('',(1.,0.));
#421 = ( GEOMETRIC_REPRESENTATION_CONTEXT(2) 
PARAMETRIC_REPRESENTATION_CONTEXT() REPRESENTATION_CONTEXT('2D SPACE',''
  ) );
#422 = ORIENTED_EDGE('',*,*,#423,.T.);
#423 = EDGE_CURVE('',#396,#424,#426,.T.);
#424 = VERTEX_POINT('',#425);
#425 = CARTESIAN_POINT('',(34.223547906108,-23.22307621135,0.));
#426 = SURFACE_CURVE('',#427,(#432,#443),.PCURVE_S1.);
#427 = CIRCLE('',#428,3.);
#428 = AXIS2_PLACEMENT_3D('',#429,#430,#431);
#429 = CARTESIAN_POINT('',(35.723547906108,-20.625,0.));
#430 = DIRECTION('',(0.,0.,-1.));
#431 = DIRECTION('',(0.5,0.866025403784,0.));
#432 = PCURVE('',#94,#433);
#433 = DEFINITIONAL_REPRESENTATION('',(#434),#442);
#434 = ( BOUNDED_CURVE() B_SPLINE_CURVE(2,(#435,#436,#437,#438,#439,#440
,#441),.UNSPECIFIED.,.T.,.F.) B_SPLINE_CURVE_WITH_KNOTS((1,2,2,2,2,1),(
    -2.094395102393,0.,2.094395102393,4.188790204786,6.28318530718,
8.377580409573),.UNSPECIFIED.) CURVE() GEOMETRIC_REPRESENTATION_ITEM() 
RATIONAL_B_SPLINE_CURVE((1.,0.5,1.,0.5,1.,0.5,1.)) REPRESENTATION_ITEM(
  '') );
#435 = CARTESIAN_POINT('',(37.223547906108,-18.02692378864));
#436 = CARTESIAN_POINT('',(41.723547906108,-20.625));
#437 = CARTESIAN_POINT('',(37.223547906108,-23.22307621135));
#438 = CARTESIAN_POINT('',(32.723547906108,-25.8211524227));
#439 = CARTESIAN_POINT('',(32.723547906108,-20.625));
#440 = CARTESIAN_POINT('',(32.723547906108,-15.42884757729));
#441 = CARTESIAN_POINT('',(37.223547906108,-18.02692378864));
#442 = ( GEOMETRIC_REPRESENTATION_CONTEXT(2) 
PARAMETRIC_REPRESENTATION_CONTEXT() REPRESENTATION_CONTEXT('2D SPACE',''
  ) );
#443 = PCURVE('',#444,#449);
#444 = CYLINDRICAL_SURFACE('',#445,3.);
#445 = AXIS2_PLACEMENT_3D('',#446,#447,#448);
#446 = CARTESIAN_POINT('',(35.723547906108,-20.625,0.));
#447 = DIRECTION('',(0.,0.,-1.));
#448 = DIRECTION('',(0.5,0.866025403784,0.));
#449 = DEFINITIONAL_REPRESENTATION('',(#450),#454);
#450 = LINE('',#451,#452);
#451 = CARTESIAN_POINT('',(0.,0.));
#452 = VECTOR('',#453,1.);
#453 = DIRECTION('',(1.,0.));
#454 = ( GEOMETRIC_REPRESENTATION_CONTEXT(2) 
PARAMETRIC_REPRESENTATION_CONTEXT() REPRESENTATION_CONTEXT('2D SPACE',''
  ) );
#455 = ORIENTED_EDGE('',*,*,#456,.T.);
#456 = EDGE_CURVE('',#424,#361,#457,.T.);
#457 = SURFACE_CURVE('',#458,(#462,#469),.PCURVE_S1.);
#458 = LINE('',#459,#460);
#459 = CARTESIAN_POINT('',(34.223547906108,-23.22307621135,0.));
#460 = VECTOR('',#461,1.);
#461 = DIRECTION('',(-0.866025403784,0.5,0.));
#462 = PCURVE('',#94,#463);
#463 = DEFINITIONAL_REPRESENTATION('',(#464),#468);
#464 = LINE('',#465,#466);
#465 = CARTESIAN_POINT('',(34.223547906108,-23.22307621135));
#466 = VECTOR('',#467,1.);
#467 = DIRECTION('',(-0.866025403784,0.5));
#468 = ( GEOMETRIC_REPRESENTATION_CONTEXT(2) 
PARAMETRIC_REPRESENTATION_CONTEXT() REPRESENTATION_CONTEXT('2D SPACE',''
  ) );
#469 = PCURVE('',#470,#475);
#470 = PLANE('',#471);
#471 = AXIS2_PLACEMENT_3D('',#472,#473,#474);
#472 = CARTESIAN_POINT('',(34.223547906108,-23.22307621135,0.));
#473 = DIRECTION('',(-0.5,-0.866025403784,0.));
#474 = DIRECTION('',(-0.866025403784,0.5,0.));
#475 = DEFINITIONAL_REPRESENTATION('',(#476),#480);
#476 = LINE('',#477,#478);
#477 = CARTESIAN_POINT('',(0.,0.));
#478 = VECTOR('',#479,1.);
#479 = DIRECTION('',(1.,0.));
#480 = ( GEOMETRIC_REPRESENTATION_CONTEXT(2) 
PARAMETRIC_REPRESENTATION_CONTEXT() REPRESENTATION_CONTEXT('2D SPACE',''
  ) );
#481 = FACE_BOUND('',#482,.F.);
#482 = EDGE_LOOP('',(#483,#518,#546,#579));
#483 = ORIENTED_EDGE('',*,*,#484,.T.);
#484 = EDGE_CURVE('',#485,#487,#489,.T.);
#485 = VERTEX_POINT('',#486);
#486 = CARTESIAN_POINT('',(-23.61473670974,17.098076211353,0.));
#487 = VERTEX_POINT('',#488);
#488 = CARTESIAN_POINT('',(-26.61473670974,11.901923788647,0.));
#489 = SURFACE_CURVE('',#490,(#495,#506),.PCURVE_S1.);
#490 = CIRCLE('',#491,3.);
#491 = AXIS2_PLACEMENT_3D('',#492,#493,#494);
#492 = CARTESIAN_POINT('',(-25.11473670974,14.5,0.));
#493 = DIRECTION('',(0.,0.,-1.));
#494 = DIRECTION('',(0.5,0.866025403784,0.));
#495 = PCURVE('',#94,#496);
#496 = DEFINITIONAL_REPRESENTATION('',(#497),#505);
#497 = ( BOUNDED_CURVE() B_SPLINE_CURVE(2,(#498,#499,#500,#501,#502,#503
,#504),.UNSPECIFIED.,.T.,.F.) B_SPLINE_CURVE_WITH_KNOTS((1,2,2,2,2,1),(
    -2.094395102393,0.,2.094395102393,4.188790204786,6.28318530718,
8.377580409573),.UNSPECIFIED.) CURVE() GEOMETRIC_REPRESENTATION_ITEM() 
RATIONAL_B_SPLINE_CURVE((1.,0.5,1.,0.5,1.,0.5,1.)) REPRESENTATION_ITEM(
  '') );
#498 = CARTESIAN_POINT('',(-23.61473670974,17.098076211353));
#499 = CARTESIAN_POINT('',(-19.11473670974,14.5));
#500 = CARTESIAN_POINT('',(-23.61473670974,11.901923788647));
#501 = CARTESIAN_POINT('',(-28.11473670974,9.303847577293));
#502 = CARTESIAN_POINT('',(-28.11473670974,14.5));
#503 = CARTESIAN_POINT('',(-28.11473670974,19.696152422707));
#504 = CARTESIAN_POINT('',(-23.61473670974,17.098076211353));
#505 = ( GEOMETRIC_REPRESENTATION_CONTEXT(2) 
PARAMETRIC_REPRESENTATION_CONTEXT() REPRESENTATION_CONTEXT('2D SPACE',''
  ) );
#506 = PCURVE('',#507,#512);
#507 = CYLINDRICAL_SURFACE('',#508,3.);
#508 = AXIS2_PLACEMENT_3D('',#509,#510,#511);
#509 = CARTESIAN_POINT('',(-25.11473670974,14.5,0.));
#510 = DIRECTION('',(0.,0.,-1.));
#511 = DIRECTION('',(0.5,0.866025403784,0.));
#512 = DEFINITIONAL_REPRESENTATION('',(#513),#517);
#513 = LINE('',#514,#515);
#514 = CARTESIAN_POINT('',(0.,0.));
#515 = VECTOR('',#516,1.);
#516 = DIRECTION('',(1.,0.));
#517 = ( GEOMETRIC_REPRESENTATION_CONTEXT(2) 
PARAMETRIC_REPRESENTATION_CONTEXT() REPRESENTATION_CONTEXT('2D SPACE',''
  ) );
#518 = ORIENTED_EDGE('',*,*,#519,.T.);
#519 = EDGE_CURVE('',#487,#520,#522,.T.);
#520 = VERTEX_POINT('',#521);
#521 = CARTESIAN_POINT('',(-37.2235479061,18.026923788647,0.));
#522 = SURFACE_CURVE('',#523,(#527,#534),.PCURVE_S1.);
#523 = LINE('',#524,#525);
#524 = CARTESIAN_POINT('',(-26.61473670974,11.901923788647,0.));
#525 = VECTOR('',#526,1.);
#526 = DIRECTION('',(-0.866025403784,0.5,0.));
#527 = PCURVE('',#94,#528);
#528 = DEFINITIONAL_REPRESENTATION('',(#529),#533);
#529 = LINE('',#530,#531);
#530 = CARTESIAN_POINT('',(-26.61473670974,11.901923788647));
#531 = VECTOR('',#532,1.);
#532 = DIRECTION('',(-0.866025403784,0.5));
#533 = ( GEOMETRIC_REPRESENTATION_CONTEXT(2) 
PARAMETRIC_REPRESENTATION_CONTEXT() REPRESENTATION_CONTEXT('2D SPACE',''
  ) );
#534 = PCURVE('',#535,#540);
#535 = PLANE('',#536);
#536 = AXIS2_PLACEMENT_3D('',#537,#538,#539);
#537 = CARTESIAN_POINT('',(-26.61473670974,11.901923788647,0.));
#538 = DIRECTION('',(-0.5,-0.866025403784,0.));
#539 = DIRECTION('',(-0.866025403784,0.5,0.));
#540 = DEFINITIONAL_REPRESENTATION('',(#541),#545);
#541 = LINE('',#542,#543);
#542 = CARTESIAN_POINT('',(0.,0.));
#543 = VECTOR('',#544,1.);
#544 = DIRECTION('',(1.,0.));
#545 = ( GEOMETRIC_REPRESENTATION_CONTEXT(2) 
PARAMETRIC_REPRESENTATION_CONTEXT() REPRESENTATION_CONTEXT('2D SPACE',''
  ) );
#546 = ORIENTED_EDGE('',*,*,#547,.T.);
#547 = EDGE_CURVE('',#520,#548,#550,.T.);
#548 = VERTEX_POINT('',#549);
#549 = CARTESIAN_POINT('',(-34.2235479061,23.223076211353,0.));
#550 = SURFACE_CURVE('',#551,(#556,#567),.PCURVE_S1.);
#551 = CIRCLE('',#552,3.);
#552 = AXIS2_PLACEMENT_3D('',#553,#554,#555);
#553 = CARTESIAN_POINT('',(-35.7235479061,20.625,0.));
#554 = DIRECTION('',(-0.,0.,-1.));
#555 = DIRECTION('',(-0.5,-0.866025403784,0.));
#556 = PCURVE('',#94,#557);
#557 = DEFINITIONAL_REPRESENTATION('',(#558),#566);
#558 = ( BOUNDED_CURVE() B_SPLINE_CURVE(2,(#559,#560,#561,#562,#563,#564
,#565),.UNSPECIFIED.,.T.,.F.) B_SPLINE_CURVE_WITH_KNOTS((1,2,2,2,2,1),(
    -2.094395102393,0.,2.094395102393,4.188790204786,6.28318530718,
8.377580409573),.UNSPECIFIED.) CURVE() GEOMETRIC_REPRESENTATION_ITEM() 
RATIONAL_B_SPLINE_CURVE((1.,0.5,1.,0.5,1.,0.5,1.)) REPRESENTATION_ITEM(
  '') );
#559 = CARTESIAN_POINT('',(-37.2235479061,18.026923788647));
#560 = CARTESIAN_POINT('',(-41.7235479061,20.625));
#561 = CARTESIAN_POINT('',(-37.2235479061,23.223076211353));
#562 = CARTESIAN_POINT('',(-32.7235479061,25.821152422707));
#563 = CARTESIAN_POINT('',(-32.7235479061,20.625));
#564 = CARTESIAN_POINT('',(-32.7235479061,15.428847577293));
#565 = CARTESIAN_POINT('',(-37.2235479061,18.026923788647));
#566 = ( GEOMETRIC_REPRESENTATION_CONTEXT(2) 
PARAMETRIC_REPRESENTATION_CONTEXT() REPRESENTATION_CONTEXT('2D SPACE',''
  ) );
#567 = PCURVE('',#568,#573);
#568 = CYLINDRICAL_SURFACE('',#569,3.);
#569 = AXIS2_PLACEMENT_3D('',#570,#571,#572);
#570 = CARTESIAN_POINT('',(-35.7235479061,20.625,0.));
#571 = DIRECTION('',(-0.,0.,-1.));
#572 = DIRECTION('',(-0.5,-0.866025403784,0.));
#573 = DEFINITIONAL_REPRESENTATION('',(#574),#578);
#574 = LINE('',#575,#576);
#575 = CARTESIAN_POINT('',(0.,0.));
#576 = VECTOR('',#577,1.);
#577 = DIRECTION('',(1.,0.));
#578 = ( GEOMETRIC_REPRESENTATION_CONTEXT(2) 
PARAMETRIC_REPRESENTATION_CONTEXT() REPRESENTATION_CONTEXT('2D SPACE',''
  ) );
#579 = ORIENTED_EDGE('',*,*,#580,.T.);
#580 = EDGE_CURVE('',#548,#485,#581,.T.);
#581 = SURFACE_CURVE('',#582,(#586,#593),.PCURVE_S1.);
#582 = LINE('',#583,#584);
#583 = CARTESIAN_POINT('',(-34.2235479061,23.223076211353,0.));
#584 = VECTOR('',#585,1.);
#585 = DIRECTION('',(0.866025403784,-0.5,0.));
#586 = PCURVE('',#94,#587);
#587 = DEFINITIONAL_REPRESENTATION('',(#588),#592);
#588 = LINE('',#589,#590);
#589 = CARTESIAN_POINT('',(-34.2235479061,23.223076211353));
#590 = VECTOR('',#591,1.);
#591 = DIRECTION('',(0.866025403784,-0.5));
#592 = ( GEOMETRIC_REPRESENTATION_CONTEXT(2) 
PARAMETRIC_REPRESENTATION_CONTEXT() REPRESENTATION_CONTEXT('2D SPACE',''
  ) );
#593 = PCURVE('',#594,#599);
#594 = PLANE('',#595);
#595 = AXIS2_PLACEMENT_3D('',#596,#597,#598);
#596 = CARTESIAN_POINT('',(-34.2235479061,23.223076211353,0.));
#597 = DIRECTION('',(0.5,0.866025403784,0.));
#598 = DIRECTION('',(0.866025403784,-0.5,0.));
#599 = DEFINITIONAL_REPRESENTATION('',(#600),#604);
#600 = LINE('',#601,#602);
#601 = CARTESIAN_POINT('',(0.,0.));
#602 = VECTOR('',#603,1.);
#603 = DIRECTION('',(1.,0.));
#604 = ( GEOMETRIC_REPRESENTATION_CONTEXT(2) 
PARAMETRIC_REPRESENTATION_CONTEXT() REPRESENTATION_CONTEXT('2D SPACE',''
  ) );
#605 = FACE_BOUND('',#606,.F.);
#606 = EDGE_LOOP('',(#607));
#607 = ORIENTED_EDGE('',*,*,#608,.F.);
#608 = EDGE_CURVE('',#609,#609,#611,.T.);
#609 = VERTEX_POINT('',#610);
#610 = CARTESIAN_POINT('',(16.15,0.,0.));
#611 = SURFACE_CURVE('',#612,(#617,#624),.PCURVE_S1.);
#612 = CIRCLE('',#613,16.15);
#613 = AXIS2_PLACEMENT_3D('',#614,#615,#616);
#614 = CARTESIAN_POINT('',(0.,0.,0.));
#615 = DIRECTION('',(0.,0.,1.));
#616 = DIRECTION('',(1.,0.,0.));
#617 = PCURVE('',#94,#618);
#618 = DEFINITIONAL_REPRESENTATION('',(#619),#623);
#619 = CIRCLE('',#620,16.15);
#620 = AXIS2_PLACEMENT_2D('',#621,#622);
#621 = CARTESIAN_POINT('',(2.808005405856E-15,-3.707602883041E-15));
#622 = DIRECTION('',(1.,0.));
#623 = ( GEOMETRIC_REPRESENTATION_CONTEXT(2) 
PARAMETRIC_REPRESENTATION_CONTEXT() REPRESENTATION_CONTEXT('2D SPACE',''
  ) );
#624 = PCURVE('',#625,#630);
#625 = CYLINDRICAL_SURFACE('',#626,16.15);
#626 = AXIS2_PLACEMENT_3D('',#627,#628,#629);
#627 = CARTESIAN_POINT('',(0.,0.,0.));
#628 = DIRECTION('',(-0.,-0.,-1.));
#629 = DIRECTION('',(1.,0.,0.));
#630 = DEFINITIONAL_REPRESENTATION('',(#631),#635);
#631 = LINE('',#632,#633);
#632 = CARTESIAN_POINT('',(-0.,0.));
#633 = VECTOR('',#634,1.);
#634 = DIRECTION('',(-1.,0.));
#635 = ( GEOMETRIC_REPRESENTATION_CONTEXT(2) 
PARAMETRIC_REPRESENTATION_CONTEXT() REPRESENTATION_CONTEXT('2D SPACE',''
  ) );
#636 = FACE_BOUND('',#637,.F.);
#637 = EDGE_LOOP('',(#638,#673,#701,#734));
#638 = ORIENTED_EDGE('',*,*,#639,.T.);
#639 = EDGE_CURVE('',#640,#642,#644,.T.);
#640 = VERTEX_POINT('',#641);
#641 = CARTESIAN_POINT('',(26.614736709749,11.901923788647,0.));
#642 = VERTEX_POINT('',#643);
#643 = CARTESIAN_POINT('',(23.614736709749,17.098076211353,0.));
#644 = SURFACE_CURVE('',#645,(#650,#661),.PCURVE_S1.);
#645 = CIRCLE('',#646,3.);
#646 = AXIS2_PLACEMENT_3D('',#647,#648,#649);
#647 = CARTESIAN_POINT('',(25.114736709749,14.5,0.));
#648 = DIRECTION('',(0.,-0.,-1.));
#649 = DIRECTION('',(0.5,-0.866025403784,0.));
#650 = PCURVE('',#94,#651);
#651 = DEFINITIONAL_REPRESENTATION('',(#652),#660);
#652 = ( BOUNDED_CURVE() B_SPLINE_CURVE(2,(#653,#654,#655,#656,#657,#658
,#659),.UNSPECIFIED.,.T.,.F.) B_SPLINE_CURVE_WITH_KNOTS((1,2,2,2,2,1),(
    -2.094395102393,0.,2.094395102393,4.188790204786,6.28318530718,
8.377580409573),.UNSPECIFIED.) CURVE() GEOMETRIC_REPRESENTATION_ITEM() 
RATIONAL_B_SPLINE_CURVE((1.,0.5,1.,0.5,1.,0.5,1.)) REPRESENTATION_ITEM(
  '') );
#653 = CARTESIAN_POINT('',(26.614736709749,11.901923788647));
#654 = CARTESIAN_POINT('',(22.114736709749,9.303847577293));
#655 = CARTESIAN_POINT('',(22.114736709749,14.5));
#656 = CARTESIAN_POINT('',(22.114736709749,19.696152422707));
#657 = CARTESIAN_POINT('',(26.614736709749,17.098076211353));
#658 = CARTESIAN_POINT('',(31.114736709749,14.5));
#659 = CARTESIAN_POINT('',(26.614736709749,11.901923788647));
#660 = ( GEOMETRIC_REPRESENTATION_CONTEXT(2) 
PARAMETRIC_REPRESENTATION_CONTEXT() REPRESENTATION_CONTEXT('2D SPACE',''
  ) );
#661 = PCURVE('',#662,#667);
#662 = CYLINDRICAL_SURFACE('',#663,3.);
#663 = AXIS2_PLACEMENT_3D('',#664,#665,#666);
#664 = CARTESIAN_POINT('',(25.114736709749,14.5,0.));
#665 = DIRECTION('',(0.,0.,-1.));
#666 = DIRECTION('',(0.5,-0.866025403784,0.));
#667 = DEFINITIONAL_REPRESENTATION('',(#668),#672);
#668 = LINE('',#669,#670);
#669 = CARTESIAN_POINT('',(0.,0.));
#670 = VECTOR('',#671,1.);
#671 = DIRECTION('',(1.,0.));
#672 = ( GEOMETRIC_REPRESENTATION_CONTEXT(2) 
PARAMETRIC_REPRESENTATION_CONTEXT() REPRESENTATION_CONTEXT('2D SPACE',''
  ) );
#673 = ORIENTED_EDGE('',*,*,#674,.T.);
#674 = EDGE_CURVE('',#642,#675,#677,.T.);
#675 = VERTEX_POINT('',#676);
#676 = CARTESIAN_POINT('',(34.223547906108,23.223076211353,0.));
#677 = SURFACE_CURVE('',#678,(#682,#689),.PCURVE_S1.);
#678 = LINE('',#679,#680);
#679 = CARTESIAN_POINT('',(23.614736709749,17.098076211353,0.));
#680 = VECTOR('',#681,1.);
#681 = DIRECTION('',(0.866025403784,0.5,0.));
#682 = PCURVE('',#94,#683);
#683 = DEFINITIONAL_REPRESENTATION('',(#684),#688);
#684 = LINE('',#685,#686);
#685 = CARTESIAN_POINT('',(23.614736709749,17.098076211353));
#686 = VECTOR('',#687,1.);
#687 = DIRECTION('',(0.866025403784,0.5));
#688 = ( GEOMETRIC_REPRESENTATION_CONTEXT(2) 
PARAMETRIC_REPRESENTATION_CONTEXT() REPRESENTATION_CONTEXT('2D SPACE',''
  ) );
#689 = PCURVE('',#690,#695);
#690 = PLANE('',#691);
#691 = AXIS2_PLACEMENT_3D('',#692,#693,#694);
#692 = CARTESIAN_POINT('',(23.614736709749,17.098076211353,0.));
#693 = DIRECTION('',(-0.5,0.866025403784,0.));
#694 = DIRECTION('',(0.866025403784,0.5,0.));
#695 = DEFINITIONAL_REPRESENTATION('',(#696),#700);
#696 = LINE('',#697,#698);
#697 = CARTESIAN_POINT('',(0.,0.));
#698 = VECTOR('',#699,1.);
#699 = DIRECTION('',(1.,0.));
#700 = ( GEOMETRIC_REPRESENTATION_CONTEXT(2) 
PARAMETRIC_REPRESENTATION_CONTEXT() REPRESENTATION_CONTEXT('2D SPACE',''
  ) );
#701 = ORIENTED_EDGE('',*,*,#702,.T.);
#702 = EDGE_CURVE('',#675,#703,#705,.T.);
#703 = VERTEX_POINT('',#704);
#704 = CARTESIAN_POINT('',(37.223547906108,18.026923788647,0.));
#705 = SURFACE_CURVE('',#706,(#711,#722),.PCURVE_S1.);
#706 = CIRCLE('',#707,3.);
#707 = AXIS2_PLACEMENT_3D('',#708,#709,#710);
#708 = CARTESIAN_POINT('',(35.723547906108,20.625,0.));
#709 = DIRECTION('',(0.,0.,-1.));
#710 = DIRECTION('',(-0.5,0.866025403784,0.));
#711 = PCURVE('',#94,#712);
#712 = DEFINITIONAL_REPRESENTATION('',(#713),#721);
#713 = ( BOUNDED_CURVE() B_SPLINE_CURVE(2,(#714,#715,#716,#717,#718,#719
,#720),.UNSPECIFIED.,.T.,.F.) B_SPLINE_CURVE_WITH_KNOTS((1,2,2,2,2,1),(
    -2.094395102393,0.,2.094395102393,4.188790204786,6.28318530718,
8.377580409573),.UNSPECIFIED.) CURVE() GEOMETRIC_REPRESENTATION_ITEM() 
RATIONAL_B_SPLINE_CURVE((1.,0.5,1.,0.5,1.,0.5,1.)) REPRESENTATION_ITEM(
  '') );
#714 = CARTESIAN_POINT('',(34.223547906108,23.223076211353));
#715 = CARTESIAN_POINT('',(38.723547906108,25.821152422707));
#716 = CARTESIAN_POINT('',(38.723547906108,20.625));
#717 = CARTESIAN_POINT('',(38.723547906108,15.428847577293));
#718 = CARTESIAN_POINT('',(34.223547906108,18.026923788647));
#719 = CARTESIAN_POINT('',(29.723547906108,20.625));
#720 = CARTESIAN_POINT('',(34.223547906108,23.223076211353));
#721 = ( GEOMETRIC_REPRESENTATION_CONTEXT(2) 
PARAMETRIC_REPRESENTATION_CONTEXT() REPRESENTATION_CONTEXT('2D SPACE',''
  ) );
#722 = PCURVE('',#723,#728);
#723 = CYLINDRICAL_SURFACE('',#724,3.);
#724 = AXIS2_PLACEMENT_3D('',#725,#726,#727);
#725 = CARTESIAN_POINT('',(35.723547906108,20.625,0.));
#726 = DIRECTION('',(0.,0.,-1.));
#727 = DIRECTION('',(-0.5,0.866025403784,0.));
#728 = DEFINITIONAL_REPRESENTATION('',(#729),#733);
#729 = LINE('',#730,#731);
#730 = CARTESIAN_POINT('',(0.,0.));
#731 = VECTOR('',#732,1.);
#732 = DIRECTION('',(1.,0.));
#733 = ( GEOMETRIC_REPRESENTATION_CONTEXT(2) 
PARAMETRIC_REPRESENTATION_CONTEXT() REPRESENTATION_CONTEXT('2D SPACE',''
  ) );
#734 = ORIENTED_EDGE('',*,*,#735,.T.);
#735 = EDGE_CURVE('',#703,#640,#736,.T.);
#736 = SURFACE_CURVE('',#737,(#741,#748),.PCURVE_S1.);
#737 = LINE('',#738,#739);
#738 = CARTESIAN_POINT('',(37.223547906108,18.026923788647,0.));
#739 = VECTOR('',#740,1.);
#740 = DIRECTION('',(-0.866025403784,-0.5,0.));
#741 = PCURVE('',#94,#742);
#742 = DEFINITIONAL_REPRESENTATION('',(#743),#747);
#743 = LINE('',#744,#745);
#744 = CARTESIAN_POINT('',(37.223547906108,18.026923788647));
#745 = VECTOR('',#746,1.);
#746 = DIRECTION('',(-0.866025403784,-0.5));
#747 = ( GEOMETRIC_REPRESENTATION_CONTEXT(2) 
PARAMETRIC_REPRESENTATION_CONTEXT() REPRESENTATION_CONTEXT('2D SPACE',''
  ) );
#748 = PCURVE('',#749,#754);
#749 = PLANE('',#750);
#750 = AXIS2_PLACEMENT_3D('',#751,#752,#753);
#751 = CARTESIAN_POINT('',(37.223547906108,18.026923788647,0.));
#752 = DIRECTION('',(0.5,-0.866025403784,0.));
#753 = DIRECTION('',(-0.866025403784,-0.5,0.));
#754 = DEFINITIONAL_REPRESENTATION('',(#755),#759);
#755 = LINE('',#756,#757);
#756 = CARTESIAN_POINT('',(0.,0.));
#757 = VECTOR('',#758,1.);
#758 = DIRECTION('',(1.,0.));
#759 = ( GEOMETRIC_REPRESENTATION_CONTEXT(2) 
PARAMETRIC_REPRESENTATION_CONTEXT() REPRESENTATION_CONTEXT('2D SPACE',''
  ) );
#760 = FACE_BOUND('',#761,.F.);
#761 = EDGE_LOOP('',(#762,#797,#825,#858));
#762 = ORIENTED_EDGE('',*,*,#763,.T.);
#763 = EDGE_CURVE('',#764,#766,#768,.T.);
#764 = VERTEX_POINT('',#765);
#765 = CARTESIAN_POINT('',(3.,29.,0.));
#766 = VERTEX_POINT('',#767);
#767 = CARTESIAN_POINT('',(-3.,29.,0.));
#768 = SURFACE_CURVE('',#769,(#774,#785),.PCURVE_S1.);
#769 = CIRCLE('',#770,3.);
#770 = AXIS2_PLACEMENT_3D('',#771,#772,#773);
#771 = CARTESIAN_POINT('',(3.219646771413E-15,29.,0.));
#772 = DIRECTION('',(0.,-0.,-1.));
#773 = DIRECTION('',(1.,-1.110223024625E-16,0.));
#774 = PCURVE('',#94,#775);
#775 = DEFINITIONAL_REPRESENTATION('',(#776),#784);
#776 = ( BOUNDED_CURVE() B_SPLINE_CURVE(2,(#777,#778,#779,#780,#781,#782
,#783),.UNSPECIFIED.,.T.,.F.) B_SPLINE_CURVE_WITH_KNOTS((1,2,2,2,2,1),(
    -2.094395102393,0.,2.094395102393,4.188790204786,6.28318530718,
8.377580409573),.UNSPECIFIED.) CURVE() GEOMETRIC_REPRESENTATION_ITEM() 
RATIONAL_B_SPLINE_CURVE((1.,0.5,1.,0.5,1.,0.5,1.)) REPRESENTATION_ITEM(
  '') );
#777 = CARTESIAN_POINT('',(3.,29.));
#778 = CARTESIAN_POINT('',(3.,23.803847577293));
#779 = CARTESIAN_POINT('',(-1.5,26.401923788647));
#780 = CARTESIAN_POINT('',(-6.,29.));
#781 = CARTESIAN_POINT('',(-1.5,31.598076211353));
#782 = CARTESIAN_POINT('',(3.,34.196152422707));
#783 = CARTESIAN_POINT('',(3.,29.));
#784 = ( GEOMETRIC_REPRESENTATION_CONTEXT(2) 
PARAMETRIC_REPRESENTATION_CONTEXT() REPRESENTATION_CONTEXT('2D SPACE',''
  ) );
#785 = PCURVE('',#786,#791);
#786 = CYLINDRICAL_SURFACE('',#787,3.);
#787 = AXIS2_PLACEMENT_3D('',#788,#789,#790);
#788 = CARTESIAN_POINT('',(3.219646771413E-15,29.,0.));
#789 = DIRECTION('',(0.,0.,-1.));
#790 = DIRECTION('',(1.,-1.110223024625E-16,0.));
#791 = DEFINITIONAL_REPRESENTATION('',(#792),#796);
#792 = LINE('',#793,#794);
#793 = CARTESIAN_POINT('',(0.,0.));
#794 = VECTOR('',#795,1.);
#795 = DIRECTION('',(1.,0.));
#796 = ( GEOMETRIC_REPRESENTATION_CONTEXT(2) 
PARAMETRIC_REPRESENTATION_CONTEXT() REPRESENTATION_CONTEXT('2D SPACE',''
  ) );
#797 = ORIENTED_EDGE('',*,*,#798,.T.);
#798 = EDGE_CURVE('',#766,#799,#801,.T.);
#799 = VERTEX_POINT('',#800);
#800 = CARTESIAN_POINT('',(-3.,41.25,0.));
#801 = SURFACE_CURVE('',#802,(#806,#813),.PCURVE_S1.);
#802 = LINE('',#803,#804);
#803 = CARTESIAN_POINT('',(-3.,29.,0.));
#804 = VECTOR('',#805,1.);
#805 = DIRECTION('',(1.110223024625E-16,1.,0.));
#806 = PCURVE('',#94,#807);
#807 = DEFINITIONAL_REPRESENTATION('',(#808),#812);
#808 = LINE('',#809,#810);
#809 = CARTESIAN_POINT('',(-3.,29.));
#810 = VECTOR('',#811,1.);
#811 = DIRECTION('',(1.110223024625E-16,1.));
#812 = ( GEOMETRIC_REPRESENTATION_CONTEXT(2) 
PARAMETRIC_REPRESENTATION_CONTEXT() REPRESENTATION_CONTEXT('2D SPACE',''
  ) );
#813 = PCURVE('',#814,#819);
#814 = PLANE('',#815);
#815 = AXIS2_PLACEMENT_3D('',#816,#817,#818);
#816 = CARTESIAN_POINT('',(-3.,29.,0.));
#817 = DIRECTION('',(-1.,1.110223024625E-16,0.));
#818 = DIRECTION('',(1.110223024625E-16,1.,0.));
#819 = DEFINITIONAL_REPRESENTATION('',(#820),#824);
#820 = LINE('',#821,#822);
#821 = CARTESIAN_POINT('',(0.,0.));
#822 = VECTOR('',#823,1.);
#823 = DIRECTION('',(1.,0.));
#824 = ( GEOMETRIC_REPRESENTATION_CONTEXT(2) 
PARAMETRIC_REPRESENTATION_CONTEXT() REPRESENTATION_CONTEXT('2D SPACE',''
  ) );
#825 = ORIENTED_EDGE('',*,*,#826,.T.);
#826 = EDGE_CURVE('',#799,#827,#829,.T.);
#827 = VERTEX_POINT('',#828);
#828 = CARTESIAN_POINT('',(3.,41.25,0.));
#829 = SURFACE_CURVE('',#830,(#835,#846),.PCURVE_S1.);
#830 = CIRCLE('',#831,3.);
#831 = AXIS2_PLACEMENT_3D('',#832,#833,#834);
#832 = CARTESIAN_POINT('',(4.579669976579E-15,41.25,0.));
#833 = DIRECTION('',(0.,0.,-1.));
#834 = DIRECTION('',(-1.,1.110223024625E-16,0.));
#835 = PCURVE('',#94,#836);
#836 = DEFINITIONAL_REPRESENTATION('',(#837),#845);
#837 = ( BOUNDED_CURVE() B_SPLINE_CURVE(2,(#838,#839,#840,#841,#842,#843
,#844),.UNSPECIFIED.,.T.,.F.) B_SPLINE_CURVE_WITH_KNOTS((1,2,2,2,2,1),(
    -2.094395102393,0.,2.094395102393,4.188790204786,6.28318530718,
8.377580409573),.UNSPECIFIED.) CURVE() GEOMETRIC_REPRESENTATION_ITEM() 
RATIONAL_B_SPLINE_CURVE((1.,0.5,1.,0.5,1.,0.5,1.)) REPRESENTATION_ITEM(
  '') );
#838 = CARTESIAN_POINT('',(-3.,41.25));
#839 = CARTESIAN_POINT('',(-3.,46.446152422707));
#840 = CARTESIAN_POINT('',(1.5,43.848076211353));
#841 = CARTESIAN_POINT('',(6.,41.25));
#842 = CARTESIAN_POINT('',(1.5,38.651923788647));
#843 = CARTESIAN_POINT('',(-3.,36.053847577293));
#844 = CARTESIAN_POINT('',(-3.,41.25));
#845 = ( GEOMETRIC_REPRESENTATION_CONTEXT(2) 
PARAMETRIC_REPRESENTATION_CONTEXT() REPRESENTATION_CONTEXT('2D SPACE',''
  ) );
#846 = PCURVE('',#847,#852);
#847 = CYLINDRICAL_SURFACE('',#848,3.);
#848 = AXIS2_PLACEMENT_3D('',#849,#850,#851);
#849 = CARTESIAN_POINT('',(4.579669976579E-15,41.25,0.));
#850 = DIRECTION('',(0.,0.,-1.));
#851 = DIRECTION('',(-1.,1.110223024625E-16,0.));
#852 = DEFINITIONAL_REPRESENTATION('',(#853),#857);
#853 = LINE('',#854,#855);
#854 = CARTESIAN_POINT('',(0.,0.));
#855 = VECTOR('',#856,1.);
#856 = DIRECTION('',(1.,0.));
#857 = ( GEOMETRIC_REPRESENTATION_CONTEXT(2) 
PARAMETRIC_REPRESENTATION_CONTEXT() REPRESENTATION_CONTEXT('2D SPACE',''
  ) );
#858 = ORIENTED_EDGE('',*,*,#859,.T.);
#859 = EDGE_CURVE('',#827,#764,#860,.T.);
#860 = SURFACE_CURVE('',#861,(#865,#872),.PCURVE_S1.);
#861 = LINE('',#862,#863);
#862 = CARTESIAN_POINT('',(3.,41.25,0.));
#863 = VECTOR('',#864,1.);
#864 = DIRECTION('',(-1.110223024625E-16,-1.,0.));
#865 = PCURVE('',#94,#866);
#866 = DEFINITIONAL_REPRESENTATION('',(#867),#871);
#867 = LINE('',#868,#869);
#868 = CARTESIAN_POINT('',(3.,41.25));
#869 = VECTOR('',#870,1.);
#870 = DIRECTION('',(-1.110223024625E-16,-1.));
#871 = ( GEOMETRIC_REPRESENTATION_CONTEXT(2) 
PARAMETRIC_REPRESENTATION_CONTEXT() REPRESENTATION_CONTEXT('2D SPACE',''
  ) );
#872 = PCURVE('',#873,#878);
#873 = PLANE('',#874);
#874 = AXIS2_PLACEMENT_3D('',#875,#876,#877);
#875 = CARTESIAN_POINT('',(3.,41.25,0.));
#876 = DIRECTION('',(1.,-1.110223024625E-16,0.));
#877 = DIRECTION('',(-1.110223024625E-16,-1.,0.));
#878 = DEFINITIONAL_REPRESENTATION('',(#879),#883);
#879 = LINE('',#880,#881);
#880 = CARTESIAN_POINT('',(0.,0.));
#881 = VECTOR('',#882,1.);
#882 = DIRECTION('',(1.,0.));
#883 = ( GEOMETRIC_REPRESENTATION_CONTEXT(2) 
PARAMETRIC_REPRESENTATION_CONTEXT() REPRESENTATION_CONTEXT('2D SPACE',''
  ) );
#884 = ADVANCED_FACE('',(#885,#888),#66,.T.);
#885 = FACE_BOUND('',#886,.T.);
#886 = EDGE_LOOP('',(#887));
#887 = ORIENTED_EDGE('',*,*,#51,.T.);
#888 = FACE_BOUND('',#889,.T.);
#889 = EDGE_LOOP('',(#890,#921,#949,#982,#1010,#1039,#1067,#1091,#1119,
    #1143,#1172,#1200,#1224,#1252,#1276,#1304));
#890 = ORIENTED_EDGE('',*,*,#891,.F.);
#891 = EDGE_CURVE('',#892,#894,#896,.T.);
#892 = VERTEX_POINT('',#893);
#893 = CARTESIAN_POINT('',(38.231115251735,-18.97815270679,2.));
#894 = VERTEX_POINT('',#895);
#895 = CARTESIAN_POINT('',(42.8,1.030949170225E-15,2.));
#896 = SURFACE_CURVE('',#897,(#902,#909),.PCURVE_S1.);
#897 = CIRCLE('',#898,41.7);
#898 = AXIS2_PLACEMENT_3D('',#899,#900,#901);
#899 = CARTESIAN_POINT('',(1.1,3.552713678801E-15,2.));
#900 = DIRECTION('',(0.,0.,1.));
#901 = DIRECTION('',(-1.,-6.199071088414E-17,0.));
#902 = PCURVE('',#66,#903);
#903 = DEFINITIONAL_REPRESENTATION('',(#904),#908);
#904 = CIRCLE('',#905,41.7);
#905 = AXIS2_PLACEMENT_2D('',#906,#907);
#906 = CARTESIAN_POINT('',(1.1,-1.548892042409E-16));
#907 = DIRECTION('',(-1.,-6.199071088414E-17));
#908 = ( GEOMETRIC_REPRESENTATION_CONTEXT(2) 
PARAMETRIC_REPRESENTATION_CONTEXT() REPRESENTATION_CONTEXT('2D SPACE',''
  ) );
#909 = PCURVE('',#910,#915);
#910 = CYLINDRICAL_SURFACE('',#911,41.7);
#911 = AXIS2_PLACEMENT_3D('',#912,#913,#914);
#912 = CARTESIAN_POINT('',(1.1,3.552713678801E-15,2.));
#913 = DIRECTION('',(-0.,-0.,-1.));
#914 = DIRECTION('',(-1.,-6.199071088414E-17,0.));
#915 = DEFINITIONAL_REPRESENTATION('',(#916),#920);
#916 = LINE('',#917,#918);
#917 = CARTESIAN_POINT('',(-0.,0.));
#918 = VECTOR('',#919,1.);
#919 = DIRECTION('',(-1.,0.));
#920 = ( GEOMETRIC_REPRESENTATION_CONTEXT(2) 
PARAMETRIC_REPRESENTATION_CONTEXT() REPRESENTATION_CONTEXT('2D SPACE',''
  ) );
#921 = ORIENTED_EDGE('',*,*,#922,.T.);
#922 = EDGE_CURVE('',#892,#923,#925,.T.);
#923 = VERTEX_POINT('',#924);
#924 = CARTESIAN_POINT('',(38.687201230443,-21.09057381064,2.));
#925 = SURFACE_CURVE('',#926,(#931,#942),.PCURVE_S1.);
#926 = CIRCLE('',#927,3.);
#927 = AXIS2_PLACEMENT_3D('',#928,#929,#930);
#928 = CARTESIAN_POINT('',(35.723547906108,-20.625,2.));
#929 = DIRECTION('',(0.,0.,-1.));
#930 = DIRECTION('',(0.5,0.866025403784,0.));
#931 = PCURVE('',#66,#932);
#932 = DEFINITIONAL_REPRESENTATION('',(#933),#941);
#933 = ( BOUNDED_CURVE() B_SPLINE_CURVE(2,(#934,#935,#936,#937,#938,#939
,#940),.UNSPECIFIED.,.T.,.F.) B_SPLINE_CURVE_WITH_KNOTS((1,2,2,2,2,1),(
    -2.094395102393,0.,2.094395102393,4.188790204786,6.28318530718,
8.377580409573),.UNSPECIFIED.) CURVE() GEOMETRIC_REPRESENTATION_ITEM() 
RATIONAL_B_SPLINE_CURVE((1.,0.5,1.,0.5,1.,0.5,1.)) REPRESENTATION_ITEM(
  '') );
#934 = CARTESIAN_POINT('',(37.223547906108,-18.02692378864));
#935 = CARTESIAN_POINT('',(41.723547906108,-20.625));
#936 = CARTESIAN_POINT('',(37.223547906108,-23.22307621135));
#937 = CARTESIAN_POINT('',(32.723547906108,-25.8211524227));
#938 = CARTESIAN_POINT('',(32.723547906108,-20.625));
#939 = CARTESIAN_POINT('',(32.723547906108,-15.42884757729));
#940 = CARTESIAN_POINT('',(37.223547906108,-18.02692378864));
#941 = ( GEOMETRIC_REPRESENTATION_CONTEXT(2) 
PARAMETRIC_REPRESENTATION_CONTEXT() REPRESENTATION_CONTEXT('2D SPACE',''
  ) );
#942 = PCURVE('',#444,#943);
#943 = DEFINITIONAL_REPRESENTATION('',(#944),#948);
#944 = LINE('',#945,#946);
#945 = CARTESIAN_POINT('',(0.,-2.));
#946 = VECTOR('',#947,1.);
#947 = DIRECTION('',(1.,0.));
#948 = ( GEOMETRIC_REPRESENTATION_CONTEXT(2) 
PARAMETRIC_REPRESENTATION_CONTEXT() REPRESENTATION_CONTEXT('2D SPACE',''
  ) );
#949 = ORIENTED_EDGE('',*,*,#950,.F.);
#950 = EDGE_CURVE('',#951,#923,#953,.T.);
#951 = VERTEX_POINT('',#952);
#952 = CARTESIAN_POINT('',(44.2,0.,2.));
#953 = SURFACE_CURVE('',#954,(#959,#970),.PCURVE_S1.);
#954 = CIRCLE('',#955,43.1);
#955 = AXIS2_PLACEMENT_3D('',#956,#957,#958);
#956 = CARTESIAN_POINT('',(1.1,3.552713678801E-15,2.));
#957 = DIRECTION('',(-0.,0.,-1.));
#958 = DIRECTION('',(1.,-8.242955171231E-17,-0.));
#959 = PCURVE('',#66,#960);
#960 = DEFINITIONAL_REPRESENTATION('',(#961),#969);
#961 = ( BOUNDED_CURVE() B_SPLINE_CURVE(2,(#962,#963,#964,#965,#966,#967
,#968),.UNSPECIFIED.,.T.,.F.) B_SPLINE_CURVE_WITH_KNOTS((1,2,2,2,2,1),(
    -2.094395102393,0.,2.094395102393,4.188790204786,6.28318530718,
8.377580409573),.UNSPECIFIED.) CURVE() GEOMETRIC_REPRESENTATION_ITEM() 
RATIONAL_B_SPLINE_CURVE((1.,0.5,1.,0.5,1.,0.5,1.)) REPRESENTATION_ITEM(
  '') );
#962 = CARTESIAN_POINT('',(44.2,-3.707602883041E-15));
#963 = CARTESIAN_POINT('',(44.2,-74.65138980621));
#964 = CARTESIAN_POINT('',(-20.45,-37.3256949031));
#965 = CARTESIAN_POINT('',(-85.1,-3.60591725529E-15));
#966 = CARTESIAN_POINT('',(-20.45,37.325694903109));
#967 = CARTESIAN_POINT('',(44.2,74.651389806219));
#968 = CARTESIAN_POINT('',(44.2,-3.707602883041E-15));
#969 = ( GEOMETRIC_REPRESENTATION_CONTEXT(2) 
PARAMETRIC_REPRESENTATION_CONTEXT() REPRESENTATION_CONTEXT('2D SPACE',''
  ) );
#970 = PCURVE('',#971,#976);
#971 = CYLINDRICAL_SURFACE('',#972,43.1);
#972 = AXIS2_PLACEMENT_3D('',#973,#974,#975);
#973 = CARTESIAN_POINT('',(1.1,3.552713678801E-15,2.));
#974 = DIRECTION('',(-0.,0.,-1.));
#975 = DIRECTION('',(1.,-8.242955171231E-17,-0.));
#976 = DEFINITIONAL_REPRESENTATION('',(#977),#981);
#977 = LINE('',#978,#979);
#978 = CARTESIAN_POINT('',(0.,0.));
#979 = VECTOR('',#980,1.);
#980 = DIRECTION('',(1.,0.));
#981 = ( GEOMETRIC_REPRESENTATION_CONTEXT(2) 
PARAMETRIC_REPRESENTATION_CONTEXT() REPRESENTATION_CONTEXT('2D SPACE',''
  ) );
#982 = ORIENTED_EDGE('',*,*,#983,.F.);
#983 = EDGE_CURVE('',#984,#951,#986,.T.);
#984 = VERTEX_POINT('',#985);
#985 = CARTESIAN_POINT('',(45.,-1.13186864968E-14,2.));
#986 = SURFACE_CURVE('',#987,(#991,#998),.PCURVE_S1.);
#987 = LINE('',#988,#989);
#988 = CARTESIAN_POINT('',(45.,-1.13186864968E-14,2.));
#989 = VECTOR('',#990,1.);
#990 = DIRECTION('',(-1.,1.4148358121E-14,0.));
#991 = PCURVE('',#66,#992);
#992 = DEFINITIONAL_REPRESENTATION('',(#993),#997);
#993 = LINE('',#994,#995);
#994 = CARTESIAN_POINT('',(45.,-1.502628937984E-14));
#995 = VECTOR('',#996,1.);
#996 = DIRECTION('',(-1.,1.4148358121E-14));
#997 = ( GEOMETRIC_REPRESENTATION_CONTEXT(2) 
PARAMETRIC_REPRESENTATION_CONTEXT() REPRESENTATION_CONTEXT('2D SPACE',''
  ) );
#998 = PCURVE('',#999,#1004);
#999 = PLANE('',#1000);
#1000 = AXIS2_PLACEMENT_3D('',#1001,#1002,#1003);
#1001 = CARTESIAN_POINT('',(45.,-1.13186864968E-14,2.));
#1002 = DIRECTION('',(-1.4148358121E-14,-1.,0.));
#1003 = DIRECTION('',(-1.,1.4148358121E-14,0.));
#1004 = DEFINITIONAL_REPRESENTATION('',(#1005),#1009);
#1005 = LINE('',#1006,#1007);
#1006 = CARTESIAN_POINT('',(0.,0.));
#1007 = VECTOR('',#1008,1.);
#1008 = DIRECTION('',(1.,0.));
#1009 = ( GEOMETRIC_REPRESENTATION_CONTEXT(2) 
PARAMETRIC_REPRESENTATION_CONTEXT() REPRESENTATION_CONTEXT('2D SPACE',''
  ) );
#1010 = ORIENTED_EDGE('',*,*,#1011,.F.);
#1011 = EDGE_CURVE('',#1012,#984,#1014,.T.);
#1012 = VERTEX_POINT('',#1013);
#1013 = CARTESIAN_POINT('',(1.408273945217,-43.89891760823,2.));
#1014 = SURFACE_CURVE('',#1015,(#1020,#1027),.PCURVE_S1.);
#1015 = CIRCLE('',#1016,43.9);
#1016 = AXIS2_PLACEMENT_3D('',#1017,#1018,#1019);
#1017 = CARTESIAN_POINT('',(1.1,8.881784197001E-15,2.));
#1018 = DIRECTION('',(0.,0.,1.));
#1019 = DIRECTION('',(-1.,-1.064064935507E-16,0.));
#1020 = PCURVE('',#66,#1021);
#1021 = DEFINITIONAL_REPRESENTATION('',(#1022),#1026);
#1022 = CIRCLE('',#1023,43.9);
#1023 = AXIS2_PLACEMENT_2D('',#1024,#1025);
#1024 = CARTESIAN_POINT('',(1.1,5.17418131396E-15));
#1025 = DIRECTION('',(-1.,-1.064064935507E-16));
#1026 = ( GEOMETRIC_REPRESENTATION_CONTEXT(2) 
PARAMETRIC_REPRESENTATION_CONTEXT() REPRESENTATION_CONTEXT('2D SPACE',''
  ) );
#1027 = PCURVE('',#1028,#1033);
#1028 = CYLINDRICAL_SURFACE('',#1029,43.9);
#1029 = AXIS2_PLACEMENT_3D('',#1030,#1031,#1032);
#1030 = CARTESIAN_POINT('',(1.1,8.881784197001E-15,2.));
#1031 = DIRECTION('',(-0.,-0.,-1.));
#1032 = DIRECTION('',(-1.,-1.064064935507E-16,0.));
#1033 = DEFINITIONAL_REPRESENTATION('',(#1034),#1038);
#1034 = LINE('',#1035,#1036);
#1035 = CARTESIAN_POINT('',(-0.,0.));
#1036 = VECTOR('',#1037,1.);
#1037 = DIRECTION('',(-1.,0.));
#1038 = ( GEOMETRIC_REPRESENTATION_CONTEXT(2) 
PARAMETRIC_REPRESENTATION_CONTEXT() REPRESENTATION_CONTEXT('2D SPACE',''
  ) );
#1039 = ORIENTED_EDGE('',*,*,#1040,.T.);
#1040 = EDGE_CURVE('',#1012,#1041,#1043,.T.);
#1041 = VERTEX_POINT('',#1042);
#1042 = CARTESIAN_POINT('',(-1.547447704483,-43.82009836424,2.));
#1043 = SURFACE_CURVE('',#1044,(#1049,#1060),.PCURVE_S1.);
#1044 = CIRCLE('',#1045,3.);
#1045 = AXIS2_PLACEMENT_3D('',#1046,#1047,#1048);
#1046 = CARTESIAN_POINT('',(-9.159339953158E-15,-41.25,2.));
#1047 = DIRECTION('',(0.,-0.,-1.));
#1048 = DIRECTION('',(1.,-2.22044604925E-16,0.));
#1049 = PCURVE('',#66,#1050);
#1050 = DEFINITIONAL_REPRESENTATION('',(#1051),#1059);
#1051 = ( BOUNDED_CURVE() B_SPLINE_CURVE(2,(#1052,#1053,#1054,#1055,
#1056,#1057,#1058),.UNSPECIFIED.,.T.,.F.) B_SPLINE_CURVE_WITH_KNOTS((1,2
    ,2,2,2,1),(-2.094395102393,0.,2.094395102393,4.188790204786,
6.28318530718,8.377580409573),.UNSPECIFIED.) CURVE() 
GEOMETRIC_REPRESENTATION_ITEM() RATIONAL_B_SPLINE_CURVE((1.,0.5,1.,0.5,
1.,0.5,1.)) REPRESENTATION_ITEM('') );
#1052 = CARTESIAN_POINT('',(3.,-41.25));
#1053 = CARTESIAN_POINT('',(3.,-46.4461524227));
#1054 = CARTESIAN_POINT('',(-1.5,-43.84807621135));
#1055 = CARTESIAN_POINT('',(-6.,-41.25));
#1056 = CARTESIAN_POINT('',(-1.5,-38.65192378864));
#1057 = CARTESIAN_POINT('',(3.,-36.05384757729));
#1058 = CARTESIAN_POINT('',(3.,-41.25));
#1059 = ( GEOMETRIC_REPRESENTATION_CONTEXT(2) 
PARAMETRIC_REPRESENTATION_CONTEXT() REPRESENTATION_CONTEXT('2D SPACE',''
  ) );
#1060 = PCURVE('',#320,#1061);
#1061 = DEFINITIONAL_REPRESENTATION('',(#1062),#1066);
#1062 = LINE('',#1063,#1064);
#1063 = CARTESIAN_POINT('',(0.,-2.));
#1064 = VECTOR('',#1065,1.);
#1065 = DIRECTION('',(1.,0.));
#1066 = ( GEOMETRIC_REPRESENTATION_CONTEXT(2) 
PARAMETRIC_REPRESENTATION_CONTEXT() REPRESENTATION_CONTEXT('2D SPACE',''
  ) );
#1067 = ORIENTED_EDGE('',*,*,#1068,.F.);
#1068 = EDGE_CURVE('',#1069,#1041,#1071,.T.);
#1069 = VERTEX_POINT('',#1070);
#1070 = CARTESIAN_POINT('',(-35.90442152623,-23.61954249152,2.));
#1071 = SURFACE_CURVE('',#1072,(#1077,#1084),.PCURVE_S1.);
#1072 = CIRCLE('',#1073,43.9);
#1073 = AXIS2_PLACEMENT_3D('',#1074,#1075,#1076);
#1074 = CARTESIAN_POINT('',(1.1,8.881784197001E-15,2.));
#1075 = DIRECTION('',(0.,0.,1.));
#1076 = DIRECTION('',(-1.,-1.064064935507E-16,0.));
#1077 = PCURVE('',#66,#1078);
#1078 = DEFINITIONAL_REPRESENTATION('',(#1079),#1083);
#1079 = CIRCLE('',#1080,43.9);
#1080 = AXIS2_PLACEMENT_2D('',#1081,#1082);
#1081 = CARTESIAN_POINT('',(1.1,5.17418131396E-15));
#1082 = DIRECTION('',(-1.,-1.064064935507E-16));
#1083 = ( GEOMETRIC_REPRESENTATION_CONTEXT(2) 
PARAMETRIC_REPRESENTATION_CONTEXT() REPRESENTATION_CONTEXT('2D SPACE',''
  ) );
#1084 = PCURVE('',#1028,#1085);
#1085 = DEFINITIONAL_REPRESENTATION('',(#1086),#1090);
#1086 = LINE('',#1087,#1088);
#1087 = CARTESIAN_POINT('',(-0.,0.));
#1088 = VECTOR('',#1089,1.);
#1089 = DIRECTION('',(-1.,0.));
#1090 = ( GEOMETRIC_REPRESENTATION_CONTEXT(2) 
PARAMETRIC_REPRESENTATION_CONTEXT() REPRESENTATION_CONTEXT('2D SPACE',''
  ) );
#1091 = ORIENTED_EDGE('',*,*,#1092,.T.);
#1092 = EDGE_CURVE('',#1069,#1093,#1095,.T.);
#1093 = VERTEX_POINT('',#1094);
#1094 = CARTESIAN_POINT('',(-38.37148587485,-19.21488492891,2.));
#1095 = SURFACE_CURVE('',#1096,(#1101,#1112),.PCURVE_S1.);
#1096 = CIRCLE('',#1097,3.);
#1097 = AXIS2_PLACEMENT_3D('',#1098,#1099,#1100);
#1098 = CARTESIAN_POINT('',(-35.7235479061,-20.625,2.));
#1099 = DIRECTION('',(0.,-0.,-1.));
#1100 = DIRECTION('',(0.5,-0.866025403784,0.));
#1101 = PCURVE('',#66,#1102);
#1102 = DEFINITIONAL_REPRESENTATION('',(#1103),#1111);
#1103 = ( BOUNDED_CURVE() B_SPLINE_CURVE(2,(#1104,#1105,#1106,#1107,
#1108,#1109,#1110),.UNSPECIFIED.,.T.,.F.) B_SPLINE_CURVE_WITH_KNOTS((1,2
    ,2,2,2,1),(-2.094395102393,0.,2.094395102393,4.188790204786,
6.28318530718,8.377580409573),.UNSPECIFIED.) CURVE() 
GEOMETRIC_REPRESENTATION_ITEM() RATIONAL_B_SPLINE_CURVE((1.,0.5,1.,0.5,
1.,0.5,1.)) REPRESENTATION_ITEM('') );
#1104 = CARTESIAN_POINT('',(-34.2235479061,-23.22307621135));
#1105 = CARTESIAN_POINT('',(-38.7235479061,-25.8211524227));
#1106 = CARTESIAN_POINT('',(-38.7235479061,-20.625));
#1107 = CARTESIAN_POINT('',(-38.7235479061,-15.42884757729));
#1108 = CARTESIAN_POINT('',(-34.2235479061,-18.02692378864));
#1109 = CARTESIAN_POINT('',(-29.7235479061,-20.625));
#1110 = CARTESIAN_POINT('',(-34.2235479061,-23.22307621135));
#1111 = ( GEOMETRIC_REPRESENTATION_CONTEXT(2) 
PARAMETRIC_REPRESENTATION_CONTEXT() REPRESENTATION_CONTEXT('2D SPACE',''
  ) );
#1112 = PCURVE('',#196,#1113);
#1113 = DEFINITIONAL_REPRESENTATION('',(#1114),#1118);
#1114 = LINE('',#1115,#1116);
#1115 = CARTESIAN_POINT('',(0.,-2.));
#1116 = VECTOR('',#1117,1.);
#1117 = DIRECTION('',(1.,0.));
#1118 = ( GEOMETRIC_REPRESENTATION_CONTEXT(2) 
PARAMETRIC_REPRESENTATION_CONTEXT() REPRESENTATION_CONTEXT('2D SPACE',''
  ) );
#1119 = ORIENTED_EDGE('',*,*,#1120,.F.);
#1120 = EDGE_CURVE('',#1121,#1093,#1123,.T.);
#1121 = VERTEX_POINT('',#1122);
#1122 = CARTESIAN_POINT('',(-42.8,4.210539130126E-15,2.));
#1123 = SURFACE_CURVE('',#1124,(#1129,#1136),.PCURVE_S1.);
#1124 = CIRCLE('',#1125,43.9);
#1125 = AXIS2_PLACEMENT_3D('',#1126,#1127,#1128);
#1126 = CARTESIAN_POINT('',(1.1,8.881784197001E-15,2.));
#1127 = DIRECTION('',(0.,0.,1.));
#1128 = DIRECTION('',(-1.,-1.064064935507E-16,0.));
#1129 = PCURVE('',#66,#1130);
#1130 = DEFINITIONAL_REPRESENTATION('',(#1131),#1135);
#1131 = CIRCLE('',#1132,43.9);
#1132 = AXIS2_PLACEMENT_2D('',#1133,#1134);
#1133 = CARTESIAN_POINT('',(1.1,5.17418131396E-15));
#1134 = DIRECTION('',(-1.,-1.064064935507E-16));
#1135 = ( GEOMETRIC_REPRESENTATION_CONTEXT(2) 
PARAMETRIC_REPRESENTATION_CONTEXT() REPRESENTATION_CONTEXT('2D SPACE',''
  ) );
#1136 = PCURVE('',#1028,#1137);
#1137 = DEFINITIONAL_REPRESENTATION('',(#1138),#1142);
#1138 = LINE('',#1139,#1140);
#1139 = CARTESIAN_POINT('',(-0.,0.));
#1140 = VECTOR('',#1141,1.);
#1141 = DIRECTION('',(-1.,0.));
#1142 = ( GEOMETRIC_REPRESENTATION_CONTEXT(2) 
PARAMETRIC_REPRESENTATION_CONTEXT() REPRESENTATION_CONTEXT('2D SPACE',''
  ) );
#1143 = ORIENTED_EDGE('',*,*,#1144,.F.);
#1144 = EDGE_CURVE('',#1145,#1121,#1147,.T.);
#1145 = VERTEX_POINT('',#1146);
#1146 = CARTESIAN_POINT('',(-38.30420662533,19.095228587371,2.));
#1147 = SURFACE_CURVE('',#1148,(#1153,#1160),.PCURVE_S1.);
#1148 = CIRCLE('',#1149,42.8);
#1149 = AXIS2_PLACEMENT_3D('',#1150,#1151,#1152);
#1150 = CARTESIAN_POINT('',(-3.552713678801E-15,0.,2.));
#1151 = DIRECTION('',(0.,0.,1.));
#1152 = DIRECTION('',(1.,2.408759743516E-17,-0.));
#1153 = PCURVE('',#66,#1154);
#1154 = DEFINITIONAL_REPRESENTATION('',(#1155),#1159);
#1155 = CIRCLE('',#1156,42.8);
#1156 = AXIS2_PLACEMENT_2D('',#1157,#1158);
#1157 = CARTESIAN_POINT('',(-7.447082729441E-16,-3.707602883041E-15));
#1158 = DIRECTION('',(1.,2.408759743516E-17));
#1159 = ( GEOMETRIC_REPRESENTATION_CONTEXT(2) 
PARAMETRIC_REPRESENTATION_CONTEXT() REPRESENTATION_CONTEXT('2D SPACE',''
  ) );
#1160 = PCURVE('',#1161,#1166);
#1161 = CYLINDRICAL_SURFACE('',#1162,42.8);
#1162 = AXIS2_PLACEMENT_3D('',#1163,#1164,#1165);
#1163 = CARTESIAN_POINT('',(-3.552713678801E-15,0.,2.));
#1164 = DIRECTION('',(-0.,-0.,-1.));
#1165 = DIRECTION('',(1.,2.408759743516E-17,-0.));
#1166 = DEFINITIONAL_REPRESENTATION('',(#1167),#1171);
#1167 = LINE('',#1168,#1169);
#1168 = CARTESIAN_POINT('',(-0.,0.));
#1169 = VECTOR('',#1170,1.);
#1170 = DIRECTION('',(-1.,0.));
#1171 = ( GEOMETRIC_REPRESENTATION_CONTEXT(2) 
PARAMETRIC_REPRESENTATION_CONTEXT() REPRESENTATION_CONTEXT('2D SPACE',''
  ) );
#1172 = ORIENTED_EDGE('',*,*,#1173,.T.);
#1173 = EDGE_CURVE('',#1145,#1174,#1176,.T.);
#1174 = VERTEX_POINT('',#1175);
#1175 = CARTESIAN_POINT('',(-35.6890563604,23.62480171566,2.));
#1176 = SURFACE_CURVE('',#1177,(#1182,#1193),.PCURVE_S1.);
#1177 = CIRCLE('',#1178,3.);
#1178 = AXIS2_PLACEMENT_3D('',#1179,#1180,#1181);
#1179 = CARTESIAN_POINT('',(-35.7235479061,20.625,2.));
#1180 = DIRECTION('',(-0.,0.,-1.));
#1181 = DIRECTION('',(-0.5,-0.866025403784,0.));
#1182 = PCURVE('',#66,#1183);
#1183 = DEFINITIONAL_REPRESENTATION('',(#1184),#1192);
#1184 = ( BOUNDED_CURVE() B_SPLINE_CURVE(2,(#1185,#1186,#1187,#1188,
#1189,#1190,#1191),.UNSPECIFIED.,.T.,.F.) B_SPLINE_CURVE_WITH_KNOTS((1,2
    ,2,2,2,1),(-2.094395102393,0.,2.094395102393,4.188790204786,
6.28318530718,8.377580409573),.UNSPECIFIED.) CURVE() 
GEOMETRIC_REPRESENTATION_ITEM() RATIONAL_B_SPLINE_CURVE((1.,0.5,1.,0.5,
1.,0.5,1.)) REPRESENTATION_ITEM('') );
#1185 = CARTESIAN_POINT('',(-37.2235479061,18.026923788647));
#1186 = CARTESIAN_POINT('',(-41.7235479061,20.625));
#1187 = CARTESIAN_POINT('',(-37.2235479061,23.223076211353));
#1188 = CARTESIAN_POINT('',(-32.7235479061,25.821152422707));
#1189 = CARTESIAN_POINT('',(-32.7235479061,20.625));
#1190 = CARTESIAN_POINT('',(-32.7235479061,15.428847577293));
#1191 = CARTESIAN_POINT('',(-37.2235479061,18.026923788647));
#1192 = ( GEOMETRIC_REPRESENTATION_CONTEXT(2) 
PARAMETRIC_REPRESENTATION_CONTEXT() REPRESENTATION_CONTEXT('2D SPACE',''
  ) );
#1193 = PCURVE('',#568,#1194);
#1194 = DEFINITIONAL_REPRESENTATION('',(#1195),#1199);
#1195 = LINE('',#1196,#1197);
#1196 = CARTESIAN_POINT('',(0.,-2.));
#1197 = VECTOR('',#1198,1.);
#1198 = DIRECTION('',(1.,0.));
#1199 = ( GEOMETRIC_REPRESENTATION_CONTEXT(2) 
PARAMETRIC_REPRESENTATION_CONTEXT() REPRESENTATION_CONTEXT('2D SPACE',''
  ) );
#1200 = ORIENTED_EDGE('',*,*,#1201,.F.);
#1201 = EDGE_CURVE('',#1202,#1174,#1204,.T.);
#1202 = VERTEX_POINT('',#1203);
#1203 = CARTESIAN_POINT('',(-2.615150264932,42.72003030303,2.));
#1204 = SURFACE_CURVE('',#1205,(#1210,#1217),.PCURVE_S1.);
#1205 = CIRCLE('',#1206,42.8);
#1206 = AXIS2_PLACEMENT_3D('',#1207,#1208,#1209);
#1207 = CARTESIAN_POINT('',(-3.552713678801E-15,0.,2.));
#1208 = DIRECTION('',(0.,0.,1.));
#1209 = DIRECTION('',(1.,2.408759743516E-17,-0.));
#1210 = PCURVE('',#66,#1211);
#1211 = DEFINITIONAL_REPRESENTATION('',(#1212),#1216);
#1212 = CIRCLE('',#1213,42.8);
#1213 = AXIS2_PLACEMENT_2D('',#1214,#1215);
#1214 = CARTESIAN_POINT('',(-7.447082729441E-16,-3.707602883041E-15));
#1215 = DIRECTION('',(1.,2.408759743516E-17));
#1216 = ( GEOMETRIC_REPRESENTATION_CONTEXT(2) 
PARAMETRIC_REPRESENTATION_CONTEXT() REPRESENTATION_CONTEXT('2D SPACE',''
  ) );
#1217 = PCURVE('',#1161,#1218);
#1218 = DEFINITIONAL_REPRESENTATION('',(#1219),#1223);
#1219 = LINE('',#1220,#1221);
#1220 = CARTESIAN_POINT('',(-0.,0.));
#1221 = VECTOR('',#1222,1.);
#1222 = DIRECTION('',(-1.,0.));
#1223 = ( GEOMETRIC_REPRESENTATION_CONTEXT(2) 
PARAMETRIC_REPRESENTATION_CONTEXT() REPRESENTATION_CONTEXT('2D SPACE',''
  ) );
#1224 = ORIENTED_EDGE('',*,*,#1225,.T.);
#1225 = EDGE_CURVE('',#1202,#1226,#1228,.T.);
#1226 = VERTEX_POINT('',#1227);
#1227 = CARTESIAN_POINT('',(2.615150264932,42.72003030303,2.));
#1228 = SURFACE_CURVE('',#1229,(#1234,#1245),.PCURVE_S1.);
#1229 = CIRCLE('',#1230,3.);
#1230 = AXIS2_PLACEMENT_3D('',#1231,#1232,#1233);
#1231 = CARTESIAN_POINT('',(4.579669976579E-15,41.25,2.));
#1232 = DIRECTION('',(0.,0.,-1.));
#1233 = DIRECTION('',(-1.,1.110223024625E-16,0.));
#1234 = PCURVE('',#66,#1235);
#1235 = DEFINITIONAL_REPRESENTATION('',(#1236),#1244);
#1236 = ( BOUNDED_CURVE() B_SPLINE_CURVE(2,(#1237,#1238,#1239,#1240,
#1241,#1242,#1243),.UNSPECIFIED.,.T.,.F.) B_SPLINE_CURVE_WITH_KNOTS((1,2
    ,2,2,2,1),(-2.094395102393,0.,2.094395102393,4.188790204786,
6.28318530718,8.377580409573),.UNSPECIFIED.) CURVE() 
GEOMETRIC_REPRESENTATION_ITEM() RATIONAL_B_SPLINE_CURVE((1.,0.5,1.,0.5,
1.,0.5,1.)) REPRESENTATION_ITEM('') );
#1237 = CARTESIAN_POINT('',(-3.,41.25));
#1238 = CARTESIAN_POINT('',(-3.,46.446152422707));
#1239 = CARTESIAN_POINT('',(1.5,43.848076211353));
#1240 = CARTESIAN_POINT('',(6.,41.25));
#1241 = CARTESIAN_POINT('',(1.5,38.651923788647));
#1242 = CARTESIAN_POINT('',(-3.,36.053847577293));
#1243 = CARTESIAN_POINT('',(-3.,41.25));
#1244 = ( GEOMETRIC_REPRESENTATION_CONTEXT(2) 
PARAMETRIC_REPRESENTATION_CONTEXT() REPRESENTATION_CONTEXT('2D SPACE',''
  ) );
#1245 = PCURVE('',#847,#1246);
#1246 = DEFINITIONAL_REPRESENTATION('',(#1247),#1251);
#1247 = LINE('',#1248,#1249);
#1248 = CARTESIAN_POINT('',(0.,-2.));
#1249 = VECTOR('',#1250,1.);
#1250 = DIRECTION('',(1.,0.));
#1251 = ( GEOMETRIC_REPRESENTATION_CONTEXT(2) 
PARAMETRIC_REPRESENTATION_CONTEXT() REPRESENTATION_CONTEXT('2D SPACE',''
  ) );
#1252 = ORIENTED_EDGE('',*,*,#1253,.F.);
#1253 = EDGE_CURVE('',#1254,#1226,#1256,.T.);
#1254 = VERTEX_POINT('',#1255);
#1255 = CARTESIAN_POINT('',(35.689056360398,23.624801715661,2.));
#1256 = SURFACE_CURVE('',#1257,(#1262,#1269),.PCURVE_S1.);
#1257 = CIRCLE('',#1258,42.8);
#1258 = AXIS2_PLACEMENT_3D('',#1259,#1260,#1261);
#1259 = CARTESIAN_POINT('',(-3.552713678801E-15,0.,2.));
#1260 = DIRECTION('',(0.,0.,1.));
#1261 = DIRECTION('',(1.,2.408759743516E-17,-0.));
#1262 = PCURVE('',#66,#1263);
#1263 = DEFINITIONAL_REPRESENTATION('',(#1264),#1268);
#1264 = CIRCLE('',#1265,42.8);
#1265 = AXIS2_PLACEMENT_2D('',#1266,#1267);
#1266 = CARTESIAN_POINT('',(-7.447082729441E-16,-3.707602883041E-15));
#1267 = DIRECTION('',(1.,2.408759743516E-17));
#1268 = ( GEOMETRIC_REPRESENTATION_CONTEXT(2) 
PARAMETRIC_REPRESENTATION_CONTEXT() REPRESENTATION_CONTEXT('2D SPACE',''
  ) );
#1269 = PCURVE('',#1161,#1270);
#1270 = DEFINITIONAL_REPRESENTATION('',(#1271),#1275);
#1271 = LINE('',#1272,#1273);
#1272 = CARTESIAN_POINT('',(-0.,0.));
#1273 = VECTOR('',#1274,1.);
#1274 = DIRECTION('',(-1.,0.));
#1275 = ( GEOMETRIC_REPRESENTATION_CONTEXT(2) 
PARAMETRIC_REPRESENTATION_CONTEXT() REPRESENTATION_CONTEXT('2D SPACE',''
  ) );
#1276 = ORIENTED_EDGE('',*,*,#1277,.T.);
#1277 = EDGE_CURVE('',#1254,#1278,#1280,.T.);
#1278 = VERTEX_POINT('',#1279);
#1279 = CARTESIAN_POINT('',(38.304206625331,19.095228587369,2.));
#1280 = SURFACE_CURVE('',#1281,(#1286,#1297),.PCURVE_S1.);
#1281 = CIRCLE('',#1282,3.);
#1282 = AXIS2_PLACEMENT_3D('',#1283,#1284,#1285);
#1283 = CARTESIAN_POINT('',(35.723547906108,20.625,2.));
#1284 = DIRECTION('',(0.,0.,-1.));
#1285 = DIRECTION('',(-0.5,0.866025403784,0.));
#1286 = PCURVE('',#66,#1287);
#1287 = DEFINITIONAL_REPRESENTATION('',(#1288),#1296);
#1288 = ( BOUNDED_CURVE() B_SPLINE_CURVE(2,(#1289,#1290,#1291,#1292,
#1293,#1294,#1295),.UNSPECIFIED.,.T.,.F.) B_SPLINE_CURVE_WITH_KNOTS((1,2
    ,2,2,2,1),(-2.094395102393,0.,2.094395102393,4.188790204786,
6.28318530718,8.377580409573),.UNSPECIFIED.) CURVE() 
GEOMETRIC_REPRESENTATION_ITEM() RATIONAL_B_SPLINE_CURVE((1.,0.5,1.,0.5,
1.,0.5,1.)) REPRESENTATION_ITEM('') );
#1289 = CARTESIAN_POINT('',(34.223547906108,23.223076211353));
#1290 = CARTESIAN_POINT('',(38.723547906108,25.821152422707));
#1291 = CARTESIAN_POINT('',(38.723547906108,20.625));
#1292 = CARTESIAN_POINT('',(38.723547906108,15.428847577293));
#1293 = CARTESIAN_POINT('',(34.223547906108,18.026923788647));
#1294 = CARTESIAN_POINT('',(29.723547906108,20.625));
#1295 = CARTESIAN_POINT('',(34.223547906108,23.223076211353));
#1296 = ( GEOMETRIC_REPRESENTATION_CONTEXT(2) 
PARAMETRIC_REPRESENTATION_CONTEXT() REPRESENTATION_CONTEXT('2D SPACE',''
  ) );
#1297 = PCURVE('',#723,#1298);
#1298 = DEFINITIONAL_REPRESENTATION('',(#1299),#1303);
#1299 = LINE('',#1300,#1301);
#1300 = CARTESIAN_POINT('',(0.,-2.));
#1301 = VECTOR('',#1302,1.);
#1302 = DIRECTION('',(1.,0.));
#1303 = ( GEOMETRIC_REPRESENTATION_CONTEXT(2) 
PARAMETRIC_REPRESENTATION_CONTEXT() REPRESENTATION_CONTEXT('2D SPACE',''
  ) );
#1304 = ORIENTED_EDGE('',*,*,#1305,.F.);
#1305 = EDGE_CURVE('',#894,#1278,#1306,.T.);
#1306 = SURFACE_CURVE('',#1307,(#1312,#1319),.PCURVE_S1.);
#1307 = CIRCLE('',#1308,42.8);
#1308 = AXIS2_PLACEMENT_3D('',#1309,#1310,#1311);
#1309 = CARTESIAN_POINT('',(-3.552713678801E-15,0.,2.));
#1310 = DIRECTION('',(0.,0.,1.));
#1311 = DIRECTION('',(1.,2.408759743516E-17,-0.));
#1312 = PCURVE('',#66,#1313);
#1313 = DEFINITIONAL_REPRESENTATION('',(#1314),#1318);
#1314 = CIRCLE('',#1315,42.8);
#1315 = AXIS2_PLACEMENT_2D('',#1316,#1317);
#1316 = CARTESIAN_POINT('',(-7.447082729441E-16,-3.707602883041E-15));
#1317 = DIRECTION('',(1.,2.408759743516E-17));
#1318 = ( GEOMETRIC_REPRESENTATION_CONTEXT(2) 
PARAMETRIC_REPRESENTATION_CONTEXT() REPRESENTATION_CONTEXT('2D SPACE',''
  ) );
#1319 = PCURVE('',#1161,#1320);
#1320 = DEFINITIONAL_REPRESENTATION('',(#1321),#1325);
#1321 = LINE('',#1322,#1323);
#1322 = CARTESIAN_POINT('',(-0.,0.));
#1323 = VECTOR('',#1324,1.);
#1324 = DIRECTION('',(-1.,0.));
#1325 = ( GEOMETRIC_REPRESENTATION_CONTEXT(2) 
PARAMETRIC_REPRESENTATION_CONTEXT() REPRESENTATION_CONTEXT('2D SPACE',''
  ) );
#1326 = ADVANCED_FACE('',(#1327),#135,.F.);
#1327 = FACE_BOUND('',#1328,.F.);
#1328 = EDGE_LOOP('',(#1329,#1352,#1381,#1414,#1443,#1476,#1500,#1533,
    #1557,#1578));
#1329 = ORIENTED_EDGE('',*,*,#1330,.T.);
#1330 = EDGE_CURVE('',#113,#1331,#1333,.T.);
#1331 = VERTEX_POINT('',#1332);
#1332 = CARTESIAN_POINT('',(-26.61473670974,-11.90192378864,2.));
#1333 = SURFACE_CURVE('',#1334,(#1338,#1345),.PCURVE_S1.);
#1334 = LINE('',#1335,#1336);
#1335 = CARTESIAN_POINT('',(-26.61473670974,-11.90192378864,0.));
#1336 = VECTOR('',#1337,1.);
#1337 = DIRECTION('',(0.,0.,1.));
#1338 = PCURVE('',#135,#1339);
#1339 = DEFINITIONAL_REPRESENTATION('',(#1340),#1344);
#1340 = LINE('',#1341,#1342);
#1341 = CARTESIAN_POINT('',(0.,0.));
#1342 = VECTOR('',#1343,1.);
#1343 = DIRECTION('',(0.,-1.));
#1344 = ( GEOMETRIC_REPRESENTATION_CONTEXT(2) 
PARAMETRIC_REPRESENTATION_CONTEXT() REPRESENTATION_CONTEXT('2D SPACE',''
  ) );
#1345 = PCURVE('',#222,#1346);
#1346 = DEFINITIONAL_REPRESENTATION('',(#1347),#1351);
#1347 = LINE('',#1348,#1349);
#1348 = CARTESIAN_POINT('',(12.25,0.));
#1349 = VECTOR('',#1350,1.);
#1350 = DIRECTION('',(0.,-1.));
#1351 = ( GEOMETRIC_REPRESENTATION_CONTEXT(2) 
PARAMETRIC_REPRESENTATION_CONTEXT() REPRESENTATION_CONTEXT('2D SPACE',''
  ) );
#1352 = ORIENTED_EDGE('',*,*,#1353,.T.);
#1353 = EDGE_CURVE('',#1331,#1354,#1356,.T.);
#1354 = VERTEX_POINT('',#1355);
#1355 = CARTESIAN_POINT('',(-26.38142988728,-11.78053527436,2.));
#1356 = SURFACE_CURVE('',#1357,(#1362,#1369),.PCURVE_S1.);
#1357 = CIRCLE('',#1358,3.);
#1358 = AXIS2_PLACEMENT_3D('',#1359,#1360,#1361);
#1359 = CARTESIAN_POINT('',(-25.11473670974,-14.5,2.));
#1360 = DIRECTION('',(0.,0.,-1.));
#1361 = DIRECTION('',(-0.5,0.866025403784,0.));
#1362 = PCURVE('',#135,#1363);
#1363 = DEFINITIONAL_REPRESENTATION('',(#1364),#1368);
#1364 = LINE('',#1365,#1366);
#1365 = CARTESIAN_POINT('',(0.,-2.));
#1366 = VECTOR('',#1367,1.);
#1367 = DIRECTION('',(1.,0.));
#1368 = ( GEOMETRIC_REPRESENTATION_CONTEXT(2) 
PARAMETRIC_REPRESENTATION_CONTEXT() REPRESENTATION_CONTEXT('2D SPACE',''
  ) );
#1369 = PCURVE('',#1370,#1375);
#1370 = PLANE('',#1371);
#1371 = AXIS2_PLACEMENT_3D('',#1372,#1373,#1374);
#1372 = CARTESIAN_POINT('',(-30.41914230792,-17.5625,2.));
#1373 = DIRECTION('',(0.,0.,-1.));
#1374 = DIRECTION('',(0.866025403784,0.5,0.));
#1375 = DEFINITIONAL_REPRESENTATION('',(#1376),#1380);
#1376 = CIRCLE('',#1377,3.);
#1377 = AXIS2_PLACEMENT_2D('',#1378,#1379);
#1378 = CARTESIAN_POINT('',(6.125,1.33226762955E-15));
#1379 = DIRECTION('',(0.,-1.));
#1380 = ( GEOMETRIC_REPRESENTATION_CONTEXT(2) 
PARAMETRIC_REPRESENTATION_CONTEXT() REPRESENTATION_CONTEXT('2D SPACE',''
  ) );
#1381 = ORIENTED_EDGE('',*,*,#1382,.T.);
#1382 = EDGE_CURVE('',#1354,#1383,#1385,.T.);
#1383 = VERTEX_POINT('',#1384);
#1384 = CARTESIAN_POINT('',(-24.97538122767,-11.50323840627,2.));
#1385 = SURFACE_CURVE('',#1386,(#1391,#1398),.PCURVE_S1.);
#1386 = CIRCLE('',#1387,3.);
#1387 = AXIS2_PLACEMENT_3D('',#1388,#1389,#1390);
#1388 = CARTESIAN_POINT('',(-25.11473670974,-14.5,2.));
#1389 = DIRECTION('',(0.,0.,-1.));
#1390 = DIRECTION('',(-0.5,0.866025403784,0.));
#1391 = PCURVE('',#135,#1392);
#1392 = DEFINITIONAL_REPRESENTATION('',(#1393),#1397);
#1393 = LINE('',#1394,#1395);
#1394 = CARTESIAN_POINT('',(0.,-2.));
#1395 = VECTOR('',#1396,1.);
#1396 = DIRECTION('',(1.,0.));
#1397 = ( GEOMETRIC_REPRESENTATION_CONTEXT(2) 
PARAMETRIC_REPRESENTATION_CONTEXT() REPRESENTATION_CONTEXT('2D SPACE',''
  ) );
#1398 = PCURVE('',#1399,#1404);
#1399 = PLANE('',#1400);
#1400 = AXIS2_PLACEMENT_3D('',#1401,#1402,#1403);
#1401 = CARTESIAN_POINT('',(-2.808005405856E-15,3.707602883041E-15,2.));
#1402 = DIRECTION('',(0.,0.,1.));
#1403 = DIRECTION('',(1.,0.,-0.));
#1404 = DEFINITIONAL_REPRESENTATION('',(#1405),#1413);
#1405 = ( BOUNDED_CURVE() B_SPLINE_CURVE(2,(#1406,#1407,#1408,#1409,
#1410,#1411,#1412),.UNSPECIFIED.,.T.,.F.) B_SPLINE_CURVE_WITH_KNOTS((1,2
    ,2,2,2,1),(-2.094395102393,0.,2.094395102393,4.188790204786,
6.28318530718,8.377580409573),.UNSPECIFIED.) CURVE() 
GEOMETRIC_REPRESENTATION_ITEM() RATIONAL_B_SPLINE_CURVE((1.,0.5,1.,0.5,
1.,0.5,1.)) REPRESENTATION_ITEM('') );
#1406 = CARTESIAN_POINT('',(-26.61473670974,-11.90192378864));
#1407 = CARTESIAN_POINT('',(-22.11473670974,-9.303847577293));
#1408 = CARTESIAN_POINT('',(-22.11473670974,-14.5));
#1409 = CARTESIAN_POINT('',(-22.11473670974,-19.6961524227));
#1410 = CARTESIAN_POINT('',(-26.61473670974,-17.09807621135));
#1411 = CARTESIAN_POINT('',(-31.11473670974,-14.5));
#1412 = CARTESIAN_POINT('',(-26.61473670974,-11.90192378864));
#1413 = ( GEOMETRIC_REPRESENTATION_CONTEXT(2) 
PARAMETRIC_REPRESENTATION_CONTEXT() REPRESENTATION_CONTEXT('2D SPACE',''
  ) );
#1414 = ORIENTED_EDGE('',*,*,#1415,.T.);
#1415 = EDGE_CURVE('',#1383,#1416,#1418,.T.);
#1416 = VERTEX_POINT('',#1417);
#1417 = CARTESIAN_POINT('',(-24.00106683277,-11.71436911901,2.));
#1418 = SURFACE_CURVE('',#1419,(#1424,#1431),.PCURVE_S1.);
#1419 = CIRCLE('',#1420,3.);
#1420 = AXIS2_PLACEMENT_3D('',#1421,#1422,#1423);
#1421 = CARTESIAN_POINT('',(-25.11473670974,-14.5,2.));
#1422 = DIRECTION('',(0.,0.,-1.));
#1423 = DIRECTION('',(-0.5,0.866025403784,0.));
#1424 = PCURVE('',#135,#1425);
#1425 = DEFINITIONAL_REPRESENTATION('',(#1426),#1430);
#1426 = LINE('',#1427,#1428);
#1427 = CARTESIAN_POINT('',(0.,-2.));
#1428 = VECTOR('',#1429,1.);
#1429 = DIRECTION('',(1.,0.));
#1430 = ( GEOMETRIC_REPRESENTATION_CONTEXT(2) 
PARAMETRIC_REPRESENTATION_CONTEXT() REPRESENTATION_CONTEXT('2D SPACE',''
  ) );
#1431 = PCURVE('',#1432,#1437);
#1432 = PLANE('',#1433);
#1433 = AXIS2_PLACEMENT_3D('',#1434,#1435,#1436);
#1434 = CARTESIAN_POINT('',(-30.41914230792,-17.5625,2.));
#1435 = DIRECTION('',(0.,0.,-1.));
#1436 = DIRECTION('',(0.866025403784,0.5,0.));
#1437 = DEFINITIONAL_REPRESENTATION('',(#1438),#1442);
#1438 = CIRCLE('',#1439,3.);
#1439 = AXIS2_PLACEMENT_2D('',#1440,#1441);
#1440 = CARTESIAN_POINT('',(6.125,1.33226762955E-15));
#1441 = DIRECTION('',(0.,-1.));
#1442 = ( GEOMETRIC_REPRESENTATION_CONTEXT(2) 
PARAMETRIC_REPRESENTATION_CONTEXT() REPRESENTATION_CONTEXT('2D SPACE',''
  ) );
#1443 = ORIENTED_EDGE('',*,*,#1444,.T.);
#1444 = EDGE_CURVE('',#1416,#1445,#1447,.T.);
#1445 = VERTEX_POINT('',#1446);
#1446 = CARTESIAN_POINT('',(-22.16320197968,-15.03706865224,2.));
#1447 = SURFACE_CURVE('',#1448,(#1453,#1460),.PCURVE_S1.);
#1448 = CIRCLE('',#1449,3.);
#1449 = AXIS2_PLACEMENT_3D('',#1450,#1451,#1452);
#1450 = CARTESIAN_POINT('',(-25.11473670974,-14.5,2.));
#1451 = DIRECTION('',(0.,0.,-1.));
#1452 = DIRECTION('',(-0.5,0.866025403784,0.));
#1453 = PCURVE('',#135,#1454);
#1454 = DEFINITIONAL_REPRESENTATION('',(#1455),#1459);
#1455 = LINE('',#1456,#1457);
#1456 = CARTESIAN_POINT('',(0.,-2.));
#1457 = VECTOR('',#1458,1.);
#1458 = DIRECTION('',(1.,0.));
#1459 = ( GEOMETRIC_REPRESENTATION_CONTEXT(2) 
PARAMETRIC_REPRESENTATION_CONTEXT() REPRESENTATION_CONTEXT('2D SPACE',''
  ) );
#1460 = PCURVE('',#1461,#1466);
#1461 = PLANE('',#1462);
#1462 = AXIS2_PLACEMENT_3D('',#1463,#1464,#1465);
#1463 = CARTESIAN_POINT('',(-2.808005405856E-15,3.707602883041E-15,2.));
#1464 = DIRECTION('',(0.,0.,1.));
#1465 = DIRECTION('',(1.,0.,-0.));
#1466 = DEFINITIONAL_REPRESENTATION('',(#1467),#1475);
#1467 = ( BOUNDED_CURVE() B_SPLINE_CURVE(2,(#1468,#1469,#1470,#1471,
#1472,#1473,#1474),.UNSPECIFIED.,.T.,.F.) B_SPLINE_CURVE_WITH_KNOTS((1,2
    ,2,2,2,1),(-2.094395102393,0.,2.094395102393,4.188790204786,
6.28318530718,8.377580409573),.UNSPECIFIED.) CURVE() 
GEOMETRIC_REPRESENTATION_ITEM() RATIONAL_B_SPLINE_CURVE((1.,0.5,1.,0.5,
1.,0.5,1.)) REPRESENTATION_ITEM('') );
#1468 = CARTESIAN_POINT('',(-26.61473670974,-11.90192378864));
#1469 = CARTESIAN_POINT('',(-22.11473670974,-9.303847577293));
#1470 = CARTESIAN_POINT('',(-22.11473670974,-14.5));
#1471 = CARTESIAN_POINT('',(-22.11473670974,-19.6961524227));
#1472 = CARTESIAN_POINT('',(-26.61473670974,-17.09807621135));
#1473 = CARTESIAN_POINT('',(-31.11473670974,-14.5));
#1474 = CARTESIAN_POINT('',(-26.61473670974,-11.90192378864));
#1475 = ( GEOMETRIC_REPRESENTATION_CONTEXT(2) 
PARAMETRIC_REPRESENTATION_CONTEXT() REPRESENTATION_CONTEXT('2D SPACE',''
  ) );
#1476 = ORIENTED_EDGE('',*,*,#1477,.T.);
#1477 = EDGE_CURVE('',#1445,#1478,#1480,.T.);
#1478 = VERTEX_POINT('',#1479);
#1479 = CARTESIAN_POINT('',(-22.50216214114,-15.97460303929,2.));
#1480 = SURFACE_CURVE('',#1481,(#1486,#1493),.PCURVE_S1.);
#1481 = CIRCLE('',#1482,3.);
#1482 = AXIS2_PLACEMENT_3D('',#1483,#1484,#1485);
#1483 = CARTESIAN_POINT('',(-25.11473670974,-14.5,2.));
#1484 = DIRECTION('',(0.,0.,-1.));
#1485 = DIRECTION('',(-0.5,0.866025403784,0.));
#1486 = PCURVE('',#135,#1487);
#1487 = DEFINITIONAL_REPRESENTATION('',(#1488),#1492);
#1488 = LINE('',#1489,#1490);
#1489 = CARTESIAN_POINT('',(0.,-2.));
#1490 = VECTOR('',#1491,1.);
#1491 = DIRECTION('',(1.,0.));
#1492 = ( GEOMETRIC_REPRESENTATION_CONTEXT(2) 
PARAMETRIC_REPRESENTATION_CONTEXT() REPRESENTATION_CONTEXT('2D SPACE',''
  ) );
#1493 = PCURVE('',#1432,#1494);
#1494 = DEFINITIONAL_REPRESENTATION('',(#1495),#1499);
#1495 = CIRCLE('',#1496,3.);
#1496 = AXIS2_PLACEMENT_2D('',#1497,#1498);
#1497 = CARTESIAN_POINT('',(6.125,1.33226762955E-15));
#1498 = DIRECTION('',(0.,-1.));
#1499 = ( GEOMETRIC_REPRESENTATION_CONTEXT(2) 
PARAMETRIC_REPRESENTATION_CONTEXT() REPRESENTATION_CONTEXT('2D SPACE',''
  ) );
#1500 = ORIENTED_EDGE('',*,*,#1501,.T.);
#1501 = EDGE_CURVE('',#1478,#1502,#1504,.T.);
#1502 = VERTEX_POINT('',#1503);
#1503 = CARTESIAN_POINT('',(-23.48431027263,-17.01827513054,2.));
#1504 = SURFACE_CURVE('',#1505,(#1510,#1517),.PCURVE_S1.);
#1505 = CIRCLE('',#1506,3.);
#1506 = AXIS2_PLACEMENT_3D('',#1507,#1508,#1509);
#1507 = CARTESIAN_POINT('',(-25.11473670974,-14.5,2.));
#1508 = DIRECTION('',(0.,0.,-1.));
#1509 = DIRECTION('',(-0.5,0.866025403784,0.));
#1510 = PCURVE('',#135,#1511);
#1511 = DEFINITIONAL_REPRESENTATION('',(#1512),#1516);
#1512 = LINE('',#1513,#1514);
#1513 = CARTESIAN_POINT('',(0.,-2.));
#1514 = VECTOR('',#1515,1.);
#1515 = DIRECTION('',(1.,0.));
#1516 = ( GEOMETRIC_REPRESENTATION_CONTEXT(2) 
PARAMETRIC_REPRESENTATION_CONTEXT() REPRESENTATION_CONTEXT('2D SPACE',''
  ) );
#1517 = PCURVE('',#1518,#1523);
#1518 = PLANE('',#1519);
#1519 = AXIS2_PLACEMENT_3D('',#1520,#1521,#1522);
#1520 = CARTESIAN_POINT('',(-2.808005405856E-15,3.707602883041E-15,2.));
#1521 = DIRECTION('',(0.,0.,1.));
#1522 = DIRECTION('',(1.,0.,-0.));
#1523 = DEFINITIONAL_REPRESENTATION('',(#1524),#1532);
#1524 = ( BOUNDED_CURVE() B_SPLINE_CURVE(2,(#1525,#1526,#1527,#1528,
#1529,#1530,#1531),.UNSPECIFIED.,.T.,.F.) B_SPLINE_CURVE_WITH_KNOTS((1,2
    ,2,2,2,1),(-2.094395102393,0.,2.094395102393,4.188790204786,
6.28318530718,8.377580409573),.UNSPECIFIED.) CURVE() 
GEOMETRIC_REPRESENTATION_ITEM() RATIONAL_B_SPLINE_CURVE((1.,0.5,1.,0.5,
1.,0.5,1.)) REPRESENTATION_ITEM('') );
#1525 = CARTESIAN_POINT('',(-26.61473670974,-11.90192378864));
#1526 = CARTESIAN_POINT('',(-22.11473670974,-9.303847577293));
#1527 = CARTESIAN_POINT('',(-22.11473670974,-14.5));
#1528 = CARTESIAN_POINT('',(-22.11473670974,-19.6961524227));
#1529 = CARTESIAN_POINT('',(-26.61473670974,-17.09807621135));
#1530 = CARTESIAN_POINT('',(-31.11473670974,-14.5));
#1531 = CARTESIAN_POINT('',(-26.61473670974,-11.90192378864));
#1532 = ( GEOMETRIC_REPRESENTATION_CONTEXT(2) 
PARAMETRIC_REPRESENTATION_CONTEXT() REPRESENTATION_CONTEXT('2D SPACE',''
  ) );
#1533 = ORIENTED_EDGE('',*,*,#1534,.T.);
#1534 = EDGE_CURVE('',#1502,#1535,#1537,.T.);
#1535 = VERTEX_POINT('',#1536);
#1536 = CARTESIAN_POINT('',(-23.61473670974,-17.09807621135,2.));
#1537 = SURFACE_CURVE('',#1538,(#1543,#1550),.PCURVE_S1.);
#1538 = CIRCLE('',#1539,3.);
#1539 = AXIS2_PLACEMENT_3D('',#1540,#1541,#1542);
#1540 = CARTESIAN_POINT('',(-25.11473670974,-14.5,2.));
#1541 = DIRECTION('',(0.,0.,-1.));
#1542 = DIRECTION('',(-0.5,0.866025403784,0.));
#1543 = PCURVE('',#135,#1544);
#1544 = DEFINITIONAL_REPRESENTATION('',(#1545),#1549);
#1545 = LINE('',#1546,#1547);
#1546 = CARTESIAN_POINT('',(0.,-2.));
#1547 = VECTOR('',#1548,1.);
#1548 = DIRECTION('',(1.,0.));
#1549 = ( GEOMETRIC_REPRESENTATION_CONTEXT(2) 
PARAMETRIC_REPRESENTATION_CONTEXT() REPRESENTATION_CONTEXT('2D SPACE',''
  ) );
#1550 = PCURVE('',#1370,#1551);
#1551 = DEFINITIONAL_REPRESENTATION('',(#1552),#1556);
#1552 = CIRCLE('',#1553,3.);
#1553 = AXIS2_PLACEMENT_2D('',#1554,#1555);
#1554 = CARTESIAN_POINT('',(6.125,1.33226762955E-15));
#1555 = DIRECTION('',(0.,-1.));
#1556 = ( GEOMETRIC_REPRESENTATION_CONTEXT(2) 
PARAMETRIC_REPRESENTATION_CONTEXT() REPRESENTATION_CONTEXT('2D SPACE',''
  ) );
#1557 = ORIENTED_EDGE('',*,*,#1558,.F.);
#1558 = EDGE_CURVE('',#115,#1535,#1559,.T.);
#1559 = SURFACE_CURVE('',#1560,(#1564,#1571),.PCURVE_S1.);
#1560 = LINE('',#1561,#1562);
#1561 = CARTESIAN_POINT('',(-23.61473670974,-17.09807621135,0.));
#1562 = VECTOR('',#1563,1.);
#1563 = DIRECTION('',(0.,0.,1.));
#1564 = PCURVE('',#135,#1565);
#1565 = DEFINITIONAL_REPRESENTATION('',(#1566),#1570);
#1566 = LINE('',#1567,#1568);
#1567 = CARTESIAN_POINT('',(3.14159265359,0.));
#1568 = VECTOR('',#1569,1.);
#1569 = DIRECTION('',(0.,-1.));
#1570 = ( GEOMETRIC_REPRESENTATION_CONTEXT(2) 
PARAMETRIC_REPRESENTATION_CONTEXT() REPRESENTATION_CONTEXT('2D SPACE',''
  ) );
#1571 = PCURVE('',#163,#1572);
#1572 = DEFINITIONAL_REPRESENTATION('',(#1573),#1577);
#1573 = LINE('',#1574,#1575);
#1574 = CARTESIAN_POINT('',(0.,0.));
#1575 = VECTOR('',#1576,1.);
#1576 = DIRECTION('',(0.,-1.));
#1577 = ( GEOMETRIC_REPRESENTATION_CONTEXT(2) 
PARAMETRIC_REPRESENTATION_CONTEXT() REPRESENTATION_CONTEXT('2D SPACE',''
  ) );
#1578 = ORIENTED_EDGE('',*,*,#112,.F.);
#1579 = ADVANCED_FACE('',(#1580),#222,.F.);
#1580 = FACE_BOUND('',#1581,.F.);
#1581 = EDGE_LOOP('',(#1582,#1605,#1633,#1661,#1689,#1717,#1745,#1773,
    #1801,#1829,#1857,#1885,#1913,#1934,#1935));
#1582 = ORIENTED_EDGE('',*,*,#1583,.T.);
#1583 = EDGE_CURVE('',#176,#1584,#1586,.T.);
#1584 = VERTEX_POINT('',#1585);
#1585 = CARTESIAN_POINT('',(-37.2235479061,-18.02692378864,2.));
#1586 = SURFACE_CURVE('',#1587,(#1591,#1598),.PCURVE_S1.);
#1587 = LINE('',#1588,#1589);
#1588 = CARTESIAN_POINT('',(-37.2235479061,-18.02692378864,0.));
#1589 = VECTOR('',#1590,1.);
#1590 = DIRECTION('',(0.,0.,1.));
#1591 = PCURVE('',#222,#1592);
#1592 = DEFINITIONAL_REPRESENTATION('',(#1593),#1597);
#1593 = LINE('',#1594,#1595);
#1594 = CARTESIAN_POINT('',(0.,0.));
#1595 = VECTOR('',#1596,1.);
#1596 = DIRECTION('',(0.,-1.));
#1597 = ( GEOMETRIC_REPRESENTATION_CONTEXT(2) 
PARAMETRIC_REPRESENTATION_CONTEXT() REPRESENTATION_CONTEXT('2D SPACE',''
  ) );
#1598 = PCURVE('',#196,#1599);
#1599 = DEFINITIONAL_REPRESENTATION('',(#1600),#1604);
#1600 = LINE('',#1601,#1602);
#1601 = CARTESIAN_POINT('',(3.14159265359,0.));
#1602 = VECTOR('',#1603,1.);
#1603 = DIRECTION('',(0.,-1.));
#1604 = ( GEOMETRIC_REPRESENTATION_CONTEXT(2) 
PARAMETRIC_REPRESENTATION_CONTEXT() REPRESENTATION_CONTEXT('2D SPACE',''
  ) );
#1605 = ORIENTED_EDGE('',*,*,#1606,.T.);
#1606 = EDGE_CURVE('',#1584,#1607,#1609,.T.);
#1607 = VERTEX_POINT('',#1608);
#1608 = CARTESIAN_POINT('',(-36.6571570365,-17.69991786761,2.));
#1609 = SURFACE_CURVE('',#1610,(#1614,#1621),.PCURVE_S1.);
#1610 = LINE('',#1611,#1612);
#1611 = CARTESIAN_POINT('',(-37.2235479061,-18.02692378864,2.));
#1612 = VECTOR('',#1613,1.);
#1613 = DIRECTION('',(0.866025403784,0.5,0.));
#1614 = PCURVE('',#222,#1615);
#1615 = DEFINITIONAL_REPRESENTATION('',(#1616),#1620);
#1616 = LINE('',#1617,#1618);
#1617 = CARTESIAN_POINT('',(0.,-2.));
#1618 = VECTOR('',#1619,1.);
#1619 = DIRECTION('',(1.,0.));
#1620 = ( GEOMETRIC_REPRESENTATION_CONTEXT(2) 
PARAMETRIC_REPRESENTATION_CONTEXT() REPRESENTATION_CONTEXT('2D SPACE',''
  ) );
#1621 = PCURVE('',#1622,#1627);
#1622 = PLANE('',#1623);
#1623 = AXIS2_PLACEMENT_3D('',#1624,#1625,#1626);
#1624 = CARTESIAN_POINT('',(-2.808005405856E-15,3.707602883041E-15,2.));
#1625 = DIRECTION('',(0.,0.,1.));
#1626 = DIRECTION('',(1.,0.,-0.));
#1627 = DEFINITIONAL_REPRESENTATION('',(#1628),#1632);
#1628 = LINE('',#1629,#1630);
#1629 = CARTESIAN_POINT('',(-37.2235479061,-18.02692378864));
#1630 = VECTOR('',#1631,1.);
#1631 = DIRECTION('',(0.866025403784,0.5));
#1632 = ( GEOMETRIC_REPRESENTATION_CONTEXT(2) 
PARAMETRIC_REPRESENTATION_CONTEXT() REPRESENTATION_CONTEXT('2D SPACE',''
  ) );
#1633 = ORIENTED_EDGE('',*,*,#1634,.T.);
#1634 = EDGE_CURVE('',#1607,#1635,#1637,.T.);
#1635 = VERTEX_POINT('',#1636);
#1636 = CARTESIAN_POINT('',(-35.96176274468,-17.29843178604,2.));
#1637 = SURFACE_CURVE('',#1638,(#1642,#1649),.PCURVE_S1.);
#1638 = LINE('',#1639,#1640);
#1639 = CARTESIAN_POINT('',(-37.2235479061,-18.02692378864,2.));
#1640 = VECTOR('',#1641,1.);
#1641 = DIRECTION('',(0.866025403784,0.5,0.));
#1642 = PCURVE('',#222,#1643);
#1643 = DEFINITIONAL_REPRESENTATION('',(#1644),#1648);
#1644 = LINE('',#1645,#1646);
#1645 = CARTESIAN_POINT('',(0.,-2.));
#1646 = VECTOR('',#1647,1.);
#1647 = DIRECTION('',(1.,0.));
#1648 = ( GEOMETRIC_REPRESENTATION_CONTEXT(2) 
PARAMETRIC_REPRESENTATION_CONTEXT() REPRESENTATION_CONTEXT('2D SPACE',''
  ) );
#1649 = PCURVE('',#1650,#1655);
#1650 = PLANE('',#1651);
#1651 = AXIS2_PLACEMENT_3D('',#1652,#1653,#1654);
#1652 = CARTESIAN_POINT('',(-30.41914230792,-17.5625,2.));
#1653 = DIRECTION('',(0.,0.,-1.));
#1654 = DIRECTION('',(0.866025403784,0.5,0.));
#1655 = DEFINITIONAL_REPRESENTATION('',(#1656),#1660);
#1656 = LINE('',#1657,#1658);
#1657 = CARTESIAN_POINT('',(-6.125,-3.));
#1658 = VECTOR('',#1659,1.);
#1659 = DIRECTION('',(1.,0.));
#1660 = ( GEOMETRIC_REPRESENTATION_CONTEXT(2) 
PARAMETRIC_REPRESENTATION_CONTEXT() REPRESENTATION_CONTEXT('2D SPACE',''
  ) );
#1661 = ORIENTED_EDGE('',*,*,#1662,.T.);
#1662 = EDGE_CURVE('',#1635,#1663,#1665,.T.);
#1663 = VERTEX_POINT('',#1664);
#1664 = CARTESIAN_POINT('',(-34.74457036711,-16.59568543919,2.));
#1665 = SURFACE_CURVE('',#1666,(#1670,#1677),.PCURVE_S1.);
#1666 = LINE('',#1667,#1668);
#1667 = CARTESIAN_POINT('',(-37.2235479061,-18.02692378864,2.));
#1668 = VECTOR('',#1669,1.);
#1669 = DIRECTION('',(0.866025403784,0.5,0.));
#1670 = PCURVE('',#222,#1671);
#1671 = DEFINITIONAL_REPRESENTATION('',(#1672),#1676);
#1672 = LINE('',#1673,#1674);
#1673 = CARTESIAN_POINT('',(0.,-2.));
#1674 = VECTOR('',#1675,1.);
#1675 = DIRECTION('',(1.,0.));
#1676 = ( GEOMETRIC_REPRESENTATION_CONTEXT(2) 
PARAMETRIC_REPRESENTATION_CONTEXT() REPRESENTATION_CONTEXT('2D SPACE',''
  ) );
#1677 = PCURVE('',#1678,#1683);
#1678 = PLANE('',#1679);
#1679 = AXIS2_PLACEMENT_3D('',#1680,#1681,#1682);
#1680 = CARTESIAN_POINT('',(-2.808005405856E-15,3.707602883041E-15,2.));
#1681 = DIRECTION('',(0.,0.,1.));
#1682 = DIRECTION('',(1.,0.,-0.));
#1683 = DEFINITIONAL_REPRESENTATION('',(#1684),#1688);
#1684 = LINE('',#1685,#1686);
#1685 = CARTESIAN_POINT('',(-37.2235479061,-18.02692378864));
#1686 = VECTOR('',#1687,1.);
#1687 = DIRECTION('',(0.866025403784,0.5));
#1688 = ( GEOMETRIC_REPRESENTATION_CONTEXT(2) 
PARAMETRIC_REPRESENTATION_CONTEXT() REPRESENTATION_CONTEXT('2D SPACE',''
  ) );
#1689 = ORIENTED_EDGE('',*,*,#1690,.T.);
#1690 = EDGE_CURVE('',#1663,#1691,#1693,.T.);
#1691 = VERTEX_POINT('',#1692);
#1692 = CARTESIAN_POINT('',(-34.04887638558,-16.19402633168,2.));
#1693 = SURFACE_CURVE('',#1694,(#1698,#1705),.PCURVE_S1.);
#1694 = LINE('',#1695,#1696);
#1695 = CARTESIAN_POINT('',(-37.2235479061,-18.02692378864,2.));
#1696 = VECTOR('',#1697,1.);
#1697 = DIRECTION('',(0.866025403784,0.5,0.));
#1698 = PCURVE('',#222,#1699);
#1699 = DEFINITIONAL_REPRESENTATION('',(#1700),#1704);
#1700 = LINE('',#1701,#1702);
#1701 = CARTESIAN_POINT('',(0.,-2.));
#1702 = VECTOR('',#1703,1.);
#1703 = DIRECTION('',(1.,0.));
#1704 = ( GEOMETRIC_REPRESENTATION_CONTEXT(2) 
PARAMETRIC_REPRESENTATION_CONTEXT() REPRESENTATION_CONTEXT('2D SPACE',''
  ) );
#1705 = PCURVE('',#1706,#1711);
#1706 = PLANE('',#1707);
#1707 = AXIS2_PLACEMENT_3D('',#1708,#1709,#1710);
#1708 = CARTESIAN_POINT('',(-30.41914230792,-17.5625,2.));
#1709 = DIRECTION('',(0.,0.,-1.));
#1710 = DIRECTION('',(0.866025403784,0.5,0.));
#1711 = DEFINITIONAL_REPRESENTATION('',(#1712),#1716);
#1712 = LINE('',#1713,#1714);
#1713 = CARTESIAN_POINT('',(-6.125,-3.));
#1714 = VECTOR('',#1715,1.);
#1715 = DIRECTION('',(1.,0.));
#1716 = ( GEOMETRIC_REPRESENTATION_CONTEXT(2) 
PARAMETRIC_REPRESENTATION_CONTEXT() REPRESENTATION_CONTEXT('2D SPACE',''
  ) );
#1717 = ORIENTED_EDGE('',*,*,#1718,.T.);
#1718 = EDGE_CURVE('',#1691,#1719,#1721,.T.);
#1719 = VERTEX_POINT('',#1720);
#1720 = CARTESIAN_POINT('',(-32.8311133379,-15.49095050829,2.));
#1721 = SURFACE_CURVE('',#1722,(#1726,#1733),.PCURVE_S1.);
#1722 = LINE('',#1723,#1724);
#1723 = CARTESIAN_POINT('',(-37.2235479061,-18.02692378864,2.));
#1724 = VECTOR('',#1725,1.);
#1725 = DIRECTION('',(0.866025403784,0.5,0.));
#1726 = PCURVE('',#222,#1727);
#1727 = DEFINITIONAL_REPRESENTATION('',(#1728),#1732);
#1728 = LINE('',#1729,#1730);
#1729 = CARTESIAN_POINT('',(0.,-2.));
#1730 = VECTOR('',#1731,1.);
#1731 = DIRECTION('',(1.,0.));
#1732 = ( GEOMETRIC_REPRESENTATION_CONTEXT(2) 
PARAMETRIC_REPRESENTATION_CONTEXT() REPRESENTATION_CONTEXT('2D SPACE',''
  ) );
#1733 = PCURVE('',#1734,#1739);
#1734 = PLANE('',#1735);
#1735 = AXIS2_PLACEMENT_3D('',#1736,#1737,#1738);
#1736 = CARTESIAN_POINT('',(-2.808005405856E-15,3.707602883041E-15,2.));
#1737 = DIRECTION('',(0.,0.,1.));
#1738 = DIRECTION('',(1.,0.,-0.));
#1739 = DEFINITIONAL_REPRESENTATION('',(#1740),#1744);
#1740 = LINE('',#1741,#1742);
#1741 = CARTESIAN_POINT('',(-37.2235479061,-18.02692378864));
#1742 = VECTOR('',#1743,1.);
#1743 = DIRECTION('',(0.866025403784,0.5));
#1744 = ( GEOMETRIC_REPRESENTATION_CONTEXT(2) 
PARAMETRIC_REPRESENTATION_CONTEXT() REPRESENTATION_CONTEXT('2D SPACE',''
  ) );
#1745 = ORIENTED_EDGE('',*,*,#1746,.T.);
#1746 = EDGE_CURVE('',#1719,#1747,#1749,.T.);
#1747 = VERTEX_POINT('',#1748);
#1748 = CARTESIAN_POINT('',(-32.13506397005,-15.08908621839,2.));
#1749 = SURFACE_CURVE('',#1750,(#1754,#1761),.PCURVE_S1.);
#1750 = LINE('',#1751,#1752);
#1751 = CARTESIAN_POINT('',(-37.2235479061,-18.02692378864,2.));
#1752 = VECTOR('',#1753,1.);
#1753 = DIRECTION('',(0.866025403784,0.5,0.));
#1754 = PCURVE('',#222,#1755);
#1755 = DEFINITIONAL_REPRESENTATION('',(#1756),#1760);
#1756 = LINE('',#1757,#1758);
#1757 = CARTESIAN_POINT('',(0.,-2.));
#1758 = VECTOR('',#1759,1.);
#1759 = DIRECTION('',(1.,0.));
#1760 = ( GEOMETRIC_REPRESENTATION_CONTEXT(2) 
PARAMETRIC_REPRESENTATION_CONTEXT() REPRESENTATION_CONTEXT('2D SPACE',''
  ) );
#1761 = PCURVE('',#1762,#1767);
#1762 = PLANE('',#1763);
#1763 = AXIS2_PLACEMENT_3D('',#1764,#1765,#1766);
#1764 = CARTESIAN_POINT('',(-30.41914230792,-17.5625,2.));
#1765 = DIRECTION('',(0.,0.,-1.));
#1766 = DIRECTION('',(0.866025403784,0.5,0.));
#1767 = DEFINITIONAL_REPRESENTATION('',(#1768),#1772);
#1768 = LINE('',#1769,#1770);
#1769 = CARTESIAN_POINT('',(-6.125,-3.));
#1770 = VECTOR('',#1771,1.);
#1771 = DIRECTION('',(1.,0.));
#1772 = ( GEOMETRIC_REPRESENTATION_CONTEXT(2) 
PARAMETRIC_REPRESENTATION_CONTEXT() REPRESENTATION_CONTEXT('2D SPACE',''
  ) );
#1773 = ORIENTED_EDGE('',*,*,#1774,.T.);
#1774 = EDGE_CURVE('',#1747,#1775,#1777,.T.);
#1775 = VERTEX_POINT('',#1776);
#1776 = CARTESIAN_POINT('',(-30.91662074029,-14.3856176917,2.));
#1777 = SURFACE_CURVE('',#1778,(#1782,#1789),.PCURVE_S1.);
#1778 = LINE('',#1779,#1780);
#1779 = CARTESIAN_POINT('',(-37.2235479061,-18.02692378864,2.));
#1780 = VECTOR('',#1781,1.);
#1781 = DIRECTION('',(0.866025403784,0.5,0.));
#1782 = PCURVE('',#222,#1783);
#1783 = DEFINITIONAL_REPRESENTATION('',(#1784),#1788);
#1784 = LINE('',#1785,#1786);
#1785 = CARTESIAN_POINT('',(0.,-2.));
#1786 = VECTOR('',#1787,1.);
#1787 = DIRECTION('',(1.,0.));
#1788 = ( GEOMETRIC_REPRESENTATION_CONTEXT(2) 
PARAMETRIC_REPRESENTATION_CONTEXT() REPRESENTATION_CONTEXT('2D SPACE',''
  ) );
#1789 = PCURVE('',#1790,#1795);
#1790 = PLANE('',#1791);
#1791 = AXIS2_PLACEMENT_3D('',#1792,#1793,#1794);
#1792 = CARTESIAN_POINT('',(-2.808005405856E-15,3.707602883041E-15,2.));
#1793 = DIRECTION('',(0.,0.,1.));
#1794 = DIRECTION('',(1.,0.,-0.));
#1795 = DEFINITIONAL_REPRESENTATION('',(#1796),#1800);
#1796 = LINE('',#1797,#1798);
#1797 = CARTESIAN_POINT('',(-37.2235479061,-18.02692378864));
#1798 = VECTOR('',#1799,1.);
#1799 = DIRECTION('',(0.866025403784,0.5));
#1800 = ( GEOMETRIC_REPRESENTATION_CONTEXT(2) 
PARAMETRIC_REPRESENTATION_CONTEXT() REPRESENTATION_CONTEXT('2D SPACE',''
  ) );
#1801 = ORIENTED_EDGE('',*,*,#1802,.T.);
#1802 = EDGE_CURVE('',#1775,#1803,#1805,.T.);
#1803 = VERTEX_POINT('',#1804);
#1804 = CARTESIAN_POINT('',(-30.22014554034,-13.98350754752,2.));
#1805 = SURFACE_CURVE('',#1806,(#1810,#1817),.PCURVE_S1.);
#1806 = LINE('',#1807,#1808);
#1807 = CARTESIAN_POINT('',(-37.2235479061,-18.02692378864,2.));
#1808 = VECTOR('',#1809,1.);
#1809 = DIRECTION('',(0.866025403784,0.5,0.));
#1810 = PCURVE('',#222,#1811);
#1811 = DEFINITIONAL_REPRESENTATION('',(#1812),#1816);
#1812 = LINE('',#1813,#1814);
#1813 = CARTESIAN_POINT('',(0.,-2.));
#1814 = VECTOR('',#1815,1.);
#1815 = DIRECTION('',(1.,0.));
#1816 = ( GEOMETRIC_REPRESENTATION_CONTEXT(2) 
PARAMETRIC_REPRESENTATION_CONTEXT() REPRESENTATION_CONTEXT('2D SPACE',''
  ) );
#1817 = PCURVE('',#1818,#1823);
#1818 = PLANE('',#1819);
#1819 = AXIS2_PLACEMENT_3D('',#1820,#1821,#1822);
#1820 = CARTESIAN_POINT('',(-30.41914230792,-17.5625,2.));
#1821 = DIRECTION('',(0.,0.,-1.));
#1822 = DIRECTION('',(0.866025403784,0.5,0.));
#1823 = DEFINITIONAL_REPRESENTATION('',(#1824),#1828);
#1824 = LINE('',#1825,#1826);
#1825 = CARTESIAN_POINT('',(-6.125,-3.));
#1826 = VECTOR('',#1827,1.);
#1827 = DIRECTION('',(1.,0.));
#1828 = ( GEOMETRIC_REPRESENTATION_CONTEXT(2) 
PARAMETRIC_REPRESENTATION_CONTEXT() REPRESENTATION_CONTEXT('2D SPACE',''
  ) );
#1829 = ORIENTED_EDGE('',*,*,#1830,.T.);
#1830 = EDGE_CURVE('',#1803,#1831,#1833,.T.);
#1831 = VERTEX_POINT('',#1832);
#1832 = CARTESIAN_POINT('',(-29.00088259878,-13.27956576,2.));
#1833 = SURFACE_CURVE('',#1834,(#1838,#1845),.PCURVE_S1.);
#1834 = LINE('',#1835,#1836);
#1835 = CARTESIAN_POINT('',(-37.2235479061,-18.02692378864,2.));
#1836 = VECTOR('',#1837,1.);
#1837 = DIRECTION('',(0.866025403784,0.5,0.));
#1838 = PCURVE('',#222,#1839);
#1839 = DEFINITIONAL_REPRESENTATION('',(#1840),#1844);
#1840 = LINE('',#1841,#1842);
#1841 = CARTESIAN_POINT('',(0.,-2.));
#1842 = VECTOR('',#1843,1.);
#1843 = DIRECTION('',(1.,0.));
#1844 = ( GEOMETRIC_REPRESENTATION_CONTEXT(2) 
PARAMETRIC_REPRESENTATION_CONTEXT() REPRESENTATION_CONTEXT('2D SPACE',''
  ) );
#1845 = PCURVE('',#1846,#1851);
#1846 = PLANE('',#1847);
#1847 = AXIS2_PLACEMENT_3D('',#1848,#1849,#1850);
#1848 = CARTESIAN_POINT('',(-2.808005405856E-15,3.707602883041E-15,2.));
#1849 = DIRECTION('',(0.,0.,1.));
#1850 = DIRECTION('',(1.,0.,-0.));
#1851 = DEFINITIONAL_REPRESENTATION('',(#1852),#1856);
#1852 = LINE('',#1853,#1854);
#1853 = CARTESIAN_POINT('',(-37.2235479061,-18.02692378864));
#1854 = VECTOR('',#1855,1.);
#1855 = DIRECTION('',(0.866025403784,0.5));
#1856 = ( GEOMETRIC_REPRESENTATION_CONTEXT(2) 
PARAMETRIC_REPRESENTATION_CONTEXT() REPRESENTATION_CONTEXT('2D SPACE',''
  ) );
#1857 = ORIENTED_EDGE('',*,*,#1858,.T.);
#1858 = EDGE_CURVE('',#1831,#1859,#1861,.T.);
#1859 = VERTEX_POINT('',#1860);
#1860 = CARTESIAN_POINT('',(-28.30389112867,-12.87715754711,2.));
#1861 = SURFACE_CURVE('',#1862,(#1866,#1873),.PCURVE_S1.);
#1862 = LINE('',#1863,#1864);
#1863 = CARTESIAN_POINT('',(-37.2235479061,-18.02692378864,2.));
#1864 = VECTOR('',#1865,1.);
#1865 = DIRECTION('',(0.866025403784,0.5,0.));
#1866 = PCURVE('',#222,#1867);
#1867 = DEFINITIONAL_REPRESENTATION('',(#1868),#1872);
#1868 = LINE('',#1869,#1870);
#1869 = CARTESIAN_POINT('',(0.,-2.));
#1870 = VECTOR('',#1871,1.);
#1871 = DIRECTION('',(1.,0.));
#1872 = ( GEOMETRIC_REPRESENTATION_CONTEXT(2) 
PARAMETRIC_REPRESENTATION_CONTEXT() REPRESENTATION_CONTEXT('2D SPACE',''
  ) );
#1873 = PCURVE('',#1874,#1879);
#1874 = PLANE('',#1875);
#1875 = AXIS2_PLACEMENT_3D('',#1876,#1877,#1878);
#1876 = CARTESIAN_POINT('',(-30.41914230792,-17.5625,2.));
#1877 = DIRECTION('',(0.,0.,-1.));
#1878 = DIRECTION('',(0.866025403784,0.5,0.));
#1879 = DEFINITIONAL_REPRESENTATION('',(#1880),#1884);
#1880 = LINE('',#1881,#1882);
#1881 = CARTESIAN_POINT('',(-6.125,-3.));
#1882 = VECTOR('',#1883,1.);
#1883 = DIRECTION('',(1.,0.));
#1884 = ( GEOMETRIC_REPRESENTATION_CONTEXT(2) 
PARAMETRIC_REPRESENTATION_CONTEXT() REPRESENTATION_CONTEXT('2D SPACE',''
  ) );
#1885 = ORIENTED_EDGE('',*,*,#1886,.T.);
#1886 = EDGE_CURVE('',#1859,#1887,#1889,.T.);
#1887 = VERTEX_POINT('',#1888);
#1888 = CARTESIAN_POINT('',(-27.08362785151,-12.17263821556,2.));
#1889 = SURFACE_CURVE('',#1890,(#1894,#1901),.PCURVE_S1.);
#1890 = LINE('',#1891,#1892);
#1891 = CARTESIAN_POINT('',(-37.2235479061,-18.02692378864,2.));
#1892 = VECTOR('',#1893,1.);
#1893 = DIRECTION('',(0.866025403784,0.5,0.));
#1894 = PCURVE('',#222,#1895);
#1895 = DEFINITIONAL_REPRESENTATION('',(#1896),#1900);
#1896 = LINE('',#1897,#1898);
#1897 = CARTESIAN_POINT('',(0.,-2.));
#1898 = VECTOR('',#1899,1.);
#1899 = DIRECTION('',(1.,0.));
#1900 = ( GEOMETRIC_REPRESENTATION_CONTEXT(2) 
PARAMETRIC_REPRESENTATION_CONTEXT() REPRESENTATION_CONTEXT('2D SPACE',''
  ) );
#1901 = PCURVE('',#1902,#1907);
#1902 = PLANE('',#1903);
#1903 = AXIS2_PLACEMENT_3D('',#1904,#1905,#1906);
#1904 = CARTESIAN_POINT('',(-2.808005405856E-15,3.707602883041E-15,2.));
#1905 = DIRECTION('',(0.,0.,1.));
#1906 = DIRECTION('',(1.,0.,-0.));
#1907 = DEFINITIONAL_REPRESENTATION('',(#1908),#1912);
#1908 = LINE('',#1909,#1910);
#1909 = CARTESIAN_POINT('',(-37.2235479061,-18.02692378864));
#1910 = VECTOR('',#1911,1.);
#1911 = DIRECTION('',(0.866025403784,0.5));
#1912 = ( GEOMETRIC_REPRESENTATION_CONTEXT(2) 
PARAMETRIC_REPRESENTATION_CONTEXT() REPRESENTATION_CONTEXT('2D SPACE',''
  ) );
#1913 = ORIENTED_EDGE('',*,*,#1914,.T.);
#1914 = EDGE_CURVE('',#1887,#1331,#1915,.T.);
#1915 = SURFACE_CURVE('',#1916,(#1920,#1927),.PCURVE_S1.);
#1916 = LINE('',#1917,#1918);
#1917 = CARTESIAN_POINT('',(-37.2235479061,-18.02692378864,2.));
#1918 = VECTOR('',#1919,1.);
#1919 = DIRECTION('',(0.866025403784,0.5,0.));
#1920 = PCURVE('',#222,#1921);
#1921 = DEFINITIONAL_REPRESENTATION('',(#1922),#1926);
#1922 = LINE('',#1923,#1924);
#1923 = CARTESIAN_POINT('',(0.,-2.));
#1924 = VECTOR('',#1925,1.);
#1925 = DIRECTION('',(1.,0.));
#1926 = ( GEOMETRIC_REPRESENTATION_CONTEXT(2) 
PARAMETRIC_REPRESENTATION_CONTEXT() REPRESENTATION_CONTEXT('2D SPACE',''
  ) );
#1927 = PCURVE('',#1370,#1928);
#1928 = DEFINITIONAL_REPRESENTATION('',(#1929),#1933);
#1929 = LINE('',#1930,#1931);
#1930 = CARTESIAN_POINT('',(-6.125,-3.));
#1931 = VECTOR('',#1932,1.);
#1932 = DIRECTION('',(1.,0.));
#1933 = ( GEOMETRIC_REPRESENTATION_CONTEXT(2) 
PARAMETRIC_REPRESENTATION_CONTEXT() REPRESENTATION_CONTEXT('2D SPACE',''
  ) );
#1934 = ORIENTED_EDGE('',*,*,#1330,.F.);
#1935 = ORIENTED_EDGE('',*,*,#208,.F.);
#1936 = ADVANCED_FACE('',(#1937),#163,.F.);
#1937 = FACE_BOUND('',#1938,.F.);
#1938 = EDGE_LOOP('',(#1939,#1940,#1963,#1991,#2014,#2042,#2065,#2093,
    #2116,#2144,#2167,#2195,#2218,#2246,#2267));
#1939 = ORIENTED_EDGE('',*,*,#1558,.T.);
#1940 = ORIENTED_EDGE('',*,*,#1941,.T.);
#1941 = EDGE_CURVE('',#1535,#1942,#1944,.T.);
#1942 = VERTEX_POINT('',#1943);
#1943 = CARTESIAN_POINT('',(-24.17718151398,-17.42280387048,2.));
#1944 = SURFACE_CURVE('',#1945,(#1949,#1956),.PCURVE_S1.);
#1945 = LINE('',#1946,#1947);
#1946 = CARTESIAN_POINT('',(-23.61473670974,-17.09807621135,2.));
#1947 = VECTOR('',#1948,1.);
#1948 = DIRECTION('',(-0.866025403784,-0.5,0.));
#1949 = PCURVE('',#163,#1950);
#1950 = DEFINITIONAL_REPRESENTATION('',(#1951),#1955);
#1951 = LINE('',#1952,#1953);
#1952 = CARTESIAN_POINT('',(0.,-2.));
#1953 = VECTOR('',#1954,1.);
#1954 = DIRECTION('',(1.,0.));
#1955 = ( GEOMETRIC_REPRESENTATION_CONTEXT(2) 
PARAMETRIC_REPRESENTATION_CONTEXT() REPRESENTATION_CONTEXT('2D SPACE',''
  ) );
#1956 = PCURVE('',#1370,#1957);
#1957 = DEFINITIONAL_REPRESENTATION('',(#1958),#1962);
#1958 = LINE('',#1959,#1960);
#1959 = CARTESIAN_POINT('',(6.125,3.));
#1960 = VECTOR('',#1961,1.);
#1961 = DIRECTION('',(-1.,0.));
#1962 = ( GEOMETRIC_REPRESENTATION_CONTEXT(2) 
PARAMETRIC_REPRESENTATION_CONTEXT() REPRESENTATION_CONTEXT('2D SPACE',''
  ) );
#1963 = ORIENTED_EDGE('',*,*,#1964,.T.);
#1964 = EDGE_CURVE('',#1942,#1965,#1967,.T.);
#1965 = VERTEX_POINT('',#1966);
#1966 = CARTESIAN_POINT('',(-25.39332651874,-18.12494551635,2.));
#1967 = SURFACE_CURVE('',#1968,(#1972,#1979),.PCURVE_S1.);
#1968 = LINE('',#1969,#1970);
#1969 = CARTESIAN_POINT('',(-23.61473670974,-17.09807621135,2.));
#1970 = VECTOR('',#1971,1.);
#1971 = DIRECTION('',(-0.866025403784,-0.5,0.));
#1972 = PCURVE('',#163,#1973);
#1973 = DEFINITIONAL_REPRESENTATION('',(#1974),#1978);
#1974 = LINE('',#1975,#1976);
#1975 = CARTESIAN_POINT('',(0.,-2.));
#1976 = VECTOR('',#1977,1.);
#1977 = DIRECTION('',(1.,0.));
#1978 = ( GEOMETRIC_REPRESENTATION_CONTEXT(2) 
PARAMETRIC_REPRESENTATION_CONTEXT() REPRESENTATION_CONTEXT('2D SPACE',''
  ) );
#1979 = PCURVE('',#1980,#1985);
#1980 = PLANE('',#1981);
#1981 = AXIS2_PLACEMENT_3D('',#1982,#1983,#1984);
#1982 = CARTESIAN_POINT('',(-2.808005405856E-15,3.707602883041E-15,2.));
#1983 = DIRECTION('',(0.,0.,1.));
#1984 = DIRECTION('',(1.,0.,-0.));
#1985 = DEFINITIONAL_REPRESENTATION('',(#1986),#1990);
#1986 = LINE('',#1987,#1988);
#1987 = CARTESIAN_POINT('',(-23.61473670974,-17.09807621135));
#1988 = VECTOR('',#1989,1.);
#1989 = DIRECTION('',(-0.866025403784,-0.5));
#1990 = ( GEOMETRIC_REPRESENTATION_CONTEXT(2) 
PARAMETRIC_REPRESENTATION_CONTEXT() REPRESENTATION_CONTEXT('2D SPACE',''
  ) );
#1991 = ORIENTED_EDGE('',*,*,#1992,.T.);
#1992 = EDGE_CURVE('',#1965,#1993,#1995,.T.);
#1993 = VERTEX_POINT('',#1994);
#1994 = CARTESIAN_POINT('',(-26.08812416824,-18.52608712632,2.));
#1995 = SURFACE_CURVE('',#1996,(#2000,#2007),.PCURVE_S1.);
#1996 = LINE('',#1997,#1998);
#1997 = CARTESIAN_POINT('',(-23.61473670974,-17.09807621135,2.));
#1998 = VECTOR('',#1999,1.);
#1999 = DIRECTION('',(-0.866025403784,-0.5,0.));
#2000 = PCURVE('',#163,#2001);
#2001 = DEFINITIONAL_REPRESENTATION('',(#2002),#2006);
#2002 = LINE('',#2003,#2004);
#2003 = CARTESIAN_POINT('',(0.,-2.));
#2004 = VECTOR('',#2005,1.);
#2005 = DIRECTION('',(1.,0.));
#2006 = ( GEOMETRIC_REPRESENTATION_CONTEXT(2) 
PARAMETRIC_REPRESENTATION_CONTEXT() REPRESENTATION_CONTEXT('2D SPACE',''
  ) );
#2007 = PCURVE('',#1874,#2008);
#2008 = DEFINITIONAL_REPRESENTATION('',(#2009),#2013);
#2009 = LINE('',#2010,#2011);
#2010 = CARTESIAN_POINT('',(6.125,3.));
#2011 = VECTOR('',#2012,1.);
#2012 = DIRECTION('',(-1.,0.));
#2013 = ( GEOMETRIC_REPRESENTATION_CONTEXT(2) 
PARAMETRIC_REPRESENTATION_CONTEXT() REPRESENTATION_CONTEXT('2D SPACE',''
  ) );
#2014 = ORIENTED_EDGE('',*,*,#2015,.T.);
#2015 = EDGE_CURVE('',#1993,#2016,#2018,.T.);
#2016 = VERTEX_POINT('',#2017);
#2017 = CARTESIAN_POINT('',(-27.30379722499,-19.22795629288,2.));
#2018 = SURFACE_CURVE('',#2019,(#2023,#2030),.PCURVE_S1.);
#2019 = LINE('',#2020,#2021);
#2020 = CARTESIAN_POINT('',(-23.61473670974,-17.09807621135,2.));
#2021 = VECTOR('',#2022,1.);
#2022 = DIRECTION('',(-0.866025403784,-0.5,0.));
#2023 = PCURVE('',#163,#2024);
#2024 = DEFINITIONAL_REPRESENTATION('',(#2025),#2029);
#2025 = LINE('',#2026,#2027);
#2026 = CARTESIAN_POINT('',(0.,-2.));
#2027 = VECTOR('',#2028,1.);
#2028 = DIRECTION('',(1.,0.));
#2029 = ( GEOMETRIC_REPRESENTATION_CONTEXT(2) 
PARAMETRIC_REPRESENTATION_CONTEXT() REPRESENTATION_CONTEXT('2D SPACE',''
  ) );
#2030 = PCURVE('',#2031,#2036);
#2031 = PLANE('',#2032);
#2032 = AXIS2_PLACEMENT_3D('',#2033,#2034,#2035);
#2033 = CARTESIAN_POINT('',(-2.808005405856E-15,3.707602883041E-15,2.));
#2034 = DIRECTION('',(0.,0.,1.));
#2035 = DIRECTION('',(1.,0.,-0.));
#2036 = DEFINITIONAL_REPRESENTATION('',(#2037),#2041);
#2037 = LINE('',#2038,#2039);
#2038 = CARTESIAN_POINT('',(-23.61473670974,-17.09807621135));
#2039 = VECTOR('',#2040,1.);
#2040 = DIRECTION('',(-0.866025403784,-0.5));
#2041 = ( GEOMETRIC_REPRESENTATION_CONTEXT(2) 
PARAMETRIC_REPRESENTATION_CONTEXT() REPRESENTATION_CONTEXT('2D SPACE',''
  ) );
#2042 = ORIENTED_EDGE('',*,*,#2043,.T.);
#2043 = EDGE_CURVE('',#2016,#2044,#2046,.T.);
#2044 = VERTEX_POINT('',#2045);
#2045 = CARTESIAN_POINT('',(-27.99835115055,-19.62895718877,2.));
#2046 = SURFACE_CURVE('',#2047,(#2051,#2058),.PCURVE_S1.);
#2047 = LINE('',#2048,#2049);
#2048 = CARTESIAN_POINT('',(-23.61473670974,-17.09807621135,2.));
#2049 = VECTOR('',#2050,1.);
#2050 = DIRECTION('',(-0.866025403784,-0.5,0.));
#2051 = PCURVE('',#163,#2052);
#2052 = DEFINITIONAL_REPRESENTATION('',(#2053),#2057);
#2053 = LINE('',#2054,#2055);
#2054 = CARTESIAN_POINT('',(0.,-2.));
#2055 = VECTOR('',#2056,1.);
#2056 = DIRECTION('',(1.,0.));
#2057 = ( GEOMETRIC_REPRESENTATION_CONTEXT(2) 
PARAMETRIC_REPRESENTATION_CONTEXT() REPRESENTATION_CONTEXT('2D SPACE',''
  ) );
#2058 = PCURVE('',#1818,#2059);
#2059 = DEFINITIONAL_REPRESENTATION('',(#2060),#2064);
#2060 = LINE('',#2061,#2062);
#2061 = CARTESIAN_POINT('',(6.125,3.));
#2062 = VECTOR('',#2063,1.);
#2063 = DIRECTION('',(-1.,0.));
#2064 = ( GEOMETRIC_REPRESENTATION_CONTEXT(2) 
PARAMETRIC_REPRESENTATION_CONTEXT() REPRESENTATION_CONTEXT('2D SPACE',''
  ) );
#2065 = ORIENTED_EDGE('',*,*,#2066,.T.);
#2066 = EDGE_CURVE('',#2044,#2067,#2069,.T.);
#2067 = VERTEX_POINT('',#2068);
#2068 = CARTESIAN_POINT('',(-29.21363701874,-20.33060281191,2.));
#2069 = SURFACE_CURVE('',#2070,(#2074,#2081),.PCURVE_S1.);
#2070 = LINE('',#2071,#2072);
#2071 = CARTESIAN_POINT('',(-23.61473670974,-17.09807621135,2.));
#2072 = VECTOR('',#2073,1.);
#2073 = DIRECTION('',(-0.866025403784,-0.5,0.));
#2074 = PCURVE('',#163,#2075);
#2075 = DEFINITIONAL_REPRESENTATION('',(#2076),#2080);
#2076 = LINE('',#2077,#2078);
#2077 = CARTESIAN_POINT('',(0.,-2.));
#2078 = VECTOR('',#2079,1.);
#2079 = DIRECTION('',(1.,0.));
#2080 = ( GEOMETRIC_REPRESENTATION_CONTEXT(2) 
PARAMETRIC_REPRESENTATION_CONTEXT() REPRESENTATION_CONTEXT('2D SPACE',''
  ) );
#2081 = PCURVE('',#2082,#2087);
#2082 = PLANE('',#2083);
#2083 = AXIS2_PLACEMENT_3D('',#2084,#2085,#2086);
#2084 = CARTESIAN_POINT('',(-2.808005405856E-15,3.707602883041E-15,2.));
#2085 = DIRECTION('',(0.,0.,1.));
#2086 = DIRECTION('',(1.,0.,-0.));
#2087 = DEFINITIONAL_REPRESENTATION('',(#2088),#2092);
#2088 = LINE('',#2089,#2090);
#2089 = CARTESIAN_POINT('',(-23.61473670974,-17.09807621135));
#2090 = VECTOR('',#2091,1.);
#2091 = DIRECTION('',(-0.866025403784,-0.5));
#2092 = ( GEOMETRIC_REPRESENTATION_CONTEXT(2) 
PARAMETRIC_REPRESENTATION_CONTEXT() REPRESENTATION_CONTEXT('2D SPACE',''
  ) );
#2093 = ORIENTED_EDGE('',*,*,#2094,.T.);
#2094 = EDGE_CURVE('',#2067,#2095,#2097,.T.);
#2095 = VERTEX_POINT('',#2096);
#2096 = CARTESIAN_POINT('',(-29.90798969999,-20.73148751935,2.));
#2097 = SURFACE_CURVE('',#2098,(#2102,#2109),.PCURVE_S1.);
#2098 = LINE('',#2099,#2100);
#2099 = CARTESIAN_POINT('',(-23.61473670974,-17.09807621135,2.));
#2100 = VECTOR('',#2101,1.);
#2101 = DIRECTION('',(-0.866025403784,-0.5,0.));
#2102 = PCURVE('',#163,#2103);
#2103 = DEFINITIONAL_REPRESENTATION('',(#2104),#2108);
#2104 = LINE('',#2105,#2106);
#2105 = CARTESIAN_POINT('',(0.,-2.));
#2106 = VECTOR('',#2107,1.);
#2107 = DIRECTION('',(1.,0.));
#2108 = ( GEOMETRIC_REPRESENTATION_CONTEXT(2) 
PARAMETRIC_REPRESENTATION_CONTEXT() REPRESENTATION_CONTEXT('2D SPACE',''
  ) );
#2109 = PCURVE('',#1762,#2110);
#2110 = DEFINITIONAL_REPRESENTATION('',(#2111),#2115);
#2111 = LINE('',#2112,#2113);
#2112 = CARTESIAN_POINT('',(6.125,3.));
#2113 = VECTOR('',#2114,1.);
#2114 = DIRECTION('',(-1.,0.));
#2115 = ( GEOMETRIC_REPRESENTATION_CONTEXT(2) 
PARAMETRIC_REPRESENTATION_CONTEXT() REPRESENTATION_CONTEXT('2D SPACE',''
  ) );
#2116 = ORIENTED_EDGE('',*,*,#2117,.T.);
#2117 = EDGE_CURVE('',#2095,#2118,#2120,.T.);
#2118 = VERTEX_POINT('',#2119);
#2119 = CARTESIAN_POINT('',(-31.1229539733,-21.43294746959,2.));
#2120 = SURFACE_CURVE('',#2121,(#2125,#2132),.PCURVE_S1.);
#2121 = LINE('',#2122,#2123);
#2122 = CARTESIAN_POINT('',(-23.61473670974,-17.09807621135,2.));
#2123 = VECTOR('',#2124,1.);
#2124 = DIRECTION('',(-0.866025403784,-0.5,0.));
#2125 = PCURVE('',#163,#2126);
#2126 = DEFINITIONAL_REPRESENTATION('',(#2127),#2131);
#2127 = LINE('',#2128,#2129);
#2128 = CARTESIAN_POINT('',(0.,-2.));
#2129 = VECTOR('',#2130,1.);
#2130 = DIRECTION('',(1.,0.));
#2131 = ( GEOMETRIC_REPRESENTATION_CONTEXT(2) 
PARAMETRIC_REPRESENTATION_CONTEXT() REPRESENTATION_CONTEXT('2D SPACE',''
  ) );
#2132 = PCURVE('',#2133,#2138);
#2133 = PLANE('',#2134);
#2134 = AXIS2_PLACEMENT_3D('',#2135,#2136,#2137);
#2135 = CARTESIAN_POINT('',(-2.808005405856E-15,3.707602883041E-15,2.));
#2136 = DIRECTION('',(0.,0.,1.));
#2137 = DIRECTION('',(1.,0.,-0.));
#2138 = DEFINITIONAL_REPRESENTATION('',(#2139),#2143);
#2139 = LINE('',#2140,#2141);
#2140 = CARTESIAN_POINT('',(-23.61473670974,-17.09807621135));
#2141 = VECTOR('',#2142,1.);
#2142 = DIRECTION('',(-0.866025403784,-0.5));
#2143 = ( GEOMETRIC_REPRESENTATION_CONTEXT(2) 
PARAMETRIC_REPRESENTATION_CONTEXT() REPRESENTATION_CONTEXT('2D SPACE',''
  ) );
#2144 = ORIENTED_EDGE('',*,*,#2145,.T.);
#2145 = EDGE_CURVE('',#2118,#2146,#2148,.T.);
#2146 = VERTEX_POINT('',#2147);
#2147 = CARTESIAN_POINT('',(-31.8171385534,-21.83373512379,2.));
#2148 = SURFACE_CURVE('',#2149,(#2153,#2160),.PCURVE_S1.);
#2149 = LINE('',#2150,#2151);
#2150 = CARTESIAN_POINT('',(-23.61473670974,-17.09807621135,2.));
#2151 = VECTOR('',#2152,1.);
#2152 = DIRECTION('',(-0.866025403784,-0.5,0.));
#2153 = PCURVE('',#163,#2154);
#2154 = DEFINITIONAL_REPRESENTATION('',(#2155),#2159);
#2155 = LINE('',#2156,#2157);
#2156 = CARTESIAN_POINT('',(0.,-2.));
#2157 = VECTOR('',#2158,1.);
#2158 = DIRECTION('',(1.,0.));
#2159 = ( GEOMETRIC_REPRESENTATION_CONTEXT(2) 
PARAMETRIC_REPRESENTATION_CONTEXT() REPRESENTATION_CONTEXT('2D SPACE',''
  ) );
#2160 = PCURVE('',#1706,#2161);
#2161 = DEFINITIONAL_REPRESENTATION('',(#2162),#2166);
#2162 = LINE('',#2163,#2164);
#2163 = CARTESIAN_POINT('',(6.125,3.));
#2164 = VECTOR('',#2165,1.);
#2165 = DIRECTION('',(-1.,0.));
#2166 = ( GEOMETRIC_REPRESENTATION_CONTEXT(2) 
PARAMETRIC_REPRESENTATION_CONTEXT() REPRESENTATION_CONTEXT('2D SPACE',''
  ) );
#2167 = ORIENTED_EDGE('',*,*,#2168,.T.);
#2168 = EDGE_CURVE('',#2146,#2169,#2171,.T.);
#2169 = VERTEX_POINT('',#2170);
#2170 = CARTESIAN_POINT('',(-33.03183279084,-22.53503916876,2.));
#2171 = SURFACE_CURVE('',#2172,(#2176,#2183),.PCURVE_S1.);
#2172 = LINE('',#2173,#2174);
#2173 = CARTESIAN_POINT('',(-23.61473670974,-17.09807621135,2.));
#2174 = VECTOR('',#2175,1.);
#2175 = DIRECTION('',(-0.866025403784,-0.5,0.));
#2176 = PCURVE('',#163,#2177);
#2177 = DEFINITIONAL_REPRESENTATION('',(#2178),#2182);
#2178 = LINE('',#2179,#2180);
#2179 = CARTESIAN_POINT('',(0.,-2.));
#2180 = VECTOR('',#2181,1.);
#2181 = DIRECTION('',(1.,0.));
#2182 = ( GEOMETRIC_REPRESENTATION_CONTEXT(2) 
PARAMETRIC_REPRESENTATION_CONTEXT() REPRESENTATION_CONTEXT('2D SPACE',''
  ) );
#2183 = PCURVE('',#2184,#2189);
#2184 = PLANE('',#2185);
#2185 = AXIS2_PLACEMENT_3D('',#2186,#2187,#2188);
#2186 = CARTESIAN_POINT('',(-2.808005405856E-15,3.707602883041E-15,2.));
#2187 = DIRECTION('',(0.,0.,1.));
#2188 = DIRECTION('',(1.,0.,-0.));
#2189 = DEFINITIONAL_REPRESENTATION('',(#2190),#2194);
#2190 = LINE('',#2191,#2192);
#2191 = CARTESIAN_POINT('',(-23.61473670974,-17.09807621135));
#2192 = VECTOR('',#2193,1.);
#2193 = DIRECTION('',(-0.866025403784,-0.5));
#2194 = ( GEOMETRIC_REPRESENTATION_CONTEXT(2) 
PARAMETRIC_REPRESENTATION_CONTEXT() REPRESENTATION_CONTEXT('2D SPACE',''
  ) );
#2195 = ORIENTED_EDGE('',*,*,#2196,.T.);
#2196 = EDGE_CURVE('',#2169,#2197,#2199,.T.);
#2197 = VERTEX_POINT('',#2198);
#2198 = CARTESIAN_POINT('',(-33.72587550948,-22.93574491919,2.));
#2199 = SURFACE_CURVE('',#2200,(#2204,#2211),.PCURVE_S1.);
#2200 = LINE('',#2201,#2202);
#2201 = CARTESIAN_POINT('',(-23.61473670974,-17.09807621135,2.));
#2202 = VECTOR('',#2203,1.);
#2203 = DIRECTION('',(-0.866025403784,-0.5,0.));
#2204 = PCURVE('',#163,#2205);
#2205 = DEFINITIONAL_REPRESENTATION('',(#2206),#2210);
#2206 = LINE('',#2207,#2208);
#2207 = CARTESIAN_POINT('',(0.,-2.));
#2208 = VECTOR('',#2209,1.);
#2209 = DIRECTION('',(1.,0.));
#2210 = ( GEOMETRIC_REPRESENTATION_CONTEXT(2) 
PARAMETRIC_REPRESENTATION_CONTEXT() REPRESENTATION_CONTEXT('2D SPACE',''
  ) );
#2211 = PCURVE('',#1650,#2212);
#2212 = DEFINITIONAL_REPRESENTATION('',(#2213),#2217);
#2213 = LINE('',#2214,#2215);
#2214 = CARTESIAN_POINT('',(6.125,3.));
#2215 = VECTOR('',#2216,1.);
#2216 = DIRECTION('',(-1.,0.));
#2217 = ( GEOMETRIC_REPRESENTATION_CONTEXT(2) 
PARAMETRIC_REPRESENTATION_CONTEXT() REPRESENTATION_CONTEXT('2D SPACE',''
  ) );
#2218 = ORIENTED_EDGE('',*,*,#2219,.T.);
#2219 = EDGE_CURVE('',#2197,#2220,#2222,.T.);
#2220 = VERTEX_POINT('',#2221);
#2221 = CARTESIAN_POINT('',(-34.2235479061,-23.22307621135,2.));
#2222 = SURFACE_CURVE('',#2223,(#2227,#2234),.PCURVE_S1.);
#2223 = LINE('',#2224,#2225);
#2224 = CARTESIAN_POINT('',(-23.61473670974,-17.09807621135,2.));
#2225 = VECTOR('',#2226,1.);
#2226 = DIRECTION('',(-0.866025403784,-0.5,0.));
#2227 = PCURVE('',#163,#2228);
#2228 = DEFINITIONAL_REPRESENTATION('',(#2229),#2233);
#2229 = LINE('',#2230,#2231);
#2230 = CARTESIAN_POINT('',(0.,-2.));
#2231 = VECTOR('',#2232,1.);
#2232 = DIRECTION('',(1.,0.));
#2233 = ( GEOMETRIC_REPRESENTATION_CONTEXT(2) 
PARAMETRIC_REPRESENTATION_CONTEXT() REPRESENTATION_CONTEXT('2D SPACE',''
  ) );
#2234 = PCURVE('',#2235,#2240);
#2235 = PLANE('',#2236);
#2236 = AXIS2_PLACEMENT_3D('',#2237,#2238,#2239);
#2237 = CARTESIAN_POINT('',(-2.808005405856E-15,3.707602883041E-15,2.));
#2238 = DIRECTION('',(0.,0.,1.));
#2239 = DIRECTION('',(1.,0.,-0.));
#2240 = DEFINITIONAL_REPRESENTATION('',(#2241),#2245);
#2241 = LINE('',#2242,#2243);
#2242 = CARTESIAN_POINT('',(-23.61473670974,-17.09807621135));
#2243 = VECTOR('',#2244,1.);
#2244 = DIRECTION('',(-0.866025403784,-0.5));
#2245 = ( GEOMETRIC_REPRESENTATION_CONTEXT(2) 
PARAMETRIC_REPRESENTATION_CONTEXT() REPRESENTATION_CONTEXT('2D SPACE',''
  ) );
#2246 = ORIENTED_EDGE('',*,*,#2247,.F.);
#2247 = EDGE_CURVE('',#148,#2220,#2248,.T.);
#2248 = SURFACE_CURVE('',#2249,(#2253,#2260),.PCURVE_S1.);
#2249 = LINE('',#2250,#2251);
#2250 = CARTESIAN_POINT('',(-34.2235479061,-23.22307621135,0.));
#2251 = VECTOR('',#2252,1.);
#2252 = DIRECTION('',(0.,0.,1.));
#2253 = PCURVE('',#163,#2254);
#2254 = DEFINITIONAL_REPRESENTATION('',(#2255),#2259);
#2255 = LINE('',#2256,#2257);
#2256 = CARTESIAN_POINT('',(12.25,0.));
#2257 = VECTOR('',#2258,1.);
#2258 = DIRECTION('',(0.,-1.));
#2259 = ( GEOMETRIC_REPRESENTATION_CONTEXT(2) 
PARAMETRIC_REPRESENTATION_CONTEXT() REPRESENTATION_CONTEXT('2D SPACE',''
  ) );
#2260 = PCURVE('',#196,#2261);
#2261 = DEFINITIONAL_REPRESENTATION('',(#2262),#2266);
#2262 = LINE('',#2263,#2264);
#2263 = CARTESIAN_POINT('',(0.,0.));
#2264 = VECTOR('',#2265,1.);
#2265 = DIRECTION('',(0.,-1.));
#2266 = ( GEOMETRIC_REPRESENTATION_CONTEXT(2) 
PARAMETRIC_REPRESENTATION_CONTEXT() REPRESENTATION_CONTEXT('2D SPACE',''
  ) );
#2267 = ORIENTED_EDGE('',*,*,#147,.F.);
#2268 = ADVANCED_FACE('',(#2269),#196,.F.);
#2269 = FACE_BOUND('',#2270,.F.);
#2270 = EDGE_LOOP('',(#2271,#2272,#2300,#2327,#2328,#2352,#2378,#2379));
#2271 = ORIENTED_EDGE('',*,*,#2247,.T.);
#2272 = ORIENTED_EDGE('',*,*,#2273,.T.);
#2273 = EDGE_CURVE('',#2220,#2274,#2276,.T.);
#2274 = VERTEX_POINT('',#2275);
#2275 = CARTESIAN_POINT('',(-35.00519951258,-23.53772648656,2.));
#2276 = SURFACE_CURVE('',#2277,(#2282,#2289),.PCURVE_S1.);
#2277 = CIRCLE('',#2278,3.);
#2278 = AXIS2_PLACEMENT_3D('',#2279,#2280,#2281);
#2279 = CARTESIAN_POINT('',(-35.7235479061,-20.625,2.));
#2280 = DIRECTION('',(0.,-0.,-1.));
#2281 = DIRECTION('',(0.5,-0.866025403784,0.));
#2282 = PCURVE('',#196,#2283);
#2283 = DEFINITIONAL_REPRESENTATION('',(#2284),#2288);
#2284 = LINE('',#2285,#2286);
#2285 = CARTESIAN_POINT('',(0.,-2.));
#2286 = VECTOR('',#2287,1.);
#2287 = DIRECTION('',(1.,0.));
#2288 = ( GEOMETRIC_REPRESENTATION_CONTEXT(2) 
PARAMETRIC_REPRESENTATION_CONTEXT() REPRESENTATION_CONTEXT('2D SPACE',''
  ) );
#2289 = PCURVE('',#2235,#2290);
#2290 = DEFINITIONAL_REPRESENTATION('',(#2291),#2299);
#2291 = ( BOUNDED_CURVE() B_SPLINE_CURVE(2,(#2292,#2293,#2294,#2295,
#2296,#2297,#2298),.UNSPECIFIED.,.T.,.F.) B_SPLINE_CURVE_WITH_KNOTS((1,2
    ,2,2,2,1),(-2.094395102393,0.,2.094395102393,4.188790204786,
6.28318530718,8.377580409573),.UNSPECIFIED.) CURVE() 
GEOMETRIC_REPRESENTATION_ITEM() RATIONAL_B_SPLINE_CURVE((1.,0.5,1.,0.5,
1.,0.5,1.)) REPRESENTATION_ITEM('') );
#2292 = CARTESIAN_POINT('',(-34.2235479061,-23.22307621135));
#2293 = CARTESIAN_POINT('',(-38.7235479061,-25.8211524227));
#2294 = CARTESIAN_POINT('',(-38.7235479061,-20.625));
#2295 = CARTESIAN_POINT('',(-38.7235479061,-15.42884757729));
#2296 = CARTESIAN_POINT('',(-34.2235479061,-18.02692378864));
#2297 = CARTESIAN_POINT('',(-29.7235479061,-20.625));
#2298 = CARTESIAN_POINT('',(-34.2235479061,-23.22307621135));
#2299 = ( GEOMETRIC_REPRESENTATION_CONTEXT(2) 
PARAMETRIC_REPRESENTATION_CONTEXT() REPRESENTATION_CONTEXT('2D SPACE',''
  ) );
#2300 = ORIENTED_EDGE('',*,*,#2301,.T.);
#2301 = EDGE_CURVE('',#2274,#1069,#2302,.T.);
#2302 = SURFACE_CURVE('',#2303,(#2308,#2315),.PCURVE_S1.);
#2303 = CIRCLE('',#2304,3.);
#2304 = AXIS2_PLACEMENT_3D('',#2305,#2306,#2307);
#2305 = CARTESIAN_POINT('',(-35.7235479061,-20.625,2.));
#2306 = DIRECTION('',(0.,-0.,-1.));
#2307 = DIRECTION('',(0.5,-0.866025403784,0.));
#2308 = PCURVE('',#196,#2309);
#2309 = DEFINITIONAL_REPRESENTATION('',(#2310),#2314);
#2310 = LINE('',#2311,#2312);
#2311 = CARTESIAN_POINT('',(0.,-2.));
#2312 = VECTOR('',#2313,1.);
#2313 = DIRECTION('',(1.,0.));
#2314 = ( GEOMETRIC_REPRESENTATION_CONTEXT(2) 
PARAMETRIC_REPRESENTATION_CONTEXT() REPRESENTATION_CONTEXT('2D SPACE',''
  ) );
#2315 = PCURVE('',#2316,#2321);
#2316 = PLANE('',#2317);
#2317 = AXIS2_PLACEMENT_3D('',#2318,#2319,#2320);
#2318 = CARTESIAN_POINT('',(-30.41914230792,-17.5625,2.));
#2319 = DIRECTION('',(0.,0.,-1.));
#2320 = DIRECTION('',(0.866025403784,0.5,0.));
#2321 = DEFINITIONAL_REPRESENTATION('',(#2322),#2326);
#2322 = CIRCLE('',#2323,3.);
#2323 = AXIS2_PLACEMENT_2D('',#2324,#2325);
#2324 = CARTESIAN_POINT('',(-6.125,-1.33226762955E-15));
#2325 = DIRECTION('',(0.,1.));
#2326 = ( GEOMETRIC_REPRESENTATION_CONTEXT(2) 
PARAMETRIC_REPRESENTATION_CONTEXT() REPRESENTATION_CONTEXT('2D SPACE',''
  ) );
#2327 = ORIENTED_EDGE('',*,*,#1092,.T.);
#2328 = ORIENTED_EDGE('',*,*,#2329,.T.);
#2329 = EDGE_CURVE('',#1093,#2330,#2332,.T.);
#2330 = VERTEX_POINT('',#2331);
#2331 = CARTESIAN_POINT('',(-37.83196853208,-18.49085790915,2.));
#2332 = SURFACE_CURVE('',#2333,(#2338,#2345),.PCURVE_S1.);
#2333 = CIRCLE('',#2334,3.);
#2334 = AXIS2_PLACEMENT_3D('',#2335,#2336,#2337);
#2335 = CARTESIAN_POINT('',(-35.7235479061,-20.625,2.));
#2336 = DIRECTION('',(0.,-0.,-1.));
#2337 = DIRECTION('',(0.5,-0.866025403784,0.));
#2338 = PCURVE('',#196,#2339);
#2339 = DEFINITIONAL_REPRESENTATION('',(#2340),#2344);
#2340 = LINE('',#2341,#2342);
#2341 = CARTESIAN_POINT('',(0.,-2.));
#2342 = VECTOR('',#2343,1.);
#2343 = DIRECTION('',(1.,0.));
#2344 = ( GEOMETRIC_REPRESENTATION_CONTEXT(2) 
PARAMETRIC_REPRESENTATION_CONTEXT() REPRESENTATION_CONTEXT('2D SPACE',''
  ) );
#2345 = PCURVE('',#2316,#2346);
#2346 = DEFINITIONAL_REPRESENTATION('',(#2347),#2351);
#2347 = CIRCLE('',#2348,3.);
#2348 = AXIS2_PLACEMENT_2D('',#2349,#2350);
#2349 = CARTESIAN_POINT('',(-6.125,-1.33226762955E-15));
#2350 = DIRECTION('',(0.,1.));
#2351 = ( GEOMETRIC_REPRESENTATION_CONTEXT(2) 
PARAMETRIC_REPRESENTATION_CONTEXT() REPRESENTATION_CONTEXT('2D SPACE',''
  ) );
#2352 = ORIENTED_EDGE('',*,*,#2353,.T.);
#2353 = EDGE_CURVE('',#2330,#1584,#2354,.T.);
#2354 = SURFACE_CURVE('',#2355,(#2360,#2367),.PCURVE_S1.);
#2355 = CIRCLE('',#2356,3.);
#2356 = AXIS2_PLACEMENT_3D('',#2357,#2358,#2359);
#2357 = CARTESIAN_POINT('',(-35.7235479061,-20.625,2.));
#2358 = DIRECTION('',(0.,-0.,-1.));
#2359 = DIRECTION('',(0.5,-0.866025403784,0.));
#2360 = PCURVE('',#196,#2361);
#2361 = DEFINITIONAL_REPRESENTATION('',(#2362),#2366);
#2362 = LINE('',#2363,#2364);
#2363 = CARTESIAN_POINT('',(0.,-2.));
#2364 = VECTOR('',#2365,1.);
#2365 = DIRECTION('',(1.,0.));
#2366 = ( GEOMETRIC_REPRESENTATION_CONTEXT(2) 
PARAMETRIC_REPRESENTATION_CONTEXT() REPRESENTATION_CONTEXT('2D SPACE',''
  ) );
#2367 = PCURVE('',#1622,#2368);
#2368 = DEFINITIONAL_REPRESENTATION('',(#2369),#2377);
#2369 = ( BOUNDED_CURVE() B_SPLINE_CURVE(2,(#2370,#2371,#2372,#2373,
#2374,#2375,#2376),.UNSPECIFIED.,.T.,.F.) B_SPLINE_CURVE_WITH_KNOTS((1,2
    ,2,2,2,1),(-2.094395102393,0.,2.094395102393,4.188790204786,
6.28318530718,8.377580409573),.UNSPECIFIED.) CURVE() 
GEOMETRIC_REPRESENTATION_ITEM() RATIONAL_B_SPLINE_CURVE((1.,0.5,1.,0.5,
1.,0.5,1.)) REPRESENTATION_ITEM('') );
#2370 = CARTESIAN_POINT('',(-34.2235479061,-23.22307621135));
#2371 = CARTESIAN_POINT('',(-38.7235479061,-25.8211524227));
#2372 = CARTESIAN_POINT('',(-38.7235479061,-20.625));
#2373 = CARTESIAN_POINT('',(-38.7235479061,-15.42884757729));
#2374 = CARTESIAN_POINT('',(-34.2235479061,-18.02692378864));
#2375 = CARTESIAN_POINT('',(-29.7235479061,-20.625));
#2376 = CARTESIAN_POINT('',(-34.2235479061,-23.22307621135));
#2377 = ( GEOMETRIC_REPRESENTATION_CONTEXT(2) 
PARAMETRIC_REPRESENTATION_CONTEXT() REPRESENTATION_CONTEXT('2D SPACE',''
  ) );
#2378 = ORIENTED_EDGE('',*,*,#1583,.F.);
#2379 = ORIENTED_EDGE('',*,*,#175,.F.);
#2380 = ADVANCED_FACE('',(#2381),#259,.F.);
#2381 = FACE_BOUND('',#2382,.F.);
#2382 = EDGE_LOOP('',(#2383,#2406,#2434,#2463,#2491,#2520,#2553,#2577,
    #2610,#2631));
#2383 = ORIENTED_EDGE('',*,*,#2384,.T.);
#2384 = EDGE_CURVE('',#237,#2385,#2387,.T.);
#2385 = VERTEX_POINT('',#2386);
#2386 = CARTESIAN_POINT('',(-3.,-29.,2.));
#2387 = SURFACE_CURVE('',#2388,(#2392,#2399),.PCURVE_S1.);
#2388 = LINE('',#2389,#2390);
#2389 = CARTESIAN_POINT('',(-3.,-29.,0.));
#2390 = VECTOR('',#2391,1.);
#2391 = DIRECTION('',(0.,0.,1.));
#2392 = PCURVE('',#259,#2393);
#2393 = DEFINITIONAL_REPRESENTATION('',(#2394),#2398);
#2394 = LINE('',#2395,#2396);
#2395 = CARTESIAN_POINT('',(0.,0.));
#2396 = VECTOR('',#2397,1.);
#2397 = DIRECTION('',(0.,-1.));
#2398 = ( GEOMETRIC_REPRESENTATION_CONTEXT(2) 
PARAMETRIC_REPRESENTATION_CONTEXT() REPRESENTATION_CONTEXT('2D SPACE',''
  ) );
#2399 = PCURVE('',#346,#2400);
#2400 = DEFINITIONAL_REPRESENTATION('',(#2401),#2405);
#2401 = LINE('',#2402,#2403);
#2402 = CARTESIAN_POINT('',(12.25,0.));
#2403 = VECTOR('',#2404,1.);
#2404 = DIRECTION('',(0.,-1.));
#2405 = ( GEOMETRIC_REPRESENTATION_CONTEXT(2) 
PARAMETRIC_REPRESENTATION_CONTEXT() REPRESENTATION_CONTEXT('2D SPACE',''
  ) );
#2406 = ORIENTED_EDGE('',*,*,#2407,.T.);
#2407 = EDGE_CURVE('',#2385,#2408,#2410,.T.);
#2408 = VERTEX_POINT('',#2409);
#2409 = CARTESIAN_POINT('',(-2.896397929815,-28.21841249231,2.));
#2410 = SURFACE_CURVE('',#2411,(#2416,#2423),.PCURVE_S1.);
#2411 = CIRCLE('',#2412,3.);
#2412 = AXIS2_PLACEMENT_3D('',#2413,#2414,#2415);
#2413 = CARTESIAN_POINT('',(-6.439293542826E-15,-29.,2.));
#2414 = DIRECTION('',(0.,0.,-1.));
#2415 = DIRECTION('',(-1.,2.22044604925E-16,0.));
#2416 = PCURVE('',#259,#2417);
#2417 = DEFINITIONAL_REPRESENTATION('',(#2418),#2422);
#2418 = LINE('',#2419,#2420);
#2419 = CARTESIAN_POINT('',(0.,-2.));
#2420 = VECTOR('',#2421,1.);
#2421 = DIRECTION('',(1.,0.));
#2422 = ( GEOMETRIC_REPRESENTATION_CONTEXT(2) 
PARAMETRIC_REPRESENTATION_CONTEXT() REPRESENTATION_CONTEXT('2D SPACE',''
  ) );
#2423 = PCURVE('',#1518,#2424);
#2424 = DEFINITIONAL_REPRESENTATION('',(#2425),#2433);
#2425 = ( BOUNDED_CURVE() B_SPLINE_CURVE(2,(#2426,#2427,#2428,#2429,
#2430,#2431,#2432),.UNSPECIFIED.,.T.,.F.) B_SPLINE_CURVE_WITH_KNOTS((1,2
    ,2,2,2,1),(-2.094395102393,0.,2.094395102393,4.188790204786,
6.28318530718,8.377580409573),.UNSPECIFIED.) CURVE() 
GEOMETRIC_REPRESENTATION_ITEM() RATIONAL_B_SPLINE_CURVE((1.,0.5,1.,0.5,
1.,0.5,1.)) REPRESENTATION_ITEM('') );
#2426 = CARTESIAN_POINT('',(-3.,-29.));
#2427 = CARTESIAN_POINT('',(-3.,-23.80384757729));
#2428 = CARTESIAN_POINT('',(1.5,-26.40192378864));
#2429 = CARTESIAN_POINT('',(6.,-29.));
#2430 = CARTESIAN_POINT('',(1.5,-31.59807621135));
#2431 = CARTESIAN_POINT('',(-3.,-34.1961524227));
#2432 = CARTESIAN_POINT('',(-3.,-29.));
#2433 = ( GEOMETRIC_REPRESENTATION_CONTEXT(2) 
PARAMETRIC_REPRESENTATION_CONTEXT() REPRESENTATION_CONTEXT('2D SPACE',''
  ) );
#2434 = ORIENTED_EDGE('',*,*,#2435,.T.);
#2435 = EDGE_CURVE('',#2408,#2436,#2438,.T.);
#2436 = VERTEX_POINT('',#2437);
#2437 = CARTESIAN_POINT('',(-2.571900062146,-27.45554861833,2.));
#2438 = SURFACE_CURVE('',#2439,(#2444,#2451),.PCURVE_S1.);
#2439 = CIRCLE('',#2440,3.);
#2440 = AXIS2_PLACEMENT_3D('',#2441,#2442,#2443);
#2441 = CARTESIAN_POINT('',(-6.439293542826E-15,-29.,2.));
#2442 = DIRECTION('',(0.,0.,-1.));
#2443 = DIRECTION('',(-1.,2.22044604925E-16,0.));
#2444 = PCURVE('',#259,#2445);
#2445 = DEFINITIONAL_REPRESENTATION('',(#2446),#2450);
#2446 = LINE('',#2447,#2448);
#2447 = CARTESIAN_POINT('',(0.,-2.));
#2448 = VECTOR('',#2449,1.);
#2449 = DIRECTION('',(1.,0.));
#2450 = ( GEOMETRIC_REPRESENTATION_CONTEXT(2) 
PARAMETRIC_REPRESENTATION_CONTEXT() REPRESENTATION_CONTEXT('2D SPACE',''
  ) );
#2451 = PCURVE('',#2452,#2457);
#2452 = PLANE('',#2453);
#2453 = AXIS2_PLACEMENT_3D('',#2454,#2455,#2456);
#2454 = CARTESIAN_POINT('',(-7.820215063749E-15,-35.125,2.));
#2455 = DIRECTION('',(0.,0.,-1.));
#2456 = DIRECTION('',(2.22044604925E-16,1.,0.));
#2457 = DEFINITIONAL_REPRESENTATION('',(#2458),#2462);
#2458 = CIRCLE('',#2459,3.);
#2459 = AXIS2_PLACEMENT_2D('',#2460,#2461);
#2460 = CARTESIAN_POINT('',(6.125,2.089831575765E-17));
#2461 = DIRECTION('',(0.,-1.));
#2462 = ( GEOMETRIC_REPRESENTATION_CONTEXT(2) 
PARAMETRIC_REPRESENTATION_CONTEXT() REPRESENTATION_CONTEXT('2D SPACE',''
  ) );
#2463 = ORIENTED_EDGE('',*,*,#2464,.T.);
#2464 = EDGE_CURVE('',#2436,#2465,#2467,.T.);
#2465 = VERTEX_POINT('',#2466);
#2466 = CARTESIAN_POINT('',(-1.097655450455,-26.20801996567,2.));
#2467 = SURFACE_CURVE('',#2468,(#2473,#2480),.PCURVE_S1.);
#2468 = CIRCLE('',#2469,3.);
#2469 = AXIS2_PLACEMENT_3D('',#2470,#2471,#2472);
#2470 = CARTESIAN_POINT('',(-6.439293542826E-15,-29.,2.));
#2471 = DIRECTION('',(0.,0.,-1.));
#2472 = DIRECTION('',(-1.,2.22044604925E-16,0.));
#2473 = PCURVE('',#259,#2474);
#2474 = DEFINITIONAL_REPRESENTATION('',(#2475),#2479);
#2475 = LINE('',#2476,#2477);
#2476 = CARTESIAN_POINT('',(0.,-2.));
#2477 = VECTOR('',#2478,1.);
#2478 = DIRECTION('',(1.,0.));
#2479 = ( GEOMETRIC_REPRESENTATION_CONTEXT(2) 
PARAMETRIC_REPRESENTATION_CONTEXT() REPRESENTATION_CONTEXT('2D SPACE',''
  ) );
#2480 = PCURVE('',#1461,#2481);
#2481 = DEFINITIONAL_REPRESENTATION('',(#2482),#2490);
#2482 = ( BOUNDED_CURVE() B_SPLINE_CURVE(2,(#2483,#2484,#2485,#2486,
#2487,#2488,#2489),.UNSPECIFIED.,.T.,.F.) B_SPLINE_CURVE_WITH_KNOTS((1,2
    ,2,2,2,1),(-2.094395102393,0.,2.094395102393,4.188790204786,
6.28318530718,8.377580409573),.UNSPECIFIED.) CURVE() 
GEOMETRIC_REPRESENTATION_ITEM() RATIONAL_B_SPLINE_CURVE((1.,0.5,1.,0.5,
1.,0.5,1.)) REPRESENTATION_ITEM('') );
#2483 = CARTESIAN_POINT('',(-3.,-29.));
#2484 = CARTESIAN_POINT('',(-3.,-23.80384757729));
#2485 = CARTESIAN_POINT('',(1.5,-26.40192378864));
#2486 = CARTESIAN_POINT('',(6.,-29.));
#2487 = CARTESIAN_POINT('',(1.5,-31.59807621135));
#2488 = CARTESIAN_POINT('',(-3.,-34.1961524227));
#2489 = CARTESIAN_POINT('',(-3.,-29.));
#2490 = ( GEOMETRIC_REPRESENTATION_CONTEXT(2) 
PARAMETRIC_REPRESENTATION_CONTEXT() REPRESENTATION_CONTEXT('2D SPACE',''
  ) );
#2491 = ORIENTED_EDGE('',*,*,#2492,.T.);
#2492 = EDGE_CURVE('',#2465,#2493,#2495,.T.);
#2493 = VERTEX_POINT('',#2494);
#2494 = CARTESIAN_POINT('',(1.306002537289,-26.29919319969,2.));
#2495 = SURFACE_CURVE('',#2496,(#2501,#2508),.PCURVE_S1.);
#2496 = CIRCLE('',#2497,3.);
#2497 = AXIS2_PLACEMENT_3D('',#2498,#2499,#2500);
#2498 = CARTESIAN_POINT('',(-6.439293542826E-15,-29.,2.));
#2499 = DIRECTION('',(0.,0.,-1.));
#2500 = DIRECTION('',(-1.,2.22044604925E-16,0.));
#2501 = PCURVE('',#259,#2502);
#2502 = DEFINITIONAL_REPRESENTATION('',(#2503),#2507);
#2503 = LINE('',#2504,#2505);
#2504 = CARTESIAN_POINT('',(0.,-2.));
#2505 = VECTOR('',#2506,1.);
#2506 = DIRECTION('',(1.,0.));
#2507 = ( GEOMETRIC_REPRESENTATION_CONTEXT(2) 
PARAMETRIC_REPRESENTATION_CONTEXT() REPRESENTATION_CONTEXT('2D SPACE',''
  ) );
#2508 = PCURVE('',#2509,#2514);
#2509 = PLANE('',#2510);
#2510 = AXIS2_PLACEMENT_3D('',#2511,#2512,#2513);
#2511 = CARTESIAN_POINT('',(-7.820215063749E-15,-35.125,2.));
#2512 = DIRECTION('',(0.,0.,-1.));
#2513 = DIRECTION('',(2.22044604925E-16,1.,0.));
#2514 = DEFINITIONAL_REPRESENTATION('',(#2515),#2519);
#2515 = CIRCLE('',#2516,3.);
#2516 = AXIS2_PLACEMENT_2D('',#2517,#2518);
#2517 = CARTESIAN_POINT('',(6.125,2.089831575765E-17));
#2518 = DIRECTION('',(0.,-1.));
#2519 = ( GEOMETRIC_REPRESENTATION_CONTEXT(2) 
PARAMETRIC_REPRESENTATION_CONTEXT() REPRESENTATION_CONTEXT('2D SPACE',''
  ) );
#2520 = ORIENTED_EDGE('',*,*,#2521,.T.);
#2521 = EDGE_CURVE('',#2493,#2522,#2524,.T.);
#2522 = VERTEX_POINT('',#2523);
#2523 = CARTESIAN_POINT('',(2.681506929791,-27.65481578009,2.));
#2524 = SURFACE_CURVE('',#2525,(#2530,#2537),.PCURVE_S1.);
#2525 = CIRCLE('',#2526,3.);
#2526 = AXIS2_PLACEMENT_3D('',#2527,#2528,#2529);
#2527 = CARTESIAN_POINT('',(-6.439293542826E-15,-29.,2.));
#2528 = DIRECTION('',(0.,0.,-1.));
#2529 = DIRECTION('',(-1.,2.22044604925E-16,0.));
#2530 = PCURVE('',#259,#2531);
#2531 = DEFINITIONAL_REPRESENTATION('',(#2532),#2536);
#2532 = LINE('',#2533,#2534);
#2533 = CARTESIAN_POINT('',(0.,-2.));
#2534 = VECTOR('',#2535,1.);
#2535 = DIRECTION('',(1.,0.));
#2536 = ( GEOMETRIC_REPRESENTATION_CONTEXT(2) 
PARAMETRIC_REPRESENTATION_CONTEXT() REPRESENTATION_CONTEXT('2D SPACE',''
  ) );
#2537 = PCURVE('',#2538,#2543);
#2538 = PLANE('',#2539);
#2539 = AXIS2_PLACEMENT_3D('',#2540,#2541,#2542);
#2540 = CARTESIAN_POINT('',(-2.808005405856E-15,3.707602883041E-15,2.));
#2541 = DIRECTION('',(0.,0.,1.));
#2542 = DIRECTION('',(1.,0.,-0.));
#2543 = DEFINITIONAL_REPRESENTATION('',(#2544),#2552);
#2544 = ( BOUNDED_CURVE() B_SPLINE_CURVE(2,(#2545,#2546,#2547,#2548,
#2549,#2550,#2551),.UNSPECIFIED.,.T.,.F.) B_SPLINE_CURVE_WITH_KNOTS((1,2
    ,2,2,2,1),(-2.094395102393,0.,2.094395102393,4.188790204786,
6.28318530718,8.377580409573),.UNSPECIFIED.) CURVE() 
GEOMETRIC_REPRESENTATION_ITEM() RATIONAL_B_SPLINE_CURVE((1.,0.5,1.,0.5,
1.,0.5,1.)) REPRESENTATION_ITEM('') );
#2545 = CARTESIAN_POINT('',(-3.,-29.));
#2546 = CARTESIAN_POINT('',(-3.,-23.80384757729));
#2547 = CARTESIAN_POINT('',(1.5,-26.40192378864));
#2548 = CARTESIAN_POINT('',(6.,-29.));
#2549 = CARTESIAN_POINT('',(1.5,-31.59807621135));
#2550 = CARTESIAN_POINT('',(-3.,-34.1961524227));
#2551 = CARTESIAN_POINT('',(-3.,-29.));
#2552 = ( GEOMETRIC_REPRESENTATION_CONTEXT(2) 
PARAMETRIC_REPRESENTATION_CONTEXT() REPRESENTATION_CONTEXT('2D SPACE',''
  ) );
#2553 = ORIENTED_EDGE('',*,*,#2554,.T.);
#2554 = EDGE_CURVE('',#2522,#2555,#2557,.T.);
#2555 = VERTEX_POINT('',#2556);
#2556 = CARTESIAN_POINT('',(2.947283100971,-28.440069359,2.));
#2557 = SURFACE_CURVE('',#2558,(#2563,#2570),.PCURVE_S1.);
#2558 = CIRCLE('',#2559,3.);
#2559 = AXIS2_PLACEMENT_3D('',#2560,#2561,#2562);
#2560 = CARTESIAN_POINT('',(-6.439293542826E-15,-29.,2.));
#2561 = DIRECTION('',(0.,0.,-1.));
#2562 = DIRECTION('',(-1.,2.22044604925E-16,0.));
#2563 = PCURVE('',#259,#2564);
#2564 = DEFINITIONAL_REPRESENTATION('',(#2565),#2569);
#2565 = LINE('',#2566,#2567);
#2566 = CARTESIAN_POINT('',(0.,-2.));
#2567 = VECTOR('',#2568,1.);
#2568 = DIRECTION('',(1.,0.));
#2569 = ( GEOMETRIC_REPRESENTATION_CONTEXT(2) 
PARAMETRIC_REPRESENTATION_CONTEXT() REPRESENTATION_CONTEXT('2D SPACE',''
  ) );
#2570 = PCURVE('',#2452,#2571);
#2571 = DEFINITIONAL_REPRESENTATION('',(#2572),#2576);
#2572 = CIRCLE('',#2573,3.);
#2573 = AXIS2_PLACEMENT_2D('',#2574,#2575);
#2574 = CARTESIAN_POINT('',(6.125,2.089831575765E-17));
#2575 = DIRECTION('',(0.,-1.));
#2576 = ( GEOMETRIC_REPRESENTATION_CONTEXT(2) 
PARAMETRIC_REPRESENTATION_CONTEXT() REPRESENTATION_CONTEXT('2D SPACE',''
  ) );
#2577 = ORIENTED_EDGE('',*,*,#2578,.T.);
#2578 = EDGE_CURVE('',#2555,#2579,#2581,.T.);
#2579 = VERTEX_POINT('',#2580);
#2580 = CARTESIAN_POINT('',(3.,-29.,2.));
#2581 = SURFACE_CURVE('',#2582,(#2587,#2594),.PCURVE_S1.);
#2582 = CIRCLE('',#2583,3.);
#2583 = AXIS2_PLACEMENT_3D('',#2584,#2585,#2586);
#2584 = CARTESIAN_POINT('',(-6.439293542826E-15,-29.,2.));
#2585 = DIRECTION('',(0.,0.,-1.));
#2586 = DIRECTION('',(-1.,2.22044604925E-16,0.));
#2587 = PCURVE('',#259,#2588);
#2588 = DEFINITIONAL_REPRESENTATION('',(#2589),#2593);
#2589 = LINE('',#2590,#2591);
#2590 = CARTESIAN_POINT('',(0.,-2.));
#2591 = VECTOR('',#2592,1.);
#2592 = DIRECTION('',(1.,0.));
#2593 = ( GEOMETRIC_REPRESENTATION_CONTEXT(2) 
PARAMETRIC_REPRESENTATION_CONTEXT() REPRESENTATION_CONTEXT('2D SPACE',''
  ) );
#2594 = PCURVE('',#2595,#2600);
#2595 = PLANE('',#2596);
#2596 = AXIS2_PLACEMENT_3D('',#2597,#2598,#2599);
#2597 = CARTESIAN_POINT('',(-2.808005405856E-15,3.707602883041E-15,2.));
#2598 = DIRECTION('',(0.,0.,1.));
#2599 = DIRECTION('',(1.,0.,-0.));
#2600 = DEFINITIONAL_REPRESENTATION('',(#2601),#2609);
#2601 = ( BOUNDED_CURVE() B_SPLINE_CURVE(2,(#2602,#2603,#2604,#2605,
#2606,#2607,#2608),.UNSPECIFIED.,.T.,.F.) B_SPLINE_CURVE_WITH_KNOTS((1,2
    ,2,2,2,1),(-2.094395102393,0.,2.094395102393,4.188790204786,
6.28318530718,8.377580409573),.UNSPECIFIED.) CURVE() 
GEOMETRIC_REPRESENTATION_ITEM() RATIONAL_B_SPLINE_CURVE((1.,0.5,1.,0.5,
1.,0.5,1.)) REPRESENTATION_ITEM('') );
#2602 = CARTESIAN_POINT('',(-3.,-29.));
#2603 = CARTESIAN_POINT('',(-3.,-23.80384757729));
#2604 = CARTESIAN_POINT('',(1.5,-26.40192378864));
#2605 = CARTESIAN_POINT('',(6.,-29.));
#2606 = CARTESIAN_POINT('',(1.5,-31.59807621135));
#2607 = CARTESIAN_POINT('',(-3.,-34.1961524227));
#2608 = CARTESIAN_POINT('',(-3.,-29.));
#2609 = ( GEOMETRIC_REPRESENTATION_CONTEXT(2) 
PARAMETRIC_REPRESENTATION_CONTEXT() REPRESENTATION_CONTEXT('2D SPACE',''
  ) );
#2610 = ORIENTED_EDGE('',*,*,#2611,.F.);
#2611 = EDGE_CURVE('',#239,#2579,#2612,.T.);
#2612 = SURFACE_CURVE('',#2613,(#2617,#2624),.PCURVE_S1.);
#2613 = LINE('',#2614,#2615);
#2614 = CARTESIAN_POINT('',(3.,-29.,0.));
#2615 = VECTOR('',#2616,1.);
#2616 = DIRECTION('',(0.,0.,1.));
#2617 = PCURVE('',#259,#2618);
#2618 = DEFINITIONAL_REPRESENTATION('',(#2619),#2623);
#2619 = LINE('',#2620,#2621);
#2620 = CARTESIAN_POINT('',(3.14159265359,0.));
#2621 = VECTOR('',#2622,1.);
#2622 = DIRECTION('',(0.,-1.));
#2623 = ( GEOMETRIC_REPRESENTATION_CONTEXT(2) 
PARAMETRIC_REPRESENTATION_CONTEXT() REPRESENTATION_CONTEXT('2D SPACE',''
  ) );
#2624 = PCURVE('',#287,#2625);
#2625 = DEFINITIONAL_REPRESENTATION('',(#2626),#2630);
#2626 = LINE('',#2627,#2628);
#2627 = CARTESIAN_POINT('',(0.,0.));
#2628 = VECTOR('',#2629,1.);
#2629 = DIRECTION('',(0.,-1.));
#2630 = ( GEOMETRIC_REPRESENTATION_CONTEXT(2) 
PARAMETRIC_REPRESENTATION_CONTEXT() REPRESENTATION_CONTEXT('2D SPACE',''
  ) );
#2631 = ORIENTED_EDGE('',*,*,#236,.F.);
#2632 = ADVANCED_FACE('',(#2633),#346,.F.);
#2633 = FACE_BOUND('',#2634,.F.);
#2634 = EDGE_LOOP('',(#2635,#2658,#2686,#2709,#2737,#2760,#2788,#2811,
    #2839,#2862,#2890,#2913,#2941,#2962,#2963));
#2635 = ORIENTED_EDGE('',*,*,#2636,.T.);
#2636 = EDGE_CURVE('',#300,#2637,#2639,.T.);
#2637 = VERTEX_POINT('',#2638);
#2638 = CARTESIAN_POINT('',(-3.,-41.25,2.));
#2639 = SURFACE_CURVE('',#2640,(#2644,#2651),.PCURVE_S1.);
#2640 = LINE('',#2641,#2642);
#2641 = CARTESIAN_POINT('',(-3.,-41.25,0.));
#2642 = VECTOR('',#2643,1.);
#2643 = DIRECTION('',(0.,0.,1.));
#2644 = PCURVE('',#346,#2645);
#2645 = DEFINITIONAL_REPRESENTATION('',(#2646),#2650);
#2646 = LINE('',#2647,#2648);
#2647 = CARTESIAN_POINT('',(0.,0.));
#2648 = VECTOR('',#2649,1.);
#2649 = DIRECTION('',(0.,-1.));
#2650 = ( GEOMETRIC_REPRESENTATION_CONTEXT(2) 
PARAMETRIC_REPRESENTATION_CONTEXT() REPRESENTATION_CONTEXT('2D SPACE',''
  ) );
#2651 = PCURVE('',#320,#2652);
#2652 = DEFINITIONAL_REPRESENTATION('',(#2653),#2657);
#2653 = LINE('',#2654,#2655);
#2654 = CARTESIAN_POINT('',(3.14159265359,0.));
#2655 = VECTOR('',#2656,1.);
#2656 = DIRECTION('',(0.,-1.));
#2657 = ( GEOMETRIC_REPRESENTATION_CONTEXT(2) 
PARAMETRIC_REPRESENTATION_CONTEXT() REPRESENTATION_CONTEXT('2D SPACE',''
  ) );
#2658 = ORIENTED_EDGE('',*,*,#2659,.T.);
#2659 = EDGE_CURVE('',#2637,#2660,#2662,.T.);
#2660 = VERTEX_POINT('',#2661);
#2661 = CARTESIAN_POINT('',(-2.999999999999,-40.69397989875,2.));
#2662 = SURFACE_CURVE('',#2663,(#2667,#2674),.PCURVE_S1.);
#2663 = LINE('',#2664,#2665);
#2664 = CARTESIAN_POINT('',(-3.,-41.25,2.));
#2665 = VECTOR('',#2666,1.);
#2666 = DIRECTION('',(2.22044604925E-16,1.,0.));
#2667 = PCURVE('',#346,#2668);
#2668 = DEFINITIONAL_REPRESENTATION('',(#2669),#2673);
#2669 = LINE('',#2670,#2671);
#2670 = CARTESIAN_POINT('',(0.,-2.));
#2671 = VECTOR('',#2672,1.);
#2672 = DIRECTION('',(1.,0.));
#2673 = ( GEOMETRIC_REPRESENTATION_CONTEXT(2) 
PARAMETRIC_REPRESENTATION_CONTEXT() REPRESENTATION_CONTEXT('2D SPACE',''
  ) );
#2674 = PCURVE('',#2675,#2680);
#2675 = PLANE('',#2676);
#2676 = AXIS2_PLACEMENT_3D('',#2677,#2678,#2679);
#2677 = CARTESIAN_POINT('',(-7.820215063749E-15,-35.125,2.));
#2678 = DIRECTION('',(0.,0.,-1.));
#2679 = DIRECTION('',(2.22044604925E-16,1.,0.));
#2680 = DEFINITIONAL_REPRESENTATION('',(#2681),#2685);
#2681 = LINE('',#2682,#2683);
#2682 = CARTESIAN_POINT('',(-6.125,-3.));
#2683 = VECTOR('',#2684,1.);
#2684 = DIRECTION('',(1.,0.));
#2685 = ( GEOMETRIC_REPRESENTATION_CONTEXT(2) 
PARAMETRIC_REPRESENTATION_CONTEXT() REPRESENTATION_CONTEXT('2D SPACE',''
  ) );
#2686 = ORIENTED_EDGE('',*,*,#2687,.T.);
#2687 = EDGE_CURVE('',#2660,#2688,#2690,.T.);
#2688 = VERTEX_POINT('',#2689);
#2689 = CARTESIAN_POINT('',(-3.,-39.28663895015,2.));
#2690 = SURFACE_CURVE('',#2691,(#2695,#2702),.PCURVE_S1.);
#2691 = LINE('',#2692,#2693);
#2692 = CARTESIAN_POINT('',(-3.,-41.25,2.));
#2693 = VECTOR('',#2694,1.);
#2694 = DIRECTION('',(2.22044604925E-16,1.,0.));
#2695 = PCURVE('',#346,#2696);
#2696 = DEFINITIONAL_REPRESENTATION('',(#2697),#2701);
#2697 = LINE('',#2698,#2699);
#2698 = CARTESIAN_POINT('',(0.,-2.));
#2699 = VECTOR('',#2700,1.);
#2700 = DIRECTION('',(1.,0.));
#2701 = ( GEOMETRIC_REPRESENTATION_CONTEXT(2) 
PARAMETRIC_REPRESENTATION_CONTEXT() REPRESENTATION_CONTEXT('2D SPACE',''
  ) );
#2702 = PCURVE('',#2184,#2703);
#2703 = DEFINITIONAL_REPRESENTATION('',(#2704),#2708);
#2704 = LINE('',#2705,#2706);
#2705 = CARTESIAN_POINT('',(-3.,-41.25));
#2706 = VECTOR('',#2707,1.);
#2707 = DIRECTION('',(2.22044604925E-16,1.));
#2708 = ( GEOMETRIC_REPRESENTATION_CONTEXT(2) 
PARAMETRIC_REPRESENTATION_CONTEXT() REPRESENTATION_CONTEXT('2D SPACE',''
  ) );
#2709 = ORIENTED_EDGE('',*,*,#2710,.T.);
#2710 = EDGE_CURVE('',#2688,#2711,#2713,.T.);
#2711 = VERTEX_POINT('',#2712);
#2712 = CARTESIAN_POINT('',(-2.999999999999,-38.4822036791,2.));
#2713 = SURFACE_CURVE('',#2714,(#2718,#2725),.PCURVE_S1.);
#2714 = LINE('',#2715,#2716);
#2715 = CARTESIAN_POINT('',(-3.,-41.25,2.));
#2716 = VECTOR('',#2717,1.);
#2717 = DIRECTION('',(2.22044604925E-16,1.,0.));
#2718 = PCURVE('',#346,#2719);
#2719 = DEFINITIONAL_REPRESENTATION('',(#2720),#2724);
#2720 = LINE('',#2721,#2722);
#2721 = CARTESIAN_POINT('',(0.,-2.));
#2722 = VECTOR('',#2723,1.);
#2723 = DIRECTION('',(1.,0.));
#2724 = ( GEOMETRIC_REPRESENTATION_CONTEXT(2) 
PARAMETRIC_REPRESENTATION_CONTEXT() REPRESENTATION_CONTEXT('2D SPACE',''
  ) );
#2725 = PCURVE('',#2726,#2731);
#2726 = PLANE('',#2727);
#2727 = AXIS2_PLACEMENT_3D('',#2728,#2729,#2730);
#2728 = CARTESIAN_POINT('',(-7.820215063749E-15,-35.125,2.));
#2729 = DIRECTION('',(0.,0.,-1.));
#2730 = DIRECTION('',(2.22044604925E-16,1.,0.));
#2731 = DEFINITIONAL_REPRESENTATION('',(#2732),#2736);
#2732 = LINE('',#2733,#2734);
#2733 = CARTESIAN_POINT('',(-6.125,-3.));
#2734 = VECTOR('',#2735,1.);
#2735 = DIRECTION('',(1.,0.));
#2736 = ( GEOMETRIC_REPRESENTATION_CONTEXT(2) 
PARAMETRIC_REPRESENTATION_CONTEXT() REPRESENTATION_CONTEXT('2D SPACE',''
  ) );
#2737 = ORIENTED_EDGE('',*,*,#2738,.T.);
#2738 = EDGE_CURVE('',#2711,#2739,#2741,.T.);
#2739 = VERTEX_POINT('',#2740);
#2740 = CARTESIAN_POINT('',(-3.000000000001,-37.07398009386,2.));
#2741 = SURFACE_CURVE('',#2742,(#2746,#2753),.PCURVE_S1.);
#2742 = LINE('',#2743,#2744);
#2743 = CARTESIAN_POINT('',(-3.,-41.25,2.));
#2744 = VECTOR('',#2745,1.);
#2745 = DIRECTION('',(2.22044604925E-16,1.,0.));
#2746 = PCURVE('',#346,#2747);
#2747 = DEFINITIONAL_REPRESENTATION('',(#2748),#2752);
#2748 = LINE('',#2749,#2750);
#2749 = CARTESIAN_POINT('',(0.,-2.));
#2750 = VECTOR('',#2751,1.);
#2751 = DIRECTION('',(1.,0.));
#2752 = ( GEOMETRIC_REPRESENTATION_CONTEXT(2) 
PARAMETRIC_REPRESENTATION_CONTEXT() REPRESENTATION_CONTEXT('2D SPACE',''
  ) );
#2753 = PCURVE('',#2133,#2754);
#2754 = DEFINITIONAL_REPRESENTATION('',(#2755),#2759);
#2755 = LINE('',#2756,#2757);
#2756 = CARTESIAN_POINT('',(-3.,-41.25));
#2757 = VECTOR('',#2758,1.);
#2758 = DIRECTION('',(2.22044604925E-16,1.));
#2759 = ( GEOMETRIC_REPRESENTATION_CONTEXT(2) 
PARAMETRIC_REPRESENTATION_CONTEXT() REPRESENTATION_CONTEXT('2D SPACE',''
  ) );
#2760 = ORIENTED_EDGE('',*,*,#2761,.T.);
#2761 = EDGE_CURVE('',#2739,#2762,#2764,.T.);
#2762 = VERTEX_POINT('',#2763);
#2763 = CARTESIAN_POINT('',(-3.000000000001,-36.26899502329,2.));
#2764 = SURFACE_CURVE('',#2765,(#2769,#2776),.PCURVE_S1.);
#2765 = LINE('',#2766,#2767);
#2766 = CARTESIAN_POINT('',(-3.,-41.25,2.));
#2767 = VECTOR('',#2768,1.);
#2768 = DIRECTION('',(2.22044604925E-16,1.,0.));
#2769 = PCURVE('',#346,#2770);
#2770 = DEFINITIONAL_REPRESENTATION('',(#2771),#2775);
#2771 = LINE('',#2772,#2773);
#2772 = CARTESIAN_POINT('',(0.,-2.));
#2773 = VECTOR('',#2774,1.);
#2774 = DIRECTION('',(1.,0.));
#2775 = ( GEOMETRIC_REPRESENTATION_CONTEXT(2) 
PARAMETRIC_REPRESENTATION_CONTEXT() REPRESENTATION_CONTEXT('2D SPACE',''
  ) );
#2776 = PCURVE('',#2777,#2782);
#2777 = PLANE('',#2778);
#2778 = AXIS2_PLACEMENT_3D('',#2779,#2780,#2781);
#2779 = CARTESIAN_POINT('',(-7.820215063749E-15,-35.125,2.));
#2780 = DIRECTION('',(0.,0.,-1.));
#2781 = DIRECTION('',(2.22044604925E-16,1.,0.));
#2782 = DEFINITIONAL_REPRESENTATION('',(#2783),#2787);
#2783 = LINE('',#2784,#2785);
#2784 = CARTESIAN_POINT('',(-6.125,-3.));
#2785 = VECTOR('',#2786,1.);
#2786 = DIRECTION('',(1.,0.));
#2787 = ( GEOMETRIC_REPRESENTATION_CONTEXT(2) 
PARAMETRIC_REPRESENTATION_CONTEXT() REPRESENTATION_CONTEXT('2D SPACE',''
  ) );
#2788 = ORIENTED_EDGE('',*,*,#2789,.T.);
#2789 = EDGE_CURVE('',#2762,#2790,#2792,.T.);
#2790 = VERTEX_POINT('',#2791);
#2791 = CARTESIAN_POINT('',(-2.999999999999,-34.85971887436,2.));
#2792 = SURFACE_CURVE('',#2793,(#2797,#2804),.PCURVE_S1.);
#2793 = LINE('',#2794,#2795);
#2794 = CARTESIAN_POINT('',(-3.,-41.25,2.));
#2795 = VECTOR('',#2796,1.);
#2796 = DIRECTION('',(2.22044604925E-16,1.,0.));
#2797 = PCURVE('',#346,#2798);
#2798 = DEFINITIONAL_REPRESENTATION('',(#2799),#2803);
#2799 = LINE('',#2800,#2801);
#2800 = CARTESIAN_POINT('',(0.,-2.));
#2801 = VECTOR('',#2802,1.);
#2802 = DIRECTION('',(1.,0.));
#2803 = ( GEOMETRIC_REPRESENTATION_CONTEXT(2) 
PARAMETRIC_REPRESENTATION_CONTEXT() REPRESENTATION_CONTEXT('2D SPACE',''
  ) );
#2804 = PCURVE('',#2082,#2805);
#2805 = DEFINITIONAL_REPRESENTATION('',(#2806),#2810);
#2806 = LINE('',#2807,#2808);
#2807 = CARTESIAN_POINT('',(-3.,-41.25));
#2808 = VECTOR('',#2809,1.);
#2809 = DIRECTION('',(2.22044604925E-16,1.));
#2810 = ( GEOMETRIC_REPRESENTATION_CONTEXT(2) 
PARAMETRIC_REPRESENTATION_CONTEXT() REPRESENTATION_CONTEXT('2D SPACE',''
  ) );
#2811 = ORIENTED_EDGE('',*,*,#2812,.T.);
#2812 = EDGE_CURVE('',#2790,#2813,#2815,.T.);
#2813 = VERTEX_POINT('',#2814);
#2814 = CARTESIAN_POINT('',(-3.,-34.05407464606,2.));
#2815 = SURFACE_CURVE('',#2816,(#2820,#2827),.PCURVE_S1.);
#2816 = LINE('',#2817,#2818);
#2817 = CARTESIAN_POINT('',(-3.,-41.25,2.));
#2818 = VECTOR('',#2819,1.);
#2819 = DIRECTION('',(2.22044604925E-16,1.,0.));
#2820 = PCURVE('',#346,#2821);
#2821 = DEFINITIONAL_REPRESENTATION('',(#2822),#2826);
#2822 = LINE('',#2823,#2824);
#2823 = CARTESIAN_POINT('',(0.,-2.));
#2824 = VECTOR('',#2825,1.);
#2825 = DIRECTION('',(1.,0.));
#2826 = ( GEOMETRIC_REPRESENTATION_CONTEXT(2) 
PARAMETRIC_REPRESENTATION_CONTEXT() REPRESENTATION_CONTEXT('2D SPACE',''
  ) );
#2827 = PCURVE('',#2828,#2833);
#2828 = PLANE('',#2829);
#2829 = AXIS2_PLACEMENT_3D('',#2830,#2831,#2832);
#2830 = CARTESIAN_POINT('',(-7.820215063749E-15,-35.125,2.));
#2831 = DIRECTION('',(0.,0.,-1.));
#2832 = DIRECTION('',(2.22044604925E-16,1.,0.));
#2833 = DEFINITIONAL_REPRESENTATION('',(#2834),#2838);
#2834 = LINE('',#2835,#2836);
#2835 = CARTESIAN_POINT('',(-6.125,-3.));
#2836 = VECTOR('',#2837,1.);
#2837 = DIRECTION('',(1.,0.));
#2838 = ( GEOMETRIC_REPRESENTATION_CONTEXT(2) 
PARAMETRIC_REPRESENTATION_CONTEXT() REPRESENTATION_CONTEXT('2D SPACE',''
  ) );
#2839 = ORIENTED_EDGE('',*,*,#2840,.T.);
#2840 = EDGE_CURVE('',#2813,#2841,#2843,.T.);
#2841 = VERTEX_POINT('',#2842);
#2842 = CARTESIAN_POINT('',(-3.000000000001,-32.64352922096,2.));
#2843 = SURFACE_CURVE('',#2844,(#2848,#2855),.PCURVE_S1.);
#2844 = LINE('',#2845,#2846);
#2845 = CARTESIAN_POINT('',(-3.,-41.25,2.));
#2846 = VECTOR('',#2847,1.);
#2847 = DIRECTION('',(2.22044604925E-16,1.,0.));
#2848 = PCURVE('',#346,#2849);
#2849 = DEFINITIONAL_REPRESENTATION('',(#2850),#2854);
#2850 = LINE('',#2851,#2852);
#2851 = CARTESIAN_POINT('',(0.,-2.));
#2852 = VECTOR('',#2853,1.);
#2853 = DIRECTION('',(1.,0.));
#2854 = ( GEOMETRIC_REPRESENTATION_CONTEXT(2) 
PARAMETRIC_REPRESENTATION_CONTEXT() REPRESENTATION_CONTEXT('2D SPACE',''
  ) );
#2855 = PCURVE('',#2031,#2856);
#2856 = DEFINITIONAL_REPRESENTATION('',(#2857),#2861);
#2857 = LINE('',#2858,#2859);
#2858 = CARTESIAN_POINT('',(-3.,-41.25));
#2859 = VECTOR('',#2860,1.);
#2860 = DIRECTION('',(2.22044604925E-16,1.));
#2861 = ( GEOMETRIC_REPRESENTATION_CONTEXT(2) 
PARAMETRIC_REPRESENTATION_CONTEXT() REPRESENTATION_CONTEXT('2D SPACE',''
  ) );
#2862 = ORIENTED_EDGE('',*,*,#2863,.T.);
#2863 = EDGE_CURVE('',#2841,#2864,#2866,.T.);
#2864 = VERTEX_POINT('',#2865);
#2865 = CARTESIAN_POINT('',(-3.,-31.83708529372,2.));
#2866 = SURFACE_CURVE('',#2867,(#2871,#2878),.PCURVE_S1.);
#2867 = LINE('',#2868,#2869);
#2868 = CARTESIAN_POINT('',(-3.,-41.25,2.));
#2869 = VECTOR('',#2870,1.);
#2870 = DIRECTION('',(2.22044604925E-16,1.,0.));
#2871 = PCURVE('',#346,#2872);
#2872 = DEFINITIONAL_REPRESENTATION('',(#2873),#2877);
#2873 = LINE('',#2874,#2875);
#2874 = CARTESIAN_POINT('',(0.,-2.));
#2875 = VECTOR('',#2876,1.);
#2876 = DIRECTION('',(1.,0.));
#2877 = ( GEOMETRIC_REPRESENTATION_CONTEXT(2) 
PARAMETRIC_REPRESENTATION_CONTEXT() REPRESENTATION_CONTEXT('2D SPACE',''
  ) );
#2878 = PCURVE('',#2879,#2884);
#2879 = PLANE('',#2880);
#2880 = AXIS2_PLACEMENT_3D('',#2881,#2882,#2883);
#2881 = CARTESIAN_POINT('',(-7.820215063749E-15,-35.125,2.));
#2882 = DIRECTION('',(0.,0.,-1.));
#2883 = DIRECTION('',(2.22044604925E-16,1.,0.));
#2884 = DEFINITIONAL_REPRESENTATION('',(#2885),#2889);
#2885 = LINE('',#2886,#2887);
#2886 = CARTESIAN_POINT('',(-6.125,-3.));
#2887 = VECTOR('',#2888,1.);
#2888 = DIRECTION('',(1.,0.));
#2889 = ( GEOMETRIC_REPRESENTATION_CONTEXT(2) 
PARAMETRIC_REPRESENTATION_CONTEXT() REPRESENTATION_CONTEXT('2D SPACE',''
  ) );
#2890 = ORIENTED_EDGE('',*,*,#2891,.T.);
#2891 = EDGE_CURVE('',#2864,#2892,#2894,.T.);
#2892 = VERTEX_POINT('',#2893);
#2893 = CARTESIAN_POINT('',(-3.,-30.42498972884,2.));
#2894 = SURFACE_CURVE('',#2895,(#2899,#2906),.PCURVE_S1.);
#2895 = LINE('',#2896,#2897);
#2896 = CARTESIAN_POINT('',(-3.,-41.25,2.));
#2897 = VECTOR('',#2898,1.);
#2898 = DIRECTION('',(2.22044604925E-16,1.,0.));
#2899 = PCURVE('',#346,#2900);
#2900 = DEFINITIONAL_REPRESENTATION('',(#2901),#2905);
#2901 = LINE('',#2902,#2903);
#2902 = CARTESIAN_POINT('',(0.,-2.));
#2903 = VECTOR('',#2904,1.);
#2904 = DIRECTION('',(1.,0.));
#2905 = ( GEOMETRIC_REPRESENTATION_CONTEXT(2) 
PARAMETRIC_REPRESENTATION_CONTEXT() REPRESENTATION_CONTEXT('2D SPACE',''
  ) );
#2906 = PCURVE('',#1980,#2907);
#2907 = DEFINITIONAL_REPRESENTATION('',(#2908),#2912);
#2908 = LINE('',#2909,#2910);
#2909 = CARTESIAN_POINT('',(-3.,-41.25));
#2910 = VECTOR('',#2911,1.);
#2911 = DIRECTION('',(2.22044604925E-16,1.));
#2912 = ( GEOMETRIC_REPRESENTATION_CONTEXT(2) 
PARAMETRIC_REPRESENTATION_CONTEXT() REPRESENTATION_CONTEXT('2D SPACE',''
  ) );
#2913 = ORIENTED_EDGE('',*,*,#2914,.T.);
#2914 = EDGE_CURVE('',#2892,#2915,#2917,.T.);
#2915 = VERTEX_POINT('',#2916);
#2916 = CARTESIAN_POINT('',(-3.,-29.61756235749,2.));
#2917 = SURFACE_CURVE('',#2918,(#2922,#2929),.PCURVE_S1.);
#2918 = LINE('',#2919,#2920);
#2919 = CARTESIAN_POINT('',(-3.,-41.25,2.));
#2920 = VECTOR('',#2921,1.);
#2921 = DIRECTION('',(2.22044604925E-16,1.,0.));
#2922 = PCURVE('',#346,#2923);
#2923 = DEFINITIONAL_REPRESENTATION('',(#2924),#2928);
#2924 = LINE('',#2925,#2926);
#2925 = CARTESIAN_POINT('',(0.,-2.));
#2926 = VECTOR('',#2927,1.);
#2927 = DIRECTION('',(1.,0.));
#2928 = ( GEOMETRIC_REPRESENTATION_CONTEXT(2) 
PARAMETRIC_REPRESENTATION_CONTEXT() REPRESENTATION_CONTEXT('2D SPACE',''
  ) );
#2929 = PCURVE('',#2930,#2935);
#2930 = PLANE('',#2931);
#2931 = AXIS2_PLACEMENT_3D('',#2932,#2933,#2934);
#2932 = CARTESIAN_POINT('',(-7.820215063749E-15,-35.125,2.));
#2933 = DIRECTION('',(0.,0.,-1.));
#2934 = DIRECTION('',(2.22044604925E-16,1.,0.));
#2935 = DEFINITIONAL_REPRESENTATION('',(#2936),#2940);
#2936 = LINE('',#2937,#2938);
#2937 = CARTESIAN_POINT('',(-6.125,-3.));
#2938 = VECTOR('',#2939,1.);
#2939 = DIRECTION('',(1.,0.));
#2940 = ( GEOMETRIC_REPRESENTATION_CONTEXT(2) 
PARAMETRIC_REPRESENTATION_CONTEXT() REPRESENTATION_CONTEXT('2D SPACE',''
  ) );
#2941 = ORIENTED_EDGE('',*,*,#2942,.T.);
#2942 = EDGE_CURVE('',#2915,#2385,#2943,.T.);
#2943 = SURFACE_CURVE('',#2944,(#2948,#2955),.PCURVE_S1.);
#2944 = LINE('',#2945,#2946);
#2945 = CARTESIAN_POINT('',(-3.,-41.25,2.));
#2946 = VECTOR('',#2947,1.);
#2947 = DIRECTION('',(2.22044604925E-16,1.,0.));
#2948 = PCURVE('',#346,#2949);
#2949 = DEFINITIONAL_REPRESENTATION('',(#2950),#2954);
#2950 = LINE('',#2951,#2952);
#2951 = CARTESIAN_POINT('',(0.,-2.));
#2952 = VECTOR('',#2953,1.);
#2953 = DIRECTION('',(1.,0.));
#2954 = ( GEOMETRIC_REPRESENTATION_CONTEXT(2) 
PARAMETRIC_REPRESENTATION_CONTEXT() REPRESENTATION_CONTEXT('2D SPACE',''
  ) );
#2955 = PCURVE('',#1518,#2956);
#2956 = DEFINITIONAL_REPRESENTATION('',(#2957),#2961);
#2957 = LINE('',#2958,#2959);
#2958 = CARTESIAN_POINT('',(-3.,-41.25));
#2959 = VECTOR('',#2960,1.);
#2960 = DIRECTION('',(2.22044604925E-16,1.));
#2961 = ( GEOMETRIC_REPRESENTATION_CONTEXT(2) 
PARAMETRIC_REPRESENTATION_CONTEXT() REPRESENTATION_CONTEXT('2D SPACE',''
  ) );
#2962 = ORIENTED_EDGE('',*,*,#2384,.F.);
#2963 = ORIENTED_EDGE('',*,*,#332,.F.);
#2964 = ADVANCED_FACE('',(#2965),#287,.F.);
#2965 = FACE_BOUND('',#2966,.F.);
#2966 = EDGE_LOOP('',(#2967,#2968,#2991,#3014,#3042,#3065,#3093,#3116,
    #3144,#3167,#3195,#3218,#3246,#3269,#3290));
#2967 = ORIENTED_EDGE('',*,*,#2611,.T.);
#2968 = ORIENTED_EDGE('',*,*,#2969,.T.);
#2969 = EDGE_CURVE('',#2579,#2970,#2972,.T.);
#2970 = VERTEX_POINT('',#2971);
#2971 = CARTESIAN_POINT('',(3.,-29.83957104249,2.));
#2972 = SURFACE_CURVE('',#2973,(#2977,#2984),.PCURVE_S1.);
#2973 = LINE('',#2974,#2975);
#2974 = CARTESIAN_POINT('',(3.,-29.,2.));
#2975 = VECTOR('',#2976,1.);
#2976 = DIRECTION('',(-2.22044604925E-16,-1.,0.));
#2977 = PCURVE('',#287,#2978);
#2978 = DEFINITIONAL_REPRESENTATION('',(#2979),#2983);
#2979 = LINE('',#2980,#2981);
#2980 = CARTESIAN_POINT('',(0.,-2.));
#2981 = VECTOR('',#2982,1.);
#2982 = DIRECTION('',(1.,0.));
#2983 = ( GEOMETRIC_REPRESENTATION_CONTEXT(2) 
PARAMETRIC_REPRESENTATION_CONTEXT() REPRESENTATION_CONTEXT('2D SPACE',''
  ) );
#2984 = PCURVE('',#2595,#2985);
#2985 = DEFINITIONAL_REPRESENTATION('',(#2986),#2990);
#2986 = LINE('',#2987,#2988);
#2987 = CARTESIAN_POINT('',(3.,-29.));
#2988 = VECTOR('',#2989,1.);
#2989 = DIRECTION('',(-2.22044604925E-16,-1.));
#2990 = ( GEOMETRIC_REPRESENTATION_CONTEXT(2) 
PARAMETRIC_REPRESENTATION_CONTEXT() REPRESENTATION_CONTEXT('2D SPACE',''
  ) );
#2991 = ORIENTED_EDGE('',*,*,#2992,.T.);
#2992 = EDGE_CURVE('',#2970,#2993,#2995,.T.);
#2993 = VERTEX_POINT('',#2994);
#2994 = CARTESIAN_POINT('',(2.999999999999,-30.64114880352,2.));
#2995 = SURFACE_CURVE('',#2996,(#3000,#3007),.PCURVE_S1.);
#2996 = LINE('',#2997,#2998);
#2997 = CARTESIAN_POINT('',(3.,-29.,2.));
#2998 = VECTOR('',#2999,1.);
#2999 = DIRECTION('',(-2.22044604925E-16,-1.,0.));
#3000 = PCURVE('',#287,#3001);
#3001 = DEFINITIONAL_REPRESENTATION('',(#3002),#3006);
#3002 = LINE('',#3003,#3004);
#3003 = CARTESIAN_POINT('',(0.,-2.));
#3004 = VECTOR('',#3005,1.);
#3005 = DIRECTION('',(1.,0.));
#3006 = ( GEOMETRIC_REPRESENTATION_CONTEXT(2) 
PARAMETRIC_REPRESENTATION_CONTEXT() REPRESENTATION_CONTEXT('2D SPACE',''
  ) );
#3007 = PCURVE('',#2930,#3008);
#3008 = DEFINITIONAL_REPRESENTATION('',(#3009),#3013);
#3009 = LINE('',#3010,#3011);
#3010 = CARTESIAN_POINT('',(6.125,3.));
#3011 = VECTOR('',#3012,1.);
#3012 = DIRECTION('',(-1.,0.));
#3013 = ( GEOMETRIC_REPRESENTATION_CONTEXT(2) 
PARAMETRIC_REPRESENTATION_CONTEXT() REPRESENTATION_CONTEXT('2D SPACE',''
  ) );
#3014 = ORIENTED_EDGE('',*,*,#3015,.T.);
#3015 = EDGE_CURVE('',#2993,#3016,#3018,.T.);
#3016 = VERTEX_POINT('',#3017);
#3017 = CARTESIAN_POINT('',(3.000000000001,-32.04372013359,2.));
#3018 = SURFACE_CURVE('',#3019,(#3023,#3030),.PCURVE_S1.);
#3019 = LINE('',#3020,#3021);
#3020 = CARTESIAN_POINT('',(3.,-29.,2.));
#3021 = VECTOR('',#3022,1.);
#3022 = DIRECTION('',(-2.22044604925E-16,-1.,0.));
#3023 = PCURVE('',#287,#3024);
#3024 = DEFINITIONAL_REPRESENTATION('',(#3025),#3029);
#3025 = LINE('',#3026,#3027);
#3026 = CARTESIAN_POINT('',(0.,-2.));
#3027 = VECTOR('',#3028,1.);
#3028 = DIRECTION('',(1.,0.));
#3029 = ( GEOMETRIC_REPRESENTATION_CONTEXT(2) 
PARAMETRIC_REPRESENTATION_CONTEXT() REPRESENTATION_CONTEXT('2D SPACE',''
  ) );
#3030 = PCURVE('',#3031,#3036);
#3031 = PLANE('',#3032);
#3032 = AXIS2_PLACEMENT_3D('',#3033,#3034,#3035);
#3033 = CARTESIAN_POINT('',(-2.808005405856E-15,3.707602883041E-15,2.));
#3034 = DIRECTION('',(0.,0.,1.));
#3035 = DIRECTION('',(1.,0.,-0.));
#3036 = DEFINITIONAL_REPRESENTATION('',(#3037),#3041);
#3037 = LINE('',#3038,#3039);
#3038 = CARTESIAN_POINT('',(3.,-29.));
#3039 = VECTOR('',#3040,1.);
#3040 = DIRECTION('',(-2.22044604925E-16,-1.));
#3041 = ( GEOMETRIC_REPRESENTATION_CONTEXT(2) 
PARAMETRIC_REPRESENTATION_CONTEXT() REPRESENTATION_CONTEXT('2D SPACE',''
  ) );
#3042 = ORIENTED_EDGE('',*,*,#3043,.T.);
#3043 = EDGE_CURVE('',#3016,#3044,#3046,.T.);
#3044 = VERTEX_POINT('',#3045);
#3045 = CARTESIAN_POINT('',(3.000000000001,-32.8450909574,2.));
#3046 = SURFACE_CURVE('',#3047,(#3051,#3058),.PCURVE_S1.);
#3047 = LINE('',#3048,#3049);
#3048 = CARTESIAN_POINT('',(3.,-29.,2.));
#3049 = VECTOR('',#3050,1.);
#3050 = DIRECTION('',(-2.22044604925E-16,-1.,0.));
#3051 = PCURVE('',#287,#3052);
#3052 = DEFINITIONAL_REPRESENTATION('',(#3053),#3057);
#3053 = LINE('',#3054,#3055);
#3054 = CARTESIAN_POINT('',(0.,-2.));
#3055 = VECTOR('',#3056,1.);
#3056 = DIRECTION('',(1.,0.));
#3057 = ( GEOMETRIC_REPRESENTATION_CONTEXT(2) 
PARAMETRIC_REPRESENTATION_CONTEXT() REPRESENTATION_CONTEXT('2D SPACE',''
  ) );
#3058 = PCURVE('',#2879,#3059);
#3059 = DEFINITIONAL_REPRESENTATION('',(#3060),#3064);
#3060 = LINE('',#3061,#3062);
#3061 = CARTESIAN_POINT('',(6.125,3.));
#3062 = VECTOR('',#3063,1.);
#3063 = DIRECTION('',(-1.,0.));
#3064 = ( GEOMETRIC_REPRESENTATION_CONTEXT(2) 
PARAMETRIC_REPRESENTATION_CONTEXT() REPRESENTATION_CONTEXT('2D SPACE',''
  ) );
#3065 = ORIENTED_EDGE('',*,*,#3066,.T.);
#3066 = EDGE_CURVE('',#3044,#3067,#3069,.T.);
#3067 = VERTEX_POINT('',#3068);
#3068 = CARTESIAN_POINT('',(3.000000000001,-34.24733566279,2.));
#3069 = SURFACE_CURVE('',#3070,(#3074,#3081),.PCURVE_S1.);
#3070 = LINE('',#3071,#3072);
#3071 = CARTESIAN_POINT('',(3.,-29.,2.));
#3072 = VECTOR('',#3073,1.);
#3073 = DIRECTION('',(-2.22044604925E-16,-1.,0.));
#3074 = PCURVE('',#287,#3075);
#3075 = DEFINITIONAL_REPRESENTATION('',(#3076),#3080);
#3076 = LINE('',#3077,#3078);
#3077 = CARTESIAN_POINT('',(0.,-2.));
#3078 = VECTOR('',#3079,1.);
#3079 = DIRECTION('',(1.,0.));
#3080 = ( GEOMETRIC_REPRESENTATION_CONTEXT(2) 
PARAMETRIC_REPRESENTATION_CONTEXT() REPRESENTATION_CONTEXT('2D SPACE',''
  ) );
#3081 = PCURVE('',#3082,#3087);
#3082 = PLANE('',#3083);
#3083 = AXIS2_PLACEMENT_3D('',#3084,#3085,#3086);
#3084 = CARTESIAN_POINT('',(-2.808005405856E-15,3.707602883041E-15,2.));
#3085 = DIRECTION('',(0.,0.,1.));
#3086 = DIRECTION('',(1.,0.,-0.));
#3087 = DEFINITIONAL_REPRESENTATION('',(#3088),#3092);
#3088 = LINE('',#3089,#3090);
#3089 = CARTESIAN_POINT('',(3.,-29.));
#3090 = VECTOR('',#3091,1.);
#3091 = DIRECTION('',(-2.22044604925E-16,-1.));
#3092 = ( GEOMETRIC_REPRESENTATION_CONTEXT(2) 
PARAMETRIC_REPRESENTATION_CONTEXT() REPRESENTATION_CONTEXT('2D SPACE',''
  ) );
#3093 = ORIENTED_EDGE('',*,*,#3094,.T.);
#3094 = EDGE_CURVE('',#3067,#3095,#3097,.T.);
#3095 = VERTEX_POINT('',#3096);
#3096 = CARTESIAN_POINT('',(3.,-35.04853777263,2.));
#3097 = SURFACE_CURVE('',#3098,(#3102,#3109),.PCURVE_S1.);
#3098 = LINE('',#3099,#3100);
#3099 = CARTESIAN_POINT('',(3.,-29.,2.));
#3100 = VECTOR('',#3101,1.);
#3101 = DIRECTION('',(-2.22044604925E-16,-1.,0.));
#3102 = PCURVE('',#287,#3103);
#3103 = DEFINITIONAL_REPRESENTATION('',(#3104),#3108);
#3104 = LINE('',#3105,#3106);
#3105 = CARTESIAN_POINT('',(0.,-2.));
#3106 = VECTOR('',#3107,1.);
#3107 = DIRECTION('',(1.,0.));
#3108 = ( GEOMETRIC_REPRESENTATION_CONTEXT(2) 
PARAMETRIC_REPRESENTATION_CONTEXT() REPRESENTATION_CONTEXT('2D SPACE',''
  ) );
#3109 = PCURVE('',#2828,#3110);
#3110 = DEFINITIONAL_REPRESENTATION('',(#3111),#3115);
#3111 = LINE('',#3112,#3113);
#3112 = CARTESIAN_POINT('',(6.125,3.));
#3113 = VECTOR('',#3114,1.);
#3114 = DIRECTION('',(-1.,0.));
#3115 = ( GEOMETRIC_REPRESENTATION_CONTEXT(2) 
PARAMETRIC_REPRESENTATION_CONTEXT() REPRESENTATION_CONTEXT('2D SPACE',''
  ) );
#3116 = ORIENTED_EDGE('',*,*,#3117,.T.);
#3117 = EDGE_CURVE('',#3095,#3118,#3120,.T.);
#3118 = VERTEX_POINT('',#3119);
#3119 = CARTESIAN_POINT('',(3.,-36.45051439966,2.));
#3120 = SURFACE_CURVE('',#3121,(#3125,#3132),.PCURVE_S1.);
#3121 = LINE('',#3122,#3123);
#3122 = CARTESIAN_POINT('',(3.,-29.,2.));
#3123 = VECTOR('',#3124,1.);
#3124 = DIRECTION('',(-2.22044604925E-16,-1.,0.));
#3125 = PCURVE('',#287,#3126);
#3126 = DEFINITIONAL_REPRESENTATION('',(#3127),#3131);
#3127 = LINE('',#3128,#3129);
#3128 = CARTESIAN_POINT('',(0.,-2.));
#3129 = VECTOR('',#3130,1.);
#3130 = DIRECTION('',(1.,0.));
#3131 = ( GEOMETRIC_REPRESENTATION_CONTEXT(2) 
PARAMETRIC_REPRESENTATION_CONTEXT() REPRESENTATION_CONTEXT('2D SPACE',''
  ) );
#3132 = PCURVE('',#3133,#3138);
#3133 = PLANE('',#3134);
#3134 = AXIS2_PLACEMENT_3D('',#3135,#3136,#3137);
#3135 = CARTESIAN_POINT('',(-2.808005405856E-15,3.707602883041E-15,2.));
#3136 = DIRECTION('',(0.,0.,1.));
#3137 = DIRECTION('',(1.,0.,-0.));
#3138 = DEFINITIONAL_REPRESENTATION('',(#3139),#3143);
#3139 = LINE('',#3140,#3141);
#3140 = CARTESIAN_POINT('',(3.,-29.));
#3141 = VECTOR('',#3142,1.);
#3142 = DIRECTION('',(-2.22044604925E-16,-1.));
#3143 = ( GEOMETRIC_REPRESENTATION_CONTEXT(2) 
PARAMETRIC_REPRESENTATION_CONTEXT() REPRESENTATION_CONTEXT('2D SPACE',''
  ) );
#3144 = ORIENTED_EDGE('',*,*,#3145,.T.);
#3145 = EDGE_CURVE('',#3118,#3146,#3148,.T.);
#3146 = VERTEX_POINT('',#3147);
#3147 = CARTESIAN_POINT('',(2.999999999999,-37.25157714782,2.));
#3148 = SURFACE_CURVE('',#3149,(#3153,#3160),.PCURVE_S1.);
#3149 = LINE('',#3150,#3151);
#3150 = CARTESIAN_POINT('',(3.,-29.,2.));
#3151 = VECTOR('',#3152,1.);
#3152 = DIRECTION('',(-2.22044604925E-16,-1.,0.));
#3153 = PCURVE('',#287,#3154);
#3154 = DEFINITIONAL_REPRESENTATION('',(#3155),#3159);
#3155 = LINE('',#3156,#3157);
#3156 = CARTESIAN_POINT('',(0.,-2.));
#3157 = VECTOR('',#3158,1.);
#3158 = DIRECTION('',(1.,0.));
#3159 = ( GEOMETRIC_REPRESENTATION_CONTEXT(2) 
PARAMETRIC_REPRESENTATION_CONTEXT() REPRESENTATION_CONTEXT('2D SPACE',''
  ) );
#3160 = PCURVE('',#2777,#3161);
#3161 = DEFINITIONAL_REPRESENTATION('',(#3162),#3166);
#3162 = LINE('',#3163,#3164);
#3163 = CARTESIAN_POINT('',(6.125,3.));
#3164 = VECTOR('',#3165,1.);
#3165 = DIRECTION('',(-1.,0.));
#3166 = ( GEOMETRIC_REPRESENTATION_CONTEXT(2) 
PARAMETRIC_REPRESENTATION_CONTEXT() REPRESENTATION_CONTEXT('2D SPACE',''
  ) );
#3167 = ORIENTED_EDGE('',*,*,#3168,.T.);
#3168 = EDGE_CURVE('',#3146,#3169,#3171,.T.);
#3169 = VERTEX_POINT('',#3170);
#3170 = CARTESIAN_POINT('',(3.000000000001,-38.65333103369,2.));
#3171 = SURFACE_CURVE('',#3172,(#3176,#3183),.PCURVE_S1.);
#3172 = LINE('',#3173,#3174);
#3173 = CARTESIAN_POINT('',(3.,-29.,2.));
#3174 = VECTOR('',#3175,1.);
#3175 = DIRECTION('',(-2.22044604925E-16,-1.,0.));
#3176 = PCURVE('',#287,#3177);
#3177 = DEFINITIONAL_REPRESENTATION('',(#3178),#3182);
#3178 = LINE('',#3179,#3180);
#3179 = CARTESIAN_POINT('',(0.,-2.));
#3180 = VECTOR('',#3181,1.);
#3181 = DIRECTION('',(1.,0.));
#3182 = ( GEOMETRIC_REPRESENTATION_CONTEXT(2) 
PARAMETRIC_REPRESENTATION_CONTEXT() REPRESENTATION_CONTEXT('2D SPACE',''
  ) );
#3183 = PCURVE('',#3184,#3189);
#3184 = PLANE('',#3185);
#3185 = AXIS2_PLACEMENT_3D('',#3186,#3187,#3188);
#3186 = CARTESIAN_POINT('',(-2.808005405856E-15,3.707602883041E-15,2.));
#3187 = DIRECTION('',(0.,0.,1.));
#3188 = DIRECTION('',(1.,0.,-0.));
#3189 = DEFINITIONAL_REPRESENTATION('',(#3190),#3194);
#3190 = LINE('',#3191,#3192);
#3191 = CARTESIAN_POINT('',(3.,-29.));
#3192 = VECTOR('',#3193,1.);
#3193 = DIRECTION('',(-2.22044604925E-16,-1.));
#3194 = ( GEOMETRIC_REPRESENTATION_CONTEXT(2) 
PARAMETRIC_REPRESENTATION_CONTEXT() REPRESENTATION_CONTEXT('2D SPACE',''
  ) );
#3195 = ORIENTED_EDGE('',*,*,#3196,.T.);
#3196 = EDGE_CURVE('',#3169,#3197,#3199,.T.);
#3197 = VERTEX_POINT('',#3198);
#3198 = CARTESIAN_POINT('',(3.000000000001,-39.45427733465,2.));
#3199 = SURFACE_CURVE('',#3200,(#3204,#3211),.PCURVE_S1.);
#3200 = LINE('',#3201,#3202);
#3201 = CARTESIAN_POINT('',(3.,-29.,2.));
#3202 = VECTOR('',#3203,1.);
#3203 = DIRECTION('',(-2.22044604925E-16,-1.,0.));
#3204 = PCURVE('',#287,#3205);
#3205 = DEFINITIONAL_REPRESENTATION('',(#3206),#3210);
#3206 = LINE('',#3207,#3208);
#3207 = CARTESIAN_POINT('',(0.,-2.));
#3208 = VECTOR('',#3209,1.);
#3209 = DIRECTION('',(1.,0.));
#3210 = ( GEOMETRIC_REPRESENTATION_CONTEXT(2) 
PARAMETRIC_REPRESENTATION_CONTEXT() REPRESENTATION_CONTEXT('2D SPACE',''
  ) );
#3211 = PCURVE('',#2726,#3212);
#3212 = DEFINITIONAL_REPRESENTATION('',(#3213),#3217);
#3213 = LINE('',#3214,#3215);
#3214 = CARTESIAN_POINT('',(6.125,3.));
#3215 = VECTOR('',#3216,1.);
#3216 = DIRECTION('',(-1.,0.));
#3217 = ( GEOMETRIC_REPRESENTATION_CONTEXT(2) 
PARAMETRIC_REPRESENTATION_CONTEXT() REPRESENTATION_CONTEXT('2D SPACE',''
  ) );
#3218 = ORIENTED_EDGE('',*,*,#3219,.T.);
#3219 = EDGE_CURVE('',#3197,#3220,#3222,.T.);
#3220 = VERTEX_POINT('',#3221);
#3221 = CARTESIAN_POINT('',(3.,-40.8558441352,2.));
#3222 = SURFACE_CURVE('',#3223,(#3227,#3234),.PCURVE_S1.);
#3223 = LINE('',#3224,#3225);
#3224 = CARTESIAN_POINT('',(3.,-29.,2.));
#3225 = VECTOR('',#3226,1.);
#3226 = DIRECTION('',(-2.22044604925E-16,-1.,0.));
#3227 = PCURVE('',#287,#3228);
#3228 = DEFINITIONAL_REPRESENTATION('',(#3229),#3233);
#3229 = LINE('',#3230,#3231);
#3230 = CARTESIAN_POINT('',(0.,-2.));
#3231 = VECTOR('',#3232,1.);
#3232 = DIRECTION('',(1.,0.));
#3233 = ( GEOMETRIC_REPRESENTATION_CONTEXT(2) 
PARAMETRIC_REPRESENTATION_CONTEXT() REPRESENTATION_CONTEXT('2D SPACE',''
  ) );
#3234 = PCURVE('',#3235,#3240);
#3235 = PLANE('',#3236);
#3236 = AXIS2_PLACEMENT_3D('',#3237,#3238,#3239);
#3237 = CARTESIAN_POINT('',(-2.808005405856E-15,3.707602883041E-15,2.));
#3238 = DIRECTION('',(0.,0.,1.));
#3239 = DIRECTION('',(1.,0.,-0.));
#3240 = DEFINITIONAL_REPRESENTATION('',(#3241),#3245);
#3241 = LINE('',#3242,#3243);
#3242 = CARTESIAN_POINT('',(3.,-29.));
#3243 = VECTOR('',#3244,1.);
#3244 = DIRECTION('',(-2.22044604925E-16,-1.));
#3245 = ( GEOMETRIC_REPRESENTATION_CONTEXT(2) 
PARAMETRIC_REPRESENTATION_CONTEXT() REPRESENTATION_CONTEXT('2D SPACE',''
  ) );
#3246 = ORIENTED_EDGE('',*,*,#3247,.T.);
#3247 = EDGE_CURVE('',#3220,#3248,#3250,.T.);
#3248 = VERTEX_POINT('',#3249);
#3249 = CARTESIAN_POINT('',(3.,-41.25,2.));
#3250 = SURFACE_CURVE('',#3251,(#3255,#3262),.PCURVE_S1.);
#3251 = LINE('',#3252,#3253);
#3252 = CARTESIAN_POINT('',(3.,-29.,2.));
#3253 = VECTOR('',#3254,1.);
#3254 = DIRECTION('',(-2.22044604925E-16,-1.,0.));
#3255 = PCURVE('',#287,#3256);
#3256 = DEFINITIONAL_REPRESENTATION('',(#3257),#3261);
#3257 = LINE('',#3258,#3259);
#3258 = CARTESIAN_POINT('',(0.,-2.));
#3259 = VECTOR('',#3260,1.);
#3260 = DIRECTION('',(1.,0.));
#3261 = ( GEOMETRIC_REPRESENTATION_CONTEXT(2) 
PARAMETRIC_REPRESENTATION_CONTEXT() REPRESENTATION_CONTEXT('2D SPACE',''
  ) );
#3262 = PCURVE('',#2675,#3263);
#3263 = DEFINITIONAL_REPRESENTATION('',(#3264),#3268);
#3264 = LINE('',#3265,#3266);
#3265 = CARTESIAN_POINT('',(6.125,3.));
#3266 = VECTOR('',#3267,1.);
#3267 = DIRECTION('',(-1.,0.));
#3268 = ( GEOMETRIC_REPRESENTATION_CONTEXT(2) 
PARAMETRIC_REPRESENTATION_CONTEXT() REPRESENTATION_CONTEXT('2D SPACE',''
  ) );
#3269 = ORIENTED_EDGE('',*,*,#3270,.F.);
#3270 = EDGE_CURVE('',#272,#3248,#3271,.T.);
#3271 = SURFACE_CURVE('',#3272,(#3276,#3283),.PCURVE_S1.);
#3272 = LINE('',#3273,#3274);
#3273 = CARTESIAN_POINT('',(3.,-41.25,0.));
#3274 = VECTOR('',#3275,1.);
#3275 = DIRECTION('',(0.,0.,1.));
#3276 = PCURVE('',#287,#3277);
#3277 = DEFINITIONAL_REPRESENTATION('',(#3278),#3282);
#3278 = LINE('',#3279,#3280);
#3279 = CARTESIAN_POINT('',(12.25,0.));
#3280 = VECTOR('',#3281,1.);
#3281 = DIRECTION('',(0.,-1.));
#3282 = ( GEOMETRIC_REPRESENTATION_CONTEXT(2) 
PARAMETRIC_REPRESENTATION_CONTEXT() REPRESENTATION_CONTEXT('2D SPACE',''
  ) );
#3283 = PCURVE('',#320,#3284);
#3284 = DEFINITIONAL_REPRESENTATION('',(#3285),#3289);
#3285 = LINE('',#3286,#3287);
#3286 = CARTESIAN_POINT('',(0.,0.));
#3287 = VECTOR('',#3288,1.);
#3288 = DIRECTION('',(0.,-1.));
#3289 = ( GEOMETRIC_REPRESENTATION_CONTEXT(2) 
PARAMETRIC_REPRESENTATION_CONTEXT() REPRESENTATION_CONTEXT('2D SPACE',''
  ) );
#3290 = ORIENTED_EDGE('',*,*,#271,.F.);
#3291 = ADVANCED_FACE('',(#3292),#320,.F.);
#3292 = FACE_BOUND('',#3293,.F.);
#3293 = EDGE_LOOP('',(#3294,#3295,#3319,#3352,#3379,#3380,#3404,#3432,
    #3454,#3455));
#3294 = ORIENTED_EDGE('',*,*,#3270,.T.);
#3295 = ORIENTED_EDGE('',*,*,#3296,.T.);
#3296 = EDGE_CURVE('',#3248,#3297,#3299,.T.);
#3297 = VERTEX_POINT('',#3298);
#3298 = CARTESIAN_POINT('',(2.972132846938,-41.65795384561,2.));
#3299 = SURFACE_CURVE('',#3300,(#3305,#3312),.PCURVE_S1.);
#3300 = CIRCLE('',#3301,3.);
#3301 = AXIS2_PLACEMENT_3D('',#3302,#3303,#3304);
#3302 = CARTESIAN_POINT('',(-9.159339953158E-15,-41.25,2.));
#3303 = DIRECTION('',(0.,-0.,-1.));
#3304 = DIRECTION('',(1.,-2.22044604925E-16,0.));
#3305 = PCURVE('',#320,#3306);
#3306 = DEFINITIONAL_REPRESENTATION('',(#3307),#3311);
#3307 = LINE('',#3308,#3309);
#3308 = CARTESIAN_POINT('',(0.,-2.));
#3309 = VECTOR('',#3310,1.);
#3310 = DIRECTION('',(1.,0.));
#3311 = ( GEOMETRIC_REPRESENTATION_CONTEXT(2) 
PARAMETRIC_REPRESENTATION_CONTEXT() REPRESENTATION_CONTEXT('2D SPACE',''
  ) );
#3312 = PCURVE('',#2675,#3313);
#3313 = DEFINITIONAL_REPRESENTATION('',(#3314),#3318);
#3314 = CIRCLE('',#3315,3.);
#3315 = AXIS2_PLACEMENT_2D('',#3316,#3317);
#3316 = CARTESIAN_POINT('',(-6.125,2.089831575765E-17));
#3317 = DIRECTION('',(0.,1.));
#3318 = ( GEOMETRIC_REPRESENTATION_CONTEXT(2) 
PARAMETRIC_REPRESENTATION_CONTEXT() REPRESENTATION_CONTEXT('2D SPACE',''
  ) );
#3319 = ORIENTED_EDGE('',*,*,#3320,.T.);
#3320 = EDGE_CURVE('',#3297,#3321,#3323,.T.);
#3321 = VERTEX_POINT('',#3322);
#3322 = CARTESIAN_POINT('',(2.376359462534,-43.08109685839,2.));
#3323 = SURFACE_CURVE('',#3324,(#3329,#3336),.PCURVE_S1.);
#3324 = CIRCLE('',#3325,3.);
#3325 = AXIS2_PLACEMENT_3D('',#3326,#3327,#3328);
#3326 = CARTESIAN_POINT('',(-9.159339953158E-15,-41.25,2.));
#3327 = DIRECTION('',(0.,-0.,-1.));
#3328 = DIRECTION('',(1.,-2.22044604925E-16,0.));
#3329 = PCURVE('',#320,#3330);
#3330 = DEFINITIONAL_REPRESENTATION('',(#3331),#3335);
#3331 = LINE('',#3332,#3333);
#3332 = CARTESIAN_POINT('',(0.,-2.));
#3333 = VECTOR('',#3334,1.);
#3334 = DIRECTION('',(1.,0.));
#3335 = ( GEOMETRIC_REPRESENTATION_CONTEXT(2) 
PARAMETRIC_REPRESENTATION_CONTEXT() REPRESENTATION_CONTEXT('2D SPACE',''
  ) );
#3336 = PCURVE('',#3337,#3342);
#3337 = PLANE('',#3338);
#3338 = AXIS2_PLACEMENT_3D('',#3339,#3340,#3341);
#3339 = CARTESIAN_POINT('',(-2.808005405856E-15,3.707602883041E-15,2.));
#3340 = DIRECTION('',(0.,0.,1.));
#3341 = DIRECTION('',(1.,0.,-0.));
#3342 = DEFINITIONAL_REPRESENTATION('',(#3343),#3351);
#3343 = ( BOUNDED_CURVE() B_SPLINE_CURVE(2,(#3344,#3345,#3346,#3347,
#3348,#3349,#3350),.UNSPECIFIED.,.T.,.F.) B_SPLINE_CURVE_WITH_KNOTS((1,2
    ,2,2,2,1),(-2.094395102393,0.,2.094395102393,4.188790204786,
6.28318530718,8.377580409573),.UNSPECIFIED.) CURVE() 
GEOMETRIC_REPRESENTATION_ITEM() RATIONAL_B_SPLINE_CURVE((1.,0.5,1.,0.5,
1.,0.5,1.)) REPRESENTATION_ITEM('') );
#3344 = CARTESIAN_POINT('',(3.,-41.25));
#3345 = CARTESIAN_POINT('',(3.,-46.4461524227));
#3346 = CARTESIAN_POINT('',(-1.5,-43.84807621135));
#3347 = CARTESIAN_POINT('',(-6.,-41.25));
#3348 = CARTESIAN_POINT('',(-1.5,-38.65192378864));
#3349 = CARTESIAN_POINT('',(3.,-36.05384757729));
#3350 = CARTESIAN_POINT('',(3.,-41.25));
#3351 = ( GEOMETRIC_REPRESENTATION_CONTEXT(2) 
PARAMETRIC_REPRESENTATION_CONTEXT() REPRESENTATION_CONTEXT('2D SPACE',''
  ) );
#3352 = ORIENTED_EDGE('',*,*,#3353,.T.);
#3353 = EDGE_CURVE('',#3321,#1012,#3354,.T.);
#3354 = SURFACE_CURVE('',#3355,(#3360,#3367),.PCURVE_S1.);
#3355 = CIRCLE('',#3356,3.);
#3356 = AXIS2_PLACEMENT_3D('',#3357,#3358,#3359);
#3357 = CARTESIAN_POINT('',(-9.159339953158E-15,-41.25,2.));
#3358 = DIRECTION('',(0.,-0.,-1.));
#3359 = DIRECTION('',(1.,-2.22044604925E-16,0.));
#3360 = PCURVE('',#320,#3361);
#3361 = DEFINITIONAL_REPRESENTATION('',(#3362),#3366);
#3362 = LINE('',#3363,#3364);
#3363 = CARTESIAN_POINT('',(0.,-2.));
#3364 = VECTOR('',#3365,1.);
#3365 = DIRECTION('',(1.,0.));
#3366 = ( GEOMETRIC_REPRESENTATION_CONTEXT(2) 
PARAMETRIC_REPRESENTATION_CONTEXT() REPRESENTATION_CONTEXT('2D SPACE',''
  ) );
#3367 = PCURVE('',#3368,#3373);
#3368 = PLANE('',#3369);
#3369 = AXIS2_PLACEMENT_3D('',#3370,#3371,#3372);
#3370 = CARTESIAN_POINT('',(-7.820215063749E-15,-35.125,2.));
#3371 = DIRECTION('',(0.,0.,-1.));
#3372 = DIRECTION('',(2.22044604925E-16,1.,0.));
#3373 = DEFINITIONAL_REPRESENTATION('',(#3374),#3378);
#3374 = CIRCLE('',#3375,3.);
#3375 = AXIS2_PLACEMENT_2D('',#3376,#3377);
#3376 = CARTESIAN_POINT('',(-6.125,2.089831575765E-17));
#3377 = DIRECTION('',(0.,1.));
#3378 = ( GEOMETRIC_REPRESENTATION_CONTEXT(2) 
PARAMETRIC_REPRESENTATION_CONTEXT() REPRESENTATION_CONTEXT('2D SPACE',''
  ) );
#3379 = ORIENTED_EDGE('',*,*,#1040,.T.);
#3380 = ORIENTED_EDGE('',*,*,#3381,.T.);
#3381 = EDGE_CURVE('',#1041,#3382,#3384,.T.);
#3382 = VERTEX_POINT('',#3383);
#3383 = CARTESIAN_POINT('',(-2.47057125536,-42.95184537258,2.));
#3384 = SURFACE_CURVE('',#3385,(#3390,#3397),.PCURVE_S1.);
#3385 = CIRCLE('',#3386,3.);
#3386 = AXIS2_PLACEMENT_3D('',#3387,#3388,#3389);
#3387 = CARTESIAN_POINT('',(-9.159339953158E-15,-41.25,2.));
#3388 = DIRECTION('',(0.,-0.,-1.));
#3389 = DIRECTION('',(1.,-2.22044604925E-16,0.));
#3390 = PCURVE('',#320,#3391);
#3391 = DEFINITIONAL_REPRESENTATION('',(#3392),#3396);
#3392 = LINE('',#3393,#3394);
#3393 = CARTESIAN_POINT('',(0.,-2.));
#3394 = VECTOR('',#3395,1.);
#3395 = DIRECTION('',(1.,0.));
#3396 = ( GEOMETRIC_REPRESENTATION_CONTEXT(2) 
PARAMETRIC_REPRESENTATION_CONTEXT() REPRESENTATION_CONTEXT('2D SPACE',''
  ) );
#3397 = PCURVE('',#3368,#3398);
#3398 = DEFINITIONAL_REPRESENTATION('',(#3399),#3403);
#3399 = CIRCLE('',#3400,3.);
#3400 = AXIS2_PLACEMENT_2D('',#3401,#3402);
#3401 = CARTESIAN_POINT('',(-6.125,2.089831575765E-17));
#3402 = DIRECTION('',(0.,1.));
#3403 = ( GEOMETRIC_REPRESENTATION_CONTEXT(2) 
PARAMETRIC_REPRESENTATION_CONTEXT() REPRESENTATION_CONTEXT('2D SPACE',''
  ) );
#3404 = ORIENTED_EDGE('',*,*,#3405,.T.);
#3405 = EDGE_CURVE('',#3382,#3406,#3408,.T.);
#3406 = VERTEX_POINT('',#3407);
#3407 = CARTESIAN_POINT('',(-2.98965089471,-41.49897294583,2.));
#3408 = SURFACE_CURVE('',#3409,(#3414,#3421),.PCURVE_S1.);
#3409 = CIRCLE('',#3410,3.);
#3410 = AXIS2_PLACEMENT_3D('',#3411,#3412,#3413);
#3411 = CARTESIAN_POINT('',(-9.159339953158E-15,-41.25,2.));
#3412 = DIRECTION('',(0.,-0.,-1.));
#3413 = DIRECTION('',(1.,-2.22044604925E-16,0.));
#3414 = PCURVE('',#320,#3415);
#3415 = DEFINITIONAL_REPRESENTATION('',(#3416),#3420);
#3416 = LINE('',#3417,#3418);
#3417 = CARTESIAN_POINT('',(0.,-2.));
#3418 = VECTOR('',#3419,1.);
#3419 = DIRECTION('',(1.,0.));
#3420 = ( GEOMETRIC_REPRESENTATION_CONTEXT(2) 
PARAMETRIC_REPRESENTATION_CONTEXT() REPRESENTATION_CONTEXT('2D SPACE',''
  ) );
#3421 = PCURVE('',#2235,#3422);
#3422 = DEFINITIONAL_REPRESENTATION('',(#3423),#3431);
#3423 = ( BOUNDED_CURVE() B_SPLINE_CURVE(2,(#3424,#3425,#3426,#3427,
#3428,#3429,#3430),.UNSPECIFIED.,.T.,.F.) B_SPLINE_CURVE_WITH_KNOTS((1,2
    ,2,2,2,1),(-2.094395102393,0.,2.094395102393,4.188790204786,
6.28318530718,8.377580409573),.UNSPECIFIED.) CURVE() 
GEOMETRIC_REPRESENTATION_ITEM() RATIONAL_B_SPLINE_CURVE((1.,0.5,1.,0.5,
1.,0.5,1.)) REPRESENTATION_ITEM('') );
#3424 = CARTESIAN_POINT('',(3.,-41.25));
#3425 = CARTESIAN_POINT('',(3.,-46.4461524227));
#3426 = CARTESIAN_POINT('',(-1.5,-43.84807621135));
#3427 = CARTESIAN_POINT('',(-6.,-41.25));
#3428 = CARTESIAN_POINT('',(-1.5,-38.65192378864));
#3429 = CARTESIAN_POINT('',(3.,-36.05384757729));
#3430 = CARTESIAN_POINT('',(3.,-41.25));
#3431 = ( GEOMETRIC_REPRESENTATION_CONTEXT(2) 
PARAMETRIC_REPRESENTATION_CONTEXT() REPRESENTATION_CONTEXT('2D SPACE',''
  ) );
#3432 = ORIENTED_EDGE('',*,*,#3433,.T.);
#3433 = EDGE_CURVE('',#3406,#2637,#3434,.T.);
#3434 = SURFACE_CURVE('',#3435,(#3440,#3447),.PCURVE_S1.);
#3435 = CIRCLE('',#3436,3.);
#3436 = AXIS2_PLACEMENT_3D('',#3437,#3438,#3439);
#3437 = CARTESIAN_POINT('',(-9.159339953158E-15,-41.25,2.));
#3438 = DIRECTION('',(0.,-0.,-1.));
#3439 = DIRECTION('',(1.,-2.22044604925E-16,0.));
#3440 = PCURVE('',#320,#3441);
#3441 = DEFINITIONAL_REPRESENTATION('',(#3442),#3446);
#3442 = LINE('',#3443,#3444);
#3443 = CARTESIAN_POINT('',(0.,-2.));
#3444 = VECTOR('',#3445,1.);
#3445 = DIRECTION('',(1.,0.));
#3446 = ( GEOMETRIC_REPRESENTATION_CONTEXT(2) 
PARAMETRIC_REPRESENTATION_CONTEXT() REPRESENTATION_CONTEXT('2D SPACE',''
  ) );
#3447 = PCURVE('',#2675,#3448);
#3448 = DEFINITIONAL_REPRESENTATION('',(#3449),#3453);
#3449 = CIRCLE('',#3450,3.);
#3450 = AXIS2_PLACEMENT_2D('',#3451,#3452);
#3451 = CARTESIAN_POINT('',(-6.125,2.089831575765E-17));
#3452 = DIRECTION('',(0.,1.));
#3453 = ( GEOMETRIC_REPRESENTATION_CONTEXT(2) 
PARAMETRIC_REPRESENTATION_CONTEXT() REPRESENTATION_CONTEXT('2D SPACE',''
  ) );
#3454 = ORIENTED_EDGE('',*,*,#2636,.F.);
#3455 = ORIENTED_EDGE('',*,*,#299,.F.);
#3456 = ADVANCED_FACE('',(#3457),#383,.F.);
#3457 = FACE_BOUND('',#3458,.F.);
#3458 = EDGE_LOOP('',(#3459,#3482,#3511,#3539,#3568,#3596,#3620,#3653,
    #3677,#3698));
#3459 = ORIENTED_EDGE('',*,*,#3460,.T.);
#3460 = EDGE_CURVE('',#361,#3461,#3463,.T.);
#3461 = VERTEX_POINT('',#3462);
#3462 = CARTESIAN_POINT('',(23.614736709749,-17.09807621135,2.));
#3463 = SURFACE_CURVE('',#3464,(#3468,#3475),.PCURVE_S1.);
#3464 = LINE('',#3465,#3466);
#3465 = CARTESIAN_POINT('',(23.614736709749,-17.09807621135,0.));
#3466 = VECTOR('',#3467,1.);
#3467 = DIRECTION('',(0.,0.,1.));
#3468 = PCURVE('',#383,#3469);
#3469 = DEFINITIONAL_REPRESENTATION('',(#3470),#3474);
#3470 = LINE('',#3471,#3472);
#3471 = CARTESIAN_POINT('',(0.,0.));
#3472 = VECTOR('',#3473,1.);
#3473 = DIRECTION('',(0.,-1.));
#3474 = ( GEOMETRIC_REPRESENTATION_CONTEXT(2) 
PARAMETRIC_REPRESENTATION_CONTEXT() REPRESENTATION_CONTEXT('2D SPACE',''
  ) );
#3475 = PCURVE('',#470,#3476);
#3476 = DEFINITIONAL_REPRESENTATION('',(#3477),#3481);
#3477 = LINE('',#3478,#3479);
#3478 = CARTESIAN_POINT('',(12.25,0.));
#3479 = VECTOR('',#3480,1.);
#3480 = DIRECTION('',(0.,-1.));
#3481 = ( GEOMETRIC_REPRESENTATION_CONTEXT(2) 
PARAMETRIC_REPRESENTATION_CONTEXT() REPRESENTATION_CONTEXT('2D SPACE',''
  ) );
#3482 = ORIENTED_EDGE('',*,*,#3483,.T.);
#3483 = EDGE_CURVE('',#3461,#3484,#3486,.T.);
#3484 = VERTEX_POINT('',#3485);
#3485 = CARTESIAN_POINT('',(23.149335240703,-16.76653856474,2.));
#3486 = SURFACE_CURVE('',#3487,(#3492,#3499),.PCURVE_S1.);
#3487 = CIRCLE('',#3488,3.);
#3488 = AXIS2_PLACEMENT_3D('',#3489,#3490,#3491);
#3489 = CARTESIAN_POINT('',(25.114736709749,-14.5,2.));
#3490 = DIRECTION('',(-0.,0.,-1.));
#3491 = DIRECTION('',(-0.5,-0.866025403784,0.));
#3492 = PCURVE('',#383,#3493);
#3493 = DEFINITIONAL_REPRESENTATION('',(#3494),#3498);
#3494 = LINE('',#3495,#3496);
#3495 = CARTESIAN_POINT('',(0.,-2.));
#3496 = VECTOR('',#3497,1.);
#3497 = DIRECTION('',(1.,0.));
#3498 = ( GEOMETRIC_REPRESENTATION_CONTEXT(2) 
PARAMETRIC_REPRESENTATION_CONTEXT() REPRESENTATION_CONTEXT('2D SPACE',''
  ) );
#3499 = PCURVE('',#3500,#3505);
#3500 = PLANE('',#3501);
#3501 = AXIS2_PLACEMENT_3D('',#3502,#3503,#3504);
#3502 = CARTESIAN_POINT('',(30.419142307928,-17.5625,2.));
#3503 = DIRECTION('',(-0.,0.,-1.));
#3504 = DIRECTION('',(-0.866025403784,0.5,0.));
#3505 = DEFINITIONAL_REPRESENTATION('',(#3506),#3510);
#3506 = CIRCLE('',#3507,3.);
#3507 = AXIS2_PLACEMENT_2D('',#3508,#3509);
#3508 = CARTESIAN_POINT('',(6.125,-4.440892098501E-16));
#3509 = DIRECTION('',(0.,-1.));
#3510 = ( GEOMETRIC_REPRESENTATION_CONTEXT(2) 
PARAMETRIC_REPRESENTATION_CONTEXT() REPRESENTATION_CONTEXT('2D SPACE',''
  ) );
#3511 = ORIENTED_EDGE('',*,*,#3512,.T.);
#3512 = EDGE_CURVE('',#3484,#3513,#3515,.T.);
#3513 = VERTEX_POINT('',#3514);
#3514 = CARTESIAN_POINT('',(22.306538428617,-15.55547260213,2.));
#3515 = SURFACE_CURVE('',#3516,(#3521,#3528),.PCURVE_S1.);
#3516 = CIRCLE('',#3517,3.);
#3517 = AXIS2_PLACEMENT_3D('',#3518,#3519,#3520);
#3518 = CARTESIAN_POINT('',(25.114736709749,-14.5,2.));
#3519 = DIRECTION('',(-0.,0.,-1.));
#3520 = DIRECTION('',(-0.5,-0.866025403784,0.));
#3521 = PCURVE('',#383,#3522);
#3522 = DEFINITIONAL_REPRESENTATION('',(#3523),#3527);
#3523 = LINE('',#3524,#3525);
#3524 = CARTESIAN_POINT('',(0.,-2.));
#3525 = VECTOR('',#3526,1.);
#3526 = DIRECTION('',(1.,0.));
#3527 = ( GEOMETRIC_REPRESENTATION_CONTEXT(2) 
PARAMETRIC_REPRESENTATION_CONTEXT() REPRESENTATION_CONTEXT('2D SPACE',''
  ) );
#3528 = PCURVE('',#2538,#3529);
#3529 = DEFINITIONAL_REPRESENTATION('',(#3530),#3538);
#3530 = ( BOUNDED_CURVE() B_SPLINE_CURVE(2,(#3531,#3532,#3533,#3534,
#3535,#3536,#3537),.UNSPECIFIED.,.T.,.F.) B_SPLINE_CURVE_WITH_KNOTS((1,2
    ,2,2,2,1),(-2.094395102393,0.,2.094395102393,4.188790204786,
6.28318530718,8.377580409573),.UNSPECIFIED.) CURVE() 
GEOMETRIC_REPRESENTATION_ITEM() RATIONAL_B_SPLINE_CURVE((1.,0.5,1.,0.5,
1.,0.5,1.)) REPRESENTATION_ITEM('') );
#3531 = CARTESIAN_POINT('',(23.614736709749,-17.09807621135));
#3532 = CARTESIAN_POINT('',(19.114736709749,-14.5));
#3533 = CARTESIAN_POINT('',(23.614736709749,-11.90192378864));
#3534 = CARTESIAN_POINT('',(28.114736709749,-9.303847577293));
#3535 = CARTESIAN_POINT('',(28.114736709749,-14.5));
#3536 = CARTESIAN_POINT('',(28.114736709749,-19.6961524227));
#3537 = CARTESIAN_POINT('',(23.614736709749,-17.09807621135));
#3538 = ( GEOMETRIC_REPRESENTATION_CONTEXT(2) 
PARAMETRIC_REPRESENTATION_CONTEXT() REPRESENTATION_CONTEXT('2D SPACE',''
  ) );
#3539 = ORIENTED_EDGE('',*,*,#3540,.T.);
#3540 = EDGE_CURVE('',#3513,#3541,#3543,.T.);
#3541 = VERTEX_POINT('',#3542);
#3542 = CARTESIAN_POINT('',(22.115272973866,-14.44327877713,2.));
#3543 = SURFACE_CURVE('',#3544,(#3549,#3556),.PCURVE_S1.);
#3544 = CIRCLE('',#3545,3.);
#3545 = AXIS2_PLACEMENT_3D('',#3546,#3547,#3548);
#3546 = CARTESIAN_POINT('',(25.114736709749,-14.5,2.));
#3547 = DIRECTION('',(-0.,0.,-1.));
#3548 = DIRECTION('',(-0.5,-0.866025403784,0.));
#3549 = PCURVE('',#383,#3550);
#3550 = DEFINITIONAL_REPRESENTATION('',(#3551),#3555);
#3551 = LINE('',#3552,#3553);
#3552 = CARTESIAN_POINT('',(0.,-2.));
#3553 = VECTOR('',#3554,1.);
#3554 = DIRECTION('',(1.,0.));
#3555 = ( GEOMETRIC_REPRESENTATION_CONTEXT(2) 
PARAMETRIC_REPRESENTATION_CONTEXT() REPRESENTATION_CONTEXT('2D SPACE',''
  ) );
#3556 = PCURVE('',#3557,#3562);
#3557 = PLANE('',#3558);
#3558 = AXIS2_PLACEMENT_3D('',#3559,#3560,#3561);
#3559 = CARTESIAN_POINT('',(30.419142307928,-17.5625,2.));
#3560 = DIRECTION('',(-0.,0.,-1.));
#3561 = DIRECTION('',(-0.866025403784,0.5,0.));
#3562 = DEFINITIONAL_REPRESENTATION('',(#3563),#3567);
#3563 = CIRCLE('',#3564,3.);
#3564 = AXIS2_PLACEMENT_2D('',#3565,#3566);
#3565 = CARTESIAN_POINT('',(6.125,-4.440892098501E-16));
#3566 = DIRECTION('',(0.,-1.));
#3567 = ( GEOMETRIC_REPRESENTATION_CONTEXT(2) 
PARAMETRIC_REPRESENTATION_CONTEXT() REPRESENTATION_CONTEXT('2D SPACE',''
  ) );
#3568 = ORIENTED_EDGE('',*,*,#3569,.T.);
#3569 = EDGE_CURVE('',#3541,#3570,#3572,.T.);
#3570 = VERTEX_POINT('',#3571);
#3571 = CARTESIAN_POINT('',(23.667799210873,-11.87200230701,2.));
#3572 = SURFACE_CURVE('',#3573,(#3578,#3585),.PCURVE_S1.);
#3573 = CIRCLE('',#3574,3.);
#3574 = AXIS2_PLACEMENT_3D('',#3575,#3576,#3577);
#3575 = CARTESIAN_POINT('',(25.114736709749,-14.5,2.));
#3576 = DIRECTION('',(-0.,0.,-1.));
#3577 = DIRECTION('',(-0.5,-0.866025403784,0.));
#3578 = PCURVE('',#383,#3579);
#3579 = DEFINITIONAL_REPRESENTATION('',(#3580),#3584);
#3580 = LINE('',#3581,#3582);
#3581 = CARTESIAN_POINT('',(0.,-2.));
#3582 = VECTOR('',#3583,1.);
#3583 = DIRECTION('',(1.,0.));
#3584 = ( GEOMETRIC_REPRESENTATION_CONTEXT(2) 
PARAMETRIC_REPRESENTATION_CONTEXT() REPRESENTATION_CONTEXT('2D SPACE',''
  ) );
#3585 = PCURVE('',#1461,#3586);
#3586 = DEFINITIONAL_REPRESENTATION('',(#3587),#3595);
#3587 = ( BOUNDED_CURVE() B_SPLINE_CURVE(2,(#3588,#3589,#3590,#3591,
#3592,#3593,#3594),.UNSPECIFIED.,.T.,.F.) B_SPLINE_CURVE_WITH_KNOTS((1,2
    ,2,2,2,1),(-2.094395102393,0.,2.094395102393,4.188790204786,
6.28318530718,8.377580409573),.UNSPECIFIED.) CURVE() 
GEOMETRIC_REPRESENTATION_ITEM() RATIONAL_B_SPLINE_CURVE((1.,0.5,1.,0.5,
1.,0.5,1.)) REPRESENTATION_ITEM('') );
#3588 = CARTESIAN_POINT('',(23.614736709749,-17.09807621135));
#3589 = CARTESIAN_POINT('',(19.114736709749,-14.5));
#3590 = CARTESIAN_POINT('',(23.614736709749,-11.90192378864));
#3591 = CARTESIAN_POINT('',(28.114736709749,-9.303847577293));
#3592 = CARTESIAN_POINT('',(28.114736709749,-14.5));
#3593 = CARTESIAN_POINT('',(28.114736709749,-19.6961524227));
#3594 = CARTESIAN_POINT('',(23.614736709749,-17.09807621135));
#3595 = ( GEOMETRIC_REPRESENTATION_CONTEXT(2) 
PARAMETRIC_REPRESENTATION_CONTEXT() REPRESENTATION_CONTEXT('2D SPACE',''
  ) );
#3596 = ORIENTED_EDGE('',*,*,#3597,.T.);
#3597 = EDGE_CURVE('',#3570,#3598,#3600,.T.);
#3598 = VERTEX_POINT('',#3599);
#3599 = CARTESIAN_POINT('',(24.741113595629,-11.52335662724,2.));
#3600 = SURFACE_CURVE('',#3601,(#3606,#3613),.PCURVE_S1.);
#3601 = CIRCLE('',#3602,3.);
#3602 = AXIS2_PLACEMENT_3D('',#3603,#3604,#3605);
#3603 = CARTESIAN_POINT('',(25.114736709749,-14.5,2.));
#3604 = DIRECTION('',(-0.,0.,-1.));
#3605 = DIRECTION('',(-0.5,-0.866025403784,0.));
#3606 = PCURVE('',#383,#3607);
#3607 = DEFINITIONAL_REPRESENTATION('',(#3608),#3612);
#3608 = LINE('',#3609,#3610);
#3609 = CARTESIAN_POINT('',(0.,-2.));
#3610 = VECTOR('',#3611,1.);
#3611 = DIRECTION('',(1.,0.));
#3612 = ( GEOMETRIC_REPRESENTATION_CONTEXT(2) 
PARAMETRIC_REPRESENTATION_CONTEXT() REPRESENTATION_CONTEXT('2D SPACE',''
  ) );
#3613 = PCURVE('',#3557,#3614);
#3614 = DEFINITIONAL_REPRESENTATION('',(#3615),#3619);
#3615 = CIRCLE('',#3616,3.);
#3616 = AXIS2_PLACEMENT_2D('',#3617,#3618);
#3617 = CARTESIAN_POINT('',(6.125,-4.440892098501E-16));
#3618 = DIRECTION('',(0.,-1.));
#3619 = ( GEOMETRIC_REPRESENTATION_CONTEXT(2) 
PARAMETRIC_REPRESENTATION_CONTEXT() REPRESENTATION_CONTEXT('2D SPACE',''
  ) );
#3620 = ORIENTED_EDGE('',*,*,#3621,.T.);
#3621 = EDGE_CURVE('',#3598,#3622,#3624,.T.);
#3622 = VERTEX_POINT('',#3623);
#3623 = CARTESIAN_POINT('',(26.205320544804,-11.70525011875,2.));
#3624 = SURFACE_CURVE('',#3625,(#3630,#3637),.PCURVE_S1.);
#3625 = CIRCLE('',#3626,3.);
#3626 = AXIS2_PLACEMENT_3D('',#3627,#3628,#3629);
#3627 = CARTESIAN_POINT('',(25.114736709749,-14.5,2.));
#3628 = DIRECTION('',(-0.,0.,-1.));
#3629 = DIRECTION('',(-0.5,-0.866025403784,0.));
#3630 = PCURVE('',#383,#3631);
#3631 = DEFINITIONAL_REPRESENTATION('',(#3632),#3636);
#3632 = LINE('',#3633,#3634);
#3633 = CARTESIAN_POINT('',(0.,-2.));
#3634 = VECTOR('',#3635,1.);
#3635 = DIRECTION('',(1.,0.));
#3636 = ( GEOMETRIC_REPRESENTATION_CONTEXT(2) 
PARAMETRIC_REPRESENTATION_CONTEXT() REPRESENTATION_CONTEXT('2D SPACE',''
  ) );
#3637 = PCURVE('',#3638,#3643);
#3638 = PLANE('',#3639);
#3639 = AXIS2_PLACEMENT_3D('',#3640,#3641,#3642);
#3640 = CARTESIAN_POINT('',(-2.808005405856E-15,3.707602883041E-15,2.));
#3641 = DIRECTION('',(0.,0.,1.));
#3642 = DIRECTION('',(1.,0.,-0.));
#3643 = DEFINITIONAL_REPRESENTATION('',(#3644),#3652);
#3644 = ( BOUNDED_CURVE() B_SPLINE_CURVE(2,(#3645,#3646,#3647,#3648,
#3649,#3650,#3651),.UNSPECIFIED.,.T.,.F.) B_SPLINE_CURVE_WITH_KNOTS((1,2
    ,2,2,2,1),(-2.094395102393,0.,2.094395102393,4.188790204786,
6.28318530718,8.377580409573),.UNSPECIFIED.) CURVE() 
GEOMETRIC_REPRESENTATION_ITEM() RATIONAL_B_SPLINE_CURVE((1.,0.5,1.,0.5,
1.,0.5,1.)) REPRESENTATION_ITEM('') );
#3645 = CARTESIAN_POINT('',(23.614736709749,-17.09807621135));
#3646 = CARTESIAN_POINT('',(19.114736709749,-14.5));
#3647 = CARTESIAN_POINT('',(23.614736709749,-11.90192378864));
#3648 = CARTESIAN_POINT('',(28.114736709749,-9.303847577293));
#3649 = CARTESIAN_POINT('',(28.114736709749,-14.5));
#3650 = CARTESIAN_POINT('',(28.114736709749,-19.6961524227));
#3651 = CARTESIAN_POINT('',(23.614736709749,-17.09807621135));
#3652 = ( GEOMETRIC_REPRESENTATION_CONTEXT(2) 
PARAMETRIC_REPRESENTATION_CONTEXT() REPRESENTATION_CONTEXT('2D SPACE',''
  ) );
#3653 = ORIENTED_EDGE('',*,*,#3654,.T.);
#3654 = EDGE_CURVE('',#3622,#3655,#3657,.T.);
#3655 = VERTEX_POINT('',#3656);
#3656 = CARTESIAN_POINT('',(26.614736709749,-11.90192378864,2.));
#3657 = SURFACE_CURVE('',#3658,(#3663,#3670),.PCURVE_S1.);
#3658 = CIRCLE('',#3659,3.);
#3659 = AXIS2_PLACEMENT_3D('',#3660,#3661,#3662);
#3660 = CARTESIAN_POINT('',(25.114736709749,-14.5,2.));
#3661 = DIRECTION('',(-0.,0.,-1.));
#3662 = DIRECTION('',(-0.5,-0.866025403784,0.));
#3663 = PCURVE('',#383,#3664);
#3664 = DEFINITIONAL_REPRESENTATION('',(#3665),#3669);
#3665 = LINE('',#3666,#3667);
#3666 = CARTESIAN_POINT('',(0.,-2.));
#3667 = VECTOR('',#3668,1.);
#3668 = DIRECTION('',(1.,0.));
#3669 = ( GEOMETRIC_REPRESENTATION_CONTEXT(2) 
PARAMETRIC_REPRESENTATION_CONTEXT() REPRESENTATION_CONTEXT('2D SPACE',''
  ) );
#3670 = PCURVE('',#3500,#3671);
#3671 = DEFINITIONAL_REPRESENTATION('',(#3672),#3676);
#3672 = CIRCLE('',#3673,3.);
#3673 = AXIS2_PLACEMENT_2D('',#3674,#3675);
#3674 = CARTESIAN_POINT('',(6.125,-4.440892098501E-16));
#3675 = DIRECTION('',(0.,-1.));
#3676 = ( GEOMETRIC_REPRESENTATION_CONTEXT(2) 
PARAMETRIC_REPRESENTATION_CONTEXT() REPRESENTATION_CONTEXT('2D SPACE',''
  ) );
#3677 = ORIENTED_EDGE('',*,*,#3678,.F.);
#3678 = EDGE_CURVE('',#363,#3655,#3679,.T.);
#3679 = SURFACE_CURVE('',#3680,(#3684,#3691),.PCURVE_S1.);
#3680 = LINE('',#3681,#3682);
#3681 = CARTESIAN_POINT('',(26.614736709749,-11.90192378864,0.));
#3682 = VECTOR('',#3683,1.);
#3683 = DIRECTION('',(0.,0.,1.));
#3684 = PCURVE('',#383,#3685);
#3685 = DEFINITIONAL_REPRESENTATION('',(#3686),#3690);
#3686 = LINE('',#3687,#3688);
#3687 = CARTESIAN_POINT('',(3.14159265359,0.));
#3688 = VECTOR('',#3689,1.);
#3689 = DIRECTION('',(0.,-1.));
#3690 = ( GEOMETRIC_REPRESENTATION_CONTEXT(2) 
PARAMETRIC_REPRESENTATION_CONTEXT() REPRESENTATION_CONTEXT('2D SPACE',''
  ) );
#3691 = PCURVE('',#411,#3692);
#3692 = DEFINITIONAL_REPRESENTATION('',(#3693),#3697);
#3693 = LINE('',#3694,#3695);
#3694 = CARTESIAN_POINT('',(0.,0.));
#3695 = VECTOR('',#3696,1.);
#3696 = DIRECTION('',(0.,-1.));
#3697 = ( GEOMETRIC_REPRESENTATION_CONTEXT(2) 
PARAMETRIC_REPRESENTATION_CONTEXT() REPRESENTATION_CONTEXT('2D SPACE',''
  ) );
#3698 = ORIENTED_EDGE('',*,*,#360,.F.);
#3699 = ADVANCED_FACE('',(#3700),#470,.F.);
#3700 = FACE_BOUND('',#3701,.F.);
#3701 = EDGE_LOOP('',(#3702,#3725,#3748,#3776,#3799,#3827,#3850,#3878,
    #3901,#3929,#3952,#3980,#4003,#4024,#4025));
#3702 = ORIENTED_EDGE('',*,*,#3703,.T.);
#3703 = EDGE_CURVE('',#424,#3704,#3706,.T.);
#3704 = VERTEX_POINT('',#3705);
#3705 = CARTESIAN_POINT('',(34.223547906108,-23.22307621135,2.));
#3706 = SURFACE_CURVE('',#3707,(#3711,#3718),.PCURVE_S1.);
#3707 = LINE('',#3708,#3709);
#3708 = CARTESIAN_POINT('',(34.223547906108,-23.22307621135,0.));
#3709 = VECTOR('',#3710,1.);
#3710 = DIRECTION('',(0.,0.,1.));
#3711 = PCURVE('',#470,#3712);
#3712 = DEFINITIONAL_REPRESENTATION('',(#3713),#3717);
#3713 = LINE('',#3714,#3715);
#3714 = CARTESIAN_POINT('',(0.,0.));
#3715 = VECTOR('',#3716,1.);
#3716 = DIRECTION('',(0.,-1.));
#3717 = ( GEOMETRIC_REPRESENTATION_CONTEXT(2) 
PARAMETRIC_REPRESENTATION_CONTEXT() REPRESENTATION_CONTEXT('2D SPACE',''
  ) );
#3718 = PCURVE('',#444,#3719);
#3719 = DEFINITIONAL_REPRESENTATION('',(#3720),#3724);
#3720 = LINE('',#3721,#3722);
#3721 = CARTESIAN_POINT('',(3.14159265359,0.));
#3722 = VECTOR('',#3723,1.);
#3723 = DIRECTION('',(0.,-1.));
#3724 = ( GEOMETRIC_REPRESENTATION_CONTEXT(2) 
PARAMETRIC_REPRESENTATION_CONTEXT() REPRESENTATION_CONTEXT('2D SPACE',''
  ) );
#3725 = ORIENTED_EDGE('',*,*,#3726,.T.);
#3726 = EDGE_CURVE('',#3704,#3727,#3729,.T.);
#3727 = VERTEX_POINT('',#3728);
#3728 = CARTESIAN_POINT('',(33.394570367118,-22.74446580606,2.));
#3729 = SURFACE_CURVE('',#3730,(#3734,#3741),.PCURVE_S1.);
#3730 = LINE('',#3731,#3732);
#3731 = CARTESIAN_POINT('',(34.223547906108,-23.22307621135,2.));
#3732 = VECTOR('',#3733,1.);
#3733 = DIRECTION('',(-0.866025403784,0.5,0.));
#3734 = PCURVE('',#470,#3735);
#3735 = DEFINITIONAL_REPRESENTATION('',(#3736),#3740);
#3736 = LINE('',#3737,#3738);
#3737 = CARTESIAN_POINT('',(0.,-2.));
#3738 = VECTOR('',#3739,1.);
#3739 = DIRECTION('',(1.,0.));
#3740 = ( GEOMETRIC_REPRESENTATION_CONTEXT(2) 
PARAMETRIC_REPRESENTATION_CONTEXT() REPRESENTATION_CONTEXT('2D SPACE',''
  ) );
#3741 = PCURVE('',#3235,#3742);
#3742 = DEFINITIONAL_REPRESENTATION('',(#3743),#3747);
#3743 = LINE('',#3744,#3745);
#3744 = CARTESIAN_POINT('',(34.223547906108,-23.22307621135));
#3745 = VECTOR('',#3746,1.);
#3746 = DIRECTION('',(-0.866025403784,0.5));
#3747 = ( GEOMETRIC_REPRESENTATION_CONTEXT(2) 
PARAMETRIC_REPRESENTATION_CONTEXT() REPRESENTATION_CONTEXT('2D SPACE',''
  ) );
#3748 = ORIENTED_EDGE('',*,*,#3749,.T.);
#3749 = EDGE_CURVE('',#3727,#3750,#3752,.T.);
#3750 = VERTEX_POINT('',#3751);
#3751 = CARTESIAN_POINT('',(32.69887638558,-22.34280669855,2.));
#3752 = SURFACE_CURVE('',#3753,(#3757,#3764),.PCURVE_S1.);
#3753 = LINE('',#3754,#3755);
#3754 = CARTESIAN_POINT('',(34.223547906108,-23.22307621135,2.));
#3755 = VECTOR('',#3756,1.);
#3756 = DIRECTION('',(-0.866025403784,0.5,0.));
#3757 = PCURVE('',#470,#3758);
#3758 = DEFINITIONAL_REPRESENTATION('',(#3759),#3763);
#3759 = LINE('',#3760,#3761);
#3760 = CARTESIAN_POINT('',(0.,-2.));
#3761 = VECTOR('',#3762,1.);
#3762 = DIRECTION('',(1.,0.));
#3763 = ( GEOMETRIC_REPRESENTATION_CONTEXT(2) 
PARAMETRIC_REPRESENTATION_CONTEXT() REPRESENTATION_CONTEXT('2D SPACE',''
  ) );
#3764 = PCURVE('',#3765,#3770);
#3765 = PLANE('',#3766);
#3766 = AXIS2_PLACEMENT_3D('',#3767,#3768,#3769);
#3767 = CARTESIAN_POINT('',(30.419142307928,-17.5625,2.));
#3768 = DIRECTION('',(-0.,0.,-1.));
#3769 = DIRECTION('',(-0.866025403784,0.5,0.));
#3770 = DEFINITIONAL_REPRESENTATION('',(#3771),#3775);
#3771 = LINE('',#3772,#3773);
#3772 = CARTESIAN_POINT('',(-6.125,-3.));
#3773 = VECTOR('',#3774,1.);
#3774 = DIRECTION('',(1.,0.));
#3775 = ( GEOMETRIC_REPRESENTATION_CONTEXT(2) 
PARAMETRIC_REPRESENTATION_CONTEXT() REPRESENTATION_CONTEXT('2D SPACE',''
  ) );
#3776 = ORIENTED_EDGE('',*,*,#3777,.T.);
#3777 = EDGE_CURVE('',#3750,#3778,#3780,.T.);
#3778 = VERTEX_POINT('',#3779);
#3779 = CARTESIAN_POINT('',(31.481113337902,-21.63973087516,2.));
#3780 = SURFACE_CURVE('',#3781,(#3785,#3792),.PCURVE_S1.);
#3781 = LINE('',#3782,#3783);
#3782 = CARTESIAN_POINT('',(34.223547906108,-23.22307621135,2.));
#3783 = VECTOR('',#3784,1.);
#3784 = DIRECTION('',(-0.866025403784,0.5,0.));
#3785 = PCURVE('',#470,#3786);
#3786 = DEFINITIONAL_REPRESENTATION('',(#3787),#3791);
#3787 = LINE('',#3788,#3789);
#3788 = CARTESIAN_POINT('',(0.,-2.));
#3789 = VECTOR('',#3790,1.);
#3790 = DIRECTION('',(1.,0.));
#3791 = ( GEOMETRIC_REPRESENTATION_CONTEXT(2) 
PARAMETRIC_REPRESENTATION_CONTEXT() REPRESENTATION_CONTEXT('2D SPACE',''
  ) );
#3792 = PCURVE('',#3184,#3793);
#3793 = DEFINITIONAL_REPRESENTATION('',(#3794),#3798);
#3794 = LINE('',#3795,#3796);
#3795 = CARTESIAN_POINT('',(34.223547906108,-23.22307621135));
#3796 = VECTOR('',#3797,1.);
#3797 = DIRECTION('',(-0.866025403784,0.5));
#3798 = ( GEOMETRIC_REPRESENTATION_CONTEXT(2) 
PARAMETRIC_REPRESENTATION_CONTEXT() REPRESENTATION_CONTEXT('2D SPACE',''
  ) );
#3799 = ORIENTED_EDGE('',*,*,#3800,.T.);
#3800 = EDGE_CURVE('',#3778,#3801,#3803,.T.);
#3801 = VERTEX_POINT('',#3802);
#3802 = CARTESIAN_POINT('',(30.785063970055,-21.23786658527,2.));
#3803 = SURFACE_CURVE('',#3804,(#3808,#3815),.PCURVE_S1.);
#3804 = LINE('',#3805,#3806);
#3805 = CARTESIAN_POINT('',(34.223547906108,-23.22307621135,2.));
#3806 = VECTOR('',#3807,1.);
#3807 = DIRECTION('',(-0.866025403784,0.5,0.));
#3808 = PCURVE('',#470,#3809);
#3809 = DEFINITIONAL_REPRESENTATION('',(#3810),#3814);
#3810 = LINE('',#3811,#3812);
#3811 = CARTESIAN_POINT('',(0.,-2.));
#3812 = VECTOR('',#3813,1.);
#3813 = DIRECTION('',(1.,0.));
#3814 = ( GEOMETRIC_REPRESENTATION_CONTEXT(2) 
PARAMETRIC_REPRESENTATION_CONTEXT() REPRESENTATION_CONTEXT('2D SPACE',''
  ) );
#3815 = PCURVE('',#3816,#3821);
#3816 = PLANE('',#3817);
#3817 = AXIS2_PLACEMENT_3D('',#3818,#3819,#3820);
#3818 = CARTESIAN_POINT('',(30.419142307928,-17.5625,2.));
#3819 = DIRECTION('',(-0.,0.,-1.));
#3820 = DIRECTION('',(-0.866025403784,0.5,0.));
#3821 = DEFINITIONAL_REPRESENTATION('',(#3822),#3826);
#3822 = LINE('',#3823,#3824);
#3823 = CARTESIAN_POINT('',(-6.125,-3.));
#3824 = VECTOR('',#3825,1.);
#3825 = DIRECTION('',(1.,0.));
#3826 = ( GEOMETRIC_REPRESENTATION_CONTEXT(2) 
PARAMETRIC_REPRESENTATION_CONTEXT() REPRESENTATION_CONTEXT('2D SPACE',''
  ) );
#3827 = ORIENTED_EDGE('',*,*,#3828,.T.);
#3828 = EDGE_CURVE('',#3801,#3829,#3831,.T.);
#3829 = VERTEX_POINT('',#3830);
#3830 = CARTESIAN_POINT('',(29.566620740298,-20.53439805857,2.));
#3831 = SURFACE_CURVE('',#3832,(#3836,#3843),.PCURVE_S1.);
#3832 = LINE('',#3833,#3834);
#3833 = CARTESIAN_POINT('',(34.223547906108,-23.22307621135,2.));
#3834 = VECTOR('',#3835,1.);
#3835 = DIRECTION('',(-0.866025403784,0.5,0.));
#3836 = PCURVE('',#470,#3837);
#3837 = DEFINITIONAL_REPRESENTATION('',(#3838),#3842);
#3838 = LINE('',#3839,#3840);
#3839 = CARTESIAN_POINT('',(0.,-2.));
#3840 = VECTOR('',#3841,1.);
#3841 = DIRECTION('',(1.,0.));
#3842 = ( GEOMETRIC_REPRESENTATION_CONTEXT(2) 
PARAMETRIC_REPRESENTATION_CONTEXT() REPRESENTATION_CONTEXT('2D SPACE',''
  ) );
#3843 = PCURVE('',#3133,#3844);
#3844 = DEFINITIONAL_REPRESENTATION('',(#3845),#3849);
#3845 = LINE('',#3846,#3847);
#3846 = CARTESIAN_POINT('',(34.223547906108,-23.22307621135));
#3847 = VECTOR('',#3848,1.);
#3848 = DIRECTION('',(-0.866025403784,0.5));
#3849 = ( GEOMETRIC_REPRESENTATION_CONTEXT(2) 
PARAMETRIC_REPRESENTATION_CONTEXT() REPRESENTATION_CONTEXT('2D SPACE',''
  ) );
#3850 = ORIENTED_EDGE('',*,*,#3851,.T.);
#3851 = EDGE_CURVE('',#3829,#3852,#3854,.T.);
#3852 = VERTEX_POINT('',#3853);
#3853 = CARTESIAN_POINT('',(28.870145540342,-20.13228791439,2.));
#3854 = SURFACE_CURVE('',#3855,(#3859,#3866),.PCURVE_S1.);
#3855 = LINE('',#3856,#3857);
#3856 = CARTESIAN_POINT('',(34.223547906108,-23.22307621135,2.));
#3857 = VECTOR('',#3858,1.);
#3858 = DIRECTION('',(-0.866025403784,0.5,0.));
#3859 = PCURVE('',#470,#3860);
#3860 = DEFINITIONAL_REPRESENTATION('',(#3861),#3865);
#3861 = LINE('',#3862,#3863);
#3862 = CARTESIAN_POINT('',(0.,-2.));
#3863 = VECTOR('',#3864,1.);
#3864 = DIRECTION('',(1.,0.));
#3865 = ( GEOMETRIC_REPRESENTATION_CONTEXT(2) 
PARAMETRIC_REPRESENTATION_CONTEXT() REPRESENTATION_CONTEXT('2D SPACE',''
  ) );
#3866 = PCURVE('',#3867,#3872);
#3867 = PLANE('',#3868);
#3868 = AXIS2_PLACEMENT_3D('',#3869,#3870,#3871);
#3869 = CARTESIAN_POINT('',(30.419142307928,-17.5625,2.));
#3870 = DIRECTION('',(-0.,0.,-1.));
#3871 = DIRECTION('',(-0.866025403784,0.5,0.));
#3872 = DEFINITIONAL_REPRESENTATION('',(#3873),#3877);
#3873 = LINE('',#3874,#3875);
#3874 = CARTESIAN_POINT('',(-6.125,-3.));
#3875 = VECTOR('',#3876,1.);
#3876 = DIRECTION('',(1.,0.));
#3877 = ( GEOMETRIC_REPRESENTATION_CONTEXT(2) 
PARAMETRIC_REPRESENTATION_CONTEXT() REPRESENTATION_CONTEXT('2D SPACE',''
  ) );
#3878 = ORIENTED_EDGE('',*,*,#3879,.T.);
#3879 = EDGE_CURVE('',#3852,#3880,#3882,.T.);
#3880 = VERTEX_POINT('',#3881);
#3881 = CARTESIAN_POINT('',(27.650882598782,-19.42834612687,2.));
#3882 = SURFACE_CURVE('',#3883,(#3887,#3894),.PCURVE_S1.);
#3883 = LINE('',#3884,#3885);
#3884 = CARTESIAN_POINT('',(34.223547906108,-23.22307621135,2.));
#3885 = VECTOR('',#3886,1.);
#3886 = DIRECTION('',(-0.866025403784,0.5,0.));
#3887 = PCURVE('',#470,#3888);
#3888 = DEFINITIONAL_REPRESENTATION('',(#3889),#3893);
#3889 = LINE('',#3890,#3891);
#3890 = CARTESIAN_POINT('',(0.,-2.));
#3891 = VECTOR('',#3892,1.);
#3892 = DIRECTION('',(1.,0.));
#3893 = ( GEOMETRIC_REPRESENTATION_CONTEXT(2) 
PARAMETRIC_REPRESENTATION_CONTEXT() REPRESENTATION_CONTEXT('2D SPACE',''
  ) );
#3894 = PCURVE('',#3082,#3895);
#3895 = DEFINITIONAL_REPRESENTATION('',(#3896),#3900);
#3896 = LINE('',#3897,#3898);
#3897 = CARTESIAN_POINT('',(34.223547906108,-23.22307621135));
#3898 = VECTOR('',#3899,1.);
#3899 = DIRECTION('',(-0.866025403784,0.5));
#3900 = ( GEOMETRIC_REPRESENTATION_CONTEXT(2) 
PARAMETRIC_REPRESENTATION_CONTEXT() REPRESENTATION_CONTEXT('2D SPACE',''
  ) );
#3901 = ORIENTED_EDGE('',*,*,#3902,.T.);
#3902 = EDGE_CURVE('',#3880,#3903,#3905,.T.);
#3903 = VERTEX_POINT('',#3904);
#3904 = CARTESIAN_POINT('',(26.953891128672,-19.02593791398,2.));
#3905 = SURFACE_CURVE('',#3906,(#3910,#3917),.PCURVE_S1.);
#3906 = LINE('',#3907,#3908);
#3907 = CARTESIAN_POINT('',(34.223547906108,-23.22307621135,2.));
#3908 = VECTOR('',#3909,1.);
#3909 = DIRECTION('',(-0.866025403784,0.5,0.));
#3910 = PCURVE('',#470,#3911);
#3911 = DEFINITIONAL_REPRESENTATION('',(#3912),#3916);
#3912 = LINE('',#3913,#3914);
#3913 = CARTESIAN_POINT('',(0.,-2.));
#3914 = VECTOR('',#3915,1.);
#3915 = DIRECTION('',(1.,0.));
#3916 = ( GEOMETRIC_REPRESENTATION_CONTEXT(2) 
PARAMETRIC_REPRESENTATION_CONTEXT() REPRESENTATION_CONTEXT('2D SPACE',''
  ) );
#3917 = PCURVE('',#3918,#3923);
#3918 = PLANE('',#3919);
#3919 = AXIS2_PLACEMENT_3D('',#3920,#3921,#3922);
#3920 = CARTESIAN_POINT('',(30.419142307928,-17.5625,2.));
#3921 = DIRECTION('',(-0.,0.,-1.));
#3922 = DIRECTION('',(-0.866025403784,0.5,0.));
#3923 = DEFINITIONAL_REPRESENTATION('',(#3924),#3928);
#3924 = LINE('',#3925,#3926);
#3925 = CARTESIAN_POINT('',(-6.125,-3.));
#3926 = VECTOR('',#3927,1.);
#3927 = DIRECTION('',(1.,0.));
#3928 = ( GEOMETRIC_REPRESENTATION_CONTEXT(2) 
PARAMETRIC_REPRESENTATION_CONTEXT() REPRESENTATION_CONTEXT('2D SPACE',''
  ) );
#3929 = ORIENTED_EDGE('',*,*,#3930,.T.);
#3930 = EDGE_CURVE('',#3903,#3931,#3933,.T.);
#3931 = VERTEX_POINT('',#3932);
#3932 = CARTESIAN_POINT('',(25.733627851518,-18.32141858243,2.));
#3933 = SURFACE_CURVE('',#3934,(#3938,#3945),.PCURVE_S1.);
#3934 = LINE('',#3935,#3936);
#3935 = CARTESIAN_POINT('',(34.223547906108,-23.22307621135,2.));
#3936 = VECTOR('',#3937,1.);
#3937 = DIRECTION('',(-0.866025403784,0.5,0.));
#3938 = PCURVE('',#470,#3939);
#3939 = DEFINITIONAL_REPRESENTATION('',(#3940),#3944);
#3940 = LINE('',#3941,#3942);
#3941 = CARTESIAN_POINT('',(0.,-2.));
#3942 = VECTOR('',#3943,1.);
#3943 = DIRECTION('',(1.,0.));
#3944 = ( GEOMETRIC_REPRESENTATION_CONTEXT(2) 
PARAMETRIC_REPRESENTATION_CONTEXT() REPRESENTATION_CONTEXT('2D SPACE',''
  ) );
#3945 = PCURVE('',#3031,#3946);
#3946 = DEFINITIONAL_REPRESENTATION('',(#3947),#3951);
#3947 = LINE('',#3948,#3949);
#3948 = CARTESIAN_POINT('',(34.223547906108,-23.22307621135));
#3949 = VECTOR('',#3950,1.);
#3950 = DIRECTION('',(-0.866025403784,0.5));
#3951 = ( GEOMETRIC_REPRESENTATION_CONTEXT(2) 
PARAMETRIC_REPRESENTATION_CONTEXT() REPRESENTATION_CONTEXT('2D SPACE',''
  ) );
#3952 = ORIENTED_EDGE('',*,*,#3953,.T.);
#3953 = EDGE_CURVE('',#3931,#3954,#3956,.T.);
#3954 = VERTEX_POINT('',#3955);
#3955 = CARTESIAN_POINT('',(25.03600202248,-17.91864412224,2.));
#3956 = SURFACE_CURVE('',#3957,(#3961,#3968),.PCURVE_S1.);
#3957 = LINE('',#3958,#3959);
#3958 = CARTESIAN_POINT('',(34.223547906108,-23.22307621135,2.));
#3959 = VECTOR('',#3960,1.);
#3960 = DIRECTION('',(-0.866025403784,0.5,0.));
#3961 = PCURVE('',#470,#3962);
#3962 = DEFINITIONAL_REPRESENTATION('',(#3963),#3967);
#3963 = LINE('',#3964,#3965);
#3964 = CARTESIAN_POINT('',(0.,-2.));
#3965 = VECTOR('',#3966,1.);
#3966 = DIRECTION('',(1.,0.));
#3967 = ( GEOMETRIC_REPRESENTATION_CONTEXT(2) 
PARAMETRIC_REPRESENTATION_CONTEXT() REPRESENTATION_CONTEXT('2D SPACE',''
  ) );
#3968 = PCURVE('',#3969,#3974);
#3969 = PLANE('',#3970);
#3970 = AXIS2_PLACEMENT_3D('',#3971,#3972,#3973);
#3971 = CARTESIAN_POINT('',(30.419142307928,-17.5625,2.));
#3972 = DIRECTION('',(-0.,0.,-1.));
#3973 = DIRECTION('',(-0.866025403784,0.5,0.));
#3974 = DEFINITIONAL_REPRESENTATION('',(#3975),#3979);
#3975 = LINE('',#3976,#3977);
#3976 = CARTESIAN_POINT('',(-6.125,-3.));
#3977 = VECTOR('',#3978,1.);
#3978 = DIRECTION('',(1.,0.));
#3979 = ( GEOMETRIC_REPRESENTATION_CONTEXT(2) 
PARAMETRIC_REPRESENTATION_CONTEXT() REPRESENTATION_CONTEXT('2D SPACE',''
  ) );
#3980 = ORIENTED_EDGE('',*,*,#3981,.T.);
#3981 = EDGE_CURVE('',#3954,#3982,#3984,.T.);
#3982 = VERTEX_POINT('',#3983);
#3983 = CARTESIAN_POINT('',(23.814500301149,-17.21340977462,2.));
#3984 = SURFACE_CURVE('',#3985,(#3989,#3996),.PCURVE_S1.);
#3985 = LINE('',#3986,#3987);
#3986 = CARTESIAN_POINT('',(34.223547906108,-23.22307621135,2.));
#3987 = VECTOR('',#3988,1.);
#3988 = DIRECTION('',(-0.866025403784,0.5,0.));
#3989 = PCURVE('',#470,#3990);
#3990 = DEFINITIONAL_REPRESENTATION('',(#3991),#3995);
#3991 = LINE('',#3992,#3993);
#3992 = CARTESIAN_POINT('',(0.,-2.));
#3993 = VECTOR('',#3994,1.);
#3994 = DIRECTION('',(1.,0.));
#3995 = ( GEOMETRIC_REPRESENTATION_CONTEXT(2) 
PARAMETRIC_REPRESENTATION_CONTEXT() REPRESENTATION_CONTEXT('2D SPACE',''
  ) );
#3996 = PCURVE('',#2595,#3997);
#3997 = DEFINITIONAL_REPRESENTATION('',(#3998),#4002);
#3998 = LINE('',#3999,#4000);
#3999 = CARTESIAN_POINT('',(34.223547906108,-23.22307621135));
#4000 = VECTOR('',#4001,1.);
#4001 = DIRECTION('',(-0.866025403784,0.5));
#4002 = ( GEOMETRIC_REPRESENTATION_CONTEXT(2) 
PARAMETRIC_REPRESENTATION_CONTEXT() REPRESENTATION_CONTEXT('2D SPACE',''
  ) );
#4003 = ORIENTED_EDGE('',*,*,#4004,.T.);
#4004 = EDGE_CURVE('',#3982,#3461,#4005,.T.);
#4005 = SURFACE_CURVE('',#4006,(#4010,#4017),.PCURVE_S1.);
#4006 = LINE('',#4007,#4008);
#4007 = CARTESIAN_POINT('',(34.223547906108,-23.22307621135,2.));
#4008 = VECTOR('',#4009,1.);
#4009 = DIRECTION('',(-0.866025403784,0.5,0.));
#4010 = PCURVE('',#470,#4011);
#4011 = DEFINITIONAL_REPRESENTATION('',(#4012),#4016);
#4012 = LINE('',#4013,#4014);
#4013 = CARTESIAN_POINT('',(0.,-2.));
#4014 = VECTOR('',#4015,1.);
#4015 = DIRECTION('',(1.,0.));
#4016 = ( GEOMETRIC_REPRESENTATION_CONTEXT(2) 
PARAMETRIC_REPRESENTATION_CONTEXT() REPRESENTATION_CONTEXT('2D SPACE',''
  ) );
#4017 = PCURVE('',#3500,#4018);
#4018 = DEFINITIONAL_REPRESENTATION('',(#4019),#4023);
#4019 = LINE('',#4020,#4021);
#4020 = CARTESIAN_POINT('',(-6.125,-3.));
#4021 = VECTOR('',#4022,1.);
#4022 = DIRECTION('',(1.,0.));
#4023 = ( GEOMETRIC_REPRESENTATION_CONTEXT(2) 
PARAMETRIC_REPRESENTATION_CONTEXT() REPRESENTATION_CONTEXT('2D SPACE',''
  ) );
#4024 = ORIENTED_EDGE('',*,*,#3460,.F.);
#4025 = ORIENTED_EDGE('',*,*,#456,.F.);
#4026 = ADVANCED_FACE('',(#4027),#411,.F.);
#4027 = FACE_BOUND('',#4028,.F.);
#4028 = EDGE_LOOP('',(#4029,#4030,#4053,#4081,#4104,#4132,#4155,#4183,
    #4206,#4234,#4257,#4285,#4308,#4336,#4357));
#4029 = ORIENTED_EDGE('',*,*,#3678,.T.);
#4030 = ORIENTED_EDGE('',*,*,#4031,.T.);
#4031 = EDGE_CURVE('',#3655,#4032,#4034,.T.);
#4032 = VERTEX_POINT('',#4033);
#4033 = CARTESIAN_POINT('',(26.91535634146,-12.07548661393,2.));
#4034 = SURFACE_CURVE('',#4035,(#4039,#4046),.PCURVE_S1.);
#4035 = LINE('',#4036,#4037);
#4036 = CARTESIAN_POINT('',(26.614736709749,-11.90192378864,2.));
#4037 = VECTOR('',#4038,1.);
#4038 = DIRECTION('',(0.866025403784,-0.5,0.));
#4039 = PCURVE('',#411,#4040);
#4040 = DEFINITIONAL_REPRESENTATION('',(#4041),#4045);
#4041 = LINE('',#4042,#4043);
#4042 = CARTESIAN_POINT('',(0.,-2.));
#4043 = VECTOR('',#4044,1.);
#4044 = DIRECTION('',(1.,0.));
#4045 = ( GEOMETRIC_REPRESENTATION_CONTEXT(2) 
PARAMETRIC_REPRESENTATION_CONTEXT() REPRESENTATION_CONTEXT('2D SPACE',''
  ) );
#4046 = PCURVE('',#3500,#4047);
#4047 = DEFINITIONAL_REPRESENTATION('',(#4048),#4052);
#4048 = LINE('',#4049,#4050);
#4049 = CARTESIAN_POINT('',(6.125,3.));
#4050 = VECTOR('',#4051,1.);
#4051 = DIRECTION('',(-1.,0.));
#4052 = ( GEOMETRIC_REPRESENTATION_CONTEXT(2) 
PARAMETRIC_REPRESENTATION_CONTEXT() REPRESENTATION_CONTEXT('2D SPACE',''
  ) );
#4053 = ORIENTED_EDGE('',*,*,#4054,.T.);
#4054 = EDGE_CURVE('',#4032,#4055,#4057,.T.);
#4055 = VERTEX_POINT('',#4056);
#4056 = CARTESIAN_POINT('',(28.132084783059,-12.77796510722,2.));
#4057 = SURFACE_CURVE('',#4058,(#4062,#4069),.PCURVE_S1.);
#4058 = LINE('',#4059,#4060);
#4059 = CARTESIAN_POINT('',(26.614736709749,-11.90192378864,2.));
#4060 = VECTOR('',#4061,1.);
#4061 = DIRECTION('',(0.866025403784,-0.5,0.));
#4062 = PCURVE('',#411,#4063);
#4063 = DEFINITIONAL_REPRESENTATION('',(#4064),#4068);
#4064 = LINE('',#4065,#4066);
#4065 = CARTESIAN_POINT('',(0.,-2.));
#4066 = VECTOR('',#4067,1.);
#4067 = DIRECTION('',(1.,0.));
#4068 = ( GEOMETRIC_REPRESENTATION_CONTEXT(2) 
PARAMETRIC_REPRESENTATION_CONTEXT() REPRESENTATION_CONTEXT('2D SPACE',''
  ) );
#4069 = PCURVE('',#4070,#4075);
#4070 = PLANE('',#4071);
#4071 = AXIS2_PLACEMENT_3D('',#4072,#4073,#4074);
#4072 = CARTESIAN_POINT('',(-2.808005405856E-15,3.707602883041E-15,2.));
#4073 = DIRECTION('',(0.,0.,1.));
#4074 = DIRECTION('',(1.,0.,-0.));
#4075 = DEFINITIONAL_REPRESENTATION('',(#4076),#4080);
#4076 = LINE('',#4077,#4078);
#4077 = CARTESIAN_POINT('',(26.614736709749,-11.90192378864));
#4078 = VECTOR('',#4079,1.);
#4079 = DIRECTION('',(0.866025403784,-0.5));
#4080 = ( GEOMETRIC_REPRESENTATION_CONTEXT(2) 
PARAMETRIC_REPRESENTATION_CONTEXT() REPRESENTATION_CONTEXT('2D SPACE',''
  ) );
#4081 = ORIENTED_EDGE('',*,*,#4082,.T.);
#4082 = EDGE_CURVE('',#4055,#4083,#4085,.T.);
#4083 = VERTEX_POINT('',#4084);
#4084 = CARTESIAN_POINT('',(28.827181513981,-13.17927939193,2.));
#4085 = SURFACE_CURVE('',#4086,(#4090,#4097),.PCURVE_S1.);
#4086 = LINE('',#4087,#4088);
#4087 = CARTESIAN_POINT('',(26.614736709749,-11.90192378864,2.));
#4088 = VECTOR('',#4089,1.);
#4089 = DIRECTION('',(0.866025403784,-0.5,0.));
#4090 = PCURVE('',#411,#4091);
#4091 = DEFINITIONAL_REPRESENTATION('',(#4092),#4096);
#4092 = LINE('',#4093,#4094);
#4093 = CARTESIAN_POINT('',(0.,-2.));
#4094 = VECTOR('',#4095,1.);
#4095 = DIRECTION('',(1.,0.));
#4096 = ( GEOMETRIC_REPRESENTATION_CONTEXT(2) 
PARAMETRIC_REPRESENTATION_CONTEXT() REPRESENTATION_CONTEXT('2D SPACE',''
  ) );
#4097 = PCURVE('',#3969,#4098);
#4098 = DEFINITIONAL_REPRESENTATION('',(#4099),#4103);
#4099 = LINE('',#4100,#4101);
#4100 = CARTESIAN_POINT('',(6.125,3.));
#4101 = VECTOR('',#4102,1.);
#4102 = DIRECTION('',(-1.,0.));
#4103 = ( GEOMETRIC_REPRESENTATION_CONTEXT(2) 
PARAMETRIC_REPRESENTATION_CONTEXT() REPRESENTATION_CONTEXT('2D SPACE',''
  ) );
#4104 = ORIENTED_EDGE('',*,*,#4105,.T.);
#4105 = EDGE_CURVE('',#4083,#4106,#4108,.T.);
#4106 = VERTEX_POINT('',#4107);
#4107 = CARTESIAN_POINT('',(30.043326518749,-13.88142103781,2.));
#4108 = SURFACE_CURVE('',#4109,(#4113,#4120),.PCURVE_S1.);
#4109 = LINE('',#4110,#4111);
#4110 = CARTESIAN_POINT('',(26.614736709749,-11.90192378864,2.));
#4111 = VECTOR('',#4112,1.);
#4112 = DIRECTION('',(0.866025403784,-0.5,0.));
#4113 = PCURVE('',#411,#4114);
#4114 = DEFINITIONAL_REPRESENTATION('',(#4115),#4119);
#4115 = LINE('',#4116,#4117);
#4116 = CARTESIAN_POINT('',(0.,-2.));
#4117 = VECTOR('',#4118,1.);
#4118 = DIRECTION('',(1.,0.));
#4119 = ( GEOMETRIC_REPRESENTATION_CONTEXT(2) 
PARAMETRIC_REPRESENTATION_CONTEXT() REPRESENTATION_CONTEXT('2D SPACE',''
  ) );
#4120 = PCURVE('',#4121,#4126);
#4121 = PLANE('',#4122);
#4122 = AXIS2_PLACEMENT_3D('',#4123,#4124,#4125);
#4123 = CARTESIAN_POINT('',(-2.808005405856E-15,3.707602883041E-15,2.));
#4124 = DIRECTION('',(0.,0.,1.));
#4125 = DIRECTION('',(1.,0.,-0.));
#4126 = DEFINITIONAL_REPRESENTATION('',(#4127),#4131);
#4127 = LINE('',#4128,#4129);
#4128 = CARTESIAN_POINT('',(26.614736709749,-11.90192378864));
#4129 = VECTOR('',#4130,1.);
#4130 = DIRECTION('',(0.866025403784,-0.5));
#4131 = ( GEOMETRIC_REPRESENTATION_CONTEXT(2) 
PARAMETRIC_REPRESENTATION_CONTEXT() REPRESENTATION_CONTEXT('2D SPACE',''
  ) );
#4132 = ORIENTED_EDGE('',*,*,#4133,.T.);
#4133 = EDGE_CURVE('',#4106,#4134,#4136,.T.);
#4134 = VERTEX_POINT('',#4135);
#4135 = CARTESIAN_POINT('',(30.738124168243,-14.28256264778,2.));
#4136 = SURFACE_CURVE('',#4137,(#4141,#4148),.PCURVE_S1.);
#4137 = LINE('',#4138,#4139);
#4138 = CARTESIAN_POINT('',(26.614736709749,-11.90192378864,2.));
#4139 = VECTOR('',#4140,1.);
#4140 = DIRECTION('',(0.866025403784,-0.5,0.));
#4141 = PCURVE('',#411,#4142);
#4142 = DEFINITIONAL_REPRESENTATION('',(#4143),#4147);
#4143 = LINE('',#4144,#4145);
#4144 = CARTESIAN_POINT('',(0.,-2.));
#4145 = VECTOR('',#4146,1.);
#4146 = DIRECTION('',(1.,0.));
#4147 = ( GEOMETRIC_REPRESENTATION_CONTEXT(2) 
PARAMETRIC_REPRESENTATION_CONTEXT() REPRESENTATION_CONTEXT('2D SPACE',''
  ) );
#4148 = PCURVE('',#3918,#4149);
#4149 = DEFINITIONAL_REPRESENTATION('',(#4150),#4154);
#4150 = LINE('',#4151,#4152);
#4151 = CARTESIAN_POINT('',(6.125,3.));
#4152 = VECTOR('',#4153,1.);
#4153 = DIRECTION('',(-1.,0.));
#4154 = ( GEOMETRIC_REPRESENTATION_CONTEXT(2) 
PARAMETRIC_REPRESENTATION_CONTEXT() REPRESENTATION_CONTEXT('2D SPACE',''
  ) );
#4155 = ORIENTED_EDGE('',*,*,#4156,.T.);
#4156 = EDGE_CURVE('',#4134,#4157,#4159,.T.);
#4157 = VERTEX_POINT('',#4158);
#4158 = CARTESIAN_POINT('',(31.953797224997,-14.98443181434,2.));
#4159 = SURFACE_CURVE('',#4160,(#4164,#4171),.PCURVE_S1.);
#4160 = LINE('',#4161,#4162);
#4161 = CARTESIAN_POINT('',(26.614736709749,-11.90192378864,2.));
#4162 = VECTOR('',#4163,1.);
#4163 = DIRECTION('',(0.866025403784,-0.5,0.));
#4164 = PCURVE('',#411,#4165);
#4165 = DEFINITIONAL_REPRESENTATION('',(#4166),#4170);
#4166 = LINE('',#4167,#4168);
#4167 = CARTESIAN_POINT('',(0.,-2.));
#4168 = VECTOR('',#4169,1.);
#4169 = DIRECTION('',(1.,0.));
#4170 = ( GEOMETRIC_REPRESENTATION_CONTEXT(2) 
PARAMETRIC_REPRESENTATION_CONTEXT() REPRESENTATION_CONTEXT('2D SPACE',''
  ) );
#4171 = PCURVE('',#4172,#4177);
#4172 = PLANE('',#4173);
#4173 = AXIS2_PLACEMENT_3D('',#4174,#4175,#4176);
#4174 = CARTESIAN_POINT('',(-2.808005405856E-15,3.707602883041E-15,2.));
#4175 = DIRECTION('',(0.,0.,1.));
#4176 = DIRECTION('',(1.,0.,-0.));
#4177 = DEFINITIONAL_REPRESENTATION('',(#4178),#4182);
#4178 = LINE('',#4179,#4180);
#4179 = CARTESIAN_POINT('',(26.614736709749,-11.90192378864));
#4180 = VECTOR('',#4181,1.);
#4181 = DIRECTION('',(0.866025403784,-0.5));
#4182 = ( GEOMETRIC_REPRESENTATION_CONTEXT(2) 
PARAMETRIC_REPRESENTATION_CONTEXT() REPRESENTATION_CONTEXT('2D SPACE',''
  ) );
#4183 = ORIENTED_EDGE('',*,*,#4184,.T.);
#4184 = EDGE_CURVE('',#4157,#4185,#4187,.T.);
#4185 = VERTEX_POINT('',#4186);
#4186 = CARTESIAN_POINT('',(32.648351150557,-15.38543271023,2.));
#4187 = SURFACE_CURVE('',#4188,(#4192,#4199),.PCURVE_S1.);
#4188 = LINE('',#4189,#4190);
#4189 = CARTESIAN_POINT('',(26.614736709749,-11.90192378864,2.));
#4190 = VECTOR('',#4191,1.);
#4191 = DIRECTION('',(0.866025403784,-0.5,0.));
#4192 = PCURVE('',#411,#4193);
#4193 = DEFINITIONAL_REPRESENTATION('',(#4194),#4198);
#4194 = LINE('',#4195,#4196);
#4195 = CARTESIAN_POINT('',(0.,-2.));
#4196 = VECTOR('',#4197,1.);
#4197 = DIRECTION('',(1.,0.));
#4198 = ( GEOMETRIC_REPRESENTATION_CONTEXT(2) 
PARAMETRIC_REPRESENTATION_CONTEXT() REPRESENTATION_CONTEXT('2D SPACE',''
  ) );
#4199 = PCURVE('',#3867,#4200);
#4200 = DEFINITIONAL_REPRESENTATION('',(#4201),#4205);
#4201 = LINE('',#4202,#4203);
#4202 = CARTESIAN_POINT('',(6.125,3.));
#4203 = VECTOR('',#4204,1.);
#4204 = DIRECTION('',(-1.,0.));
#4205 = ( GEOMETRIC_REPRESENTATION_CONTEXT(2) 
PARAMETRIC_REPRESENTATION_CONTEXT() REPRESENTATION_CONTEXT('2D SPACE',''
  ) );
#4206 = ORIENTED_EDGE('',*,*,#4207,.T.);
#4207 = EDGE_CURVE('',#4185,#4208,#4210,.T.);
#4208 = VERTEX_POINT('',#4209);
#4209 = CARTESIAN_POINT('',(33.863637018743,-16.08707833337,2.));
#4210 = SURFACE_CURVE('',#4211,(#4215,#4222),.PCURVE_S1.);
#4211 = LINE('',#4212,#4213);
#4212 = CARTESIAN_POINT('',(26.614736709749,-11.90192378864,2.));
#4213 = VECTOR('',#4214,1.);
#4214 = DIRECTION('',(0.866025403784,-0.5,0.));
#4215 = PCURVE('',#411,#4216);
#4216 = DEFINITIONAL_REPRESENTATION('',(#4217),#4221);
#4217 = LINE('',#4218,#4219);
#4218 = CARTESIAN_POINT('',(0.,-2.));
#4219 = VECTOR('',#4220,1.);
#4220 = DIRECTION('',(1.,0.));
#4221 = ( GEOMETRIC_REPRESENTATION_CONTEXT(2) 
PARAMETRIC_REPRESENTATION_CONTEXT() REPRESENTATION_CONTEXT('2D SPACE',''
  ) );
#4222 = PCURVE('',#4223,#4228);
#4223 = PLANE('',#4224);
#4224 = AXIS2_PLACEMENT_3D('',#4225,#4226,#4227);
#4225 = CARTESIAN_POINT('',(-2.808005405856E-15,3.707602883041E-15,2.));
#4226 = DIRECTION('',(0.,0.,1.));
#4227 = DIRECTION('',(1.,0.,-0.));
#4228 = DEFINITIONAL_REPRESENTATION('',(#4229),#4233);
#4229 = LINE('',#4230,#4231);
#4230 = CARTESIAN_POINT('',(26.614736709749,-11.90192378864));
#4231 = VECTOR('',#4232,1.);
#4232 = DIRECTION('',(0.866025403784,-0.5));
#4233 = ( GEOMETRIC_REPRESENTATION_CONTEXT(2) 
PARAMETRIC_REPRESENTATION_CONTEXT() REPRESENTATION_CONTEXT('2D SPACE',''
  ) );
#4234 = ORIENTED_EDGE('',*,*,#4235,.T.);
#4235 = EDGE_CURVE('',#4208,#4236,#4238,.T.);
#4236 = VERTEX_POINT('',#4237);
#4237 = CARTESIAN_POINT('',(34.557989699995,-16.4879630408,2.));
#4238 = SURFACE_CURVE('',#4239,(#4243,#4250),.PCURVE_S1.);
#4239 = LINE('',#4240,#4241);
#4240 = CARTESIAN_POINT('',(26.614736709749,-11.90192378864,2.));
#4241 = VECTOR('',#4242,1.);
#4242 = DIRECTION('',(0.866025403784,-0.5,0.));
#4243 = PCURVE('',#411,#4244);
#4244 = DEFINITIONAL_REPRESENTATION('',(#4245),#4249);
#4245 = LINE('',#4246,#4247);
#4246 = CARTESIAN_POINT('',(0.,-2.));
#4247 = VECTOR('',#4248,1.);
#4248 = DIRECTION('',(1.,0.));
#4249 = ( GEOMETRIC_REPRESENTATION_CONTEXT(2) 
PARAMETRIC_REPRESENTATION_CONTEXT() REPRESENTATION_CONTEXT('2D SPACE',''
  ) );
#4250 = PCURVE('',#3816,#4251);
#4251 = DEFINITIONAL_REPRESENTATION('',(#4252),#4256);
#4252 = LINE('',#4253,#4254);
#4253 = CARTESIAN_POINT('',(6.125,3.));
#4254 = VECTOR('',#4255,1.);
#4255 = DIRECTION('',(-1.,0.));
#4256 = ( GEOMETRIC_REPRESENTATION_CONTEXT(2) 
PARAMETRIC_REPRESENTATION_CONTEXT() REPRESENTATION_CONTEXT('2D SPACE',''
  ) );
#4257 = ORIENTED_EDGE('',*,*,#4258,.T.);
#4258 = EDGE_CURVE('',#4236,#4259,#4261,.T.);
#4259 = VERTEX_POINT('',#4260);
#4260 = CARTESIAN_POINT('',(35.7729539733,-17.18942299105,2.));
#4261 = SURFACE_CURVE('',#4262,(#4266,#4273),.PCURVE_S1.);
#4262 = LINE('',#4263,#4264);
#4263 = CARTESIAN_POINT('',(26.614736709749,-11.90192378864,2.));
#4264 = VECTOR('',#4265,1.);
#4265 = DIRECTION('',(0.866025403784,-0.5,0.));
#4266 = PCURVE('',#411,#4267);
#4267 = DEFINITIONAL_REPRESENTATION('',(#4268),#4272);
#4268 = LINE('',#4269,#4270);
#4269 = CARTESIAN_POINT('',(0.,-2.));
#4270 = VECTOR('',#4271,1.);
#4271 = DIRECTION('',(1.,0.));
#4272 = ( GEOMETRIC_REPRESENTATION_CONTEXT(2) 
PARAMETRIC_REPRESENTATION_CONTEXT() REPRESENTATION_CONTEXT('2D SPACE',''
  ) );
#4273 = PCURVE('',#4274,#4279);
#4274 = PLANE('',#4275);
#4275 = AXIS2_PLACEMENT_3D('',#4276,#4277,#4278);
#4276 = CARTESIAN_POINT('',(-2.808005405856E-15,3.707602883041E-15,2.));
#4277 = DIRECTION('',(0.,0.,1.));
#4278 = DIRECTION('',(1.,0.,-0.));
#4279 = DEFINITIONAL_REPRESENTATION('',(#4280),#4284);
#4280 = LINE('',#4281,#4282);
#4281 = CARTESIAN_POINT('',(26.614736709749,-11.90192378864));
#4282 = VECTOR('',#4283,1.);
#4283 = DIRECTION('',(0.866025403784,-0.5));
#4284 = ( GEOMETRIC_REPRESENTATION_CONTEXT(2) 
PARAMETRIC_REPRESENTATION_CONTEXT() REPRESENTATION_CONTEXT('2D SPACE',''
  ) );
#4285 = ORIENTED_EDGE('',*,*,#4286,.T.);
#4286 = EDGE_CURVE('',#4259,#4287,#4289,.T.);
#4287 = VERTEX_POINT('',#4288);
#4288 = CARTESIAN_POINT('',(36.467138553407,-17.59021064524,2.));
#4289 = SURFACE_CURVE('',#4290,(#4294,#4301),.PCURVE_S1.);
#4290 = LINE('',#4291,#4292);
#4291 = CARTESIAN_POINT('',(26.614736709749,-11.90192378864,2.));
#4292 = VECTOR('',#4293,1.);
#4293 = DIRECTION('',(0.866025403784,-0.5,0.));
#4294 = PCURVE('',#411,#4295);
#4295 = DEFINITIONAL_REPRESENTATION('',(#4296),#4300);
#4296 = LINE('',#4297,#4298);
#4297 = CARTESIAN_POINT('',(0.,-2.));
#4298 = VECTOR('',#4299,1.);
#4299 = DIRECTION('',(1.,0.));
#4300 = ( GEOMETRIC_REPRESENTATION_CONTEXT(2) 
PARAMETRIC_REPRESENTATION_CONTEXT() REPRESENTATION_CONTEXT('2D SPACE',''
  ) );
#4301 = PCURVE('',#3765,#4302);
#4302 = DEFINITIONAL_REPRESENTATION('',(#4303),#4307);
#4303 = LINE('',#4304,#4305);
#4304 = CARTESIAN_POINT('',(6.125,3.));
#4305 = VECTOR('',#4306,1.);
#4306 = DIRECTION('',(-1.,0.));
#4307 = ( GEOMETRIC_REPRESENTATION_CONTEXT(2) 
PARAMETRIC_REPRESENTATION_CONTEXT() REPRESENTATION_CONTEXT('2D SPACE',''
  ) );
#4308 = ORIENTED_EDGE('',*,*,#4309,.T.);
#4309 = EDGE_CURVE('',#4287,#4310,#4312,.T.);
#4310 = VERTEX_POINT('',#4311);
#4311 = CARTESIAN_POINT('',(37.223547906108,-18.02692378864,2.));
#4312 = SURFACE_CURVE('',#4313,(#4317,#4324),.PCURVE_S1.);
#4313 = LINE('',#4314,#4315);
#4314 = CARTESIAN_POINT('',(26.614736709749,-11.90192378864,2.));
#4315 = VECTOR('',#4316,1.);
#4316 = DIRECTION('',(0.866025403784,-0.5,0.));
#4317 = PCURVE('',#411,#4318);
#4318 = DEFINITIONAL_REPRESENTATION('',(#4319),#4323);
#4319 = LINE('',#4320,#4321);
#4320 = CARTESIAN_POINT('',(0.,-2.));
#4321 = VECTOR('',#4322,1.);
#4322 = DIRECTION('',(1.,0.));
#4323 = ( GEOMETRIC_REPRESENTATION_CONTEXT(2) 
PARAMETRIC_REPRESENTATION_CONTEXT() REPRESENTATION_CONTEXT('2D SPACE',''
  ) );
#4324 = PCURVE('',#4325,#4330);
#4325 = PLANE('',#4326);
#4326 = AXIS2_PLACEMENT_3D('',#4327,#4328,#4329);
#4327 = CARTESIAN_POINT('',(-2.808005405856E-15,3.707602883041E-15,2.));
#4328 = DIRECTION('',(0.,0.,1.));
#4329 = DIRECTION('',(1.,0.,-0.));
#4330 = DEFINITIONAL_REPRESENTATION('',(#4331),#4335);
#4331 = LINE('',#4332,#4333);
#4332 = CARTESIAN_POINT('',(26.614736709749,-11.90192378864));
#4333 = VECTOR('',#4334,1.);
#4334 = DIRECTION('',(0.866025403784,-0.5));
#4335 = ( GEOMETRIC_REPRESENTATION_CONTEXT(2) 
PARAMETRIC_REPRESENTATION_CONTEXT() REPRESENTATION_CONTEXT('2D SPACE',''
  ) );
#4336 = ORIENTED_EDGE('',*,*,#4337,.F.);
#4337 = EDGE_CURVE('',#396,#4310,#4338,.T.);
#4338 = SURFACE_CURVE('',#4339,(#4343,#4350),.PCURVE_S1.);
#4339 = LINE('',#4340,#4341);
#4340 = CARTESIAN_POINT('',(37.223547906108,-18.02692378864,0.));
#4341 = VECTOR('',#4342,1.);
#4342 = DIRECTION('',(0.,0.,1.));
#4343 = PCURVE('',#411,#4344);
#4344 = DEFINITIONAL_REPRESENTATION('',(#4345),#4349);
#4345 = LINE('',#4346,#4347);
#4346 = CARTESIAN_POINT('',(12.25,0.));
#4347 = VECTOR('',#4348,1.);
#4348 = DIRECTION('',(0.,-1.));
#4349 = ( GEOMETRIC_REPRESENTATION_CONTEXT(2) 
PARAMETRIC_REPRESENTATION_CONTEXT() REPRESENTATION_CONTEXT('2D SPACE',''
  ) );
#4350 = PCURVE('',#444,#4351);
#4351 = DEFINITIONAL_REPRESENTATION('',(#4352),#4356);
#4352 = LINE('',#4353,#4354);
#4353 = CARTESIAN_POINT('',(0.,0.));
#4354 = VECTOR('',#4355,1.);
#4355 = DIRECTION('',(0.,-1.));
#4356 = ( GEOMETRIC_REPRESENTATION_CONTEXT(2) 
PARAMETRIC_REPRESENTATION_CONTEXT() REPRESENTATION_CONTEXT('2D SPACE',''
  ) );
#4357 = ORIENTED_EDGE('',*,*,#395,.F.);
#4358 = ADVANCED_FACE('',(#4359),#444,.F.);
#4359 = FACE_BOUND('',#4360,.F.);
#4360 = EDGE_LOOP('',(#4361,#4362,#4390,#4417,#4418,#4447,#4475,#4499,
    #4525,#4526));
#4361 = ORIENTED_EDGE('',*,*,#4337,.T.);
#4362 = ORIENTED_EDGE('',*,*,#4363,.T.);
#4363 = EDGE_CURVE('',#4310,#4364,#4366,.T.);
#4364 = VERTEX_POINT('',#4365);
#4365 = CARTESIAN_POINT('',(37.660505446669,-18.33410596358,2.));
#4366 = SURFACE_CURVE('',#4367,(#4372,#4379),.PCURVE_S1.);
#4367 = CIRCLE('',#4368,3.);
#4368 = AXIS2_PLACEMENT_3D('',#4369,#4370,#4371);
#4369 = CARTESIAN_POINT('',(35.723547906108,-20.625,2.));
#4370 = DIRECTION('',(0.,0.,-1.));
#4371 = DIRECTION('',(0.5,0.866025403784,0.));
#4372 = PCURVE('',#444,#4373);
#4373 = DEFINITIONAL_REPRESENTATION('',(#4374),#4378);
#4374 = LINE('',#4375,#4376);
#4375 = CARTESIAN_POINT('',(0.,-2.));
#4376 = VECTOR('',#4377,1.);
#4377 = DIRECTION('',(1.,0.));
#4378 = ( GEOMETRIC_REPRESENTATION_CONTEXT(2) 
PARAMETRIC_REPRESENTATION_CONTEXT() REPRESENTATION_CONTEXT('2D SPACE',''
  ) );
#4379 = PCURVE('',#4325,#4380);
#4380 = DEFINITIONAL_REPRESENTATION('',(#4381),#4389);
#4381 = ( BOUNDED_CURVE() B_SPLINE_CURVE(2,(#4382,#4383,#4384,#4385,
#4386,#4387,#4388),.UNSPECIFIED.,.T.,.F.) B_SPLINE_CURVE_WITH_KNOTS((1,2
    ,2,2,2,1),(-2.094395102393,0.,2.094395102393,4.188790204786,
6.28318530718,8.377580409573),.UNSPECIFIED.) CURVE() 
GEOMETRIC_REPRESENTATION_ITEM() RATIONAL_B_SPLINE_CURVE((1.,0.5,1.,0.5,
1.,0.5,1.)) REPRESENTATION_ITEM('') );
#4382 = CARTESIAN_POINT('',(37.223547906108,-18.02692378864));
#4383 = CARTESIAN_POINT('',(41.723547906108,-20.625));
#4384 = CARTESIAN_POINT('',(37.223547906108,-23.22307621135));
#4385 = CARTESIAN_POINT('',(32.723547906108,-25.8211524227));
#4386 = CARTESIAN_POINT('',(32.723547906108,-20.625));
#4387 = CARTESIAN_POINT('',(32.723547906108,-15.42884757729));
#4388 = CARTESIAN_POINT('',(37.223547906108,-18.02692378864));
#4389 = ( GEOMETRIC_REPRESENTATION_CONTEXT(2) 
PARAMETRIC_REPRESENTATION_CONTEXT() REPRESENTATION_CONTEXT('2D SPACE',''
  ) );
#4390 = ORIENTED_EDGE('',*,*,#4391,.T.);
#4391 = EDGE_CURVE('',#4364,#892,#4392,.T.);
#4392 = SURFACE_CURVE('',#4393,(#4398,#4405),.PCURVE_S1.);
#4393 = CIRCLE('',#4394,3.);
#4394 = AXIS2_PLACEMENT_3D('',#4395,#4396,#4397);
#4395 = CARTESIAN_POINT('',(35.723547906108,-20.625,2.));
#4396 = DIRECTION('',(0.,0.,-1.));
#4397 = DIRECTION('',(0.5,0.866025403784,0.));
#4398 = PCURVE('',#444,#4399);
#4399 = DEFINITIONAL_REPRESENTATION('',(#4400),#4404);
#4400 = LINE('',#4401,#4402);
#4401 = CARTESIAN_POINT('',(0.,-2.));
#4402 = VECTOR('',#4403,1.);
#4403 = DIRECTION('',(1.,0.));
#4404 = ( GEOMETRIC_REPRESENTATION_CONTEXT(2) 
PARAMETRIC_REPRESENTATION_CONTEXT() REPRESENTATION_CONTEXT('2D SPACE',''
  ) );
#4405 = PCURVE('',#4406,#4411);
#4406 = PLANE('',#4407);
#4407 = AXIS2_PLACEMENT_3D('',#4408,#4409,#4410);
#4408 = CARTESIAN_POINT('',(30.419142307928,-17.5625,2.));
#4409 = DIRECTION('',(-0.,0.,-1.));
#4410 = DIRECTION('',(-0.866025403784,0.5,0.));
#4411 = DEFINITIONAL_REPRESENTATION('',(#4412),#4416);
#4412 = CIRCLE('',#4413,3.);
#4413 = AXIS2_PLACEMENT_2D('',#4414,#4415);
#4414 = CARTESIAN_POINT('',(-6.125,-1.33226762955E-15));
#4415 = DIRECTION('',(0.,1.));
#4416 = ( GEOMETRIC_REPRESENTATION_CONTEXT(2) 
PARAMETRIC_REPRESENTATION_CONTEXT() REPRESENTATION_CONTEXT('2D SPACE',''
  ) );
#4417 = ORIENTED_EDGE('',*,*,#922,.T.);
#4418 = ORIENTED_EDGE('',*,*,#4419,.T.);
#4419 = EDGE_CURVE('',#923,#4420,#4422,.T.);
#4420 = VERTEX_POINT('',#4421);
#4421 = CARTESIAN_POINT('',(37.544176794108,-23.00938890539,2.));
#4422 = SURFACE_CURVE('',#4423,(#4428,#4435),.PCURVE_S1.);
#4423 = CIRCLE('',#4424,3.);
#4424 = AXIS2_PLACEMENT_3D('',#4425,#4426,#4427);
#4425 = CARTESIAN_POINT('',(35.723547906108,-20.625,2.));
#4426 = DIRECTION('',(0.,0.,-1.));
#4427 = DIRECTION('',(0.5,0.866025403784,0.));
#4428 = PCURVE('',#444,#4429);
#4429 = DEFINITIONAL_REPRESENTATION('',(#4430),#4434);
#4430 = LINE('',#4431,#4432);
#4431 = CARTESIAN_POINT('',(0.,-2.));
#4432 = VECTOR('',#4433,1.);
#4433 = DIRECTION('',(1.,0.));
#4434 = ( GEOMETRIC_REPRESENTATION_CONTEXT(2) 
PARAMETRIC_REPRESENTATION_CONTEXT() REPRESENTATION_CONTEXT('2D SPACE',''
  ) );
#4435 = PCURVE('',#4436,#4441);
#4436 = PLANE('',#4437);
#4437 = AXIS2_PLACEMENT_3D('',#4438,#4439,#4440);
#4438 = CARTESIAN_POINT('',(30.419142307928,-17.5625,2.));
#4439 = DIRECTION('',(-0.,0.,-1.));
#4440 = DIRECTION('',(-0.866025403784,0.5,0.));
#4441 = DEFINITIONAL_REPRESENTATION('',(#4442),#4446);
#4442 = CIRCLE('',#4443,3.);
#4443 = AXIS2_PLACEMENT_2D('',#4444,#4445);
#4444 = CARTESIAN_POINT('',(-6.125,-1.33226762955E-15));
#4445 = DIRECTION('',(0.,1.));
#4446 = ( GEOMETRIC_REPRESENTATION_CONTEXT(2) 
PARAMETRIC_REPRESENTATION_CONTEXT() REPRESENTATION_CONTEXT('2D SPACE',''
  ) );
#4447 = ORIENTED_EDGE('',*,*,#4448,.T.);
#4448 = EDGE_CURVE('',#4420,#4449,#4451,.T.);
#4449 = VERTEX_POINT('',#4450);
#4450 = CARTESIAN_POINT('',(35.469443621312,-23.61421913088,2.));
#4451 = SURFACE_CURVE('',#4452,(#4457,#4464),.PCURVE_S1.);
#4452 = CIRCLE('',#4453,3.);
#4453 = AXIS2_PLACEMENT_3D('',#4454,#4455,#4456);
#4454 = CARTESIAN_POINT('',(35.723547906108,-20.625,2.));
#4455 = DIRECTION('',(0.,0.,-1.));
#4456 = DIRECTION('',(0.5,0.866025403784,0.));
#4457 = PCURVE('',#444,#4458);
#4458 = DEFINITIONAL_REPRESENTATION('',(#4459),#4463);
#4459 = LINE('',#4460,#4461);
#4460 = CARTESIAN_POINT('',(0.,-2.));
#4461 = VECTOR('',#4462,1.);
#4462 = DIRECTION('',(1.,0.));
#4463 = ( GEOMETRIC_REPRESENTATION_CONTEXT(2) 
PARAMETRIC_REPRESENTATION_CONTEXT() REPRESENTATION_CONTEXT('2D SPACE',''
  ) );
#4464 = PCURVE('',#3337,#4465);
#4465 = DEFINITIONAL_REPRESENTATION('',(#4466),#4474);
#4466 = ( BOUNDED_CURVE() B_SPLINE_CURVE(2,(#4467,#4468,#4469,#4470,
#4471,#4472,#4473),.UNSPECIFIED.,.T.,.F.) B_SPLINE_CURVE_WITH_KNOTS((1,2
    ,2,2,2,1),(-2.094395102393,0.,2.094395102393,4.188790204786,
6.28318530718,8.377580409573),.UNSPECIFIED.) CURVE() 
GEOMETRIC_REPRESENTATION_ITEM() RATIONAL_B_SPLINE_CURVE((1.,0.5,1.,0.5,
1.,0.5,1.)) REPRESENTATION_ITEM('') );
#4467 = CARTESIAN_POINT('',(37.223547906108,-18.02692378864));
#4468 = CARTESIAN_POINT('',(41.723547906108,-20.625));
#4469 = CARTESIAN_POINT('',(37.223547906108,-23.22307621135));
#4470 = CARTESIAN_POINT('',(32.723547906108,-25.8211524227));
#4471 = CARTESIAN_POINT('',(32.723547906108,-20.625));
#4472 = CARTESIAN_POINT('',(32.723547906108,-15.42884757729));
#4473 = CARTESIAN_POINT('',(37.223547906108,-18.02692378864));
#4474 = ( GEOMETRIC_REPRESENTATION_CONTEXT(2) 
PARAMETRIC_REPRESENTATION_CONTEXT() REPRESENTATION_CONTEXT('2D SPACE',''
  ) );
#4475 = ORIENTED_EDGE('',*,*,#4476,.T.);
#4476 = EDGE_CURVE('',#4449,#4477,#4479,.T.);
#4477 = VERTEX_POINT('',#4478);
#4478 = CARTESIAN_POINT('',(34.631389936391,-23.41913510217,2.));
#4479 = SURFACE_CURVE('',#4480,(#4485,#4492),.PCURVE_S1.);
#4480 = CIRCLE('',#4481,3.);
#4481 = AXIS2_PLACEMENT_3D('',#4482,#4483,#4484);
#4482 = CARTESIAN_POINT('',(35.723547906108,-20.625,2.));
#4483 = DIRECTION('',(0.,0.,-1.));
#4484 = DIRECTION('',(0.5,0.866025403784,0.));
#4485 = PCURVE('',#444,#4486);
#4486 = DEFINITIONAL_REPRESENTATION('',(#4487),#4491);
#4487 = LINE('',#4488,#4489);
#4488 = CARTESIAN_POINT('',(0.,-2.));
#4489 = VECTOR('',#4490,1.);
#4490 = DIRECTION('',(1.,0.));
#4491 = ( GEOMETRIC_REPRESENTATION_CONTEXT(2) 
PARAMETRIC_REPRESENTATION_CONTEXT() REPRESENTATION_CONTEXT('2D SPACE',''
  ) );
#4492 = PCURVE('',#4406,#4493);
#4493 = DEFINITIONAL_REPRESENTATION('',(#4494),#4498);
#4494 = CIRCLE('',#4495,3.);
#4495 = AXIS2_PLACEMENT_2D('',#4496,#4497);
#4496 = CARTESIAN_POINT('',(-6.125,-1.33226762955E-15));
#4497 = DIRECTION('',(0.,1.));
#4498 = ( GEOMETRIC_REPRESENTATION_CONTEXT(2) 
PARAMETRIC_REPRESENTATION_CONTEXT() REPRESENTATION_CONTEXT('2D SPACE',''
  ) );
#4499 = ORIENTED_EDGE('',*,*,#4500,.T.);
#4500 = EDGE_CURVE('',#4477,#3704,#4501,.T.);
#4501 = SURFACE_CURVE('',#4502,(#4507,#4514),.PCURVE_S1.);
#4502 = CIRCLE('',#4503,3.);
#4503 = AXIS2_PLACEMENT_3D('',#4504,#4505,#4506);
#4504 = CARTESIAN_POINT('',(35.723547906108,-20.625,2.));
#4505 = DIRECTION('',(0.,0.,-1.));
#4506 = DIRECTION('',(0.5,0.866025403784,0.));
#4507 = PCURVE('',#444,#4508);
#4508 = DEFINITIONAL_REPRESENTATION('',(#4509),#4513);
#4509 = LINE('',#4510,#4511);
#4510 = CARTESIAN_POINT('',(0.,-2.));
#4511 = VECTOR('',#4512,1.);
#4512 = DIRECTION('',(1.,0.));
#4513 = ( GEOMETRIC_REPRESENTATION_CONTEXT(2) 
PARAMETRIC_REPRESENTATION_CONTEXT() REPRESENTATION_CONTEXT('2D SPACE',''
  ) );
#4514 = PCURVE('',#3235,#4515);
#4515 = DEFINITIONAL_REPRESENTATION('',(#4516),#4524);
#4516 = ( BOUNDED_CURVE() B_SPLINE_CURVE(2,(#4517,#4518,#4519,#4520,
#4521,#4522,#4523),.UNSPECIFIED.,.T.,.F.) B_SPLINE_CURVE_WITH_KNOTS((1,2
    ,2,2,2,1),(-2.094395102393,0.,2.094395102393,4.188790204786,
6.28318530718,8.377580409573),.UNSPECIFIED.) CURVE() 
GEOMETRIC_REPRESENTATION_ITEM() RATIONAL_B_SPLINE_CURVE((1.,0.5,1.,0.5,
1.,0.5,1.)) REPRESENTATION_ITEM('') );
#4517 = CARTESIAN_POINT('',(37.223547906108,-18.02692378864));
#4518 = CARTESIAN_POINT('',(41.723547906108,-20.625));
#4519 = CARTESIAN_POINT('',(37.223547906108,-23.22307621135));
#4520 = CARTESIAN_POINT('',(32.723547906108,-25.8211524227));
#4521 = CARTESIAN_POINT('',(32.723547906108,-20.625));
#4522 = CARTESIAN_POINT('',(32.723547906108,-15.42884757729));
#4523 = CARTESIAN_POINT('',(37.223547906108,-18.02692378864));
#4524 = ( GEOMETRIC_REPRESENTATION_CONTEXT(2) 
PARAMETRIC_REPRESENTATION_CONTEXT() REPRESENTATION_CONTEXT('2D SPACE',''
  ) );
#4525 = ORIENTED_EDGE('',*,*,#3703,.F.);
#4526 = ORIENTED_EDGE('',*,*,#423,.F.);
#4527 = ADVANCED_FACE('',(#4528),#507,.F.);
#4528 = FACE_BOUND('',#4529,.F.);
#4529 = EDGE_LOOP('',(#4530,#4553,#4582,#4615,#4644,#4672,#4696,#4724,
    #4748,#4769));
#4530 = ORIENTED_EDGE('',*,*,#4531,.T.);
#4531 = EDGE_CURVE('',#485,#4532,#4534,.T.);
#4532 = VERTEX_POINT('',#4533);
#4533 = CARTESIAN_POINT('',(-23.61473670974,17.098076211353,2.));
#4534 = SURFACE_CURVE('',#4535,(#4539,#4546),.PCURVE_S1.);
#4535 = LINE('',#4536,#4537);
#4536 = CARTESIAN_POINT('',(-23.61473670974,17.098076211353,0.));
#4537 = VECTOR('',#4538,1.);
#4538 = DIRECTION('',(0.,0.,1.));
#4539 = PCURVE('',#507,#4540);
#4540 = DEFINITIONAL_REPRESENTATION('',(#4541),#4545);
#4541 = LINE('',#4542,#4543);
#4542 = CARTESIAN_POINT('',(0.,0.));
#4543 = VECTOR('',#4544,1.);
#4544 = DIRECTION('',(0.,-1.));
#4545 = ( GEOMETRIC_REPRESENTATION_CONTEXT(2) 
PARAMETRIC_REPRESENTATION_CONTEXT() REPRESENTATION_CONTEXT('2D SPACE',''
  ) );
#4546 = PCURVE('',#594,#4547);
#4547 = DEFINITIONAL_REPRESENTATION('',(#4548),#4552);
#4548 = LINE('',#4549,#4550);
#4549 = CARTESIAN_POINT('',(12.25,0.));
#4550 = VECTOR('',#4551,1.);
#4551 = DIRECTION('',(0.,-1.));
#4552 = ( GEOMETRIC_REPRESENTATION_CONTEXT(2) 
PARAMETRIC_REPRESENTATION_CONTEXT() REPRESENTATION_CONTEXT('2D SPACE',''
  ) );
#4553 = ORIENTED_EDGE('',*,*,#4554,.T.);
#4554 = EDGE_CURVE('',#4532,#4555,#4557,.T.);
#4555 = VERTEX_POINT('',#4556);
#4556 = CARTESIAN_POINT('',(-23.31825394595,16.902633904571,2.));
#4557 = SURFACE_CURVE('',#4558,(#4563,#4570),.PCURVE_S1.);
#4558 = CIRCLE('',#4559,3.);
#4559 = AXIS2_PLACEMENT_3D('',#4560,#4561,#4562);
#4560 = CARTESIAN_POINT('',(-25.11473670974,14.5,2.));
#4561 = DIRECTION('',(0.,0.,-1.));
#4562 = DIRECTION('',(0.5,0.866025403784,0.));
#4563 = PCURVE('',#507,#4564);
#4564 = DEFINITIONAL_REPRESENTATION('',(#4565),#4569);
#4565 = LINE('',#4566,#4567);
#4566 = CARTESIAN_POINT('',(0.,-2.));
#4567 = VECTOR('',#4568,1.);
#4568 = DIRECTION('',(1.,0.));
#4569 = ( GEOMETRIC_REPRESENTATION_CONTEXT(2) 
PARAMETRIC_REPRESENTATION_CONTEXT() REPRESENTATION_CONTEXT('2D SPACE',''
  ) );
#4570 = PCURVE('',#4571,#4576);
#4571 = PLANE('',#4572);
#4572 = AXIS2_PLACEMENT_3D('',#4573,#4574,#4575);
#4573 = CARTESIAN_POINT('',(-30.41914230792,17.5625,2.));
#4574 = DIRECTION('',(0.,0.,-1.));
#4575 = DIRECTION('',(0.866025403784,-0.5,0.));
#4576 = DEFINITIONAL_REPRESENTATION('',(#4577),#4581);
#4577 = CIRCLE('',#4578,3.);
#4578 = AXIS2_PLACEMENT_2D('',#4579,#4580);
#4579 = CARTESIAN_POINT('',(6.125,-1.33226762955E-15));
#4580 = DIRECTION('',(0.,-1.));
#4581 = ( GEOMETRIC_REPRESENTATION_CONTEXT(2) 
PARAMETRIC_REPRESENTATION_CONTEXT() REPRESENTATION_CONTEXT('2D SPACE',''
  ) );
#4582 = ORIENTED_EDGE('',*,*,#4583,.T.);
#4583 = EDGE_CURVE('',#4555,#4584,#4586,.T.);
#4584 = VERTEX_POINT('',#4585);
#4585 = CARTESIAN_POINT('',(-22.40082932978,15.778556503623,2.));
#4586 = SURFACE_CURVE('',#4587,(#4592,#4599),.PCURVE_S1.);
#4587 = CIRCLE('',#4588,3.);
#4588 = AXIS2_PLACEMENT_3D('',#4589,#4590,#4591);
#4589 = CARTESIAN_POINT('',(-25.11473670974,14.5,2.));
#4590 = DIRECTION('',(0.,0.,-1.));
#4591 = DIRECTION('',(0.5,0.866025403784,0.));
#4592 = PCURVE('',#507,#4593);
#4593 = DEFINITIONAL_REPRESENTATION('',(#4594),#4598);
#4594 = LINE('',#4595,#4596);
#4595 = CARTESIAN_POINT('',(0.,-2.));
#4596 = VECTOR('',#4597,1.);
#4597 = DIRECTION('',(1.,0.));
#4598 = ( GEOMETRIC_REPRESENTATION_CONTEXT(2) 
PARAMETRIC_REPRESENTATION_CONTEXT() REPRESENTATION_CONTEXT('2D SPACE',''
  ) );
#4599 = PCURVE('',#4600,#4605);
#4600 = PLANE('',#4601);
#4601 = AXIS2_PLACEMENT_3D('',#4602,#4603,#4604);
#4602 = CARTESIAN_POINT('',(-2.808005405856E-15,3.707602883041E-15,2.));
#4603 = DIRECTION('',(0.,0.,1.));
#4604 = DIRECTION('',(1.,0.,-0.));
#4605 = DEFINITIONAL_REPRESENTATION('',(#4606),#4614);
#4606 = ( BOUNDED_CURVE() B_SPLINE_CURVE(2,(#4607,#4608,#4609,#4610,
#4611,#4612,#4613),.UNSPECIFIED.,.T.,.F.) B_SPLINE_CURVE_WITH_KNOTS((1,2
    ,2,2,2,1),(-2.094395102393,0.,2.094395102393,4.188790204786,
6.28318530718,8.377580409573),.UNSPECIFIED.) CURVE() 
GEOMETRIC_REPRESENTATION_ITEM() RATIONAL_B_SPLINE_CURVE((1.,0.5,1.,0.5,
1.,0.5,1.)) REPRESENTATION_ITEM('') );
#4607 = CARTESIAN_POINT('',(-23.61473670974,17.098076211353));
#4608 = CARTESIAN_POINT('',(-19.11473670974,14.5));
#4609 = CARTESIAN_POINT('',(-23.61473670974,11.901923788647));
#4610 = CARTESIAN_POINT('',(-28.11473670974,9.303847577293));
#4611 = CARTESIAN_POINT('',(-28.11473670974,14.5));
#4612 = CARTESIAN_POINT('',(-28.11473670974,19.696152422707));
#4613 = CARTESIAN_POINT('',(-23.61473670974,17.098076211353));
#4614 = ( GEOMETRIC_REPRESENTATION_CONTEXT(2) 
PARAMETRIC_REPRESENTATION_CONTEXT() REPRESENTATION_CONTEXT('2D SPACE',''
  ) );
#4615 = ORIENTED_EDGE('',*,*,#4616,.T.);
#4616 = EDGE_CURVE('',#4584,#4617,#4619,.T.);
#4617 = VERTEX_POINT('',#4618);
#4618 = CARTESIAN_POINT('',(-22.12639595639,14.764233877202,2.));
#4619 = SURFACE_CURVE('',#4620,(#4625,#4632),.PCURVE_S1.);
#4620 = CIRCLE('',#4621,3.);
#4621 = AXIS2_PLACEMENT_3D('',#4622,#4623,#4624);
#4622 = CARTESIAN_POINT('',(-25.11473670974,14.5,2.));
#4623 = DIRECTION('',(0.,0.,-1.));
#4624 = DIRECTION('',(0.5,0.866025403784,0.));
#4625 = PCURVE('',#507,#4626);
#4626 = DEFINITIONAL_REPRESENTATION('',(#4627),#4631);
#4627 = LINE('',#4628,#4629);
#4628 = CARTESIAN_POINT('',(0.,-2.));
#4629 = VECTOR('',#4630,1.);
#4630 = DIRECTION('',(1.,0.));
#4631 = ( GEOMETRIC_REPRESENTATION_CONTEXT(2) 
PARAMETRIC_REPRESENTATION_CONTEXT() REPRESENTATION_CONTEXT('2D SPACE',''
  ) );
#4632 = PCURVE('',#4633,#4638);
#4633 = PLANE('',#4634);
#4634 = AXIS2_PLACEMENT_3D('',#4635,#4636,#4637);
#4635 = CARTESIAN_POINT('',(-30.41914230792,17.5625,2.));
#4636 = DIRECTION('',(0.,0.,-1.));
#4637 = DIRECTION('',(0.866025403784,-0.5,0.));
#4638 = DEFINITIONAL_REPRESENTATION('',(#4639),#4643);
#4639 = CIRCLE('',#4640,3.);
#4640 = AXIS2_PLACEMENT_2D('',#4641,#4642);
#4641 = CARTESIAN_POINT('',(6.125,-1.33226762955E-15));
#4642 = DIRECTION('',(0.,-1.));
#4643 = ( GEOMETRIC_REPRESENTATION_CONTEXT(2) 
PARAMETRIC_REPRESENTATION_CONTEXT() REPRESENTATION_CONTEXT('2D SPACE',''
  ) );
#4644 = ORIENTED_EDGE('',*,*,#4645,.T.);
#4645 = EDGE_CURVE('',#4617,#4646,#4648,.T.);
#4646 = VERTEX_POINT('',#4647);
#4647 = CARTESIAN_POINT('',(-23.84939958327,11.779904053833,2.));
#4648 = SURFACE_CURVE('',#4649,(#4654,#4661),.PCURVE_S1.);
#4649 = CIRCLE('',#4650,3.);
#4650 = AXIS2_PLACEMENT_3D('',#4651,#4652,#4653);
#4651 = CARTESIAN_POINT('',(-25.11473670974,14.5,2.));
#4652 = DIRECTION('',(0.,0.,-1.));
#4653 = DIRECTION('',(0.5,0.866025403784,0.));
#4654 = PCURVE('',#507,#4655);
#4655 = DEFINITIONAL_REPRESENTATION('',(#4656),#4660);
#4656 = LINE('',#4657,#4658);
#4657 = CARTESIAN_POINT('',(0.,-2.));
#4658 = VECTOR('',#4659,1.);
#4659 = DIRECTION('',(1.,0.));
#4660 = ( GEOMETRIC_REPRESENTATION_CONTEXT(2) 
PARAMETRIC_REPRESENTATION_CONTEXT() REPRESENTATION_CONTEXT('2D SPACE',''
  ) );
#4661 = PCURVE('',#1461,#4662);
#4662 = DEFINITIONAL_REPRESENTATION('',(#4663),#4671);
#4663 = ( BOUNDED_CURVE() B_SPLINE_CURVE(2,(#4664,#4665,#4666,#4667,
#4668,#4669,#4670),.UNSPECIFIED.,.T.,.F.) B_SPLINE_CURVE_WITH_KNOTS((1,2
    ,2,2,2,1),(-2.094395102393,0.,2.094395102393,4.188790204786,
6.28318530718,8.377580409573),.UNSPECIFIED.) CURVE() 
GEOMETRIC_REPRESENTATION_ITEM() RATIONAL_B_SPLINE_CURVE((1.,0.5,1.,0.5,
1.,0.5,1.)) REPRESENTATION_ITEM('') );
#4664 = CARTESIAN_POINT('',(-23.61473670974,17.098076211353));
#4665 = CARTESIAN_POINT('',(-19.11473670974,14.5));
#4666 = CARTESIAN_POINT('',(-23.61473670974,11.901923788647));
#4667 = CARTESIAN_POINT('',(-28.11473670974,9.303847577293));
#4668 = CARTESIAN_POINT('',(-28.11473670974,14.5));
#4669 = CARTESIAN_POINT('',(-28.11473670974,19.696152422707));
#4670 = CARTESIAN_POINT('',(-23.61473670974,17.098076211353));
#4671 = ( GEOMETRIC_REPRESENTATION_CONTEXT(2) 
PARAMETRIC_REPRESENTATION_CONTEXT() REPRESENTATION_CONTEXT('2D SPACE',''
  ) );
#4672 = ORIENTED_EDGE('',*,*,#4673,.T.);
#4673 = EDGE_CURVE('',#4646,#4674,#4676,.T.);
#4674 = VERTEX_POINT('',#4675);
#4675 = CARTESIAN_POINT('',(-24.86504543207,11.510409013618,2.));
#4676 = SURFACE_CURVE('',#4677,(#4682,#4689),.PCURVE_S1.);
#4677 = CIRCLE('',#4678,3.);
#4678 = AXIS2_PLACEMENT_3D('',#4679,#4680,#4681);
#4679 = CARTESIAN_POINT('',(-25.11473670974,14.5,2.));
#4680 = DIRECTION('',(0.,0.,-1.));
#4681 = DIRECTION('',(0.5,0.866025403784,0.));
#4682 = PCURVE('',#507,#4683);
#4683 = DEFINITIONAL_REPRESENTATION('',(#4684),#4688);
#4684 = LINE('',#4685,#4686);
#4685 = CARTESIAN_POINT('',(0.,-2.));
#4686 = VECTOR('',#4687,1.);
#4687 = DIRECTION('',(1.,0.));
#4688 = ( GEOMETRIC_REPRESENTATION_CONTEXT(2) 
PARAMETRIC_REPRESENTATION_CONTEXT() REPRESENTATION_CONTEXT('2D SPACE',''
  ) );
#4689 = PCURVE('',#4633,#4690);
#4690 = DEFINITIONAL_REPRESENTATION('',(#4691),#4695);
#4691 = CIRCLE('',#4692,3.);
#4692 = AXIS2_PLACEMENT_2D('',#4693,#4694);
#4693 = CARTESIAN_POINT('',(6.125,-1.33226762955E-15));
#4694 = DIRECTION('',(0.,-1.));
#4695 = ( GEOMETRIC_REPRESENTATION_CONTEXT(2) 
PARAMETRIC_REPRESENTATION_CONTEXT() REPRESENTATION_CONTEXT('2D SPACE',''
  ) );
#4696 = ORIENTED_EDGE('',*,*,#4697,.T.);
#4697 = EDGE_CURVE('',#4674,#4698,#4700,.T.);
#4698 = VERTEX_POINT('',#4699);
#4699 = CARTESIAN_POINT('',(-26.2972373252,11.742883336809,2.));
#4700 = SURFACE_CURVE('',#4701,(#4706,#4713),.PCURVE_S1.);
#4701 = CIRCLE('',#4702,3.);
#4702 = AXIS2_PLACEMENT_3D('',#4703,#4704,#4705);
#4703 = CARTESIAN_POINT('',(-25.11473670974,14.5,2.));
#4704 = DIRECTION('',(0.,0.,-1.));
#4705 = DIRECTION('',(0.5,0.866025403784,0.));
#4706 = PCURVE('',#507,#4707);
#4707 = DEFINITIONAL_REPRESENTATION('',(#4708),#4712);
#4708 = LINE('',#4709,#4710);
#4709 = CARTESIAN_POINT('',(0.,-2.));
#4710 = VECTOR('',#4711,1.);
#4711 = DIRECTION('',(1.,0.));
#4712 = ( GEOMETRIC_REPRESENTATION_CONTEXT(2) 
PARAMETRIC_REPRESENTATION_CONTEXT() REPRESENTATION_CONTEXT('2D SPACE',''
  ) );
#4713 = PCURVE('',#1399,#4714);
#4714 = DEFINITIONAL_REPRESENTATION('',(#4715),#4723);
#4715 = ( BOUNDED_CURVE() B_SPLINE_CURVE(2,(#4716,#4717,#4718,#4719,
#4720,#4721,#4722),.UNSPECIFIED.,.T.,.F.) B_SPLINE_CURVE_WITH_KNOTS((1,2
    ,2,2,2,1),(-2.094395102393,0.,2.094395102393,4.188790204786,
6.28318530718,8.377580409573),.UNSPECIFIED.) CURVE() 
GEOMETRIC_REPRESENTATION_ITEM() RATIONAL_B_SPLINE_CURVE((1.,0.5,1.,0.5,
1.,0.5,1.)) REPRESENTATION_ITEM('') );
#4716 = CARTESIAN_POINT('',(-23.61473670974,17.098076211353));
#4717 = CARTESIAN_POINT('',(-19.11473670974,14.5));
#4718 = CARTESIAN_POINT('',(-23.61473670974,11.901923788647));
#4719 = CARTESIAN_POINT('',(-28.11473670974,9.303847577293));
#4720 = CARTESIAN_POINT('',(-28.11473670974,14.5));
#4721 = CARTESIAN_POINT('',(-28.11473670974,19.696152422707));
#4722 = CARTESIAN_POINT('',(-23.61473670974,17.098076211353));
#4723 = ( GEOMETRIC_REPRESENTATION_CONTEXT(2) 
PARAMETRIC_REPRESENTATION_CONTEXT() REPRESENTATION_CONTEXT('2D SPACE',''
  ) );
#4724 = ORIENTED_EDGE('',*,*,#4725,.T.);
#4725 = EDGE_CURVE('',#4698,#4726,#4728,.T.);
#4726 = VERTEX_POINT('',#4727);
#4727 = CARTESIAN_POINT('',(-26.61473670974,11.901923788647,2.));
#4728 = SURFACE_CURVE('',#4729,(#4734,#4741),.PCURVE_S1.);
#4729 = CIRCLE('',#4730,3.);
#4730 = AXIS2_PLACEMENT_3D('',#4731,#4732,#4733);
#4731 = CARTESIAN_POINT('',(-25.11473670974,14.5,2.));
#4732 = DIRECTION('',(0.,0.,-1.));
#4733 = DIRECTION('',(0.5,0.866025403784,0.));
#4734 = PCURVE('',#507,#4735);
#4735 = DEFINITIONAL_REPRESENTATION('',(#4736),#4740);
#4736 = LINE('',#4737,#4738);
#4737 = CARTESIAN_POINT('',(0.,-2.));
#4738 = VECTOR('',#4739,1.);
#4739 = DIRECTION('',(1.,0.));
#4740 = ( GEOMETRIC_REPRESENTATION_CONTEXT(2) 
PARAMETRIC_REPRESENTATION_CONTEXT() REPRESENTATION_CONTEXT('2D SPACE',''
  ) );
#4741 = PCURVE('',#4571,#4742);
#4742 = DEFINITIONAL_REPRESENTATION('',(#4743),#4747);
#4743 = CIRCLE('',#4744,3.);
#4744 = AXIS2_PLACEMENT_2D('',#4745,#4746);
#4745 = CARTESIAN_POINT('',(6.125,-1.33226762955E-15));
#4746 = DIRECTION('',(0.,-1.));
#4747 = ( GEOMETRIC_REPRESENTATION_CONTEXT(2) 
PARAMETRIC_REPRESENTATION_CONTEXT() REPRESENTATION_CONTEXT('2D SPACE',''
  ) );
#4748 = ORIENTED_EDGE('',*,*,#4749,.F.);
#4749 = EDGE_CURVE('',#487,#4726,#4750,.T.);
#4750 = SURFACE_CURVE('',#4751,(#4755,#4762),.PCURVE_S1.);
#4751 = LINE('',#4752,#4753);
#4752 = CARTESIAN_POINT('',(-26.61473670974,11.901923788647,0.));
#4753 = VECTOR('',#4754,1.);
#4754 = DIRECTION('',(0.,0.,1.));
#4755 = PCURVE('',#507,#4756);
#4756 = DEFINITIONAL_REPRESENTATION('',(#4757),#4761);
#4757 = LINE('',#4758,#4759);
#4758 = CARTESIAN_POINT('',(3.14159265359,0.));
#4759 = VECTOR('',#4760,1.);
#4760 = DIRECTION('',(0.,-1.));
#4761 = ( GEOMETRIC_REPRESENTATION_CONTEXT(2) 
PARAMETRIC_REPRESENTATION_CONTEXT() REPRESENTATION_CONTEXT('2D SPACE',''
  ) );
#4762 = PCURVE('',#535,#4763);
#4763 = DEFINITIONAL_REPRESENTATION('',(#4764),#4768);
#4764 = LINE('',#4765,#4766);
#4765 = CARTESIAN_POINT('',(0.,0.));
#4766 = VECTOR('',#4767,1.);
#4767 = DIRECTION('',(0.,-1.));
#4768 = ( GEOMETRIC_REPRESENTATION_CONTEXT(2) 
PARAMETRIC_REPRESENTATION_CONTEXT() REPRESENTATION_CONTEXT('2D SPACE',''
  ) );
#4769 = ORIENTED_EDGE('',*,*,#484,.F.);
#4770 = ADVANCED_FACE('',(#4771),#594,.F.);
#4771 = FACE_BOUND('',#4772,.F.);
#4772 = EDGE_LOOP('',(#4773,#4796,#4824,#4852,#4880,#4908,#4936,#4964,
    #4992,#5020,#5048,#5076,#5104,#5125,#5126));
#4773 = ORIENTED_EDGE('',*,*,#4774,.T.);
#4774 = EDGE_CURVE('',#548,#4775,#4777,.T.);
#4775 = VERTEX_POINT('',#4776);
#4776 = CARTESIAN_POINT('',(-34.2235479061,23.223076211353,2.));
#4777 = SURFACE_CURVE('',#4778,(#4782,#4789),.PCURVE_S1.);
#4778 = LINE('',#4779,#4780);
#4779 = CARTESIAN_POINT('',(-34.2235479061,23.223076211353,0.));
#4780 = VECTOR('',#4781,1.);
#4781 = DIRECTION('',(0.,0.,1.));
#4782 = PCURVE('',#594,#4783);
#4783 = DEFINITIONAL_REPRESENTATION('',(#4784),#4788);
#4784 = LINE('',#4785,#4786);
#4785 = CARTESIAN_POINT('',(0.,0.));
#4786 = VECTOR('',#4787,1.);
#4787 = DIRECTION('',(0.,-1.));
#4788 = ( GEOMETRIC_REPRESENTATION_CONTEXT(2) 
PARAMETRIC_REPRESENTATION_CONTEXT() REPRESENTATION_CONTEXT('2D SPACE',''
  ) );
#4789 = PCURVE('',#568,#4790);
#4790 = DEFINITIONAL_REPRESENTATION('',(#4791),#4795);
#4791 = LINE('',#4792,#4793);
#4792 = CARTESIAN_POINT('',(3.14159265359,0.));
#4793 = VECTOR('',#4794,1.);
#4794 = DIRECTION('',(0.,-1.));
#4795 = ( GEOMETRIC_REPRESENTATION_CONTEXT(2) 
PARAMETRIC_REPRESENTATION_CONTEXT() REPRESENTATION_CONTEXT('2D SPACE',''
  ) );
#4796 = ORIENTED_EDGE('',*,*,#4797,.T.);
#4797 = EDGE_CURVE('',#4775,#4798,#4800,.T.);
#4798 = VERTEX_POINT('',#4799);
#4799 = CARTESIAN_POINT('',(-33.56451197436,22.842581638752,2.));
#4800 = SURFACE_CURVE('',#4801,(#4805,#4812),.PCURVE_S1.);
#4801 = LINE('',#4802,#4803);
#4802 = CARTESIAN_POINT('',(-34.2235479061,23.223076211353,2.));
#4803 = VECTOR('',#4804,1.);
#4804 = DIRECTION('',(0.866025403784,-0.5,0.));
#4805 = PCURVE('',#594,#4806);
#4806 = DEFINITIONAL_REPRESENTATION('',(#4807),#4811);
#4807 = LINE('',#4808,#4809);
#4808 = CARTESIAN_POINT('',(0.,-2.));
#4809 = VECTOR('',#4810,1.);
#4810 = DIRECTION('',(1.,0.));
#4811 = ( GEOMETRIC_REPRESENTATION_CONTEXT(2) 
PARAMETRIC_REPRESENTATION_CONTEXT() REPRESENTATION_CONTEXT('2D SPACE',''
  ) );
#4812 = PCURVE('',#4813,#4818);
#4813 = PLANE('',#4814);
#4814 = AXIS2_PLACEMENT_3D('',#4815,#4816,#4817);
#4815 = CARTESIAN_POINT('',(-2.808005405856E-15,3.707602883041E-15,2.));
#4816 = DIRECTION('',(0.,0.,1.));
#4817 = DIRECTION('',(1.,0.,-0.));
#4818 = DEFINITIONAL_REPRESENTATION('',(#4819),#4823);
#4819 = LINE('',#4820,#4821);
#4820 = CARTESIAN_POINT('',(-34.2235479061,23.223076211353));
#4821 = VECTOR('',#4822,1.);
#4822 = DIRECTION('',(0.866025403784,-0.5));
#4823 = ( GEOMETRIC_REPRESENTATION_CONTEXT(2) 
PARAMETRIC_REPRESENTATION_CONTEXT() REPRESENTATION_CONTEXT('2D SPACE',''
  ) );
#4824 = ORIENTED_EDGE('',*,*,#4825,.T.);
#4825 = EDGE_CURVE('',#4798,#4826,#4828,.T.);
#4826 = VERTEX_POINT('',#4827);
#4827 = CARTESIAN_POINT('',(-32.86975414517,22.441463019053,2.));
#4828 = SURFACE_CURVE('',#4829,(#4833,#4840),.PCURVE_S1.);
#4829 = LINE('',#4830,#4831);
#4830 = CARTESIAN_POINT('',(-34.2235479061,23.223076211353,2.));
#4831 = VECTOR('',#4832,1.);
#4832 = DIRECTION('',(0.866025403784,-0.5,0.));
#4833 = PCURVE('',#594,#4834);
#4834 = DEFINITIONAL_REPRESENTATION('',(#4835),#4839);
#4835 = LINE('',#4836,#4837);
#4836 = CARTESIAN_POINT('',(0.,-2.));
#4837 = VECTOR('',#4838,1.);
#4838 = DIRECTION('',(1.,0.));
#4839 = ( GEOMETRIC_REPRESENTATION_CONTEXT(2) 
PARAMETRIC_REPRESENTATION_CONTEXT() REPRESENTATION_CONTEXT('2D SPACE',''
  ) );
#4840 = PCURVE('',#4841,#4846);
#4841 = PLANE('',#4842);
#4842 = AXIS2_PLACEMENT_3D('',#4843,#4844,#4845);
#4843 = CARTESIAN_POINT('',(-30.41914230792,17.5625,2.));
#4844 = DIRECTION('',(0.,0.,-1.));
#4845 = DIRECTION('',(0.866025403784,-0.5,0.));
#4846 = DEFINITIONAL_REPRESENTATION('',(#4847),#4851);
#4847 = LINE('',#4848,#4849);
#4848 = CARTESIAN_POINT('',(-6.125,-3.));
#4849 = VECTOR('',#4850,1.);
#4850 = DIRECTION('',(1.,0.));
#4851 = ( GEOMETRIC_REPRESENTATION_CONTEXT(2) 
PARAMETRIC_REPRESENTATION_CONTEXT() REPRESENTATION_CONTEXT('2D SPACE',''
  ) );
#4852 = ORIENTED_EDGE('',*,*,#4853,.T.);
#4853 = EDGE_CURVE('',#4826,#4854,#4856,.T.);
#4854 = VERTEX_POINT('',#4855);
#4855 = CARTESIAN_POINT('',(-31.6537328215,21.739392780493,2.));
#4856 = SURFACE_CURVE('',#4857,(#4861,#4868),.PCURVE_S1.);
#4857 = LINE('',#4858,#4859);
#4858 = CARTESIAN_POINT('',(-34.2235479061,23.223076211353,2.));
#4859 = VECTOR('',#4860,1.);
#4860 = DIRECTION('',(0.866025403784,-0.5,0.));
#4861 = PCURVE('',#594,#4862);
#4862 = DEFINITIONAL_REPRESENTATION('',(#4863),#4867);
#4863 = LINE('',#4864,#4865);
#4864 = CARTESIAN_POINT('',(0.,-2.));
#4865 = VECTOR('',#4866,1.);
#4866 = DIRECTION('',(1.,0.));
#4867 = ( GEOMETRIC_REPRESENTATION_CONTEXT(2) 
PARAMETRIC_REPRESENTATION_CONTEXT() REPRESENTATION_CONTEXT('2D SPACE',''
  ) );
#4868 = PCURVE('',#4869,#4874);
#4869 = PLANE('',#4870);
#4870 = AXIS2_PLACEMENT_3D('',#4871,#4872,#4873);
#4871 = CARTESIAN_POINT('',(-2.808005405856E-15,3.707602883041E-15,2.));
#4872 = DIRECTION('',(0.,0.,1.));
#4873 = DIRECTION('',(1.,0.,-0.));
#4874 = DEFINITIONAL_REPRESENTATION('',(#4875),#4879);
#4875 = LINE('',#4876,#4877);
#4876 = CARTESIAN_POINT('',(-34.2235479061,23.223076211353));
#4877 = VECTOR('',#4878,1.);
#4878 = DIRECTION('',(0.866025403784,-0.5));
#4879 = ( GEOMETRIC_REPRESENTATION_CONTEXT(2) 
PARAMETRIC_REPRESENTATION_CONTEXT() REPRESENTATION_CONTEXT('2D SPACE',''
  ) );
#4880 = ORIENTED_EDGE('',*,*,#4881,.T.);
#4881 = EDGE_CURVE('',#4854,#4882,#4884,.T.);
#4882 = VERTEX_POINT('',#4883);
#4883 = CARTESIAN_POINT('',(-30.95874304405,21.338140245394,2.));
#4884 = SURFACE_CURVE('',#4885,(#4889,#4896),.PCURVE_S1.);
#4885 = LINE('',#4886,#4887);
#4886 = CARTESIAN_POINT('',(-34.2235479061,23.223076211353,2.));
#4887 = VECTOR('',#4888,1.);
#4888 = DIRECTION('',(0.866025403784,-0.5,0.));
#4889 = PCURVE('',#594,#4890);
#4890 = DEFINITIONAL_REPRESENTATION('',(#4891),#4895);
#4891 = LINE('',#4892,#4893);
#4892 = CARTESIAN_POINT('',(0.,-2.));
#4893 = VECTOR('',#4894,1.);
#4894 = DIRECTION('',(1.,0.));
#4895 = ( GEOMETRIC_REPRESENTATION_CONTEXT(2) 
PARAMETRIC_REPRESENTATION_CONTEXT() REPRESENTATION_CONTEXT('2D SPACE',''
  ) );
#4896 = PCURVE('',#4897,#4902);
#4897 = PLANE('',#4898);
#4898 = AXIS2_PLACEMENT_3D('',#4899,#4900,#4901);
#4899 = CARTESIAN_POINT('',(-30.41914230792,17.5625,2.));
#4900 = DIRECTION('',(0.,0.,-1.));
#4901 = DIRECTION('',(0.866025403784,-0.5,0.));
#4902 = DEFINITIONAL_REPRESENTATION('',(#4903),#4907);
#4903 = LINE('',#4904,#4905);
#4904 = CARTESIAN_POINT('',(-6.125,-3.));
#4905 = VECTOR('',#4906,1.);
#4906 = DIRECTION('',(1.,0.));
#4907 = ( GEOMETRIC_REPRESENTATION_CONTEXT(2) 
PARAMETRIC_REPRESENTATION_CONTEXT() REPRESENTATION_CONTEXT('2D SPACE',''
  ) );
#4908 = ORIENTED_EDGE('',*,*,#4909,.T.);
#4909 = EDGE_CURVE('',#4882,#4910,#4912,.T.);
#4910 = VERTEX_POINT('',#4911);
#4911 = CARTESIAN_POINT('',(-29.74227904619,20.635814428768,2.));
#4912 = SURFACE_CURVE('',#4913,(#4917,#4924),.PCURVE_S1.);
#4913 = LINE('',#4914,#4915);
#4914 = CARTESIAN_POINT('',(-34.2235479061,23.223076211353,2.));
#4915 = VECTOR('',#4916,1.);
#4916 = DIRECTION('',(0.866025403784,-0.5,0.));
#4917 = PCURVE('',#594,#4918);
#4918 = DEFINITIONAL_REPRESENTATION('',(#4919),#4923);
#4919 = LINE('',#4920,#4921);
#4920 = CARTESIAN_POINT('',(0.,-2.));
#4921 = VECTOR('',#4922,1.);
#4922 = DIRECTION('',(1.,0.));
#4923 = ( GEOMETRIC_REPRESENTATION_CONTEXT(2) 
PARAMETRIC_REPRESENTATION_CONTEXT() REPRESENTATION_CONTEXT('2D SPACE',''
  ) );
#4924 = PCURVE('',#4925,#4930);
#4925 = PLANE('',#4926);
#4926 = AXIS2_PLACEMENT_3D('',#4927,#4928,#4929);
#4927 = CARTESIAN_POINT('',(-2.808005405856E-15,3.707602883041E-15,2.));
#4928 = DIRECTION('',(0.,0.,1.));
#4929 = DIRECTION('',(1.,0.,-0.));
#4930 = DEFINITIONAL_REPRESENTATION('',(#4931),#4935);
#4931 = LINE('',#4932,#4933);
#4932 = CARTESIAN_POINT('',(-34.2235479061,23.223076211353));
#4933 = VECTOR('',#4934,1.);
#4934 = DIRECTION('',(0.866025403784,-0.5));
#4935 = ( GEOMETRIC_REPRESENTATION_CONTEXT(2) 
PARAMETRIC_REPRESENTATION_CONTEXT() REPRESENTATION_CONTEXT('2D SPACE',''
  ) );
#4936 = ORIENTED_EDGE('',*,*,#4937,.T.);
#4937 = EDGE_CURVE('',#4910,#4938,#4940,.T.);
#4938 = VERTEX_POINT('',#4939);
#4939 = CARTESIAN_POINT('',(-29.04701294725,20.234402359393,2.));
#4940 = SURFACE_CURVE('',#4941,(#4945,#4952),.PCURVE_S1.);
#4941 = LINE('',#4942,#4943);
#4942 = CARTESIAN_POINT('',(-34.2235479061,23.223076211353,2.));
#4943 = VECTOR('',#4944,1.);
#4944 = DIRECTION('',(0.866025403784,-0.5,0.));
#4945 = PCURVE('',#594,#4946);
#4946 = DEFINITIONAL_REPRESENTATION('',(#4947),#4951);
#4947 = LINE('',#4948,#4949);
#4948 = CARTESIAN_POINT('',(0.,-2.));
#4949 = VECTOR('',#4950,1.);
#4950 = DIRECTION('',(1.,0.));
#4951 = ( GEOMETRIC_REPRESENTATION_CONTEXT(2) 
PARAMETRIC_REPRESENTATION_CONTEXT() REPRESENTATION_CONTEXT('2D SPACE',''
  ) );
#4952 = PCURVE('',#4953,#4958);
#4953 = PLANE('',#4954);
#4954 = AXIS2_PLACEMENT_3D('',#4955,#4956,#4957);
#4955 = CARTESIAN_POINT('',(-30.41914230792,17.5625,2.));
#4956 = DIRECTION('',(0.,0.,-1.));
#4957 = DIRECTION('',(0.866025403784,-0.5,0.));
#4958 = DEFINITIONAL_REPRESENTATION('',(#4959),#4963);
#4959 = LINE('',#4960,#4961);
#4960 = CARTESIAN_POINT('',(-6.125,-3.));
#4961 = VECTOR('',#4962,1.);
#4962 = DIRECTION('',(1.,0.));
#4963 = ( GEOMETRIC_REPRESENTATION_CONTEXT(2) 
PARAMETRIC_REPRESENTATION_CONTEXT() REPRESENTATION_CONTEXT('2D SPACE',''
  ) );
#4964 = ORIENTED_EDGE('',*,*,#4965,.T.);
#4965 = EDGE_CURVE('',#4938,#4966,#4968,.T.);
#4966 = VERTEX_POINT('',#4967);
#4967 = CARTESIAN_POINT('',(-27.83001875212,19.531770433229,2.));
#4968 = SURFACE_CURVE('',#4969,(#4973,#4980),.PCURVE_S1.);
#4969 = LINE('',#4970,#4971);
#4970 = CARTESIAN_POINT('',(-34.2235479061,23.223076211353,2.));
#4971 = VECTOR('',#4972,1.);
#4972 = DIRECTION('',(0.866025403784,-0.5,0.));
#4973 = PCURVE('',#594,#4974);
#4974 = DEFINITIONAL_REPRESENTATION('',(#4975),#4979);
#4975 = LINE('',#4976,#4977);
#4976 = CARTESIAN_POINT('',(0.,-2.));
#4977 = VECTOR('',#4978,1.);
#4978 = DIRECTION('',(1.,0.));
#4979 = ( GEOMETRIC_REPRESENTATION_CONTEXT(2) 
PARAMETRIC_REPRESENTATION_CONTEXT() REPRESENTATION_CONTEXT('2D SPACE',''
  ) );
#4980 = PCURVE('',#4981,#4986);
#4981 = PLANE('',#4982);
#4982 = AXIS2_PLACEMENT_3D('',#4983,#4984,#4985);
#4983 = CARTESIAN_POINT('',(-2.808005405856E-15,3.707602883041E-15,2.));
#4984 = DIRECTION('',(0.,0.,1.));
#4985 = DIRECTION('',(1.,0.,-0.));
#4986 = DEFINITIONAL_REPRESENTATION('',(#4987),#4991);
#4987 = LINE('',#4988,#4989);
#4988 = CARTESIAN_POINT('',(-34.2235479061,23.223076211353));
#4989 = VECTOR('',#4990,1.);
#4990 = DIRECTION('',(0.866025403784,-0.5));
#4991 = ( GEOMETRIC_REPRESENTATION_CONTEXT(2) 
PARAMETRIC_REPRESENTATION_CONTEXT() REPRESENTATION_CONTEXT('2D SPACE',''
  ) );
#4992 = ORIENTED_EDGE('',*,*,#4993,.T.);
#4993 = EDGE_CURVE('',#4966,#4994,#4996,.T.);
#4994 = VERTEX_POINT('',#4995);
#4995 = CARTESIAN_POINT('',(-27.13441984745,19.130166218366,2.));
#4996 = SURFACE_CURVE('',#4997,(#5001,#5008),.PCURVE_S1.);
#4997 = LINE('',#4998,#4999);
#4998 = CARTESIAN_POINT('',(-34.2235479061,23.223076211353,2.));
#4999 = VECTOR('',#5000,1.);
#5000 = DIRECTION('',(0.866025403784,-0.5,0.));
#5001 = PCURVE('',#594,#5002);
#5002 = DEFINITIONAL_REPRESENTATION('',(#5003),#5007);
#5003 = LINE('',#5004,#5005);
#5004 = CARTESIAN_POINT('',(0.,-2.));
#5005 = VECTOR('',#5006,1.);
#5006 = DIRECTION('',(1.,0.));
#5007 = ( GEOMETRIC_REPRESENTATION_CONTEXT(2) 
PARAMETRIC_REPRESENTATION_CONTEXT() REPRESENTATION_CONTEXT('2D SPACE',''
  ) );
#5008 = PCURVE('',#5009,#5014);
#5009 = PLANE('',#5010);
#5010 = AXIS2_PLACEMENT_3D('',#5011,#5012,#5013);
#5011 = CARTESIAN_POINT('',(-30.41914230792,17.5625,2.));
#5012 = DIRECTION('',(0.,0.,-1.));
#5013 = DIRECTION('',(0.866025403784,-0.5,0.));
#5014 = DEFINITIONAL_REPRESENTATION('',(#5015),#5019);
#5015 = LINE('',#5016,#5017);
#5016 = CARTESIAN_POINT('',(-6.125,-3.));
#5017 = VECTOR('',#5018,1.);
#5018 = DIRECTION('',(1.,0.));
#5019 = ( GEOMETRIC_REPRESENTATION_CONTEXT(2) 
PARAMETRIC_REPRESENTATION_CONTEXT() REPRESENTATION_CONTEXT('2D SPACE',''
  ) );
#5020 = ORIENTED_EDGE('',*,*,#5021,.T.);
#5021 = EDGE_CURVE('',#4994,#5022,#5024,.T.);
#5022 = VERTEX_POINT('',#5023);
#5023 = CARTESIAN_POINT('',(-25.91678318111,18.427163361281,2.));
#5024 = SURFACE_CURVE('',#5025,(#5029,#5036),.PCURVE_S1.);
#5025 = LINE('',#5026,#5027);
#5026 = CARTESIAN_POINT('',(-34.2235479061,23.223076211353,2.));
#5027 = VECTOR('',#5028,1.);
#5028 = DIRECTION('',(0.866025403784,-0.5,0.));
#5029 = PCURVE('',#594,#5030);
#5030 = DEFINITIONAL_REPRESENTATION('',(#5031),#5035);
#5031 = LINE('',#5032,#5033);
#5032 = CARTESIAN_POINT('',(0.,-2.));
#5033 = VECTOR('',#5034,1.);
#5034 = DIRECTION('',(1.,0.));
#5035 = ( GEOMETRIC_REPRESENTATION_CONTEXT(2) 
PARAMETRIC_REPRESENTATION_CONTEXT() REPRESENTATION_CONTEXT('2D SPACE',''
  ) );
#5036 = PCURVE('',#5037,#5042);
#5037 = PLANE('',#5038);
#5038 = AXIS2_PLACEMENT_3D('',#5039,#5040,#5041);
#5039 = CARTESIAN_POINT('',(-2.808005405856E-15,3.707602883041E-15,2.));
#5040 = DIRECTION('',(0.,0.,1.));
#5041 = DIRECTION('',(1.,0.,-0.));
#5042 = DEFINITIONAL_REPRESENTATION('',(#5043),#5047);
#5043 = LINE('',#5044,#5045);
#5044 = CARTESIAN_POINT('',(-34.2235479061,23.223076211353));
#5045 = VECTOR('',#5046,1.);
#5046 = DIRECTION('',(0.866025403784,-0.5));
#5047 = ( GEOMETRIC_REPRESENTATION_CONTEXT(2) 
PARAMETRIC_REPRESENTATION_CONTEXT() REPRESENTATION_CONTEXT('2D SPACE',''
  ) );
#5048 = ORIENTED_EDGE('',*,*,#5049,.T.);
#5049 = EDGE_CURVE('',#5022,#5050,#5052,.T.);
#5050 = VERTEX_POINT('',#5051);
#5051 = CARTESIAN_POINT('',(-25.22077843177,18.025324831895,2.));
#5052 = SURFACE_CURVE('',#5053,(#5057,#5064),.PCURVE_S1.);
#5053 = LINE('',#5054,#5055);
#5054 = CARTESIAN_POINT('',(-34.2235479061,23.223076211353,2.));
#5055 = VECTOR('',#5056,1.);
#5056 = DIRECTION('',(0.866025403784,-0.5,0.));
#5057 = PCURVE('',#594,#5058);
#5058 = DEFINITIONAL_REPRESENTATION('',(#5059),#5063);
#5059 = LINE('',#5060,#5061);
#5060 = CARTESIAN_POINT('',(0.,-2.));
#5061 = VECTOR('',#5062,1.);
#5062 = DIRECTION('',(1.,0.));
#5063 = ( GEOMETRIC_REPRESENTATION_CONTEXT(2) 
PARAMETRIC_REPRESENTATION_CONTEXT() REPRESENTATION_CONTEXT('2D SPACE',''
  ) );
#5064 = PCURVE('',#5065,#5070);
#5065 = PLANE('',#5066);
#5066 = AXIS2_PLACEMENT_3D('',#5067,#5068,#5069);
#5067 = CARTESIAN_POINT('',(-30.41914230792,17.5625,2.));
#5068 = DIRECTION('',(0.,0.,-1.));
#5069 = DIRECTION('',(0.866025403784,-0.5,0.));
#5070 = DEFINITIONAL_REPRESENTATION('',(#5071),#5075);
#5071 = LINE('',#5072,#5073);
#5072 = CARTESIAN_POINT('',(-6.125,-3.));
#5073 = VECTOR('',#5074,1.);
#5074 = DIRECTION('',(1.,0.));
#5075 = ( GEOMETRIC_REPRESENTATION_CONTEXT(2) 
PARAMETRIC_REPRESENTATION_CONTEXT() REPRESENTATION_CONTEXT('2D SPACE',''
  ) );
#5076 = ORIENTED_EDGE('',*,*,#5077,.T.);
#5077 = EDGE_CURVE('',#5050,#5078,#5080,.T.);
#5078 = VERTEX_POINT('',#5079);
#5079 = CARTESIAN_POINT('',(-24.00235283263,17.321866484241,2.));
#5080 = SURFACE_CURVE('',#5081,(#5085,#5092),.PCURVE_S1.);
#5081 = LINE('',#5082,#5083);
#5082 = CARTESIAN_POINT('',(-34.2235479061,23.223076211353,2.));
#5083 = VECTOR('',#5084,1.);
#5084 = DIRECTION('',(0.866025403784,-0.5,0.));
#5085 = PCURVE('',#594,#5086);
#5086 = DEFINITIONAL_REPRESENTATION('',(#5087),#5091);
#5087 = LINE('',#5088,#5089);
#5088 = CARTESIAN_POINT('',(0.,-2.));
#5089 = VECTOR('',#5090,1.);
#5090 = DIRECTION('',(1.,0.));
#5091 = ( GEOMETRIC_REPRESENTATION_CONTEXT(2) 
PARAMETRIC_REPRESENTATION_CONTEXT() REPRESENTATION_CONTEXT('2D SPACE',''
  ) );
#5092 = PCURVE('',#5093,#5098);
#5093 = PLANE('',#5094);
#5094 = AXIS2_PLACEMENT_3D('',#5095,#5096,#5097);
#5095 = CARTESIAN_POINT('',(-2.808005405856E-15,3.707602883041E-15,2.));
#5096 = DIRECTION('',(0.,0.,1.));
#5097 = DIRECTION('',(1.,0.,-0.));
#5098 = DEFINITIONAL_REPRESENTATION('',(#5099),#5103);
#5099 = LINE('',#5100,#5101);
#5100 = CARTESIAN_POINT('',(-34.2235479061,23.223076211353));
#5101 = VECTOR('',#5102,1.);
#5102 = DIRECTION('',(0.866025403784,-0.5));
#5103 = ( GEOMETRIC_REPRESENTATION_CONTEXT(2) 
PARAMETRIC_REPRESENTATION_CONTEXT() REPRESENTATION_CONTEXT('2D SPACE',''
  ) );
#5104 = ORIENTED_EDGE('',*,*,#5105,.T.);
#5105 = EDGE_CURVE('',#5078,#4532,#5106,.T.);
#5106 = SURFACE_CURVE('',#5107,(#5111,#5118),.PCURVE_S1.);
#5107 = LINE('',#5108,#5109);
#5108 = CARTESIAN_POINT('',(-34.2235479061,23.223076211353,2.));
#5109 = VECTOR('',#5110,1.);
#5110 = DIRECTION('',(0.866025403784,-0.5,0.));
#5111 = PCURVE('',#594,#5112);
#5112 = DEFINITIONAL_REPRESENTATION('',(#5113),#5117);
#5113 = LINE('',#5114,#5115);
#5114 = CARTESIAN_POINT('',(0.,-2.));
#5115 = VECTOR('',#5116,1.);
#5116 = DIRECTION('',(1.,0.));
#5117 = ( GEOMETRIC_REPRESENTATION_CONTEXT(2) 
PARAMETRIC_REPRESENTATION_CONTEXT() REPRESENTATION_CONTEXT('2D SPACE',''
  ) );
#5118 = PCURVE('',#4571,#5119);
#5119 = DEFINITIONAL_REPRESENTATION('',(#5120),#5124);
#5120 = LINE('',#5121,#5122);
#5121 = CARTESIAN_POINT('',(-6.125,-3.));
#5122 = VECTOR('',#5123,1.);
#5123 = DIRECTION('',(1.,0.));
#5124 = ( GEOMETRIC_REPRESENTATION_CONTEXT(2) 
PARAMETRIC_REPRESENTATION_CONTEXT() REPRESENTATION_CONTEXT('2D SPACE',''
  ) );
#5125 = ORIENTED_EDGE('',*,*,#4531,.F.);
#5126 = ORIENTED_EDGE('',*,*,#580,.F.);
#5127 = ADVANCED_FACE('',(#5128),#535,.F.);
#5128 = FACE_BOUND('',#5129,.F.);
#5129 = EDGE_LOOP('',(#5130,#5131,#5154,#5177,#5200,#5223,#5246,#5269,
    #5292,#5315,#5338,#5361,#5384,#5407,#5428));
#5130 = ORIENTED_EDGE('',*,*,#4749,.T.);
#5131 = ORIENTED_EDGE('',*,*,#5132,.T.);
#5132 = EDGE_CURVE('',#4726,#5133,#5135,.T.);
#5133 = VERTEX_POINT('',#5134);
#5134 = CARTESIAN_POINT('',(-27.00235283263,12.125714061535,2.));
#5135 = SURFACE_CURVE('',#5136,(#5140,#5147),.PCURVE_S1.);
#5136 = LINE('',#5137,#5138);
#5137 = CARTESIAN_POINT('',(-26.61473670974,11.901923788647,2.));
#5138 = VECTOR('',#5139,1.);
#5139 = DIRECTION('',(-0.866025403784,0.5,0.));
#5140 = PCURVE('',#535,#5141);
#5141 = DEFINITIONAL_REPRESENTATION('',(#5142),#5146);
#5142 = LINE('',#5143,#5144);
#5143 = CARTESIAN_POINT('',(0.,-2.));
#5144 = VECTOR('',#5145,1.);
#5145 = DIRECTION('',(1.,0.));
#5146 = ( GEOMETRIC_REPRESENTATION_CONTEXT(2) 
PARAMETRIC_REPRESENTATION_CONTEXT() REPRESENTATION_CONTEXT('2D SPACE',''
  ) );
#5147 = PCURVE('',#4571,#5148);
#5148 = DEFINITIONAL_REPRESENTATION('',(#5149),#5153);
#5149 = LINE('',#5150,#5151);
#5150 = CARTESIAN_POINT('',(6.125,3.));
#5151 = VECTOR('',#5152,1.);
#5152 = DIRECTION('',(-1.,0.));
#5153 = ( GEOMETRIC_REPRESENTATION_CONTEXT(2) 
PARAMETRIC_REPRESENTATION_CONTEXT() REPRESENTATION_CONTEXT('2D SPACE',''
  ) );
#5154 = ORIENTED_EDGE('',*,*,#5155,.T.);
#5155 = EDGE_CURVE('',#5133,#5156,#5158,.T.);
#5156 = VERTEX_POINT('',#5157);
#5157 = CARTESIAN_POINT('',(-28.22077843177,12.829172409189,2.));
#5158 = SURFACE_CURVE('',#5159,(#5163,#5170),.PCURVE_S1.);
#5159 = LINE('',#5160,#5161);
#5160 = CARTESIAN_POINT('',(-26.61473670974,11.901923788647,2.));
#5161 = VECTOR('',#5162,1.);
#5162 = DIRECTION('',(-0.866025403784,0.5,0.));
#5163 = PCURVE('',#535,#5164);
#5164 = DEFINITIONAL_REPRESENTATION('',(#5165),#5169);
#5165 = LINE('',#5166,#5167);
#5166 = CARTESIAN_POINT('',(0.,-2.));
#5167 = VECTOR('',#5168,1.);
#5168 = DIRECTION('',(1.,0.));
#5169 = ( GEOMETRIC_REPRESENTATION_CONTEXT(2) 
PARAMETRIC_REPRESENTATION_CONTEXT() REPRESENTATION_CONTEXT('2D SPACE',''
  ) );
#5170 = PCURVE('',#1902,#5171);
#5171 = DEFINITIONAL_REPRESENTATION('',(#5172),#5176);
#5172 = LINE('',#5173,#5174);
#5173 = CARTESIAN_POINT('',(-26.61473670974,11.901923788647));
#5174 = VECTOR('',#5175,1.);
#5175 = DIRECTION('',(-0.866025403784,0.5));
#5176 = ( GEOMETRIC_REPRESENTATION_CONTEXT(2) 
PARAMETRIC_REPRESENTATION_CONTEXT() REPRESENTATION_CONTEXT('2D SPACE',''
  ) );
#5177 = ORIENTED_EDGE('',*,*,#5178,.T.);
#5178 = EDGE_CURVE('',#5156,#5179,#5181,.T.);
#5179 = VERTEX_POINT('',#5180);
#5180 = CARTESIAN_POINT('',(-28.91678318111,13.231010938574,2.));
#5181 = SURFACE_CURVE('',#5182,(#5186,#5193),.PCURVE_S1.);
#5182 = LINE('',#5183,#5184);
#5183 = CARTESIAN_POINT('',(-26.61473670974,11.901923788647,2.));
#5184 = VECTOR('',#5185,1.);
#5185 = DIRECTION('',(-0.866025403784,0.5,0.));
#5186 = PCURVE('',#535,#5187);
#5187 = DEFINITIONAL_REPRESENTATION('',(#5188),#5192);
#5188 = LINE('',#5189,#5190);
#5189 = CARTESIAN_POINT('',(0.,-2.));
#5190 = VECTOR('',#5191,1.);
#5191 = DIRECTION('',(1.,0.));
#5192 = ( GEOMETRIC_REPRESENTATION_CONTEXT(2) 
PARAMETRIC_REPRESENTATION_CONTEXT() REPRESENTATION_CONTEXT('2D SPACE',''
  ) );
#5193 = PCURVE('',#5065,#5194);
#5194 = DEFINITIONAL_REPRESENTATION('',(#5195),#5199);
#5195 = LINE('',#5196,#5197);
#5196 = CARTESIAN_POINT('',(6.125,3.));
#5197 = VECTOR('',#5198,1.);
#5198 = DIRECTION('',(-1.,0.));
#5199 = ( GEOMETRIC_REPRESENTATION_CONTEXT(2) 
PARAMETRIC_REPRESENTATION_CONTEXT() REPRESENTATION_CONTEXT('2D SPACE',''
  ) );
#5200 = ORIENTED_EDGE('',*,*,#5201,.T.);
#5201 = EDGE_CURVE('',#5179,#5202,#5204,.T.);
#5202 = VERTEX_POINT('',#5203);
#5203 = CARTESIAN_POINT('',(-30.13441984744,13.93401379566,2.));
#5204 = SURFACE_CURVE('',#5205,(#5209,#5216),.PCURVE_S1.);
#5205 = LINE('',#5206,#5207);
#5206 = CARTESIAN_POINT('',(-26.61473670974,11.901923788647,2.));
#5207 = VECTOR('',#5208,1.);
#5208 = DIRECTION('',(-0.866025403784,0.5,0.));
#5209 = PCURVE('',#535,#5210);
#5210 = DEFINITIONAL_REPRESENTATION('',(#5211),#5215);
#5211 = LINE('',#5212,#5213);
#5212 = CARTESIAN_POINT('',(0.,-2.));
#5213 = VECTOR('',#5214,1.);
#5214 = DIRECTION('',(1.,0.));
#5215 = ( GEOMETRIC_REPRESENTATION_CONTEXT(2) 
PARAMETRIC_REPRESENTATION_CONTEXT() REPRESENTATION_CONTEXT('2D SPACE',''
  ) );
#5216 = PCURVE('',#1846,#5217);
#5217 = DEFINITIONAL_REPRESENTATION('',(#5218),#5222);
#5218 = LINE('',#5219,#5220);
#5219 = CARTESIAN_POINT('',(-26.61473670974,11.901923788647));
#5220 = VECTOR('',#5221,1.);
#5221 = DIRECTION('',(-0.866025403784,0.5));
#5222 = ( GEOMETRIC_REPRESENTATION_CONTEXT(2) 
PARAMETRIC_REPRESENTATION_CONTEXT() REPRESENTATION_CONTEXT('2D SPACE',''
  ) );
#5223 = ORIENTED_EDGE('',*,*,#5224,.T.);
#5224 = EDGE_CURVE('',#5202,#5225,#5227,.T.);
#5225 = VERTEX_POINT('',#5226);
#5226 = CARTESIAN_POINT('',(-30.83001875212,14.335618010523,2.));
#5227 = SURFACE_CURVE('',#5228,(#5232,#5239),.PCURVE_S1.);
#5228 = LINE('',#5229,#5230);
#5229 = CARTESIAN_POINT('',(-26.61473670974,11.901923788647,2.));
#5230 = VECTOR('',#5231,1.);
#5231 = DIRECTION('',(-0.866025403784,0.5,0.));
#5232 = PCURVE('',#535,#5233);
#5233 = DEFINITIONAL_REPRESENTATION('',(#5234),#5238);
#5234 = LINE('',#5235,#5236);
#5235 = CARTESIAN_POINT('',(0.,-2.));
#5236 = VECTOR('',#5237,1.);
#5237 = DIRECTION('',(1.,0.));
#5238 = ( GEOMETRIC_REPRESENTATION_CONTEXT(2) 
PARAMETRIC_REPRESENTATION_CONTEXT() REPRESENTATION_CONTEXT('2D SPACE',''
  ) );
#5239 = PCURVE('',#5009,#5240);
#5240 = DEFINITIONAL_REPRESENTATION('',(#5241),#5245);
#5241 = LINE('',#5242,#5243);
#5242 = CARTESIAN_POINT('',(6.125,3.));
#5243 = VECTOR('',#5244,1.);
#5244 = DIRECTION('',(-1.,0.));
#5245 = ( GEOMETRIC_REPRESENTATION_CONTEXT(2) 
PARAMETRIC_REPRESENTATION_CONTEXT() REPRESENTATION_CONTEXT('2D SPACE',''
  ) );
#5246 = ORIENTED_EDGE('',*,*,#5247,.T.);
#5247 = EDGE_CURVE('',#5225,#5248,#5250,.T.);
#5248 = VERTEX_POINT('',#5249);
#5249 = CARTESIAN_POINT('',(-32.04701294725,15.038249936685,2.));
#5250 = SURFACE_CURVE('',#5251,(#5255,#5262),.PCURVE_S1.);
#5251 = LINE('',#5252,#5253);
#5252 = CARTESIAN_POINT('',(-26.61473670974,11.901923788647,2.));
#5253 = VECTOR('',#5254,1.);
#5254 = DIRECTION('',(-0.866025403784,0.5,0.));
#5255 = PCURVE('',#535,#5256);
#5256 = DEFINITIONAL_REPRESENTATION('',(#5257),#5261);
#5257 = LINE('',#5258,#5259);
#5258 = CARTESIAN_POINT('',(0.,-2.));
#5259 = VECTOR('',#5260,1.);
#5260 = DIRECTION('',(1.,0.));
#5261 = ( GEOMETRIC_REPRESENTATION_CONTEXT(2) 
PARAMETRIC_REPRESENTATION_CONTEXT() REPRESENTATION_CONTEXT('2D SPACE',''
  ) );
#5262 = PCURVE('',#1790,#5263);
#5263 = DEFINITIONAL_REPRESENTATION('',(#5264),#5268);
#5264 = LINE('',#5265,#5266);
#5265 = CARTESIAN_POINT('',(-26.61473670974,11.901923788647));
#5266 = VECTOR('',#5267,1.);
#5267 = DIRECTION('',(-0.866025403784,0.5));
#5268 = ( GEOMETRIC_REPRESENTATION_CONTEXT(2) 
PARAMETRIC_REPRESENTATION_CONTEXT() REPRESENTATION_CONTEXT('2D SPACE',''
  ) );
#5269 = ORIENTED_EDGE('',*,*,#5270,.T.);
#5270 = EDGE_CURVE('',#5248,#5271,#5273,.T.);
#5271 = VERTEX_POINT('',#5272);
#5272 = CARTESIAN_POINT('',(-32.74227904619,15.439662006062,2.));
#5273 = SURFACE_CURVE('',#5274,(#5278,#5285),.PCURVE_S1.);
#5274 = LINE('',#5275,#5276);
#5275 = CARTESIAN_POINT('',(-26.61473670974,11.901923788647,2.));
#5276 = VECTOR('',#5277,1.);
#5277 = DIRECTION('',(-0.866025403784,0.5,0.));
#5278 = PCURVE('',#535,#5279);
#5279 = DEFINITIONAL_REPRESENTATION('',(#5280),#5284);
#5280 = LINE('',#5281,#5282);
#5281 = CARTESIAN_POINT('',(0.,-2.));
#5282 = VECTOR('',#5283,1.);
#5283 = DIRECTION('',(1.,0.));
#5284 = ( GEOMETRIC_REPRESENTATION_CONTEXT(2) 
PARAMETRIC_REPRESENTATION_CONTEXT() REPRESENTATION_CONTEXT('2D SPACE',''
  ) );
#5285 = PCURVE('',#4953,#5286);
#5286 = DEFINITIONAL_REPRESENTATION('',(#5287),#5291);
#5287 = LINE('',#5288,#5289);
#5288 = CARTESIAN_POINT('',(6.125,3.));
#5289 = VECTOR('',#5290,1.);
#5290 = DIRECTION('',(-1.,0.));
#5291 = ( GEOMETRIC_REPRESENTATION_CONTEXT(2) 
PARAMETRIC_REPRESENTATION_CONTEXT() REPRESENTATION_CONTEXT('2D SPACE',''
  ) );
#5292 = ORIENTED_EDGE('',*,*,#5293,.T.);
#5293 = EDGE_CURVE('',#5271,#5294,#5296,.T.);
#5294 = VERTEX_POINT('',#5295);
#5295 = CARTESIAN_POINT('',(-33.95874304405,16.141987822689,2.));
#5296 = SURFACE_CURVE('',#5297,(#5301,#5308),.PCURVE_S1.);
#5297 = LINE('',#5298,#5299);
#5298 = CARTESIAN_POINT('',(-26.61473670974,11.901923788647,2.));
#5299 = VECTOR('',#5300,1.);
#5300 = DIRECTION('',(-0.866025403784,0.5,0.));
#5301 = PCURVE('',#535,#5302);
#5302 = DEFINITIONAL_REPRESENTATION('',(#5303),#5307);
#5303 = LINE('',#5304,#5305);
#5304 = CARTESIAN_POINT('',(0.,-2.));
#5305 = VECTOR('',#5306,1.);
#5306 = DIRECTION('',(1.,0.));
#5307 = ( GEOMETRIC_REPRESENTATION_CONTEXT(2) 
PARAMETRIC_REPRESENTATION_CONTEXT() REPRESENTATION_CONTEXT('2D SPACE',''
  ) );
#5308 = PCURVE('',#1734,#5309);
#5309 = DEFINITIONAL_REPRESENTATION('',(#5310),#5314);
#5310 = LINE('',#5311,#5312);
#5311 = CARTESIAN_POINT('',(-26.61473670974,11.901923788647));
#5312 = VECTOR('',#5313,1.);
#5313 = DIRECTION('',(-0.866025403784,0.5));
#5314 = ( GEOMETRIC_REPRESENTATION_CONTEXT(2) 
PARAMETRIC_REPRESENTATION_CONTEXT() REPRESENTATION_CONTEXT('2D SPACE',''
  ) );
#5315 = ORIENTED_EDGE('',*,*,#5316,.T.);
#5316 = EDGE_CURVE('',#5294,#5317,#5319,.T.);
#5317 = VERTEX_POINT('',#5318);
#5318 = CARTESIAN_POINT('',(-34.6537328215,16.543240357786,2.));
#5319 = SURFACE_CURVE('',#5320,(#5324,#5331),.PCURVE_S1.);
#5320 = LINE('',#5321,#5322);
#5321 = CARTESIAN_POINT('',(-26.61473670974,11.901923788647,2.));
#5322 = VECTOR('',#5323,1.);
#5323 = DIRECTION('',(-0.866025403784,0.5,0.));
#5324 = PCURVE('',#535,#5325);
#5325 = DEFINITIONAL_REPRESENTATION('',(#5326),#5330);
#5326 = LINE('',#5327,#5328);
#5327 = CARTESIAN_POINT('',(0.,-2.));
#5328 = VECTOR('',#5329,1.);
#5329 = DIRECTION('',(1.,0.));
#5330 = ( GEOMETRIC_REPRESENTATION_CONTEXT(2) 
PARAMETRIC_REPRESENTATION_CONTEXT() REPRESENTATION_CONTEXT('2D SPACE',''
  ) );
#5331 = PCURVE('',#4897,#5332);
#5332 = DEFINITIONAL_REPRESENTATION('',(#5333),#5337);
#5333 = LINE('',#5334,#5335);
#5334 = CARTESIAN_POINT('',(6.125,3.));
#5335 = VECTOR('',#5336,1.);
#5336 = DIRECTION('',(-1.,0.));
#5337 = ( GEOMETRIC_REPRESENTATION_CONTEXT(2) 
PARAMETRIC_REPRESENTATION_CONTEXT() REPRESENTATION_CONTEXT('2D SPACE',''
  ) );
#5338 = ORIENTED_EDGE('',*,*,#5339,.T.);
#5339 = EDGE_CURVE('',#5317,#5340,#5342,.T.);
#5340 = VERTEX_POINT('',#5341);
#5341 = CARTESIAN_POINT('',(-35.86975414517,17.245310596347,2.));
#5342 = SURFACE_CURVE('',#5343,(#5347,#5354),.PCURVE_S1.);
#5343 = LINE('',#5344,#5345);
#5344 = CARTESIAN_POINT('',(-26.61473670974,11.901923788647,2.));
#5345 = VECTOR('',#5346,1.);
#5346 = DIRECTION('',(-0.866025403784,0.5,0.));
#5347 = PCURVE('',#535,#5348);
#5348 = DEFINITIONAL_REPRESENTATION('',(#5349),#5353);
#5349 = LINE('',#5350,#5351);
#5350 = CARTESIAN_POINT('',(0.,-2.));
#5351 = VECTOR('',#5352,1.);
#5352 = DIRECTION('',(1.,0.));
#5353 = ( GEOMETRIC_REPRESENTATION_CONTEXT(2) 
PARAMETRIC_REPRESENTATION_CONTEXT() REPRESENTATION_CONTEXT('2D SPACE',''
  ) );
#5354 = PCURVE('',#1678,#5355);
#5355 = DEFINITIONAL_REPRESENTATION('',(#5356),#5360);
#5356 = LINE('',#5357,#5358);
#5357 = CARTESIAN_POINT('',(-26.61473670974,11.901923788647));
#5358 = VECTOR('',#5359,1.);
#5359 = DIRECTION('',(-0.866025403784,0.5));
#5360 = ( GEOMETRIC_REPRESENTATION_CONTEXT(2) 
PARAMETRIC_REPRESENTATION_CONTEXT() REPRESENTATION_CONTEXT('2D SPACE',''
  ) );
#5361 = ORIENTED_EDGE('',*,*,#5362,.T.);
#5362 = EDGE_CURVE('',#5340,#5363,#5365,.T.);
#5363 = VERTEX_POINT('',#5364);
#5364 = CARTESIAN_POINT('',(-36.56451197436,17.646429216045,2.));
#5365 = SURFACE_CURVE('',#5366,(#5370,#5377),.PCURVE_S1.);
#5366 = LINE('',#5367,#5368);
#5367 = CARTESIAN_POINT('',(-26.61473670974,11.901923788647,2.));
#5368 = VECTOR('',#5369,1.);
#5369 = DIRECTION('',(-0.866025403784,0.5,0.));
#5370 = PCURVE('',#535,#5371);
#5371 = DEFINITIONAL_REPRESENTATION('',(#5372),#5376);
#5372 = LINE('',#5373,#5374);
#5373 = CARTESIAN_POINT('',(0.,-2.));
#5374 = VECTOR('',#5375,1.);
#5375 = DIRECTION('',(1.,0.));
#5376 = ( GEOMETRIC_REPRESENTATION_CONTEXT(2) 
PARAMETRIC_REPRESENTATION_CONTEXT() REPRESENTATION_CONTEXT('2D SPACE',''
  ) );
#5377 = PCURVE('',#4841,#5378);
#5378 = DEFINITIONAL_REPRESENTATION('',(#5379),#5383);
#5379 = LINE('',#5380,#5381);
#5380 = CARTESIAN_POINT('',(6.125,3.));
#5381 = VECTOR('',#5382,1.);
#5382 = DIRECTION('',(-1.,0.));
#5383 = ( GEOMETRIC_REPRESENTATION_CONTEXT(2) 
PARAMETRIC_REPRESENTATION_CONTEXT() REPRESENTATION_CONTEXT('2D SPACE',''
  ) );
#5384 = ORIENTED_EDGE('',*,*,#5385,.T.);
#5385 = EDGE_CURVE('',#5363,#5386,#5388,.T.);
#5386 = VERTEX_POINT('',#5387);
#5387 = CARTESIAN_POINT('',(-37.2235479061,18.026923788647,2.));
#5388 = SURFACE_CURVE('',#5389,(#5393,#5400),.PCURVE_S1.);
#5389 = LINE('',#5390,#5391);
#5390 = CARTESIAN_POINT('',(-26.61473670974,11.901923788647,2.));
#5391 = VECTOR('',#5392,1.);
#5392 = DIRECTION('',(-0.866025403784,0.5,0.));
#5393 = PCURVE('',#535,#5394);
#5394 = DEFINITIONAL_REPRESENTATION('',(#5395),#5399);
#5395 = LINE('',#5396,#5397);
#5396 = CARTESIAN_POINT('',(0.,-2.));
#5397 = VECTOR('',#5398,1.);
#5398 = DIRECTION('',(1.,0.));
#5399 = ( GEOMETRIC_REPRESENTATION_CONTEXT(2) 
PARAMETRIC_REPRESENTATION_CONTEXT() REPRESENTATION_CONTEXT('2D SPACE',''
  ) );
#5400 = PCURVE('',#1622,#5401);
#5401 = DEFINITIONAL_REPRESENTATION('',(#5402),#5406);
#5402 = LINE('',#5403,#5404);
#5403 = CARTESIAN_POINT('',(-26.61473670974,11.901923788647));
#5404 = VECTOR('',#5405,1.);
#5405 = DIRECTION('',(-0.866025403784,0.5));
#5406 = ( GEOMETRIC_REPRESENTATION_CONTEXT(2) 
PARAMETRIC_REPRESENTATION_CONTEXT() REPRESENTATION_CONTEXT('2D SPACE',''
  ) );
#5407 = ORIENTED_EDGE('',*,*,#5408,.F.);
#5408 = EDGE_CURVE('',#520,#5386,#5409,.T.);
#5409 = SURFACE_CURVE('',#5410,(#5414,#5421),.PCURVE_S1.);
#5410 = LINE('',#5411,#5412);
#5411 = CARTESIAN_POINT('',(-37.2235479061,18.026923788647,0.));
#5412 = VECTOR('',#5413,1.);
#5413 = DIRECTION('',(0.,0.,1.));
#5414 = PCURVE('',#535,#5415);
#5415 = DEFINITIONAL_REPRESENTATION('',(#5416),#5420);
#5416 = LINE('',#5417,#5418);
#5417 = CARTESIAN_POINT('',(12.25,0.));
#5418 = VECTOR('',#5419,1.);
#5419 = DIRECTION('',(0.,-1.));
#5420 = ( GEOMETRIC_REPRESENTATION_CONTEXT(2) 
PARAMETRIC_REPRESENTATION_CONTEXT() REPRESENTATION_CONTEXT('2D SPACE',''
  ) );
#5421 = PCURVE('',#568,#5422);
#5422 = DEFINITIONAL_REPRESENTATION('',(#5423),#5427);
#5423 = LINE('',#5424,#5425);
#5424 = CARTESIAN_POINT('',(0.,0.));
#5425 = VECTOR('',#5426,1.);
#5426 = DIRECTION('',(0.,-1.));
#5427 = ( GEOMETRIC_REPRESENTATION_CONTEXT(2) 
PARAMETRIC_REPRESENTATION_CONTEXT() REPRESENTATION_CONTEXT('2D SPACE',''
  ) );
#5428 = ORIENTED_EDGE('',*,*,#519,.F.);
#5429 = ADVANCED_FACE('',(#5430),#568,.F.);
#5430 = FACE_BOUND('',#5431,.F.);
#5431 = EDGE_LOOP('',(#5432,#5433,#5461,#5488,#5489,#5513,#5539,#5540));
#5432 = ORIENTED_EDGE('',*,*,#5408,.T.);
#5433 = ORIENTED_EDGE('',*,*,#5434,.T.);
#5434 = EDGE_CURVE('',#5386,#5435,#5437,.T.);
#5435 = VERTEX_POINT('',#5436);
#5436 = CARTESIAN_POINT('',(-37.74911638406,18.412067027425,2.));
#5437 = SURFACE_CURVE('',#5438,(#5443,#5450),.PCURVE_S1.);
#5438 = CIRCLE('',#5439,3.);
#5439 = AXIS2_PLACEMENT_3D('',#5440,#5441,#5442);
#5440 = CARTESIAN_POINT('',(-35.7235479061,20.625,2.));
#5441 = DIRECTION('',(-0.,0.,-1.));
#5442 = DIRECTION('',(-0.5,-0.866025403784,0.));
#5443 = PCURVE('',#568,#5444);
#5444 = DEFINITIONAL_REPRESENTATION('',(#5445),#5449);
#5445 = LINE('',#5446,#5447);
#5446 = CARTESIAN_POINT('',(0.,-2.));
#5447 = VECTOR('',#5448,1.);
#5448 = DIRECTION('',(1.,0.));
#5449 = ( GEOMETRIC_REPRESENTATION_CONTEXT(2) 
PARAMETRIC_REPRESENTATION_CONTEXT() REPRESENTATION_CONTEXT('2D SPACE',''
  ) );
#5450 = PCURVE('',#1622,#5451);
#5451 = DEFINITIONAL_REPRESENTATION('',(#5452),#5460);
#5452 = ( BOUNDED_CURVE() B_SPLINE_CURVE(2,(#5453,#5454,#5455,#5456,
#5457,#5458,#5459),.UNSPECIFIED.,.T.,.F.) B_SPLINE_CURVE_WITH_KNOTS((1,2
    ,2,2,2,1),(-2.094395102393,0.,2.094395102393,4.188790204786,
6.28318530718,8.377580409573),.UNSPECIFIED.) CURVE() 
GEOMETRIC_REPRESENTATION_ITEM() RATIONAL_B_SPLINE_CURVE((1.,0.5,1.,0.5,
1.,0.5,1.)) REPRESENTATION_ITEM('') );
#5453 = CARTESIAN_POINT('',(-37.2235479061,18.026923788647));
#5454 = CARTESIAN_POINT('',(-41.7235479061,20.625));
#5455 = CARTESIAN_POINT('',(-37.2235479061,23.223076211353));
#5456 = CARTESIAN_POINT('',(-32.7235479061,25.821152422707));
#5457 = CARTESIAN_POINT('',(-32.7235479061,20.625));
#5458 = CARTESIAN_POINT('',(-32.7235479061,15.428847577293));
#5459 = CARTESIAN_POINT('',(-37.2235479061,18.026923788647));
#5460 = ( GEOMETRIC_REPRESENTATION_CONTEXT(2) 
PARAMETRIC_REPRESENTATION_CONTEXT() REPRESENTATION_CONTEXT('2D SPACE',''
  ) );
#5461 = ORIENTED_EDGE('',*,*,#5462,.T.);
#5462 = EDGE_CURVE('',#5435,#1145,#5463,.T.);
#5463 = SURFACE_CURVE('',#5464,(#5469,#5476),.PCURVE_S1.);
#5464 = CIRCLE('',#5465,3.);
#5465 = AXIS2_PLACEMENT_3D('',#5466,#5467,#5468);
#5466 = CARTESIAN_POINT('',(-35.7235479061,20.625,2.));
#5467 = DIRECTION('',(-0.,0.,-1.));
#5468 = DIRECTION('',(-0.5,-0.866025403784,0.));
#5469 = PCURVE('',#568,#5470);
#5470 = DEFINITIONAL_REPRESENTATION('',(#5471),#5475);
#5471 = LINE('',#5472,#5473);
#5472 = CARTESIAN_POINT('',(0.,-2.));
#5473 = VECTOR('',#5474,1.);
#5474 = DIRECTION('',(1.,0.));
#5475 = ( GEOMETRIC_REPRESENTATION_CONTEXT(2) 
PARAMETRIC_REPRESENTATION_CONTEXT() REPRESENTATION_CONTEXT('2D SPACE',''
  ) );
#5476 = PCURVE('',#5477,#5482);
#5477 = PLANE('',#5478);
#5478 = AXIS2_PLACEMENT_3D('',#5479,#5480,#5481);
#5479 = CARTESIAN_POINT('',(-30.41914230792,17.5625,2.));
#5480 = DIRECTION('',(0.,0.,-1.));
#5481 = DIRECTION('',(0.866025403784,-0.5,0.));
#5482 = DEFINITIONAL_REPRESENTATION('',(#5483),#5487);
#5483 = CIRCLE('',#5484,3.);
#5484 = AXIS2_PLACEMENT_2D('',#5485,#5486);
#5485 = CARTESIAN_POINT('',(-6.125,-4.440892098501E-16));
#5486 = DIRECTION('',(0.,1.));
#5487 = ( GEOMETRIC_REPRESENTATION_CONTEXT(2) 
PARAMETRIC_REPRESENTATION_CONTEXT() REPRESENTATION_CONTEXT('2D SPACE',''
  ) );
#5488 = ORIENTED_EDGE('',*,*,#1173,.T.);
#5489 = ORIENTED_EDGE('',*,*,#5490,.T.);
#5490 = EDGE_CURVE('',#1174,#5491,#5493,.T.);
#5491 = VERTEX_POINT('',#5492);
#5492 = CARTESIAN_POINT('',(-34.81987597396,23.485660245303,2.));
#5493 = SURFACE_CURVE('',#5494,(#5499,#5506),.PCURVE_S1.);
#5494 = CIRCLE('',#5495,3.);
#5495 = AXIS2_PLACEMENT_3D('',#5496,#5497,#5498);
#5496 = CARTESIAN_POINT('',(-35.7235479061,20.625,2.));
#5497 = DIRECTION('',(-0.,0.,-1.));
#5498 = DIRECTION('',(-0.5,-0.866025403784,0.));
#5499 = PCURVE('',#568,#5500);
#5500 = DEFINITIONAL_REPRESENTATION('',(#5501),#5505);
#5501 = LINE('',#5502,#5503);
#5502 = CARTESIAN_POINT('',(0.,-2.));
#5503 = VECTOR('',#5504,1.);
#5504 = DIRECTION('',(1.,0.));
#5505 = ( GEOMETRIC_REPRESENTATION_CONTEXT(2) 
PARAMETRIC_REPRESENTATION_CONTEXT() REPRESENTATION_CONTEXT('2D SPACE',''
  ) );
#5506 = PCURVE('',#5477,#5507);
#5507 = DEFINITIONAL_REPRESENTATION('',(#5508),#5512);
#5508 = CIRCLE('',#5509,3.);
#5509 = AXIS2_PLACEMENT_2D('',#5510,#5511);
#5510 = CARTESIAN_POINT('',(-6.125,-4.440892098501E-16));
#5511 = DIRECTION('',(0.,1.));
#5512 = ( GEOMETRIC_REPRESENTATION_CONTEXT(2) 
PARAMETRIC_REPRESENTATION_CONTEXT() REPRESENTATION_CONTEXT('2D SPACE',''
  ) );
#5513 = ORIENTED_EDGE('',*,*,#5514,.T.);
#5514 = EDGE_CURVE('',#5491,#4775,#5515,.T.);
#5515 = SURFACE_CURVE('',#5516,(#5521,#5528),.PCURVE_S1.);
#5516 = CIRCLE('',#5517,3.);
#5517 = AXIS2_PLACEMENT_3D('',#5518,#5519,#5520);
#5518 = CARTESIAN_POINT('',(-35.7235479061,20.625,2.));
#5519 = DIRECTION('',(-0.,0.,-1.));
#5520 = DIRECTION('',(-0.5,-0.866025403784,0.));
#5521 = PCURVE('',#568,#5522);
#5522 = DEFINITIONAL_REPRESENTATION('',(#5523),#5527);
#5523 = LINE('',#5524,#5525);
#5524 = CARTESIAN_POINT('',(0.,-2.));
#5525 = VECTOR('',#5526,1.);
#5526 = DIRECTION('',(1.,0.));
#5527 = ( GEOMETRIC_REPRESENTATION_CONTEXT(2) 
PARAMETRIC_REPRESENTATION_CONTEXT() REPRESENTATION_CONTEXT('2D SPACE',''
  ) );
#5528 = PCURVE('',#4813,#5529);
#5529 = DEFINITIONAL_REPRESENTATION('',(#5530),#5538);
#5530 = ( BOUNDED_CURVE() B_SPLINE_CURVE(2,(#5531,#5532,#5533,#5534,
#5535,#5536,#5537),.UNSPECIFIED.,.T.,.F.) B_SPLINE_CURVE_WITH_KNOTS((1,2
    ,2,2,2,1),(-2.094395102393,0.,2.094395102393,4.188790204786,
6.28318530718,8.377580409573),.UNSPECIFIED.) CURVE() 
GEOMETRIC_REPRESENTATION_ITEM() RATIONAL_B_SPLINE_CURVE((1.,0.5,1.,0.5,
1.,0.5,1.)) REPRESENTATION_ITEM('') );
#5531 = CARTESIAN_POINT('',(-37.2235479061,18.026923788647));
#5532 = CARTESIAN_POINT('',(-41.7235479061,20.625));
#5533 = CARTESIAN_POINT('',(-37.2235479061,23.223076211353));
#5534 = CARTESIAN_POINT('',(-32.7235479061,25.821152422707));
#5535 = CARTESIAN_POINT('',(-32.7235479061,20.625));
#5536 = CARTESIAN_POINT('',(-32.7235479061,15.428847577293));
#5537 = CARTESIAN_POINT('',(-37.2235479061,18.026923788647));
#5538 = ( GEOMETRIC_REPRESENTATION_CONTEXT(2) 
PARAMETRIC_REPRESENTATION_CONTEXT() REPRESENTATION_CONTEXT('2D SPACE',''
  ) );
#5539 = ORIENTED_EDGE('',*,*,#4774,.F.);
#5540 = ORIENTED_EDGE('',*,*,#547,.F.);
#5541 = ADVANCED_FACE('',(#5542,#5780),#625,.F.);
#5542 = FACE_BOUND('',#5543,.T.);
#5543 = EDGE_LOOP('',(#5544,#5567,#5568,#5569,#5598,#5626,#5655,#5678,
    #5705,#5706,#5730,#5758));
#5544 = ORIENTED_EDGE('',*,*,#5545,.F.);
#5545 = EDGE_CURVE('',#609,#5546,#5548,.T.);
#5546 = VERTEX_POINT('',#5547);
#5547 = CARTESIAN_POINT('',(16.15,0.,0.173333333333));
#5548 = SEAM_CURVE('',#5549,(#5553,#5560),.PCURVE_S1.);
#5549 = LINE('',#5550,#5551);
#5550 = CARTESIAN_POINT('',(16.15,0.,0.));
#5551 = VECTOR('',#5552,1.);
#5552 = DIRECTION('',(0.,0.,1.));
#5553 = PCURVE('',#625,#5554);
#5554 = DEFINITIONAL_REPRESENTATION('',(#5555),#5559);
#5555 = LINE('',#5556,#5557);
#5556 = CARTESIAN_POINT('',(-6.28318530718,0.));
#5557 = VECTOR('',#5558,1.);
#5558 = DIRECTION('',(-0.,-1.));
#5559 = ( GEOMETRIC_REPRESENTATION_CONTEXT(2) 
PARAMETRIC_REPRESENTATION_CONTEXT() REPRESENTATION_CONTEXT('2D SPACE',''
  ) );
#5560 = PCURVE('',#625,#5561);
#5561 = DEFINITIONAL_REPRESENTATION('',(#5562),#5566);
#5562 = LINE('',#5563,#5564);
#5563 = CARTESIAN_POINT('',(-0.,0.));
#5564 = VECTOR('',#5565,1.);
#5565 = DIRECTION('',(-0.,-1.));
#5566 = ( GEOMETRIC_REPRESENTATION_CONTEXT(2) 
PARAMETRIC_REPRESENTATION_CONTEXT() REPRESENTATION_CONTEXT('2D SPACE',''
  ) );
#5567 = ORIENTED_EDGE('',*,*,#608,.F.);
#5568 = ORIENTED_EDGE('',*,*,#5545,.T.);
#5569 = ORIENTED_EDGE('',*,*,#5570,.F.);
#5570 = EDGE_CURVE('',#5571,#5546,#5573,.T.);
#5571 = VERTEX_POINT('',#5572);
#5572 = CARTESIAN_POINT('',(15.797083751851,3.357773806707,
    0.173333333333));
#5573 = SURFACE_CURVE('',#5574,(#5579,#5586),.PCURVE_S1.);
#5574 = CIRCLE('',#5575,16.15);
#5575 = AXIS2_PLACEMENT_3D('',#5576,#5577,#5578);
#5576 = CARTESIAN_POINT('',(0.,0.,0.173333333333));
#5577 = DIRECTION('',(0.,-0.,-1.));
#5578 = DIRECTION('',(0.,1.,-0.));
#5579 = PCURVE('',#625,#5580);
#5580 = DEFINITIONAL_REPRESENTATION('',(#5581),#5585);
#5581 = LINE('',#5582,#5583);
#5582 = CARTESIAN_POINT('',(-1.570796326795,-0.173333333333));
#5583 = VECTOR('',#5584,1.);
#5584 = DIRECTION('',(1.,-0.));
#5585 = ( GEOMETRIC_REPRESENTATION_CONTEXT(2) 
PARAMETRIC_REPRESENTATION_CONTEXT() REPRESENTATION_CONTEXT('2D SPACE',''
  ) );
#5586 = PCURVE('',#5587,#5592);
#5587 = CONICAL_SURFACE('',#5588,14.85,0.856705628183);
#5588 = AXIS2_PLACEMENT_3D('',#5589,#5590,#5591);
#5589 = CARTESIAN_POINT('',(0.,0.,1.3));
#5590 = DIRECTION('',(-0.,0.,-1.));
#5591 = DIRECTION('',(0.978147600734,-0.207911690818,0.));
#5592 = DEFINITIONAL_REPRESENTATION('',(#5593),#5597);
#5593 = LINE('',#5594,#5595);
#5594 = CARTESIAN_POINT('',(-1.780235837034,1.126666666667));
#5595 = VECTOR('',#5596,1.);
#5596 = DIRECTION('',(1.,-0.));
#5597 = ( GEOMETRIC_REPRESENTATION_CONTEXT(2) 
PARAMETRIC_REPRESENTATION_CONTEXT() REPRESENTATION_CONTEXT('2D SPACE',''
  ) );
#5598 = ORIENTED_EDGE('',*,*,#5599,.F.);
#5599 = EDGE_CURVE('',#5600,#5571,#5602,.T.);
#5600 = VERTEX_POINT('',#5601);
#5601 = CARTESIAN_POINT('',(15.797083751851,3.357773806707,
    2.826666666667));
#5602 = SURFACE_CURVE('',#5603,(#5607,#5614),.PCURVE_S1.);
#5603 = LINE('',#5604,#5605);
#5604 = CARTESIAN_POINT('',(15.797083751851,3.357773806707,0.));
#5605 = VECTOR('',#5606,1.);
#5606 = DIRECTION('',(-0.,-0.,-1.));
#5607 = PCURVE('',#625,#5608);
#5608 = DEFINITIONAL_REPRESENTATION('',(#5609),#5613);
#5609 = LINE('',#5610,#5611);
#5610 = CARTESIAN_POINT('',(-0.209439510239,0.));
#5611 = VECTOR('',#5612,1.);
#5612 = DIRECTION('',(-0.,1.));
#5613 = ( GEOMETRIC_REPRESENTATION_CONTEXT(2) 
PARAMETRIC_REPRESENTATION_CONTEXT() REPRESENTATION_CONTEXT('2D SPACE',''
  ) );
#5614 = PCURVE('',#5615,#5620);
#5615 = PLANE('',#5616);
#5616 = AXIS2_PLACEMENT_3D('',#5617,#5618,#5619);
#5617 = CARTESIAN_POINT('',(15.517910869657,3.298433778756,1.5));
#5618 = DIRECTION('',(0.207911690818,-0.978147600734,0.));
#5619 = DIRECTION('',(0.,0.,-1.));
#5620 = DEFINITIONAL_REPRESENTATION('',(#5621),#5625);
#5621 = LINE('',#5622,#5623);
#5622 = CARTESIAN_POINT('',(1.5,0.285409770453));
#5623 = VECTOR('',#5624,1.);
#5624 = DIRECTION('',(1.,0.));
#5625 = ( GEOMETRIC_REPRESENTATION_CONTEXT(2) 
PARAMETRIC_REPRESENTATION_CONTEXT() REPRESENTATION_CONTEXT('2D SPACE',''
  ) );
#5626 = ORIENTED_EDGE('',*,*,#5627,.T.);
#5627 = EDGE_CURVE('',#5600,#5628,#5630,.T.);
#5628 = VERTEX_POINT('',#5629);
#5629 = CARTESIAN_POINT('',(16.15,0.,2.826666666667));
#5630 = SURFACE_CURVE('',#5631,(#5636,#5643),.PCURVE_S1.);
#5631 = CIRCLE('',#5632,16.15);
#5632 = AXIS2_PLACEMENT_3D('',#5633,#5634,#5635);
#5633 = CARTESIAN_POINT('',(0.,0.,2.826666666667));
#5634 = DIRECTION('',(0.,-0.,-1.));
#5635 = DIRECTION('',(0.,1.,-0.));
#5636 = PCURVE('',#625,#5637);
#5637 = DEFINITIONAL_REPRESENTATION('',(#5638),#5642);
#5638 = LINE('',#5639,#5640);
#5639 = CARTESIAN_POINT('',(-1.570796326795,-2.826666666667));
#5640 = VECTOR('',#5641,1.);
#5641 = DIRECTION('',(1.,-0.));
#5642 = ( GEOMETRIC_REPRESENTATION_CONTEXT(2) 
PARAMETRIC_REPRESENTATION_CONTEXT() REPRESENTATION_CONTEXT('2D SPACE',''
  ) );
#5643 = PCURVE('',#5644,#5649);
#5644 = CONICAL_SURFACE('',#5645,16.35,0.856705628183);
#5645 = AXIS2_PLACEMENT_3D('',#5646,#5647,#5648);
#5646 = CARTESIAN_POINT('',(0.,0.,3.));
#5647 = DIRECTION('',(0.,-0.,1.));
#5648 = DIRECTION('',(0.978147600734,-0.207911690818,0.));
#5649 = DEFINITIONAL_REPRESENTATION('',(#5650),#5654);
#5650 = LINE('',#5651,#5652);
#5651 = CARTESIAN_POINT('',(1.780235837034,-0.173333333333));
#5652 = VECTOR('',#5653,1.);
#5653 = DIRECTION('',(-1.,-0.));
#5654 = ( GEOMETRIC_REPRESENTATION_CONTEXT(2) 
PARAMETRIC_REPRESENTATION_CONTEXT() REPRESENTATION_CONTEXT('2D SPACE',''
  ) );
#5655 = ORIENTED_EDGE('',*,*,#5656,.T.);
#5656 = EDGE_CURVE('',#5628,#5657,#5659,.T.);
#5657 = VERTEX_POINT('',#5658);
#5658 = CARTESIAN_POINT('',(16.15,0.,8.));
#5659 = SEAM_CURVE('',#5660,(#5664,#5671),.PCURVE_S1.);
#5660 = LINE('',#5661,#5662);
#5661 = CARTESIAN_POINT('',(16.15,0.,0.));
#5662 = VECTOR('',#5663,1.);
#5663 = DIRECTION('',(0.,0.,1.));
#5664 = PCURVE('',#625,#5665);
#5665 = DEFINITIONAL_REPRESENTATION('',(#5666),#5670);
#5666 = LINE('',#5667,#5668);
#5667 = CARTESIAN_POINT('',(-6.28318530718,0.));
#5668 = VECTOR('',#5669,1.);
#5669 = DIRECTION('',(-0.,-1.));
#5670 = ( GEOMETRIC_REPRESENTATION_CONTEXT(2) 
PARAMETRIC_REPRESENTATION_CONTEXT() REPRESENTATION_CONTEXT('2D SPACE',''
  ) );
#5671 = PCURVE('',#625,#5672);
#5672 = DEFINITIONAL_REPRESENTATION('',(#5673),#5677);
#5673 = LINE('',#5674,#5675);
#5674 = CARTESIAN_POINT('',(-0.,0.));
#5675 = VECTOR('',#5676,1.);
#5676 = DIRECTION('',(-0.,-1.));
#5677 = ( GEOMETRIC_REPRESENTATION_CONTEXT(2) 
PARAMETRIC_REPRESENTATION_CONTEXT() REPRESENTATION_CONTEXT('2D SPACE',''
  ) );
#5678 = ORIENTED_EDGE('',*,*,#5679,.T.);
#5679 = EDGE_CURVE('',#5657,#5657,#5680,.T.);
#5680 = SURFACE_CURVE('',#5681,(#5686,#5693),.PCURVE_S1.);
#5681 = CIRCLE('',#5682,16.15);
#5682 = AXIS2_PLACEMENT_3D('',#5683,#5684,#5685);
#5683 = CARTESIAN_POINT('',(0.,0.,8.));
#5684 = DIRECTION('',(0.,0.,1.));
#5685 = DIRECTION('',(1.,0.,0.));
#5686 = PCURVE('',#625,#5687);
#5687 = DEFINITIONAL_REPRESENTATION('',(#5688),#5692);
#5688 = LINE('',#5689,#5690);
#5689 = CARTESIAN_POINT('',(-0.,-8.));
#5690 = VECTOR('',#5691,1.);
#5691 = DIRECTION('',(-1.,0.));
#5692 = ( GEOMETRIC_REPRESENTATION_CONTEXT(2) 
PARAMETRIC_REPRESENTATION_CONTEXT() REPRESENTATION_CONTEXT('2D SPACE',''
  ) );
#5693 = PCURVE('',#5694,#5699);
#5694 = PLANE('',#5695);
#5695 = AXIS2_PLACEMENT_3D('',#5696,#5697,#5698);
#5696 = CARTESIAN_POINT('',(-2.244004320065E-15,3.259817405866E-16,8.));
#5697 = DIRECTION('',(0.,0.,1.));
#5698 = DIRECTION('',(1.,0.,-0.));
#5699 = DEFINITIONAL_REPRESENTATION('',(#5700),#5704);
#5700 = CIRCLE('',#5701,16.15);
#5701 = AXIS2_PLACEMENT_2D('',#5702,#5703);
#5702 = CARTESIAN_POINT('',(2.244004320065E-15,-3.259817405866E-16));
#5703 = DIRECTION('',(1.,0.));
#5704 = ( GEOMETRIC_REPRESENTATION_CONTEXT(2) 
PARAMETRIC_REPRESENTATION_CONTEXT() REPRESENTATION_CONTEXT('2D SPACE',''
  ) );
#5705 = ORIENTED_EDGE('',*,*,#5656,.F.);
#5706 = ORIENTED_EDGE('',*,*,#5707,.T.);
#5707 = EDGE_CURVE('',#5628,#5708,#5710,.T.);
#5708 = VERTEX_POINT('',#5709);
#5709 = CARTESIAN_POINT('',(15.797083751851,-3.357773806707,
    2.826666666667));
#5710 = SURFACE_CURVE('',#5711,(#5716,#5723),.PCURVE_S1.);
#5711 = CIRCLE('',#5712,16.15);
#5712 = AXIS2_PLACEMENT_3D('',#5713,#5714,#5715);
#5713 = CARTESIAN_POINT('',(0.,0.,2.826666666667));
#5714 = DIRECTION('',(0.,-0.,-1.));
#5715 = DIRECTION('',(0.,1.,-0.));
#5716 = PCURVE('',#625,#5717);
#5717 = DEFINITIONAL_REPRESENTATION('',(#5718),#5722);
#5718 = LINE('',#5719,#5720);
#5719 = CARTESIAN_POINT('',(-7.853981633974,-2.826666666667));
#5720 = VECTOR('',#5721,1.);
#5721 = DIRECTION('',(1.,-0.));
#5722 = ( GEOMETRIC_REPRESENTATION_CONTEXT(2) 
PARAMETRIC_REPRESENTATION_CONTEXT() REPRESENTATION_CONTEXT('2D SPACE',''
  ) );
#5723 = PCURVE('',#5644,#5724);
#5724 = DEFINITIONAL_REPRESENTATION('',(#5725),#5729);
#5725 = LINE('',#5726,#5727);
#5726 = CARTESIAN_POINT('',(1.780235837034,-0.173333333333));
#5727 = VECTOR('',#5728,1.);
#5728 = DIRECTION('',(-1.,-0.));
#5729 = ( GEOMETRIC_REPRESENTATION_CONTEXT(2) 
PARAMETRIC_REPRESENTATION_CONTEXT() REPRESENTATION_CONTEXT('2D SPACE',''
  ) );
#5730 = ORIENTED_EDGE('',*,*,#5731,.T.);
#5731 = EDGE_CURVE('',#5708,#5732,#5734,.T.);
#5732 = VERTEX_POINT('',#5733);
#5733 = CARTESIAN_POINT('',(15.797083751851,-3.357773806707,
    0.173333333333));
#5734 = SURFACE_CURVE('',#5735,(#5739,#5746),.PCURVE_S1.);
#5735 = LINE('',#5736,#5737);
#5736 = CARTESIAN_POINT('',(15.797083751851,-3.357773806707,0.));
#5737 = VECTOR('',#5738,1.);
#5738 = DIRECTION('',(-0.,-0.,-1.));
#5739 = PCURVE('',#625,#5740);
#5740 = DEFINITIONAL_REPRESENTATION('',(#5741),#5745);
#5741 = LINE('',#5742,#5743);
#5742 = CARTESIAN_POINT('',(-6.07374579694,0.));
#5743 = VECTOR('',#5744,1.);
#5744 = DIRECTION('',(-0.,1.));
#5745 = ( GEOMETRIC_REPRESENTATION_CONTEXT(2) 
PARAMETRIC_REPRESENTATION_CONTEXT() REPRESENTATION_CONTEXT('2D SPACE',''
  ) );
#5746 = PCURVE('',#5747,#5752);
#5747 = PLANE('',#5748);
#5748 = AXIS2_PLACEMENT_3D('',#5749,#5750,#5751);
#5749 = CARTESIAN_POINT('',(15.517910869657,-3.298433778756,1.5));
#5750 = DIRECTION('',(-0.207911690818,-0.978147600734,-0.));
#5751 = DIRECTION('',(0.,0.,-1.));
#5752 = DEFINITIONAL_REPRESENTATION('',(#5753),#5757);
#5753 = LINE('',#5754,#5755);
#5754 = CARTESIAN_POINT('',(1.5,0.285409770453));
#5755 = VECTOR('',#5756,1.);
#5756 = DIRECTION('',(1.,0.));
#5757 = ( GEOMETRIC_REPRESENTATION_CONTEXT(2) 
PARAMETRIC_REPRESENTATION_CONTEXT() REPRESENTATION_CONTEXT('2D SPACE',''
  ) );
#5758 = ORIENTED_EDGE('',*,*,#5759,.F.);
#5759 = EDGE_CURVE('',#5546,#5732,#5760,.T.);
#5760 = SURFACE_CURVE('',#5761,(#5766,#5773),.PCURVE_S1.);
#5761 = CIRCLE('',#5762,16.15);
#5762 = AXIS2_PLACEMENT_3D('',#5763,#5764,#5765);
#5763 = CARTESIAN_POINT('',(0.,0.,0.173333333333));
#5764 = DIRECTION('',(0.,-0.,-1.));
#5765 = DIRECTION('',(0.,1.,-0.));
#5766 = PCURVE('',#625,#5767);
#5767 = DEFINITIONAL_REPRESENTATION('',(#5768),#5772);
#5768 = LINE('',#5769,#5770);
#5769 = CARTESIAN_POINT('',(-7.853981633974,-0.173333333333));
#5770 = VECTOR('',#5771,1.);
#5771 = DIRECTION('',(1.,-0.));
#5772 = ( GEOMETRIC_REPRESENTATION_CONTEXT(2) 
PARAMETRIC_REPRESENTATION_CONTEXT() REPRESENTATION_CONTEXT('2D SPACE',''
  ) );
#5773 = PCURVE('',#5587,#5774);
#5774 = DEFINITIONAL_REPRESENTATION('',(#5775),#5779);
#5775 = LINE('',#5776,#5777);
#5776 = CARTESIAN_POINT('',(-1.780235837034,1.126666666667));
#5777 = VECTOR('',#5778,1.);
#5778 = DIRECTION('',(1.,-0.));
#5779 = ( GEOMETRIC_REPRESENTATION_CONTEXT(2) 
PARAMETRIC_REPRESENTATION_CONTEXT() REPRESENTATION_CONTEXT('2D SPACE',''
  ) );
#5780 = FACE_BOUND('',#5781,.T.);
#5781 = EDGE_LOOP('',(#5782,#5812,#5841,#5869));
#5782 = ORIENTED_EDGE('',*,*,#5783,.F.);
#5783 = EDGE_CURVE('',#5784,#5786,#5788,.T.);
#5784 = VERTEX_POINT('',#5785);
#5785 = CARTESIAN_POINT('',(-15.79708375185,-3.357773806707,
    2.826666666667));
#5786 = VERTEX_POINT('',#5787);
#5787 = CARTESIAN_POINT('',(-15.79708375185,-3.357773806707,
    0.173333333333));
#5788 = SURFACE_CURVE('',#5789,(#5793,#5800),.PCURVE_S1.);
#5789 = LINE('',#5790,#5791);
#5790 = CARTESIAN_POINT('',(-15.79708375185,-3.357773806707,0.));
#5791 = VECTOR('',#5792,1.);
#5792 = DIRECTION('',(-0.,-0.,-1.));
#5793 = PCURVE('',#625,#5794);
#5794 = DEFINITIONAL_REPRESENTATION('',(#5795),#5799);
#5795 = LINE('',#5796,#5797);
#5796 = CARTESIAN_POINT('',(-3.351032163829,0.));
#5797 = VECTOR('',#5798,1.);
#5798 = DIRECTION('',(-0.,1.));
#5799 = ( GEOMETRIC_REPRESENTATION_CONTEXT(2) 
PARAMETRIC_REPRESENTATION_CONTEXT() REPRESENTATION_CONTEXT('2D SPACE',''
  ) );
#5800 = PCURVE('',#5801,#5806);
#5801 = PLANE('',#5802);
#5802 = AXIS2_PLACEMENT_3D('',#5803,#5804,#5805);
#5803 = CARTESIAN_POINT('',(-15.51791086965,-3.298433778756,1.5));
#5804 = DIRECTION('',(-0.207911690818,0.978147600734,0.));
#5805 = DIRECTION('',(-0.,0.,-1.));
#5806 = DEFINITIONAL_REPRESENTATION('',(#5807),#5811);
#5807 = LINE('',#5808,#5809);
#5808 = CARTESIAN_POINT('',(1.5,0.285409770453));
#5809 = VECTOR('',#5810,1.);
#5810 = DIRECTION('',(1.,0.));
#5811 = ( GEOMETRIC_REPRESENTATION_CONTEXT(2) 
PARAMETRIC_REPRESENTATION_CONTEXT() REPRESENTATION_CONTEXT('2D SPACE',''
  ) );
#5812 = ORIENTED_EDGE('',*,*,#5813,.T.);
#5813 = EDGE_CURVE('',#5784,#5814,#5816,.T.);
#5814 = VERTEX_POINT('',#5815);
#5815 = CARTESIAN_POINT('',(-15.79708375185,3.357773806707,
    2.826666666667));
#5816 = SURFACE_CURVE('',#5817,(#5822,#5829),.PCURVE_S1.);
#5817 = CIRCLE('',#5818,16.15);
#5818 = AXIS2_PLACEMENT_3D('',#5819,#5820,#5821);
#5819 = CARTESIAN_POINT('',(0.,0.,2.826666666667));
#5820 = DIRECTION('',(0.,-0.,-1.));
#5821 = DIRECTION('',(0.,1.,-0.));
#5822 = PCURVE('',#625,#5823);
#5823 = DEFINITIONAL_REPRESENTATION('',(#5824),#5828);
#5824 = LINE('',#5825,#5826);
#5825 = CARTESIAN_POINT('',(-7.853981633974,-2.826666666667));
#5826 = VECTOR('',#5827,1.);
#5827 = DIRECTION('',(1.,-0.));
#5828 = ( GEOMETRIC_REPRESENTATION_CONTEXT(2) 
PARAMETRIC_REPRESENTATION_CONTEXT() REPRESENTATION_CONTEXT('2D SPACE',''
  ) );
#5829 = PCURVE('',#5830,#5835);
#5830 = CONICAL_SURFACE('',#5831,16.35,0.856705628183);
#5831 = AXIS2_PLACEMENT_3D('',#5832,#5833,#5834);
#5832 = CARTESIAN_POINT('',(0.,0.,3.));
#5833 = DIRECTION('',(-0.,-0.,1.));
#5834 = DIRECTION('',(-0.978147600734,0.207911690818,0.));
#5835 = DEFINITIONAL_REPRESENTATION('',(#5836),#5840);
#5836 = LINE('',#5837,#5838);
#5837 = CARTESIAN_POINT('',(4.921828490624,-0.173333333333));
#5838 = VECTOR('',#5839,1.);
#5839 = DIRECTION('',(-1.,-0.));
#5840 = ( GEOMETRIC_REPRESENTATION_CONTEXT(2) 
PARAMETRIC_REPRESENTATION_CONTEXT() REPRESENTATION_CONTEXT('2D SPACE',''
  ) );
#5841 = ORIENTED_EDGE('',*,*,#5842,.T.);
#5842 = EDGE_CURVE('',#5814,#5843,#5845,.T.);
#5843 = VERTEX_POINT('',#5844);
#5844 = CARTESIAN_POINT('',(-15.79708375185,3.357773806707,
    0.173333333333));
#5845 = SURFACE_CURVE('',#5846,(#5850,#5857),.PCURVE_S1.);
#5846 = LINE('',#5847,#5848);
#5847 = CARTESIAN_POINT('',(-15.79708375185,3.357773806707,0.));
#5848 = VECTOR('',#5849,1.);
#5849 = DIRECTION('',(-0.,-0.,-1.));
#5850 = PCURVE('',#625,#5851);
#5851 = DEFINITIONAL_REPRESENTATION('',(#5852),#5856);
#5852 = LINE('',#5853,#5854);
#5853 = CARTESIAN_POINT('',(-2.93215314335,0.));
#5854 = VECTOR('',#5855,1.);
#5855 = DIRECTION('',(-0.,1.));
#5856 = ( GEOMETRIC_REPRESENTATION_CONTEXT(2) 
PARAMETRIC_REPRESENTATION_CONTEXT() REPRESENTATION_CONTEXT('2D SPACE',''
  ) );
#5857 = PCURVE('',#5858,#5863);
#5858 = PLANE('',#5859);
#5859 = AXIS2_PLACEMENT_3D('',#5860,#5861,#5862);
#5860 = CARTESIAN_POINT('',(-15.51791086965,3.298433778756,1.5));
#5861 = DIRECTION('',(0.207911690818,0.978147600734,-0.));
#5862 = DIRECTION('',(-0.,0.,-1.));
#5863 = DEFINITIONAL_REPRESENTATION('',(#5864),#5868);
#5864 = LINE('',#5865,#5866);
#5865 = CARTESIAN_POINT('',(1.5,0.285409770453));
#5866 = VECTOR('',#5867,1.);
#5867 = DIRECTION('',(1.,0.));
#5868 = ( GEOMETRIC_REPRESENTATION_CONTEXT(2) 
PARAMETRIC_REPRESENTATION_CONTEXT() REPRESENTATION_CONTEXT('2D SPACE',''
  ) );
#5869 = ORIENTED_EDGE('',*,*,#5870,.F.);
#5870 = EDGE_CURVE('',#5786,#5843,#5871,.T.);
#5871 = SURFACE_CURVE('',#5872,(#5877,#5884),.PCURVE_S1.);
#5872 = CIRCLE('',#5873,16.15);
#5873 = AXIS2_PLACEMENT_3D('',#5874,#5875,#5876);
#5874 = CARTESIAN_POINT('',(0.,0.,0.173333333333));
#5875 = DIRECTION('',(0.,-0.,-1.));
#5876 = DIRECTION('',(0.,1.,-0.));
#5877 = PCURVE('',#625,#5878);
#5878 = DEFINITIONAL_REPRESENTATION('',(#5879),#5883);
#5879 = LINE('',#5880,#5881);
#5880 = CARTESIAN_POINT('',(-7.853981633974,-0.173333333333));
#5881 = VECTOR('',#5882,1.);
#5882 = DIRECTION('',(1.,-0.));
#5883 = ( GEOMETRIC_REPRESENTATION_CONTEXT(2) 
PARAMETRIC_REPRESENTATION_CONTEXT() REPRESENTATION_CONTEXT('2D SPACE',''
  ) );
#5884 = PCURVE('',#5885,#5890);
#5885 = CONICAL_SURFACE('',#5886,14.85,0.856705628183);
#5886 = AXIS2_PLACEMENT_3D('',#5887,#5888,#5889);
#5887 = CARTESIAN_POINT('',(0.,0.,1.3));
#5888 = DIRECTION('',(0.,0.,-1.));
#5889 = DIRECTION('',(-0.978147600734,0.207911690818,0.));
#5890 = DEFINITIONAL_REPRESENTATION('',(#5891),#5895);
#5891 = LINE('',#5892,#5893);
#5892 = CARTESIAN_POINT('',(-4.921828490624,1.126666666667));
#5893 = VECTOR('',#5894,1.);
#5894 = DIRECTION('',(1.,-0.));
#5895 = ( GEOMETRIC_REPRESENTATION_CONTEXT(2) 
PARAMETRIC_REPRESENTATION_CONTEXT() REPRESENTATION_CONTEXT('2D SPACE',''
  ) );
#5896 = ADVANCED_FACE('',(#5897),#662,.F.);
#5897 = FACE_BOUND('',#5898,.F.);
#5898 = EDGE_LOOP('',(#5899,#5922,#5951,#5979,#6008,#6036,#6060,#6093,
    #6117,#6138));
#5899 = ORIENTED_EDGE('',*,*,#5900,.T.);
#5900 = EDGE_CURVE('',#640,#5901,#5903,.T.);
#5901 = VERTEX_POINT('',#5902);
#5902 = CARTESIAN_POINT('',(26.614736709749,11.901923788647,2.));
#5903 = SURFACE_CURVE('',#5904,(#5908,#5915),.PCURVE_S1.);
#5904 = LINE('',#5905,#5906);
#5905 = CARTESIAN_POINT('',(26.614736709749,11.901923788647,0.));
#5906 = VECTOR('',#5907,1.);
#5907 = DIRECTION('',(0.,0.,1.));
#5908 = PCURVE('',#662,#5909);
#5909 = DEFINITIONAL_REPRESENTATION('',(#5910),#5914);
#5910 = LINE('',#5911,#5912);
#5911 = CARTESIAN_POINT('',(0.,0.));
#5912 = VECTOR('',#5913,1.);
#5913 = DIRECTION('',(0.,-1.));
#5914 = ( GEOMETRIC_REPRESENTATION_CONTEXT(2) 
PARAMETRIC_REPRESENTATION_CONTEXT() REPRESENTATION_CONTEXT('2D SPACE',''
  ) );
#5915 = PCURVE('',#749,#5916);
#5916 = DEFINITIONAL_REPRESENTATION('',(#5917),#5921);
#5917 = LINE('',#5918,#5919);
#5918 = CARTESIAN_POINT('',(12.25,0.));
#5919 = VECTOR('',#5920,1.);
#5920 = DIRECTION('',(0.,-1.));
#5921 = ( GEOMETRIC_REPRESENTATION_CONTEXT(2) 
PARAMETRIC_REPRESENTATION_CONTEXT() REPRESENTATION_CONTEXT('2D SPACE',''
  ) );
#5922 = ORIENTED_EDGE('',*,*,#5923,.T.);
#5923 = EDGE_CURVE('',#5901,#5924,#5926,.T.);
#5924 = VERTEX_POINT('',#5925);
#5925 = CARTESIAN_POINT('',(26.297237325204,11.742883336809,2.));
#5926 = SURFACE_CURVE('',#5927,(#5932,#5939),.PCURVE_S1.);
#5927 = CIRCLE('',#5928,3.);
#5928 = AXIS2_PLACEMENT_3D('',#5929,#5930,#5931);
#5929 = CARTESIAN_POINT('',(25.114736709749,14.5,2.));
#5930 = DIRECTION('',(0.,-0.,-1.));
#5931 = DIRECTION('',(0.5,-0.866025403784,0.));
#5932 = PCURVE('',#662,#5933);
#5933 = DEFINITIONAL_REPRESENTATION('',(#5934),#5938);
#5934 = LINE('',#5935,#5936);
#5935 = CARTESIAN_POINT('',(0.,-2.));
#5936 = VECTOR('',#5937,1.);
#5937 = DIRECTION('',(1.,0.));
#5938 = ( GEOMETRIC_REPRESENTATION_CONTEXT(2) 
PARAMETRIC_REPRESENTATION_CONTEXT() REPRESENTATION_CONTEXT('2D SPACE',''
  ) );
#5939 = PCURVE('',#5940,#5945);
#5940 = PLANE('',#5941);
#5941 = AXIS2_PLACEMENT_3D('',#5942,#5943,#5944);
#5942 = CARTESIAN_POINT('',(30.419142307928,17.5625,2.));
#5943 = DIRECTION('',(0.,-0.,-1.));
#5944 = DIRECTION('',(-0.866025403784,-0.5,0.));
#5945 = DEFINITIONAL_REPRESENTATION('',(#5946),#5950);
#5946 = CIRCLE('',#5947,3.);
#5947 = AXIS2_PLACEMENT_2D('',#5948,#5949);
#5948 = CARTESIAN_POINT('',(6.125,1.7763568394E-15));
#5949 = DIRECTION('',(0.,-1.));
#5950 = ( GEOMETRIC_REPRESENTATION_CONTEXT(2) 
PARAMETRIC_REPRESENTATION_CONTEXT() REPRESENTATION_CONTEXT('2D SPACE',''
  ) );
#5951 = ORIENTED_EDGE('',*,*,#5952,.T.);
#5952 = EDGE_CURVE('',#5924,#5953,#5955,.T.);
#5953 = VERTEX_POINT('',#5954);
#5954 = CARTESIAN_POINT('',(24.865045432076,11.510409013619,2.));
#5955 = SURFACE_CURVE('',#5956,(#5961,#5968),.PCURVE_S1.);
#5956 = CIRCLE('',#5957,3.);
#5957 = AXIS2_PLACEMENT_3D('',#5958,#5959,#5960);
#5958 = CARTESIAN_POINT('',(25.114736709749,14.5,2.));
#5959 = DIRECTION('',(0.,-0.,-1.));
#5960 = DIRECTION('',(0.5,-0.866025403784,0.));
#5961 = PCURVE('',#662,#5962);
#5962 = DEFINITIONAL_REPRESENTATION('',(#5963),#5967);
#5963 = LINE('',#5964,#5965);
#5964 = CARTESIAN_POINT('',(0.,-2.));
#5965 = VECTOR('',#5966,1.);
#5966 = DIRECTION('',(1.,0.));
#5967 = ( GEOMETRIC_REPRESENTATION_CONTEXT(2) 
PARAMETRIC_REPRESENTATION_CONTEXT() REPRESENTATION_CONTEXT('2D SPACE',''
  ) );
#5968 = PCURVE('',#3638,#5969);
#5969 = DEFINITIONAL_REPRESENTATION('',(#5970),#5978);
#5970 = ( BOUNDED_CURVE() B_SPLINE_CURVE(2,(#5971,#5972,#5973,#5974,
#5975,#5976,#5977),.UNSPECIFIED.,.T.,.F.) B_SPLINE_CURVE_WITH_KNOTS((1,2
    ,2,2,2,1),(-2.094395102393,0.,2.094395102393,4.188790204786,
6.28318530718,8.377580409573),.UNSPECIFIED.) CURVE() 
GEOMETRIC_REPRESENTATION_ITEM() RATIONAL_B_SPLINE_CURVE((1.,0.5,1.,0.5,
1.,0.5,1.)) REPRESENTATION_ITEM('') );
#5971 = CARTESIAN_POINT('',(26.614736709749,11.901923788647));
#5972 = CARTESIAN_POINT('',(22.114736709749,9.303847577293));
#5973 = CARTESIAN_POINT('',(22.114736709749,14.5));
#5974 = CARTESIAN_POINT('',(22.114736709749,19.696152422707));
#5975 = CARTESIAN_POINT('',(26.614736709749,17.098076211353));
#5976 = CARTESIAN_POINT('',(31.114736709749,14.5));
#5977 = CARTESIAN_POINT('',(26.614736709749,11.901923788647));
#5978 = ( GEOMETRIC_REPRESENTATION_CONTEXT(2) 
PARAMETRIC_REPRESENTATION_CONTEXT() REPRESENTATION_CONTEXT('2D SPACE',''
  ) );
#5979 = ORIENTED_EDGE('',*,*,#5980,.T.);
#5980 = EDGE_CURVE('',#5953,#5981,#5983,.T.);
#5981 = VERTEX_POINT('',#5982);
#5982 = CARTESIAN_POINT('',(23.84939958327,11.779904053833,2.));
#5983 = SURFACE_CURVE('',#5984,(#5989,#5996),.PCURVE_S1.);
#5984 = CIRCLE('',#5985,3.);
#5985 = AXIS2_PLACEMENT_3D('',#5986,#5987,#5988);
#5986 = CARTESIAN_POINT('',(25.114736709749,14.5,2.));
#5987 = DIRECTION('',(0.,-0.,-1.));
#5988 = DIRECTION('',(0.5,-0.866025403784,0.));
#5989 = PCURVE('',#662,#5990);
#5990 = DEFINITIONAL_REPRESENTATION('',(#5991),#5995);
#5991 = LINE('',#5992,#5993);
#5992 = CARTESIAN_POINT('',(0.,-2.));
#5993 = VECTOR('',#5994,1.);
#5994 = DIRECTION('',(1.,0.));
#5995 = ( GEOMETRIC_REPRESENTATION_CONTEXT(2) 
PARAMETRIC_REPRESENTATION_CONTEXT() REPRESENTATION_CONTEXT('2D SPACE',''
  ) );
#5996 = PCURVE('',#5997,#6002);
#5997 = PLANE('',#5998);
#5998 = AXIS2_PLACEMENT_3D('',#5999,#6000,#6001);
#5999 = CARTESIAN_POINT('',(30.419142307928,17.5625,2.));
#6000 = DIRECTION('',(0.,-0.,-1.));
#6001 = DIRECTION('',(-0.866025403784,-0.5,0.));
#6002 = DEFINITIONAL_REPRESENTATION('',(#6003),#6007);
#6003 = CIRCLE('',#6004,3.);
#6004 = AXIS2_PLACEMENT_2D('',#6005,#6006);
#6005 = CARTESIAN_POINT('',(6.125,1.7763568394E-15));
#6006 = DIRECTION('',(0.,-1.));
#6007 = ( GEOMETRIC_REPRESENTATION_CONTEXT(2) 
PARAMETRIC_REPRESENTATION_CONTEXT() REPRESENTATION_CONTEXT('2D SPACE',''
  ) );
#6008 = ORIENTED_EDGE('',*,*,#6009,.T.);
#6009 = EDGE_CURVE('',#5981,#6010,#6012,.T.);
#6010 = VERTEX_POINT('',#6011);
#6011 = CARTESIAN_POINT('',(22.126395956397,14.764233877202,2.));
#6012 = SURFACE_CURVE('',#6013,(#6018,#6025),.PCURVE_S1.);
#6013 = CIRCLE('',#6014,3.);
#6014 = AXIS2_PLACEMENT_3D('',#6015,#6016,#6017);
#6015 = CARTESIAN_POINT('',(25.114736709749,14.5,2.));
#6016 = DIRECTION('',(0.,-0.,-1.));
#6017 = DIRECTION('',(0.5,-0.866025403784,0.));
#6018 = PCURVE('',#662,#6019);
#6019 = DEFINITIONAL_REPRESENTATION('',(#6020),#6024);
#6020 = LINE('',#6021,#6022);
#6021 = CARTESIAN_POINT('',(0.,-2.));
#6022 = VECTOR('',#6023,1.);
#6023 = DIRECTION('',(1.,0.));
#6024 = ( GEOMETRIC_REPRESENTATION_CONTEXT(2) 
PARAMETRIC_REPRESENTATION_CONTEXT() REPRESENTATION_CONTEXT('2D SPACE',''
  ) );
#6025 = PCURVE('',#1461,#6026);
#6026 = DEFINITIONAL_REPRESENTATION('',(#6027),#6035);
#6027 = ( BOUNDED_CURVE() B_SPLINE_CURVE(2,(#6028,#6029,#6030,#6031,
#6032,#6033,#6034),.UNSPECIFIED.,.T.,.F.) B_SPLINE_CURVE_WITH_KNOTS((1,2
    ,2,2,2,1),(-2.094395102393,0.,2.094395102393,4.188790204786,
6.28318530718,8.377580409573),.UNSPECIFIED.) CURVE() 
GEOMETRIC_REPRESENTATION_ITEM() RATIONAL_B_SPLINE_CURVE((1.,0.5,1.,0.5,
1.,0.5,1.)) REPRESENTATION_ITEM('') );
#6028 = CARTESIAN_POINT('',(26.614736709749,11.901923788647));
#6029 = CARTESIAN_POINT('',(22.114736709749,9.303847577293));
#6030 = CARTESIAN_POINT('',(22.114736709749,14.5));
#6031 = CARTESIAN_POINT('',(22.114736709749,19.696152422707));
#6032 = CARTESIAN_POINT('',(26.614736709749,17.098076211353));
#6033 = CARTESIAN_POINT('',(31.114736709749,14.5));
#6034 = CARTESIAN_POINT('',(26.614736709749,11.901923788647));
#6035 = ( GEOMETRIC_REPRESENTATION_CONTEXT(2) 
PARAMETRIC_REPRESENTATION_CONTEXT() REPRESENTATION_CONTEXT('2D SPACE',''
  ) );
#6036 = ORIENTED_EDGE('',*,*,#6037,.T.);
#6037 = EDGE_CURVE('',#6010,#6038,#6040,.T.);
#6038 = VERTEX_POINT('',#6039);
#6039 = CARTESIAN_POINT('',(22.400829329781,15.778556503623,2.));
#6040 = SURFACE_CURVE('',#6041,(#6046,#6053),.PCURVE_S1.);
#6041 = CIRCLE('',#6042,3.);
#6042 = AXIS2_PLACEMENT_3D('',#6043,#6044,#6045);
#6043 = CARTESIAN_POINT('',(25.114736709749,14.5,2.));
#6044 = DIRECTION('',(0.,-0.,-1.));
#6045 = DIRECTION('',(0.5,-0.866025403784,0.));
#6046 = PCURVE('',#662,#6047);
#6047 = DEFINITIONAL_REPRESENTATION('',(#6048),#6052);
#6048 = LINE('',#6049,#6050);
#6049 = CARTESIAN_POINT('',(0.,-2.));
#6050 = VECTOR('',#6051,1.);
#6051 = DIRECTION('',(1.,0.));
#6052 = ( GEOMETRIC_REPRESENTATION_CONTEXT(2) 
PARAMETRIC_REPRESENTATION_CONTEXT() REPRESENTATION_CONTEXT('2D SPACE',''
  ) );
#6053 = PCURVE('',#5997,#6054);
#6054 = DEFINITIONAL_REPRESENTATION('',(#6055),#6059);
#6055 = CIRCLE('',#6056,3.);
#6056 = AXIS2_PLACEMENT_2D('',#6057,#6058);
#6057 = CARTESIAN_POINT('',(6.125,1.7763568394E-15));
#6058 = DIRECTION('',(0.,-1.));
#6059 = ( GEOMETRIC_REPRESENTATION_CONTEXT(2) 
PARAMETRIC_REPRESENTATION_CONTEXT() REPRESENTATION_CONTEXT('2D SPACE',''
  ) );
#6060 = ORIENTED_EDGE('',*,*,#6061,.T.);
#6061 = EDGE_CURVE('',#6038,#6062,#6064,.T.);
#6062 = VERTEX_POINT('',#6063);
#6063 = CARTESIAN_POINT('',(23.318253945955,16.902633904571,2.));
#6064 = SURFACE_CURVE('',#6065,(#6070,#6077),.PCURVE_S1.);
#6065 = CIRCLE('',#6066,3.);
#6066 = AXIS2_PLACEMENT_3D('',#6067,#6068,#6069);
#6067 = CARTESIAN_POINT('',(25.114736709749,14.5,2.));
#6068 = DIRECTION('',(0.,-0.,-1.));
#6069 = DIRECTION('',(0.5,-0.866025403784,0.));
#6070 = PCURVE('',#662,#6071);
#6071 = DEFINITIONAL_REPRESENTATION('',(#6072),#6076);
#6072 = LINE('',#6073,#6074);
#6073 = CARTESIAN_POINT('',(0.,-2.));
#6074 = VECTOR('',#6075,1.);
#6075 = DIRECTION('',(1.,0.));
#6076 = ( GEOMETRIC_REPRESENTATION_CONTEXT(2) 
PARAMETRIC_REPRESENTATION_CONTEXT() REPRESENTATION_CONTEXT('2D SPACE',''
  ) );
#6077 = PCURVE('',#6078,#6083);
#6078 = PLANE('',#6079);
#6079 = AXIS2_PLACEMENT_3D('',#6080,#6081,#6082);
#6080 = CARTESIAN_POINT('',(-2.808005405856E-15,3.707602883041E-15,2.));
#6081 = DIRECTION('',(0.,0.,1.));
#6082 = DIRECTION('',(1.,0.,-0.));
#6083 = DEFINITIONAL_REPRESENTATION('',(#6084),#6092);
#6084 = ( BOUNDED_CURVE() B_SPLINE_CURVE(2,(#6085,#6086,#6087,#6088,
#6089,#6090,#6091),.UNSPECIFIED.,.T.,.F.) B_SPLINE_CURVE_WITH_KNOTS((1,2
    ,2,2,2,1),(-2.094395102393,0.,2.094395102393,4.188790204786,
6.28318530718,8.377580409573),.UNSPECIFIED.) CURVE() 
GEOMETRIC_REPRESENTATION_ITEM() RATIONAL_B_SPLINE_CURVE((1.,0.5,1.,0.5,
1.,0.5,1.)) REPRESENTATION_ITEM('') );
#6085 = CARTESIAN_POINT('',(26.614736709749,11.901923788647));
#6086 = CARTESIAN_POINT('',(22.114736709749,9.303847577293));
#6087 = CARTESIAN_POINT('',(22.114736709749,14.5));
#6088 = CARTESIAN_POINT('',(22.114736709749,19.696152422707));
#6089 = CARTESIAN_POINT('',(26.614736709749,17.098076211353));
#6090 = CARTESIAN_POINT('',(31.114736709749,14.5));
#6091 = CARTESIAN_POINT('',(26.614736709749,11.901923788647));
#6092 = ( GEOMETRIC_REPRESENTATION_CONTEXT(2) 
PARAMETRIC_REPRESENTATION_CONTEXT() REPRESENTATION_CONTEXT('2D SPACE',''
  ) );
#6093 = ORIENTED_EDGE('',*,*,#6094,.T.);
#6094 = EDGE_CURVE('',#6062,#6095,#6097,.T.);
#6095 = VERTEX_POINT('',#6096);
#6096 = CARTESIAN_POINT('',(23.614736709749,17.098076211353,2.));
#6097 = SURFACE_CURVE('',#6098,(#6103,#6110),.PCURVE_S1.);
#6098 = CIRCLE('',#6099,3.);
#6099 = AXIS2_PLACEMENT_3D('',#6100,#6101,#6102);
#6100 = CARTESIAN_POINT('',(25.114736709749,14.5,2.));
#6101 = DIRECTION('',(0.,-0.,-1.));
#6102 = DIRECTION('',(0.5,-0.866025403784,0.));
#6103 = PCURVE('',#662,#6104);
#6104 = DEFINITIONAL_REPRESENTATION('',(#6105),#6109);
#6105 = LINE('',#6106,#6107);
#6106 = CARTESIAN_POINT('',(0.,-2.));
#6107 = VECTOR('',#6108,1.);
#6108 = DIRECTION('',(1.,0.));
#6109 = ( GEOMETRIC_REPRESENTATION_CONTEXT(2) 
PARAMETRIC_REPRESENTATION_CONTEXT() REPRESENTATION_CONTEXT('2D SPACE',''
  ) );
#6110 = PCURVE('',#5940,#6111);
#6111 = DEFINITIONAL_REPRESENTATION('',(#6112),#6116);
#6112 = CIRCLE('',#6113,3.);
#6113 = AXIS2_PLACEMENT_2D('',#6114,#6115);
#6114 = CARTESIAN_POINT('',(6.125,1.7763568394E-15));
#6115 = DIRECTION('',(0.,-1.));
#6116 = ( GEOMETRIC_REPRESENTATION_CONTEXT(2) 
PARAMETRIC_REPRESENTATION_CONTEXT() REPRESENTATION_CONTEXT('2D SPACE',''
  ) );
#6117 = ORIENTED_EDGE('',*,*,#6118,.F.);
#6118 = EDGE_CURVE('',#642,#6095,#6119,.T.);
#6119 = SURFACE_CURVE('',#6120,(#6124,#6131),.PCURVE_S1.);
#6120 = LINE('',#6121,#6122);
#6121 = CARTESIAN_POINT('',(23.614736709749,17.098076211353,0.));
#6122 = VECTOR('',#6123,1.);
#6123 = DIRECTION('',(0.,0.,1.));
#6124 = PCURVE('',#662,#6125);
#6125 = DEFINITIONAL_REPRESENTATION('',(#6126),#6130);
#6126 = LINE('',#6127,#6128);
#6127 = CARTESIAN_POINT('',(3.14159265359,0.));
#6128 = VECTOR('',#6129,1.);
#6129 = DIRECTION('',(0.,-1.));
#6130 = ( GEOMETRIC_REPRESENTATION_CONTEXT(2) 
PARAMETRIC_REPRESENTATION_CONTEXT() REPRESENTATION_CONTEXT('2D SPACE',''
  ) );
#6131 = PCURVE('',#690,#6132);
#6132 = DEFINITIONAL_REPRESENTATION('',(#6133),#6137);
#6133 = LINE('',#6134,#6135);
#6134 = CARTESIAN_POINT('',(0.,0.));
#6135 = VECTOR('',#6136,1.);
#6136 = DIRECTION('',(0.,-1.));
#6137 = ( GEOMETRIC_REPRESENTATION_CONTEXT(2) 
PARAMETRIC_REPRESENTATION_CONTEXT() REPRESENTATION_CONTEXT('2D SPACE',''
  ) );
#6138 = ORIENTED_EDGE('',*,*,#639,.F.);
#6139 = ADVANCED_FACE('',(#6140),#749,.F.);
#6140 = FACE_BOUND('',#6141,.F.);
#6141 = EDGE_LOOP('',(#6142,#6165,#6188,#6216,#6239,#6267,#6290,#6318,
    #6341,#6369,#6392,#6420,#6443,#6464,#6465));
#6142 = ORIENTED_EDGE('',*,*,#6143,.T.);
#6143 = EDGE_CURVE('',#703,#6144,#6146,.T.);
#6144 = VERTEX_POINT('',#6145);
#6145 = CARTESIAN_POINT('',(37.223547906108,18.026923788647,2.));
#6146 = SURFACE_CURVE('',#6147,(#6151,#6158),.PCURVE_S1.);
#6147 = LINE('',#6148,#6149);
#6148 = CARTESIAN_POINT('',(37.223547906108,18.026923788647,0.));
#6149 = VECTOR('',#6150,1.);
#6150 = DIRECTION('',(0.,0.,1.));
#6151 = PCURVE('',#749,#6152);
#6152 = DEFINITIONAL_REPRESENTATION('',(#6153),#6157);
#6153 = LINE('',#6154,#6155);
#6154 = CARTESIAN_POINT('',(0.,0.));
#6155 = VECTOR('',#6156,1.);
#6156 = DIRECTION('',(0.,-1.));
#6157 = ( GEOMETRIC_REPRESENTATION_CONTEXT(2) 
PARAMETRIC_REPRESENTATION_CONTEXT() REPRESENTATION_CONTEXT('2D SPACE',''
  ) );
#6158 = PCURVE('',#723,#6159);
#6159 = DEFINITIONAL_REPRESENTATION('',(#6160),#6164);
#6160 = LINE('',#6161,#6162);
#6161 = CARTESIAN_POINT('',(3.14159265359,0.));
#6162 = VECTOR('',#6163,1.);
#6163 = DIRECTION('',(0.,-1.));
#6164 = ( GEOMETRIC_REPRESENTATION_CONTEXT(2) 
PARAMETRIC_REPRESENTATION_CONTEXT() REPRESENTATION_CONTEXT('2D SPACE',''
  ) );
#6165 = ORIENTED_EDGE('',*,*,#6166,.T.);
#6166 = EDGE_CURVE('',#6144,#6167,#6169,.T.);
#6167 = VERTEX_POINT('',#6168);
#6168 = CARTESIAN_POINT('',(36.56451197436,17.646429216045,2.));
#6169 = SURFACE_CURVE('',#6170,(#6174,#6181),.PCURVE_S1.);
#6170 = LINE('',#6171,#6172);
#6171 = CARTESIAN_POINT('',(37.223547906108,18.026923788647,2.));
#6172 = VECTOR('',#6173,1.);
#6173 = DIRECTION('',(-0.866025403784,-0.5,0.));
#6174 = PCURVE('',#749,#6175);
#6175 = DEFINITIONAL_REPRESENTATION('',(#6176),#6180);
#6176 = LINE('',#6177,#6178);
#6177 = CARTESIAN_POINT('',(0.,-2.));
#6178 = VECTOR('',#6179,1.);
#6179 = DIRECTION('',(1.,0.));
#6180 = ( GEOMETRIC_REPRESENTATION_CONTEXT(2) 
PARAMETRIC_REPRESENTATION_CONTEXT() REPRESENTATION_CONTEXT('2D SPACE',''
  ) );
#6181 = PCURVE('',#4325,#6182);
#6182 = DEFINITIONAL_REPRESENTATION('',(#6183),#6187);
#6183 = LINE('',#6184,#6185);
#6184 = CARTESIAN_POINT('',(37.223547906108,18.026923788647));
#6185 = VECTOR('',#6186,1.);
#6186 = DIRECTION('',(-0.866025403784,-0.5));
#6187 = ( GEOMETRIC_REPRESENTATION_CONTEXT(2) 
PARAMETRIC_REPRESENTATION_CONTEXT() REPRESENTATION_CONTEXT('2D SPACE',''
  ) );
#6188 = ORIENTED_EDGE('',*,*,#6189,.T.);
#6189 = EDGE_CURVE('',#6167,#6190,#6192,.T.);
#6190 = VERTEX_POINT('',#6191);
#6191 = CARTESIAN_POINT('',(35.869754145178,17.245310596347,2.));
#6192 = SURFACE_CURVE('',#6193,(#6197,#6204),.PCURVE_S1.);
#6193 = LINE('',#6194,#6195);
#6194 = CARTESIAN_POINT('',(37.223547906108,18.026923788647,2.));
#6195 = VECTOR('',#6196,1.);
#6196 = DIRECTION('',(-0.866025403784,-0.5,0.));
#6197 = PCURVE('',#749,#6198);
#6198 = DEFINITIONAL_REPRESENTATION('',(#6199),#6203);
#6199 = LINE('',#6200,#6201);
#6200 = CARTESIAN_POINT('',(0.,-2.));
#6201 = VECTOR('',#6202,1.);
#6202 = DIRECTION('',(1.,0.));
#6203 = ( GEOMETRIC_REPRESENTATION_CONTEXT(2) 
PARAMETRIC_REPRESENTATION_CONTEXT() REPRESENTATION_CONTEXT('2D SPACE',''
  ) );
#6204 = PCURVE('',#6205,#6210);
#6205 = PLANE('',#6206);
#6206 = AXIS2_PLACEMENT_3D('',#6207,#6208,#6209);
#6207 = CARTESIAN_POINT('',(30.419142307928,17.5625,2.));
#6208 = DIRECTION('',(0.,-0.,-1.));
#6209 = DIRECTION('',(-0.866025403784,-0.5,0.));
#6210 = DEFINITIONAL_REPRESENTATION('',(#6211),#6215);
#6211 = LINE('',#6212,#6213);
#6212 = CARTESIAN_POINT('',(-6.125,-3.));
#6213 = VECTOR('',#6214,1.);
#6214 = DIRECTION('',(1.,0.));
#6215 = ( GEOMETRIC_REPRESENTATION_CONTEXT(2) 
PARAMETRIC_REPRESENTATION_CONTEXT() REPRESENTATION_CONTEXT('2D SPACE',''
  ) );
#6216 = ORIENTED_EDGE('',*,*,#6217,.T.);
#6217 = EDGE_CURVE('',#6190,#6218,#6220,.T.);
#6218 = VERTEX_POINT('',#6219);
#6219 = CARTESIAN_POINT('',(34.653732821509,16.543240357786,2.));
#6220 = SURFACE_CURVE('',#6221,(#6225,#6232),.PCURVE_S1.);
#6221 = LINE('',#6222,#6223);
#6222 = CARTESIAN_POINT('',(37.223547906108,18.026923788647,2.));
#6223 = VECTOR('',#6224,1.);
#6224 = DIRECTION('',(-0.866025403784,-0.5,0.));
#6225 = PCURVE('',#749,#6226);
#6226 = DEFINITIONAL_REPRESENTATION('',(#6227),#6231);
#6227 = LINE('',#6228,#6229);
#6228 = CARTESIAN_POINT('',(0.,-2.));
#6229 = VECTOR('',#6230,1.);
#6230 = DIRECTION('',(1.,0.));
#6231 = ( GEOMETRIC_REPRESENTATION_CONTEXT(2) 
PARAMETRIC_REPRESENTATION_CONTEXT() REPRESENTATION_CONTEXT('2D SPACE',''
  ) );
#6232 = PCURVE('',#4274,#6233);
#6233 = DEFINITIONAL_REPRESENTATION('',(#6234),#6238);
#6234 = LINE('',#6235,#6236);
#6235 = CARTESIAN_POINT('',(37.223547906108,18.026923788647));
#6236 = VECTOR('',#6237,1.);
#6237 = DIRECTION('',(-0.866025403784,-0.5));
#6238 = ( GEOMETRIC_REPRESENTATION_CONTEXT(2) 
PARAMETRIC_REPRESENTATION_CONTEXT() REPRESENTATION_CONTEXT('2D SPACE',''
  ) );
#6239 = ORIENTED_EDGE('',*,*,#6240,.T.);
#6240 = EDGE_CURVE('',#6218,#6241,#6243,.T.);
#6241 = VERTEX_POINT('',#6242);
#6242 = CARTESIAN_POINT('',(33.958743044055,16.141987822689,2.));
#6243 = SURFACE_CURVE('',#6244,(#6248,#6255),.PCURVE_S1.);
#6244 = LINE('',#6245,#6246);
#6245 = CARTESIAN_POINT('',(37.223547906108,18.026923788647,2.));
#6246 = VECTOR('',#6247,1.);
#6247 = DIRECTION('',(-0.866025403784,-0.5,0.));
#6248 = PCURVE('',#749,#6249);
#6249 = DEFINITIONAL_REPRESENTATION('',(#6250),#6254);
#6250 = LINE('',#6251,#6252);
#6251 = CARTESIAN_POINT('',(0.,-2.));
#6252 = VECTOR('',#6253,1.);
#6253 = DIRECTION('',(1.,0.));
#6254 = ( GEOMETRIC_REPRESENTATION_CONTEXT(2) 
PARAMETRIC_REPRESENTATION_CONTEXT() REPRESENTATION_CONTEXT('2D SPACE',''
  ) );
#6255 = PCURVE('',#6256,#6261);
#6256 = PLANE('',#6257);
#6257 = AXIS2_PLACEMENT_3D('',#6258,#6259,#6260);
#6258 = CARTESIAN_POINT('',(30.419142307928,17.5625,2.));
#6259 = DIRECTION('',(0.,-0.,-1.));
#6260 = DIRECTION('',(-0.866025403784,-0.5,0.));
#6261 = DEFINITIONAL_REPRESENTATION('',(#6262),#6266);
#6262 = LINE('',#6263,#6264);
#6263 = CARTESIAN_POINT('',(-6.125,-3.));
#6264 = VECTOR('',#6265,1.);
#6265 = DIRECTION('',(1.,0.));
#6266 = ( GEOMETRIC_REPRESENTATION_CONTEXT(2) 
PARAMETRIC_REPRESENTATION_CONTEXT() REPRESENTATION_CONTEXT('2D SPACE',''
  ) );
#6267 = ORIENTED_EDGE('',*,*,#6268,.T.);
#6268 = EDGE_CURVE('',#6241,#6269,#6271,.T.);
#6269 = VERTEX_POINT('',#6270);
#6270 = CARTESIAN_POINT('',(32.74227904619,15.439662006062,2.));
#6271 = SURFACE_CURVE('',#6272,(#6276,#6283),.PCURVE_S1.);
#6272 = LINE('',#6273,#6274);
#6273 = CARTESIAN_POINT('',(37.223547906108,18.026923788647,2.));
#6274 = VECTOR('',#6275,1.);
#6275 = DIRECTION('',(-0.866025403784,-0.5,0.));
#6276 = PCURVE('',#749,#6277);
#6277 = DEFINITIONAL_REPRESENTATION('',(#6278),#6282);
#6278 = LINE('',#6279,#6280);
#6279 = CARTESIAN_POINT('',(0.,-2.));
#6280 = VECTOR('',#6281,1.);
#6281 = DIRECTION('',(1.,0.));
#6282 = ( GEOMETRIC_REPRESENTATION_CONTEXT(2) 
PARAMETRIC_REPRESENTATION_CONTEXT() REPRESENTATION_CONTEXT('2D SPACE',''
  ) );
#6283 = PCURVE('',#4223,#6284);
#6284 = DEFINITIONAL_REPRESENTATION('',(#6285),#6289);
#6285 = LINE('',#6286,#6287);
#6286 = CARTESIAN_POINT('',(37.223547906108,18.026923788647));
#6287 = VECTOR('',#6288,1.);
#6288 = DIRECTION('',(-0.866025403784,-0.5));
#6289 = ( GEOMETRIC_REPRESENTATION_CONTEXT(2) 
PARAMETRIC_REPRESENTATION_CONTEXT() REPRESENTATION_CONTEXT('2D SPACE',''
  ) );
#6290 = ORIENTED_EDGE('',*,*,#6291,.T.);
#6291 = EDGE_CURVE('',#6269,#6292,#6294,.T.);
#6292 = VERTEX_POINT('',#6293);
#6293 = CARTESIAN_POINT('',(32.047012947259,15.038249936685,2.));
#6294 = SURFACE_CURVE('',#6295,(#6299,#6306),.PCURVE_S1.);
#6295 = LINE('',#6296,#6297);
#6296 = CARTESIAN_POINT('',(37.223547906108,18.026923788647,2.));
#6297 = VECTOR('',#6298,1.);
#6298 = DIRECTION('',(-0.866025403784,-0.5,0.));
#6299 = PCURVE('',#749,#6300);
#6300 = DEFINITIONAL_REPRESENTATION('',(#6301),#6305);
#6301 = LINE('',#6302,#6303);
#6302 = CARTESIAN_POINT('',(0.,-2.));
#6303 = VECTOR('',#6304,1.);
#6304 = DIRECTION('',(1.,0.));
#6305 = ( GEOMETRIC_REPRESENTATION_CONTEXT(2) 
PARAMETRIC_REPRESENTATION_CONTEXT() REPRESENTATION_CONTEXT('2D SPACE',''
  ) );
#6306 = PCURVE('',#6307,#6312);
#6307 = PLANE('',#6308);
#6308 = AXIS2_PLACEMENT_3D('',#6309,#6310,#6311);
#6309 = CARTESIAN_POINT('',(30.419142307928,17.5625,2.));
#6310 = DIRECTION('',(0.,-0.,-1.));
#6311 = DIRECTION('',(-0.866025403784,-0.5,0.));
#6312 = DEFINITIONAL_REPRESENTATION('',(#6313),#6317);
#6313 = LINE('',#6314,#6315);
#6314 = CARTESIAN_POINT('',(-6.125,-3.));
#6315 = VECTOR('',#6316,1.);
#6316 = DIRECTION('',(1.,0.));
#6317 = ( GEOMETRIC_REPRESENTATION_CONTEXT(2) 
PARAMETRIC_REPRESENTATION_CONTEXT() REPRESENTATION_CONTEXT('2D SPACE',''
  ) );
#6318 = ORIENTED_EDGE('',*,*,#6319,.T.);
#6319 = EDGE_CURVE('',#6292,#6320,#6322,.T.);
#6320 = VERTEX_POINT('',#6321);
#6321 = CARTESIAN_POINT('',(30.830018752125,14.335618010523,2.));
#6322 = SURFACE_CURVE('',#6323,(#6327,#6334),.PCURVE_S1.);
#6323 = LINE('',#6324,#6325);
#6324 = CARTESIAN_POINT('',(37.223547906108,18.026923788647,2.));
#6325 = VECTOR('',#6326,1.);
#6326 = DIRECTION('',(-0.866025403784,-0.5,0.));
#6327 = PCURVE('',#749,#6328);
#6328 = DEFINITIONAL_REPRESENTATION('',(#6329),#6333);
#6329 = LINE('',#6330,#6331);
#6330 = CARTESIAN_POINT('',(0.,-2.));
#6331 = VECTOR('',#6332,1.);
#6332 = DIRECTION('',(1.,0.));
#6333 = ( GEOMETRIC_REPRESENTATION_CONTEXT(2) 
PARAMETRIC_REPRESENTATION_CONTEXT() REPRESENTATION_CONTEXT('2D SPACE',''
  ) );
#6334 = PCURVE('',#4172,#6335);
#6335 = DEFINITIONAL_REPRESENTATION('',(#6336),#6340);
#6336 = LINE('',#6337,#6338);
#6337 = CARTESIAN_POINT('',(37.223547906108,18.026923788647));
#6338 = VECTOR('',#6339,1.);
#6339 = DIRECTION('',(-0.866025403784,-0.5));
#6340 = ( GEOMETRIC_REPRESENTATION_CONTEXT(2) 
PARAMETRIC_REPRESENTATION_CONTEXT() REPRESENTATION_CONTEXT('2D SPACE',''
  ) );
#6341 = ORIENTED_EDGE('',*,*,#6342,.T.);
#6342 = EDGE_CURVE('',#6320,#6343,#6345,.T.);
#6343 = VERTEX_POINT('',#6344);
#6344 = CARTESIAN_POINT('',(30.134419847449,13.93401379566,2.));
#6345 = SURFACE_CURVE('',#6346,(#6350,#6357),.PCURVE_S1.);
#6346 = LINE('',#6347,#6348);
#6347 = CARTESIAN_POINT('',(37.223547906108,18.026923788647,2.));
#6348 = VECTOR('',#6349,1.);
#6349 = DIRECTION('',(-0.866025403784,-0.5,0.));
#6350 = PCURVE('',#749,#6351);
#6351 = DEFINITIONAL_REPRESENTATION('',(#6352),#6356);
#6352 = LINE('',#6353,#6354);
#6353 = CARTESIAN_POINT('',(0.,-2.));
#6354 = VECTOR('',#6355,1.);
#6355 = DIRECTION('',(1.,0.));
#6356 = ( GEOMETRIC_REPRESENTATION_CONTEXT(2) 
PARAMETRIC_REPRESENTATION_CONTEXT() REPRESENTATION_CONTEXT('2D SPACE',''
  ) );
#6357 = PCURVE('',#6358,#6363);
#6358 = PLANE('',#6359);
#6359 = AXIS2_PLACEMENT_3D('',#6360,#6361,#6362);
#6360 = CARTESIAN_POINT('',(30.419142307928,17.5625,2.));
#6361 = DIRECTION('',(0.,-0.,-1.));
#6362 = DIRECTION('',(-0.866025403784,-0.5,0.));
#6363 = DEFINITIONAL_REPRESENTATION('',(#6364),#6368);
#6364 = LINE('',#6365,#6366);
#6365 = CARTESIAN_POINT('',(-6.125,-3.));
#6366 = VECTOR('',#6367,1.);
#6367 = DIRECTION('',(1.,0.));
#6368 = ( GEOMETRIC_REPRESENTATION_CONTEXT(2) 
PARAMETRIC_REPRESENTATION_CONTEXT() REPRESENTATION_CONTEXT('2D SPACE',''
  ) );
#6369 = ORIENTED_EDGE('',*,*,#6370,.T.);
#6370 = EDGE_CURVE('',#6343,#6371,#6373,.T.);
#6371 = VERTEX_POINT('',#6372);
#6372 = CARTESIAN_POINT('',(28.91678318111,13.231010938574,2.));
#6373 = SURFACE_CURVE('',#6374,(#6378,#6385),.PCURVE_S1.);
#6374 = LINE('',#6375,#6376);
#6375 = CARTESIAN_POINT('',(37.223547906108,18.026923788647,2.));
#6376 = VECTOR('',#6377,1.);
#6377 = DIRECTION('',(-0.866025403784,-0.5,0.));
#6378 = PCURVE('',#749,#6379);
#6379 = DEFINITIONAL_REPRESENTATION('',(#6380),#6384);
#6380 = LINE('',#6381,#6382);
#6381 = CARTESIAN_POINT('',(0.,-2.));
#6382 = VECTOR('',#6383,1.);
#6383 = DIRECTION('',(1.,0.));
#6384 = ( GEOMETRIC_REPRESENTATION_CONTEXT(2) 
PARAMETRIC_REPRESENTATION_CONTEXT() REPRESENTATION_CONTEXT('2D SPACE',''
  ) );
#6385 = PCURVE('',#4121,#6386);
#6386 = DEFINITIONAL_REPRESENTATION('',(#6387),#6391);
#6387 = LINE('',#6388,#6389);
#6388 = CARTESIAN_POINT('',(37.223547906108,18.026923788647));
#6389 = VECTOR('',#6390,1.);
#6390 = DIRECTION('',(-0.866025403784,-0.5));
#6391 = ( GEOMETRIC_REPRESENTATION_CONTEXT(2) 
PARAMETRIC_REPRESENTATION_CONTEXT() REPRESENTATION_CONTEXT('2D SPACE',''
  ) );
#6392 = ORIENTED_EDGE('',*,*,#6393,.T.);
#6393 = EDGE_CURVE('',#6371,#6394,#6396,.T.);
#6394 = VERTEX_POINT('',#6395);
#6395 = CARTESIAN_POINT('',(28.220778431775,12.829172409189,2.));
#6396 = SURFACE_CURVE('',#6397,(#6401,#6408),.PCURVE_S1.);
#6397 = LINE('',#6398,#6399);
#6398 = CARTESIAN_POINT('',(37.223547906108,18.026923788647,2.));
#6399 = VECTOR('',#6400,1.);
#6400 = DIRECTION('',(-0.866025403784,-0.5,0.));
#6401 = PCURVE('',#749,#6402);
#6402 = DEFINITIONAL_REPRESENTATION('',(#6403),#6407);
#6403 = LINE('',#6404,#6405);
#6404 = CARTESIAN_POINT('',(0.,-2.));
#6405 = VECTOR('',#6406,1.);
#6406 = DIRECTION('',(1.,0.));
#6407 = ( GEOMETRIC_REPRESENTATION_CONTEXT(2) 
PARAMETRIC_REPRESENTATION_CONTEXT() REPRESENTATION_CONTEXT('2D SPACE',''
  ) );
#6408 = PCURVE('',#6409,#6414);
#6409 = PLANE('',#6410);
#6410 = AXIS2_PLACEMENT_3D('',#6411,#6412,#6413);
#6411 = CARTESIAN_POINT('',(30.419142307928,17.5625,2.));
#6412 = DIRECTION('',(0.,-0.,-1.));
#6413 = DIRECTION('',(-0.866025403784,-0.5,0.));
#6414 = DEFINITIONAL_REPRESENTATION('',(#6415),#6419);
#6415 = LINE('',#6416,#6417);
#6416 = CARTESIAN_POINT('',(-6.125,-3.));
#6417 = VECTOR('',#6418,1.);
#6418 = DIRECTION('',(1.,0.));
#6419 = ( GEOMETRIC_REPRESENTATION_CONTEXT(2) 
PARAMETRIC_REPRESENTATION_CONTEXT() REPRESENTATION_CONTEXT('2D SPACE',''
  ) );
#6420 = ORIENTED_EDGE('',*,*,#6421,.T.);
#6421 = EDGE_CURVE('',#6394,#6422,#6424,.T.);
#6422 = VERTEX_POINT('',#6423);
#6423 = CARTESIAN_POINT('',(27.002352832631,12.125714061535,2.));
#6424 = SURFACE_CURVE('',#6425,(#6429,#6436),.PCURVE_S1.);
#6425 = LINE('',#6426,#6427);
#6426 = CARTESIAN_POINT('',(37.223547906108,18.026923788647,2.));
#6427 = VECTOR('',#6428,1.);
#6428 = DIRECTION('',(-0.866025403784,-0.5,0.));
#6429 = PCURVE('',#749,#6430);
#6430 = DEFINITIONAL_REPRESENTATION('',(#6431),#6435);
#6431 = LINE('',#6432,#6433);
#6432 = CARTESIAN_POINT('',(0.,-2.));
#6433 = VECTOR('',#6434,1.);
#6434 = DIRECTION('',(1.,0.));
#6435 = ( GEOMETRIC_REPRESENTATION_CONTEXT(2) 
PARAMETRIC_REPRESENTATION_CONTEXT() REPRESENTATION_CONTEXT('2D SPACE',''
  ) );
#6436 = PCURVE('',#4070,#6437);
#6437 = DEFINITIONAL_REPRESENTATION('',(#6438),#6442);
#6438 = LINE('',#6439,#6440);
#6439 = CARTESIAN_POINT('',(37.223547906108,18.026923788647));
#6440 = VECTOR('',#6441,1.);
#6441 = DIRECTION('',(-0.866025403784,-0.5));
#6442 = ( GEOMETRIC_REPRESENTATION_CONTEXT(2) 
PARAMETRIC_REPRESENTATION_CONTEXT() REPRESENTATION_CONTEXT('2D SPACE',''
  ) );
#6443 = ORIENTED_EDGE('',*,*,#6444,.T.);
#6444 = EDGE_CURVE('',#6422,#5901,#6445,.T.);
#6445 = SURFACE_CURVE('',#6446,(#6450,#6457),.PCURVE_S1.);
#6446 = LINE('',#6447,#6448);
#6447 = CARTESIAN_POINT('',(37.223547906108,18.026923788647,2.));
#6448 = VECTOR('',#6449,1.);
#6449 = DIRECTION('',(-0.866025403784,-0.5,0.));
#6450 = PCURVE('',#749,#6451);
#6451 = DEFINITIONAL_REPRESENTATION('',(#6452),#6456);
#6452 = LINE('',#6453,#6454);
#6453 = CARTESIAN_POINT('',(0.,-2.));
#6454 = VECTOR('',#6455,1.);
#6455 = DIRECTION('',(1.,0.));
#6456 = ( GEOMETRIC_REPRESENTATION_CONTEXT(2) 
PARAMETRIC_REPRESENTATION_CONTEXT() REPRESENTATION_CONTEXT('2D SPACE',''
  ) );
#6457 = PCURVE('',#5940,#6458);
#6458 = DEFINITIONAL_REPRESENTATION('',(#6459),#6463);
#6459 = LINE('',#6460,#6461);
#6460 = CARTESIAN_POINT('',(-6.125,-3.));
#6461 = VECTOR('',#6462,1.);
#6462 = DIRECTION('',(1.,0.));
#6463 = ( GEOMETRIC_REPRESENTATION_CONTEXT(2) 
PARAMETRIC_REPRESENTATION_CONTEXT() REPRESENTATION_CONTEXT('2D SPACE',''
  ) );
#6464 = ORIENTED_EDGE('',*,*,#5900,.F.);
#6465 = ORIENTED_EDGE('',*,*,#735,.F.);
#6466 = ADVANCED_FACE('',(#6467),#690,.F.);
#6467 = FACE_BOUND('',#6468,.F.);
#6468 = EDGE_LOOP('',(#6469,#6470,#6493,#6521,#6544,#6572,#6595,#6623,
    #6646,#6674,#6697,#6725,#6748,#6776,#6797));
#6469 = ORIENTED_EDGE('',*,*,#6118,.T.);
#6470 = ORIENTED_EDGE('',*,*,#6471,.T.);
#6471 = EDGE_CURVE('',#6095,#6472,#6474,.T.);
#6472 = VERTEX_POINT('',#6473);
#6473 = CARTESIAN_POINT('',(24.002352832631,17.321866484241,2.));
#6474 = SURFACE_CURVE('',#6475,(#6479,#6486),.PCURVE_S1.);
#6475 = LINE('',#6476,#6477);
#6476 = CARTESIAN_POINT('',(23.614736709749,17.098076211353,2.));
#6477 = VECTOR('',#6478,1.);
#6478 = DIRECTION('',(0.866025403784,0.5,0.));
#6479 = PCURVE('',#690,#6480);
#6480 = DEFINITIONAL_REPRESENTATION('',(#6481),#6485);
#6481 = LINE('',#6482,#6483);
#6482 = CARTESIAN_POINT('',(0.,-2.));
#6483 = VECTOR('',#6484,1.);
#6484 = DIRECTION('',(1.,0.));
#6485 = ( GEOMETRIC_REPRESENTATION_CONTEXT(2) 
PARAMETRIC_REPRESENTATION_CONTEXT() REPRESENTATION_CONTEXT('2D SPACE',''
  ) );
#6486 = PCURVE('',#5940,#6487);
#6487 = DEFINITIONAL_REPRESENTATION('',(#6488),#6492);
#6488 = LINE('',#6489,#6490);
#6489 = CARTESIAN_POINT('',(6.125,3.));
#6490 = VECTOR('',#6491,1.);
#6491 = DIRECTION('',(-1.,0.));
#6492 = ( GEOMETRIC_REPRESENTATION_CONTEXT(2) 
PARAMETRIC_REPRESENTATION_CONTEXT() REPRESENTATION_CONTEXT('2D SPACE',''
  ) );
#6493 = ORIENTED_EDGE('',*,*,#6494,.T.);
#6494 = EDGE_CURVE('',#6472,#6495,#6497,.T.);
#6495 = VERTEX_POINT('',#6496);
#6496 = CARTESIAN_POINT('',(25.220778431774,18.025324831895,2.));
#6497 = SURFACE_CURVE('',#6498,(#6502,#6509),.PCURVE_S1.);
#6498 = LINE('',#6499,#6500);
#6499 = CARTESIAN_POINT('',(23.614736709749,17.098076211353,2.));
#6500 = VECTOR('',#6501,1.);
#6501 = DIRECTION('',(0.866025403784,0.5,0.));
#6502 = PCURVE('',#690,#6503);
#6503 = DEFINITIONAL_REPRESENTATION('',(#6504),#6508);
#6504 = LINE('',#6505,#6506);
#6505 = CARTESIAN_POINT('',(0.,-2.));
#6506 = VECTOR('',#6507,1.);
#6507 = DIRECTION('',(1.,0.));
#6508 = ( GEOMETRIC_REPRESENTATION_CONTEXT(2) 
PARAMETRIC_REPRESENTATION_CONTEXT() REPRESENTATION_CONTEXT('2D SPACE',''
  ) );
#6509 = PCURVE('',#6510,#6515);
#6510 = PLANE('',#6511);
#6511 = AXIS2_PLACEMENT_3D('',#6512,#6513,#6514);
#6512 = CARTESIAN_POINT('',(-2.808005405856E-15,3.707602883041E-15,2.));
#6513 = DIRECTION('',(0.,0.,1.));
#6514 = DIRECTION('',(1.,0.,-0.));
#6515 = DEFINITIONAL_REPRESENTATION('',(#6516),#6520);
#6516 = LINE('',#6517,#6518);
#6517 = CARTESIAN_POINT('',(23.614736709749,17.098076211353));
#6518 = VECTOR('',#6519,1.);
#6519 = DIRECTION('',(0.866025403784,0.5));
#6520 = ( GEOMETRIC_REPRESENTATION_CONTEXT(2) 
PARAMETRIC_REPRESENTATION_CONTEXT() REPRESENTATION_CONTEXT('2D SPACE',''
  ) );
#6521 = ORIENTED_EDGE('',*,*,#6522,.T.);
#6522 = EDGE_CURVE('',#6495,#6523,#6525,.T.);
#6523 = VERTEX_POINT('',#6524);
#6524 = CARTESIAN_POINT('',(25.916783181111,18.42716336128,2.));
#6525 = SURFACE_CURVE('',#6526,(#6530,#6537),.PCURVE_S1.);
#6526 = LINE('',#6527,#6528);
#6527 = CARTESIAN_POINT('',(23.614736709749,17.098076211353,2.));
#6528 = VECTOR('',#6529,1.);
#6529 = DIRECTION('',(0.866025403784,0.5,0.));
#6530 = PCURVE('',#690,#6531);
#6531 = DEFINITIONAL_REPRESENTATION('',(#6532),#6536);
#6532 = LINE('',#6533,#6534);
#6533 = CARTESIAN_POINT('',(0.,-2.));
#6534 = VECTOR('',#6535,1.);
#6535 = DIRECTION('',(1.,0.));
#6536 = ( GEOMETRIC_REPRESENTATION_CONTEXT(2) 
PARAMETRIC_REPRESENTATION_CONTEXT() REPRESENTATION_CONTEXT('2D SPACE',''
  ) );
#6537 = PCURVE('',#6409,#6538);
#6538 = DEFINITIONAL_REPRESENTATION('',(#6539),#6543);
#6539 = LINE('',#6540,#6541);
#6540 = CARTESIAN_POINT('',(6.125,3.));
#6541 = VECTOR('',#6542,1.);
#6542 = DIRECTION('',(-1.,0.));
#6543 = ( GEOMETRIC_REPRESENTATION_CONTEXT(2) 
PARAMETRIC_REPRESENTATION_CONTEXT() REPRESENTATION_CONTEXT('2D SPACE',''
  ) );
#6544 = ORIENTED_EDGE('',*,*,#6545,.T.);
#6545 = EDGE_CURVE('',#6523,#6546,#6548,.T.);
#6546 = VERTEX_POINT('',#6547);
#6547 = CARTESIAN_POINT('',(27.13441984745,19.130166218366,2.));
#6548 = SURFACE_CURVE('',#6549,(#6553,#6560),.PCURVE_S1.);
#6549 = LINE('',#6550,#6551);
#6550 = CARTESIAN_POINT('',(23.614736709749,17.098076211353,2.));
#6551 = VECTOR('',#6552,1.);
#6552 = DIRECTION('',(0.866025403784,0.5,0.));
#6553 = PCURVE('',#690,#6554);
#6554 = DEFINITIONAL_REPRESENTATION('',(#6555),#6559);
#6555 = LINE('',#6556,#6557);
#6556 = CARTESIAN_POINT('',(0.,-2.));
#6557 = VECTOR('',#6558,1.);
#6558 = DIRECTION('',(1.,0.));
#6559 = ( GEOMETRIC_REPRESENTATION_CONTEXT(2) 
PARAMETRIC_REPRESENTATION_CONTEXT() REPRESENTATION_CONTEXT('2D SPACE',''
  ) );
#6560 = PCURVE('',#6561,#6566);
#6561 = PLANE('',#6562);
#6562 = AXIS2_PLACEMENT_3D('',#6563,#6564,#6565);
#6563 = CARTESIAN_POINT('',(-2.808005405856E-15,3.707602883041E-15,2.));
#6564 = DIRECTION('',(0.,0.,1.));
#6565 = DIRECTION('',(1.,0.,-0.));
#6566 = DEFINITIONAL_REPRESENTATION('',(#6567),#6571);
#6567 = LINE('',#6568,#6569);
#6568 = CARTESIAN_POINT('',(23.614736709749,17.098076211353));
#6569 = VECTOR('',#6570,1.);
#6570 = DIRECTION('',(0.866025403784,0.5));
#6571 = ( GEOMETRIC_REPRESENTATION_CONTEXT(2) 
PARAMETRIC_REPRESENTATION_CONTEXT() REPRESENTATION_CONTEXT('2D SPACE',''
  ) );
#6572 = ORIENTED_EDGE('',*,*,#6573,.T.);
#6573 = EDGE_CURVE('',#6546,#6574,#6576,.T.);
#6574 = VERTEX_POINT('',#6575);
#6575 = CARTESIAN_POINT('',(27.830018752125,19.531770433229,2.));
#6576 = SURFACE_CURVE('',#6577,(#6581,#6588),.PCURVE_S1.);
#6577 = LINE('',#6578,#6579);
#6578 = CARTESIAN_POINT('',(23.614736709749,17.098076211353,2.));
#6579 = VECTOR('',#6580,1.);
#6580 = DIRECTION('',(0.866025403784,0.5,0.));
#6581 = PCURVE('',#690,#6582);
#6582 = DEFINITIONAL_REPRESENTATION('',(#6583),#6587);
#6583 = LINE('',#6584,#6585);
#6584 = CARTESIAN_POINT('',(0.,-2.));
#6585 = VECTOR('',#6586,1.);
#6586 = DIRECTION('',(1.,0.));
#6587 = ( GEOMETRIC_REPRESENTATION_CONTEXT(2) 
PARAMETRIC_REPRESENTATION_CONTEXT() REPRESENTATION_CONTEXT('2D SPACE',''
  ) );
#6588 = PCURVE('',#6358,#6589);
#6589 = DEFINITIONAL_REPRESENTATION('',(#6590),#6594);
#6590 = LINE('',#6591,#6592);
#6591 = CARTESIAN_POINT('',(6.125,3.));
#6592 = VECTOR('',#6593,1.);
#6593 = DIRECTION('',(-1.,0.));
#6594 = ( GEOMETRIC_REPRESENTATION_CONTEXT(2) 
PARAMETRIC_REPRESENTATION_CONTEXT() REPRESENTATION_CONTEXT('2D SPACE',''
  ) );
#6595 = ORIENTED_EDGE('',*,*,#6596,.T.);
#6596 = EDGE_CURVE('',#6574,#6597,#6599,.T.);
#6597 = VERTEX_POINT('',#6598);
#6598 = CARTESIAN_POINT('',(29.047012947259,20.234402359393,2.));
#6599 = SURFACE_CURVE('',#6600,(#6604,#6611),.PCURVE_S1.);
#6600 = LINE('',#6601,#6602);
#6601 = CARTESIAN_POINT('',(23.614736709749,17.098076211353,2.));
#6602 = VECTOR('',#6603,1.);
#6603 = DIRECTION('',(0.866025403784,0.5,0.));
#6604 = PCURVE('',#690,#6605);
#6605 = DEFINITIONAL_REPRESENTATION('',(#6606),#6610);
#6606 = LINE('',#6607,#6608);
#6607 = CARTESIAN_POINT('',(0.,-2.));
#6608 = VECTOR('',#6609,1.);
#6609 = DIRECTION('',(1.,0.));
#6610 = ( GEOMETRIC_REPRESENTATION_CONTEXT(2) 
PARAMETRIC_REPRESENTATION_CONTEXT() REPRESENTATION_CONTEXT('2D SPACE',''
  ) );
#6611 = PCURVE('',#6612,#6617);
#6612 = PLANE('',#6613);
#6613 = AXIS2_PLACEMENT_3D('',#6614,#6615,#6616);
#6614 = CARTESIAN_POINT('',(-2.808005405856E-15,3.707602883041E-15,2.));
#6615 = DIRECTION('',(0.,0.,1.));
#6616 = DIRECTION('',(1.,0.,-0.));
#6617 = DEFINITIONAL_REPRESENTATION('',(#6618),#6622);
#6618 = LINE('',#6619,#6620);
#6619 = CARTESIAN_POINT('',(23.614736709749,17.098076211353));
#6620 = VECTOR('',#6621,1.);
#6621 = DIRECTION('',(0.866025403784,0.5));
#6622 = ( GEOMETRIC_REPRESENTATION_CONTEXT(2) 
PARAMETRIC_REPRESENTATION_CONTEXT() REPRESENTATION_CONTEXT('2D SPACE',''
  ) );
#6623 = ORIENTED_EDGE('',*,*,#6624,.T.);
#6624 = EDGE_CURVE('',#6597,#6625,#6627,.T.);
#6625 = VERTEX_POINT('',#6626);
#6626 = CARTESIAN_POINT('',(29.74227904619,20.635814428768,2.));
#6627 = SURFACE_CURVE('',#6628,(#6632,#6639),.PCURVE_S1.);
#6628 = LINE('',#6629,#6630);
#6629 = CARTESIAN_POINT('',(23.614736709749,17.098076211353,2.));
#6630 = VECTOR('',#6631,1.);
#6631 = DIRECTION('',(0.866025403784,0.5,0.));
#6632 = PCURVE('',#690,#6633);
#6633 = DEFINITIONAL_REPRESENTATION('',(#6634),#6638);
#6634 = LINE('',#6635,#6636);
#6635 = CARTESIAN_POINT('',(0.,-2.));
#6636 = VECTOR('',#6637,1.);
#6637 = DIRECTION('',(1.,0.));
#6638 = ( GEOMETRIC_REPRESENTATION_CONTEXT(2) 
PARAMETRIC_REPRESENTATION_CONTEXT() REPRESENTATION_CONTEXT('2D SPACE',''
  ) );
#6639 = PCURVE('',#6307,#6640);
#6640 = DEFINITIONAL_REPRESENTATION('',(#6641),#6645);
#6641 = LINE('',#6642,#6643);
#6642 = CARTESIAN_POINT('',(6.125,3.));
#6643 = VECTOR('',#6644,1.);
#6644 = DIRECTION('',(-1.,0.));
#6645 = ( GEOMETRIC_REPRESENTATION_CONTEXT(2) 
PARAMETRIC_REPRESENTATION_CONTEXT() REPRESENTATION_CONTEXT('2D SPACE',''
  ) );
#6646 = ORIENTED_EDGE('',*,*,#6647,.T.);
#6647 = EDGE_CURVE('',#6625,#6648,#6650,.T.);
#6648 = VERTEX_POINT('',#6649);
#6649 = CARTESIAN_POINT('',(30.958743044056,21.338140245394,2.));
#6650 = SURFACE_CURVE('',#6651,(#6655,#6662),.PCURVE_S1.);
#6651 = LINE('',#6652,#6653);
#6652 = CARTESIAN_POINT('',(23.614736709749,17.098076211353,2.));
#6653 = VECTOR('',#6654,1.);
#6654 = DIRECTION('',(0.866025403784,0.5,0.));
#6655 = PCURVE('',#690,#6656);
#6656 = DEFINITIONAL_REPRESENTATION('',(#6657),#6661);
#6657 = LINE('',#6658,#6659);
#6658 = CARTESIAN_POINT('',(0.,-2.));
#6659 = VECTOR('',#6660,1.);
#6660 = DIRECTION('',(1.,0.));
#6661 = ( GEOMETRIC_REPRESENTATION_CONTEXT(2) 
PARAMETRIC_REPRESENTATION_CONTEXT() REPRESENTATION_CONTEXT('2D SPACE',''
  ) );
#6662 = PCURVE('',#6663,#6668);
#6663 = PLANE('',#6664);
#6664 = AXIS2_PLACEMENT_3D('',#6665,#6666,#6667);
#6665 = CARTESIAN_POINT('',(-2.808005405856E-15,3.707602883041E-15,2.));
#6666 = DIRECTION('',(0.,0.,1.));
#6667 = DIRECTION('',(1.,0.,-0.));
#6668 = DEFINITIONAL_REPRESENTATION('',(#6669),#6673);
#6669 = LINE('',#6670,#6671);
#6670 = CARTESIAN_POINT('',(23.614736709749,17.098076211353));
#6671 = VECTOR('',#6672,1.);
#6672 = DIRECTION('',(0.866025403784,0.5));
#6673 = ( GEOMETRIC_REPRESENTATION_CONTEXT(2) 
PARAMETRIC_REPRESENTATION_CONTEXT() REPRESENTATION_CONTEXT('2D SPACE',''
  ) );
#6674 = ORIENTED_EDGE('',*,*,#6675,.T.);
#6675 = EDGE_CURVE('',#6648,#6676,#6678,.T.);
#6676 = VERTEX_POINT('',#6677);
#6677 = CARTESIAN_POINT('',(31.653732821509,21.739392780493,2.));
#6678 = SURFACE_CURVE('',#6679,(#6683,#6690),.PCURVE_S1.);
#6679 = LINE('',#6680,#6681);
#6680 = CARTESIAN_POINT('',(23.614736709749,17.098076211353,2.));
#6681 = VECTOR('',#6682,1.);
#6682 = DIRECTION('',(0.866025403784,0.5,0.));
#6683 = PCURVE('',#690,#6684);
#6684 = DEFINITIONAL_REPRESENTATION('',(#6685),#6689);
#6685 = LINE('',#6686,#6687);
#6686 = CARTESIAN_POINT('',(0.,-2.));
#6687 = VECTOR('',#6688,1.);
#6688 = DIRECTION('',(1.,0.));
#6689 = ( GEOMETRIC_REPRESENTATION_CONTEXT(2) 
PARAMETRIC_REPRESENTATION_CONTEXT() REPRESENTATION_CONTEXT('2D SPACE',''
  ) );
#6690 = PCURVE('',#6256,#6691);
#6691 = DEFINITIONAL_REPRESENTATION('',(#6692),#6696);
#6692 = LINE('',#6693,#6694);
#6693 = CARTESIAN_POINT('',(6.125,3.));
#6694 = VECTOR('',#6695,1.);
#6695 = DIRECTION('',(-1.,0.));
#6696 = ( GEOMETRIC_REPRESENTATION_CONTEXT(2) 
PARAMETRIC_REPRESENTATION_CONTEXT() REPRESENTATION_CONTEXT('2D SPACE',''
  ) );
#6697 = ORIENTED_EDGE('',*,*,#6698,.T.);
#6698 = EDGE_CURVE('',#6676,#6699,#6701,.T.);
#6699 = VERTEX_POINT('',#6700);
#6700 = CARTESIAN_POINT('',(32.869754145179,22.441463019053,2.));
#6701 = SURFACE_CURVE('',#6702,(#6706,#6713),.PCURVE_S1.);
#6702 = LINE('',#6703,#6704);
#6703 = CARTESIAN_POINT('',(23.614736709749,17.098076211353,2.));
#6704 = VECTOR('',#6705,1.);
#6705 = DIRECTION('',(0.866025403784,0.5,0.));
#6706 = PCURVE('',#690,#6707);
#6707 = DEFINITIONAL_REPRESENTATION('',(#6708),#6712);
#6708 = LINE('',#6709,#6710);
#6709 = CARTESIAN_POINT('',(0.,-2.));
#6710 = VECTOR('',#6711,1.);
#6711 = DIRECTION('',(1.,0.));
#6712 = ( GEOMETRIC_REPRESENTATION_CONTEXT(2) 
PARAMETRIC_REPRESENTATION_CONTEXT() REPRESENTATION_CONTEXT('2D SPACE',''
  ) );
#6713 = PCURVE('',#6714,#6719);
#6714 = PLANE('',#6715);
#6715 = AXIS2_PLACEMENT_3D('',#6716,#6717,#6718);
#6716 = CARTESIAN_POINT('',(-2.808005405856E-15,3.707602883041E-15,2.));
#6717 = DIRECTION('',(0.,0.,1.));
#6718 = DIRECTION('',(1.,0.,-0.));
#6719 = DEFINITIONAL_REPRESENTATION('',(#6720),#6724);
#6720 = LINE('',#6721,#6722);
#6721 = CARTESIAN_POINT('',(23.614736709749,17.098076211353));
#6722 = VECTOR('',#6723,1.);
#6723 = DIRECTION('',(0.866025403784,0.5));
#6724 = ( GEOMETRIC_REPRESENTATION_CONTEXT(2) 
PARAMETRIC_REPRESENTATION_CONTEXT() REPRESENTATION_CONTEXT('2D SPACE',''
  ) );
#6725 = ORIENTED_EDGE('',*,*,#6726,.T.);
#6726 = EDGE_CURVE('',#6699,#6727,#6729,.T.);
#6727 = VERTEX_POINT('',#6728);
#6728 = CARTESIAN_POINT('',(33.56451197436,22.842581638752,2.));
#6729 = SURFACE_CURVE('',#6730,(#6734,#6741),.PCURVE_S1.);
#6730 = LINE('',#6731,#6732);
#6731 = CARTESIAN_POINT('',(23.614736709749,17.098076211353,2.));
#6732 = VECTOR('',#6733,1.);
#6733 = DIRECTION('',(0.866025403784,0.5,0.));
#6734 = PCURVE('',#690,#6735);
#6735 = DEFINITIONAL_REPRESENTATION('',(#6736),#6740);
#6736 = LINE('',#6737,#6738);
#6737 = CARTESIAN_POINT('',(0.,-2.));
#6738 = VECTOR('',#6739,1.);
#6739 = DIRECTION('',(1.,0.));
#6740 = ( GEOMETRIC_REPRESENTATION_CONTEXT(2) 
PARAMETRIC_REPRESENTATION_CONTEXT() REPRESENTATION_CONTEXT('2D SPACE',''
  ) );
#6741 = PCURVE('',#6205,#6742);
#6742 = DEFINITIONAL_REPRESENTATION('',(#6743),#6747);
#6743 = LINE('',#6744,#6745);
#6744 = CARTESIAN_POINT('',(6.125,3.));
#6745 = VECTOR('',#6746,1.);
#6746 = DIRECTION('',(-1.,0.));
#6747 = ( GEOMETRIC_REPRESENTATION_CONTEXT(2) 
PARAMETRIC_REPRESENTATION_CONTEXT() REPRESENTATION_CONTEXT('2D SPACE',''
  ) );
#6748 = ORIENTED_EDGE('',*,*,#6749,.T.);
#6749 = EDGE_CURVE('',#6727,#6750,#6752,.T.);
#6750 = VERTEX_POINT('',#6751);
#6751 = CARTESIAN_POINT('',(34.223547906108,23.223076211353,2.));
#6752 = SURFACE_CURVE('',#6753,(#6757,#6764),.PCURVE_S1.);
#6753 = LINE('',#6754,#6755);
#6754 = CARTESIAN_POINT('',(23.614736709749,17.098076211353,2.));
#6755 = VECTOR('',#6756,1.);
#6756 = DIRECTION('',(0.866025403784,0.5,0.));
#6757 = PCURVE('',#690,#6758);
#6758 = DEFINITIONAL_REPRESENTATION('',(#6759),#6763);
#6759 = LINE('',#6760,#6761);
#6760 = CARTESIAN_POINT('',(0.,-2.));
#6761 = VECTOR('',#6762,1.);
#6762 = DIRECTION('',(1.,0.));
#6763 = ( GEOMETRIC_REPRESENTATION_CONTEXT(2) 
PARAMETRIC_REPRESENTATION_CONTEXT() REPRESENTATION_CONTEXT('2D SPACE',''
  ) );
#6764 = PCURVE('',#6765,#6770);
#6765 = PLANE('',#6766);
#6766 = AXIS2_PLACEMENT_3D('',#6767,#6768,#6769);
#6767 = CARTESIAN_POINT('',(-2.808005405856E-15,3.707602883041E-15,2.));
#6768 = DIRECTION('',(0.,0.,1.));
#6769 = DIRECTION('',(1.,0.,-0.));
#6770 = DEFINITIONAL_REPRESENTATION('',(#6771),#6775);
#6771 = LINE('',#6772,#6773);
#6772 = CARTESIAN_POINT('',(23.614736709749,17.098076211353));
#6773 = VECTOR('',#6774,1.);
#6774 = DIRECTION('',(0.866025403784,0.5));
#6775 = ( GEOMETRIC_REPRESENTATION_CONTEXT(2) 
PARAMETRIC_REPRESENTATION_CONTEXT() REPRESENTATION_CONTEXT('2D SPACE',''
  ) );
#6776 = ORIENTED_EDGE('',*,*,#6777,.F.);
#6777 = EDGE_CURVE('',#675,#6750,#6778,.T.);
#6778 = SURFACE_CURVE('',#6779,(#6783,#6790),.PCURVE_S1.);
#6779 = LINE('',#6780,#6781);
#6780 = CARTESIAN_POINT('',(34.223547906108,23.223076211353,0.));
#6781 = VECTOR('',#6782,1.);
#6782 = DIRECTION('',(0.,0.,1.));
#6783 = PCURVE('',#690,#6784);
#6784 = DEFINITIONAL_REPRESENTATION('',(#6785),#6789);
#6785 = LINE('',#6786,#6787);
#6786 = CARTESIAN_POINT('',(12.25,0.));
#6787 = VECTOR('',#6788,1.);
#6788 = DIRECTION('',(0.,-1.));
#6789 = ( GEOMETRIC_REPRESENTATION_CONTEXT(2) 
PARAMETRIC_REPRESENTATION_CONTEXT() REPRESENTATION_CONTEXT('2D SPACE',''
  ) );
#6790 = PCURVE('',#723,#6791);
#6791 = DEFINITIONAL_REPRESENTATION('',(#6792),#6796);
#6792 = LINE('',#6793,#6794);
#6793 = CARTESIAN_POINT('',(0.,0.));
#6794 = VECTOR('',#6795,1.);
#6795 = DIRECTION('',(0.,-1.));
#6796 = ( GEOMETRIC_REPRESENTATION_CONTEXT(2) 
PARAMETRIC_REPRESENTATION_CONTEXT() REPRESENTATION_CONTEXT('2D SPACE',''
  ) );
#6797 = ORIENTED_EDGE('',*,*,#674,.F.);
#6798 = ADVANCED_FACE('',(#6799),#723,.F.);
#6799 = FACE_BOUND('',#6800,.F.);
#6800 = EDGE_LOOP('',(#6801,#6802,#6830,#6857,#6858,#6882,#6908,#6909));
#6801 = ORIENTED_EDGE('',*,*,#6777,.T.);
#6802 = ORIENTED_EDGE('',*,*,#6803,.T.);
#6803 = EDGE_CURVE('',#6750,#6804,#6806,.T.);
#6804 = VERTEX_POINT('',#6805);
#6805 = CARTESIAN_POINT('',(34.819875973964,23.485660245303,2.));
#6806 = SURFACE_CURVE('',#6807,(#6812,#6819),.PCURVE_S1.);
#6807 = CIRCLE('',#6808,3.);
#6808 = AXIS2_PLACEMENT_3D('',#6809,#6810,#6811);
#6809 = CARTESIAN_POINT('',(35.723547906108,20.625,2.));
#6810 = DIRECTION('',(0.,0.,-1.));
#6811 = DIRECTION('',(-0.5,0.866025403784,0.));
#6812 = PCURVE('',#723,#6813);
#6813 = DEFINITIONAL_REPRESENTATION('',(#6814),#6818);
#6814 = LINE('',#6815,#6816);
#6815 = CARTESIAN_POINT('',(0.,-2.));
#6816 = VECTOR('',#6817,1.);
#6817 = DIRECTION('',(1.,0.));
#6818 = ( GEOMETRIC_REPRESENTATION_CONTEXT(2) 
PARAMETRIC_REPRESENTATION_CONTEXT() REPRESENTATION_CONTEXT('2D SPACE',''
  ) );
#6819 = PCURVE('',#6765,#6820);
#6820 = DEFINITIONAL_REPRESENTATION('',(#6821),#6829);
#6821 = ( BOUNDED_CURVE() B_SPLINE_CURVE(2,(#6822,#6823,#6824,#6825,
#6826,#6827,#6828),.UNSPECIFIED.,.T.,.F.) B_SPLINE_CURVE_WITH_KNOTS((1,2
    ,2,2,2,1),(-2.094395102393,0.,2.094395102393,4.188790204786,
6.28318530718,8.377580409573),.UNSPECIFIED.) CURVE() 
GEOMETRIC_REPRESENTATION_ITEM() RATIONAL_B_SPLINE_CURVE((1.,0.5,1.,0.5,
1.,0.5,1.)) REPRESENTATION_ITEM('') );
#6822 = CARTESIAN_POINT('',(34.223547906108,23.223076211353));
#6823 = CARTESIAN_POINT('',(38.723547906108,25.821152422707));
#6824 = CARTESIAN_POINT('',(38.723547906108,20.625));
#6825 = CARTESIAN_POINT('',(38.723547906108,15.428847577293));
#6826 = CARTESIAN_POINT('',(34.223547906108,18.026923788647));
#6827 = CARTESIAN_POINT('',(29.723547906108,20.625));
#6828 = CARTESIAN_POINT('',(34.223547906108,23.223076211353));
#6829 = ( GEOMETRIC_REPRESENTATION_CONTEXT(2) 
PARAMETRIC_REPRESENTATION_CONTEXT() REPRESENTATION_CONTEXT('2D SPACE',''
  ) );
#6830 = ORIENTED_EDGE('',*,*,#6831,.T.);
#6831 = EDGE_CURVE('',#6804,#1254,#6832,.T.);
#6832 = SURFACE_CURVE('',#6833,(#6838,#6845),.PCURVE_S1.);
#6833 = CIRCLE('',#6834,3.);
#6834 = AXIS2_PLACEMENT_3D('',#6835,#6836,#6837);
#6835 = CARTESIAN_POINT('',(35.723547906108,20.625,2.));
#6836 = DIRECTION('',(0.,0.,-1.));
#6837 = DIRECTION('',(-0.5,0.866025403784,0.));
#6838 = PCURVE('',#723,#6839);
#6839 = DEFINITIONAL_REPRESENTATION('',(#6840),#6844);
#6840 = LINE('',#6841,#6842);
#6841 = CARTESIAN_POINT('',(0.,-2.));
#6842 = VECTOR('',#6843,1.);
#6843 = DIRECTION('',(1.,0.));
#6844 = ( GEOMETRIC_REPRESENTATION_CONTEXT(2) 
PARAMETRIC_REPRESENTATION_CONTEXT() REPRESENTATION_CONTEXT('2D SPACE',''
  ) );
#6845 = PCURVE('',#6846,#6851);
#6846 = PLANE('',#6847);
#6847 = AXIS2_PLACEMENT_3D('',#6848,#6849,#6850);
#6848 = CARTESIAN_POINT('',(30.419142307928,17.5625,2.));
#6849 = DIRECTION('',(0.,-0.,-1.));
#6850 = DIRECTION('',(-0.866025403784,-0.5,0.));
#6851 = DEFINITIONAL_REPRESENTATION('',(#6852),#6856);
#6852 = CIRCLE('',#6853,3.);
#6853 = AXIS2_PLACEMENT_2D('',#6854,#6855);
#6854 = CARTESIAN_POINT('',(-6.125,1.7763568394E-15));
#6855 = DIRECTION('',(0.,1.));
#6856 = ( GEOMETRIC_REPRESENTATION_CONTEXT(2) 
PARAMETRIC_REPRESENTATION_CONTEXT() REPRESENTATION_CONTEXT('2D SPACE',''
  ) );
#6857 = ORIENTED_EDGE('',*,*,#1277,.T.);
#6858 = ORIENTED_EDGE('',*,*,#6859,.T.);
#6859 = EDGE_CURVE('',#1278,#6860,#6862,.T.);
#6860 = VERTEX_POINT('',#6861);
#6861 = CARTESIAN_POINT('',(37.749116384064,18.412067027424,2.));
#6862 = SURFACE_CURVE('',#6863,(#6868,#6875),.PCURVE_S1.);
#6863 = CIRCLE('',#6864,3.);
#6864 = AXIS2_PLACEMENT_3D('',#6865,#6866,#6867);
#6865 = CARTESIAN_POINT('',(35.723547906108,20.625,2.));
#6866 = DIRECTION('',(0.,0.,-1.));
#6867 = DIRECTION('',(-0.5,0.866025403784,0.));
#6868 = PCURVE('',#723,#6869);
#6869 = DEFINITIONAL_REPRESENTATION('',(#6870),#6874);
#6870 = LINE('',#6871,#6872);
#6871 = CARTESIAN_POINT('',(0.,-2.));
#6872 = VECTOR('',#6873,1.);
#6873 = DIRECTION('',(1.,0.));
#6874 = ( GEOMETRIC_REPRESENTATION_CONTEXT(2) 
PARAMETRIC_REPRESENTATION_CONTEXT() REPRESENTATION_CONTEXT('2D SPACE',''
  ) );
#6875 = PCURVE('',#6846,#6876);
#6876 = DEFINITIONAL_REPRESENTATION('',(#6877),#6881);
#6877 = CIRCLE('',#6878,3.);
#6878 = AXIS2_PLACEMENT_2D('',#6879,#6880);
#6879 = CARTESIAN_POINT('',(-6.125,1.7763568394E-15));
#6880 = DIRECTION('',(0.,1.));
#6881 = ( GEOMETRIC_REPRESENTATION_CONTEXT(2) 
PARAMETRIC_REPRESENTATION_CONTEXT() REPRESENTATION_CONTEXT('2D SPACE',''
  ) );
#6882 = ORIENTED_EDGE('',*,*,#6883,.T.);
#6883 = EDGE_CURVE('',#6860,#6144,#6884,.T.);
#6884 = SURFACE_CURVE('',#6885,(#6890,#6897),.PCURVE_S1.);
#6885 = CIRCLE('',#6886,3.);
#6886 = AXIS2_PLACEMENT_3D('',#6887,#6888,#6889);
#6887 = CARTESIAN_POINT('',(35.723547906108,20.625,2.));
#6888 = DIRECTION('',(0.,0.,-1.));
#6889 = DIRECTION('',(-0.5,0.866025403784,0.));
#6890 = PCURVE('',#723,#6891);
#6891 = DEFINITIONAL_REPRESENTATION('',(#6892),#6896);
#6892 = LINE('',#6893,#6894);
#6893 = CARTESIAN_POINT('',(0.,-2.));
#6894 = VECTOR('',#6895,1.);
#6895 = DIRECTION('',(1.,0.));
#6896 = ( GEOMETRIC_REPRESENTATION_CONTEXT(2) 
PARAMETRIC_REPRESENTATION_CONTEXT() REPRESENTATION_CONTEXT('2D SPACE',''
  ) );
#6897 = PCURVE('',#4325,#6898);
#6898 = DEFINITIONAL_REPRESENTATION('',(#6899),#6907);
#6899 = ( BOUNDED_CURVE() B_SPLINE_CURVE(2,(#6900,#6901,#6902,#6903,
#6904,#6905,#6906),.UNSPECIFIED.,.T.,.F.) B_SPLINE_CURVE_WITH_KNOTS((1,2
    ,2,2,2,1),(-2.094395102393,0.,2.094395102393,4.188790204786,
6.28318530718,8.377580409573),.UNSPECIFIED.) CURVE() 
GEOMETRIC_REPRESENTATION_ITEM() RATIONAL_B_SPLINE_CURVE((1.,0.5,1.,0.5,
1.,0.5,1.)) REPRESENTATION_ITEM('') );
#6900 = CARTESIAN_POINT('',(34.223547906108,23.223076211353));
#6901 = CARTESIAN_POINT('',(38.723547906108,25.821152422707));
#6902 = CARTESIAN_POINT('',(38.723547906108,20.625));
#6903 = CARTESIAN_POINT('',(38.723547906108,15.428847577293));
#6904 = CARTESIAN_POINT('',(34.223547906108,18.026923788647));
#6905 = CARTESIAN_POINT('',(29.723547906108,20.625));
#6906 = CARTESIAN_POINT('',(34.223547906108,23.223076211353));
#6907 = ( GEOMETRIC_REPRESENTATION_CONTEXT(2) 
PARAMETRIC_REPRESENTATION_CONTEXT() REPRESENTATION_CONTEXT('2D SPACE',''
  ) );
#6908 = ORIENTED_EDGE('',*,*,#6143,.F.);
#6909 = ORIENTED_EDGE('',*,*,#702,.F.);
#6910 = ADVANCED_FACE('',(#6911),#786,.F.);
#6911 = FACE_BOUND('',#6912,.F.);
#6912 = EDGE_LOOP('',(#6913,#6936,#6965,#6993,#7022,#7050,#7074,#7102,
    #7126,#7147));
#6913 = ORIENTED_EDGE('',*,*,#6914,.T.);
#6914 = EDGE_CURVE('',#764,#6915,#6917,.T.);
#6915 = VERTEX_POINT('',#6916);
#6916 = CARTESIAN_POINT('',(3.,29.,2.));
#6917 = SURFACE_CURVE('',#6918,(#6922,#6929),.PCURVE_S1.);
#6918 = LINE('',#6919,#6920);
#6919 = CARTESIAN_POINT('',(3.,29.,0.));
#6920 = VECTOR('',#6921,1.);
#6921 = DIRECTION('',(0.,0.,1.));
#6922 = PCURVE('',#786,#6923);
#6923 = DEFINITIONAL_REPRESENTATION('',(#6924),#6928);
#6924 = LINE('',#6925,#6926);
#6925 = CARTESIAN_POINT('',(0.,0.));
#6926 = VECTOR('',#6927,1.);
#6927 = DIRECTION('',(0.,-1.));
#6928 = ( GEOMETRIC_REPRESENTATION_CONTEXT(2) 
PARAMETRIC_REPRESENTATION_CONTEXT() REPRESENTATION_CONTEXT('2D SPACE',''
  ) );
#6929 = PCURVE('',#873,#6930);
#6930 = DEFINITIONAL_REPRESENTATION('',(#6931),#6935);
#6931 = LINE('',#6932,#6933);
#6932 = CARTESIAN_POINT('',(12.25,0.));
#6933 = VECTOR('',#6934,1.);
#6934 = DIRECTION('',(0.,-1.));
#6935 = ( GEOMETRIC_REPRESENTATION_CONTEXT(2) 
PARAMETRIC_REPRESENTATION_CONTEXT() REPRESENTATION_CONTEXT('2D SPACE',''
  ) );
#6936 = ORIENTED_EDGE('',*,*,#6937,.T.);
#6937 = EDGE_CURVE('',#6915,#6938,#6940,.T.);
#6938 = VERTEX_POINT('',#6939);
#6939 = CARTESIAN_POINT('',(2.978983379249,28.645517241379,2.));
#6940 = SURFACE_CURVE('',#6941,(#6946,#6953),.PCURVE_S1.);
#6941 = CIRCLE('',#6942,3.);
#6942 = AXIS2_PLACEMENT_3D('',#6943,#6944,#6945);
#6943 = CARTESIAN_POINT('',(3.219646771413E-15,29.,2.));
#6944 = DIRECTION('',(0.,-0.,-1.));
#6945 = DIRECTION('',(1.,-1.110223024625E-16,0.));
#6946 = PCURVE('',#786,#6947);
#6947 = DEFINITIONAL_REPRESENTATION('',(#6948),#6952);
#6948 = LINE('',#6949,#6950);
#6949 = CARTESIAN_POINT('',(0.,-2.));
#6950 = VECTOR('',#6951,1.);
#6951 = DIRECTION('',(1.,0.));
#6952 = ( GEOMETRIC_REPRESENTATION_CONTEXT(2) 
PARAMETRIC_REPRESENTATION_CONTEXT() REPRESENTATION_CONTEXT('2D SPACE',''
  ) );
#6953 = PCURVE('',#6954,#6959);
#6954 = PLANE('',#6955);
#6955 = AXIS2_PLACEMENT_3D('',#6956,#6957,#6958);
#6956 = CARTESIAN_POINT('',(3.920556689754E-15,35.125,2.));
#6957 = DIRECTION('',(0.,-0.,-1.));
#6958 = DIRECTION('',(-1.110223024625E-16,-1.,0.));
#6959 = DEFINITIONAL_REPRESENTATION('',(#6960),#6964);
#6960 = CIRCLE('',#6961,3.);
#6961 = AXIS2_PLACEMENT_2D('',#6962,#6963);
#6962 = CARTESIAN_POINT('',(6.125,2.089831575765E-17));
#6963 = DIRECTION('',(0.,-1.));
#6964 = ( GEOMETRIC_REPRESENTATION_CONTEXT(2) 
PARAMETRIC_REPRESENTATION_CONTEXT() REPRESENTATION_CONTEXT('2D SPACE',''
  ) );
#6965 = ORIENTED_EDGE('',*,*,#6966,.T.);
#6966 = EDGE_CURVE('',#6938,#6967,#6969,.T.);
#6967 = VERTEX_POINT('',#6968);
#6968 = CARTESIAN_POINT('',(2.464216102295,27.288965517241,2.));
#6969 = SURFACE_CURVE('',#6970,(#6975,#6982),.PCURVE_S1.);
#6970 = CIRCLE('',#6971,3.);
#6971 = AXIS2_PLACEMENT_3D('',#6972,#6973,#6974);
#6972 = CARTESIAN_POINT('',(3.219646771413E-15,29.,2.));
#6973 = DIRECTION('',(0.,-0.,-1.));
#6974 = DIRECTION('',(1.,-1.110223024625E-16,0.));
#6975 = PCURVE('',#786,#6976);
#6976 = DEFINITIONAL_REPRESENTATION('',(#6977),#6981);
#6977 = LINE('',#6978,#6979);
#6978 = CARTESIAN_POINT('',(0.,-2.));
#6979 = VECTOR('',#6980,1.);
#6980 = DIRECTION('',(1.,0.));
#6981 = ( GEOMETRIC_REPRESENTATION_CONTEXT(2) 
PARAMETRIC_REPRESENTATION_CONTEXT() REPRESENTATION_CONTEXT('2D SPACE',''
  ) );
#6982 = PCURVE('',#6078,#6983);
#6983 = DEFINITIONAL_REPRESENTATION('',(#6984),#6992);
#6984 = ( BOUNDED_CURVE() B_SPLINE_CURVE(2,(#6985,#6986,#6987,#6988,
#6989,#6990,#6991),.UNSPECIFIED.,.T.,.F.) B_SPLINE_CURVE_WITH_KNOTS((1,2
    ,2,2,2,1),(-2.094395102393,0.,2.094395102393,4.188790204786,
6.28318530718,8.377580409573),.UNSPECIFIED.) CURVE() 
GEOMETRIC_REPRESENTATION_ITEM() RATIONAL_B_SPLINE_CURVE((1.,0.5,1.,0.5,
1.,0.5,1.)) REPRESENTATION_ITEM('') );
#6985 = CARTESIAN_POINT('',(3.,29.));
#6986 = CARTESIAN_POINT('',(3.,23.803847577293));
#6987 = CARTESIAN_POINT('',(-1.5,26.401923788647));
#6988 = CARTESIAN_POINT('',(-6.,29.));
#6989 = CARTESIAN_POINT('',(-1.5,31.598076211353));
#6990 = CARTESIAN_POINT('',(3.,34.196152422707));
#6991 = CARTESIAN_POINT('',(3.,29.));
#6992 = ( GEOMETRIC_REPRESENTATION_CONTEXT(2) 
PARAMETRIC_REPRESENTATION_CONTEXT() REPRESENTATION_CONTEXT('2D SPACE',''
  ) );
#6993 = ORIENTED_EDGE('',*,*,#6994,.T.);
#6994 = EDGE_CURVE('',#6967,#6995,#6997,.T.);
#6995 = VERTEX_POINT('',#6996);
#6996 = CARTESIAN_POINT('',(1.723003626873,26.544137931034,2.));
#6997 = SURFACE_CURVE('',#6998,(#7003,#7010),.PCURVE_S1.);
#6998 = CIRCLE('',#6999,3.);
#6999 = AXIS2_PLACEMENT_3D('',#7000,#7001,#7002);
#7000 = CARTESIAN_POINT('',(3.219646771413E-15,29.,2.));
#7001 = DIRECTION('',(0.,-0.,-1.));
#7002 = DIRECTION('',(1.,-1.110223024625E-16,0.));
#7003 = PCURVE('',#786,#7004);
#7004 = DEFINITIONAL_REPRESENTATION('',(#7005),#7009);
#7005 = LINE('',#7006,#7007);
#7006 = CARTESIAN_POINT('',(0.,-2.));
#7007 = VECTOR('',#7008,1.);
#7008 = DIRECTION('',(1.,0.));
#7009 = ( GEOMETRIC_REPRESENTATION_CONTEXT(2) 
PARAMETRIC_REPRESENTATION_CONTEXT() REPRESENTATION_CONTEXT('2D SPACE',''
  ) );
#7010 = PCURVE('',#7011,#7016);
#7011 = PLANE('',#7012);
#7012 = AXIS2_PLACEMENT_3D('',#7013,#7014,#7015);
#7013 = CARTESIAN_POINT('',(3.920556689754E-15,35.125,2.));
#7014 = DIRECTION('',(0.,-0.,-1.));
#7015 = DIRECTION('',(-1.110223024625E-16,-1.,0.));
#7016 = DEFINITIONAL_REPRESENTATION('',(#7017),#7021);
#7017 = CIRCLE('',#7018,3.);
#7018 = AXIS2_PLACEMENT_2D('',#7019,#7020);
#7019 = CARTESIAN_POINT('',(6.125,2.089831575765E-17));
#7020 = DIRECTION('',(0.,-1.));
#7021 = ( GEOMETRIC_REPRESENTATION_CONTEXT(2) 
PARAMETRIC_REPRESENTATION_CONTEXT() REPRESENTATION_CONTEXT('2D SPACE',''
  ) );
#7022 = ORIENTED_EDGE('',*,*,#7023,.T.);
#7023 = EDGE_CURVE('',#6995,#7024,#7026,.T.);
#7024 = VERTEX_POINT('',#7025);
#7025 = CARTESIAN_POINT('',(-1.723003626873,26.544137931034,2.));
#7026 = SURFACE_CURVE('',#7027,(#7032,#7039),.PCURVE_S1.);
#7027 = CIRCLE('',#7028,3.);
#7028 = AXIS2_PLACEMENT_3D('',#7029,#7030,#7031);
#7029 = CARTESIAN_POINT('',(3.219646771413E-15,29.,2.));
#7030 = DIRECTION('',(0.,-0.,-1.));
#7031 = DIRECTION('',(1.,-1.110223024625E-16,0.));
#7032 = PCURVE('',#786,#7033);
#7033 = DEFINITIONAL_REPRESENTATION('',(#7034),#7038);
#7034 = LINE('',#7035,#7036);
#7035 = CARTESIAN_POINT('',(0.,-2.));
#7036 = VECTOR('',#7037,1.);
#7037 = DIRECTION('',(1.,0.));
#7038 = ( GEOMETRIC_REPRESENTATION_CONTEXT(2) 
PARAMETRIC_REPRESENTATION_CONTEXT() REPRESENTATION_CONTEXT('2D SPACE',''
  ) );
#7039 = PCURVE('',#1461,#7040);
#7040 = DEFINITIONAL_REPRESENTATION('',(#7041),#7049);
#7041 = ( BOUNDED_CURVE() B_SPLINE_CURVE(2,(#7042,#7043,#7044,#7045,
#7046,#7047,#7048),.UNSPECIFIED.,.T.,.F.) B_SPLINE_CURVE_WITH_KNOTS((1,2
    ,2,2,2,1),(-2.094395102393,0.,2.094395102393,4.188790204786,
6.28318530718,8.377580409573),.UNSPECIFIED.) CURVE() 
GEOMETRIC_REPRESENTATION_ITEM() RATIONAL_B_SPLINE_CURVE((1.,0.5,1.,0.5,
1.,0.5,1.)) REPRESENTATION_ITEM('') );
#7042 = CARTESIAN_POINT('',(3.,29.));
#7043 = CARTESIAN_POINT('',(3.,23.803847577293));
#7044 = CARTESIAN_POINT('',(-1.5,26.401923788647));
#7045 = CARTESIAN_POINT('',(-6.,29.));
#7046 = CARTESIAN_POINT('',(-1.5,31.598076211353));
#7047 = CARTESIAN_POINT('',(3.,34.196152422707));
#7048 = CARTESIAN_POINT('',(3.,29.));
#7049 = ( GEOMETRIC_REPRESENTATION_CONTEXT(2) 
PARAMETRIC_REPRESENTATION_CONTEXT() REPRESENTATION_CONTEXT('2D SPACE',''
  ) );
#7050 = ORIENTED_EDGE('',*,*,#7051,.T.);
#7051 = EDGE_CURVE('',#7024,#7052,#7054,.T.);
#7052 = VERTEX_POINT('',#7053);
#7053 = CARTESIAN_POINT('',(-2.464216102295,27.288965517241,2.));
#7054 = SURFACE_CURVE('',#7055,(#7060,#7067),.PCURVE_S1.);
#7055 = CIRCLE('',#7056,3.);
#7056 = AXIS2_PLACEMENT_3D('',#7057,#7058,#7059);
#7057 = CARTESIAN_POINT('',(3.219646771413E-15,29.,2.));
#7058 = DIRECTION('',(0.,-0.,-1.));
#7059 = DIRECTION('',(1.,-1.110223024625E-16,0.));
#7060 = PCURVE('',#786,#7061);
#7061 = DEFINITIONAL_REPRESENTATION('',(#7062),#7066);
#7062 = LINE('',#7063,#7064);
#7063 = CARTESIAN_POINT('',(0.,-2.));
#7064 = VECTOR('',#7065,1.);
#7065 = DIRECTION('',(1.,0.));
#7066 = ( GEOMETRIC_REPRESENTATION_CONTEXT(2) 
PARAMETRIC_REPRESENTATION_CONTEXT() REPRESENTATION_CONTEXT('2D SPACE',''
  ) );
#7067 = PCURVE('',#7011,#7068);
#7068 = DEFINITIONAL_REPRESENTATION('',(#7069),#7073);
#7069 = CIRCLE('',#7070,3.);
#7070 = AXIS2_PLACEMENT_2D('',#7071,#7072);
#7071 = CARTESIAN_POINT('',(6.125,2.089831575765E-17));
#7072 = DIRECTION('',(0.,-1.));
#7073 = ( GEOMETRIC_REPRESENTATION_CONTEXT(2) 
PARAMETRIC_REPRESENTATION_CONTEXT() REPRESENTATION_CONTEXT('2D SPACE',''
  ) );
#7074 = ORIENTED_EDGE('',*,*,#7075,.T.);
#7075 = EDGE_CURVE('',#7052,#7076,#7078,.T.);
#7076 = VERTEX_POINT('',#7077);
#7077 = CARTESIAN_POINT('',(-2.978983379249,28.645517241379,2.));
#7078 = SURFACE_CURVE('',#7079,(#7084,#7091),.PCURVE_S1.);
#7079 = CIRCLE('',#7080,3.);
#7080 = AXIS2_PLACEMENT_3D('',#7081,#7082,#7083);
#7081 = CARTESIAN_POINT('',(3.219646771413E-15,29.,2.));
#7082 = DIRECTION('',(0.,-0.,-1.));
#7083 = DIRECTION('',(1.,-1.110223024625E-16,0.));
#7084 = PCURVE('',#786,#7085);
#7085 = DEFINITIONAL_REPRESENTATION('',(#7086),#7090);
#7086 = LINE('',#7087,#7088);
#7087 = CARTESIAN_POINT('',(0.,-2.));
#7088 = VECTOR('',#7089,1.);
#7089 = DIRECTION('',(1.,0.));
#7090 = ( GEOMETRIC_REPRESENTATION_CONTEXT(2) 
PARAMETRIC_REPRESENTATION_CONTEXT() REPRESENTATION_CONTEXT('2D SPACE',''
  ) );
#7091 = PCURVE('',#4600,#7092);
#7092 = DEFINITIONAL_REPRESENTATION('',(#7093),#7101);
#7093 = ( BOUNDED_CURVE() B_SPLINE_CURVE(2,(#7094,#7095,#7096,#7097,
#7098,#7099,#7100),.UNSPECIFIED.,.T.,.F.) B_SPLINE_CURVE_WITH_KNOTS((1,2
    ,2,2,2,1),(-2.094395102393,0.,2.094395102393,4.188790204786,
6.28318530718,8.377580409573),.UNSPECIFIED.) CURVE() 
GEOMETRIC_REPRESENTATION_ITEM() RATIONAL_B_SPLINE_CURVE((1.,0.5,1.,0.5,
1.,0.5,1.)) REPRESENTATION_ITEM('') );
#7094 = CARTESIAN_POINT('',(3.,29.));
#7095 = CARTESIAN_POINT('',(3.,23.803847577293));
#7096 = CARTESIAN_POINT('',(-1.5,26.401923788647));
#7097 = CARTESIAN_POINT('',(-6.,29.));
#7098 = CARTESIAN_POINT('',(-1.5,31.598076211353));
#7099 = CARTESIAN_POINT('',(3.,34.196152422707));
#7100 = CARTESIAN_POINT('',(3.,29.));
#7101 = ( GEOMETRIC_REPRESENTATION_CONTEXT(2) 
PARAMETRIC_REPRESENTATION_CONTEXT() REPRESENTATION_CONTEXT('2D SPACE',''
  ) );
#7102 = ORIENTED_EDGE('',*,*,#7103,.T.);
#7103 = EDGE_CURVE('',#7076,#7104,#7106,.T.);
#7104 = VERTEX_POINT('',#7105);
#7105 = CARTESIAN_POINT('',(-3.,29.,2.));
#7106 = SURFACE_CURVE('',#7107,(#7112,#7119),.PCURVE_S1.);
#7107 = CIRCLE('',#7108,3.);
#7108 = AXIS2_PLACEMENT_3D('',#7109,#7110,#7111);
#7109 = CARTESIAN_POINT('',(3.219646771413E-15,29.,2.));
#7110 = DIRECTION('',(0.,-0.,-1.));
#7111 = DIRECTION('',(1.,-1.110223024625E-16,0.));
#7112 = PCURVE('',#786,#7113);
#7113 = DEFINITIONAL_REPRESENTATION('',(#7114),#7118);
#7114 = LINE('',#7115,#7116);
#7115 = CARTESIAN_POINT('',(0.,-2.));
#7116 = VECTOR('',#7117,1.);
#7117 = DIRECTION('',(1.,0.));
#7118 = ( GEOMETRIC_REPRESENTATION_CONTEXT(2) 
PARAMETRIC_REPRESENTATION_CONTEXT() REPRESENTATION_CONTEXT('2D SPACE',''
  ) );
#7119 = PCURVE('',#6954,#7120);
#7120 = DEFINITIONAL_REPRESENTATION('',(#7121),#7125);
#7121 = CIRCLE('',#7122,3.);
#7122 = AXIS2_PLACEMENT_2D('',#7123,#7124);
#7123 = CARTESIAN_POINT('',(6.125,2.089831575765E-17));
#7124 = DIRECTION('',(0.,-1.));
#7125 = ( GEOMETRIC_REPRESENTATION_CONTEXT(2) 
PARAMETRIC_REPRESENTATION_CONTEXT() REPRESENTATION_CONTEXT('2D SPACE',''
  ) );
#7126 = ORIENTED_EDGE('',*,*,#7127,.F.);
#7127 = EDGE_CURVE('',#766,#7104,#7128,.T.);
#7128 = SURFACE_CURVE('',#7129,(#7133,#7140),.PCURVE_S1.);
#7129 = LINE('',#7130,#7131);
#7130 = CARTESIAN_POINT('',(-3.,29.,0.));
#7131 = VECTOR('',#7132,1.);
#7132 = DIRECTION('',(0.,0.,1.));
#7133 = PCURVE('',#786,#7134);
#7134 = DEFINITIONAL_REPRESENTATION('',(#7135),#7139);
#7135 = LINE('',#7136,#7137);
#7136 = CARTESIAN_POINT('',(3.14159265359,0.));
#7137 = VECTOR('',#7138,1.);
#7138 = DIRECTION('',(0.,-1.));
#7139 = ( GEOMETRIC_REPRESENTATION_CONTEXT(2) 
PARAMETRIC_REPRESENTATION_CONTEXT() REPRESENTATION_CONTEXT('2D SPACE',''
  ) );
#7140 = PCURVE('',#814,#7141);
#7141 = DEFINITIONAL_REPRESENTATION('',(#7142),#7146);
#7142 = LINE('',#7143,#7144);
#7143 = CARTESIAN_POINT('',(0.,0.));
#7144 = VECTOR('',#7145,1.);
#7145 = DIRECTION('',(0.,-1.));
#7146 = ( GEOMETRIC_REPRESENTATION_CONTEXT(2) 
PARAMETRIC_REPRESENTATION_CONTEXT() REPRESENTATION_CONTEXT('2D SPACE',''
  ) );
#7147 = ORIENTED_EDGE('',*,*,#763,.F.);
#7148 = ADVANCED_FACE('',(#7149),#873,.F.);
#7149 = FACE_BOUND('',#7150,.F.);
#7150 = EDGE_LOOP('',(#7151,#7174,#7197,#7225,#7248,#7276,#7299,#7327,
    #7350,#7378,#7401,#7429,#7452,#7473,#7474));
#7151 = ORIENTED_EDGE('',*,*,#7152,.T.);
#7152 = EDGE_CURVE('',#827,#7153,#7155,.T.);
#7153 = VERTEX_POINT('',#7154);
#7154 = CARTESIAN_POINT('',(3.,41.25,2.));
#7155 = SURFACE_CURVE('',#7156,(#7160,#7167),.PCURVE_S1.);
#7156 = LINE('',#7157,#7158);
#7157 = CARTESIAN_POINT('',(3.,41.25,0.));
#7158 = VECTOR('',#7159,1.);
#7159 = DIRECTION('',(0.,0.,1.));
#7160 = PCURVE('',#873,#7161);
#7161 = DEFINITIONAL_REPRESENTATION('',(#7162),#7166);
#7162 = LINE('',#7163,#7164);
#7163 = CARTESIAN_POINT('',(0.,0.));
#7164 = VECTOR('',#7165,1.);
#7165 = DIRECTION('',(0.,-1.));
#7166 = ( GEOMETRIC_REPRESENTATION_CONTEXT(2) 
PARAMETRIC_REPRESENTATION_CONTEXT() REPRESENTATION_CONTEXT('2D SPACE',''
  ) );
#7167 = PCURVE('',#847,#7168);
#7168 = DEFINITIONAL_REPRESENTATION('',(#7169),#7173);
#7169 = LINE('',#7170,#7171);
#7170 = CARTESIAN_POINT('',(3.14159265359,0.));
#7171 = VECTOR('',#7172,1.);
#7172 = DIRECTION('',(0.,-1.));
#7173 = ( GEOMETRIC_REPRESENTATION_CONTEXT(2) 
PARAMETRIC_REPRESENTATION_CONTEXT() REPRESENTATION_CONTEXT('2D SPACE',''
  ) );
#7174 = ORIENTED_EDGE('',*,*,#7175,.T.);
#7175 = EDGE_CURVE('',#7153,#7176,#7178,.T.);
#7176 = VERTEX_POINT('',#7177);
#7177 = CARTESIAN_POINT('',(2.999999999999,40.489010854799,2.));
#7178 = SURFACE_CURVE('',#7179,(#7183,#7190),.PCURVE_S1.);
#7179 = LINE('',#7180,#7181);
#7180 = CARTESIAN_POINT('',(3.,41.25,2.));
#7181 = VECTOR('',#7182,1.);
#7182 = DIRECTION('',(-1.110223024625E-16,-1.,0.));
#7183 = PCURVE('',#873,#7184);
#7184 = DEFINITIONAL_REPRESENTATION('',(#7185),#7189);
#7185 = LINE('',#7186,#7187);
#7186 = CARTESIAN_POINT('',(0.,-2.));
#7187 = VECTOR('',#7188,1.);
#7188 = DIRECTION('',(1.,0.));
#7189 = ( GEOMETRIC_REPRESENTATION_CONTEXT(2) 
PARAMETRIC_REPRESENTATION_CONTEXT() REPRESENTATION_CONTEXT('2D SPACE',''
  ) );
#7190 = PCURVE('',#6765,#7191);
#7191 = DEFINITIONAL_REPRESENTATION('',(#7192),#7196);
#7192 = LINE('',#7193,#7194);
#7193 = CARTESIAN_POINT('',(3.,41.25));
#7194 = VECTOR('',#7195,1.);
#7195 = DIRECTION('',(-1.110223024625E-16,-1.));
#7196 = ( GEOMETRIC_REPRESENTATION_CONTEXT(2) 
PARAMETRIC_REPRESENTATION_CONTEXT() REPRESENTATION_CONTEXT('2D SPACE',''
  ) );
#7197 = ORIENTED_EDGE('',*,*,#7198,.T.);
#7198 = EDGE_CURVE('',#7176,#7199,#7201,.T.);
#7199 = VERTEX_POINT('',#7200);
#7200 = CARTESIAN_POINT('',(3.,39.6867736154,2.));
#7201 = SURFACE_CURVE('',#7202,(#7206,#7213),.PCURVE_S1.);
#7202 = LINE('',#7203,#7204);
#7203 = CARTESIAN_POINT('',(3.,41.25,2.));
#7204 = VECTOR('',#7205,1.);
#7205 = DIRECTION('',(-1.110223024625E-16,-1.,0.));
#7206 = PCURVE('',#873,#7207);
#7207 = DEFINITIONAL_REPRESENTATION('',(#7208),#7212);
#7208 = LINE('',#7209,#7210);
#7209 = CARTESIAN_POINT('',(0.,-2.));
#7210 = VECTOR('',#7211,1.);
#7211 = DIRECTION('',(1.,0.));
#7212 = ( GEOMETRIC_REPRESENTATION_CONTEXT(2) 
PARAMETRIC_REPRESENTATION_CONTEXT() REPRESENTATION_CONTEXT('2D SPACE',''
  ) );
#7213 = PCURVE('',#7214,#7219);
#7214 = PLANE('',#7215);
#7215 = AXIS2_PLACEMENT_3D('',#7216,#7217,#7218);
#7216 = CARTESIAN_POINT('',(3.920556689754E-15,35.125,2.));
#7217 = DIRECTION('',(0.,-0.,-1.));
#7218 = DIRECTION('',(-1.110223024625E-16,-1.,0.));
#7219 = DEFINITIONAL_REPRESENTATION('',(#7220),#7224);
#7220 = LINE('',#7221,#7222);
#7221 = CARTESIAN_POINT('',(-6.125,-3.));
#7222 = VECTOR('',#7223,1.);
#7223 = DIRECTION('',(1.,0.));
#7224 = ( GEOMETRIC_REPRESENTATION_CONTEXT(2) 
PARAMETRIC_REPRESENTATION_CONTEXT() REPRESENTATION_CONTEXT('2D SPACE',''
  ) );
#7225 = ORIENTED_EDGE('',*,*,#7226,.T.);
#7226 = EDGE_CURVE('',#7199,#7227,#7229,.T.);
#7227 = VERTEX_POINT('',#7228);
#7228 = CARTESIAN_POINT('',(3.,38.282633138278,2.));
#7229 = SURFACE_CURVE('',#7230,(#7234,#7241),.PCURVE_S1.);
#7230 = LINE('',#7231,#7232);
#7231 = CARTESIAN_POINT('',(3.,41.25,2.));
#7232 = VECTOR('',#7233,1.);
#7233 = DIRECTION('',(-1.110223024625E-16,-1.,0.));
#7234 = PCURVE('',#873,#7235);
#7235 = DEFINITIONAL_REPRESENTATION('',(#7236),#7240);
#7236 = LINE('',#7237,#7238);
#7237 = CARTESIAN_POINT('',(0.,-2.));
#7238 = VECTOR('',#7239,1.);
#7239 = DIRECTION('',(1.,0.));
#7240 = ( GEOMETRIC_REPRESENTATION_CONTEXT(2) 
PARAMETRIC_REPRESENTATION_CONTEXT() REPRESENTATION_CONTEXT('2D SPACE',''
  ) );
#7241 = PCURVE('',#6714,#7242);
#7242 = DEFINITIONAL_REPRESENTATION('',(#7243),#7247);
#7243 = LINE('',#7244,#7245);
#7244 = CARTESIAN_POINT('',(3.,41.25));
#7245 = VECTOR('',#7246,1.);
#7246 = DIRECTION('',(-1.110223024625E-16,-1.));
#7247 = ( GEOMETRIC_REPRESENTATION_CONTEXT(2) 
PARAMETRIC_REPRESENTATION_CONTEXT() REPRESENTATION_CONTEXT('2D SPACE',''
  ) );
#7248 = ORIENTED_EDGE('',*,*,#7249,.T.);
#7249 = EDGE_CURVE('',#7227,#7250,#7252,.T.);
#7250 = VERTEX_POINT('',#7251);
#7251 = CARTESIAN_POINT('',(3.000000000001,37.480128068084,2.));
#7252 = SURFACE_CURVE('',#7253,(#7257,#7264),.PCURVE_S1.);
#7253 = LINE('',#7254,#7255);
#7254 = CARTESIAN_POINT('',(3.,41.25,2.));
#7255 = VECTOR('',#7256,1.);
#7256 = DIRECTION('',(-1.110223024625E-16,-1.,0.));
#7257 = PCURVE('',#873,#7258);
#7258 = DEFINITIONAL_REPRESENTATION('',(#7259),#7263);
#7259 = LINE('',#7260,#7261);
#7260 = CARTESIAN_POINT('',(0.,-2.));
#7261 = VECTOR('',#7262,1.);
#7262 = DIRECTION('',(1.,0.));
#7263 = ( GEOMETRIC_REPRESENTATION_CONTEXT(2) 
PARAMETRIC_REPRESENTATION_CONTEXT() REPRESENTATION_CONTEXT('2D SPACE',''
  ) );
#7264 = PCURVE('',#7265,#7270);
#7265 = PLANE('',#7266);
#7266 = AXIS2_PLACEMENT_3D('',#7267,#7268,#7269);
#7267 = CARTESIAN_POINT('',(3.920556689754E-15,35.125,2.));
#7268 = DIRECTION('',(0.,-0.,-1.));
#7269 = DIRECTION('',(-1.110223024625E-16,-1.,0.));
#7270 = DEFINITIONAL_REPRESENTATION('',(#7271),#7275);
#7271 = LINE('',#7272,#7273);
#7272 = CARTESIAN_POINT('',(-6.125,-3.));
#7273 = VECTOR('',#7274,1.);
#7274 = DIRECTION('',(1.,0.));
#7275 = ( GEOMETRIC_REPRESENTATION_CONTEXT(2) 
PARAMETRIC_REPRESENTATION_CONTEXT() REPRESENTATION_CONTEXT('2D SPACE',''
  ) );
#7276 = ORIENTED_EDGE('',*,*,#7277,.T.);
#7277 = EDGE_CURVE('',#7250,#7278,#7280,.T.);
#7278 = VERTEX_POINT('',#7279);
#7279 = CARTESIAN_POINT('',(3.,36.07547643483,2.));
#7280 = SURFACE_CURVE('',#7281,(#7285,#7292),.PCURVE_S1.);
#7281 = LINE('',#7282,#7283);
#7282 = CARTESIAN_POINT('',(3.,41.25,2.));
#7283 = VECTOR('',#7284,1.);
#7284 = DIRECTION('',(-1.110223024625E-16,-1.,0.));
#7285 = PCURVE('',#873,#7286);
#7286 = DEFINITIONAL_REPRESENTATION('',(#7287),#7291);
#7287 = LINE('',#7288,#7289);
#7288 = CARTESIAN_POINT('',(0.,-2.));
#7289 = VECTOR('',#7290,1.);
#7290 = DIRECTION('',(1.,0.));
#7291 = ( GEOMETRIC_REPRESENTATION_CONTEXT(2) 
PARAMETRIC_REPRESENTATION_CONTEXT() REPRESENTATION_CONTEXT('2D SPACE',''
  ) );
#7292 = PCURVE('',#6663,#7293);
#7293 = DEFINITIONAL_REPRESENTATION('',(#7294),#7298);
#7294 = LINE('',#7295,#7296);
#7295 = CARTESIAN_POINT('',(3.,41.25));
#7296 = VECTOR('',#7297,1.);
#7297 = DIRECTION('',(-1.110223024625E-16,-1.));
#7298 = ( GEOMETRIC_REPRESENTATION_CONTEXT(2) 
PARAMETRIC_REPRESENTATION_CONTEXT() REPRESENTATION_CONTEXT('2D SPACE',''
  ) );
#7299 = ORIENTED_EDGE('',*,*,#7300,.T.);
#7300 = EDGE_CURVE('',#7278,#7301,#7303,.T.);
#7301 = VERTEX_POINT('',#7302);
#7302 = CARTESIAN_POINT('',(3.000000000001,35.272652296078,2.));
#7303 = SURFACE_CURVE('',#7304,(#7308,#7315),.PCURVE_S1.);
#7304 = LINE('',#7305,#7306);
#7305 = CARTESIAN_POINT('',(3.,41.25,2.));
#7306 = VECTOR('',#7307,1.);
#7307 = DIRECTION('',(-1.110223024625E-16,-1.,0.));
#7308 = PCURVE('',#873,#7309);
#7309 = DEFINITIONAL_REPRESENTATION('',(#7310),#7314);
#7310 = LINE('',#7311,#7312);
#7311 = CARTESIAN_POINT('',(0.,-2.));
#7312 = VECTOR('',#7313,1.);
#7313 = DIRECTION('',(1.,0.));
#7314 = ( GEOMETRIC_REPRESENTATION_CONTEXT(2) 
PARAMETRIC_REPRESENTATION_CONTEXT() REPRESENTATION_CONTEXT('2D SPACE',''
  ) );
#7315 = PCURVE('',#7316,#7321);
#7316 = PLANE('',#7317);
#7317 = AXIS2_PLACEMENT_3D('',#7318,#7319,#7320);
#7318 = CARTESIAN_POINT('',(3.920556689754E-15,35.125,2.));
#7319 = DIRECTION('',(0.,-0.,-1.));
#7320 = DIRECTION('',(-1.110223024625E-16,-1.,0.));
#7321 = DEFINITIONAL_REPRESENTATION('',(#7322),#7326);
#7322 = LINE('',#7323,#7324);
#7323 = CARTESIAN_POINT('',(-6.125,-3.));
#7324 = VECTOR('',#7325,1.);
#7325 = DIRECTION('',(1.,0.));
#7326 = ( GEOMETRIC_REPRESENTATION_CONTEXT(2) 
PARAMETRIC_REPRESENTATION_CONTEXT() REPRESENTATION_CONTEXT('2D SPACE',''
  ) );
#7327 = ORIENTED_EDGE('',*,*,#7328,.T.);
#7328 = EDGE_CURVE('',#7301,#7329,#7331,.T.);
#7329 = VERTEX_POINT('',#7330);
#7330 = CARTESIAN_POINT('',(3.,33.867388443752,2.));
#7331 = SURFACE_CURVE('',#7332,(#7336,#7343),.PCURVE_S1.);
#7332 = LINE('',#7333,#7334);
#7333 = CARTESIAN_POINT('',(3.,41.25,2.));
#7334 = VECTOR('',#7335,1.);
#7335 = DIRECTION('',(-1.110223024625E-16,-1.,0.));
#7336 = PCURVE('',#873,#7337);
#7337 = DEFINITIONAL_REPRESENTATION('',(#7338),#7342);
#7338 = LINE('',#7339,#7340);
#7339 = CARTESIAN_POINT('',(0.,-2.));
#7340 = VECTOR('',#7341,1.);
#7341 = DIRECTION('',(1.,0.));
#7342 = ( GEOMETRIC_REPRESENTATION_CONTEXT(2) 
PARAMETRIC_REPRESENTATION_CONTEXT() REPRESENTATION_CONTEXT('2D SPACE',''
  ) );
#7343 = PCURVE('',#6612,#7344);
#7344 = DEFINITIONAL_REPRESENTATION('',(#7345),#7349);
#7345 = LINE('',#7346,#7347);
#7346 = CARTESIAN_POINT('',(3.,41.25));
#7347 = VECTOR('',#7348,1.);
#7348 = DIRECTION('',(-1.110223024625E-16,-1.));
#7349 = ( GEOMETRIC_REPRESENTATION_CONTEXT(2) 
PARAMETRIC_REPRESENTATION_CONTEXT() REPRESENTATION_CONTEXT('2D SPACE',''
  ) );
#7350 = ORIENTED_EDGE('',*,*,#7351,.T.);
#7351 = EDGE_CURVE('',#7329,#7352,#7354,.T.);
#7352 = VERTEX_POINT('',#7353);
#7353 = CARTESIAN_POINT('',(3.,33.064180014027,2.));
#7354 = SURFACE_CURVE('',#7355,(#7359,#7366),.PCURVE_S1.);
#7355 = LINE('',#7356,#7357);
#7356 = CARTESIAN_POINT('',(3.,41.25,2.));
#7357 = VECTOR('',#7358,1.);
#7358 = DIRECTION('',(-1.110223024625E-16,-1.,0.));
#7359 = PCURVE('',#873,#7360);
#7360 = DEFINITIONAL_REPRESENTATION('',(#7361),#7365);
#7361 = LINE('',#7362,#7363);
#7362 = CARTESIAN_POINT('',(0.,-2.));
#7363 = VECTOR('',#7364,1.);
#7364 = DIRECTION('',(1.,0.));
#7365 = ( GEOMETRIC_REPRESENTATION_CONTEXT(2) 
PARAMETRIC_REPRESENTATION_CONTEXT() REPRESENTATION_CONTEXT('2D SPACE',''
  ) );
#7366 = PCURVE('',#7367,#7372);
#7367 = PLANE('',#7368);
#7368 = AXIS2_PLACEMENT_3D('',#7369,#7370,#7371);
#7369 = CARTESIAN_POINT('',(3.920556689754E-15,35.125,2.));
#7370 = DIRECTION('',(0.,-0.,-1.));
#7371 = DIRECTION('',(-1.110223024625E-16,-1.,0.));
#7372 = DEFINITIONAL_REPRESENTATION('',(#7373),#7377);
#7373 = LINE('',#7374,#7375);
#7374 = CARTESIAN_POINT('',(-6.125,-3.));
#7375 = VECTOR('',#7376,1.);
#7376 = DIRECTION('',(1.,0.));
#7377 = ( GEOMETRIC_REPRESENTATION_CONTEXT(2) 
PARAMETRIC_REPRESENTATION_CONTEXT() REPRESENTATION_CONTEXT('2D SPACE',''
  ) );
#7378 = ORIENTED_EDGE('',*,*,#7379,.T.);
#7379 = EDGE_CURVE('',#7352,#7380,#7382,.T.);
#7380 = VERTEX_POINT('',#7381);
#7381 = CARTESIAN_POINT('',(3.000000000001,31.658174299855,2.));
#7382 = SURFACE_CURVE('',#7383,(#7387,#7394),.PCURVE_S1.);
#7383 = LINE('',#7384,#7385);
#7384 = CARTESIAN_POINT('',(3.,41.25,2.));
#7385 = VECTOR('',#7386,1.);
#7386 = DIRECTION('',(-1.110223024625E-16,-1.,0.));
#7387 = PCURVE('',#873,#7388);
#7388 = DEFINITIONAL_REPRESENTATION('',(#7389),#7393);
#7389 = LINE('',#7390,#7391);
#7390 = CARTESIAN_POINT('',(0.,-2.));
#7391 = VECTOR('',#7392,1.);
#7392 = DIRECTION('',(1.,0.));
#7393 = ( GEOMETRIC_REPRESENTATION_CONTEXT(2) 
PARAMETRIC_REPRESENTATION_CONTEXT() REPRESENTATION_CONTEXT('2D SPACE',''
  ) );
#7394 = PCURVE('',#6561,#7395);
#7395 = DEFINITIONAL_REPRESENTATION('',(#7396),#7400);
#7396 = LINE('',#7397,#7398);
#7397 = CARTESIAN_POINT('',(3.,41.25));
#7398 = VECTOR('',#7399,1.);
#7399 = DIRECTION('',(-1.110223024625E-16,-1.));
#7400 = ( GEOMETRIC_REPRESENTATION_CONTEXT(2) 
PARAMETRIC_REPRESENTATION_CONTEXT() REPRESENTATION_CONTEXT('2D SPACE',''
  ) );
#7401 = ORIENTED_EDGE('',*,*,#7402,.T.);
#7402 = EDGE_CURVE('',#7380,#7403,#7405,.T.);
#7403 = VERTEX_POINT('',#7404);
#7404 = CARTESIAN_POINT('',(3.,30.854497241083,2.));
#7405 = SURFACE_CURVE('',#7406,(#7410,#7417),.PCURVE_S1.);
#7406 = LINE('',#7407,#7408);
#7407 = CARTESIAN_POINT('',(3.,41.25,2.));
#7408 = VECTOR('',#7409,1.);
#7409 = DIRECTION('',(-1.110223024625E-16,-1.,0.));
#7410 = PCURVE('',#873,#7411);
#7411 = DEFINITIONAL_REPRESENTATION('',(#7412),#7416);
#7412 = LINE('',#7413,#7414);
#7413 = CARTESIAN_POINT('',(0.,-2.));
#7414 = VECTOR('',#7415,1.);
#7415 = DIRECTION('',(1.,0.));
#7416 = ( GEOMETRIC_REPRESENTATION_CONTEXT(2) 
PARAMETRIC_REPRESENTATION_CONTEXT() REPRESENTATION_CONTEXT('2D SPACE',''
  ) );
#7417 = PCURVE('',#7418,#7423);
#7418 = PLANE('',#7419);
#7419 = AXIS2_PLACEMENT_3D('',#7420,#7421,#7422);
#7420 = CARTESIAN_POINT('',(3.920556689754E-15,35.125,2.));
#7421 = DIRECTION('',(0.,-0.,-1.));
#7422 = DIRECTION('',(-1.110223024625E-16,-1.,0.));
#7423 = DEFINITIONAL_REPRESENTATION('',(#7424),#7428);
#7424 = LINE('',#7425,#7426);
#7425 = CARTESIAN_POINT('',(-6.125,-3.));
#7426 = VECTOR('',#7427,1.);
#7427 = DIRECTION('',(1.,0.));
#7428 = ( GEOMETRIC_REPRESENTATION_CONTEXT(2) 
PARAMETRIC_REPRESENTATION_CONTEXT() REPRESENTATION_CONTEXT('2D SPACE',''
  ) );
#7429 = ORIENTED_EDGE('',*,*,#7430,.T.);
#7430 = EDGE_CURVE('',#7403,#7431,#7433,.T.);
#7431 = VERTEX_POINT('',#7432);
#7432 = CARTESIAN_POINT('',(3.,29.447580545777,2.));
#7433 = SURFACE_CURVE('',#7434,(#7438,#7445),.PCURVE_S1.);
#7434 = LINE('',#7435,#7436);
#7435 = CARTESIAN_POINT('',(3.,41.25,2.));
#7436 = VECTOR('',#7437,1.);
#7437 = DIRECTION('',(-1.110223024625E-16,-1.,0.));
#7438 = PCURVE('',#873,#7439);
#7439 = DEFINITIONAL_REPRESENTATION('',(#7440),#7444);
#7440 = LINE('',#7441,#7442);
#7441 = CARTESIAN_POINT('',(0.,-2.));
#7442 = VECTOR('',#7443,1.);
#7443 = DIRECTION('',(1.,0.));
#7444 = ( GEOMETRIC_REPRESENTATION_CONTEXT(2) 
PARAMETRIC_REPRESENTATION_CONTEXT() REPRESENTATION_CONTEXT('2D SPACE',''
  ) );
#7445 = PCURVE('',#6510,#7446);
#7446 = DEFINITIONAL_REPRESENTATION('',(#7447),#7451);
#7447 = LINE('',#7448,#7449);
#7448 = CARTESIAN_POINT('',(3.,41.25));
#7449 = VECTOR('',#7450,1.);
#7450 = DIRECTION('',(-1.110223024625E-16,-1.));
#7451 = ( GEOMETRIC_REPRESENTATION_CONTEXT(2) 
PARAMETRIC_REPRESENTATION_CONTEXT() REPRESENTATION_CONTEXT('2D SPACE',''
  ) );
#7452 = ORIENTED_EDGE('',*,*,#7453,.T.);
#7453 = EDGE_CURVE('',#7431,#6915,#7454,.T.);
#7454 = SURFACE_CURVE('',#7455,(#7459,#7466),.PCURVE_S1.);
#7455 = LINE('',#7456,#7457);
#7456 = CARTESIAN_POINT('',(3.,41.25,2.));
#7457 = VECTOR('',#7458,1.);
#7458 = DIRECTION('',(-1.110223024625E-16,-1.,0.));
#7459 = PCURVE('',#873,#7460);
#7460 = DEFINITIONAL_REPRESENTATION('',(#7461),#7465);
#7461 = LINE('',#7462,#7463);
#7462 = CARTESIAN_POINT('',(0.,-2.));
#7463 = VECTOR('',#7464,1.);
#7464 = DIRECTION('',(1.,0.));
#7465 = ( GEOMETRIC_REPRESENTATION_CONTEXT(2) 
PARAMETRIC_REPRESENTATION_CONTEXT() REPRESENTATION_CONTEXT('2D SPACE',''
  ) );
#7466 = PCURVE('',#6954,#7467);
#7467 = DEFINITIONAL_REPRESENTATION('',(#7468),#7472);
#7468 = LINE('',#7469,#7470);
#7469 = CARTESIAN_POINT('',(-6.125,-3.));
#7470 = VECTOR('',#7471,1.);
#7471 = DIRECTION('',(1.,0.));
#7472 = ( GEOMETRIC_REPRESENTATION_CONTEXT(2) 
PARAMETRIC_REPRESENTATION_CONTEXT() REPRESENTATION_CONTEXT('2D SPACE',''
  ) );
#7473 = ORIENTED_EDGE('',*,*,#6914,.F.);
#7474 = ORIENTED_EDGE('',*,*,#859,.F.);
#7475 = ADVANCED_FACE('',(#7476),#814,.F.);
#7476 = FACE_BOUND('',#7477,.F.);
#7477 = EDGE_LOOP('',(#7478,#7479,#7502,#7525,#7548,#7571,#7594,#7617,
    #7640,#7663,#7686,#7709,#7732,#7755,#7776));
#7478 = ORIENTED_EDGE('',*,*,#7127,.T.);
#7479 = ORIENTED_EDGE('',*,*,#7480,.T.);
#7480 = EDGE_CURVE('',#7104,#7481,#7483,.T.);
#7481 = VERTEX_POINT('',#7482);
#7482 = CARTESIAN_POINT('',(-3.,29.447580545777,2.));
#7483 = SURFACE_CURVE('',#7484,(#7488,#7495),.PCURVE_S1.);
#7484 = LINE('',#7485,#7486);
#7485 = CARTESIAN_POINT('',(-3.,29.,2.));
#7486 = VECTOR('',#7487,1.);
#7487 = DIRECTION('',(1.110223024625E-16,1.,0.));
#7488 = PCURVE('',#814,#7489);
#7489 = DEFINITIONAL_REPRESENTATION('',(#7490),#7494);
#7490 = LINE('',#7491,#7492);
#7491 = CARTESIAN_POINT('',(0.,-2.));
#7492 = VECTOR('',#7493,1.);
#7493 = DIRECTION('',(1.,0.));
#7494 = ( GEOMETRIC_REPRESENTATION_CONTEXT(2) 
PARAMETRIC_REPRESENTATION_CONTEXT() REPRESENTATION_CONTEXT('2D SPACE',''
  ) );
#7495 = PCURVE('',#6954,#7496);
#7496 = DEFINITIONAL_REPRESENTATION('',(#7497),#7501);
#7497 = LINE('',#7498,#7499);
#7498 = CARTESIAN_POINT('',(6.125,3.));
#7499 = VECTOR('',#7500,1.);
#7500 = DIRECTION('',(-1.,0.));
#7501 = ( GEOMETRIC_REPRESENTATION_CONTEXT(2) 
PARAMETRIC_REPRESENTATION_CONTEXT() REPRESENTATION_CONTEXT('2D SPACE',''
  ) );
#7502 = ORIENTED_EDGE('',*,*,#7503,.T.);
#7503 = EDGE_CURVE('',#7481,#7504,#7506,.T.);
#7504 = VERTEX_POINT('',#7505);
#7505 = CARTESIAN_POINT('',(-3.,30.854497241083,2.));
#7506 = SURFACE_CURVE('',#7507,(#7511,#7518),.PCURVE_S1.);
#7507 = LINE('',#7508,#7509);
#7508 = CARTESIAN_POINT('',(-3.,29.,2.));
#7509 = VECTOR('',#7510,1.);
#7510 = DIRECTION('',(1.110223024625E-16,1.,0.));
#7511 = PCURVE('',#814,#7512);
#7512 = DEFINITIONAL_REPRESENTATION('',(#7513),#7517);
#7513 = LINE('',#7514,#7515);
#7514 = CARTESIAN_POINT('',(0.,-2.));
#7515 = VECTOR('',#7516,1.);
#7516 = DIRECTION('',(1.,0.));
#7517 = ( GEOMETRIC_REPRESENTATION_CONTEXT(2) 
PARAMETRIC_REPRESENTATION_CONTEXT() REPRESENTATION_CONTEXT('2D SPACE',''
  ) );
#7518 = PCURVE('',#5093,#7519);
#7519 = DEFINITIONAL_REPRESENTATION('',(#7520),#7524);
#7520 = LINE('',#7521,#7522);
#7521 = CARTESIAN_POINT('',(-3.,29.));
#7522 = VECTOR('',#7523,1.);
#7523 = DIRECTION('',(1.110223024625E-16,1.));
#7524 = ( GEOMETRIC_REPRESENTATION_CONTEXT(2) 
PARAMETRIC_REPRESENTATION_CONTEXT() REPRESENTATION_CONTEXT('2D SPACE',''
  ) );
#7525 = ORIENTED_EDGE('',*,*,#7526,.T.);
#7526 = EDGE_CURVE('',#7504,#7527,#7529,.T.);
#7527 = VERTEX_POINT('',#7528);
#7528 = CARTESIAN_POINT('',(-2.999999999999,31.658174299855,2.));
#7529 = SURFACE_CURVE('',#7530,(#7534,#7541),.PCURVE_S1.);
#7530 = LINE('',#7531,#7532);
#7531 = CARTESIAN_POINT('',(-3.,29.,2.));
#7532 = VECTOR('',#7533,1.);
#7533 = DIRECTION('',(1.110223024625E-16,1.,0.));
#7534 = PCURVE('',#814,#7535);
#7535 = DEFINITIONAL_REPRESENTATION('',(#7536),#7540);
#7536 = LINE('',#7537,#7538);
#7537 = CARTESIAN_POINT('',(0.,-2.));
#7538 = VECTOR('',#7539,1.);
#7539 = DIRECTION('',(1.,0.));
#7540 = ( GEOMETRIC_REPRESENTATION_CONTEXT(2) 
PARAMETRIC_REPRESENTATION_CONTEXT() REPRESENTATION_CONTEXT('2D SPACE',''
  ) );
#7541 = PCURVE('',#7418,#7542);
#7542 = DEFINITIONAL_REPRESENTATION('',(#7543),#7547);
#7543 = LINE('',#7544,#7545);
#7544 = CARTESIAN_POINT('',(6.125,3.));
#7545 = VECTOR('',#7546,1.);
#7546 = DIRECTION('',(-1.,0.));
#7547 = ( GEOMETRIC_REPRESENTATION_CONTEXT(2) 
PARAMETRIC_REPRESENTATION_CONTEXT() REPRESENTATION_CONTEXT('2D SPACE',''
  ) );
#7548 = ORIENTED_EDGE('',*,*,#7549,.T.);
#7549 = EDGE_CURVE('',#7527,#7550,#7552,.T.);
#7550 = VERTEX_POINT('',#7551);
#7551 = CARTESIAN_POINT('',(-2.999999999999,33.064180014027,2.));
#7552 = SURFACE_CURVE('',#7553,(#7557,#7564),.PCURVE_S1.);
#7553 = LINE('',#7554,#7555);
#7554 = CARTESIAN_POINT('',(-3.,29.,2.));
#7555 = VECTOR('',#7556,1.);
#7556 = DIRECTION('',(1.110223024625E-16,1.,0.));
#7557 = PCURVE('',#814,#7558);
#7558 = DEFINITIONAL_REPRESENTATION('',(#7559),#7563);
#7559 = LINE('',#7560,#7561);
#7560 = CARTESIAN_POINT('',(0.,-2.));
#7561 = VECTOR('',#7562,1.);
#7562 = DIRECTION('',(1.,0.));
#7563 = ( GEOMETRIC_REPRESENTATION_CONTEXT(2) 
PARAMETRIC_REPRESENTATION_CONTEXT() REPRESENTATION_CONTEXT('2D SPACE',''
  ) );
#7564 = PCURVE('',#5037,#7565);
#7565 = DEFINITIONAL_REPRESENTATION('',(#7566),#7570);
#7566 = LINE('',#7567,#7568);
#7567 = CARTESIAN_POINT('',(-3.,29.));
#7568 = VECTOR('',#7569,1.);
#7569 = DIRECTION('',(1.110223024625E-16,1.));
#7570 = ( GEOMETRIC_REPRESENTATION_CONTEXT(2) 
PARAMETRIC_REPRESENTATION_CONTEXT() REPRESENTATION_CONTEXT('2D SPACE',''
  ) );
#7571 = ORIENTED_EDGE('',*,*,#7572,.T.);
#7572 = EDGE_CURVE('',#7550,#7573,#7575,.T.);
#7573 = VERTEX_POINT('',#7574);
#7574 = CARTESIAN_POINT('',(-3.000000000001,33.867388443752,2.));
#7575 = SURFACE_CURVE('',#7576,(#7580,#7587),.PCURVE_S1.);
#7576 = LINE('',#7577,#7578);
#7577 = CARTESIAN_POINT('',(-3.,29.,2.));
#7578 = VECTOR('',#7579,1.);
#7579 = DIRECTION('',(1.110223024625E-16,1.,0.));
#7580 = PCURVE('',#814,#7581);
#7581 = DEFINITIONAL_REPRESENTATION('',(#7582),#7586);
#7582 = LINE('',#7583,#7584);
#7583 = CARTESIAN_POINT('',(0.,-2.));
#7584 = VECTOR('',#7585,1.);
#7585 = DIRECTION('',(1.,0.));
#7586 = ( GEOMETRIC_REPRESENTATION_CONTEXT(2) 
PARAMETRIC_REPRESENTATION_CONTEXT() REPRESENTATION_CONTEXT('2D SPACE',''
  ) );
#7587 = PCURVE('',#7367,#7588);
#7588 = DEFINITIONAL_REPRESENTATION('',(#7589),#7593);
#7589 = LINE('',#7590,#7591);
#7590 = CARTESIAN_POINT('',(6.125,3.));
#7591 = VECTOR('',#7592,1.);
#7592 = DIRECTION('',(-1.,0.));
#7593 = ( GEOMETRIC_REPRESENTATION_CONTEXT(2) 
PARAMETRIC_REPRESENTATION_CONTEXT() REPRESENTATION_CONTEXT('2D SPACE',''
  ) );
#7594 = ORIENTED_EDGE('',*,*,#7595,.T.);
#7595 = EDGE_CURVE('',#7573,#7596,#7598,.T.);
#7596 = VERTEX_POINT('',#7597);
#7597 = CARTESIAN_POINT('',(-3.000000000001,35.272652296078,2.));
#7598 = SURFACE_CURVE('',#7599,(#7603,#7610),.PCURVE_S1.);
#7599 = LINE('',#7600,#7601);
#7600 = CARTESIAN_POINT('',(-3.,29.,2.));
#7601 = VECTOR('',#7602,1.);
#7602 = DIRECTION('',(1.110223024625E-16,1.,0.));
#7603 = PCURVE('',#814,#7604);
#7604 = DEFINITIONAL_REPRESENTATION('',(#7605),#7609);
#7605 = LINE('',#7606,#7607);
#7606 = CARTESIAN_POINT('',(0.,-2.));
#7607 = VECTOR('',#7608,1.);
#7608 = DIRECTION('',(1.,0.));
#7609 = ( GEOMETRIC_REPRESENTATION_CONTEXT(2) 
PARAMETRIC_REPRESENTATION_CONTEXT() REPRESENTATION_CONTEXT('2D SPACE',''
  ) );
#7610 = PCURVE('',#4981,#7611);
#7611 = DEFINITIONAL_REPRESENTATION('',(#7612),#7616);
#7612 = LINE('',#7613,#7614);
#7613 = CARTESIAN_POINT('',(-3.,29.));
#7614 = VECTOR('',#7615,1.);
#7615 = DIRECTION('',(1.110223024625E-16,1.));
#7616 = ( GEOMETRIC_REPRESENTATION_CONTEXT(2) 
PARAMETRIC_REPRESENTATION_CONTEXT() REPRESENTATION_CONTEXT('2D SPACE',''
  ) );
#7617 = ORIENTED_EDGE('',*,*,#7618,.T.);
#7618 = EDGE_CURVE('',#7596,#7619,#7621,.T.);
#7619 = VERTEX_POINT('',#7620);
#7620 = CARTESIAN_POINT('',(-2.999999999999,36.07547643483,2.));
#7621 = SURFACE_CURVE('',#7622,(#7626,#7633),.PCURVE_S1.);
#7622 = LINE('',#7623,#7624);
#7623 = CARTESIAN_POINT('',(-3.,29.,2.));
#7624 = VECTOR('',#7625,1.);
#7625 = DIRECTION('',(1.110223024625E-16,1.,0.));
#7626 = PCURVE('',#814,#7627);
#7627 = DEFINITIONAL_REPRESENTATION('',(#7628),#7632);
#7628 = LINE('',#7629,#7630);
#7629 = CARTESIAN_POINT('',(0.,-2.));
#7630 = VECTOR('',#7631,1.);
#7631 = DIRECTION('',(1.,0.));
#7632 = ( GEOMETRIC_REPRESENTATION_CONTEXT(2) 
PARAMETRIC_REPRESENTATION_CONTEXT() REPRESENTATION_CONTEXT('2D SPACE',''
  ) );
#7633 = PCURVE('',#7316,#7634);
#7634 = DEFINITIONAL_REPRESENTATION('',(#7635),#7639);
#7635 = LINE('',#7636,#7637);
#7636 = CARTESIAN_POINT('',(6.125,3.));
#7637 = VECTOR('',#7638,1.);
#7638 = DIRECTION('',(-1.,0.));
#7639 = ( GEOMETRIC_REPRESENTATION_CONTEXT(2) 
PARAMETRIC_REPRESENTATION_CONTEXT() REPRESENTATION_CONTEXT('2D SPACE',''
  ) );
#7640 = ORIENTED_EDGE('',*,*,#7641,.T.);
#7641 = EDGE_CURVE('',#7619,#7642,#7644,.T.);
#7642 = VERTEX_POINT('',#7643);
#7643 = CARTESIAN_POINT('',(-3.,37.480128068084,2.));
#7644 = SURFACE_CURVE('',#7645,(#7649,#7656),.PCURVE_S1.);
#7645 = LINE('',#7646,#7647);
#7646 = CARTESIAN_POINT('',(-3.,29.,2.));
#7647 = VECTOR('',#7648,1.);
#7648 = DIRECTION('',(1.110223024625E-16,1.,0.));
#7649 = PCURVE('',#814,#7650);
#7650 = DEFINITIONAL_REPRESENTATION('',(#7651),#7655);
#7651 = LINE('',#7652,#7653);
#7652 = CARTESIAN_POINT('',(0.,-2.));
#7653 = VECTOR('',#7654,1.);
#7654 = DIRECTION('',(1.,0.));
#7655 = ( GEOMETRIC_REPRESENTATION_CONTEXT(2) 
PARAMETRIC_REPRESENTATION_CONTEXT() REPRESENTATION_CONTEXT('2D SPACE',''
  ) );
#7656 = PCURVE('',#4925,#7657);
#7657 = DEFINITIONAL_REPRESENTATION('',(#7658),#7662);
#7658 = LINE('',#7659,#7660);
#7659 = CARTESIAN_POINT('',(-3.,29.));
#7660 = VECTOR('',#7661,1.);
#7661 = DIRECTION('',(1.110223024625E-16,1.));
#7662 = ( GEOMETRIC_REPRESENTATION_CONTEXT(2) 
PARAMETRIC_REPRESENTATION_CONTEXT() REPRESENTATION_CONTEXT('2D SPACE',''
  ) );
#7663 = ORIENTED_EDGE('',*,*,#7664,.T.);
#7664 = EDGE_CURVE('',#7642,#7665,#7667,.T.);
#7665 = VERTEX_POINT('',#7666);
#7666 = CARTESIAN_POINT('',(-3.000000000001,38.282633138278,2.));
#7667 = SURFACE_CURVE('',#7668,(#7672,#7679),.PCURVE_S1.);
#7668 = LINE('',#7669,#7670);
#7669 = CARTESIAN_POINT('',(-3.,29.,2.));
#7670 = VECTOR('',#7671,1.);
#7671 = DIRECTION('',(1.110223024625E-16,1.,0.));
#7672 = PCURVE('',#814,#7673);
#7673 = DEFINITIONAL_REPRESENTATION('',(#7674),#7678);
#7674 = LINE('',#7675,#7676);
#7675 = CARTESIAN_POINT('',(0.,-2.));
#7676 = VECTOR('',#7677,1.);
#7677 = DIRECTION('',(1.,0.));
#7678 = ( GEOMETRIC_REPRESENTATION_CONTEXT(2) 
PARAMETRIC_REPRESENTATION_CONTEXT() REPRESENTATION_CONTEXT('2D SPACE',''
  ) );
#7679 = PCURVE('',#7265,#7680);
#7680 = DEFINITIONAL_REPRESENTATION('',(#7681),#7685);
#7681 = LINE('',#7682,#7683);
#7682 = CARTESIAN_POINT('',(6.125,3.));
#7683 = VECTOR('',#7684,1.);
#7684 = DIRECTION('',(-1.,0.));
#7685 = ( GEOMETRIC_REPRESENTATION_CONTEXT(2) 
PARAMETRIC_REPRESENTATION_CONTEXT() REPRESENTATION_CONTEXT('2D SPACE',''
  ) );
#7686 = ORIENTED_EDGE('',*,*,#7687,.T.);
#7687 = EDGE_CURVE('',#7665,#7688,#7690,.T.);
#7688 = VERTEX_POINT('',#7689);
#7689 = CARTESIAN_POINT('',(-3.,39.6867736154,2.));
#7690 = SURFACE_CURVE('',#7691,(#7695,#7702),.PCURVE_S1.);
#7691 = LINE('',#7692,#7693);
#7692 = CARTESIAN_POINT('',(-3.,29.,2.));
#7693 = VECTOR('',#7694,1.);
#7694 = DIRECTION('',(1.110223024625E-16,1.,0.));
#7695 = PCURVE('',#814,#7696);
#7696 = DEFINITIONAL_REPRESENTATION('',(#7697),#7701);
#7697 = LINE('',#7698,#7699);
#7698 = CARTESIAN_POINT('',(0.,-2.));
#7699 = VECTOR('',#7700,1.);
#7700 = DIRECTION('',(1.,0.));
#7701 = ( GEOMETRIC_REPRESENTATION_CONTEXT(2) 
PARAMETRIC_REPRESENTATION_CONTEXT() REPRESENTATION_CONTEXT('2D SPACE',''
  ) );
#7702 = PCURVE('',#4869,#7703);
#7703 = DEFINITIONAL_REPRESENTATION('',(#7704),#7708);
#7704 = LINE('',#7705,#7706);
#7705 = CARTESIAN_POINT('',(-3.,29.));
#7706 = VECTOR('',#7707,1.);
#7707 = DIRECTION('',(1.110223024625E-16,1.));
#7708 = ( GEOMETRIC_REPRESENTATION_CONTEXT(2) 
PARAMETRIC_REPRESENTATION_CONTEXT() REPRESENTATION_CONTEXT('2D SPACE',''
  ) );
#7709 = ORIENTED_EDGE('',*,*,#7710,.T.);
#7710 = EDGE_CURVE('',#7688,#7711,#7713,.T.);
#7711 = VERTEX_POINT('',#7712);
#7712 = CARTESIAN_POINT('',(-2.999999999999,40.489010854799,2.));
#7713 = SURFACE_CURVE('',#7714,(#7718,#7725),.PCURVE_S1.);
#7714 = LINE('',#7715,#7716);
#7715 = CARTESIAN_POINT('',(-3.,29.,2.));
#7716 = VECTOR('',#7717,1.);
#7717 = DIRECTION('',(1.110223024625E-16,1.,0.));
#7718 = PCURVE('',#814,#7719);
#7719 = DEFINITIONAL_REPRESENTATION('',(#7720),#7724);
#7720 = LINE('',#7721,#7722);
#7721 = CARTESIAN_POINT('',(0.,-2.));
#7722 = VECTOR('',#7723,1.);
#7723 = DIRECTION('',(1.,0.));
#7724 = ( GEOMETRIC_REPRESENTATION_CONTEXT(2) 
PARAMETRIC_REPRESENTATION_CONTEXT() REPRESENTATION_CONTEXT('2D SPACE',''
  ) );
#7725 = PCURVE('',#7214,#7726);
#7726 = DEFINITIONAL_REPRESENTATION('',(#7727),#7731);
#7727 = LINE('',#7728,#7729);
#7728 = CARTESIAN_POINT('',(6.125,3.));
#7729 = VECTOR('',#7730,1.);
#7730 = DIRECTION('',(-1.,0.));
#7731 = ( GEOMETRIC_REPRESENTATION_CONTEXT(2) 
PARAMETRIC_REPRESENTATION_CONTEXT() REPRESENTATION_CONTEXT('2D SPACE',''
  ) );
#7732 = ORIENTED_EDGE('',*,*,#7733,.T.);
#7733 = EDGE_CURVE('',#7711,#7734,#7736,.T.);
#7734 = VERTEX_POINT('',#7735);
#7735 = CARTESIAN_POINT('',(-3.,41.25,2.));
#7736 = SURFACE_CURVE('',#7737,(#7741,#7748),.PCURVE_S1.);
#7737 = LINE('',#7738,#7739);
#7738 = CARTESIAN_POINT('',(-3.,29.,2.));
#7739 = VECTOR('',#7740,1.);
#7740 = DIRECTION('',(1.110223024625E-16,1.,0.));
#7741 = PCURVE('',#814,#7742);
#7742 = DEFINITIONAL_REPRESENTATION('',(#7743),#7747);
#7743 = LINE('',#7744,#7745);
#7744 = CARTESIAN_POINT('',(0.,-2.));
#7745 = VECTOR('',#7746,1.);
#7746 = DIRECTION('',(1.,0.));
#7747 = ( GEOMETRIC_REPRESENTATION_CONTEXT(2) 
PARAMETRIC_REPRESENTATION_CONTEXT() REPRESENTATION_CONTEXT('2D SPACE',''
  ) );
#7748 = PCURVE('',#4813,#7749);
#7749 = DEFINITIONAL_REPRESENTATION('',(#7750),#7754);
#7750 = LINE('',#7751,#7752);
#7751 = CARTESIAN_POINT('',(-3.,29.));
#7752 = VECTOR('',#7753,1.);
#7753 = DIRECTION('',(1.110223024625E-16,1.));
#7754 = ( GEOMETRIC_REPRESENTATION_CONTEXT(2) 
PARAMETRIC_REPRESENTATION_CONTEXT() REPRESENTATION_CONTEXT('2D SPACE',''
  ) );
#7755 = ORIENTED_EDGE('',*,*,#7756,.F.);
#7756 = EDGE_CURVE('',#799,#7734,#7757,.T.);
#7757 = SURFACE_CURVE('',#7758,(#7762,#7769),.PCURVE_S1.);
#7758 = LINE('',#7759,#7760);
#7759 = CARTESIAN_POINT('',(-3.,41.25,0.));
#7760 = VECTOR('',#7761,1.);
#7761 = DIRECTION('',(0.,0.,1.));
#7762 = PCURVE('',#814,#7763);
#7763 = DEFINITIONAL_REPRESENTATION('',(#7764),#7768);
#7764 = LINE('',#7765,#7766);
#7765 = CARTESIAN_POINT('',(12.25,0.));
#7766 = VECTOR('',#7767,1.);
#7767 = DIRECTION('',(0.,-1.));
#7768 = ( GEOMETRIC_REPRESENTATION_CONTEXT(2) 
PARAMETRIC_REPRESENTATION_CONTEXT() REPRESENTATION_CONTEXT('2D SPACE',''
  ) );
#7769 = PCURVE('',#847,#7770);
#7770 = DEFINITIONAL_REPRESENTATION('',(#7771),#7775);
#7771 = LINE('',#7772,#7773);
#7772 = CARTESIAN_POINT('',(0.,0.));
#7773 = VECTOR('',#7774,1.);
#7774 = DIRECTION('',(0.,-1.));
#7775 = ( GEOMETRIC_REPRESENTATION_CONTEXT(2) 
PARAMETRIC_REPRESENTATION_CONTEXT() REPRESENTATION_CONTEXT('2D SPACE',''
  ) );
#7776 = ORIENTED_EDGE('',*,*,#798,.F.);
#7777 = ADVANCED_FACE('',(#7778),#847,.F.);
#7778 = FACE_BOUND('',#7779,.F.);
#7779 = EDGE_LOOP('',(#7780,#7781,#7809,#7836,#7837,#7861,#7887,#7888));
#7780 = ORIENTED_EDGE('',*,*,#7756,.T.);
#7781 = ORIENTED_EDGE('',*,*,#7782,.T.);
#7782 = EDGE_CURVE('',#7734,#7783,#7785,.T.);
#7783 = VERTEX_POINT('',#7784);
#7784 = CARTESIAN_POINT('',(-2.9292404101,41.897727272727,2.));
#7785 = SURFACE_CURVE('',#7786,(#7791,#7798),.PCURVE_S1.);
#7786 = CIRCLE('',#7787,3.);
#7787 = AXIS2_PLACEMENT_3D('',#7788,#7789,#7790);
#7788 = CARTESIAN_POINT('',(4.579669976579E-15,41.25,2.));
#7789 = DIRECTION('',(0.,0.,-1.));
#7790 = DIRECTION('',(-1.,1.110223024625E-16,0.));
#7791 = PCURVE('',#847,#7792);
#7792 = DEFINITIONAL_REPRESENTATION('',(#7793),#7797);
#7793 = LINE('',#7794,#7795);
#7794 = CARTESIAN_POINT('',(0.,-2.));
#7795 = VECTOR('',#7796,1.);
#7796 = DIRECTION('',(1.,0.));
#7797 = ( GEOMETRIC_REPRESENTATION_CONTEXT(2) 
PARAMETRIC_REPRESENTATION_CONTEXT() REPRESENTATION_CONTEXT('2D SPACE',''
  ) );
#7798 = PCURVE('',#4813,#7799);
#7799 = DEFINITIONAL_REPRESENTATION('',(#7800),#7808);
#7800 = ( BOUNDED_CURVE() B_SPLINE_CURVE(2,(#7801,#7802,#7803,#7804,
#7805,#7806,#7807),.UNSPECIFIED.,.T.,.F.) B_SPLINE_CURVE_WITH_KNOTS((1,2
    ,2,2,2,1),(-2.094395102393,0.,2.094395102393,4.188790204786,
6.28318530718,8.377580409573),.UNSPECIFIED.) CURVE() 
GEOMETRIC_REPRESENTATION_ITEM() RATIONAL_B_SPLINE_CURVE((1.,0.5,1.,0.5,
1.,0.5,1.)) REPRESENTATION_ITEM('') );
#7801 = CARTESIAN_POINT('',(-3.,41.25));
#7802 = CARTESIAN_POINT('',(-3.,46.446152422707));
#7803 = CARTESIAN_POINT('',(1.5,43.848076211353));
#7804 = CARTESIAN_POINT('',(6.,41.25));
#7805 = CARTESIAN_POINT('',(1.5,38.651923788647));
#7806 = CARTESIAN_POINT('',(-3.,36.053847577293));
#7807 = CARTESIAN_POINT('',(-3.,41.25));
#7808 = ( GEOMETRIC_REPRESENTATION_CONTEXT(2) 
PARAMETRIC_REPRESENTATION_CONTEXT() REPRESENTATION_CONTEXT('2D SPACE',''
  ) );
#7809 = ORIENTED_EDGE('',*,*,#7810,.T.);
#7810 = EDGE_CURVE('',#7783,#1202,#7811,.T.);
#7811 = SURFACE_CURVE('',#7812,(#7817,#7824),.PCURVE_S1.);
#7812 = CIRCLE('',#7813,3.);
#7813 = AXIS2_PLACEMENT_3D('',#7814,#7815,#7816);
#7814 = CARTESIAN_POINT('',(4.579669976579E-15,41.25,2.));
#7815 = DIRECTION('',(0.,0.,-1.));
#7816 = DIRECTION('',(-1.,1.110223024625E-16,0.));
#7817 = PCURVE('',#847,#7818);
#7818 = DEFINITIONAL_REPRESENTATION('',(#7819),#7823);
#7819 = LINE('',#7820,#7821);
#7820 = CARTESIAN_POINT('',(0.,-2.));
#7821 = VECTOR('',#7822,1.);
#7822 = DIRECTION('',(1.,0.));
#7823 = ( GEOMETRIC_REPRESENTATION_CONTEXT(2) 
PARAMETRIC_REPRESENTATION_CONTEXT() REPRESENTATION_CONTEXT('2D SPACE',''
  ) );
#7824 = PCURVE('',#7825,#7830);
#7825 = PLANE('',#7826);
#7826 = AXIS2_PLACEMENT_3D('',#7827,#7828,#7829);
#7827 = CARTESIAN_POINT('',(3.920556689754E-15,35.125,2.));
#7828 = DIRECTION('',(0.,-0.,-1.));
#7829 = DIRECTION('',(-1.110223024625E-16,-1.,0.));
#7830 = DEFINITIONAL_REPRESENTATION('',(#7831),#7835);
#7831 = CIRCLE('',#7832,3.);
#7832 = AXIS2_PLACEMENT_2D('',#7833,#7834);
#7833 = CARTESIAN_POINT('',(-6.125,2.089831575765E-17));
#7834 = DIRECTION('',(0.,1.));
#7835 = ( GEOMETRIC_REPRESENTATION_CONTEXT(2) 
PARAMETRIC_REPRESENTATION_CONTEXT() REPRESENTATION_CONTEXT('2D SPACE',''
  ) );
#7836 = ORIENTED_EDGE('',*,*,#1225,.T.);
#7837 = ORIENTED_EDGE('',*,*,#7838,.T.);
#7838 = EDGE_CURVE('',#1226,#7839,#7841,.T.);
#7839 = VERTEX_POINT('',#7840);
#7840 = CARTESIAN_POINT('',(2.9292404101,41.897727272727,2.));
#7841 = SURFACE_CURVE('',#7842,(#7847,#7854),.PCURVE_S1.);
#7842 = CIRCLE('',#7843,3.);
#7843 = AXIS2_PLACEMENT_3D('',#7844,#7845,#7846);
#7844 = CARTESIAN_POINT('',(4.579669976579E-15,41.25,2.));
#7845 = DIRECTION('',(0.,0.,-1.));
#7846 = DIRECTION('',(-1.,1.110223024625E-16,0.));
#7847 = PCURVE('',#847,#7848);
#7848 = DEFINITIONAL_REPRESENTATION('',(#7849),#7853);
#7849 = LINE('',#7850,#7851);
#7850 = CARTESIAN_POINT('',(0.,-2.));
#7851 = VECTOR('',#7852,1.);
#7852 = DIRECTION('',(1.,0.));
#7853 = ( GEOMETRIC_REPRESENTATION_CONTEXT(2) 
PARAMETRIC_REPRESENTATION_CONTEXT() REPRESENTATION_CONTEXT('2D SPACE',''
  ) );
#7854 = PCURVE('',#7825,#7855);
#7855 = DEFINITIONAL_REPRESENTATION('',(#7856),#7860);
#7856 = CIRCLE('',#7857,3.);
#7857 = AXIS2_PLACEMENT_2D('',#7858,#7859);
#7858 = CARTESIAN_POINT('',(-6.125,2.089831575765E-17));
#7859 = DIRECTION('',(0.,1.));
#7860 = ( GEOMETRIC_REPRESENTATION_CONTEXT(2) 
PARAMETRIC_REPRESENTATION_CONTEXT() REPRESENTATION_CONTEXT('2D SPACE',''
  ) );
#7861 = ORIENTED_EDGE('',*,*,#7862,.T.);
#7862 = EDGE_CURVE('',#7839,#7153,#7863,.T.);
#7863 = SURFACE_CURVE('',#7864,(#7869,#7876),.PCURVE_S1.);
#7864 = CIRCLE('',#7865,3.);
#7865 = AXIS2_PLACEMENT_3D('',#7866,#7867,#7868);
#7866 = CARTESIAN_POINT('',(4.579669976579E-15,41.25,2.));
#7867 = DIRECTION('',(0.,0.,-1.));
#7868 = DIRECTION('',(-1.,1.110223024625E-16,0.));
#7869 = PCURVE('',#847,#7870);
#7870 = DEFINITIONAL_REPRESENTATION('',(#7871),#7875);
#7871 = LINE('',#7872,#7873);
#7872 = CARTESIAN_POINT('',(0.,-2.));
#7873 = VECTOR('',#7874,1.);
#7874 = DIRECTION('',(1.,0.));
#7875 = ( GEOMETRIC_REPRESENTATION_CONTEXT(2) 
PARAMETRIC_REPRESENTATION_CONTEXT() REPRESENTATION_CONTEXT('2D SPACE',''
  ) );
#7876 = PCURVE('',#6765,#7877);
#7877 = DEFINITIONAL_REPRESENTATION('',(#7878),#7886);
#7878 = ( BOUNDED_CURVE() B_SPLINE_CURVE(2,(#7879,#7880,#7881,#7882,
#7883,#7884,#7885),.UNSPECIFIED.,.T.,.F.) B_SPLINE_CURVE_WITH_KNOTS((1,2
    ,2,2,2,1),(-2.094395102393,0.,2.094395102393,4.188790204786,
6.28318530718,8.377580409573),.UNSPECIFIED.) CURVE() 
GEOMETRIC_REPRESENTATION_ITEM() RATIONAL_B_SPLINE_CURVE((1.,0.5,1.,0.5,
1.,0.5,1.)) REPRESENTATION_ITEM('') );
#7879 = CARTESIAN_POINT('',(-3.,41.25));
#7880 = CARTESIAN_POINT('',(-3.,46.446152422707));
#7881 = CARTESIAN_POINT('',(1.5,43.848076211353));
#7882 = CARTESIAN_POINT('',(6.,41.25));
#7883 = CARTESIAN_POINT('',(1.5,38.651923788647));
#7884 = CARTESIAN_POINT('',(-3.,36.053847577293));
#7885 = CARTESIAN_POINT('',(-3.,41.25));
#7886 = ( GEOMETRIC_REPRESENTATION_CONTEXT(2) 
PARAMETRIC_REPRESENTATION_CONTEXT() REPRESENTATION_CONTEXT('2D SPACE',''
  ) );
#7887 = ORIENTED_EDGE('',*,*,#7152,.F.);
#7888 = ORIENTED_EDGE('',*,*,#826,.F.);
#7889 = ADVANCED_FACE('',(#7890),#910,.T.);
#7890 = FACE_BOUND('',#7891,.F.);
#7891 = EDGE_LOOP('',(#7892,#7922,#7951,#7972,#7973,#7999,#8021,#8047,
    #8069,#8095));
#7892 = ORIENTED_EDGE('',*,*,#7893,.T.);
#7893 = EDGE_CURVE('',#7894,#7896,#7898,.T.);
#7894 = VERTEX_POINT('',#7895);
#7895 = CARTESIAN_POINT('',(-40.6,9.677010349317E-16,2.));
#7896 = VERTEX_POINT('',#7897);
#7897 = CARTESIAN_POINT('',(-40.6,9.677010349317E-16,3.2));
#7898 = SURFACE_CURVE('',#7899,(#7903,#7910),.PCURVE_S1.);
#7899 = LINE('',#7900,#7901);
#7900 = CARTESIAN_POINT('',(-40.6,9.677010349317E-16,2.));
#7901 = VECTOR('',#7902,1.);
#7902 = DIRECTION('',(0.,0.,1.));
#7903 = PCURVE('',#910,#7904);
#7904 = DEFINITIONAL_REPRESENTATION('',(#7905),#7909);
#7905 = LINE('',#7906,#7907);
#7906 = CARTESIAN_POINT('',(-0.,0.));
#7907 = VECTOR('',#7908,1.);
#7908 = DIRECTION('',(-0.,-1.));
#7909 = ( GEOMETRIC_REPRESENTATION_CONTEXT(2) 
PARAMETRIC_REPRESENTATION_CONTEXT() REPRESENTATION_CONTEXT('2D SPACE',''
  ) );
#7910 = PCURVE('',#7911,#7916);
#7911 = CYLINDRICAL_SURFACE('',#7912,40.6);
#7912 = AXIS2_PLACEMENT_3D('',#7913,#7914,#7915);
#7913 = CARTESIAN_POINT('',(0.,-3.552713678801E-15,2.));
#7914 = DIRECTION('',(-0.,-0.,-1.));
#7915 = DIRECTION('',(1.,1.112441602971E-17,-0.));
#7916 = DEFINITIONAL_REPRESENTATION('',(#7917),#7921);
#7917 = LINE('',#7918,#7919);
#7918 = CARTESIAN_POINT('',(-3.14159265359,0.));
#7919 = VECTOR('',#7920,1.);
#7920 = DIRECTION('',(-0.,-1.));
#7921 = ( GEOMETRIC_REPRESENTATION_CONTEXT(2) 
PARAMETRIC_REPRESENTATION_CONTEXT() REPRESENTATION_CONTEXT('2D SPACE',''
  ) );
#7922 = ORIENTED_EDGE('',*,*,#7923,.T.);
#7923 = EDGE_CURVE('',#7896,#7924,#7926,.T.);
#7924 = VERTEX_POINT('',#7925);
#7925 = CARTESIAN_POINT('',(42.8,1.030949170225E-15,3.2));
#7926 = SURFACE_CURVE('',#7927,(#7932,#7939),.PCURVE_S1.);
#7927 = CIRCLE('',#7928,41.7);
#7928 = AXIS2_PLACEMENT_3D('',#7929,#7930,#7931);
#7929 = CARTESIAN_POINT('',(1.1,3.552713678801E-15,3.2));
#7930 = DIRECTION('',(0.,0.,1.));
#7931 = DIRECTION('',(-1.,-6.199071088414E-17,0.));
#7932 = PCURVE('',#910,#7933);
#7933 = DEFINITIONAL_REPRESENTATION('',(#7934),#7938);
#7934 = LINE('',#7935,#7936);
#7935 = CARTESIAN_POINT('',(-0.,-1.2));
#7936 = VECTOR('',#7937,1.);
#7937 = DIRECTION('',(-1.,0.));
#7938 = ( GEOMETRIC_REPRESENTATION_CONTEXT(2) 
PARAMETRIC_REPRESENTATION_CONTEXT() REPRESENTATION_CONTEXT('2D SPACE',''
  ) );
#7939 = PCURVE('',#7940,#7945);
#7940 = PLANE('',#7941);
#7941 = AXIS2_PLACEMENT_3D('',#7942,#7943,#7944);
#7942 = CARTESIAN_POINT('',(0.57247706422,-0.634829187511,3.2));
#7943 = DIRECTION('',(0.,0.,1.));
#7944 = DIRECTION('',(1.,0.,-0.));
#7945 = DEFINITIONAL_REPRESENTATION('',(#7946),#7950);
#7946 = CIRCLE('',#7947,41.7);
#7947 = AXIS2_PLACEMENT_2D('',#7948,#7949);
#7948 = CARTESIAN_POINT('',(0.52752293578,0.634829187511));
#7949 = DIRECTION('',(-1.,-6.199071088414E-17));
#7950 = ( GEOMETRIC_REPRESENTATION_CONTEXT(2) 
PARAMETRIC_REPRESENTATION_CONTEXT() REPRESENTATION_CONTEXT('2D SPACE',''
  ) );
#7951 = ORIENTED_EDGE('',*,*,#7952,.F.);
#7952 = EDGE_CURVE('',#894,#7924,#7953,.T.);
#7953 = SURFACE_CURVE('',#7954,(#7958,#7965),.PCURVE_S1.);
#7954 = LINE('',#7955,#7956);
#7955 = CARTESIAN_POINT('',(42.8,1.030949170225E-15,2.));
#7956 = VECTOR('',#7957,1.);
#7957 = DIRECTION('',(0.,0.,1.));
#7958 = PCURVE('',#910,#7959);
#7959 = DEFINITIONAL_REPRESENTATION('',(#7960),#7964);
#7960 = LINE('',#7961,#7962);
#7961 = CARTESIAN_POINT('',(-3.14159265359,0.));
#7962 = VECTOR('',#7963,1.);
#7963 = DIRECTION('',(-0.,-1.));
#7964 = ( GEOMETRIC_REPRESENTATION_CONTEXT(2) 
PARAMETRIC_REPRESENTATION_CONTEXT() REPRESENTATION_CONTEXT('2D SPACE',''
  ) );
#7965 = PCURVE('',#1161,#7966);
#7966 = DEFINITIONAL_REPRESENTATION('',(#7967),#7971);
#7967 = LINE('',#7968,#7969);
#7968 = CARTESIAN_POINT('',(-0.,0.));
#7969 = VECTOR('',#7970,1.);
#7970 = DIRECTION('',(-0.,-1.));
#7971 = ( GEOMETRIC_REPRESENTATION_CONTEXT(2) 
PARAMETRIC_REPRESENTATION_CONTEXT() REPRESENTATION_CONTEXT('2D SPACE',''
  ) );
#7972 = ORIENTED_EDGE('',*,*,#891,.F.);
#7973 = ORIENTED_EDGE('',*,*,#7974,.F.);
#7974 = EDGE_CURVE('',#4449,#892,#7975,.T.);
#7975 = SURFACE_CURVE('',#7976,(#7981,#7988),.PCURVE_S1.);
#7976 = CIRCLE('',#7977,41.7);
#7977 = AXIS2_PLACEMENT_3D('',#7978,#7979,#7980);
#7978 = CARTESIAN_POINT('',(1.1,3.552713678801E-15,2.));
#7979 = DIRECTION('',(0.,0.,1.));
#7980 = DIRECTION('',(-1.,-6.199071088414E-17,0.));
#7981 = PCURVE('',#910,#7982);
#7982 = DEFINITIONAL_REPRESENTATION('',(#7983),#7987);
#7983 = LINE('',#7984,#7985);
#7984 = CARTESIAN_POINT('',(-0.,0.));
#7985 = VECTOR('',#7986,1.);
#7986 = DIRECTION('',(-1.,0.));
#7987 = ( GEOMETRIC_REPRESENTATION_CONTEXT(2) 
PARAMETRIC_REPRESENTATION_CONTEXT() REPRESENTATION_CONTEXT('2D SPACE',''
  ) );
#7988 = PCURVE('',#4406,#7989);
#7989 = DEFINITIONAL_REPRESENTATION('',(#7990),#7998);
#7990 = ( BOUNDED_CURVE() B_SPLINE_CURVE(2,(#7991,#7992,#7993,#7994,
#7995,#7996,#7997),.UNSPECIFIED.,.T.,.F.) B_SPLINE_CURVE_WITH_KNOTS((1,2
    ,2,2,2,1),(-2.094395102393,0.,2.094395102393,4.188790204786,
6.28318530718,8.377580409573),.UNSPECIFIED.) CURVE() 
GEOMETRIC_REPRESENTATION_ITEM() RATIONAL_B_SPLINE_CURVE((1.,0.5,1.,0.5,
1.,0.5,1.)) REPRESENTATION_ITEM('') );
#7991 = CARTESIAN_POINT('',(70.285631393648,-20.3));
#7992 = CARTESIAN_POINT('',(34.172372055837,-82.85));
#7993 = CARTESIAN_POINT('',(-1.940887281974,-20.3));
#7994 = CARTESIAN_POINT('',(-38.05414661978,42.25));
#7995 = CARTESIAN_POINT('',(34.172372055837,42.25));
#7996 = CARTESIAN_POINT('',(106.39889073145,42.25));
#7997 = CARTESIAN_POINT('',(70.285631393648,-20.3));
#7998 = ( GEOMETRIC_REPRESENTATION_CONTEXT(2) 
PARAMETRIC_REPRESENTATION_CONTEXT() REPRESENTATION_CONTEXT('2D SPACE',''
  ) );
#7999 = ORIENTED_EDGE('',*,*,#8000,.F.);
#8000 = EDGE_CURVE('',#3297,#4449,#8001,.T.);
#8001 = SURFACE_CURVE('',#8002,(#8007,#8014),.PCURVE_S1.);
#8002 = CIRCLE('',#8003,41.7);
#8003 = AXIS2_PLACEMENT_3D('',#8004,#8005,#8006);
#8004 = CARTESIAN_POINT('',(1.1,3.552713678801E-15,2.));
#8005 = DIRECTION('',(0.,0.,1.));
#8006 = DIRECTION('',(-1.,-6.199071088414E-17,0.));
#8007 = PCURVE('',#910,#8008);
#8008 = DEFINITIONAL_REPRESENTATION('',(#8009),#8013);
#8009 = LINE('',#8010,#8011);
#8010 = CARTESIAN_POINT('',(-0.,0.));
#8011 = VECTOR('',#8012,1.);
#8012 = DIRECTION('',(-1.,0.));
#8013 = ( GEOMETRIC_REPRESENTATION_CONTEXT(2) 
PARAMETRIC_REPRESENTATION_CONTEXT() REPRESENTATION_CONTEXT('2D SPACE',''
  ) );
#8014 = PCURVE('',#3337,#8015);
#8015 = DEFINITIONAL_REPRESENTATION('',(#8016),#8020);
#8016 = CIRCLE('',#8017,41.7);
#8017 = AXIS2_PLACEMENT_2D('',#8018,#8019);
#8018 = CARTESIAN_POINT('',(1.1,-1.548892042409E-16));
#8019 = DIRECTION('',(-1.,-6.199071088414E-17));
#8020 = ( GEOMETRIC_REPRESENTATION_CONTEXT(2) 
PARAMETRIC_REPRESENTATION_CONTEXT() REPRESENTATION_CONTEXT('2D SPACE',''
  ) );
#8021 = ORIENTED_EDGE('',*,*,#8022,.F.);
#8022 = EDGE_CURVE('',#3406,#3297,#8023,.T.);
#8023 = SURFACE_CURVE('',#8024,(#8029,#8036),.PCURVE_S1.);
#8024 = CIRCLE('',#8025,41.7);
#8025 = AXIS2_PLACEMENT_3D('',#8026,#8027,#8028);
#8026 = CARTESIAN_POINT('',(1.1,3.552713678801E-15,2.));
#8027 = DIRECTION('',(0.,0.,1.));
#8028 = DIRECTION('',(-1.,-6.199071088414E-17,0.));
#8029 = PCURVE('',#910,#8030);
#8030 = DEFINITIONAL_REPRESENTATION('',(#8031),#8035);
#8031 = LINE('',#8032,#8033);
#8032 = CARTESIAN_POINT('',(-0.,0.));
#8033 = VECTOR('',#8034,1.);
#8034 = DIRECTION('',(-1.,0.));
#8035 = ( GEOMETRIC_REPRESENTATION_CONTEXT(2) 
PARAMETRIC_REPRESENTATION_CONTEXT() REPRESENTATION_CONTEXT('2D SPACE',''
  ) );
#8036 = PCURVE('',#2675,#8037);
#8037 = DEFINITIONAL_REPRESENTATION('',(#8038),#8046);
#8038 = ( BOUNDED_CURVE() B_SPLINE_CURVE(2,(#8039,#8040,#8041,#8042,
#8043,#8044,#8045),.UNSPECIFIED.,.T.,.F.) B_SPLINE_CURVE_WITH_KNOTS((1,2
    ,2,2,2,1),(-2.094395102393,0.,2.094395102393,4.188790204786,
6.28318530718,8.377580409573),.UNSPECIFIED.) CURVE() 
GEOMETRIC_REPRESENTATION_ITEM() RATIONAL_B_SPLINE_CURVE((1.,0.5,1.,0.5,
1.,0.5,1.)) REPRESENTATION_ITEM('') );
#8039 = CARTESIAN_POINT('',(35.125,-40.6));
#8040 = CARTESIAN_POINT('',(-37.10151867562,-40.6));
#8041 = CARTESIAN_POINT('',(-0.988259337811,21.95));
#8042 = CARTESIAN_POINT('',(35.125,84.5));
#8043 = CARTESIAN_POINT('',(71.238259337811,21.95));
#8044 = CARTESIAN_POINT('',(107.35151867562,-40.6));
#8045 = CARTESIAN_POINT('',(35.125,-40.6));
#8046 = ( GEOMETRIC_REPRESENTATION_CONTEXT(2) 
PARAMETRIC_REPRESENTATION_CONTEXT() REPRESENTATION_CONTEXT('2D SPACE',''
  ) );
#8047 = ORIENTED_EDGE('',*,*,#8048,.F.);
#8048 = EDGE_CURVE('',#2197,#3406,#8049,.T.);
#8049 = SURFACE_CURVE('',#8050,(#8055,#8062),.PCURVE_S1.);
#8050 = CIRCLE('',#8051,41.7);
#8051 = AXIS2_PLACEMENT_3D('',#8052,#8053,#8054);
#8052 = CARTESIAN_POINT('',(1.1,3.552713678801E-15,2.));
#8053 = DIRECTION('',(0.,0.,1.));
#8054 = DIRECTION('',(-1.,-6.199071088414E-17,0.));
#8055 = PCURVE('',#910,#8056);
#8056 = DEFINITIONAL_REPRESENTATION('',(#8057),#8061);
#8057 = LINE('',#8058,#8059);
#8058 = CARTESIAN_POINT('',(-0.,0.));
#8059 = VECTOR('',#8060,1.);
#8060 = DIRECTION('',(-1.,0.));
#8061 = ( GEOMETRIC_REPRESENTATION_CONTEXT(2) 
PARAMETRIC_REPRESENTATION_CONTEXT() REPRESENTATION_CONTEXT('2D SPACE',''
  ) );
#8062 = PCURVE('',#2235,#8063);
#8063 = DEFINITIONAL_REPRESENTATION('',(#8064),#8068);
#8064 = CIRCLE('',#8065,41.7);
#8065 = AXIS2_PLACEMENT_2D('',#8066,#8067);
#8066 = CARTESIAN_POINT('',(1.1,-1.548892042409E-16));
#8067 = DIRECTION('',(-1.,-6.199071088414E-17));
#8068 = ( GEOMETRIC_REPRESENTATION_CONTEXT(2) 
PARAMETRIC_REPRESENTATION_CONTEXT() REPRESENTATION_CONTEXT('2D SPACE',''
  ) );
#8069 = ORIENTED_EDGE('',*,*,#8070,.F.);
#8070 = EDGE_CURVE('',#1607,#2197,#8071,.T.);
#8071 = SURFACE_CURVE('',#8072,(#8077,#8084),.PCURVE_S1.);
#8072 = CIRCLE('',#8073,41.7);
#8073 = AXIS2_PLACEMENT_3D('',#8074,#8075,#8076);
#8074 = CARTESIAN_POINT('',(1.1,3.552713678801E-15,2.));
#8075 = DIRECTION('',(0.,0.,1.));
#8076 = DIRECTION('',(-1.,-6.199071088414E-17,0.));
#8077 = PCURVE('',#910,#8078);
#8078 = DEFINITIONAL_REPRESENTATION('',(#8079),#8083);
#8079 = LINE('',#8080,#8081);
#8080 = CARTESIAN_POINT('',(-0.,0.));
#8081 = VECTOR('',#8082,1.);
#8082 = DIRECTION('',(-1.,0.));
#8083 = ( GEOMETRIC_REPRESENTATION_CONTEXT(2) 
PARAMETRIC_REPRESENTATION_CONTEXT() REPRESENTATION_CONTEXT('2D SPACE',''
  ) );
#8084 = PCURVE('',#1650,#8085);
#8085 = DEFINITIONAL_REPRESENTATION('',(#8086),#8094);
#8086 = ( BOUNDED_CURVE() B_SPLINE_CURVE(2,(#8087,#8088,#8089,#8090,
#8091,#8092,#8093),.UNSPECIFIED.,.T.,.F.) B_SPLINE_CURVE_WITH_KNOTS((1,2
    ,2,2,2,1),(-2.094395102393,0.,2.094395102393,4.188790204786,
6.28318530718,8.377580409573),.UNSPECIFIED.) CURVE() 
GEOMETRIC_REPRESENTATION_ITEM() RATIONAL_B_SPLINE_CURVE((1.,0.5,1.,0.5,
1.,0.5,1.)) REPRESENTATION_ITEM('') );
#8087 = CARTESIAN_POINT('',(-3.563139364821E-02,-20.3));
#8088 = CARTESIAN_POINT('',(-36.14889073145,42.25));
#8089 = CARTESIAN_POINT('',(36.077627944163,42.25));
#8090 = CARTESIAN_POINT('',(108.30414661978,42.25));
#8091 = CARTESIAN_POINT('',(72.190887281974,-20.3));
#8092 = CARTESIAN_POINT('',(36.077627944163,-82.85));
#8093 = CARTESIAN_POINT('',(-3.563139364821E-02,-20.3));
#8094 = ( GEOMETRIC_REPRESENTATION_CONTEXT(2) 
PARAMETRIC_REPRESENTATION_CONTEXT() REPRESENTATION_CONTEXT('2D SPACE',''
  ) );
#8095 = ORIENTED_EDGE('',*,*,#8096,.F.);
#8096 = EDGE_CURVE('',#7894,#1607,#8097,.T.);
#8097 = SURFACE_CURVE('',#8098,(#8103,#8110),.PCURVE_S1.);
#8098 = CIRCLE('',#8099,41.7);
#8099 = AXIS2_PLACEMENT_3D('',#8100,#8101,#8102);
#8100 = CARTESIAN_POINT('',(1.1,3.552713678801E-15,2.));
#8101 = DIRECTION('',(0.,0.,1.));
#8102 = DIRECTION('',(-1.,-6.199071088414E-17,0.));
#8103 = PCURVE('',#910,#8104);
#8104 = DEFINITIONAL_REPRESENTATION('',(#8105),#8109);
#8105 = LINE('',#8106,#8107);
#8106 = CARTESIAN_POINT('',(-0.,0.));
#8107 = VECTOR('',#8108,1.);
#8108 = DIRECTION('',(-1.,0.));
#8109 = ( GEOMETRIC_REPRESENTATION_CONTEXT(2) 
PARAMETRIC_REPRESENTATION_CONTEXT() REPRESENTATION_CONTEXT('2D SPACE',''
  ) );
#8110 = PCURVE('',#1622,#8111);
#8111 = DEFINITIONAL_REPRESENTATION('',(#8112),#8116);
#8112 = CIRCLE('',#8113,41.7);
#8113 = AXIS2_PLACEMENT_2D('',#8114,#8115);
#8114 = CARTESIAN_POINT('',(1.1,-1.548892042409E-16));
#8115 = DIRECTION('',(-1.,-6.199071088414E-17));
#8116 = ( GEOMETRIC_REPRESENTATION_CONTEXT(2) 
PARAMETRIC_REPRESENTATION_CONTEXT() REPRESENTATION_CONTEXT('2D SPACE',''
  ) );
#8117 = ADVANCED_FACE('',(#8118),#1161,.T.);
#8118 = FACE_BOUND('',#8119,.F.);
#8119 = EDGE_LOOP('',(#8120,#8121,#8145,#8166,#8167,#8193,#8194,#8220,
    #8221,#8247));
#8120 = ORIENTED_EDGE('',*,*,#7952,.T.);
#8121 = ORIENTED_EDGE('',*,*,#8122,.T.);
#8122 = EDGE_CURVE('',#7924,#8123,#8125,.T.);
#8123 = VERTEX_POINT('',#8124);
#8124 = CARTESIAN_POINT('',(-42.8,4.210539130126E-15,3.2));
#8125 = SURFACE_CURVE('',#8126,(#8131,#8138),.PCURVE_S1.);
#8126 = CIRCLE('',#8127,42.8);
#8127 = AXIS2_PLACEMENT_3D('',#8128,#8129,#8130);
#8128 = CARTESIAN_POINT('',(-3.552713678801E-15,0.,3.2));
#8129 = DIRECTION('',(0.,0.,1.));
#8130 = DIRECTION('',(1.,2.408759743516E-17,-0.));
#8131 = PCURVE('',#1161,#8132);
#8132 = DEFINITIONAL_REPRESENTATION('',(#8133),#8137);
#8133 = LINE('',#8134,#8135);
#8134 = CARTESIAN_POINT('',(-0.,-1.2));
#8135 = VECTOR('',#8136,1.);
#8136 = DIRECTION('',(-1.,0.));
#8137 = ( GEOMETRIC_REPRESENTATION_CONTEXT(2) 
PARAMETRIC_REPRESENTATION_CONTEXT() REPRESENTATION_CONTEXT('2D SPACE',''
  ) );
#8138 = PCURVE('',#7940,#8139);
#8139 = DEFINITIONAL_REPRESENTATION('',(#8140),#8144);
#8140 = CIRCLE('',#8141,42.8);
#8141 = AXIS2_PLACEMENT_2D('',#8142,#8143);
#8142 = CARTESIAN_POINT('',(-0.57247706422,0.634829187511));
#8143 = DIRECTION('',(1.,2.408759743516E-17));
#8144 = ( GEOMETRIC_REPRESENTATION_CONTEXT(2) 
PARAMETRIC_REPRESENTATION_CONTEXT() REPRESENTATION_CONTEXT('2D SPACE',''
  ) );
#8145 = ORIENTED_EDGE('',*,*,#8146,.F.);
#8146 = EDGE_CURVE('',#1121,#8123,#8147,.T.);
#8147 = SURFACE_CURVE('',#8148,(#8152,#8159),.PCURVE_S1.);
#8148 = LINE('',#8149,#8150);
#8149 = CARTESIAN_POINT('',(-42.8,4.210539130126E-15,2.));
#8150 = VECTOR('',#8151,1.);
#8151 = DIRECTION('',(0.,0.,1.));
#8152 = PCURVE('',#1161,#8153);
#8153 = DEFINITIONAL_REPRESENTATION('',(#8154),#8158);
#8154 = LINE('',#8155,#8156);
#8155 = CARTESIAN_POINT('',(-3.14159265359,0.));
#8156 = VECTOR('',#8157,1.);
#8157 = DIRECTION('',(-0.,-1.));
#8158 = ( GEOMETRIC_REPRESENTATION_CONTEXT(2) 
PARAMETRIC_REPRESENTATION_CONTEXT() REPRESENTATION_CONTEXT('2D SPACE',''
  ) );
#8159 = PCURVE('',#1028,#8160);
#8160 = DEFINITIONAL_REPRESENTATION('',(#8161),#8165);
#8161 = LINE('',#8162,#8163);
#8162 = CARTESIAN_POINT('',(-0.,0.));
#8163 = VECTOR('',#8164,1.);
#8164 = DIRECTION('',(-0.,-1.));
#8165 = ( GEOMETRIC_REPRESENTATION_CONTEXT(2) 
PARAMETRIC_REPRESENTATION_CONTEXT() REPRESENTATION_CONTEXT('2D SPACE',''
  ) );
#8166 = ORIENTED_EDGE('',*,*,#1144,.F.);
#8167 = ORIENTED_EDGE('',*,*,#8168,.F.);
#8168 = EDGE_CURVE('',#1174,#1145,#8169,.T.);
#8169 = SURFACE_CURVE('',#8170,(#8175,#8182),.PCURVE_S1.);
#8170 = CIRCLE('',#8171,42.8);
#8171 = AXIS2_PLACEMENT_3D('',#8172,#8173,#8174);
#8172 = CARTESIAN_POINT('',(-3.552713678801E-15,0.,2.));
#8173 = DIRECTION('',(0.,0.,1.));
#8174 = DIRECTION('',(1.,2.408759743516E-17,-0.));
#8175 = PCURVE('',#1161,#8176);
#8176 = DEFINITIONAL_REPRESENTATION('',(#8177),#8181);
#8177 = LINE('',#8178,#8179);
#8178 = CARTESIAN_POINT('',(-0.,0.));
#8179 = VECTOR('',#8180,1.);
#8180 = DIRECTION('',(-1.,0.));
#8181 = ( GEOMETRIC_REPRESENTATION_CONTEXT(2) 
PARAMETRIC_REPRESENTATION_CONTEXT() REPRESENTATION_CONTEXT('2D SPACE',''
  ) );
#8182 = PCURVE('',#5477,#8183);
#8183 = DEFINITIONAL_REPRESENTATION('',(#8184),#8192);
#8184 = ( BOUNDED_CURVE() B_SPLINE_CURVE(2,(#8185,#8186,#8187,#8188,
#8189,#8190,#8191),.UNSPECIFIED.,.T.,.F.) B_SPLINE_CURVE_WITH_KNOTS((1,2
    ,2,2,2,1),(-2.094395102393,0.,2.094395102393,4.188790204786,
6.28318530718,8.377580409573),.UNSPECIFIED.) CURVE() 
GEOMETRIC_REPRESENTATION_ITEM() RATIONAL_B_SPLINE_CURVE((1.,0.5,1.,0.5,
1.,0.5,1.)) REPRESENTATION_ITEM('') );
#8185 = CARTESIAN_POINT('',(72.190887281974,-21.4));
#8186 = CARTESIAN_POINT('',(35.125,-85.6));
#8187 = CARTESIAN_POINT('',(-1.940887281974,-21.4));
#8188 = CARTESIAN_POINT('',(-39.00677456394,42.8));
#8189 = CARTESIAN_POINT('',(35.125,42.8));
#8190 = CARTESIAN_POINT('',(109.25677456394,42.8));
#8191 = CARTESIAN_POINT('',(72.190887281974,-21.4));
#8192 = ( GEOMETRIC_REPRESENTATION_CONTEXT(2) 
PARAMETRIC_REPRESENTATION_CONTEXT() REPRESENTATION_CONTEXT('2D SPACE',''
  ) );
#8193 = ORIENTED_EDGE('',*,*,#1201,.F.);
#8194 = ORIENTED_EDGE('',*,*,#8195,.F.);
#8195 = EDGE_CURVE('',#1226,#1202,#8196,.T.);
#8196 = SURFACE_CURVE('',#8197,(#8202,#8209),.PCURVE_S1.);
#8197 = CIRCLE('',#8198,42.8);
#8198 = AXIS2_PLACEMENT_3D('',#8199,#8200,#8201);
#8199 = CARTESIAN_POINT('',(-3.552713678801E-15,0.,2.));
#8200 = DIRECTION('',(0.,0.,1.));
#8201 = DIRECTION('',(1.,2.408759743516E-17,-0.));
#8202 = PCURVE('',#1161,#8203);
#8203 = DEFINITIONAL_REPRESENTATION('',(#8204),#8208);
#8204 = LINE('',#8205,#8206);
#8205 = CARTESIAN_POINT('',(-0.,0.));
#8206 = VECTOR('',#8207,1.);
#8207 = DIRECTION('',(-1.,0.));
#8208 = ( GEOMETRIC_REPRESENTATION_CONTEXT(2) 
PARAMETRIC_REPRESENTATION_CONTEXT() REPRESENTATION_CONTEXT('2D SPACE',''
  ) );
#8209 = PCURVE('',#7825,#8210);
#8210 = DEFINITIONAL_REPRESENTATION('',(#8211),#8219);
#8211 = ( BOUNDED_CURVE() B_SPLINE_CURVE(2,(#8212,#8213,#8214,#8215,
#8216,#8217,#8218),.UNSPECIFIED.,.T.,.F.) B_SPLINE_CURVE_WITH_KNOTS((1,2
    ,2,2,2,1),(-2.094395102393,0.,2.094395102393,4.188790204786,
6.28318530718,8.377580409573),.UNSPECIFIED.) CURVE() 
GEOMETRIC_REPRESENTATION_ITEM() RATIONAL_B_SPLINE_CURVE((1.,0.5,1.,0.5,
1.,0.5,1.)) REPRESENTATION_ITEM('') );
#8212 = CARTESIAN_POINT('',(35.125,-42.8));
#8213 = CARTESIAN_POINT('',(-39.00677456394,-42.8));
#8214 = CARTESIAN_POINT('',(-1.940887281974,21.4));
#8215 = CARTESIAN_POINT('',(35.125,85.6));
#8216 = CARTESIAN_POINT('',(72.190887281974,21.4));
#8217 = CARTESIAN_POINT('',(109.25677456394,-42.8));
#8218 = CARTESIAN_POINT('',(35.125,-42.8));
#8219 = ( GEOMETRIC_REPRESENTATION_CONTEXT(2) 
PARAMETRIC_REPRESENTATION_CONTEXT() REPRESENTATION_CONTEXT('2D SPACE',''
  ) );
#8220 = ORIENTED_EDGE('',*,*,#1253,.F.);
#8221 = ORIENTED_EDGE('',*,*,#8222,.F.);
#8222 = EDGE_CURVE('',#1278,#1254,#8223,.T.);
#8223 = SURFACE_CURVE('',#8224,(#8229,#8236),.PCURVE_S1.);
#8224 = CIRCLE('',#8225,42.8);
#8225 = AXIS2_PLACEMENT_3D('',#8226,#8227,#8228);
#8226 = CARTESIAN_POINT('',(-3.552713678801E-15,0.,2.));
#8227 = DIRECTION('',(0.,0.,1.));
#8228 = DIRECTION('',(1.,2.408759743516E-17,-0.));
#8229 = PCURVE('',#1161,#8230);
#8230 = DEFINITIONAL_REPRESENTATION('',(#8231),#8235);
#8231 = LINE('',#8232,#8233);
#8232 = CARTESIAN_POINT('',(-0.,0.));
#8233 = VECTOR('',#8234,1.);
#8234 = DIRECTION('',(-1.,0.));
#8235 = ( GEOMETRIC_REPRESENTATION_CONTEXT(2) 
PARAMETRIC_REPRESENTATION_CONTEXT() REPRESENTATION_CONTEXT('2D SPACE',''
  ) );
#8236 = PCURVE('',#6846,#8237);
#8237 = DEFINITIONAL_REPRESENTATION('',(#8238),#8246);
#8238 = ( BOUNDED_CURVE() B_SPLINE_CURVE(2,(#8239,#8240,#8241,#8242,
#8243,#8244,#8245),.UNSPECIFIED.,.T.,.F.) B_SPLINE_CURVE_WITH_KNOTS((1,2
    ,2,2,2,1),(-2.094395102393,0.,2.094395102393,4.188790204786,
6.28318530718,8.377580409573),.UNSPECIFIED.) CURVE() 
GEOMETRIC_REPRESENTATION_ITEM() RATIONAL_B_SPLINE_CURVE((1.,0.5,1.,0.5,
1.,0.5,1.)) REPRESENTATION_ITEM('') );
#8239 = CARTESIAN_POINT('',(-1.940887281974,-21.4));
#8240 = CARTESIAN_POINT('',(-39.00677456394,42.8));
#8241 = CARTESIAN_POINT('',(35.125,42.8));
#8242 = CARTESIAN_POINT('',(109.25677456394,42.8));
#8243 = CARTESIAN_POINT('',(72.190887281974,-21.4));
#8244 = CARTESIAN_POINT('',(35.125,-85.6));
#8245 = CARTESIAN_POINT('',(-1.940887281974,-21.4));
#8246 = ( GEOMETRIC_REPRESENTATION_CONTEXT(2) 
PARAMETRIC_REPRESENTATION_CONTEXT() REPRESENTATION_CONTEXT('2D SPACE',''
  ) );
#8247 = ORIENTED_EDGE('',*,*,#1305,.F.);
#8248 = ADVANCED_FACE('',(#8249),#1028,.T.);
#8249 = FACE_BOUND('',#8250,.F.);
#8250 = EDGE_LOOP('',(#8251,#8252,#8276,#8297,#8298,#8324,#8325,#8351));
#8251 = ORIENTED_EDGE('',*,*,#8146,.T.);
#8252 = ORIENTED_EDGE('',*,*,#8253,.T.);
#8253 = EDGE_CURVE('',#8123,#8254,#8256,.T.);
#8254 = VERTEX_POINT('',#8255);
#8255 = CARTESIAN_POINT('',(45.,-1.13186864968E-14,3.2));
#8256 = SURFACE_CURVE('',#8257,(#8262,#8269),.PCURVE_S1.);
#8257 = CIRCLE('',#8258,43.9);
#8258 = AXIS2_PLACEMENT_3D('',#8259,#8260,#8261);
#8259 = CARTESIAN_POINT('',(1.1,8.881784197001E-15,3.2));
#8260 = DIRECTION('',(0.,0.,1.));
#8261 = DIRECTION('',(-1.,-1.064064935507E-16,0.));
#8262 = PCURVE('',#1028,#8263);
#8263 = DEFINITIONAL_REPRESENTATION('',(#8264),#8268);
#8264 = LINE('',#8265,#8266);
#8265 = CARTESIAN_POINT('',(-0.,-1.2));
#8266 = VECTOR('',#8267,1.);
#8267 = DIRECTION('',(-1.,0.));
#8268 = ( GEOMETRIC_REPRESENTATION_CONTEXT(2) 
PARAMETRIC_REPRESENTATION_CONTEXT() REPRESENTATION_CONTEXT('2D SPACE',''
  ) );
#8269 = PCURVE('',#7940,#8270);
#8270 = DEFINITIONAL_REPRESENTATION('',(#8271),#8275);
#8271 = CIRCLE('',#8272,43.9);
#8272 = AXIS2_PLACEMENT_2D('',#8273,#8274);
#8273 = CARTESIAN_POINT('',(0.52752293578,0.634829187511));
#8274 = DIRECTION('',(-1.,-1.064064935507E-16));
#8275 = ( GEOMETRIC_REPRESENTATION_CONTEXT(2) 
PARAMETRIC_REPRESENTATION_CONTEXT() REPRESENTATION_CONTEXT('2D SPACE',''
  ) );
#8276 = ORIENTED_EDGE('',*,*,#8277,.F.);
#8277 = EDGE_CURVE('',#984,#8254,#8278,.T.);
#8278 = SURFACE_CURVE('',#8279,(#8283,#8290),.PCURVE_S1.);
#8279 = LINE('',#8280,#8281);
#8280 = CARTESIAN_POINT('',(45.,-1.13186864968E-14,2.));
#8281 = VECTOR('',#8282,1.);
#8282 = DIRECTION('',(0.,0.,1.));
#8283 = PCURVE('',#1028,#8284);
#8284 = DEFINITIONAL_REPRESENTATION('',(#8285),#8289);
#8285 = LINE('',#8286,#8287);
#8286 = CARTESIAN_POINT('',(-3.14159265359,0.));
#8287 = VECTOR('',#8288,1.);
#8288 = DIRECTION('',(-0.,-1.));
#8289 = ( GEOMETRIC_REPRESENTATION_CONTEXT(2) 
PARAMETRIC_REPRESENTATION_CONTEXT() REPRESENTATION_CONTEXT('2D SPACE',''
  ) );
#8290 = PCURVE('',#999,#8291);
#8291 = DEFINITIONAL_REPRESENTATION('',(#8292),#8296);
#8292 = LINE('',#8293,#8294);
#8293 = CARTESIAN_POINT('',(0.,0.));
#8294 = VECTOR('',#8295,1.);
#8295 = DIRECTION('',(0.,-1.));
#8296 = ( GEOMETRIC_REPRESENTATION_CONTEXT(2) 
PARAMETRIC_REPRESENTATION_CONTEXT() REPRESENTATION_CONTEXT('2D SPACE',''
  ) );
#8297 = ORIENTED_EDGE('',*,*,#1011,.F.);
#8298 = ORIENTED_EDGE('',*,*,#8299,.F.);
#8299 = EDGE_CURVE('',#1041,#1012,#8300,.T.);
#8300 = SURFACE_CURVE('',#8301,(#8306,#8313),.PCURVE_S1.);
#8301 = CIRCLE('',#8302,43.9);
#8302 = AXIS2_PLACEMENT_3D('',#8303,#8304,#8305);
#8303 = CARTESIAN_POINT('',(1.1,8.881784197001E-15,2.));
#8304 = DIRECTION('',(0.,0.,1.));
#8305 = DIRECTION('',(-1.,-1.064064935507E-16,0.));
#8306 = PCURVE('',#1028,#8307);
#8307 = DEFINITIONAL_REPRESENTATION('',(#8308),#8312);
#8308 = LINE('',#8309,#8310);
#8309 = CARTESIAN_POINT('',(-0.,0.));
#8310 = VECTOR('',#8311,1.);
#8311 = DIRECTION('',(-1.,0.));
#8312 = ( GEOMETRIC_REPRESENTATION_CONTEXT(2) 
PARAMETRIC_REPRESENTATION_CONTEXT() REPRESENTATION_CONTEXT('2D SPACE',''
  ) );
#8313 = PCURVE('',#3368,#8314);
#8314 = DEFINITIONAL_REPRESENTATION('',(#8315),#8323);
#8315 = ( BOUNDED_CURVE() B_SPLINE_CURVE(2,(#8316,#8317,#8318,#8319,
#8320,#8321,#8322),.UNSPECIFIED.,.T.,.F.) B_SPLINE_CURVE_WITH_KNOTS((1,2
    ,2,2,2,1),(-2.094395102393,0.,2.094395102393,4.188790204786,
6.28318530718,8.377580409573),.UNSPECIFIED.) CURVE() 
GEOMETRIC_REPRESENTATION_ITEM() RATIONAL_B_SPLINE_CURVE((1.,0.5,1.,0.5,
1.,0.5,1.)) REPRESENTATION_ITEM('') );
#8316 = CARTESIAN_POINT('',(35.125,-42.8));
#8317 = CARTESIAN_POINT('',(-40.91203045227,-42.8));
#8318 = CARTESIAN_POINT('',(-2.893515226137,23.05));
#8319 = CARTESIAN_POINT('',(35.125,88.9));
#8320 = CARTESIAN_POINT('',(73.143515226137,23.05));
#8321 = CARTESIAN_POINT('',(111.16203045227,-42.8));
#8322 = CARTESIAN_POINT('',(35.125,-42.8));
#8323 = ( GEOMETRIC_REPRESENTATION_CONTEXT(2) 
PARAMETRIC_REPRESENTATION_CONTEXT() REPRESENTATION_CONTEXT('2D SPACE',''
  ) );
#8324 = ORIENTED_EDGE('',*,*,#1068,.F.);
#8325 = ORIENTED_EDGE('',*,*,#8326,.F.);
#8326 = EDGE_CURVE('',#1093,#1069,#8327,.T.);
#8327 = SURFACE_CURVE('',#8328,(#8333,#8340),.PCURVE_S1.);
#8328 = CIRCLE('',#8329,43.9);
#8329 = AXIS2_PLACEMENT_3D('',#8330,#8331,#8332);
#8330 = CARTESIAN_POINT('',(1.1,8.881784197001E-15,2.));
#8331 = DIRECTION('',(0.,0.,1.));
#8332 = DIRECTION('',(-1.,-1.064064935507E-16,0.));
#8333 = PCURVE('',#1028,#8334);
#8334 = DEFINITIONAL_REPRESENTATION('',(#8335),#8339);
#8335 = LINE('',#8336,#8337);
#8336 = CARTESIAN_POINT('',(-0.,0.));
#8337 = VECTOR('',#8338,1.);
#8338 = DIRECTION('',(-1.,0.));
#8339 = ( GEOMETRIC_REPRESENTATION_CONTEXT(2) 
PARAMETRIC_REPRESENTATION_CONTEXT() REPRESENTATION_CONTEXT('2D SPACE',''
  ) );
#8340 = PCURVE('',#2316,#8341);
#8341 = DEFINITIONAL_REPRESENTATION('',(#8342),#8350);
#8342 = ( BOUNDED_CURVE() B_SPLINE_CURVE(2,(#8343,#8344,#8345,#8346,
#8347,#8348,#8349),.UNSPECIFIED.,.T.,.F.) B_SPLINE_CURVE_WITH_KNOTS((1,2
    ,2,2,2,1),(-2.094395102393,0.,2.094395102393,4.188790204786,
6.28318530718,8.377580409573),.UNSPECIFIED.) CURVE() 
GEOMETRIC_REPRESENTATION_ITEM() RATIONAL_B_SPLINE_CURVE((1.,0.5,1.,0.5,
1.,0.5,1.)) REPRESENTATION_ITEM('') );
#8343 = CARTESIAN_POINT('',(-1.940887281974,-21.4));
#8344 = CARTESIAN_POINT('',(-39.95940250811,44.45));
#8345 = CARTESIAN_POINT('',(36.077627944163,44.45));
#8346 = CARTESIAN_POINT('',(112.11465839643,44.45));
#8347 = CARTESIAN_POINT('',(74.0961431703,-21.4));
#8348 = CARTESIAN_POINT('',(36.077627944163,-87.25));
#8349 = CARTESIAN_POINT('',(-1.940887281974,-21.4));
#8350 = ( GEOMETRIC_REPRESENTATION_CONTEXT(2) 
PARAMETRIC_REPRESENTATION_CONTEXT() REPRESENTATION_CONTEXT('2D SPACE',''
  ) );
#8351 = ORIENTED_EDGE('',*,*,#1120,.F.);
#8352 = ADVANCED_FACE('',(#8353),#999,.F.);
#8353 = FACE_BOUND('',#8354,.F.);
#8354 = EDGE_LOOP('',(#8355,#8356,#8379,#8400));
#8355 = ORIENTED_EDGE('',*,*,#8277,.T.);
#8356 = ORIENTED_EDGE('',*,*,#8357,.T.);
#8357 = EDGE_CURVE('',#8254,#8358,#8360,.T.);
#8358 = VERTEX_POINT('',#8359);
#8359 = CARTESIAN_POINT('',(44.2,0.,3.2));
#8360 = SURFACE_CURVE('',#8361,(#8365,#8372),.PCURVE_S1.);
#8361 = LINE('',#8362,#8363);
#8362 = CARTESIAN_POINT('',(45.,-1.13186864968E-14,3.2));
#8363 = VECTOR('',#8364,1.);
#8364 = DIRECTION('',(-1.,1.4148358121E-14,0.));
#8365 = PCURVE('',#999,#8366);
#8366 = DEFINITIONAL_REPRESENTATION('',(#8367),#8371);
#8367 = LINE('',#8368,#8369);
#8368 = CARTESIAN_POINT('',(0.,-1.2));
#8369 = VECTOR('',#8370,1.);
#8370 = DIRECTION('',(1.,0.));
#8371 = ( GEOMETRIC_REPRESENTATION_CONTEXT(2) 
PARAMETRIC_REPRESENTATION_CONTEXT() REPRESENTATION_CONTEXT('2D SPACE',''
  ) );
#8372 = PCURVE('',#7940,#8373);
#8373 = DEFINITIONAL_REPRESENTATION('',(#8374),#8378);
#8374 = LINE('',#8375,#8376);
#8375 = CARTESIAN_POINT('',(44.42752293578,0.63482918751));
#8376 = VECTOR('',#8377,1.);
#8377 = DIRECTION('',(-1.,1.4148358121E-14));
#8378 = ( GEOMETRIC_REPRESENTATION_CONTEXT(2) 
PARAMETRIC_REPRESENTATION_CONTEXT() REPRESENTATION_CONTEXT('2D SPACE',''
  ) );
#8379 = ORIENTED_EDGE('',*,*,#8380,.F.);
#8380 = EDGE_CURVE('',#951,#8358,#8381,.T.);
#8381 = SURFACE_CURVE('',#8382,(#8386,#8393),.PCURVE_S1.);
#8382 = LINE('',#8383,#8384);
#8383 = CARTESIAN_POINT('',(44.2,0.,2.));
#8384 = VECTOR('',#8385,1.);
#8385 = DIRECTION('',(0.,0.,1.));
#8386 = PCURVE('',#999,#8387);
#8387 = DEFINITIONAL_REPRESENTATION('',(#8388),#8392);
#8388 = LINE('',#8389,#8390);
#8389 = CARTESIAN_POINT('',(0.8,0.));
#8390 = VECTOR('',#8391,1.);
#8391 = DIRECTION('',(0.,-1.));
#8392 = ( GEOMETRIC_REPRESENTATION_CONTEXT(2) 
PARAMETRIC_REPRESENTATION_CONTEXT() REPRESENTATION_CONTEXT('2D SPACE',''
  ) );
#8393 = PCURVE('',#971,#8394);
#8394 = DEFINITIONAL_REPRESENTATION('',(#8395),#8399);
#8395 = LINE('',#8396,#8397);
#8396 = CARTESIAN_POINT('',(0.,0.));
#8397 = VECTOR('',#8398,1.);
#8398 = DIRECTION('',(0.,-1.));
#8399 = ( GEOMETRIC_REPRESENTATION_CONTEXT(2) 
PARAMETRIC_REPRESENTATION_CONTEXT() REPRESENTATION_CONTEXT('2D SPACE',''
  ) );
#8400 = ORIENTED_EDGE('',*,*,#983,.F.);
#8401 = ADVANCED_FACE('',(#8402),#971,.F.);
#8402 = FACE_BOUND('',#8403,.F.);
#8403 = EDGE_LOOP('',(#8404,#8405,#8433,#8461,#8487,#8509,#8535,#8557,
    #8583,#8605));
#8404 = ORIENTED_EDGE('',*,*,#8380,.T.);
#8405 = ORIENTED_EDGE('',*,*,#8406,.T.);
#8406 = EDGE_CURVE('',#8358,#8407,#8409,.T.);
#8407 = VERTEX_POINT('',#8408);
#8408 = CARTESIAN_POINT('',(-42.,1.827199653276E-15,3.2));
#8409 = SURFACE_CURVE('',#8410,(#8415,#8422),.PCURVE_S1.);
#8410 = CIRCLE('',#8411,43.1);
#8411 = AXIS2_PLACEMENT_3D('',#8412,#8413,#8414);
#8412 = CARTESIAN_POINT('',(1.1,3.552713678801E-15,3.2));
#8413 = DIRECTION('',(-0.,0.,-1.));
#8414 = DIRECTION('',(1.,-8.242955171231E-17,-0.));
#8415 = PCURVE('',#971,#8416);
#8416 = DEFINITIONAL_REPRESENTATION('',(#8417),#8421);
#8417 = LINE('',#8418,#8419);
#8418 = CARTESIAN_POINT('',(0.,-1.2));
#8419 = VECTOR('',#8420,1.);
#8420 = DIRECTION('',(1.,0.));
#8421 = ( GEOMETRIC_REPRESENTATION_CONTEXT(2) 
PARAMETRIC_REPRESENTATION_CONTEXT() REPRESENTATION_CONTEXT('2D SPACE',''
  ) );
#8422 = PCURVE('',#7940,#8423);
#8423 = DEFINITIONAL_REPRESENTATION('',(#8424),#8432);
#8424 = ( BOUNDED_CURVE() B_SPLINE_CURVE(2,(#8425,#8426,#8427,#8428,
#8429,#8430,#8431),.UNSPECIFIED.,.T.,.F.) B_SPLINE_CURVE_WITH_KNOTS((1,2
    ,2,2,2,1),(-2.094395102393,0.,2.094395102393,4.188790204786,
6.28318530718,8.377580409573),.UNSPECIFIED.) CURVE() 
GEOMETRIC_REPRESENTATION_ITEM() RATIONAL_B_SPLINE_CURVE((1.,0.5,1.,0.5,
1.,0.5,1.)) REPRESENTATION_ITEM('') );
#8425 = CARTESIAN_POINT('',(43.62752293578,0.634829187511));
#8426 = CARTESIAN_POINT('',(43.62752293578,-74.0165606187));
#8427 = CARTESIAN_POINT('',(-21.02247706422,-36.69086571559));
#8428 = CARTESIAN_POINT('',(-85.67247706422,0.634829187511));
#8429 = CARTESIAN_POINT('',(-21.02247706422,37.96052409062));
#8430 = CARTESIAN_POINT('',(43.62752293578,75.286218993729));
#8431 = CARTESIAN_POINT('',(43.62752293578,0.634829187511));
#8432 = ( GEOMETRIC_REPRESENTATION_CONTEXT(2) 
PARAMETRIC_REPRESENTATION_CONTEXT() REPRESENTATION_CONTEXT('2D SPACE',''
  ) );
#8433 = ORIENTED_EDGE('',*,*,#8434,.F.);
#8434 = EDGE_CURVE('',#8435,#8407,#8437,.T.);
#8435 = VERTEX_POINT('',#8436);
#8436 = CARTESIAN_POINT('',(-42.,1.827199653276E-15,2.));
#8437 = SURFACE_CURVE('',#8438,(#8442,#8449),.PCURVE_S1.);
#8438 = LINE('',#8439,#8440);
#8439 = CARTESIAN_POINT('',(-42.,1.827199653276E-15,2.));
#8440 = VECTOR('',#8441,1.);
#8441 = DIRECTION('',(0.,0.,1.));
#8442 = PCURVE('',#971,#8443);
#8443 = DEFINITIONAL_REPRESENTATION('',(#8444),#8448);
#8444 = LINE('',#8445,#8446);
#8445 = CARTESIAN_POINT('',(3.14159265359,0.));
#8446 = VECTOR('',#8447,1.);
#8447 = DIRECTION('',(0.,-1.));
#8448 = ( GEOMETRIC_REPRESENTATION_CONTEXT(2) 
PARAMETRIC_REPRESENTATION_CONTEXT() REPRESENTATION_CONTEXT('2D SPACE',''
  ) );
#8449 = PCURVE('',#8450,#8455);
#8450 = CYLINDRICAL_SURFACE('',#8451,42.);
#8451 = AXIS2_PLACEMENT_3D('',#8452,#8453,#8454);
#8452 = CARTESIAN_POINT('',(5.329070518201E-15,8.881784197001E-15,2.));
#8453 = DIRECTION('',(0.,0.,-1.));
#8454 = DIRECTION('',(-1.,-1.679662986601E-16,-0.));
#8455 = DEFINITIONAL_REPRESENTATION('',(#8456),#8460);
#8456 = LINE('',#8457,#8458);
#8457 = CARTESIAN_POINT('',(0.,0.));
#8458 = VECTOR('',#8459,1.);
#8459 = DIRECTION('',(0.,-1.));
#8460 = ( GEOMETRIC_REPRESENTATION_CONTEXT(2) 
PARAMETRIC_REPRESENTATION_CONTEXT() REPRESENTATION_CONTEXT('2D SPACE',''
  ) );
#8461 = ORIENTED_EDGE('',*,*,#8462,.F.);
#8462 = EDGE_CURVE('',#2330,#8435,#8463,.T.);
#8463 = SURFACE_CURVE('',#8464,(#8469,#8476),.PCURVE_S1.);
#8464 = CIRCLE('',#8465,43.1);
#8465 = AXIS2_PLACEMENT_3D('',#8466,#8467,#8468);
#8466 = CARTESIAN_POINT('',(1.1,3.552713678801E-15,2.));
#8467 = DIRECTION('',(-0.,0.,-1.));
#8468 = DIRECTION('',(1.,-8.242955171231E-17,-0.));
#8469 = PCURVE('',#971,#8470);
#8470 = DEFINITIONAL_REPRESENTATION('',(#8471),#8475);
#8471 = LINE('',#8472,#8473);
#8472 = CARTESIAN_POINT('',(0.,0.));
#8473 = VECTOR('',#8474,1.);
#8474 = DIRECTION('',(1.,0.));
#8475 = ( GEOMETRIC_REPRESENTATION_CONTEXT(2) 
PARAMETRIC_REPRESENTATION_CONTEXT() REPRESENTATION_CONTEXT('2D SPACE',''
  ) );
#8476 = PCURVE('',#1622,#8477);
#8477 = DEFINITIONAL_REPRESENTATION('',(#8478),#8486);
#8478 = ( BOUNDED_CURVE() B_SPLINE_CURVE(2,(#8479,#8480,#8481,#8482,
#8483,#8484,#8485),.UNSPECIFIED.,.T.,.F.) B_SPLINE_CURVE_WITH_KNOTS((1,2
    ,2,2,2,1),(-2.094395102393,0.,2.094395102393,4.188790204786,
6.28318530718,8.377580409573),.UNSPECIFIED.) CURVE() 
GEOMETRIC_REPRESENTATION_ITEM() RATIONAL_B_SPLINE_CURVE((1.,0.5,1.,0.5,
1.,0.5,1.)) REPRESENTATION_ITEM('') );
#8479 = CARTESIAN_POINT('',(44.2,-3.707602883041E-15));
#8480 = CARTESIAN_POINT('',(44.2,-74.65138980621));
#8481 = CARTESIAN_POINT('',(-20.45,-37.3256949031));
#8482 = CARTESIAN_POINT('',(-85.1,-3.60591725529E-15));
#8483 = CARTESIAN_POINT('',(-20.45,37.325694903109));
#8484 = CARTESIAN_POINT('',(44.2,74.651389806219));
#8485 = CARTESIAN_POINT('',(44.2,-3.707602883041E-15));
#8486 = ( GEOMETRIC_REPRESENTATION_CONTEXT(2) 
PARAMETRIC_REPRESENTATION_CONTEXT() REPRESENTATION_CONTEXT('2D SPACE',''
  ) );
#8487 = ORIENTED_EDGE('',*,*,#8488,.F.);
#8488 = EDGE_CURVE('',#2274,#2330,#8489,.T.);
#8489 = SURFACE_CURVE('',#8490,(#8495,#8502),.PCURVE_S1.);
#8490 = CIRCLE('',#8491,43.1);
#8491 = AXIS2_PLACEMENT_3D('',#8492,#8493,#8494);
#8492 = CARTESIAN_POINT('',(1.1,3.552713678801E-15,2.));
#8493 = DIRECTION('',(-0.,0.,-1.));
#8494 = DIRECTION('',(1.,-8.242955171231E-17,-0.));
#8495 = PCURVE('',#971,#8496);
#8496 = DEFINITIONAL_REPRESENTATION('',(#8497),#8501);
#8497 = LINE('',#8498,#8499);
#8498 = CARTESIAN_POINT('',(0.,0.));
#8499 = VECTOR('',#8500,1.);
#8500 = DIRECTION('',(1.,0.));
#8501 = ( GEOMETRIC_REPRESENTATION_CONTEXT(2) 
PARAMETRIC_REPRESENTATION_CONTEXT() REPRESENTATION_CONTEXT('2D SPACE',''
  ) );
#8502 = PCURVE('',#2316,#8503);
#8503 = DEFINITIONAL_REPRESENTATION('',(#8504),#8508);
#8504 = CIRCLE('',#8505,43.1);
#8505 = AXIS2_PLACEMENT_2D('',#8506,#8507);
#8506 = CARTESIAN_POINT('',(36.077627944163,0.55));
#8507 = DIRECTION('',(0.866025403784,0.5));
#8508 = ( GEOMETRIC_REPRESENTATION_CONTEXT(2) 
PARAMETRIC_REPRESENTATION_CONTEXT() REPRESENTATION_CONTEXT('2D SPACE',''
  ) );
#8509 = ORIENTED_EDGE('',*,*,#8510,.F.);
#8510 = EDGE_CURVE('',#3382,#2274,#8511,.T.);
#8511 = SURFACE_CURVE('',#8512,(#8517,#8524),.PCURVE_S1.);
#8512 = CIRCLE('',#8513,43.1);
#8513 = AXIS2_PLACEMENT_3D('',#8514,#8515,#8516);
#8514 = CARTESIAN_POINT('',(1.1,3.552713678801E-15,2.));
#8515 = DIRECTION('',(-0.,0.,-1.));
#8516 = DIRECTION('',(1.,-8.242955171231E-17,-0.));
#8517 = PCURVE('',#971,#8518);
#8518 = DEFINITIONAL_REPRESENTATION('',(#8519),#8523);
#8519 = LINE('',#8520,#8521);
#8520 = CARTESIAN_POINT('',(0.,0.));
#8521 = VECTOR('',#8522,1.);
#8522 = DIRECTION('',(1.,0.));
#8523 = ( GEOMETRIC_REPRESENTATION_CONTEXT(2) 
PARAMETRIC_REPRESENTATION_CONTEXT() REPRESENTATION_CONTEXT('2D SPACE',''
  ) );
#8524 = PCURVE('',#2235,#8525);
#8525 = DEFINITIONAL_REPRESENTATION('',(#8526),#8534);
#8526 = ( BOUNDED_CURVE() B_SPLINE_CURVE(2,(#8527,#8528,#8529,#8530,
#8531,#8532,#8533),.UNSPECIFIED.,.T.,.F.) B_SPLINE_CURVE_WITH_KNOTS((1,2
    ,2,2,2,1),(-2.094395102393,0.,2.094395102393,4.188790204786,
6.28318530718,8.377580409573),.UNSPECIFIED.) CURVE() 
GEOMETRIC_REPRESENTATION_ITEM() RATIONAL_B_SPLINE_CURVE((1.,0.5,1.,0.5,
1.,0.5,1.)) REPRESENTATION_ITEM('') );
#8527 = CARTESIAN_POINT('',(44.2,-3.707602883041E-15));
#8528 = CARTESIAN_POINT('',(44.2,-74.65138980621));
#8529 = CARTESIAN_POINT('',(-20.45,-37.3256949031));
#8530 = CARTESIAN_POINT('',(-85.1,-3.60591725529E-15));
#8531 = CARTESIAN_POINT('',(-20.45,37.325694903109));
#8532 = CARTESIAN_POINT('',(44.2,74.651389806219));
#8533 = CARTESIAN_POINT('',(44.2,-3.707602883041E-15));
#8534 = ( GEOMETRIC_REPRESENTATION_CONTEXT(2) 
PARAMETRIC_REPRESENTATION_CONTEXT() REPRESENTATION_CONTEXT('2D SPACE',''
  ) );
#8535 = ORIENTED_EDGE('',*,*,#8536,.F.);
#8536 = EDGE_CURVE('',#3321,#3382,#8537,.T.);
#8537 = SURFACE_CURVE('',#8538,(#8543,#8550),.PCURVE_S1.);
#8538 = CIRCLE('',#8539,43.1);
#8539 = AXIS2_PLACEMENT_3D('',#8540,#8541,#8542);
#8540 = CARTESIAN_POINT('',(1.1,3.552713678801E-15,2.));
#8541 = DIRECTION('',(-0.,0.,-1.));
#8542 = DIRECTION('',(1.,-8.242955171231E-17,-0.));
#8543 = PCURVE('',#971,#8544);
#8544 = DEFINITIONAL_REPRESENTATION('',(#8545),#8549);
#8545 = LINE('',#8546,#8547);
#8546 = CARTESIAN_POINT('',(0.,0.));
#8547 = VECTOR('',#8548,1.);
#8548 = DIRECTION('',(1.,0.));
#8549 = ( GEOMETRIC_REPRESENTATION_CONTEXT(2) 
PARAMETRIC_REPRESENTATION_CONTEXT() REPRESENTATION_CONTEXT('2D SPACE',''
  ) );
#8550 = PCURVE('',#3368,#8551);
#8551 = DEFINITIONAL_REPRESENTATION('',(#8552),#8556);
#8552 = CIRCLE('',#8553,43.1);
#8553 = AXIS2_PLACEMENT_2D('',#8554,#8555);
#8554 = CARTESIAN_POINT('',(35.125,1.1));
#8555 = DIRECTION('',(1.396150532127E-16,1.));
#8556 = ( GEOMETRIC_REPRESENTATION_CONTEXT(2) 
PARAMETRIC_REPRESENTATION_CONTEXT() REPRESENTATION_CONTEXT('2D SPACE',''
  ) );
#8557 = ORIENTED_EDGE('',*,*,#8558,.F.);
#8558 = EDGE_CURVE('',#4420,#3321,#8559,.T.);
#8559 = SURFACE_CURVE('',#8560,(#8565,#8572),.PCURVE_S1.);
#8560 = CIRCLE('',#8561,43.1);
#8561 = AXIS2_PLACEMENT_3D('',#8562,#8563,#8564);
#8562 = CARTESIAN_POINT('',(1.1,3.552713678801E-15,2.));
#8563 = DIRECTION('',(-0.,0.,-1.));
#8564 = DIRECTION('',(1.,-8.242955171231E-17,-0.));
#8565 = PCURVE('',#971,#8566);
#8566 = DEFINITIONAL_REPRESENTATION('',(#8567),#8571);
#8567 = LINE('',#8568,#8569);
#8568 = CARTESIAN_POINT('',(0.,0.));
#8569 = VECTOR('',#8570,1.);
#8570 = DIRECTION('',(1.,0.));
#8571 = ( GEOMETRIC_REPRESENTATION_CONTEXT(2) 
PARAMETRIC_REPRESENTATION_CONTEXT() REPRESENTATION_CONTEXT('2D SPACE',''
  ) );
#8572 = PCURVE('',#3337,#8573);
#8573 = DEFINITIONAL_REPRESENTATION('',(#8574),#8582);
#8574 = ( BOUNDED_CURVE() B_SPLINE_CURVE(2,(#8575,#8576,#8577,#8578,
#8579,#8580,#8581),.UNSPECIFIED.,.T.,.F.) B_SPLINE_CURVE_WITH_KNOTS((1,2
    ,2,2,2,1),(-2.094395102393,0.,2.094395102393,4.188790204786,
6.28318530718,8.377580409573),.UNSPECIFIED.) CURVE() 
GEOMETRIC_REPRESENTATION_ITEM() RATIONAL_B_SPLINE_CURVE((1.,0.5,1.,0.5,
1.,0.5,1.)) REPRESENTATION_ITEM('') );
#8575 = CARTESIAN_POINT('',(44.2,-3.707602883041E-15));
#8576 = CARTESIAN_POINT('',(44.2,-74.65138980621));
#8577 = CARTESIAN_POINT('',(-20.45,-37.3256949031));
#8578 = CARTESIAN_POINT('',(-85.1,-3.60591725529E-15));
#8579 = CARTESIAN_POINT('',(-20.45,37.325694903109));
#8580 = CARTESIAN_POINT('',(44.2,74.651389806219));
#8581 = CARTESIAN_POINT('',(44.2,-3.707602883041E-15));
#8582 = ( GEOMETRIC_REPRESENTATION_CONTEXT(2) 
PARAMETRIC_REPRESENTATION_CONTEXT() REPRESENTATION_CONTEXT('2D SPACE',''
  ) );
#8583 = ORIENTED_EDGE('',*,*,#8584,.F.);
#8584 = EDGE_CURVE('',#923,#4420,#8585,.T.);
#8585 = SURFACE_CURVE('',#8586,(#8591,#8598),.PCURVE_S1.);
#8586 = CIRCLE('',#8587,43.1);
#8587 = AXIS2_PLACEMENT_3D('',#8588,#8589,#8590);
#8588 = CARTESIAN_POINT('',(1.1,3.552713678801E-15,2.));
#8589 = DIRECTION('',(-0.,0.,-1.));
#8590 = DIRECTION('',(1.,-8.242955171231E-17,-0.));
#8591 = PCURVE('',#971,#8592);
#8592 = DEFINITIONAL_REPRESENTATION('',(#8593),#8597);
#8593 = LINE('',#8594,#8595);
#8594 = CARTESIAN_POINT('',(0.,0.));
#8595 = VECTOR('',#8596,1.);
#8596 = DIRECTION('',(1.,0.));
#8597 = ( GEOMETRIC_REPRESENTATION_CONTEXT(2) 
PARAMETRIC_REPRESENTATION_CONTEXT() REPRESENTATION_CONTEXT('2D SPACE',''
  ) );
#8598 = PCURVE('',#4436,#8599);
#8599 = DEFINITIONAL_REPRESENTATION('',(#8600),#8604);
#8600 = CIRCLE('',#8601,43.1);
#8601 = AXIS2_PLACEMENT_2D('',#8602,#8603);
#8602 = CARTESIAN_POINT('',(34.172372055837,0.55));
#8603 = DIRECTION('',(-0.866025403784,0.5));
#8604 = ( GEOMETRIC_REPRESENTATION_CONTEXT(2) 
PARAMETRIC_REPRESENTATION_CONTEXT() REPRESENTATION_CONTEXT('2D SPACE',''
  ) );
#8605 = ORIENTED_EDGE('',*,*,#950,.F.);
#8606 = ADVANCED_FACE('',(#8607),#1370,.T.);
#8607 = FACE_BOUND('',#8608,.T.);
#8608 = EDGE_LOOP('',(#8609,#8610,#8611,#8642,#8643,#8644));
#8609 = ORIENTED_EDGE('',*,*,#1534,.T.);
#8610 = ORIENTED_EDGE('',*,*,#1941,.T.);
#8611 = ORIENTED_EDGE('',*,*,#8612,.F.);
#8612 = EDGE_CURVE('',#1887,#1942,#8613,.T.);
#8613 = SURFACE_CURVE('',#8614,(#8619,#8630),.PCURVE_S1.);
#8614 = CIRCLE('',#8615,30.7);
#8615 = AXIS2_PLACEMENT_3D('',#8616,#8617,#8618);
#8616 = CARTESIAN_POINT('',(1.1,1.7763568394E-15,2.));
#8617 = DIRECTION('',(0.,0.,1.));
#8618 = DIRECTION('',(-1.,-3.517258604953E-17,0.));
#8619 = PCURVE('',#1370,#8620);
#8620 = DEFINITIONAL_REPRESENTATION('',(#8621),#8629);
#8621 = ( BOUNDED_CURVE() B_SPLINE_CURVE(2,(#8622,#8623,#8624,#8625,
#8626,#8627,#8628),.UNSPECIFIED.,.T.,.F.) B_SPLINE_CURVE_WITH_KNOTS((1,2
    ,2,2,2,1),(-2.094395102393,0.,2.094395102393,4.188790204786,
6.28318530718,8.377580409573),.UNSPECIFIED.) CURVE() 
GEOMETRIC_REPRESENTATION_ITEM() RATIONAL_B_SPLINE_CURVE((1.,0.5,1.,0.5,
1.,0.5,1.)) REPRESENTATION_ITEM('') );
#8622 = CARTESIAN_POINT('',(9.490648047981,-14.8));
#8623 = CARTESIAN_POINT('',(-17.0963318482,31.25));
#8624 = CARTESIAN_POINT('',(36.077627944163,31.25));
#8625 = CARTESIAN_POINT('',(89.251587736527,31.25));
#8626 = CARTESIAN_POINT('',(62.664607840345,-14.8));
#8627 = CARTESIAN_POINT('',(36.077627944163,-60.85));
#8628 = CARTESIAN_POINT('',(9.490648047981,-14.8));
#8629 = ( GEOMETRIC_REPRESENTATION_CONTEXT(2) 
PARAMETRIC_REPRESENTATION_CONTEXT() REPRESENTATION_CONTEXT('2D SPACE',''
  ) );
#8630 = PCURVE('',#8631,#8636);
#8631 = CYLINDRICAL_SURFACE('',#8632,30.7);
#8632 = AXIS2_PLACEMENT_3D('',#8633,#8634,#8635);
#8633 = CARTESIAN_POINT('',(1.1,1.7763568394E-15,2.));
#8634 = DIRECTION('',(-0.,-0.,-1.));
#8635 = DIRECTION('',(-1.,-3.517258604953E-17,0.));
#8636 = DEFINITIONAL_REPRESENTATION('',(#8637),#8641);
#8637 = LINE('',#8638,#8639);
#8638 = CARTESIAN_POINT('',(-0.,0.));
#8639 = VECTOR('',#8640,1.);
#8640 = DIRECTION('',(-1.,0.));
#8641 = ( GEOMETRIC_REPRESENTATION_CONTEXT(2) 
PARAMETRIC_REPRESENTATION_CONTEXT() REPRESENTATION_CONTEXT('2D SPACE',''
  ) );
#8642 = ORIENTED_EDGE('',*,*,#1914,.T.);
#8643 = ORIENTED_EDGE('',*,*,#1353,.T.);
#8644 = ORIENTED_EDGE('',*,*,#8645,.F.);
#8645 = EDGE_CURVE('',#1502,#1354,#8646,.T.);
#8646 = SURFACE_CURVE('',#8647,(#8652,#8659),.PCURVE_S1.);
#8647 = CIRCLE('',#8648,29.9);
#8648 = AXIS2_PLACEMENT_3D('',#8649,#8650,#8651);
#8649 = CARTESIAN_POINT('',(1.1,-1.7763568394E-15,2.));
#8650 = DIRECTION('',(0.,0.,-1.));
#8651 = DIRECTION('',(1.,2.793089199885E-16,0.));
#8652 = PCURVE('',#1370,#8653);
#8653 = DEFINITIONAL_REPRESENTATION('',(#8654),#8658);
#8654 = CIRCLE('',#8655,29.9);
#8655 = AXIS2_PLACEMENT_2D('',#8656,#8657);
#8656 = CARTESIAN_POINT('',(36.077627944163,0.55));
#8657 = DIRECTION('',(0.866025403784,0.5));
#8658 = ( GEOMETRIC_REPRESENTATION_CONTEXT(2) 
PARAMETRIC_REPRESENTATION_CONTEXT() REPRESENTATION_CONTEXT('2D SPACE',''
  ) );
#8659 = PCURVE('',#8660,#8665);
#8660 = CYLINDRICAL_SURFACE('',#8661,29.9);
#8661 = AXIS2_PLACEMENT_3D('',#8662,#8663,#8664);
#8662 = CARTESIAN_POINT('',(1.1,-1.7763568394E-15,2.));
#8663 = DIRECTION('',(0.,0.,-1.));
#8664 = DIRECTION('',(1.,2.793089199885E-16,0.));
#8665 = DEFINITIONAL_REPRESENTATION('',(#8666),#8670);
#8666 = LINE('',#8667,#8668);
#8667 = CARTESIAN_POINT('',(0.,0.));
#8668 = VECTOR('',#8669,1.);
#8669 = DIRECTION('',(1.,0.));
#8670 = ( GEOMETRIC_REPRESENTATION_CONTEXT(2) 
PARAMETRIC_REPRESENTATION_CONTEXT() REPRESENTATION_CONTEXT('2D SPACE',''
  ) );
#8671 = ADVANCED_FACE('',(#8672),#1399,.T.);
#8672 = FACE_BOUND('',#8673,.T.);
#8673 = EDGE_LOOP('',(#8674,#8703,#8704,#8737,#8763,#8764));
#8674 = ORIENTED_EDGE('',*,*,#8675,.F.);
#8675 = EDGE_CURVE('',#4674,#8676,#8678,.T.);
#8676 = VERTEX_POINT('',#8677);
#8677 = CARTESIAN_POINT('',(-27.4,-2.377427645731E-15,2.));
#8678 = SURFACE_CURVE('',#8679,(#8684,#8691),.PCURVE_S1.);
#8679 = CIRCLE('',#8680,27.4);
#8680 = AXIS2_PLACEMENT_3D('',#8681,#8682,#8683);
#8681 = CARTESIAN_POINT('',(3.552713678801E-15,-3.552713678801E-15,2.));
#8682 = DIRECTION('',(0.,0.,1.));
#8683 = DIRECTION('',(1.,7.957102907278E-17,-0.));
#8684 = PCURVE('',#1399,#8685);
#8685 = DEFINITIONAL_REPRESENTATION('',(#8686),#8690);
#8686 = CIRCLE('',#8687,27.4);
#8687 = AXIS2_PLACEMENT_2D('',#8688,#8689);
#8688 = CARTESIAN_POINT('',(6.360719084657E-15,-7.260316561842E-15));
#8689 = DIRECTION('',(1.,7.957102907278E-17));
#8690 = ( GEOMETRIC_REPRESENTATION_CONTEXT(2) 
PARAMETRIC_REPRESENTATION_CONTEXT() REPRESENTATION_CONTEXT('2D SPACE',''
  ) );
#8691 = PCURVE('',#8692,#8697);
#8692 = CYLINDRICAL_SURFACE('',#8693,27.4);
#8693 = AXIS2_PLACEMENT_3D('',#8694,#8695,#8696);
#8694 = CARTESIAN_POINT('',(3.552713678801E-15,-3.552713678801E-15,2.));
#8695 = DIRECTION('',(-0.,-0.,-1.));
#8696 = DIRECTION('',(1.,7.957102907278E-17,-0.));
#8697 = DEFINITIONAL_REPRESENTATION('',(#8698),#8702);
#8698 = LINE('',#8699,#8700);
#8699 = CARTESIAN_POINT('',(-0.,0.));
#8700 = VECTOR('',#8701,1.);
#8701 = DIRECTION('',(-1.,0.));
#8702 = ( GEOMETRIC_REPRESENTATION_CONTEXT(2) 
PARAMETRIC_REPRESENTATION_CONTEXT() REPRESENTATION_CONTEXT('2D SPACE',''
  ) );
#8703 = ORIENTED_EDGE('',*,*,#4697,.T.);
#8704 = ORIENTED_EDGE('',*,*,#8705,.F.);
#8705 = EDGE_CURVE('',#8706,#4698,#8708,.T.);
#8706 = VERTEX_POINT('',#8707);
#8707 = CARTESIAN_POINT('',(-28.8,-5.111201019888E-16,2.));
#8708 = SURFACE_CURVE('',#8709,(#8714,#8725),.PCURVE_S1.);
#8709 = CIRCLE('',#8710,28.8);
#8710 = AXIS2_PLACEMENT_3D('',#8711,#8712,#8713);
#8711 = CARTESIAN_POINT('',(-3.552713678801E-15,-4.440892098501E-15,2.)
  );
#8712 = DIRECTION('',(0.,0.,-1.));
#8713 = DIRECTION('',(-1.,1.364504165456E-16,0.));
#8714 = PCURVE('',#1399,#8715);
#8715 = DEFINITIONAL_REPRESENTATION('',(#8716),#8724);
#8716 = ( BOUNDED_CURVE() B_SPLINE_CURVE(2,(#8717,#8718,#8719,#8720,
#8721,#8722,#8723),.UNSPECIFIED.,.T.,.F.) B_SPLINE_CURVE_WITH_KNOTS((1,2
    ,2,2,2,1),(-2.094395102393,0.,2.094395102393,4.188790204786,
6.28318530718,8.377580409573),.UNSPECIFIED.) CURVE() 
GEOMETRIC_REPRESENTATION_ITEM() RATIONAL_B_SPLINE_CURVE((1.,0.5,1.,0.5,
1.,0.5,1.)) REPRESENTATION_ITEM('') );
#8717 = CARTESIAN_POINT('',(-28.8,-4.21872298503E-15));
#8718 = CARTESIAN_POINT('',(-28.8,49.883063257984));
#8719 = CARTESIAN_POINT('',(14.4,24.941531628992));
#8720 = CARTESIAN_POINT('',(57.6,-8.954073411477E-15));
#8721 = CARTESIAN_POINT('',(14.4,-24.94153162899));
#8722 = CARTESIAN_POINT('',(-28.8,-49.88306325798));
#8723 = CARTESIAN_POINT('',(-28.8,-4.21872298503E-15));
#8724 = ( GEOMETRIC_REPRESENTATION_CONTEXT(2) 
PARAMETRIC_REPRESENTATION_CONTEXT() REPRESENTATION_CONTEXT('2D SPACE',''
  ) );
#8725 = PCURVE('',#8726,#8731);
#8726 = CYLINDRICAL_SURFACE('',#8727,28.8);
#8727 = AXIS2_PLACEMENT_3D('',#8728,#8729,#8730);
#8728 = CARTESIAN_POINT('',(-3.552713678801E-15,-4.440892098501E-15,2.)
  );
#8729 = DIRECTION('',(0.,0.,-1.));
#8730 = DIRECTION('',(-1.,1.364504165456E-16,0.));
#8731 = DEFINITIONAL_REPRESENTATION('',(#8732),#8736);
#8732 = LINE('',#8733,#8734);
#8733 = CARTESIAN_POINT('',(0.,0.));
#8734 = VECTOR('',#8735,1.);
#8735 = DIRECTION('',(1.,0.));
#8736 = ( GEOMETRIC_REPRESENTATION_CONTEXT(2) 
PARAMETRIC_REPRESENTATION_CONTEXT() REPRESENTATION_CONTEXT('2D SPACE',''
  ) );
#8737 = ORIENTED_EDGE('',*,*,#8738,.F.);
#8738 = EDGE_CURVE('',#1354,#8706,#8739,.T.);
#8739 = SURFACE_CURVE('',#8740,(#8745,#8756),.PCURVE_S1.);
#8740 = CIRCLE('',#8741,29.9);
#8741 = AXIS2_PLACEMENT_3D('',#8742,#8743,#8744);
#8742 = CARTESIAN_POINT('',(1.1,-1.7763568394E-15,2.));
#8743 = DIRECTION('',(0.,0.,-1.));
#8744 = DIRECTION('',(1.,2.793089199885E-16,0.));
#8745 = PCURVE('',#1399,#8746);
#8746 = DEFINITIONAL_REPRESENTATION('',(#8747),#8755);
#8747 = ( BOUNDED_CURVE() B_SPLINE_CURVE(2,(#8748,#8749,#8750,#8751,
#8752,#8753,#8754),.UNSPECIFIED.,.T.,.F.) B_SPLINE_CURVE_WITH_KNOTS((1,2
    ,2,2,2,1),(-2.094395102393,0.,2.094395102393,4.188790204786,
6.28318530718,8.377580409573),.UNSPECIFIED.) CURVE() 
GEOMETRIC_REPRESENTATION_ITEM() RATIONAL_B_SPLINE_CURVE((1.,0.5,1.,0.5,
1.,0.5,1.)) REPRESENTATION_ITEM('') );
#8748 = CARTESIAN_POINT('',(31.,2.867376985213E-15));
#8749 = CARTESIAN_POINT('',(31.,-51.7883191463));
#8750 = CARTESIAN_POINT('',(-13.85,-25.89415957315));
#8751 = CARTESIAN_POINT('',(-58.7,-2.951002099665E-14));
#8752 = CARTESIAN_POINT('',(-13.85,25.894159573155));
#8753 = CARTESIAN_POINT('',(31.,51.788319146309));
#8754 = CARTESIAN_POINT('',(31.,2.867376985213E-15));
#8755 = ( GEOMETRIC_REPRESENTATION_CONTEXT(2) 
PARAMETRIC_REPRESENTATION_CONTEXT() REPRESENTATION_CONTEXT('2D SPACE',''
  ) );
#8756 = PCURVE('',#8660,#8757);
#8757 = DEFINITIONAL_REPRESENTATION('',(#8758),#8762);
#8758 = LINE('',#8759,#8760);
#8759 = CARTESIAN_POINT('',(0.,0.));
#8760 = VECTOR('',#8761,1.);
#8761 = DIRECTION('',(1.,0.));
#8762 = ( GEOMETRIC_REPRESENTATION_CONTEXT(2) 
PARAMETRIC_REPRESENTATION_CONTEXT() REPRESENTATION_CONTEXT('2D SPACE',''
  ) );
#8763 = ORIENTED_EDGE('',*,*,#1382,.T.);
#8764 = ORIENTED_EDGE('',*,*,#8765,.F.);
#8765 = EDGE_CURVE('',#8676,#1383,#8766,.T.);
#8766 = SURFACE_CURVE('',#8767,(#8772,#8779),.PCURVE_S1.);
#8767 = CIRCLE('',#8768,28.5);
#8768 = AXIS2_PLACEMENT_3D('',#8769,#8770,#8771);
#8769 = CARTESIAN_POINT('',(1.1,3.552713678801E-15,2.));
#8770 = DIRECTION('',(0.,0.,1.));
#8771 = DIRECTION('',(-1.,-2.080751341941E-16,0.));
#8772 = PCURVE('',#1399,#8773);
#8773 = DEFINITIONAL_REPRESENTATION('',(#8774),#8778);
#8774 = CIRCLE('',#8775,28.5);
#8775 = AXIS2_PLACEMENT_2D('',#8776,#8777);
#8776 = CARTESIAN_POINT('',(1.1,-1.548892042409E-16));
#8777 = DIRECTION('',(-1.,-2.080751341941E-16));
#8778 = ( GEOMETRIC_REPRESENTATION_CONTEXT(2) 
PARAMETRIC_REPRESENTATION_CONTEXT() REPRESENTATION_CONTEXT('2D SPACE',''
  ) );
#8779 = PCURVE('',#8780,#8785);
#8780 = CYLINDRICAL_SURFACE('',#8781,28.5);
#8781 = AXIS2_PLACEMENT_3D('',#8782,#8783,#8784);
#8782 = CARTESIAN_POINT('',(1.1,3.552713678801E-15,2.));
#8783 = DIRECTION('',(-0.,-0.,-1.));
#8784 = DIRECTION('',(-1.,-2.080751341941E-16,0.));
#8785 = DEFINITIONAL_REPRESENTATION('',(#8786),#8790);
#8786 = LINE('',#8787,#8788);
#8787 = CARTESIAN_POINT('',(-0.,0.));
#8788 = VECTOR('',#8789,1.);
#8789 = DIRECTION('',(-1.,0.));
#8790 = ( GEOMETRIC_REPRESENTATION_CONTEXT(2) 
PARAMETRIC_REPRESENTATION_CONTEXT() REPRESENTATION_CONTEXT('2D SPACE',''
  ) );
#8791 = ADVANCED_FACE('',(#8792),#1432,.T.);
#8792 = FACE_BOUND('',#8793,.T.);
#8793 = EDGE_LOOP('',(#8794,#8795,#8821,#8822));
#8794 = ORIENTED_EDGE('',*,*,#1477,.T.);
#8795 = ORIENTED_EDGE('',*,*,#8796,.F.);
#8796 = EDGE_CURVE('',#1383,#1478,#8797,.T.);
#8797 = SURFACE_CURVE('',#8798,(#8803,#8814),.PCURVE_S1.);
#8798 = CIRCLE('',#8799,28.5);
#8799 = AXIS2_PLACEMENT_3D('',#8800,#8801,#8802);
#8800 = CARTESIAN_POINT('',(1.1,3.552713678801E-15,2.));
#8801 = DIRECTION('',(0.,0.,1.));
#8802 = DIRECTION('',(-1.,-2.080751341941E-16,0.));
#8803 = PCURVE('',#1432,#8804);
#8804 = DEFINITIONAL_REPRESENTATION('',(#8805),#8813);
#8805 = ( BOUNDED_CURVE() B_SPLINE_CURVE(2,(#8806,#8807,#8808,#8809,
#8810,#8811,#8812),.UNSPECIFIED.,.T.,.F.) B_SPLINE_CURVE_WITH_KNOTS((1,2
    ,2,2,2,1),(-2.094395102393,0.,2.094395102393,4.188790204786,
6.28318530718,8.377580409573),.UNSPECIFIED.) CURVE() 
GEOMETRIC_REPRESENTATION_ITEM() RATIONAL_B_SPLINE_CURVE((1.,0.5,1.,0.5,
1.,0.5,1.)) REPRESENTATION_ITEM('') );
#8806 = CARTESIAN_POINT('',(11.395903936306,-13.7));
#8807 = CARTESIAN_POINT('',(-13.28582007155,29.05));
#8808 = CARTESIAN_POINT('',(36.077627944163,29.05));
#8809 = CARTESIAN_POINT('',(85.441075959876,29.05));
#8810 = CARTESIAN_POINT('',(60.759351952019,-13.7));
#8811 = CARTESIAN_POINT('',(36.077627944163,-56.45));
#8812 = CARTESIAN_POINT('',(11.395903936306,-13.7));
#8813 = ( GEOMETRIC_REPRESENTATION_CONTEXT(2) 
PARAMETRIC_REPRESENTATION_CONTEXT() REPRESENTATION_CONTEXT('2D SPACE',''
  ) );
#8814 = PCURVE('',#8780,#8815);
#8815 = DEFINITIONAL_REPRESENTATION('',(#8816),#8820);
#8816 = LINE('',#8817,#8818);
#8817 = CARTESIAN_POINT('',(-0.,0.));
#8818 = VECTOR('',#8819,1.);
#8819 = DIRECTION('',(-1.,0.));
#8820 = ( GEOMETRIC_REPRESENTATION_CONTEXT(2) 
PARAMETRIC_REPRESENTATION_CONTEXT() REPRESENTATION_CONTEXT('2D SPACE',''
  ) );
#8821 = ORIENTED_EDGE('',*,*,#1415,.T.);
#8822 = ORIENTED_EDGE('',*,*,#8823,.F.);
#8823 = EDGE_CURVE('',#1445,#1416,#8824,.T.);
#8824 = SURFACE_CURVE('',#8825,(#8830,#8837),.PCURVE_S1.);
#8825 = CIRCLE('',#8826,27.7);
#8826 = AXIS2_PLACEMENT_3D('',#8827,#8828,#8829);
#8827 = CARTESIAN_POINT('',(1.1,0.,2.));
#8828 = DIRECTION('',(0.,0.,-1.));
#8829 = DIRECTION('',(1.,2.868623801521E-16,0.));
#8830 = PCURVE('',#1432,#8831);
#8831 = DEFINITIONAL_REPRESENTATION('',(#8832),#8836);
#8832 = CIRCLE('',#8833,27.7);
#8833 = AXIS2_PLACEMENT_2D('',#8834,#8835);
#8834 = CARTESIAN_POINT('',(36.077627944163,0.55));
#8835 = DIRECTION('',(0.866025403784,0.5));
#8836 = ( GEOMETRIC_REPRESENTATION_CONTEXT(2) 
PARAMETRIC_REPRESENTATION_CONTEXT() REPRESENTATION_CONTEXT('2D SPACE',''
  ) );
#8837 = PCURVE('',#8838,#8843);
#8838 = CYLINDRICAL_SURFACE('',#8839,27.7);
#8839 = AXIS2_PLACEMENT_3D('',#8840,#8841,#8842);
#8840 = CARTESIAN_POINT('',(1.1,0.,2.));
#8841 = DIRECTION('',(0.,0.,-1.));
#8842 = DIRECTION('',(1.,2.868623801521E-16,0.));
#8843 = DEFINITIONAL_REPRESENTATION('',(#8844),#8848);
#8844 = LINE('',#8845,#8846);
#8845 = CARTESIAN_POINT('',(0.,0.));
#8846 = VECTOR('',#8847,1.);
#8847 = DIRECTION('',(1.,0.));
#8848 = ( GEOMETRIC_REPRESENTATION_CONTEXT(2) 
PARAMETRIC_REPRESENTATION_CONTEXT() REPRESENTATION_CONTEXT('2D SPACE',''
  ) );
#8849 = ADVANCED_FACE('',(#8850,#9323),#1461,.T.);
#8850 = FACE_BOUND('',#8851,.T.);
#8851 = EDGE_LOOP('',(#8852,#8883,#8911,#8944,#8977,#9010,#9041,#9042,
    #9070,#9101,#9102,#9128,#9129,#9155,#9156,#9184,#9210,#9211,#9237,
    #9238,#9267,#9296));
#8852 = ORIENTED_EDGE('',*,*,#8853,.F.);
#8853 = EDGE_CURVE('',#8854,#8856,#8858,.T.);
#8854 = VERTEX_POINT('',#8855);
#8855 = CARTESIAN_POINT('',(23.,0.,2.));
#8856 = VERTEX_POINT('',#8857);
#8857 = CARTESIAN_POINT('',(-23.,2.816687638039E-15,2.));
#8858 = SURFACE_CURVE('',#8859,(#8864,#8871),.PCURVE_S1.);
#8859 = CIRCLE('',#8860,23.);
#8860 = AXIS2_PLACEMENT_3D('',#8861,#8862,#8863);
#8861 = CARTESIAN_POINT('',(0.,0.,2.));
#8862 = DIRECTION('',(0.,0.,1.));
#8863 = DIRECTION('',(1.,0.,-0.));
#8864 = PCURVE('',#1461,#8865);
#8865 = DEFINITIONAL_REPRESENTATION('',(#8866),#8870);
#8866 = CIRCLE('',#8867,23.);
#8867 = AXIS2_PLACEMENT_2D('',#8868,#8869);
#8868 = CARTESIAN_POINT('',(2.808005405856E-15,-3.707602883041E-15));
#8869 = DIRECTION('',(1.,0.));
#8870 = ( GEOMETRIC_REPRESENTATION_CONTEXT(2) 
PARAMETRIC_REPRESENTATION_CONTEXT() REPRESENTATION_CONTEXT('2D SPACE',''
  ) );
#8871 = PCURVE('',#8872,#8877);
#8872 = CYLINDRICAL_SURFACE('',#8873,23.);
#8873 = AXIS2_PLACEMENT_3D('',#8874,#8875,#8876);
#8874 = CARTESIAN_POINT('',(0.,0.,2.));
#8875 = DIRECTION('',(-0.,-0.,-1.));
#8876 = DIRECTION('',(1.,0.,-0.));
#8877 = DEFINITIONAL_REPRESENTATION('',(#8878),#8882);
#8878 = LINE('',#8879,#8880);
#8879 = CARTESIAN_POINT('',(-0.,0.));
#8880 = VECTOR('',#8881,1.);
#8881 = DIRECTION('',(-1.,0.));
#8882 = ( GEOMETRIC_REPRESENTATION_CONTEXT(2) 
PARAMETRIC_REPRESENTATION_CONTEXT() REPRESENTATION_CONTEXT('2D SPACE',''
  ) );
#8883 = ORIENTED_EDGE('',*,*,#8884,.F.);
#8884 = EDGE_CURVE('',#8885,#8854,#8887,.T.);
#8885 = VERTEX_POINT('',#8886);
#8886 = CARTESIAN_POINT('',(22.2,1.188010156921E-15,2.));
#8887 = SURFACE_CURVE('',#8888,(#8892,#8899),.PCURVE_S1.);
#8888 = LINE('',#8889,#8890);
#8889 = CARTESIAN_POINT('',(22.2,1.188010156921E-15,2.));
#8890 = VECTOR('',#8891,1.);
#8891 = DIRECTION('',(1.,-1.485012696151E-15,0.));
#8892 = PCURVE('',#1461,#8893);
#8893 = DEFINITIONAL_REPRESENTATION('',(#8894),#8898);
#8894 = LINE('',#8895,#8896);
#8895 = CARTESIAN_POINT('',(22.2,-2.51959272612E-15));
#8896 = VECTOR('',#8897,1.);
#8897 = DIRECTION('',(1.,-1.485012696151E-15));
#8898 = ( GEOMETRIC_REPRESENTATION_CONTEXT(2) 
PARAMETRIC_REPRESENTATION_CONTEXT() REPRESENTATION_CONTEXT('2D SPACE',''
  ) );
#8899 = PCURVE('',#8900,#8905);
#8900 = PLANE('',#8901);
#8901 = AXIS2_PLACEMENT_3D('',#8902,#8903,#8904);
#8902 = CARTESIAN_POINT('',(22.2,1.188010156921E-15,2.));
#8903 = DIRECTION('',(1.485012696151E-15,1.,-0.));
#8904 = DIRECTION('',(1.,-1.485012696151E-15,0.));
#8905 = DEFINITIONAL_REPRESENTATION('',(#8906),#8910);
#8906 = LINE('',#8907,#8908);
#8907 = CARTESIAN_POINT('',(0.,0.));
#8908 = VECTOR('',#8909,1.);
#8909 = DIRECTION('',(1.,0.));
#8910 = ( GEOMETRIC_REPRESENTATION_CONTEXT(2) 
PARAMETRIC_REPRESENTATION_CONTEXT() REPRESENTATION_CONTEXT('2D SPACE',''
  ) );
#8911 = ORIENTED_EDGE('',*,*,#8912,.F.);
#8912 = EDGE_CURVE('',#8913,#8885,#8915,.T.);
#8913 = VERTEX_POINT('',#8914);
#8914 = CARTESIAN_POINT('',(-22.2,1.530705737186E-15,2.));
#8915 = SURFACE_CURVE('',#8916,(#8921,#8932),.PCURVE_S1.);
#8916 = CIRCLE('',#8917,22.2);
#8917 = AXIS2_PLACEMENT_3D('',#8918,#8919,#8920);
#8918 = CARTESIAN_POINT('',(1.7763568394E-15,0.,2.));
#8919 = DIRECTION('',(0.,0.,-1.));
#8920 = DIRECTION('',(-1.,6.895070888226E-17,0.));
#8921 = PCURVE('',#1461,#8922);
#8922 = DEFINITIONAL_REPRESENTATION('',(#8923),#8931);
#8923 = ( BOUNDED_CURVE() B_SPLINE_CURVE(2,(#8924,#8925,#8926,#8927,
#8928,#8929,#8930),.UNSPECIFIED.,.T.,.F.) B_SPLINE_CURVE_WITH_KNOTS((1,2
    ,2,2,2,1),(-2.094395102393,0.,2.094395102393,4.188790204786,
6.28318530718,8.377580409573),.UNSPECIFIED.) CURVE() 
GEOMETRIC_REPRESENTATION_ITEM() RATIONAL_B_SPLINE_CURVE((1.,0.5,1.,0.5,
1.,0.5,1.)) REPRESENTATION_ITEM('') );
#8924 = CARTESIAN_POINT('',(-22.2,-2.176897145855E-15));
#8925 = CARTESIAN_POINT('',(-22.2,38.451527928029));
#8926 = CARTESIAN_POINT('',(11.1,19.225763964015));
#8927 = CARTESIAN_POINT('',(44.4,-1.331582569199E-15));
#8928 = CARTESIAN_POINT('',(11.1,-19.22576396401));
#8929 = CARTESIAN_POINT('',(-22.2,-38.45152792802));
#8930 = CARTESIAN_POINT('',(-22.2,-2.176897145855E-15));
#8931 = ( GEOMETRIC_REPRESENTATION_CONTEXT(2) 
PARAMETRIC_REPRESENTATION_CONTEXT() REPRESENTATION_CONTEXT('2D SPACE',''
  ) );
#8932 = PCURVE('',#8933,#8938);
#8933 = CYLINDRICAL_SURFACE('',#8934,22.2);
#8934 = AXIS2_PLACEMENT_3D('',#8935,#8936,#8937);
#8935 = CARTESIAN_POINT('',(1.7763568394E-15,0.,2.));
#8936 = DIRECTION('',(0.,0.,-1.));
#8937 = DIRECTION('',(-1.,6.895070888226E-17,0.));
#8938 = DEFINITIONAL_REPRESENTATION('',(#8939),#8943);
#8939 = LINE('',#8940,#8941);
#8940 = CARTESIAN_POINT('',(0.,0.));
#8941 = VECTOR('',#8942,1.);
#8942 = DIRECTION('',(1.,0.));
#8943 = ( GEOMETRIC_REPRESENTATION_CONTEXT(2) 
PARAMETRIC_REPRESENTATION_CONTEXT() REPRESENTATION_CONTEXT('2D SPACE',''
  ) );
#8944 = ORIENTED_EDGE('',*,*,#8945,.F.);
#8945 = EDGE_CURVE('',#8946,#8913,#8948,.T.);
#8946 = VERTEX_POINT('',#8947);
#8947 = CARTESIAN_POINT('',(24.4,4.186788970907E-15,2.));
#8948 = SURFACE_CURVE('',#8949,(#8954,#8965),.PCURVE_S1.);
#8949 = CIRCLE('',#8950,23.3);
#8950 = AXIS2_PLACEMENT_3D('',#8951,#8952,#8953);
#8951 = CARTESIAN_POINT('',(1.1,-8.881784197001E-16,2.));
#8952 = DIRECTION('',(0.,0.,-1.));
#8953 = DIRECTION('',(1.,2.178097592535E-16,0.));
#8954 = PCURVE('',#1461,#8955);
#8955 = DEFINITIONAL_REPRESENTATION('',(#8956),#8964);
#8956 = ( BOUNDED_CURVE() B_SPLINE_CURVE(2,(#8957,#8958,#8959,#8960,
#8961,#8962,#8963),.UNSPECIFIED.,.T.,.F.) B_SPLINE_CURVE_WITH_KNOTS((1,2
    ,2,2,2,1),(-2.094395102393,0.,2.094395102393,4.188790204786,
6.28318530718,8.377580409573),.UNSPECIFIED.) CURVE() 
GEOMETRIC_REPRESENTATION_ITEM() RATIONAL_B_SPLINE_CURVE((1.,0.5,1.,0.5,
1.,0.5,1.)) REPRESENTATION_ITEM('') );
#8957 = CARTESIAN_POINT('',(24.4,4.791860878654E-16));
#8958 = CARTESIAN_POINT('',(24.4,-40.35678381635));
#8959 = CARTESIAN_POINT('',(-10.55,-20.17839190817));
#8960 = CARTESIAN_POINT('',(-45.5,-2.045257016798E-14));
#8961 = CARTESIAN_POINT('',(-10.55,20.178391908177));
#8962 = CARTESIAN_POINT('',(24.4,40.356783816355));
#8963 = CARTESIAN_POINT('',(24.4,4.791860878654E-16));
#8964 = ( GEOMETRIC_REPRESENTATION_CONTEXT(2) 
PARAMETRIC_REPRESENTATION_CONTEXT() REPRESENTATION_CONTEXT('2D SPACE',''
  ) );
#8965 = PCURVE('',#8966,#8971);
#8966 = CYLINDRICAL_SURFACE('',#8967,23.3);
#8967 = AXIS2_PLACEMENT_3D('',#8968,#8969,#8970);
#8968 = CARTESIAN_POINT('',(1.1,-8.881784197001E-16,2.));
#8969 = DIRECTION('',(0.,0.,-1.));
#8970 = DIRECTION('',(1.,2.178097592535E-16,0.));
#8971 = DEFINITIONAL_REPRESENTATION('',(#8972),#8976);
#8972 = LINE('',#8973,#8974);
#8973 = CARTESIAN_POINT('',(0.,0.));
#8974 = VECTOR('',#8975,1.);
#8975 = DIRECTION('',(1.,0.));
#8976 = ( GEOMETRIC_REPRESENTATION_CONTEXT(2) 
PARAMETRIC_REPRESENTATION_CONTEXT() REPRESENTATION_CONTEXT('2D SPACE',''
  ) );
#8977 = ORIENTED_EDGE('',*,*,#8978,.F.);
#8978 = EDGE_CURVE('',#8979,#8946,#8981,.T.);
#8979 = VERTEX_POINT('',#8980);
#8980 = CARTESIAN_POINT('',(-24.4,-2.975007620388E-15,2.));
#8981 = SURFACE_CURVE('',#8982,(#8987,#8998),.PCURVE_S1.);
#8982 = CIRCLE('',#8983,24.4);
#8983 = AXIS2_PLACEMENT_3D('',#8984,#8985,#8986);
#8984 = CARTESIAN_POINT('',(0.,-8.881784197001E-16,2.));
#8985 = DIRECTION('',(0.,0.,-1.));
#8986 = DIRECTION('',(-1.,-8.552578691342E-17,-0.));
#8987 = PCURVE('',#1461,#8988);
#8988 = DEFINITIONAL_REPRESENTATION('',(#8989),#8997);
#8989 = ( BOUNDED_CURVE() B_SPLINE_CURVE(2,(#8990,#8991,#8992,#8993,
#8994,#8995,#8996),.UNSPECIFIED.,.T.,.F.) B_SPLINE_CURVE_WITH_KNOTS((1,2
    ,2,2,2,1),(-2.094395102393,0.,2.094395102393,4.188790204786,
6.28318530718,8.377580409573),.UNSPECIFIED.) CURVE() 
GEOMETRIC_REPRESENTATION_ITEM() RATIONAL_B_SPLINE_CURVE((1.,0.5,1.,0.5,
1.,0.5,1.)) REPRESENTATION_ITEM('') );
#8990 = CARTESIAN_POINT('',(-24.4,-6.682610503429E-15));
#8991 = CARTESIAN_POINT('',(-24.4,42.262039704681));
#8992 = CARTESIAN_POINT('',(12.2,21.13101985234));
#8993 = CARTESIAN_POINT('',(48.8,5.554153478472E-15));
#8994 = CARTESIAN_POINT('',(12.2,-21.13101985234));
#8995 = CARTESIAN_POINT('',(-24.4,-42.26203970468));
#8996 = CARTESIAN_POINT('',(-24.4,-6.682610503429E-15));
#8997 = ( GEOMETRIC_REPRESENTATION_CONTEXT(2) 
PARAMETRIC_REPRESENTATION_CONTEXT() REPRESENTATION_CONTEXT('2D SPACE',''
  ) );
#8998 = PCURVE('',#8999,#9004);
#8999 = CYLINDRICAL_SURFACE('',#9000,24.4);
#9000 = AXIS2_PLACEMENT_3D('',#9001,#9002,#9003);
#9001 = CARTESIAN_POINT('',(0.,-8.881784197001E-16,2.));
#9002 = DIRECTION('',(0.,0.,-1.));
#9003 = DIRECTION('',(-1.,-8.552578691342E-17,-0.));
#9004 = DEFINITIONAL_REPRESENTATION('',(#9005),#9009);
#9005 = LINE('',#9006,#9007);
#9006 = CARTESIAN_POINT('',(0.,0.));
#9007 = VECTOR('',#9008,1.);
#9008 = DIRECTION('',(1.,0.));
#9009 = ( GEOMETRIC_REPRESENTATION_CONTEXT(2) 
PARAMETRIC_REPRESENTATION_CONTEXT() REPRESENTATION_CONTEXT('2D SPACE',''
  ) );
#9010 = ORIENTED_EDGE('',*,*,#9011,.F.);
#9011 = EDGE_CURVE('',#3541,#8979,#9012,.T.);
#9012 = SURFACE_CURVE('',#9013,(#9018,#9029),.PCURVE_S1.);
#9013 = CIRCLE('',#9014,25.5);
#9014 = AXIS2_PLACEMENT_3D('',#9015,#9016,#9017);
#9015 = CARTESIAN_POINT('',(1.1,-3.552713678801E-15,2.));
#9016 = DIRECTION('',(0.,0.,-1.));
#9017 = DIRECTION('',(1.,2.989693903897E-16,0.));
#9018 = PCURVE('',#1461,#9019);
#9019 = DEFINITIONAL_REPRESENTATION('',(#9020),#9028);
#9020 = ( BOUNDED_CURVE() B_SPLINE_CURVE(2,(#9021,#9022,#9023,#9024,
#9025,#9026,#9027),.UNSPECIFIED.,.T.,.F.) B_SPLINE_CURVE_WITH_KNOTS((1,2
    ,2,2,2,1),(-2.094395102393,0.,2.094395102393,4.188790204786,
6.28318530718,8.377580409573),.UNSPECIFIED.) CURVE() 
GEOMETRIC_REPRESENTATION_ITEM() RATIONAL_B_SPLINE_CURVE((1.,0.5,1.,0.5,
1.,0.5,1.)) REPRESENTATION_ITEM('') );
#9021 = CARTESIAN_POINT('',(26.6,3.634028930959E-16));
#9022 = CARTESIAN_POINT('',(26.6,-44.167295593));
#9023 = CARTESIAN_POINT('',(-11.65,-22.0836477965));
#9024 = CARTESIAN_POINT('',(-49.9,-2.875345414737E-14));
#9025 = CARTESIAN_POINT('',(-11.65,22.083647796503));
#9026 = CARTESIAN_POINT('',(26.6,44.167295593006));
#9027 = CARTESIAN_POINT('',(26.6,3.634028930959E-16));
#9028 = ( GEOMETRIC_REPRESENTATION_CONTEXT(2) 
PARAMETRIC_REPRESENTATION_CONTEXT() REPRESENTATION_CONTEXT('2D SPACE',''
  ) );
#9029 = PCURVE('',#9030,#9035);
#9030 = CYLINDRICAL_SURFACE('',#9031,25.5);
#9031 = AXIS2_PLACEMENT_3D('',#9032,#9033,#9034);
#9032 = CARTESIAN_POINT('',(1.1,-3.552713678801E-15,2.));
#9033 = DIRECTION('',(0.,0.,-1.));
#9034 = DIRECTION('',(1.,2.989693903897E-16,0.));
#9035 = DEFINITIONAL_REPRESENTATION('',(#9036),#9040);
#9036 = LINE('',#9037,#9038);
#9037 = CARTESIAN_POINT('',(0.,0.));
#9038 = VECTOR('',#9039,1.);
#9039 = DIRECTION('',(1.,0.));
#9040 = ( GEOMETRIC_REPRESENTATION_CONTEXT(2) 
PARAMETRIC_REPRESENTATION_CONTEXT() REPRESENTATION_CONTEXT('2D SPACE',''
  ) );
#9041 = ORIENTED_EDGE('',*,*,#3569,.T.);
#9042 = ORIENTED_EDGE('',*,*,#9043,.F.);
#9043 = EDGE_CURVE('',#9044,#3570,#9046,.T.);
#9044 = VERTEX_POINT('',#9045);
#9045 = CARTESIAN_POINT('',(26.6,4.071005776137E-15,2.));
#9046 = SURFACE_CURVE('',#9047,(#9052,#9063),.PCURVE_S1.);
#9047 = CIRCLE('',#9048,25.5);
#9048 = AXIS2_PLACEMENT_3D('',#9049,#9050,#9051);
#9049 = CARTESIAN_POINT('',(1.1,-3.552713678801E-15,2.));
#9050 = DIRECTION('',(0.,0.,-1.));
#9051 = DIRECTION('',(1.,2.989693903897E-16,0.));
#9052 = PCURVE('',#1461,#9053);
#9053 = DEFINITIONAL_REPRESENTATION('',(#9054),#9062);
#9054 = ( BOUNDED_CURVE() B_SPLINE_CURVE(2,(#9055,#9056,#9057,#9058,
#9059,#9060,#9061),.UNSPECIFIED.,.T.,.F.) B_SPLINE_CURVE_WITH_KNOTS((1,2
    ,2,2,2,1),(-2.094395102393,0.,2.094395102393,4.188790204786,
6.28318530718,8.377580409573),.UNSPECIFIED.) CURVE() 
GEOMETRIC_REPRESENTATION_ITEM() RATIONAL_B_SPLINE_CURVE((1.,0.5,1.,0.5,
1.,0.5,1.)) REPRESENTATION_ITEM('') );
#9055 = CARTESIAN_POINT('',(26.6,3.634028930959E-16));
#9056 = CARTESIAN_POINT('',(26.6,-44.167295593));
#9057 = CARTESIAN_POINT('',(-11.65,-22.0836477965));
#9058 = CARTESIAN_POINT('',(-49.9,-2.875345414737E-14));
#9059 = CARTESIAN_POINT('',(-11.65,22.083647796503));
#9060 = CARTESIAN_POINT('',(26.6,44.167295593006));
#9061 = CARTESIAN_POINT('',(26.6,3.634028930959E-16));
#9062 = ( GEOMETRIC_REPRESENTATION_CONTEXT(2) 
PARAMETRIC_REPRESENTATION_CONTEXT() REPRESENTATION_CONTEXT('2D SPACE',''
  ) );
#9063 = PCURVE('',#9030,#9064);
#9064 = DEFINITIONAL_REPRESENTATION('',(#9065),#9069);
#9065 = LINE('',#9066,#9067);
#9066 = CARTESIAN_POINT('',(0.,0.));
#9067 = VECTOR('',#9068,1.);
#9068 = DIRECTION('',(1.,0.));
#9069 = ( GEOMETRIC_REPRESENTATION_CONTEXT(2) 
PARAMETRIC_REPRESENTATION_CONTEXT() REPRESENTATION_CONTEXT('2D SPACE',''
  ) );
#9070 = ORIENTED_EDGE('',*,*,#9071,.F.);
#9071 = EDGE_CURVE('',#5981,#9044,#9072,.T.);
#9072 = SURFACE_CURVE('',#9073,(#9078,#9089),.PCURVE_S1.);
#9073 = CIRCLE('',#9074,26.6);
#9074 = AXIS2_PLACEMENT_3D('',#9075,#9076,#9077);
#9075 = CARTESIAN_POINT('',(2.6645352591E-15,8.881784197001E-16,2.));
#9076 = DIRECTION('',(0.,0.,-1.));
#9077 = DIRECTION('',(-1.,2.8095161389E-18,0.));
#9078 = PCURVE('',#1461,#9079);
#9079 = DEFINITIONAL_REPRESENTATION('',(#9080),#9088);
#9080 = ( BOUNDED_CURVE() B_SPLINE_CURVE(2,(#9081,#9082,#9083,#9084,
#9085,#9086,#9087),.UNSPECIFIED.,.T.,.F.) B_SPLINE_CURVE_WITH_KNOTS((1,2
    ,2,2,2,1),(-2.094395102393,0.,2.094395102393,4.188790204786,
6.28318530718,8.377580409573),.UNSPECIFIED.) CURVE() 
GEOMETRIC_REPRESENTATION_ITEM() RATIONAL_B_SPLINE_CURVE((1.,0.5,1.,0.5,
1.,0.5,1.)) REPRESENTATION_ITEM('') );
#9081 = CARTESIAN_POINT('',(-26.6,-2.744691334047E-15));
#9082 = CARTESIAN_POINT('',(-26.6,46.072551481332));
#9083 = CARTESIAN_POINT('',(13.3,23.036275740666));
#9084 = CARTESIAN_POINT('',(53.2,3.546230249533E-15));
#9085 = CARTESIAN_POINT('',(13.3,-23.03627574066));
#9086 = CARTESIAN_POINT('',(-26.6,-46.07255148133));
#9087 = CARTESIAN_POINT('',(-26.6,-2.744691334047E-15));
#9088 = ( GEOMETRIC_REPRESENTATION_CONTEXT(2) 
PARAMETRIC_REPRESENTATION_CONTEXT() REPRESENTATION_CONTEXT('2D SPACE',''
  ) );
#9089 = PCURVE('',#9090,#9095);
#9090 = CYLINDRICAL_SURFACE('',#9091,26.6);
#9091 = AXIS2_PLACEMENT_3D('',#9092,#9093,#9094);
#9092 = CARTESIAN_POINT('',(2.6645352591E-15,8.881784197001E-16,2.));
#9093 = DIRECTION('',(0.,0.,-1.));
#9094 = DIRECTION('',(-1.,2.8095161389E-18,0.));
#9095 = DEFINITIONAL_REPRESENTATION('',(#9096),#9100);
#9096 = LINE('',#9097,#9098);
#9097 = CARTESIAN_POINT('',(0.,0.));
#9098 = VECTOR('',#9099,1.);
#9099 = DIRECTION('',(1.,0.));
#9100 = ( GEOMETRIC_REPRESENTATION_CONTEXT(2) 
PARAMETRIC_REPRESENTATION_CONTEXT() REPRESENTATION_CONTEXT('2D SPACE',''
  ) );
#9101 = ORIENTED_EDGE('',*,*,#6009,.T.);
#9102 = ORIENTED_EDGE('',*,*,#9103,.F.);
#9103 = EDGE_CURVE('',#6995,#6010,#9104,.T.);
#9104 = SURFACE_CURVE('',#9105,(#9110,#9121),.PCURVE_S1.);
#9105 = CIRCLE('',#9106,26.6);
#9106 = AXIS2_PLACEMENT_3D('',#9107,#9108,#9109);
#9107 = CARTESIAN_POINT('',(2.6645352591E-15,8.881784197001E-16,2.));
#9108 = DIRECTION('',(0.,0.,-1.));
#9109 = DIRECTION('',(-1.,2.8095161389E-18,0.));
#9110 = PCURVE('',#1461,#9111);
#9111 = DEFINITIONAL_REPRESENTATION('',(#9112),#9120);
#9112 = ( BOUNDED_CURVE() B_SPLINE_CURVE(2,(#9113,#9114,#9115,#9116,
#9117,#9118,#9119),.UNSPECIFIED.,.T.,.F.) B_SPLINE_CURVE_WITH_KNOTS((1,2
    ,2,2,2,1),(-2.094395102393,0.,2.094395102393,4.188790204786,
6.28318530718,8.377580409573),.UNSPECIFIED.) CURVE() 
GEOMETRIC_REPRESENTATION_ITEM() RATIONAL_B_SPLINE_CURVE((1.,0.5,1.,0.5,
1.,0.5,1.)) REPRESENTATION_ITEM('') );
#9113 = CARTESIAN_POINT('',(-26.6,-2.744691334047E-15));
#9114 = CARTESIAN_POINT('',(-26.6,46.072551481332));
#9115 = CARTESIAN_POINT('',(13.3,23.036275740666));
#9116 = CARTESIAN_POINT('',(53.2,3.546230249533E-15));
#9117 = CARTESIAN_POINT('',(13.3,-23.03627574066));
#9118 = CARTESIAN_POINT('',(-26.6,-46.07255148133));
#9119 = CARTESIAN_POINT('',(-26.6,-2.744691334047E-15));
#9120 = ( GEOMETRIC_REPRESENTATION_CONTEXT(2) 
PARAMETRIC_REPRESENTATION_CONTEXT() REPRESENTATION_CONTEXT('2D SPACE',''
  ) );
#9121 = PCURVE('',#9090,#9122);
#9122 = DEFINITIONAL_REPRESENTATION('',(#9123),#9127);
#9123 = LINE('',#9124,#9125);
#9124 = CARTESIAN_POINT('',(0.,0.));
#9125 = VECTOR('',#9126,1.);
#9126 = DIRECTION('',(1.,0.));
#9127 = ( GEOMETRIC_REPRESENTATION_CONTEXT(2) 
PARAMETRIC_REPRESENTATION_CONTEXT() REPRESENTATION_CONTEXT('2D SPACE',''
  ) );
#9128 = ORIENTED_EDGE('',*,*,#7023,.T.);
#9129 = ORIENTED_EDGE('',*,*,#9130,.F.);
#9130 = EDGE_CURVE('',#4617,#7024,#9131,.T.);
#9131 = SURFACE_CURVE('',#9132,(#9137,#9148),.PCURVE_S1.);
#9132 = CIRCLE('',#9133,26.6);
#9133 = AXIS2_PLACEMENT_3D('',#9134,#9135,#9136);
#9134 = CARTESIAN_POINT('',(2.6645352591E-15,8.881784197001E-16,2.));
#9135 = DIRECTION('',(0.,0.,-1.));
#9136 = DIRECTION('',(-1.,2.8095161389E-18,0.));
#9137 = PCURVE('',#1461,#9138);
#9138 = DEFINITIONAL_REPRESENTATION('',(#9139),#9147);
#9139 = ( BOUNDED_CURVE() B_SPLINE_CURVE(2,(#9140,#9141,#9142,#9143,
#9144,#9145,#9146),.UNSPECIFIED.,.T.,.F.) B_SPLINE_CURVE_WITH_KNOTS((1,2
    ,2,2,2,1),(-2.094395102393,0.,2.094395102393,4.188790204786,
6.28318530718,8.377580409573),.UNSPECIFIED.) CURVE() 
GEOMETRIC_REPRESENTATION_ITEM() RATIONAL_B_SPLINE_CURVE((1.,0.5,1.,0.5,
1.,0.5,1.)) REPRESENTATION_ITEM('') );
#9140 = CARTESIAN_POINT('',(-26.6,-2.744691334047E-15));
#9141 = CARTESIAN_POINT('',(-26.6,46.072551481332));
#9142 = CARTESIAN_POINT('',(13.3,23.036275740666));
#9143 = CARTESIAN_POINT('',(53.2,3.546230249533E-15));
#9144 = CARTESIAN_POINT('',(13.3,-23.03627574066));
#9145 = CARTESIAN_POINT('',(-26.6,-46.07255148133));
#9146 = CARTESIAN_POINT('',(-26.6,-2.744691334047E-15));
#9147 = ( GEOMETRIC_REPRESENTATION_CONTEXT(2) 
PARAMETRIC_REPRESENTATION_CONTEXT() REPRESENTATION_CONTEXT('2D SPACE',''
  ) );
#9148 = PCURVE('',#9090,#9149);
#9149 = DEFINITIONAL_REPRESENTATION('',(#9150),#9154);
#9150 = LINE('',#9151,#9152);
#9151 = CARTESIAN_POINT('',(0.,0.));
#9152 = VECTOR('',#9153,1.);
#9153 = DIRECTION('',(1.,0.));
#9154 = ( GEOMETRIC_REPRESENTATION_CONTEXT(2) 
PARAMETRIC_REPRESENTATION_CONTEXT() REPRESENTATION_CONTEXT('2D SPACE',''
  ) );
#9155 = ORIENTED_EDGE('',*,*,#4645,.T.);
#9156 = ORIENTED_EDGE('',*,*,#9157,.F.);
#9157 = EDGE_CURVE('',#9158,#4646,#9160,.T.);
#9158 = VERTEX_POINT('',#9159);
#9159 = CARTESIAN_POINT('',(-26.6,9.629115489949E-16,2.));
#9160 = SURFACE_CURVE('',#9161,(#9166,#9177),.PCURVE_S1.);
#9161 = CIRCLE('',#9162,26.6);
#9162 = AXIS2_PLACEMENT_3D('',#9163,#9164,#9165);
#9163 = CARTESIAN_POINT('',(2.6645352591E-15,8.881784197001E-16,2.));
#9164 = DIRECTION('',(0.,0.,-1.));
#9165 = DIRECTION('',(-1.,2.8095161389E-18,0.));
#9166 = PCURVE('',#1461,#9167);
#9167 = DEFINITIONAL_REPRESENTATION('',(#9168),#9176);
#9168 = ( BOUNDED_CURVE() B_SPLINE_CURVE(2,(#9169,#9170,#9171,#9172,
#9173,#9174,#9175),.UNSPECIFIED.,.T.,.F.) B_SPLINE_CURVE_WITH_KNOTS((1,2
    ,2,2,2,1),(-2.094395102393,0.,2.094395102393,4.188790204786,
6.28318530718,8.377580409573),.UNSPECIFIED.) CURVE() 
GEOMETRIC_REPRESENTATION_ITEM() RATIONAL_B_SPLINE_CURVE((1.,0.5,1.,0.5,
1.,0.5,1.)) REPRESENTATION_ITEM('') );
#9169 = CARTESIAN_POINT('',(-26.6,-2.744691334047E-15));
#9170 = CARTESIAN_POINT('',(-26.6,46.072551481332));
#9171 = CARTESIAN_POINT('',(13.3,23.036275740666));
#9172 = CARTESIAN_POINT('',(53.2,3.546230249533E-15));
#9173 = CARTESIAN_POINT('',(13.3,-23.03627574066));
#9174 = CARTESIAN_POINT('',(-26.6,-46.07255148133));
#9175 = CARTESIAN_POINT('',(-26.6,-2.744691334047E-15));
#9176 = ( GEOMETRIC_REPRESENTATION_CONTEXT(2) 
PARAMETRIC_REPRESENTATION_CONTEXT() REPRESENTATION_CONTEXT('2D SPACE',''
  ) );
#9177 = PCURVE('',#9090,#9178);
#9178 = DEFINITIONAL_REPRESENTATION('',(#9179),#9183);
#9179 = LINE('',#9180,#9181);
#9180 = CARTESIAN_POINT('',(0.,0.));
#9181 = VECTOR('',#9182,1.);
#9182 = DIRECTION('',(1.,0.));
#9183 = ( GEOMETRIC_REPRESENTATION_CONTEXT(2) 
PARAMETRIC_REPRESENTATION_CONTEXT() REPRESENTATION_CONTEXT('2D SPACE',''
  ) );
#9184 = ORIENTED_EDGE('',*,*,#9185,.F.);
#9185 = EDGE_CURVE('',#1416,#9158,#9186,.T.);
#9186 = SURFACE_CURVE('',#9187,(#9192,#9203),.PCURVE_S1.);
#9187 = CIRCLE('',#9188,27.7);
#9188 = AXIS2_PLACEMENT_3D('',#9189,#9190,#9191);
#9189 = CARTESIAN_POINT('',(1.1,0.,2.));
#9190 = DIRECTION('',(0.,0.,-1.));
#9191 = DIRECTION('',(1.,2.868623801521E-16,0.));
#9192 = PCURVE('',#1461,#9193);
#9193 = DEFINITIONAL_REPRESENTATION('',(#9194),#9202);
#9194 = ( BOUNDED_CURVE() B_SPLINE_CURVE(2,(#9195,#9196,#9197,#9198,
#9199,#9200,#9201),.UNSPECIFIED.,.T.,.F.) B_SPLINE_CURVE_WITH_KNOTS((1,2
    ,2,2,2,1),(-2.094395102393,0.,2.094395102393,4.188790204786,
6.28318530718,8.377580409573),.UNSPECIFIED.) CURVE() 
GEOMETRIC_REPRESENTATION_ITEM() RATIONAL_B_SPLINE_CURVE((1.,0.5,1.,0.5,
1.,0.5,1.)) REPRESENTATION_ITEM('') );
#9195 = CARTESIAN_POINT('',(28.8,4.238485047172E-15));
#9196 = CARTESIAN_POINT('',(28.8,-47.97780736965));
#9197 = CARTESIAN_POINT('',(-12.75,-23.98890368482));
#9198 = CARTESIAN_POINT('',(-54.3,-2.638432201075E-14));
#9199 = CARTESIAN_POINT('',(-12.75,23.988903684829));
#9200 = CARTESIAN_POINT('',(28.8,47.977807369658));
#9201 = CARTESIAN_POINT('',(28.8,4.238485047172E-15));
#9202 = ( GEOMETRIC_REPRESENTATION_CONTEXT(2) 
PARAMETRIC_REPRESENTATION_CONTEXT() REPRESENTATION_CONTEXT('2D SPACE',''
  ) );
#9203 = PCURVE('',#8838,#9204);
#9204 = DEFINITIONAL_REPRESENTATION('',(#9205),#9209);
#9205 = LINE('',#9206,#9207);
#9206 = CARTESIAN_POINT('',(0.,0.));
#9207 = VECTOR('',#9208,1.);
#9208 = DIRECTION('',(1.,0.));
#9209 = ( GEOMETRIC_REPRESENTATION_CONTEXT(2) 
PARAMETRIC_REPRESENTATION_CONTEXT() REPRESENTATION_CONTEXT('2D SPACE',''
  ) );
#9210 = ORIENTED_EDGE('',*,*,#1444,.T.);
#9211 = ORIENTED_EDGE('',*,*,#9212,.F.);
#9212 = EDGE_CURVE('',#2436,#1445,#9213,.T.);
#9213 = SURFACE_CURVE('',#9214,(#9219,#9230),.PCURVE_S1.);
#9214 = CIRCLE('',#9215,27.7);
#9215 = AXIS2_PLACEMENT_3D('',#9216,#9217,#9218);
#9216 = CARTESIAN_POINT('',(1.1,0.,2.));
#9217 = DIRECTION('',(0.,0.,-1.));
#9218 = DIRECTION('',(1.,2.868623801521E-16,0.));
#9219 = PCURVE('',#1461,#9220);
#9220 = DEFINITIONAL_REPRESENTATION('',(#9221),#9229);
#9221 = ( BOUNDED_CURVE() B_SPLINE_CURVE(2,(#9222,#9223,#9224,#9225,
#9226,#9227,#9228),.UNSPECIFIED.,.T.,.F.) B_SPLINE_CURVE_WITH_KNOTS((1,2
    ,2,2,2,1),(-2.094395102393,0.,2.094395102393,4.188790204786,
6.28318530718,8.377580409573),.UNSPECIFIED.) CURVE() 
GEOMETRIC_REPRESENTATION_ITEM() RATIONAL_B_SPLINE_CURVE((1.,0.5,1.,0.5,
1.,0.5,1.)) REPRESENTATION_ITEM('') );
#9222 = CARTESIAN_POINT('',(28.8,4.238485047172E-15));
#9223 = CARTESIAN_POINT('',(28.8,-47.97780736965));
#9224 = CARTESIAN_POINT('',(-12.75,-23.98890368482));
#9225 = CARTESIAN_POINT('',(-54.3,-2.638432201075E-14));
#9226 = CARTESIAN_POINT('',(-12.75,23.988903684829));
#9227 = CARTESIAN_POINT('',(28.8,47.977807369658));
#9228 = CARTESIAN_POINT('',(28.8,4.238485047172E-15));
#9229 = ( GEOMETRIC_REPRESENTATION_CONTEXT(2) 
PARAMETRIC_REPRESENTATION_CONTEXT() REPRESENTATION_CONTEXT('2D SPACE',''
  ) );
#9230 = PCURVE('',#8838,#9231);
#9231 = DEFINITIONAL_REPRESENTATION('',(#9232),#9236);
#9232 = LINE('',#9233,#9234);
#9233 = CARTESIAN_POINT('',(0.,0.));
#9234 = VECTOR('',#9235,1.);
#9235 = DIRECTION('',(1.,0.));
#9236 = ( GEOMETRIC_REPRESENTATION_CONTEXT(2) 
PARAMETRIC_REPRESENTATION_CONTEXT() REPRESENTATION_CONTEXT('2D SPACE',''
  ) );
#9237 = ORIENTED_EDGE('',*,*,#2464,.T.);
#9238 = ORIENTED_EDGE('',*,*,#9239,.F.);
#9239 = EDGE_CURVE('',#9240,#2465,#9242,.T.);
#9240 = VERTEX_POINT('',#9241);
#9241 = CARTESIAN_POINT('',(-25.2,-1.848353599551E-15,2.));
#9242 = SURFACE_CURVE('',#9243,(#9248,#9255),.PCURVE_S1.);
#9243 = CIRCLE('',#9244,26.3);
#9244 = AXIS2_PLACEMENT_3D('',#9245,#9246,#9247);
#9245 = CARTESIAN_POINT('',(1.1,0.,2.));
#9246 = DIRECTION('',(0.,0.,1.));
#9247 = DIRECTION('',(-1.,-7.027960454567E-17,0.));
#9248 = PCURVE('',#1461,#9249);
#9249 = DEFINITIONAL_REPRESENTATION('',(#9250),#9254);
#9250 = CIRCLE('',#9251,26.3);
#9251 = AXIS2_PLACEMENT_2D('',#9252,#9253);
#9252 = CARTESIAN_POINT('',(1.1,-3.707602883041E-15));
#9253 = DIRECTION('',(-1.,-7.027960454567E-17));
#9254 = ( GEOMETRIC_REPRESENTATION_CONTEXT(2) 
PARAMETRIC_REPRESENTATION_CONTEXT() REPRESENTATION_CONTEXT('2D SPACE',''
  ) );
#9255 = PCURVE('',#9256,#9261);
#9256 = CYLINDRICAL_SURFACE('',#9257,26.3);
#9257 = AXIS2_PLACEMENT_3D('',#9258,#9259,#9260);
#9258 = CARTESIAN_POINT('',(1.1,0.,2.));
#9259 = DIRECTION('',(-0.,-0.,-1.));
#9260 = DIRECTION('',(-1.,-7.027960454567E-17,0.));
#9261 = DEFINITIONAL_REPRESENTATION('',(#9262),#9266);
#9262 = LINE('',#9263,#9264);
#9263 = CARTESIAN_POINT('',(-0.,0.));
#9264 = VECTOR('',#9265,1.);
#9265 = DIRECTION('',(-1.,0.));
#9266 = ( GEOMETRIC_REPRESENTATION_CONTEXT(2) 
PARAMETRIC_REPRESENTATION_CONTEXT() REPRESENTATION_CONTEXT('2D SPACE',''
  ) );
#9267 = ORIENTED_EDGE('',*,*,#9268,.F.);
#9268 = EDGE_CURVE('',#9269,#9240,#9271,.T.);
#9269 = VERTEX_POINT('',#9270);
#9270 = CARTESIAN_POINT('',(25.2,-2.170963824199E-15,2.));
#9271 = SURFACE_CURVE('',#9272,(#9277,#9284),.PCURVE_S1.);
#9272 = CIRCLE('',#9273,25.2);
#9273 = AXIS2_PLACEMENT_3D('',#9274,#9275,#9276);
#9274 = CARTESIAN_POINT('',(2.6645352591E-15,-3.552713678801E-15,2.));
#9275 = DIRECTION('',(0.,0.,1.));
#9276 = DIRECTION('',(1.,5.483134343659E-17,-0.));
#9277 = PCURVE('',#1461,#9278);
#9278 = DEFINITIONAL_REPRESENTATION('',(#9279),#9283);
#9279 = CIRCLE('',#9280,25.2);
#9280 = AXIS2_PLACEMENT_2D('',#9281,#9282);
#9281 = CARTESIAN_POINT('',(5.472540664957E-15,-7.260316561842E-15));
#9282 = DIRECTION('',(1.,5.483134343659E-17));
#9283 = ( GEOMETRIC_REPRESENTATION_CONTEXT(2) 
PARAMETRIC_REPRESENTATION_CONTEXT() REPRESENTATION_CONTEXT('2D SPACE',''
  ) );
#9284 = PCURVE('',#9285,#9290);
#9285 = CYLINDRICAL_SURFACE('',#9286,25.2);
#9286 = AXIS2_PLACEMENT_3D('',#9287,#9288,#9289);
#9287 = CARTESIAN_POINT('',(2.6645352591E-15,-3.552713678801E-15,2.));
#9288 = DIRECTION('',(-0.,-0.,-1.));
#9289 = DIRECTION('',(1.,5.483134343659E-17,-0.));
#9290 = DEFINITIONAL_REPRESENTATION('',(#9291),#9295);
#9291 = LINE('',#9292,#9293);
#9292 = CARTESIAN_POINT('',(-0.,0.));
#9293 = VECTOR('',#9294,1.);
#9294 = DIRECTION('',(-1.,0.));
#9295 = ( GEOMETRIC_REPRESENTATION_CONTEXT(2) 
PARAMETRIC_REPRESENTATION_CONTEXT() REPRESENTATION_CONTEXT('2D SPACE',''
  ) );
#9296 = ORIENTED_EDGE('',*,*,#9297,.F.);
#9297 = EDGE_CURVE('',#8856,#9269,#9298,.T.);
#9298 = SURFACE_CURVE('',#9299,(#9304,#9311),.PCURVE_S1.);
#9299 = CIRCLE('',#9300,24.1);
#9300 = AXIS2_PLACEMENT_3D('',#9301,#9302,#9303);
#9301 = CARTESIAN_POINT('',(1.1,-3.552713678801E-15,2.));
#9302 = DIRECTION('',(0.,0.,1.));
#9303 = DIRECTION('',(-1.,2.642905110722E-16,-0.));
#9304 = PCURVE('',#1461,#9305);
#9305 = DEFINITIONAL_REPRESENTATION('',(#9306),#9310);
#9306 = CIRCLE('',#9307,24.1);
#9307 = AXIS2_PLACEMENT_2D('',#9308,#9309);
#9308 = CARTESIAN_POINT('',(1.1,-7.260316561842E-15));
#9309 = DIRECTION('',(-1.,2.642905110722E-16));
#9310 = ( GEOMETRIC_REPRESENTATION_CONTEXT(2) 
PARAMETRIC_REPRESENTATION_CONTEXT() REPRESENTATION_CONTEXT('2D SPACE',''
  ) );
#9311 = PCURVE('',#9312,#9317);
#9312 = CYLINDRICAL_SURFACE('',#9313,24.1);
#9313 = AXIS2_PLACEMENT_3D('',#9314,#9315,#9316);
#9314 = CARTESIAN_POINT('',(1.1,-3.552713678801E-15,2.));
#9315 = DIRECTION('',(-0.,-0.,-1.));
#9316 = DIRECTION('',(-1.,2.642905110722E-16,-0.));
#9317 = DEFINITIONAL_REPRESENTATION('',(#9318),#9322);
#9318 = LINE('',#9319,#9320);
#9319 = CARTESIAN_POINT('',(-0.,0.));
#9320 = VECTOR('',#9321,1.);
#9321 = DIRECTION('',(-1.,0.));
#9322 = ( GEOMETRIC_REPRESENTATION_CONTEXT(2) 
PARAMETRIC_REPRESENTATION_CONTEXT() REPRESENTATION_CONTEXT('2D SPACE',''
  ) );
#9323 = FACE_BOUND('',#9324,.T.);
#9324 = EDGE_LOOP('',(#9325));
#9325 = ORIENTED_EDGE('',*,*,#9326,.F.);
#9326 = EDGE_CURVE('',#9327,#9327,#9329,.T.);
#9327 = VERTEX_POINT('',#9328);
#9328 = CARTESIAN_POINT('',(19.5,0.,2.));
#9329 = SURFACE_CURVE('',#9330,(#9335,#9342),.PCURVE_S1.);
#9330 = CIRCLE('',#9331,19.5);
#9331 = AXIS2_PLACEMENT_3D('',#9332,#9333,#9334);
#9332 = CARTESIAN_POINT('',(0.,0.,2.));
#9333 = DIRECTION('',(0.,0.,1.));
#9334 = DIRECTION('',(1.,0.,0.));
#9335 = PCURVE('',#1461,#9336);
#9336 = DEFINITIONAL_REPRESENTATION('',(#9337),#9341);
#9337 = CIRCLE('',#9338,19.5);
#9338 = AXIS2_PLACEMENT_2D('',#9339,#9340);
#9339 = CARTESIAN_POINT('',(2.808005405856E-15,-3.707602883041E-15));
#9340 = DIRECTION('',(1.,0.));
#9341 = ( GEOMETRIC_REPRESENTATION_CONTEXT(2) 
PARAMETRIC_REPRESENTATION_CONTEXT() REPRESENTATION_CONTEXT('2D SPACE',''
  ) );
#9342 = PCURVE('',#9343,#9348);
#9343 = CYLINDRICAL_SURFACE('',#9344,19.5);
#9344 = AXIS2_PLACEMENT_3D('',#9345,#9346,#9347);
#9345 = CARTESIAN_POINT('',(0.,0.,2.));
#9346 = DIRECTION('',(-0.,-0.,-1.));
#9347 = DIRECTION('',(1.,0.,0.));
#9348 = DEFINITIONAL_REPRESENTATION('',(#9349),#9353);
#9349 = LINE('',#9350,#9351);
#9350 = CARTESIAN_POINT('',(-0.,0.));
#9351 = VECTOR('',#9352,1.);
#9352 = DIRECTION('',(-1.,0.));
#9353 = ( GEOMETRIC_REPRESENTATION_CONTEXT(2) 
PARAMETRIC_REPRESENTATION_CONTEXT() REPRESENTATION_CONTEXT('2D SPACE',''
  ) );
#9354 = ADVANCED_FACE('',(#9355),#1518,.T.);
#9355 = FACE_BOUND('',#9356,.T.);
#9356 = EDGE_LOOP('',(#9357,#9379,#9380,#9406,#9407));
#9357 = ORIENTED_EDGE('',*,*,#9358,.F.);
#9358 = EDGE_CURVE('',#1478,#2408,#9359,.T.);
#9359 = SURFACE_CURVE('',#9360,(#9365,#9372),.PCURVE_S1.);
#9360 = CIRCLE('',#9361,28.5);
#9361 = AXIS2_PLACEMENT_3D('',#9362,#9363,#9364);
#9362 = CARTESIAN_POINT('',(1.1,3.552713678801E-15,2.));
#9363 = DIRECTION('',(0.,0.,1.));
#9364 = DIRECTION('',(-1.,-2.080751341941E-16,0.));
#9365 = PCURVE('',#1518,#9366);
#9366 = DEFINITIONAL_REPRESENTATION('',(#9367),#9371);
#9367 = CIRCLE('',#9368,28.5);
#9368 = AXIS2_PLACEMENT_2D('',#9369,#9370);
#9369 = CARTESIAN_POINT('',(1.1,-1.548892042409E-16));
#9370 = DIRECTION('',(-1.,-2.080751341941E-16));
#9371 = ( GEOMETRIC_REPRESENTATION_CONTEXT(2) 
PARAMETRIC_REPRESENTATION_CONTEXT() REPRESENTATION_CONTEXT('2D SPACE',''
  ) );
#9372 = PCURVE('',#8780,#9373);
#9373 = DEFINITIONAL_REPRESENTATION('',(#9374),#9378);
#9374 = LINE('',#9375,#9376);
#9375 = CARTESIAN_POINT('',(-0.,0.));
#9376 = VECTOR('',#9377,1.);
#9377 = DIRECTION('',(-1.,0.));
#9378 = ( GEOMETRIC_REPRESENTATION_CONTEXT(2) 
PARAMETRIC_REPRESENTATION_CONTEXT() REPRESENTATION_CONTEXT('2D SPACE',''
  ) );
#9379 = ORIENTED_EDGE('',*,*,#1501,.T.);
#9380 = ORIENTED_EDGE('',*,*,#9381,.F.);
#9381 = EDGE_CURVE('',#2915,#1502,#9382,.T.);
#9382 = SURFACE_CURVE('',#9383,(#9388,#9399),.PCURVE_S1.);
#9383 = CIRCLE('',#9384,29.9);
#9384 = AXIS2_PLACEMENT_3D('',#9385,#9386,#9387);
#9385 = CARTESIAN_POINT('',(1.1,-1.7763568394E-15,2.));
#9386 = DIRECTION('',(0.,0.,-1.));
#9387 = DIRECTION('',(1.,2.793089199885E-16,0.));
#9388 = PCURVE('',#1518,#9389);
#9389 = DEFINITIONAL_REPRESENTATION('',(#9390),#9398);
#9390 = ( BOUNDED_CURVE() B_SPLINE_CURVE(2,(#9391,#9392,#9393,#9394,
#9395,#9396,#9397),.UNSPECIFIED.,.T.,.F.) B_SPLINE_CURVE_WITH_KNOTS((1,2
    ,2,2,2,1),(-2.094395102393,0.,2.094395102393,4.188790204786,
6.28318530718,8.377580409573),.UNSPECIFIED.) CURVE() 
GEOMETRIC_REPRESENTATION_ITEM() RATIONAL_B_SPLINE_CURVE((1.,0.5,1.,0.5,
1.,0.5,1.)) REPRESENTATION_ITEM('') );
#9391 = CARTESIAN_POINT('',(31.,2.867376985213E-15));
#9392 = CARTESIAN_POINT('',(31.,-51.7883191463));
#9393 = CARTESIAN_POINT('',(-13.85,-25.89415957315));
#9394 = CARTESIAN_POINT('',(-58.7,-2.951002099665E-14));
#9395 = CARTESIAN_POINT('',(-13.85,25.894159573155));
#9396 = CARTESIAN_POINT('',(31.,51.788319146309));
#9397 = CARTESIAN_POINT('',(31.,2.867376985213E-15));
#9398 = ( GEOMETRIC_REPRESENTATION_CONTEXT(2) 
PARAMETRIC_REPRESENTATION_CONTEXT() REPRESENTATION_CONTEXT('2D SPACE',''
  ) );
#9399 = PCURVE('',#8660,#9400);
#9400 = DEFINITIONAL_REPRESENTATION('',(#9401),#9405);
#9401 = LINE('',#9402,#9403);
#9402 = CARTESIAN_POINT('',(0.,0.));
#9403 = VECTOR('',#9404,1.);
#9404 = DIRECTION('',(1.,0.));
#9405 = ( GEOMETRIC_REPRESENTATION_CONTEXT(2) 
PARAMETRIC_REPRESENTATION_CONTEXT() REPRESENTATION_CONTEXT('2D SPACE',''
  ) );
#9406 = ORIENTED_EDGE('',*,*,#2942,.T.);
#9407 = ORIENTED_EDGE('',*,*,#2407,.T.);
#9408 = ADVANCED_FACE('',(#9409),#1622,.T.);
#9409 = FACE_BOUND('',#9410,.T.);
#9410 = EDGE_LOOP('',(#9411,#9433,#9434,#9435,#9461,#9462,#9463,#9464));
#9411 = ORIENTED_EDGE('',*,*,#9412,.F.);
#9412 = EDGE_CURVE('',#5363,#7894,#9413,.T.);
#9413 = SURFACE_CURVE('',#9414,(#9419,#9426),.PCURVE_S1.);
#9414 = CIRCLE('',#9415,40.6);
#9415 = AXIS2_PLACEMENT_3D('',#9416,#9417,#9418);
#9416 = CARTESIAN_POINT('',(0.,-3.552713678801E-15,2.));
#9417 = DIRECTION('',(0.,0.,1.));
#9418 = DIRECTION('',(1.,1.112441602971E-17,-0.));
#9419 = PCURVE('',#1622,#9420);
#9420 = DEFINITIONAL_REPRESENTATION('',(#9421),#9425);
#9421 = CIRCLE('',#9422,40.6);
#9422 = AXIS2_PLACEMENT_2D('',#9423,#9424);
#9423 = CARTESIAN_POINT('',(2.808005405856E-15,-7.260316561842E-15));
#9424 = DIRECTION('',(1.,1.112441602971E-17));
#9425 = ( GEOMETRIC_REPRESENTATION_CONTEXT(2) 
PARAMETRIC_REPRESENTATION_CONTEXT() REPRESENTATION_CONTEXT('2D SPACE',''
  ) );
#9426 = PCURVE('',#7911,#9427);
#9427 = DEFINITIONAL_REPRESENTATION('',(#9428),#9432);
#9428 = LINE('',#9429,#9430);
#9429 = CARTESIAN_POINT('',(-0.,0.));
#9430 = VECTOR('',#9431,1.);
#9431 = DIRECTION('',(-1.,0.));
#9432 = ( GEOMETRIC_REPRESENTATION_CONTEXT(2) 
PARAMETRIC_REPRESENTATION_CONTEXT() REPRESENTATION_CONTEXT('2D SPACE',''
  ) );
#9433 = ORIENTED_EDGE('',*,*,#5385,.T.);
#9434 = ORIENTED_EDGE('',*,*,#5434,.T.);
#9435 = ORIENTED_EDGE('',*,*,#9436,.F.);
#9436 = EDGE_CURVE('',#8435,#5435,#9437,.T.);
#9437 = SURFACE_CURVE('',#9438,(#9443,#9454),.PCURVE_S1.);
#9438 = CIRCLE('',#9439,42.);
#9439 = AXIS2_PLACEMENT_3D('',#9440,#9441,#9442);
#9440 = CARTESIAN_POINT('',(5.329070518201E-15,8.881784197001E-15,2.));
#9441 = DIRECTION('',(0.,0.,-1.));
#9442 = DIRECTION('',(-1.,-1.679662986601E-16,-0.));
#9443 = PCURVE('',#1622,#9444);
#9444 = DEFINITIONAL_REPRESENTATION('',(#9445),#9453);
#9445 = ( BOUNDED_CURVE() B_SPLINE_CURVE(2,(#9446,#9447,#9448,#9449,
#9450,#9451,#9452),.UNSPECIFIED.,.T.,.F.) B_SPLINE_CURVE_WITH_KNOTS((1,2
    ,2,2,2,1),(-2.094395102393,0.,2.094395102393,4.188790204786,
6.28318530718,8.377580409573),.UNSPECIFIED.) CURVE() 
GEOMETRIC_REPRESENTATION_ITEM() RATIONAL_B_SPLINE_CURVE((1.,0.5,1.,0.5,
1.,0.5,1.)) REPRESENTATION_ITEM('') );
#9446 = CARTESIAN_POINT('',(-42.,-1.880403229766E-15));
#9447 = CARTESIAN_POINT('',(-42.,72.746133917893));
#9448 = CARTESIAN_POINT('',(21.,36.373066958946));
#9449 = CARTESIAN_POINT('',(84.,2.957038351425E-14));
#9450 = CARTESIAN_POINT('',(21.,-36.37306695894));
#9451 = CARTESIAN_POINT('',(-42.,-72.74613391789));
#9452 = CARTESIAN_POINT('',(-42.,-1.880403229766E-15));
#9453 = ( GEOMETRIC_REPRESENTATION_CONTEXT(2) 
PARAMETRIC_REPRESENTATION_CONTEXT() REPRESENTATION_CONTEXT('2D SPACE',''
  ) );
#9454 = PCURVE('',#8450,#9455);
#9455 = DEFINITIONAL_REPRESENTATION('',(#9456),#9460);
#9456 = LINE('',#9457,#9458);
#9457 = CARTESIAN_POINT('',(0.,0.));
#9458 = VECTOR('',#9459,1.);
#9459 = DIRECTION('',(1.,0.));
#9460 = ( GEOMETRIC_REPRESENTATION_CONTEXT(2) 
PARAMETRIC_REPRESENTATION_CONTEXT() REPRESENTATION_CONTEXT('2D SPACE',''
  ) );
#9461 = ORIENTED_EDGE('',*,*,#8462,.F.);
#9462 = ORIENTED_EDGE('',*,*,#2353,.T.);
#9463 = ORIENTED_EDGE('',*,*,#1606,.T.);
#9464 = ORIENTED_EDGE('',*,*,#8096,.F.);
#9465 = ADVANCED_FACE('',(#9466),#1650,.T.);
#9466 = FACE_BOUND('',#9467,.T.);
#9467 = EDGE_LOOP('',(#9468,#9495,#9496,#9497));
#9468 = ORIENTED_EDGE('',*,*,#9469,.F.);
#9469 = EDGE_CURVE('',#2169,#1635,#9470,.T.);
#9470 = SURFACE_CURVE('',#9471,(#9476,#9483),.PCURVE_S1.);
#9471 = CIRCLE('',#9472,40.9);
#9472 = AXIS2_PLACEMENT_3D('',#9473,#9474,#9475);
#9473 = CARTESIAN_POINT('',(1.1,3.552713678801E-15,2.));
#9474 = DIRECTION('',(-0.,0.,-1.));
#9475 = DIRECTION('',(1.,-2.749572604786E-17,-0.));
#9476 = PCURVE('',#1650,#9477);
#9477 = DEFINITIONAL_REPRESENTATION('',(#9478),#9482);
#9478 = CIRCLE('',#9479,40.9);
#9479 = AXIS2_PLACEMENT_2D('',#9480,#9481);
#9480 = CARTESIAN_POINT('',(36.077627944163,0.55));
#9481 = DIRECTION('',(0.866025403784,0.5));
#9482 = ( GEOMETRIC_REPRESENTATION_CONTEXT(2) 
PARAMETRIC_REPRESENTATION_CONTEXT() REPRESENTATION_CONTEXT('2D SPACE',''
  ) );
#9483 = PCURVE('',#9484,#9489);
#9484 = CYLINDRICAL_SURFACE('',#9485,40.9);
#9485 = AXIS2_PLACEMENT_3D('',#9486,#9487,#9488);
#9486 = CARTESIAN_POINT('',(1.1,3.552713678801E-15,2.));
#9487 = DIRECTION('',(-0.,0.,-1.));
#9488 = DIRECTION('',(1.,-2.749572604786E-17,-0.));
#9489 = DEFINITIONAL_REPRESENTATION('',(#9490),#9494);
#9490 = LINE('',#9491,#9492);
#9491 = CARTESIAN_POINT('',(0.,0.));
#9492 = VECTOR('',#9493,1.);
#9493 = DIRECTION('',(1.,0.));
#9494 = ( GEOMETRIC_REPRESENTATION_CONTEXT(2) 
PARAMETRIC_REPRESENTATION_CONTEXT() REPRESENTATION_CONTEXT('2D SPACE',''
  ) );
#9495 = ORIENTED_EDGE('',*,*,#2196,.T.);
#9496 = ORIENTED_EDGE('',*,*,#8070,.F.);
#9497 = ORIENTED_EDGE('',*,*,#1634,.T.);
#9498 = ADVANCED_FACE('',(#9499),#1678,.T.);
#9499 = FACE_BOUND('',#9500,.T.);
#9500 = EDGE_LOOP('',(#9501,#9530,#9531,#9564,#9590,#9591));
#9501 = ORIENTED_EDGE('',*,*,#9502,.F.);
#9502 = EDGE_CURVE('',#5317,#9503,#9505,.T.);
#9503 = VERTEX_POINT('',#9504);
#9504 = CARTESIAN_POINT('',(-38.4,1.225251764164E-14,2.));
#9505 = SURFACE_CURVE('',#9506,(#9511,#9518),.PCURVE_S1.);
#9506 = CIRCLE('',#9507,38.4);
#9507 = AXIS2_PLACEMENT_3D('',#9508,#9509,#9510);
#9508 = CARTESIAN_POINT('',(1.7763568394E-15,-5.329070518201E-15,2.));
#9509 = DIRECTION('',(0.,0.,1.));
#9510 = DIRECTION('',(1.,1.087000314356E-16,-0.));
#9511 = PCURVE('',#1678,#9512);
#9512 = DEFINITIONAL_REPRESENTATION('',(#9513),#9517);
#9513 = CIRCLE('',#9514,38.4);
#9514 = AXIS2_PLACEMENT_2D('',#9515,#9516);
#9515 = CARTESIAN_POINT('',(4.584362245257E-15,-9.036673401242E-15));
#9516 = DIRECTION('',(1.,1.087000314356E-16));
#9517 = ( GEOMETRIC_REPRESENTATION_CONTEXT(2) 
PARAMETRIC_REPRESENTATION_CONTEXT() REPRESENTATION_CONTEXT('2D SPACE',''
  ) );
#9518 = PCURVE('',#9519,#9524);
#9519 = CYLINDRICAL_SURFACE('',#9520,38.4);
#9520 = AXIS2_PLACEMENT_3D('',#9521,#9522,#9523);
#9521 = CARTESIAN_POINT('',(1.7763568394E-15,-5.329070518201E-15,2.));
#9522 = DIRECTION('',(-0.,-0.,-1.));
#9523 = DIRECTION('',(1.,1.087000314356E-16,-0.));
#9524 = DEFINITIONAL_REPRESENTATION('',(#9525),#9529);
#9525 = LINE('',#9526,#9527);
#9526 = CARTESIAN_POINT('',(-0.,0.));
#9527 = VECTOR('',#9528,1.);
#9528 = DIRECTION('',(-1.,0.));
#9529 = ( GEOMETRIC_REPRESENTATION_CONTEXT(2) 
PARAMETRIC_REPRESENTATION_CONTEXT() REPRESENTATION_CONTEXT('2D SPACE',''
  ) );
#9530 = ORIENTED_EDGE('',*,*,#5339,.T.);
#9531 = ORIENTED_EDGE('',*,*,#9532,.F.);
#9532 = EDGE_CURVE('',#9533,#5340,#9535,.T.);
#9533 = VERTEX_POINT('',#9534);
#9534 = CARTESIAN_POINT('',(-39.8,-3.315165343545E-16,2.));
#9535 = SURFACE_CURVE('',#9536,(#9541,#9552),.PCURVE_S1.);
#9536 = CIRCLE('',#9537,39.8);
#9537 = AXIS2_PLACEMENT_3D('',#9538,#9539,#9540);
#9538 = CARTESIAN_POINT('',(3.552713678801E-15,0.,2.));
#9539 = DIRECTION('',(0.,0.,-1.));
#9540 = DIRECTION('',(-1.,-8.329561164686E-18,-0.));
#9541 = PCURVE('',#1678,#9542);
#9542 = DEFINITIONAL_REPRESENTATION('',(#9543),#9551);
#9543 = ( BOUNDED_CURVE() B_SPLINE_CURVE(2,(#9544,#9545,#9546,#9547,
#9548,#9549,#9550),.UNSPECIFIED.,.T.,.F.) B_SPLINE_CURVE_WITH_KNOTS((1,2
    ,2,2,2,1),(-2.094395102393,0.,2.094395102393,4.188790204786,
6.28318530718,8.377580409573),.UNSPECIFIED.) CURVE() 
GEOMETRIC_REPRESENTATION_ITEM() RATIONAL_B_SPLINE_CURVE((1.,0.5,1.,0.5,
1.,0.5,1.)) REPRESENTATION_ITEM('') );
#9544 = CARTESIAN_POINT('',(-39.8,-4.039119417396E-15));
#9545 = CARTESIAN_POINT('',(-39.8,68.935622141241));
#9546 = CARTESIAN_POINT('',(19.9,34.467811070621));
#9547 = CARTESIAN_POINT('',(79.6,6.703618706881E-15));
#9548 = CARTESIAN_POINT('',(19.9,-34.46781107062));
#9549 = CARTESIAN_POINT('',(-39.8,-68.93562214124));
#9550 = CARTESIAN_POINT('',(-39.8,-4.039119417396E-15));
#9551 = ( GEOMETRIC_REPRESENTATION_CONTEXT(2) 
PARAMETRIC_REPRESENTATION_CONTEXT() REPRESENTATION_CONTEXT('2D SPACE',''
  ) );
#9552 = PCURVE('',#9553,#9558);
#9553 = CYLINDRICAL_SURFACE('',#9554,39.8);
#9554 = AXIS2_PLACEMENT_3D('',#9555,#9556,#9557);
#9555 = CARTESIAN_POINT('',(3.552713678801E-15,0.,2.));
#9556 = DIRECTION('',(0.,0.,-1.));
#9557 = DIRECTION('',(-1.,-8.329561164686E-18,-0.));
#9558 = DEFINITIONAL_REPRESENTATION('',(#9559),#9563);
#9559 = LINE('',#9560,#9561);
#9560 = CARTESIAN_POINT('',(0.,0.));
#9561 = VECTOR('',#9562,1.);
#9562 = DIRECTION('',(1.,0.));
#9563 = ( GEOMETRIC_REPRESENTATION_CONTEXT(2) 
PARAMETRIC_REPRESENTATION_CONTEXT() REPRESENTATION_CONTEXT('2D SPACE',''
  ) );
#9564 = ORIENTED_EDGE('',*,*,#9565,.F.);
#9565 = EDGE_CURVE('',#1635,#9533,#9566,.T.);
#9566 = SURFACE_CURVE('',#9567,(#9572,#9583),.PCURVE_S1.);
#9567 = CIRCLE('',#9568,40.9);
#9568 = AXIS2_PLACEMENT_3D('',#9569,#9570,#9571);
#9569 = CARTESIAN_POINT('',(1.1,3.552713678801E-15,2.));
#9570 = DIRECTION('',(-0.,0.,-1.));
#9571 = DIRECTION('',(1.,-2.749572604786E-17,-0.));
#9572 = PCURVE('',#1678,#9573);
#9573 = DEFINITIONAL_REPRESENTATION('',(#9574),#9582);
#9574 = ( BOUNDED_CURVE() B_SPLINE_CURVE(2,(#9575,#9576,#9577,#9578,
#9579,#9580,#9581),.UNSPECIFIED.,.T.,.F.) B_SPLINE_CURVE_WITH_KNOTS((1,2
    ,2,2,2,1),(-2.094395102393,0.,2.094395102393,4.188790204786,
6.28318530718,8.377580409573),.UNSPECIFIED.) CURVE() 
GEOMETRIC_REPRESENTATION_ITEM() RATIONAL_B_SPLINE_CURVE((1.,0.5,1.,0.5,
1.,0.5,1.)) REPRESENTATION_ITEM('') );
#9575 = CARTESIAN_POINT('',(42.,-1.279464399599E-15));
#9576 = CARTESIAN_POINT('',(42.,-70.84087802956));
#9577 = CARTESIAN_POINT('',(-19.35,-35.42043901478));
#9578 = CARTESIAN_POINT('',(-80.7,-7.923349630551E-15));
#9579 = CARTESIAN_POINT('',(-19.35,35.420439014784));
#9580 = CARTESIAN_POINT('',(42.,70.840878029567));
#9581 = CARTESIAN_POINT('',(42.,-1.279464399599E-15));
#9582 = ( GEOMETRIC_REPRESENTATION_CONTEXT(2) 
PARAMETRIC_REPRESENTATION_CONTEXT() REPRESENTATION_CONTEXT('2D SPACE',''
  ) );
#9583 = PCURVE('',#9484,#9584);
#9584 = DEFINITIONAL_REPRESENTATION('',(#9585),#9589);
#9585 = LINE('',#9586,#9587);
#9586 = CARTESIAN_POINT('',(0.,0.));
#9587 = VECTOR('',#9588,1.);
#9588 = DIRECTION('',(1.,0.));
#9589 = ( GEOMETRIC_REPRESENTATION_CONTEXT(2) 
PARAMETRIC_REPRESENTATION_CONTEXT() REPRESENTATION_CONTEXT('2D SPACE',''
  ) );
#9590 = ORIENTED_EDGE('',*,*,#1662,.T.);
#9591 = ORIENTED_EDGE('',*,*,#9592,.F.);
#9592 = EDGE_CURVE('',#9503,#1663,#9593,.T.);
#9593 = SURFACE_CURVE('',#9594,(#9599,#9606),.PCURVE_S1.);
#9594 = CIRCLE('',#9595,39.5);
#9595 = AXIS2_PLACEMENT_3D('',#9596,#9597,#9598);
#9596 = CARTESIAN_POINT('',(1.1,-1.7763568394E-15,2.));
#9597 = DIRECTION('',(0.,0.,1.));
#9598 = DIRECTION('',(-1.,3.551613792668E-16,-0.));
#9599 = PCURVE('',#1678,#9600);
#9600 = DEFINITIONAL_REPRESENTATION('',(#9601),#9605);
#9601 = CIRCLE('',#9602,39.5);
#9602 = AXIS2_PLACEMENT_2D('',#9603,#9604);
#9603 = CARTESIAN_POINT('',(1.1,-5.483959722442E-15));
#9604 = DIRECTION('',(-1.,3.551613792668E-16));
#9605 = ( GEOMETRIC_REPRESENTATION_CONTEXT(2) 
PARAMETRIC_REPRESENTATION_CONTEXT() REPRESENTATION_CONTEXT('2D SPACE',''
  ) );
#9606 = PCURVE('',#9607,#9612);
#9607 = CYLINDRICAL_SURFACE('',#9608,39.5);
#9608 = AXIS2_PLACEMENT_3D('',#9609,#9610,#9611);
#9609 = CARTESIAN_POINT('',(1.1,-1.7763568394E-15,2.));
#9610 = DIRECTION('',(-0.,-0.,-1.));
#9611 = DIRECTION('',(-1.,3.551613792668E-16,-0.));
#9612 = DEFINITIONAL_REPRESENTATION('',(#9613),#9617);
#9613 = LINE('',#9614,#9615);
#9614 = CARTESIAN_POINT('',(-0.,0.));
#9615 = VECTOR('',#9616,1.);
#9616 = DIRECTION('',(-1.,0.));
#9617 = ( GEOMETRIC_REPRESENTATION_CONTEXT(2) 
PARAMETRIC_REPRESENTATION_CONTEXT() REPRESENTATION_CONTEXT('2D SPACE',''
  ) );
#9618 = ADVANCED_FACE('',(#9619),#1706,.T.);
#9619 = FACE_BOUND('',#9620,.T.);
#9620 = EDGE_LOOP('',(#9621,#9648,#9649,#9675));
#9621 = ORIENTED_EDGE('',*,*,#9622,.F.);
#9622 = EDGE_CURVE('',#2118,#1691,#9623,.T.);
#9623 = SURFACE_CURVE('',#9624,(#9629,#9636),.PCURVE_S1.);
#9624 = CIRCLE('',#9625,38.7);
#9625 = AXIS2_PLACEMENT_3D('',#9626,#9627,#9628);
#9626 = CARTESIAN_POINT('',(1.1,1.7763568394E-15,2.));
#9627 = DIRECTION('',(0.,0.,-1.));
#9628 = DIRECTION('',(1.,8.861121332198E-17,0.));
#9629 = PCURVE('',#1706,#9630);
#9630 = DEFINITIONAL_REPRESENTATION('',(#9631),#9635);
#9631 = CIRCLE('',#9632,38.7);
#9632 = AXIS2_PLACEMENT_2D('',#9633,#9634);
#9633 = CARTESIAN_POINT('',(36.077627944163,0.55));
#9634 = DIRECTION('',(0.866025403784,0.5));
#9635 = ( GEOMETRIC_REPRESENTATION_CONTEXT(2) 
PARAMETRIC_REPRESENTATION_CONTEXT() REPRESENTATION_CONTEXT('2D SPACE',''
  ) );
#9636 = PCURVE('',#9637,#9642);
#9637 = CYLINDRICAL_SURFACE('',#9638,38.7);
#9638 = AXIS2_PLACEMENT_3D('',#9639,#9640,#9641);
#9639 = CARTESIAN_POINT('',(1.1,1.7763568394E-15,2.));
#9640 = DIRECTION('',(0.,0.,-1.));
#9641 = DIRECTION('',(1.,8.861121332198E-17,0.));
#9642 = DEFINITIONAL_REPRESENTATION('',(#9643),#9647);
#9643 = LINE('',#9644,#9645);
#9644 = CARTESIAN_POINT('',(0.,0.));
#9645 = VECTOR('',#9646,1.);
#9646 = DIRECTION('',(1.,0.));
#9647 = ( GEOMETRIC_REPRESENTATION_CONTEXT(2) 
PARAMETRIC_REPRESENTATION_CONTEXT() REPRESENTATION_CONTEXT('2D SPACE',''
  ) );
#9648 = ORIENTED_EDGE('',*,*,#2145,.T.);
#9649 = ORIENTED_EDGE('',*,*,#9650,.F.);
#9650 = EDGE_CURVE('',#1663,#2146,#9651,.T.);
#9651 = SURFACE_CURVE('',#9652,(#9657,#9668),.PCURVE_S1.);
#9652 = CIRCLE('',#9653,39.5);
#9653 = AXIS2_PLACEMENT_3D('',#9654,#9655,#9656);
#9654 = CARTESIAN_POINT('',(1.1,-1.7763568394E-15,2.));
#9655 = DIRECTION('',(0.,0.,1.));
#9656 = DIRECTION('',(-1.,3.551613792668E-16,-0.));
#9657 = PCURVE('',#1706,#9658);
#9658 = DEFINITIONAL_REPRESENTATION('',(#9659),#9667);
#9659 = ( BOUNDED_CURVE() B_SPLINE_CURVE(2,(#9660,#9661,#9662,#9663,
#9664,#9665,#9666),.UNSPECIFIED.,.T.,.F.) B_SPLINE_CURVE_WITH_KNOTS((1,2
    ,2,2,2,1),(-2.094395102393,0.,2.094395102393,4.188790204786,
6.28318530718,8.377580409573),.UNSPECIFIED.) CURVE() 
GEOMETRIC_REPRESENTATION_ITEM() RATIONAL_B_SPLINE_CURVE((1.,0.5,1.,0.5,
1.,0.5,1.)) REPRESENTATION_ITEM('') );
#9660 = CARTESIAN_POINT('',(1.869624494678,-19.2));
#9661 = CARTESIAN_POINT('',(-32.3383789548,40.05));
#9662 = CARTESIAN_POINT('',(36.077627944163,40.05));
#9663 = CARTESIAN_POINT('',(104.49363484313,40.05));
#9664 = CARTESIAN_POINT('',(70.285631393648,-19.2));
#9665 = CARTESIAN_POINT('',(36.077627944163,-78.45));
#9666 = CARTESIAN_POINT('',(1.869624494678,-19.2));
#9667 = ( GEOMETRIC_REPRESENTATION_CONTEXT(2) 
PARAMETRIC_REPRESENTATION_CONTEXT() REPRESENTATION_CONTEXT('2D SPACE',''
  ) );
#9668 = PCURVE('',#9607,#9669);
#9669 = DEFINITIONAL_REPRESENTATION('',(#9670),#9674);
#9670 = LINE('',#9671,#9672);
#9671 = CARTESIAN_POINT('',(-0.,0.));
#9672 = VECTOR('',#9673,1.);
#9673 = DIRECTION('',(-1.,0.));
#9674 = ( GEOMETRIC_REPRESENTATION_CONTEXT(2) 
PARAMETRIC_REPRESENTATION_CONTEXT() REPRESENTATION_CONTEXT('2D SPACE',''
  ) );
#9675 = ORIENTED_EDGE('',*,*,#1690,.T.);
#9676 = ADVANCED_FACE('',(#9677),#1734,.T.);
#9677 = FACE_BOUND('',#9678,.T.);
#9678 = EDGE_LOOP('',(#9679,#9708,#9709,#9742,#9768,#9769));
#9679 = ORIENTED_EDGE('',*,*,#9680,.F.);
#9680 = EDGE_CURVE('',#5271,#9681,#9683,.T.);
#9681 = VERTEX_POINT('',#9682);
#9682 = CARTESIAN_POINT('',(-36.2,6.046156920059E-15,2.));
#9683 = SURFACE_CURVE('',#9684,(#9689,#9696),.PCURVE_S1.);
#9684 = CIRCLE('',#9685,36.2);
#9685 = AXIS2_PLACEMENT_3D('',#9686,#9687,#9688);
#9686 = CARTESIAN_POINT('',(-3.552713678801E-15,5.329070518201E-15,2.));
#9687 = DIRECTION('',(0.,0.,1.));
#9688 = DIRECTION('',(1.,-3.414335465613E-16,0.));
#9689 = PCURVE('',#1734,#9690);
#9690 = DEFINITIONAL_REPRESENTATION('',(#9691),#9695);
#9691 = CIRCLE('',#9692,36.2);
#9692 = AXIS2_PLACEMENT_2D('',#9693,#9694);
#9693 = CARTESIAN_POINT('',(-7.447082729441E-16,1.621467635159E-15));
#9694 = DIRECTION('',(1.,-3.414335465613E-16));
#9695 = ( GEOMETRIC_REPRESENTATION_CONTEXT(2) 
PARAMETRIC_REPRESENTATION_CONTEXT() REPRESENTATION_CONTEXT('2D SPACE',''
  ) );
#9696 = PCURVE('',#9697,#9702);
#9697 = CYLINDRICAL_SURFACE('',#9698,36.2);
#9698 = AXIS2_PLACEMENT_3D('',#9699,#9700,#9701);
#9699 = CARTESIAN_POINT('',(-3.552713678801E-15,5.329070518201E-15,2.));
#9700 = DIRECTION('',(-0.,-0.,-1.));
#9701 = DIRECTION('',(1.,-3.414335465613E-16,0.));
#9702 = DEFINITIONAL_REPRESENTATION('',(#9703),#9707);
#9703 = LINE('',#9704,#9705);
#9704 = CARTESIAN_POINT('',(-0.,0.));
#9705 = VECTOR('',#9706,1.);
#9706 = DIRECTION('',(-1.,0.));
#9707 = ( GEOMETRIC_REPRESENTATION_CONTEXT(2) 
PARAMETRIC_REPRESENTATION_CONTEXT() REPRESENTATION_CONTEXT('2D SPACE',''
  ) );
#9708 = ORIENTED_EDGE('',*,*,#5293,.T.);
#9709 = ORIENTED_EDGE('',*,*,#9710,.F.);
#9710 = EDGE_CURVE('',#9711,#5294,#9713,.T.);
#9711 = VERTEX_POINT('',#9712);
#9712 = CARTESIAN_POINT('',(-37.6,-6.392280228861E-15,2.));
#9713 = SURFACE_CURVE('',#9714,(#9719,#9730),.PCURVE_S1.);
#9714 = CIRCLE('',#9715,37.6);
#9715 = AXIS2_PLACEMENT_3D('',#9716,#9717,#9718);
#9716 = CARTESIAN_POINT('',(-1.7763568394E-15,-1.7763568394E-15,2.));
#9717 = DIRECTION('',(0.,0.,-1.));
#9718 = DIRECTION('',(-1.,-1.227639199325E-16,-0.));
#9719 = PCURVE('',#1734,#9720);
#9720 = DEFINITIONAL_REPRESENTATION('',(#9721),#9729);
#9721 = ( BOUNDED_CURVE() B_SPLINE_CURVE(2,(#9722,#9723,#9724,#9725,
#9726,#9727,#9728),.UNSPECIFIED.,.T.,.F.) B_SPLINE_CURVE_WITH_KNOTS((1,2
    ,2,2,2,1),(-2.094395102393,0.,2.094395102393,4.188790204786,
6.28318530718,8.377580409573),.UNSPECIFIED.) CURVE() 
GEOMETRIC_REPRESENTATION_ITEM() RATIONAL_B_SPLINE_CURVE((1.,0.5,1.,0.5,
1.,0.5,1.)) REPRESENTATION_ITEM('') );
#9722 = CARTESIAN_POINT('',(-37.6,-1.00998831119E-14));
#9723 = CARTESIAN_POINT('',(-37.6,65.12511036459));
#9724 = CARTESIAN_POINT('',(18.8,32.562555182295));
#9725 = CARTESIAN_POINT('',(75.2,1.295723098607E-14));
#9726 = CARTESIAN_POINT('',(18.8,-32.56255518229));
#9727 = CARTESIAN_POINT('',(-37.6,-65.12511036459));
#9728 = CARTESIAN_POINT('',(-37.6,-1.00998831119E-14));
#9729 = ( GEOMETRIC_REPRESENTATION_CONTEXT(2) 
PARAMETRIC_REPRESENTATION_CONTEXT() REPRESENTATION_CONTEXT('2D SPACE',''
  ) );
#9730 = PCURVE('',#9731,#9736);
#9731 = CYLINDRICAL_SURFACE('',#9732,37.6);
#9732 = AXIS2_PLACEMENT_3D('',#9733,#9734,#9735);
#9733 = CARTESIAN_POINT('',(-1.7763568394E-15,-1.7763568394E-15,2.));
#9734 = DIRECTION('',(0.,0.,-1.));
#9735 = DIRECTION('',(-1.,-1.227639199325E-16,-0.));
#9736 = DEFINITIONAL_REPRESENTATION('',(#9737),#9741);
#9737 = LINE('',#9738,#9739);
#9738 = CARTESIAN_POINT('',(0.,0.));
#9739 = VECTOR('',#9740,1.);
#9740 = DIRECTION('',(1.,0.));
#9741 = ( GEOMETRIC_REPRESENTATION_CONTEXT(2) 
PARAMETRIC_REPRESENTATION_CONTEXT() REPRESENTATION_CONTEXT('2D SPACE',''
  ) );
#9742 = ORIENTED_EDGE('',*,*,#9743,.F.);
#9743 = EDGE_CURVE('',#1691,#9711,#9744,.T.);
#9744 = SURFACE_CURVE('',#9745,(#9750,#9761),.PCURVE_S1.);
#9745 = CIRCLE('',#9746,38.7);
#9746 = AXIS2_PLACEMENT_3D('',#9747,#9748,#9749);
#9747 = CARTESIAN_POINT('',(1.1,1.7763568394E-15,2.));
#9748 = DIRECTION('',(0.,0.,-1.));
#9749 = DIRECTION('',(1.,8.861121332198E-17,0.));
#9750 = PCURVE('',#1734,#9751);
#9751 = DEFINITIONAL_REPRESENTATION('',(#9752),#9760);
#9752 = ( BOUNDED_CURVE() B_SPLINE_CURVE(2,(#9753,#9754,#9755,#9756,
#9757,#9758,#9759),.UNSPECIFIED.,.T.,.F.) B_SPLINE_CURVE_WITH_KNOTS((1,2
    ,2,2,2,1),(-2.094395102393,0.,2.094395102393,4.188790204786,
6.28318530718,8.377580409573),.UNSPECIFIED.) CURVE() 
GEOMETRIC_REPRESENTATION_ITEM() RATIONAL_B_SPLINE_CURVE((1.,0.5,1.,0.5,
1.,0.5,1.)) REPRESENTATION_ITEM('') );
#9753 = CARTESIAN_POINT('',(39.8,1.49800791192E-15));
#9754 = CARTESIAN_POINT('',(39.8,-67.03036625291));
#9755 = CARTESIAN_POINT('',(-18.25,-33.51518312645));
#9756 = CARTESIAN_POINT('',(-76.3,-1.826852018016E-14));
#9757 = CARTESIAN_POINT('',(-18.25,33.515183126458));
#9758 = CARTESIAN_POINT('',(39.8,67.030366252916));
#9759 = CARTESIAN_POINT('',(39.8,1.49800791192E-15));
#9760 = ( GEOMETRIC_REPRESENTATION_CONTEXT(2) 
PARAMETRIC_REPRESENTATION_CONTEXT() REPRESENTATION_CONTEXT('2D SPACE',''
  ) );
#9761 = PCURVE('',#9637,#9762);
#9762 = DEFINITIONAL_REPRESENTATION('',(#9763),#9767);
#9763 = LINE('',#9764,#9765);
#9764 = CARTESIAN_POINT('',(0.,0.));
#9765 = VECTOR('',#9766,1.);
#9766 = DIRECTION('',(1.,0.));
#9767 = ( GEOMETRIC_REPRESENTATION_CONTEXT(2) 
PARAMETRIC_REPRESENTATION_CONTEXT() REPRESENTATION_CONTEXT('2D SPACE',''
  ) );
#9768 = ORIENTED_EDGE('',*,*,#1718,.T.);
#9769 = ORIENTED_EDGE('',*,*,#9770,.F.);
#9770 = EDGE_CURVE('',#9681,#1719,#9771,.T.);
#9771 = SURFACE_CURVE('',#9772,(#9777,#9784),.PCURVE_S1.);
#9772 = CIRCLE('',#9773,37.3);
#9773 = AXIS2_PLACEMENT_3D('',#9774,#9775,#9776);
#9774 = CARTESIAN_POINT('',(1.1,-3.552713678801E-15,2.));
#9775 = DIRECTION('',(0.,0.,1.));
#9776 = DIRECTION('',(-1.,2.573423753046E-16,-0.));
#9777 = PCURVE('',#1734,#9778);
#9778 = DEFINITIONAL_REPRESENTATION('',(#9779),#9783);
#9779 = CIRCLE('',#9780,37.3);
#9780 = AXIS2_PLACEMENT_2D('',#9781,#9782);
#9781 = CARTESIAN_POINT('',(1.1,-7.260316561842E-15));
#9782 = DIRECTION('',(-1.,2.573423753046E-16));
#9783 = ( GEOMETRIC_REPRESENTATION_CONTEXT(2) 
PARAMETRIC_REPRESENTATION_CONTEXT() REPRESENTATION_CONTEXT('2D SPACE',''
  ) );
#9784 = PCURVE('',#9785,#9790);
#9785 = CYLINDRICAL_SURFACE('',#9786,37.3);
#9786 = AXIS2_PLACEMENT_3D('',#9787,#9788,#9789);
#9787 = CARTESIAN_POINT('',(1.1,-3.552713678801E-15,2.));
#9788 = DIRECTION('',(-0.,-0.,-1.));
#9789 = DIRECTION('',(-1.,2.573423753046E-16,-0.));
#9790 = DEFINITIONAL_REPRESENTATION('',(#9791),#9795);
#9791 = LINE('',#9792,#9793);
#9792 = CARTESIAN_POINT('',(-0.,0.));
#9793 = VECTOR('',#9794,1.);
#9794 = DIRECTION('',(-1.,0.));
#9795 = ( GEOMETRIC_REPRESENTATION_CONTEXT(2) 
PARAMETRIC_REPRESENTATION_CONTEXT() REPRESENTATION_CONTEXT('2D SPACE',''
  ) );
#9796 = ADVANCED_FACE('',(#9797),#1762,.T.);
#9797 = FACE_BOUND('',#9798,.T.);
#9798 = EDGE_LOOP('',(#9799,#9826,#9827,#9853));
#9799 = ORIENTED_EDGE('',*,*,#9800,.F.);
#9800 = EDGE_CURVE('',#2067,#1747,#9801,.T.);
#9801 = SURFACE_CURVE('',#9802,(#9807,#9814),.PCURVE_S1.);
#9802 = CIRCLE('',#9803,36.5);
#9803 = AXIS2_PLACEMENT_3D('',#9804,#9805,#9806);
#9804 = CARTESIAN_POINT('',(1.1,-7.105427357601E-15,2.));
#9805 = DIRECTION('',(0.,0.,-1.));
#9806 = DIRECTION('',(1.,3.98620982807E-16,0.));
#9807 = PCURVE('',#1762,#9808);
#9808 = DEFINITIONAL_REPRESENTATION('',(#9809),#9813);
#9809 = CIRCLE('',#9810,36.5);
#9810 = AXIS2_PLACEMENT_2D('',#9811,#9812);
#9811 = CARTESIAN_POINT('',(36.077627944163,0.55));
#9812 = DIRECTION('',(0.866025403784,0.5));
#9813 = ( GEOMETRIC_REPRESENTATION_CONTEXT(2) 
PARAMETRIC_REPRESENTATION_CONTEXT() REPRESENTATION_CONTEXT('2D SPACE',''
  ) );
#9814 = PCURVE('',#9815,#9820);
#9815 = CYLINDRICAL_SURFACE('',#9816,36.5);
#9816 = AXIS2_PLACEMENT_3D('',#9817,#9818,#9819);
#9817 = CARTESIAN_POINT('',(1.1,-7.105427357601E-15,2.));
#9818 = DIRECTION('',(0.,0.,-1.));
#9819 = DIRECTION('',(1.,3.98620982807E-16,0.));
#9820 = DEFINITIONAL_REPRESENTATION('',(#9821),#9825);
#9821 = LINE('',#9822,#9823);
#9822 = CARTESIAN_POINT('',(0.,0.));
#9823 = VECTOR('',#9824,1.);
#9824 = DIRECTION('',(1.,0.));
#9825 = ( GEOMETRIC_REPRESENTATION_CONTEXT(2) 
PARAMETRIC_REPRESENTATION_CONTEXT() REPRESENTATION_CONTEXT('2D SPACE',''
  ) );
#9826 = ORIENTED_EDGE('',*,*,#2094,.T.);
#9827 = ORIENTED_EDGE('',*,*,#9828,.F.);
#9828 = EDGE_CURVE('',#1719,#2095,#9829,.T.);
#9829 = SURFACE_CURVE('',#9830,(#9835,#9846),.PCURVE_S1.);
#9830 = CIRCLE('',#9831,37.3);
#9831 = AXIS2_PLACEMENT_3D('',#9832,#9833,#9834);
#9832 = CARTESIAN_POINT('',(1.1,-3.552713678801E-15,2.));
#9833 = DIRECTION('',(0.,0.,1.));
#9834 = DIRECTION('',(-1.,2.573423753046E-16,-0.));
#9835 = PCURVE('',#1762,#9836);
#9836 = DEFINITIONAL_REPRESENTATION('',(#9837),#9845);
#9837 = ( BOUNDED_CURVE() B_SPLINE_CURVE(2,(#9838,#9839,#9840,#9841,
#9842,#9843,#9844),.UNSPECIFIED.,.T.,.F.) B_SPLINE_CURVE_WITH_KNOTS((1,2
    ,2,2,2,1),(-2.094395102393,0.,2.094395102393,4.188790204786,
6.28318530718,8.377580409573),.UNSPECIFIED.) CURVE() 
GEOMETRIC_REPRESENTATION_ITEM() RATIONAL_B_SPLINE_CURVE((1.,0.5,1.,0.5,
1.,0.5,1.)) REPRESENTATION_ITEM('') );
#9838 = CARTESIAN_POINT('',(3.774880383003,-18.1));
#9839 = CARTESIAN_POINT('',(-28.52786717815,37.85));
#9840 = CARTESIAN_POINT('',(36.077627944163,37.85));
#9841 = CARTESIAN_POINT('',(100.68312306648,37.85));
#9842 = CARTESIAN_POINT('',(68.380375505322,-18.1));
#9843 = CARTESIAN_POINT('',(36.077627944163,-74.05));
#9844 = CARTESIAN_POINT('',(3.774880383003,-18.1));
#9845 = ( GEOMETRIC_REPRESENTATION_CONTEXT(2) 
PARAMETRIC_REPRESENTATION_CONTEXT() REPRESENTATION_CONTEXT('2D SPACE',''
  ) );
#9846 = PCURVE('',#9785,#9847);
#9847 = DEFINITIONAL_REPRESENTATION('',(#9848),#9852);
#9848 = LINE('',#9849,#9850);
#9849 = CARTESIAN_POINT('',(-0.,0.));
#9850 = VECTOR('',#9851,1.);
#9851 = DIRECTION('',(-1.,0.));
#9852 = ( GEOMETRIC_REPRESENTATION_CONTEXT(2) 
PARAMETRIC_REPRESENTATION_CONTEXT() REPRESENTATION_CONTEXT('2D SPACE',''
  ) );
#9853 = ORIENTED_EDGE('',*,*,#1746,.T.);
#9854 = ADVANCED_FACE('',(#9855),#1790,.T.);
#9855 = FACE_BOUND('',#9856,.T.);
#9856 = EDGE_LOOP('',(#9857,#9886,#9887,#9920,#9946,#9947));
#9857 = ORIENTED_EDGE('',*,*,#9858,.F.);
#9858 = EDGE_CURVE('',#5225,#9859,#9861,.T.);
#9859 = VERTEX_POINT('',#9860);
#9860 = CARTESIAN_POINT('',(-34.,6.28502728111E-15,2.));
#9861 = SURFACE_CURVE('',#9862,(#9867,#9874),.PCURVE_S1.);
#9862 = CIRCLE('',#9863,34.);
#9863 = AXIS2_PLACEMENT_3D('',#9864,#9865,#9866);
#9864 = CARTESIAN_POINT('',(3.552713678801E-15,-3.552713678801E-15,2.));
#9865 = DIRECTION('',(0.,0.,1.));
#9866 = DIRECTION('',(1.,-1.668806424356E-16,0.));
#9867 = PCURVE('',#1790,#9868);
#9868 = DEFINITIONAL_REPRESENTATION('',(#9869),#9873);
#9869 = CIRCLE('',#9870,34.);
#9870 = AXIS2_PLACEMENT_2D('',#9871,#9872);
#9871 = CARTESIAN_POINT('',(6.360719084657E-15,-7.260316561842E-15));
#9872 = DIRECTION('',(1.,-1.668806424356E-16));
#9873 = ( GEOMETRIC_REPRESENTATION_CONTEXT(2) 
PARAMETRIC_REPRESENTATION_CONTEXT() REPRESENTATION_CONTEXT('2D SPACE',''
  ) );
#9874 = PCURVE('',#9875,#9880);
#9875 = CYLINDRICAL_SURFACE('',#9876,34.);
#9876 = AXIS2_PLACEMENT_3D('',#9877,#9878,#9879);
#9877 = CARTESIAN_POINT('',(3.552713678801E-15,-3.552713678801E-15,2.));
#9878 = DIRECTION('',(-0.,-0.,-1.));
#9879 = DIRECTION('',(1.,-1.668806424356E-16,0.));
#9880 = DEFINITIONAL_REPRESENTATION('',(#9881),#9885);
#9881 = LINE('',#9882,#9883);
#9882 = CARTESIAN_POINT('',(-0.,0.));
#9883 = VECTOR('',#9884,1.);
#9884 = DIRECTION('',(-1.,0.));
#9885 = ( GEOMETRIC_REPRESENTATION_CONTEXT(2) 
PARAMETRIC_REPRESENTATION_CONTEXT() REPRESENTATION_CONTEXT('2D SPACE',''
  ) );
#9886 = ORIENTED_EDGE('',*,*,#5247,.T.);
#9887 = ORIENTED_EDGE('',*,*,#9888,.F.);
#9888 = EDGE_CURVE('',#9889,#5248,#9891,.T.);
#9889 = VERTEX_POINT('',#9890);
#9890 = CARTESIAN_POINT('',(-35.4,-9.915797887417E-15,2.));
#9891 = SURFACE_CURVE('',#9892,(#9897,#9908),.PCURVE_S1.);
#9892 = CIRCLE('',#9893,35.4);
#9893 = AXIS2_PLACEMENT_3D('',#9894,#9895,#9896);
#9894 = CARTESIAN_POINT('',(-1.7763568394E-15,-1.7763568394E-15,2.));
#9895 = DIRECTION('',(0.,0.,-1.));
#9896 = DIRECTION('',(-1.,-2.299277132208E-16,-0.));
#9897 = PCURVE('',#1790,#9898);
#9898 = DEFINITIONAL_REPRESENTATION('',(#9899),#9907);
#9899 = ( BOUNDED_CURVE() B_SPLINE_CURVE(2,(#9900,#9901,#9902,#9903,
#9904,#9905,#9906),.UNSPECIFIED.,.T.,.F.) B_SPLINE_CURVE_WITH_KNOTS((1,2
    ,2,2,2,1),(-2.094395102393,0.,2.094395102393,4.188790204786,
6.28318530718,8.377580409573),.UNSPECIFIED.) CURVE() 
GEOMETRIC_REPRESENTATION_ITEM() RATIONAL_B_SPLINE_CURVE((1.,0.5,1.,0.5,
1.,0.5,1.)) REPRESENTATION_ITEM('') );
#9900 = CARTESIAN_POINT('',(-35.4,-1.362340077046E-14));
#9901 = CARTESIAN_POINT('',(-35.4,61.314598587938));
#9902 = CARTESIAN_POINT('',(17.7,30.657299293969));
#9903 = CARTESIAN_POINT('',(70.8,1.946542171155E-14));
#9904 = CARTESIAN_POINT('',(17.7,-30.65729929396));
#9905 = CARTESIAN_POINT('',(-35.4,-61.31459858793));
#9906 = CARTESIAN_POINT('',(-35.4,-1.362340077046E-14));
#9907 = ( GEOMETRIC_REPRESENTATION_CONTEXT(2) 
PARAMETRIC_REPRESENTATION_CONTEXT() REPRESENTATION_CONTEXT('2D SPACE',''
  ) );
#9908 = PCURVE('',#9909,#9914);
#9909 = CYLINDRICAL_SURFACE('',#9910,35.4);
#9910 = AXIS2_PLACEMENT_3D('',#9911,#9912,#9913);
#9911 = CARTESIAN_POINT('',(-1.7763568394E-15,-1.7763568394E-15,2.));
#9912 = DIRECTION('',(0.,0.,-1.));
#9913 = DIRECTION('',(-1.,-2.299277132208E-16,-0.));
#9914 = DEFINITIONAL_REPRESENTATION('',(#9915),#9919);
#9915 = LINE('',#9916,#9917);
#9916 = CARTESIAN_POINT('',(0.,0.));
#9917 = VECTOR('',#9918,1.);
#9918 = DIRECTION('',(1.,0.));
#9919 = ( GEOMETRIC_REPRESENTATION_CONTEXT(2) 
PARAMETRIC_REPRESENTATION_CONTEXT() REPRESENTATION_CONTEXT('2D SPACE',''
  ) );
#9920 = ORIENTED_EDGE('',*,*,#9921,.F.);
#9921 = EDGE_CURVE('',#1747,#9889,#9922,.T.);
#9922 = SURFACE_CURVE('',#9923,(#9928,#9939),.PCURVE_S1.);
#9923 = CIRCLE('',#9924,36.5);
#9924 = AXIS2_PLACEMENT_3D('',#9925,#9926,#9927);
#9925 = CARTESIAN_POINT('',(1.1,-7.105427357601E-15,2.));
#9926 = DIRECTION('',(0.,0.,-1.));
#9927 = DIRECTION('',(1.,3.98620982807E-16,0.));
#9928 = PCURVE('',#1790,#9929);
#9929 = DEFINITIONAL_REPRESENTATION('',(#9930),#9938);
#9930 = ( BOUNDED_CURVE() B_SPLINE_CURVE(2,(#9931,#9932,#9933,#9934,
#9935,#9936,#9937),.UNSPECIFIED.,.T.,.F.) B_SPLINE_CURVE_WITH_KNOTS((1,2
    ,2,2,2,1),(-2.094395102393,0.,2.094395102393,4.188790204786,
6.28318530718,8.377580409573),.UNSPECIFIED.) CURVE() 
GEOMETRIC_REPRESENTATION_ITEM() RATIONAL_B_SPLINE_CURVE((1.,0.5,1.,0.5,
1.,0.5,1.)) REPRESENTATION_ITEM('') );
#9931 = CARTESIAN_POINT('',(37.6,3.736635631813E-15));
#9932 = CARTESIAN_POINT('',(37.6,-63.21985447626));
#9933 = CARTESIAN_POINT('',(-17.15,-31.60992723813));
#9934 = CARTESIAN_POINT('',(-71.9,-4.885228361933E-14));
#9935 = CARTESIAN_POINT('',(-17.15,31.609927238132));
#9936 = CARTESIAN_POINT('',(37.6,63.219854476264));
#9937 = CARTESIAN_POINT('',(37.6,3.736635631813E-15));
#9938 = ( GEOMETRIC_REPRESENTATION_CONTEXT(2) 
PARAMETRIC_REPRESENTATION_CONTEXT() REPRESENTATION_CONTEXT('2D SPACE',''
  ) );
#9939 = PCURVE('',#9815,#9940);
#9940 = DEFINITIONAL_REPRESENTATION('',(#9941),#9945);
#9941 = LINE('',#9942,#9943);
#9942 = CARTESIAN_POINT('',(0.,0.));
#9943 = VECTOR('',#9944,1.);
#9944 = DIRECTION('',(1.,0.));
#9945 = ( GEOMETRIC_REPRESENTATION_CONTEXT(2) 
PARAMETRIC_REPRESENTATION_CONTEXT() REPRESENTATION_CONTEXT('2D SPACE',''
  ) );
#9946 = ORIENTED_EDGE('',*,*,#1774,.T.);
#9947 = ORIENTED_EDGE('',*,*,#9948,.F.);
#9948 = EDGE_CURVE('',#9859,#1775,#9949,.T.);
#9949 = SURFACE_CURVE('',#9950,(#9955,#9962),.PCURVE_S1.);
#9950 = CIRCLE('',#9951,35.1);
#9951 = AXIS2_PLACEMENT_3D('',#9952,#9953,#9954);
#9952 = CARTESIAN_POINT('',(1.1,1.7763568394E-15,2.));
#9953 = DIRECTION('',(0.,0.,1.));
#9954 = DIRECTION('',(-1.,1.284521493365E-16,-0.));
#9955 = PCURVE('',#1790,#9956);
#9956 = DEFINITIONAL_REPRESENTATION('',(#9957),#9961);
#9957 = CIRCLE('',#9958,35.1);
#9958 = AXIS2_PLACEMENT_2D('',#9959,#9960);
#9959 = CARTESIAN_POINT('',(1.1,-1.931246043641E-15));
#9960 = DIRECTION('',(-1.,1.284521493365E-16));
#9961 = ( GEOMETRIC_REPRESENTATION_CONTEXT(2) 
PARAMETRIC_REPRESENTATION_CONTEXT() REPRESENTATION_CONTEXT('2D SPACE',''
  ) );
#9962 = PCURVE('',#9963,#9968);
#9963 = CYLINDRICAL_SURFACE('',#9964,35.1);
#9964 = AXIS2_PLACEMENT_3D('',#9965,#9966,#9967);
#9965 = CARTESIAN_POINT('',(1.1,1.7763568394E-15,2.));
#9966 = DIRECTION('',(-0.,-0.,-1.));
#9967 = DIRECTION('',(-1.,1.284521493365E-16,-0.));
#9968 = DEFINITIONAL_REPRESENTATION('',(#9969),#9973);
#9969 = LINE('',#9970,#9971);
#9970 = CARTESIAN_POINT('',(-0.,0.));
#9971 = VECTOR('',#9972,1.);
#9972 = DIRECTION('',(-1.,0.));
#9973 = ( GEOMETRIC_REPRESENTATION_CONTEXT(2) 
PARAMETRIC_REPRESENTATION_CONTEXT() REPRESENTATION_CONTEXT('2D SPACE',''
  ) );
#9974 = ADVANCED_FACE('',(#9975),#1818,.T.);
#9975 = FACE_BOUND('',#9976,.T.);
#9976 = EDGE_LOOP('',(#9977,#10004,#10005,#10031));
#9977 = ORIENTED_EDGE('',*,*,#9978,.F.);
#9978 = EDGE_CURVE('',#2016,#1803,#9979,.T.);
#9979 = SURFACE_CURVE('',#9980,(#9985,#9992),.PCURVE_S1.);
#9980 = CIRCLE('',#9981,34.3);
#9981 = AXIS2_PLACEMENT_3D('',#9982,#9983,#9984);
#9982 = CARTESIAN_POINT('',(1.1,1.7763568394E-15,2.));
#9983 = DIRECTION('',(0.,0.,-1.));
#9984 = DIRECTION('',(1.,2.601159486355E-16,0.));
#9985 = PCURVE('',#1818,#9986);
#9986 = DEFINITIONAL_REPRESENTATION('',(#9987),#9991);
#9987 = CIRCLE('',#9988,34.3);
#9988 = AXIS2_PLACEMENT_2D('',#9989,#9990);
#9989 = CARTESIAN_POINT('',(36.077627944163,0.55));
#9990 = DIRECTION('',(0.866025403784,0.5));
#9991 = ( GEOMETRIC_REPRESENTATION_CONTEXT(2) 
PARAMETRIC_REPRESENTATION_CONTEXT() REPRESENTATION_CONTEXT('2D SPACE',''
  ) );
#9992 = PCURVE('',#9993,#9998);
#9993 = CYLINDRICAL_SURFACE('',#9994,34.3);
#9994 = AXIS2_PLACEMENT_3D('',#9995,#9996,#9997);
#9995 = CARTESIAN_POINT('',(1.1,1.7763568394E-15,2.));
#9996 = DIRECTION('',(0.,0.,-1.));
#9997 = DIRECTION('',(1.,2.601159486355E-16,0.));
#9998 = DEFINITIONAL_REPRESENTATION('',(#9999),#10003);
#9999 = LINE('',#10000,#10001);
#10000 = CARTESIAN_POINT('',(0.,0.));
#10001 = VECTOR('',#10002,1.);
#10002 = DIRECTION('',(1.,0.));
#10003 = ( GEOMETRIC_REPRESENTATION_CONTEXT(2) 
PARAMETRIC_REPRESENTATION_CONTEXT() REPRESENTATION_CONTEXT('2D SPACE',''
  ) );
#10004 = ORIENTED_EDGE('',*,*,#2043,.T.);
#10005 = ORIENTED_EDGE('',*,*,#10006,.F.);
#10006 = EDGE_CURVE('',#1775,#2044,#10007,.T.);
#10007 = SURFACE_CURVE('',#10008,(#10013,#10024),.PCURVE_S1.);
#10008 = CIRCLE('',#10009,35.1);
#10009 = AXIS2_PLACEMENT_3D('',#10010,#10011,#10012);
#10010 = CARTESIAN_POINT('',(1.1,1.7763568394E-15,2.));
#10011 = DIRECTION('',(0.,0.,1.));
#10012 = DIRECTION('',(-1.,1.284521493365E-16,-0.));
#10013 = PCURVE('',#1818,#10014);
#10014 = DEFINITIONAL_REPRESENTATION('',(#10015),#10023);
#10015 = ( BOUNDED_CURVE() B_SPLINE_CURVE(2,(#10016,#10017,#10018,#10019
    ,#10020,#10021,#10022),.UNSPECIFIED.,.T.,.F.) 
B_SPLINE_CURVE_WITH_KNOTS((1,2,2,2,2,1),(-2.094395102393,0.,
    2.094395102393,4.188790204786,6.28318530718,8.377580409573),
.UNSPECIFIED.) CURVE() GEOMETRIC_REPRESENTATION_ITEM() 
RATIONAL_B_SPLINE_CURVE((1.,0.5,1.,0.5,1.,0.5,1.)) REPRESENTATION_ITEM(
  '') );
#10016 = CARTESIAN_POINT('',(5.680136271329,-17.));
#10017 = CARTESIAN_POINT('',(-24.7173554015,35.65));
#10018 = CARTESIAN_POINT('',(36.077627944163,35.65));
#10019 = CARTESIAN_POINT('',(96.87261128983,35.65));
#10020 = CARTESIAN_POINT('',(66.475119616997,-17.));
#10021 = CARTESIAN_POINT('',(36.077627944163,-69.65));
#10022 = CARTESIAN_POINT('',(5.680136271329,-17.));
#10023 = ( GEOMETRIC_REPRESENTATION_CONTEXT(2) 
PARAMETRIC_REPRESENTATION_CONTEXT() REPRESENTATION_CONTEXT('2D SPACE',''
  ) );
#10024 = PCURVE('',#9963,#10025);
#10025 = DEFINITIONAL_REPRESENTATION('',(#10026),#10030);
#10026 = LINE('',#10027,#10028);
#10027 = CARTESIAN_POINT('',(-0.,0.));
#10028 = VECTOR('',#10029,1.);
#10029 = DIRECTION('',(-1.,0.));
#10030 = ( GEOMETRIC_REPRESENTATION_CONTEXT(2) 
PARAMETRIC_REPRESENTATION_CONTEXT() REPRESENTATION_CONTEXT('2D SPACE',''
  ) );
#10031 = ORIENTED_EDGE('',*,*,#1802,.T.);
#10032 = ADVANCED_FACE('',(#10033),#1846,.T.);
#10033 = FACE_BOUND('',#10034,.T.);
#10034 = EDGE_LOOP('',(#10035,#10064,#10065,#10098,#10124,#10125));
#10035 = ORIENTED_EDGE('',*,*,#10036,.F.);
#10036 = EDGE_CURVE('',#5179,#10037,#10039,.T.);
#10037 = VERTEX_POINT('',#10038);
#10038 = CARTESIAN_POINT('',(-31.8,-2.307540094051E-15,2.));
#10039 = SURFACE_CURVE('',#10040,(#10045,#10052),.PCURVE_S1.);
#10040 = CIRCLE('',#10041,31.8);
#10041 = AXIS2_PLACEMENT_3D('',#10042,#10043,#10044);
#10042 = CARTESIAN_POINT('',(8.881784197001E-16,-3.552713678801E-15,2.)
  );
#10043 = DIRECTION('',(0.,0.,1.));
#10044 = DIRECTION('',(1.,8.330827787858E-17,-0.));
#10045 = PCURVE('',#1846,#10046);
#10046 = DEFINITIONAL_REPRESENTATION('',(#10047),#10051);
#10047 = CIRCLE('',#10048,31.8);
#10048 = AXIS2_PLACEMENT_2D('',#10049,#10050);
#10049 = CARTESIAN_POINT('',(3.696183825556E-15,-7.260316561842E-15));
#10050 = DIRECTION('',(1.,8.330827787858E-17));
#10051 = ( GEOMETRIC_REPRESENTATION_CONTEXT(2) 
PARAMETRIC_REPRESENTATION_CONTEXT() REPRESENTATION_CONTEXT('2D SPACE',''
  ) );
#10052 = PCURVE('',#10053,#10058);
#10053 = CYLINDRICAL_SURFACE('',#10054,31.8);
#10054 = AXIS2_PLACEMENT_3D('',#10055,#10056,#10057);
#10055 = CARTESIAN_POINT('',(8.881784197001E-16,-3.552713678801E-15,2.)
  );
#10056 = DIRECTION('',(-0.,-0.,-1.));
#10057 = DIRECTION('',(1.,8.330827787858E-17,-0.));
#10058 = DEFINITIONAL_REPRESENTATION('',(#10059),#10063);
#10059 = LINE('',#10060,#10061);
#10060 = CARTESIAN_POINT('',(-0.,0.));
#10061 = VECTOR('',#10062,1.);
#10062 = DIRECTION('',(-1.,0.));
#10063 = ( GEOMETRIC_REPRESENTATION_CONTEXT(2) 
PARAMETRIC_REPRESENTATION_CONTEXT() REPRESENTATION_CONTEXT('2D SPACE',''
  ) );
#10064 = ORIENTED_EDGE('',*,*,#5201,.T.);
#10065 = ORIENTED_EDGE('',*,*,#10066,.F.);
#10066 = EDGE_CURVE('',#10067,#5202,#10069,.T.);
#10067 = VERTEX_POINT('',#10068);
#10068 = CARTESIAN_POINT('',(-33.2,-1.134615871987E-14,2.));
#10069 = SURFACE_CURVE('',#10070,(#10075,#10086),.PCURVE_S1.);
#10070 = CIRCLE('',#10071,33.2);
#10071 = AXIS2_PLACEMENT_3D('',#10072,#10073,#10074);
#10072 = CARTESIAN_POINT('',(3.552713678801E-15,3.552713678801E-15,2.));
#10073 = DIRECTION('',(0.,0.,-1.));
#10074 = DIRECTION('',(-1.,-4.487612168275E-16,-0.));
#10075 = PCURVE('',#1846,#10076);
#10076 = DEFINITIONAL_REPRESENTATION('',(#10077),#10085);
#10077 = ( BOUNDED_CURVE() B_SPLINE_CURVE(2,(#10078,#10079,#10080,#10081
    ,#10082,#10083,#10084),.UNSPECIFIED.,.T.,.F.) 
B_SPLINE_CURVE_WITH_KNOTS((1,2,2,2,2,1),(-2.094395102393,0.,
    2.094395102393,4.188790204786,6.28318530718,8.377580409573),
.UNSPECIFIED.) CURVE() GEOMETRIC_REPRESENTATION_ITEM() 
RATIONAL_B_SPLINE_CURVE((1.,0.5,1.,0.5,1.,0.5,1.)) REPRESENTATION_ITEM(
  '') );
#10078 = CARTESIAN_POINT('',(-33.2,-1.505376160291E-14));
#10079 = CARTESIAN_POINT('',(-33.2,57.504086811287));
#10080 = CARTESIAN_POINT('',(16.6,28.752043405643));
#10081 = CARTESIAN_POINT('',(66.4,3.777451033944E-14));
#10082 = CARTESIAN_POINT('',(16.6,-28.75204340564));
#10083 = CARTESIAN_POINT('',(-33.2,-57.50408681128));
#10084 = CARTESIAN_POINT('',(-33.2,-1.505376160291E-14));
#10085 = ( GEOMETRIC_REPRESENTATION_CONTEXT(2) 
PARAMETRIC_REPRESENTATION_CONTEXT() REPRESENTATION_CONTEXT('2D SPACE',''
  ) );
#10086 = PCURVE('',#10087,#10092);
#10087 = CYLINDRICAL_SURFACE('',#10088,33.2);
#10088 = AXIS2_PLACEMENT_3D('',#10089,#10090,#10091);
#10089 = CARTESIAN_POINT('',(3.552713678801E-15,3.552713678801E-15,2.));
#10090 = DIRECTION('',(0.,0.,-1.));
#10091 = DIRECTION('',(-1.,-4.487612168275E-16,-0.));
#10092 = DEFINITIONAL_REPRESENTATION('',(#10093),#10097);
#10093 = LINE('',#10094,#10095);
#10094 = CARTESIAN_POINT('',(0.,0.));
#10095 = VECTOR('',#10096,1.);
#10096 = DIRECTION('',(1.,0.));
#10097 = ( GEOMETRIC_REPRESENTATION_CONTEXT(2) 
PARAMETRIC_REPRESENTATION_CONTEXT() REPRESENTATION_CONTEXT('2D SPACE',''
  ) );
#10098 = ORIENTED_EDGE('',*,*,#10099,.F.);
#10099 = EDGE_CURVE('',#1803,#10067,#10100,.T.);
#10100 = SURFACE_CURVE('',#10101,(#10106,#10117),.PCURVE_S1.);
#10101 = CIRCLE('',#10102,34.3);
#10102 = AXIS2_PLACEMENT_3D('',#10103,#10104,#10105);
#10103 = CARTESIAN_POINT('',(1.1,1.7763568394E-15,2.));
#10104 = DIRECTION('',(0.,0.,-1.));
#10105 = DIRECTION('',(1.,2.601159486355E-16,0.));
#10106 = PCURVE('',#1846,#10107);
#10107 = DEFINITIONAL_REPRESENTATION('',(#10108),#10116);
#10108 = ( BOUNDED_CURVE() B_SPLINE_CURVE(2,(#10109,#10110,#10111,#10112
    ,#10113,#10114,#10115),.UNSPECIFIED.,.T.,.F.) 
B_SPLINE_CURVE_WITH_KNOTS((1,2,2,2,2,1),(-2.094395102393,0.,
    2.094395102393,4.188790204786,6.28318530718,8.377580409573),
.UNSPECIFIED.) CURVE() GEOMETRIC_REPRESENTATION_ITEM() 
RATIONAL_B_SPLINE_CURVE((1.,0.5,1.,0.5,1.,0.5,1.)) REPRESENTATION_ITEM(
  '') );
#10109 = CARTESIAN_POINT('',(35.4,6.990730994557E-15));
#10110 = CARTESIAN_POINT('',(35.4,-59.40934269961));
#10111 = CARTESIAN_POINT('',(-16.05,-29.7046713498));
#10112 = CARTESIAN_POINT('',(-67.5,-2.817627716219E-14));
#10113 = CARTESIAN_POINT('',(-16.05,29.704671349806));
#10114 = CARTESIAN_POINT('',(35.4,59.409342699613));
#10115 = CARTESIAN_POINT('',(35.4,6.990730994557E-15));
#10116 = ( GEOMETRIC_REPRESENTATION_CONTEXT(2) 
PARAMETRIC_REPRESENTATION_CONTEXT() REPRESENTATION_CONTEXT('2D SPACE',''
  ) );
#10117 = PCURVE('',#9993,#10118);
#10118 = DEFINITIONAL_REPRESENTATION('',(#10119),#10123);
#10119 = LINE('',#10120,#10121);
#10120 = CARTESIAN_POINT('',(0.,0.));
#10121 = VECTOR('',#10122,1.);
#10122 = DIRECTION('',(1.,0.));
#10123 = ( GEOMETRIC_REPRESENTATION_CONTEXT(2) 
PARAMETRIC_REPRESENTATION_CONTEXT() REPRESENTATION_CONTEXT('2D SPACE',''
  ) );
#10124 = ORIENTED_EDGE('',*,*,#1830,.T.);
#10125 = ORIENTED_EDGE('',*,*,#10126,.F.);
#10126 = EDGE_CURVE('',#10037,#1831,#10127,.T.);
#10127 = SURFACE_CURVE('',#10128,(#10133,#10140),.PCURVE_S1.);
#10128 = CIRCLE('',#10129,32.9);
#10129 = AXIS2_PLACEMENT_3D('',#10130,#10131,#10132);
#10130 = CARTESIAN_POINT('',(1.1,3.552713678801E-15,2.));
#10131 = DIRECTION('',(0.,0.,1.));
#10132 = DIRECTION('',(-1.,-1.781232149803E-16,0.));
#10133 = PCURVE('',#1846,#10134);
#10134 = DEFINITIONAL_REPRESENTATION('',(#10135),#10139);
#10135 = CIRCLE('',#10136,32.9);
#10136 = AXIS2_PLACEMENT_2D('',#10137,#10138);
#10137 = CARTESIAN_POINT('',(1.1,-1.548892042409E-16));
#10138 = DIRECTION('',(-1.,-1.781232149803E-16));
#10139 = ( GEOMETRIC_REPRESENTATION_CONTEXT(2) 
PARAMETRIC_REPRESENTATION_CONTEXT() REPRESENTATION_CONTEXT('2D SPACE',''
  ) );
#10140 = PCURVE('',#10141,#10146);
#10141 = CYLINDRICAL_SURFACE('',#10142,32.9);
#10142 = AXIS2_PLACEMENT_3D('',#10143,#10144,#10145);
#10143 = CARTESIAN_POINT('',(1.1,3.552713678801E-15,2.));
#10144 = DIRECTION('',(-0.,-0.,-1.));
#10145 = DIRECTION('',(-1.,-1.781232149803E-16,0.));
#10146 = DEFINITIONAL_REPRESENTATION('',(#10147),#10151);
#10147 = LINE('',#10148,#10149);
#10148 = CARTESIAN_POINT('',(-0.,0.));
#10149 = VECTOR('',#10150,1.);
#10150 = DIRECTION('',(-1.,0.));
#10151 = ( GEOMETRIC_REPRESENTATION_CONTEXT(2) 
PARAMETRIC_REPRESENTATION_CONTEXT() REPRESENTATION_CONTEXT('2D SPACE',''
  ) );
#10152 = ADVANCED_FACE('',(#10153),#1874,.T.);
#10153 = FACE_BOUND('',#10154,.T.);
#10154 = EDGE_LOOP('',(#10155,#10182,#10183,#10209));
#10155 = ORIENTED_EDGE('',*,*,#10156,.F.);
#10156 = EDGE_CURVE('',#1965,#1859,#10157,.T.);
#10157 = SURFACE_CURVE('',#10158,(#10163,#10170),.PCURVE_S1.);
#10158 = CIRCLE('',#10159,32.1);
#10159 = AXIS2_PLACEMENT_3D('',#10160,#10161,#10162);
#10160 = CARTESIAN_POINT('',(1.1,-1.7763568394E-15,2.));
#10161 = DIRECTION('',(0.,0.,-1.));
#10162 = DIRECTION('',(1.,2.975080536767E-16,0.));
#10163 = PCURVE('',#1874,#10164);
#10164 = DEFINITIONAL_REPRESENTATION('',(#10165),#10169);
#10165 = CIRCLE('',#10166,32.1);
#10166 = AXIS2_PLACEMENT_2D('',#10167,#10168);
#10167 = CARTESIAN_POINT('',(36.077627944163,0.55));
#10168 = DIRECTION('',(0.866025403784,0.5));
#10169 = ( GEOMETRIC_REPRESENTATION_CONTEXT(2) 
PARAMETRIC_REPRESENTATION_CONTEXT() REPRESENTATION_CONTEXT('2D SPACE',''
  ) );
#10170 = PCURVE('',#10171,#10176);
#10171 = CYLINDRICAL_SURFACE('',#10172,32.1);
#10172 = AXIS2_PLACEMENT_3D('',#10173,#10174,#10175);
#10173 = CARTESIAN_POINT('',(1.1,-1.7763568394E-15,2.));
#10174 = DIRECTION('',(0.,0.,-1.));
#10175 = DIRECTION('',(1.,2.975080536767E-16,0.));
#10176 = DEFINITIONAL_REPRESENTATION('',(#10177),#10181);
#10177 = LINE('',#10178,#10179);
#10178 = CARTESIAN_POINT('',(0.,0.));
#10179 = VECTOR('',#10180,1.);
#10180 = DIRECTION('',(1.,0.));
#10181 = ( GEOMETRIC_REPRESENTATION_CONTEXT(2) 
PARAMETRIC_REPRESENTATION_CONTEXT() REPRESENTATION_CONTEXT('2D SPACE',''
  ) );
#10182 = ORIENTED_EDGE('',*,*,#1992,.T.);
#10183 = ORIENTED_EDGE('',*,*,#10184,.F.);
#10184 = EDGE_CURVE('',#1831,#1993,#10185,.T.);
#10185 = SURFACE_CURVE('',#10186,(#10191,#10202),.PCURVE_S1.);
#10186 = CIRCLE('',#10187,32.9);
#10187 = AXIS2_PLACEMENT_3D('',#10188,#10189,#10190);
#10188 = CARTESIAN_POINT('',(1.1,3.552713678801E-15,2.));
#10189 = DIRECTION('',(0.,0.,1.));
#10190 = DIRECTION('',(-1.,-1.781232149803E-16,0.));
#10191 = PCURVE('',#1874,#10192);
#10192 = DEFINITIONAL_REPRESENTATION('',(#10193),#10201);
#10193 = ( BOUNDED_CURVE() B_SPLINE_CURVE(2,(#10194,#10195,#10196,#10197
    ,#10198,#10199,#10200),.UNSPECIFIED.,.T.,.F.) 
B_SPLINE_CURVE_WITH_KNOTS((1,2,2,2,2,1),(-2.094395102393,0.,
    2.094395102393,4.188790204786,6.28318530718,8.377580409573),
.UNSPECIFIED.) CURVE() GEOMETRIC_REPRESENTATION_ITEM() 
RATIONAL_B_SPLINE_CURVE((1.,0.5,1.,0.5,1.,0.5,1.)) REPRESENTATION_ITEM(
  '') );
#10194 = CARTESIAN_POINT('',(7.585392159655,-15.9));
#10195 = CARTESIAN_POINT('',(-20.90684362485,33.45));
#10196 = CARTESIAN_POINT('',(36.077627944163,33.45));
#10197 = CARTESIAN_POINT('',(93.062099513179,33.45));
#10198 = CARTESIAN_POINT('',(64.569863728671,-15.9));
#10199 = CARTESIAN_POINT('',(36.077627944163,-65.25));
#10200 = CARTESIAN_POINT('',(7.585392159655,-15.9));
#10201 = ( GEOMETRIC_REPRESENTATION_CONTEXT(2) 
PARAMETRIC_REPRESENTATION_CONTEXT() REPRESENTATION_CONTEXT('2D SPACE',''
  ) );
#10202 = PCURVE('',#10141,#10203);
#10203 = DEFINITIONAL_REPRESENTATION('',(#10204),#10208);
#10204 = LINE('',#10205,#10206);
#10205 = CARTESIAN_POINT('',(-0.,0.));
#10206 = VECTOR('',#10207,1.);
#10207 = DIRECTION('',(-1.,0.));
#10208 = ( GEOMETRIC_REPRESENTATION_CONTEXT(2) 
PARAMETRIC_REPRESENTATION_CONTEXT() REPRESENTATION_CONTEXT('2D SPACE',''
  ) );
#10209 = ORIENTED_EDGE('',*,*,#1858,.T.);
#10210 = ADVANCED_FACE('',(#10211),#1902,.T.);
#10211 = FACE_BOUND('',#10212,.T.);
#10212 = EDGE_LOOP('',(#10213,#10242,#10243,#10276,#10302,#10303));
#10213 = ORIENTED_EDGE('',*,*,#10214,.F.);
#10214 = EDGE_CURVE('',#5133,#10215,#10217,.T.);
#10215 = VERTEX_POINT('',#10216);
#10216 = CARTESIAN_POINT('',(-29.6,6.965584476797E-16,2.));
#10217 = SURFACE_CURVE('',#10218,(#10223,#10230),.PCURVE_S1.);
#10218 = CIRCLE('',#10219,29.6);
#10219 = AXIS2_PLACEMENT_3D('',#10220,#10221,#10222);
#10220 = CARTESIAN_POINT('',(-3.552713678801E-15,1.7763568394E-15,2.));
#10221 = DIRECTION('',(0.,0.,1.));
#10222 = DIRECTION('',(1.,-2.851448545394E-16,0.));
#10223 = PCURVE('',#1902,#10224);
#10224 = DEFINITIONAL_REPRESENTATION('',(#10225),#10229);
#10225 = CIRCLE('',#10226,29.6);
#10226 = AXIS2_PLACEMENT_2D('',#10227,#10228);
#10227 = CARTESIAN_POINT('',(-7.447082729441E-16,-1.931246043641E-15));
#10228 = DIRECTION('',(1.,-2.851448545394E-16));
#10229 = ( GEOMETRIC_REPRESENTATION_CONTEXT(2) 
PARAMETRIC_REPRESENTATION_CONTEXT() REPRESENTATION_CONTEXT('2D SPACE',''
  ) );
#10230 = PCURVE('',#10231,#10236);
#10231 = CYLINDRICAL_SURFACE('',#10232,29.6);
#10232 = AXIS2_PLACEMENT_3D('',#10233,#10234,#10235);
#10233 = CARTESIAN_POINT('',(-3.552713678801E-15,1.7763568394E-15,2.));
#10234 = DIRECTION('',(-0.,-0.,-1.));
#10235 = DIRECTION('',(1.,-2.851448545394E-16,0.));
#10236 = DEFINITIONAL_REPRESENTATION('',(#10237),#10241);
#10237 = LINE('',#10238,#10239);
#10238 = CARTESIAN_POINT('',(-0.,0.));
#10239 = VECTOR('',#10240,1.);
#10240 = DIRECTION('',(-1.,0.));
#10241 = ( GEOMETRIC_REPRESENTATION_CONTEXT(2) 
PARAMETRIC_REPRESENTATION_CONTEXT() REPRESENTATION_CONTEXT('2D SPACE',''
  ) );
#10242 = ORIENTED_EDGE('',*,*,#5155,.T.);
#10243 = ORIENTED_EDGE('',*,*,#10244,.F.);
#10244 = EDGE_CURVE('',#10245,#5156,#10247,.T.);
#10245 = VERTEX_POINT('',#10246);
#10246 = CARTESIAN_POINT('',(-31.,-1.002217951498E-15,2.));
#10247 = SURFACE_CURVE('',#10248,(#10253,#10264),.PCURVE_S1.);
#10248 = CIRCLE('',#10249,31.);
#10249 = AXIS2_PLACEMENT_3D('',#10250,#10251,#10252);
#10250 = CARTESIAN_POINT('',(3.552713678801E-15,8.881784197001E-16,2.));
#10251 = DIRECTION('',(0.,0.,-1.));
#10252 = DIRECTION('',(-1.,-6.098052810315E-17,-0.));
#10253 = PCURVE('',#1902,#10254);
#10254 = DEFINITIONAL_REPRESENTATION('',(#10255),#10263);
#10255 = ( BOUNDED_CURVE() B_SPLINE_CURVE(2,(#10256,#10257,#10258,#10259
    ,#10260,#10261,#10262),.UNSPECIFIED.,.T.,.F.) 
B_SPLINE_CURVE_WITH_KNOTS((1,2,2,2,2,1),(-2.094395102393,0.,
    2.094395102393,4.188790204786,6.28318530718,8.377580409573),
.UNSPECIFIED.) CURVE() GEOMETRIC_REPRESENTATION_ITEM() 
RATIONAL_B_SPLINE_CURVE((1.,0.5,1.,0.5,1.,0.5,1.)) REPRESENTATION_ITEM(
  '') );
#10256 = CARTESIAN_POINT('',(-31.,-4.709820834539E-15));
#10257 = CARTESIAN_POINT('',(-31.,53.693575034635));
#10258 = CARTESIAN_POINT('',(15.5,26.846787517318));
#10259 = CARTESIAN_POINT('',(62.,8.554178433768E-15));
#10260 = CARTESIAN_POINT('',(15.5,-26.84678751731));
#10261 = CARTESIAN_POINT('',(-31.,-53.69357503463));
#10262 = CARTESIAN_POINT('',(-31.,-4.709820834539E-15));
#10263 = ( GEOMETRIC_REPRESENTATION_CONTEXT(2) 
PARAMETRIC_REPRESENTATION_CONTEXT() REPRESENTATION_CONTEXT('2D SPACE',''
  ) );
#10264 = PCURVE('',#10265,#10270);
#10265 = CYLINDRICAL_SURFACE('',#10266,31.);
#10266 = AXIS2_PLACEMENT_3D('',#10267,#10268,#10269);
#10267 = CARTESIAN_POINT('',(3.552713678801E-15,8.881784197001E-16,2.));
#10268 = DIRECTION('',(0.,0.,-1.));
#10269 = DIRECTION('',(-1.,-6.098052810315E-17,-0.));
#10270 = DEFINITIONAL_REPRESENTATION('',(#10271),#10275);
#10271 = LINE('',#10272,#10273);
#10272 = CARTESIAN_POINT('',(0.,0.));
#10273 = VECTOR('',#10274,1.);
#10274 = DIRECTION('',(1.,0.));
#10275 = ( GEOMETRIC_REPRESENTATION_CONTEXT(2) 
PARAMETRIC_REPRESENTATION_CONTEXT() REPRESENTATION_CONTEXT('2D SPACE',''
  ) );
#10276 = ORIENTED_EDGE('',*,*,#10277,.F.);
#10277 = EDGE_CURVE('',#1859,#10245,#10278,.T.);
#10278 = SURFACE_CURVE('',#10279,(#10284,#10295),.PCURVE_S1.);
#10279 = CIRCLE('',#10280,32.1);
#10280 = AXIS2_PLACEMENT_3D('',#10281,#10282,#10283);
#10281 = CARTESIAN_POINT('',(1.1,-1.7763568394E-15,2.));
#10282 = DIRECTION('',(0.,0.,-1.));
#10283 = DIRECTION('',(1.,2.975080536767E-16,0.));
#10284 = PCURVE('',#1902,#10285);
#10285 = DEFINITIONAL_REPRESENTATION('',(#10286),#10294);
#10286 = ( BOUNDED_CURVE() B_SPLINE_CURVE(2,(#10287,#10288,#10289,#10290
    ,#10291,#10292,#10293),.UNSPECIFIED.,.T.,.F.) 
B_SPLINE_CURVE_WITH_KNOTS((1,2,2,2,2,1),(-2.094395102393,0.,
    2.094395102393,4.188790204786,6.28318530718,8.377580409573),
.UNSPECIFIED.) CURVE() GEOMETRIC_REPRESENTATION_ITEM() 
RATIONAL_B_SPLINE_CURVE((1.,0.5,1.,0.5,1.,0.5,1.)) REPRESENTATION_ITEM(
  '') );
#10287 = CARTESIAN_POINT('',(33.2,4.06604880058E-15));
#10288 = CARTESIAN_POINT('',(33.2,-55.59883092296));
#10289 = CARTESIAN_POINT('',(-14.95,-27.79941546148));
#10290 = CARTESIAN_POINT('',(-63.1,-3.244620921901E-14));
#10291 = CARTESIAN_POINT('',(-14.95,27.79941546148));
#10292 = CARTESIAN_POINT('',(33.2,55.598830922961));
#10293 = CARTESIAN_POINT('',(33.2,4.06604880058E-15));
#10294 = ( GEOMETRIC_REPRESENTATION_CONTEXT(2) 
PARAMETRIC_REPRESENTATION_CONTEXT() REPRESENTATION_CONTEXT('2D SPACE',''
  ) );
#10295 = PCURVE('',#10171,#10296);
#10296 = DEFINITIONAL_REPRESENTATION('',(#10297),#10301);
#10297 = LINE('',#10298,#10299);
#10298 = CARTESIAN_POINT('',(0.,0.));
#10299 = VECTOR('',#10300,1.);
#10300 = DIRECTION('',(1.,0.));
#10301 = ( GEOMETRIC_REPRESENTATION_CONTEXT(2) 
PARAMETRIC_REPRESENTATION_CONTEXT() REPRESENTATION_CONTEXT('2D SPACE',''
  ) );
#10302 = ORIENTED_EDGE('',*,*,#1886,.T.);
#10303 = ORIENTED_EDGE('',*,*,#10304,.F.);
#10304 = EDGE_CURVE('',#10215,#1887,#10305,.T.);
#10305 = SURFACE_CURVE('',#10306,(#10311,#10318),.PCURVE_S1.);
#10306 = CIRCLE('',#10307,30.7);
#10307 = AXIS2_PLACEMENT_3D('',#10308,#10309,#10310);
#10308 = CARTESIAN_POINT('',(1.1,1.7763568394E-15,2.));
#10309 = DIRECTION('',(0.,0.,1.));
#10310 = DIRECTION('',(-1.,-3.517258604953E-17,0.));
#10311 = PCURVE('',#1902,#10312);
#10312 = DEFINITIONAL_REPRESENTATION('',(#10313),#10317);
#10313 = CIRCLE('',#10314,30.7);
#10314 = AXIS2_PLACEMENT_2D('',#10315,#10316);
#10315 = CARTESIAN_POINT('',(1.1,-1.931246043641E-15));
#10316 = DIRECTION('',(-1.,-3.517258604953E-17));
#10317 = ( GEOMETRIC_REPRESENTATION_CONTEXT(2) 
PARAMETRIC_REPRESENTATION_CONTEXT() REPRESENTATION_CONTEXT('2D SPACE',''
  ) );
#10318 = PCURVE('',#8631,#10319);
#10319 = DEFINITIONAL_REPRESENTATION('',(#10320),#10324);
#10320 = LINE('',#10321,#10322);
#10321 = CARTESIAN_POINT('',(-0.,0.));
#10322 = VECTOR('',#10323,1.);
#10323 = DIRECTION('',(-1.,0.));
#10324 = ( GEOMETRIC_REPRESENTATION_CONTEXT(2) 
PARAMETRIC_REPRESENTATION_CONTEXT() REPRESENTATION_CONTEXT('2D SPACE',''
  ) );
#10325 = ADVANCED_FACE('',(#10326),#1980,.T.);
#10326 = FACE_BOUND('',#10327,.T.);
#10327 = EDGE_LOOP('',(#10328,#10350,#10351,#10377));
#10328 = ORIENTED_EDGE('',*,*,#10329,.F.);
#10329 = EDGE_CURVE('',#1942,#2892,#10330,.T.);
#10330 = SURFACE_CURVE('',#10331,(#10336,#10343),.PCURVE_S1.);
#10331 = CIRCLE('',#10332,30.7);
#10332 = AXIS2_PLACEMENT_3D('',#10333,#10334,#10335);
#10333 = CARTESIAN_POINT('',(1.1,1.7763568394E-15,2.));
#10334 = DIRECTION('',(0.,0.,1.));
#10335 = DIRECTION('',(-1.,-3.517258604953E-17,0.));
#10336 = PCURVE('',#1980,#10337);
#10337 = DEFINITIONAL_REPRESENTATION('',(#10338),#10342);
#10338 = CIRCLE('',#10339,30.7);
#10339 = AXIS2_PLACEMENT_2D('',#10340,#10341);
#10340 = CARTESIAN_POINT('',(1.1,-1.931246043641E-15));
#10341 = DIRECTION('',(-1.,-3.517258604953E-17));
#10342 = ( GEOMETRIC_REPRESENTATION_CONTEXT(2) 
PARAMETRIC_REPRESENTATION_CONTEXT() REPRESENTATION_CONTEXT('2D SPACE',''
  ) );
#10343 = PCURVE('',#8631,#10344);
#10344 = DEFINITIONAL_REPRESENTATION('',(#10345),#10349);
#10345 = LINE('',#10346,#10347);
#10346 = CARTESIAN_POINT('',(-0.,0.));
#10347 = VECTOR('',#10348,1.);
#10348 = DIRECTION('',(-1.,0.));
#10349 = ( GEOMETRIC_REPRESENTATION_CONTEXT(2) 
PARAMETRIC_REPRESENTATION_CONTEXT() REPRESENTATION_CONTEXT('2D SPACE',''
  ) );
#10350 = ORIENTED_EDGE('',*,*,#1964,.T.);
#10351 = ORIENTED_EDGE('',*,*,#10352,.F.);
#10352 = EDGE_CURVE('',#2864,#1965,#10353,.T.);
#10353 = SURFACE_CURVE('',#10354,(#10359,#10370),.PCURVE_S1.);
#10354 = CIRCLE('',#10355,32.1);
#10355 = AXIS2_PLACEMENT_3D('',#10356,#10357,#10358);
#10356 = CARTESIAN_POINT('',(1.1,-1.7763568394E-15,2.));
#10357 = DIRECTION('',(0.,0.,-1.));
#10358 = DIRECTION('',(1.,2.975080536767E-16,0.));
#10359 = PCURVE('',#1980,#10360);
#10360 = DEFINITIONAL_REPRESENTATION('',(#10361),#10369);
#10361 = ( BOUNDED_CURVE() B_SPLINE_CURVE(2,(#10362,#10363,#10364,#10365
    ,#10366,#10367,#10368),.UNSPECIFIED.,.T.,.F.) 
B_SPLINE_CURVE_WITH_KNOTS((1,2,2,2,2,1),(-2.094395102393,0.,
    2.094395102393,4.188790204786,6.28318530718,8.377580409573),
.UNSPECIFIED.) CURVE() GEOMETRIC_REPRESENTATION_ITEM() 
RATIONAL_B_SPLINE_CURVE((1.,0.5,1.,0.5,1.,0.5,1.)) REPRESENTATION_ITEM(
  '') );
#10362 = CARTESIAN_POINT('',(33.2,4.06604880058E-15));
#10363 = CARTESIAN_POINT('',(33.2,-55.59883092296));
#10364 = CARTESIAN_POINT('',(-14.95,-27.79941546148));
#10365 = CARTESIAN_POINT('',(-63.1,-3.244620921901E-14));
#10366 = CARTESIAN_POINT('',(-14.95,27.79941546148));
#10367 = CARTESIAN_POINT('',(33.2,55.598830922961));
#10368 = CARTESIAN_POINT('',(33.2,4.06604880058E-15));
#10369 = ( GEOMETRIC_REPRESENTATION_CONTEXT(2) 
PARAMETRIC_REPRESENTATION_CONTEXT() REPRESENTATION_CONTEXT('2D SPACE',''
  ) );
#10370 = PCURVE('',#10171,#10371);
#10371 = DEFINITIONAL_REPRESENTATION('',(#10372),#10376);
#10372 = LINE('',#10373,#10374);
#10373 = CARTESIAN_POINT('',(0.,0.));
#10374 = VECTOR('',#10375,1.);
#10375 = DIRECTION('',(1.,0.));
#10376 = ( GEOMETRIC_REPRESENTATION_CONTEXT(2) 
PARAMETRIC_REPRESENTATION_CONTEXT() REPRESENTATION_CONTEXT('2D SPACE',''
  ) );
#10377 = ORIENTED_EDGE('',*,*,#2891,.T.);
#10378 = ADVANCED_FACE('',(#10379),#2031,.T.);
#10379 = FACE_BOUND('',#10380,.T.);
#10380 = EDGE_LOOP('',(#10381,#10403,#10404,#10430));
#10381 = ORIENTED_EDGE('',*,*,#10382,.F.);
#10382 = EDGE_CURVE('',#1993,#2841,#10383,.T.);
#10383 = SURFACE_CURVE('',#10384,(#10389,#10396),.PCURVE_S1.);
#10384 = CIRCLE('',#10385,32.9);
#10385 = AXIS2_PLACEMENT_3D('',#10386,#10387,#10388);
#10386 = CARTESIAN_POINT('',(1.1,3.552713678801E-15,2.));
#10387 = DIRECTION('',(0.,0.,1.));
#10388 = DIRECTION('',(-1.,-1.781232149803E-16,0.));
#10389 = PCURVE('',#2031,#10390);
#10390 = DEFINITIONAL_REPRESENTATION('',(#10391),#10395);
#10391 = CIRCLE('',#10392,32.9);
#10392 = AXIS2_PLACEMENT_2D('',#10393,#10394);
#10393 = CARTESIAN_POINT('',(1.1,-1.548892042409E-16));
#10394 = DIRECTION('',(-1.,-1.781232149803E-16));
#10395 = ( GEOMETRIC_REPRESENTATION_CONTEXT(2) 
PARAMETRIC_REPRESENTATION_CONTEXT() REPRESENTATION_CONTEXT('2D SPACE',''
  ) );
#10396 = PCURVE('',#10141,#10397);
#10397 = DEFINITIONAL_REPRESENTATION('',(#10398),#10402);
#10398 = LINE('',#10399,#10400);
#10399 = CARTESIAN_POINT('',(-0.,0.));
#10400 = VECTOR('',#10401,1.);
#10401 = DIRECTION('',(-1.,0.));
#10402 = ( GEOMETRIC_REPRESENTATION_CONTEXT(2) 
PARAMETRIC_REPRESENTATION_CONTEXT() REPRESENTATION_CONTEXT('2D SPACE',''
  ) );
#10403 = ORIENTED_EDGE('',*,*,#2015,.T.);
#10404 = ORIENTED_EDGE('',*,*,#10405,.F.);
#10405 = EDGE_CURVE('',#2813,#2016,#10406,.T.);
#10406 = SURFACE_CURVE('',#10407,(#10412,#10423),.PCURVE_S1.);
#10407 = CIRCLE('',#10408,34.3);
#10408 = AXIS2_PLACEMENT_3D('',#10409,#10410,#10411);
#10409 = CARTESIAN_POINT('',(1.1,1.7763568394E-15,2.));
#10410 = DIRECTION('',(0.,0.,-1.));
#10411 = DIRECTION('',(1.,2.601159486355E-16,0.));
#10412 = PCURVE('',#2031,#10413);
#10413 = DEFINITIONAL_REPRESENTATION('',(#10414),#10422);
#10414 = ( BOUNDED_CURVE() B_SPLINE_CURVE(2,(#10415,#10416,#10417,#10418
    ,#10419,#10420,#10421),.UNSPECIFIED.,.T.,.F.) 
B_SPLINE_CURVE_WITH_KNOTS((1,2,2,2,2,1),(-2.094395102393,0.,
    2.094395102393,4.188790204786,6.28318530718,8.377580409573),
.UNSPECIFIED.) CURVE() GEOMETRIC_REPRESENTATION_ITEM() 
RATIONAL_B_SPLINE_CURVE((1.,0.5,1.,0.5,1.,0.5,1.)) REPRESENTATION_ITEM(
  '') );
#10415 = CARTESIAN_POINT('',(35.4,6.990730994557E-15));
#10416 = CARTESIAN_POINT('',(35.4,-59.40934269961));
#10417 = CARTESIAN_POINT('',(-16.05,-29.7046713498));
#10418 = CARTESIAN_POINT('',(-67.5,-2.817627716219E-14));
#10419 = CARTESIAN_POINT('',(-16.05,29.704671349806));
#10420 = CARTESIAN_POINT('',(35.4,59.409342699613));
#10421 = CARTESIAN_POINT('',(35.4,6.990730994557E-15));
#10422 = ( GEOMETRIC_REPRESENTATION_CONTEXT(2) 
PARAMETRIC_REPRESENTATION_CONTEXT() REPRESENTATION_CONTEXT('2D SPACE',''
  ) );
#10423 = PCURVE('',#9993,#10424);
#10424 = DEFINITIONAL_REPRESENTATION('',(#10425),#10429);
#10425 = LINE('',#10426,#10427);
#10426 = CARTESIAN_POINT('',(0.,0.));
#10427 = VECTOR('',#10428,1.);
#10428 = DIRECTION('',(1.,0.));
#10429 = ( GEOMETRIC_REPRESENTATION_CONTEXT(2) 
PARAMETRIC_REPRESENTATION_CONTEXT() REPRESENTATION_CONTEXT('2D SPACE',''
  ) );
#10430 = ORIENTED_EDGE('',*,*,#2840,.T.);
#10431 = ADVANCED_FACE('',(#10432),#2082,.T.);
#10432 = FACE_BOUND('',#10433,.T.);
#10433 = EDGE_LOOP('',(#10434,#10456,#10457,#10483));
#10434 = ORIENTED_EDGE('',*,*,#10435,.F.);
#10435 = EDGE_CURVE('',#2044,#2790,#10436,.T.);
#10436 = SURFACE_CURVE('',#10437,(#10442,#10449),.PCURVE_S1.);
#10437 = CIRCLE('',#10438,35.1);
#10438 = AXIS2_PLACEMENT_3D('',#10439,#10440,#10441);
#10439 = CARTESIAN_POINT('',(1.1,1.7763568394E-15,2.));
#10440 = DIRECTION('',(0.,0.,1.));
#10441 = DIRECTION('',(-1.,1.284521493365E-16,-0.));
#10442 = PCURVE('',#2082,#10443);
#10443 = DEFINITIONAL_REPRESENTATION('',(#10444),#10448);
#10444 = CIRCLE('',#10445,35.1);
#10445 = AXIS2_PLACEMENT_2D('',#10446,#10447);
#10446 = CARTESIAN_POINT('',(1.1,-1.931246043641E-15));
#10447 = DIRECTION('',(-1.,1.284521493365E-16));
#10448 = ( GEOMETRIC_REPRESENTATION_CONTEXT(2) 
PARAMETRIC_REPRESENTATION_CONTEXT() REPRESENTATION_CONTEXT('2D SPACE',''
  ) );
#10449 = PCURVE('',#9963,#10450);
#10450 = DEFINITIONAL_REPRESENTATION('',(#10451),#10455);
#10451 = LINE('',#10452,#10453);
#10452 = CARTESIAN_POINT('',(-0.,0.));
#10453 = VECTOR('',#10454,1.);
#10454 = DIRECTION('',(-1.,0.));
#10455 = ( GEOMETRIC_REPRESENTATION_CONTEXT(2) 
PARAMETRIC_REPRESENTATION_CONTEXT() REPRESENTATION_CONTEXT('2D SPACE',''
  ) );
#10456 = ORIENTED_EDGE('',*,*,#2066,.T.);
#10457 = ORIENTED_EDGE('',*,*,#10458,.F.);
#10458 = EDGE_CURVE('',#2762,#2067,#10459,.T.);
#10459 = SURFACE_CURVE('',#10460,(#10465,#10476),.PCURVE_S1.);
#10460 = CIRCLE('',#10461,36.5);
#10461 = AXIS2_PLACEMENT_3D('',#10462,#10463,#10464);
#10462 = CARTESIAN_POINT('',(1.1,-7.105427357601E-15,2.));
#10463 = DIRECTION('',(0.,0.,-1.));
#10464 = DIRECTION('',(1.,3.98620982807E-16,0.));
#10465 = PCURVE('',#2082,#10466);
#10466 = DEFINITIONAL_REPRESENTATION('',(#10467),#10475);
#10467 = ( BOUNDED_CURVE() B_SPLINE_CURVE(2,(#10468,#10469,#10470,#10471
    ,#10472,#10473,#10474),.UNSPECIFIED.,.T.,.F.) 
B_SPLINE_CURVE_WITH_KNOTS((1,2,2,2,2,1),(-2.094395102393,0.,
    2.094395102393,4.188790204786,6.28318530718,8.377580409573),
.UNSPECIFIED.) CURVE() GEOMETRIC_REPRESENTATION_ITEM() 
RATIONAL_B_SPLINE_CURVE((1.,0.5,1.,0.5,1.,0.5,1.)) REPRESENTATION_ITEM(
  '') );
#10468 = CARTESIAN_POINT('',(37.6,3.736635631813E-15));
#10469 = CARTESIAN_POINT('',(37.6,-63.21985447626));
#10470 = CARTESIAN_POINT('',(-17.15,-31.60992723813));
#10471 = CARTESIAN_POINT('',(-71.9,-4.885228361933E-14));
#10472 = CARTESIAN_POINT('',(-17.15,31.609927238132));
#10473 = CARTESIAN_POINT('',(37.6,63.219854476264));
#10474 = CARTESIAN_POINT('',(37.6,3.736635631813E-15));
#10475 = ( GEOMETRIC_REPRESENTATION_CONTEXT(2) 
PARAMETRIC_REPRESENTATION_CONTEXT() REPRESENTATION_CONTEXT('2D SPACE',''
  ) );
#10476 = PCURVE('',#9815,#10477);
#10477 = DEFINITIONAL_REPRESENTATION('',(#10478),#10482);
#10478 = LINE('',#10479,#10480);
#10479 = CARTESIAN_POINT('',(0.,0.));
#10480 = VECTOR('',#10481,1.);
#10481 = DIRECTION('',(1.,0.));
#10482 = ( GEOMETRIC_REPRESENTATION_CONTEXT(2) 
PARAMETRIC_REPRESENTATION_CONTEXT() REPRESENTATION_CONTEXT('2D SPACE',''
  ) );
#10483 = ORIENTED_EDGE('',*,*,#2789,.T.);
#10484 = ADVANCED_FACE('',(#10485),#2133,.T.);
#10485 = FACE_BOUND('',#10486,.T.);
#10486 = EDGE_LOOP('',(#10487,#10509,#10510,#10536));
#10487 = ORIENTED_EDGE('',*,*,#10488,.F.);
#10488 = EDGE_CURVE('',#2095,#2739,#10489,.T.);
#10489 = SURFACE_CURVE('',#10490,(#10495,#10502),.PCURVE_S1.);
#10490 = CIRCLE('',#10491,37.3);
#10491 = AXIS2_PLACEMENT_3D('',#10492,#10493,#10494);
#10492 = CARTESIAN_POINT('',(1.1,-3.552713678801E-15,2.));
#10493 = DIRECTION('',(0.,0.,1.));
#10494 = DIRECTION('',(-1.,2.573423753046E-16,-0.));
#10495 = PCURVE('',#2133,#10496);
#10496 = DEFINITIONAL_REPRESENTATION('',(#10497),#10501);
#10497 = CIRCLE('',#10498,37.3);
#10498 = AXIS2_PLACEMENT_2D('',#10499,#10500);
#10499 = CARTESIAN_POINT('',(1.1,-7.260316561842E-15));
#10500 = DIRECTION('',(-1.,2.573423753046E-16));
#10501 = ( GEOMETRIC_REPRESENTATION_CONTEXT(2) 
PARAMETRIC_REPRESENTATION_CONTEXT() REPRESENTATION_CONTEXT('2D SPACE',''
  ) );
#10502 = PCURVE('',#9785,#10503);
#10503 = DEFINITIONAL_REPRESENTATION('',(#10504),#10508);
#10504 = LINE('',#10505,#10506);
#10505 = CARTESIAN_POINT('',(-0.,0.));
#10506 = VECTOR('',#10507,1.);
#10507 = DIRECTION('',(-1.,0.));
#10508 = ( GEOMETRIC_REPRESENTATION_CONTEXT(2) 
PARAMETRIC_REPRESENTATION_CONTEXT() REPRESENTATION_CONTEXT('2D SPACE',''
  ) );
#10509 = ORIENTED_EDGE('',*,*,#2117,.T.);
#10510 = ORIENTED_EDGE('',*,*,#10511,.F.);
#10511 = EDGE_CURVE('',#2711,#2118,#10512,.T.);
#10512 = SURFACE_CURVE('',#10513,(#10518,#10529),.PCURVE_S1.);
#10513 = CIRCLE('',#10514,38.7);
#10514 = AXIS2_PLACEMENT_3D('',#10515,#10516,#10517);
#10515 = CARTESIAN_POINT('',(1.1,1.7763568394E-15,2.));
#10516 = DIRECTION('',(0.,0.,-1.));
#10517 = DIRECTION('',(1.,8.861121332198E-17,0.));
#10518 = PCURVE('',#2133,#10519);
#10519 = DEFINITIONAL_REPRESENTATION('',(#10520),#10528);
#10520 = ( BOUNDED_CURVE() B_SPLINE_CURVE(2,(#10521,#10522,#10523,#10524
    ,#10525,#10526,#10527),.UNSPECIFIED.,.T.,.F.) 
B_SPLINE_CURVE_WITH_KNOTS((1,2,2,2,2,1),(-2.094395102393,0.,
    2.094395102393,4.188790204786,6.28318530718,8.377580409573),
.UNSPECIFIED.) CURVE() GEOMETRIC_REPRESENTATION_ITEM() 
RATIONAL_B_SPLINE_CURVE((1.,0.5,1.,0.5,1.,0.5,1.)) REPRESENTATION_ITEM(
  '') );
#10521 = CARTESIAN_POINT('',(39.8,1.49800791192E-15));
#10522 = CARTESIAN_POINT('',(39.8,-67.03036625291));
#10523 = CARTESIAN_POINT('',(-18.25,-33.51518312645));
#10524 = CARTESIAN_POINT('',(-76.3,-1.826852018016E-14));
#10525 = CARTESIAN_POINT('',(-18.25,33.515183126458));
#10526 = CARTESIAN_POINT('',(39.8,67.030366252916));
#10527 = CARTESIAN_POINT('',(39.8,1.49800791192E-15));
#10528 = ( GEOMETRIC_REPRESENTATION_CONTEXT(2) 
PARAMETRIC_REPRESENTATION_CONTEXT() REPRESENTATION_CONTEXT('2D SPACE',''
  ) );
#10529 = PCURVE('',#9637,#10530);
#10530 = DEFINITIONAL_REPRESENTATION('',(#10531),#10535);
#10531 = LINE('',#10532,#10533);
#10532 = CARTESIAN_POINT('',(0.,0.));
#10533 = VECTOR('',#10534,1.);
#10534 = DIRECTION('',(1.,0.));
#10535 = ( GEOMETRIC_REPRESENTATION_CONTEXT(2) 
PARAMETRIC_REPRESENTATION_CONTEXT() REPRESENTATION_CONTEXT('2D SPACE',''
  ) );
#10536 = ORIENTED_EDGE('',*,*,#2738,.T.);
#10537 = ADVANCED_FACE('',(#10538),#2184,.T.);
#10538 = FACE_BOUND('',#10539,.T.);
#10539 = EDGE_LOOP('',(#10540,#10562,#10563,#10589));
#10540 = ORIENTED_EDGE('',*,*,#10541,.F.);
#10541 = EDGE_CURVE('',#2146,#2688,#10542,.T.);
#10542 = SURFACE_CURVE('',#10543,(#10548,#10555),.PCURVE_S1.);
#10543 = CIRCLE('',#10544,39.5);
#10544 = AXIS2_PLACEMENT_3D('',#10545,#10546,#10547);
#10545 = CARTESIAN_POINT('',(1.1,-1.7763568394E-15,2.));
#10546 = DIRECTION('',(0.,0.,1.));
#10547 = DIRECTION('',(-1.,3.551613792668E-16,-0.));
#10548 = PCURVE('',#2184,#10549);
#10549 = DEFINITIONAL_REPRESENTATION('',(#10550),#10554);
#10550 = CIRCLE('',#10551,39.5);
#10551 = AXIS2_PLACEMENT_2D('',#10552,#10553);
#10552 = CARTESIAN_POINT('',(1.1,-5.483959722442E-15));
#10553 = DIRECTION('',(-1.,3.551613792668E-16));
#10554 = ( GEOMETRIC_REPRESENTATION_CONTEXT(2) 
PARAMETRIC_REPRESENTATION_CONTEXT() REPRESENTATION_CONTEXT('2D SPACE',''
  ) );
#10555 = PCURVE('',#9607,#10556);
#10556 = DEFINITIONAL_REPRESENTATION('',(#10557),#10561);
#10557 = LINE('',#10558,#10559);
#10558 = CARTESIAN_POINT('',(-0.,0.));
#10559 = VECTOR('',#10560,1.);
#10560 = DIRECTION('',(-1.,0.));
#10561 = ( GEOMETRIC_REPRESENTATION_CONTEXT(2) 
PARAMETRIC_REPRESENTATION_CONTEXT() REPRESENTATION_CONTEXT('2D SPACE',''
  ) );
#10562 = ORIENTED_EDGE('',*,*,#2168,.T.);
#10563 = ORIENTED_EDGE('',*,*,#10564,.F.);
#10564 = EDGE_CURVE('',#2660,#2169,#10565,.T.);
#10565 = SURFACE_CURVE('',#10566,(#10571,#10582),.PCURVE_S1.);
#10566 = CIRCLE('',#10567,40.9);
#10567 = AXIS2_PLACEMENT_3D('',#10568,#10569,#10570);
#10568 = CARTESIAN_POINT('',(1.1,3.552713678801E-15,2.));
#10569 = DIRECTION('',(-0.,0.,-1.));
#10570 = DIRECTION('',(1.,-2.749572604786E-17,-0.));
#10571 = PCURVE('',#2184,#10572);
#10572 = DEFINITIONAL_REPRESENTATION('',(#10573),#10581);
#10573 = ( BOUNDED_CURVE() B_SPLINE_CURVE(2,(#10574,#10575,#10576,#10577
    ,#10578,#10579,#10580),.UNSPECIFIED.,.T.,.F.) 
B_SPLINE_CURVE_WITH_KNOTS((1,2,2,2,2,1),(-2.094395102393,0.,
    2.094395102393,4.188790204786,6.28318530718,8.377580409573),
.UNSPECIFIED.) CURVE() GEOMETRIC_REPRESENTATION_ITEM() 
RATIONAL_B_SPLINE_CURVE((1.,0.5,1.,0.5,1.,0.5,1.)) REPRESENTATION_ITEM(
  '') );
#10574 = CARTESIAN_POINT('',(42.,-1.279464399599E-15));
#10575 = CARTESIAN_POINT('',(42.,-70.84087802956));
#10576 = CARTESIAN_POINT('',(-19.35,-35.42043901478));
#10577 = CARTESIAN_POINT('',(-80.7,-7.923349630551E-15));
#10578 = CARTESIAN_POINT('',(-19.35,35.420439014784));
#10579 = CARTESIAN_POINT('',(42.,70.840878029567));
#10580 = CARTESIAN_POINT('',(42.,-1.279464399599E-15));
#10581 = ( GEOMETRIC_REPRESENTATION_CONTEXT(2) 
PARAMETRIC_REPRESENTATION_CONTEXT() REPRESENTATION_CONTEXT('2D SPACE',''
  ) );
#10582 = PCURVE('',#9484,#10583);
#10583 = DEFINITIONAL_REPRESENTATION('',(#10584),#10588);
#10584 = LINE('',#10585,#10586);
#10585 = CARTESIAN_POINT('',(0.,0.));
#10586 = VECTOR('',#10587,1.);
#10587 = DIRECTION('',(1.,0.));
#10588 = ( GEOMETRIC_REPRESENTATION_CONTEXT(2) 
PARAMETRIC_REPRESENTATION_CONTEXT() REPRESENTATION_CONTEXT('2D SPACE',''
  ) );
#10589 = ORIENTED_EDGE('',*,*,#2687,.T.);
#10590 = ADVANCED_FACE('',(#10591),#2235,.T.);
#10591 = FACE_BOUND('',#10592,.T.);
#10592 = EDGE_LOOP('',(#10593,#10594,#10595,#10596,#10597));
#10593 = ORIENTED_EDGE('',*,*,#8048,.F.);
#10594 = ORIENTED_EDGE('',*,*,#2219,.T.);
#10595 = ORIENTED_EDGE('',*,*,#2273,.T.);
#10596 = ORIENTED_EDGE('',*,*,#8510,.F.);
#10597 = ORIENTED_EDGE('',*,*,#3405,.T.);
#10598 = ADVANCED_FACE('',(#10599),#2316,.T.);
#10599 = FACE_BOUND('',#10600,.T.);
#10600 = EDGE_LOOP('',(#10601,#10602,#10603,#10604));
#10601 = ORIENTED_EDGE('',*,*,#8488,.F.);
#10602 = ORIENTED_EDGE('',*,*,#2301,.T.);
#10603 = ORIENTED_EDGE('',*,*,#8326,.F.);
#10604 = ORIENTED_EDGE('',*,*,#2329,.T.);
#10605 = ADVANCED_FACE('',(#10606),#2452,.T.);
#10606 = FACE_BOUND('',#10607,.T.);
#10607 = EDGE_LOOP('',(#10608,#10609,#10635,#10636));
#10608 = ORIENTED_EDGE('',*,*,#2554,.T.);
#10609 = ORIENTED_EDGE('',*,*,#10610,.F.);
#10610 = EDGE_CURVE('',#2408,#2555,#10611,.T.);
#10611 = SURFACE_CURVE('',#10612,(#10617,#10628),.PCURVE_S1.);
#10612 = CIRCLE('',#10613,28.5);
#10613 = AXIS2_PLACEMENT_3D('',#10614,#10615,#10616);
#10614 = CARTESIAN_POINT('',(1.1,3.552713678801E-15,2.));
#10615 = DIRECTION('',(0.,0.,1.));
#10616 = DIRECTION('',(-1.,-2.080751341941E-16,0.));
#10617 = PCURVE('',#2452,#10618);
#10618 = DEFINITIONAL_REPRESENTATION('',(#10619),#10627);
#10619 = ( BOUNDED_CURVE() B_SPLINE_CURVE(2,(#10620,#10621,#10622,#10623
    ,#10624,#10625,#10626),.UNSPECIFIED.,.T.,.F.) 
B_SPLINE_CURVE_WITH_KNOTS((1,2,2,2,2,1),(-2.094395102393,0.,
    2.094395102393,4.188790204786,6.28318530718,8.377580409573),
.UNSPECIFIED.) CURVE() GEOMETRIC_REPRESENTATION_ITEM() 
RATIONAL_B_SPLINE_CURVE((1.,0.5,1.,0.5,1.,0.5,1.)) REPRESENTATION_ITEM(
  '') );
#10620 = CARTESIAN_POINT('',(35.125,-27.4));
#10621 = CARTESIAN_POINT('',(-14.23844801571,-27.4));
#10622 = CARTESIAN_POINT('',(10.443275992144,15.35));
#10623 = CARTESIAN_POINT('',(35.125,58.1));
#10624 = CARTESIAN_POINT('',(59.806724007857,15.35));
#10625 = CARTESIAN_POINT('',(84.488448015713,-27.4));
#10626 = CARTESIAN_POINT('',(35.125,-27.4));
#10627 = ( GEOMETRIC_REPRESENTATION_CONTEXT(2) 
PARAMETRIC_REPRESENTATION_CONTEXT() REPRESENTATION_CONTEXT('2D SPACE',''
  ) );
#10628 = PCURVE('',#8780,#10629);
#10629 = DEFINITIONAL_REPRESENTATION('',(#10630),#10634);
#10630 = LINE('',#10631,#10632);
#10631 = CARTESIAN_POINT('',(-0.,0.));
#10632 = VECTOR('',#10633,1.);
#10633 = DIRECTION('',(-1.,0.));
#10634 = ( GEOMETRIC_REPRESENTATION_CONTEXT(2) 
PARAMETRIC_REPRESENTATION_CONTEXT() REPRESENTATION_CONTEXT('2D SPACE',''
  ) );
#10635 = ORIENTED_EDGE('',*,*,#2435,.T.);
#10636 = ORIENTED_EDGE('',*,*,#10637,.F.);
#10637 = EDGE_CURVE('',#2522,#2436,#10638,.T.);
#10638 = SURFACE_CURVE('',#10639,(#10644,#10651),.PCURVE_S1.);
#10639 = CIRCLE('',#10640,27.7);
#10640 = AXIS2_PLACEMENT_3D('',#10641,#10642,#10643);
#10641 = CARTESIAN_POINT('',(1.1,0.,2.));
#10642 = DIRECTION('',(0.,0.,-1.));
#10643 = DIRECTION('',(1.,2.868623801521E-16,0.));
#10644 = PCURVE('',#2452,#10645);
#10645 = DEFINITIONAL_REPRESENTATION('',(#10646),#10650);
#10646 = CIRCLE('',#10647,27.7);
#10647 = AXIS2_PLACEMENT_2D('',#10648,#10649);
#10648 = CARTESIAN_POINT('',(35.125,1.1));
#10649 = DIRECTION('',(5.089069850772E-16,1.));
#10650 = ( GEOMETRIC_REPRESENTATION_CONTEXT(2) 
PARAMETRIC_REPRESENTATION_CONTEXT() REPRESENTATION_CONTEXT('2D SPACE',''
  ) );
#10651 = PCURVE('',#8838,#10652);
#10652 = DEFINITIONAL_REPRESENTATION('',(#10653),#10657);
#10653 = LINE('',#10654,#10655);
#10654 = CARTESIAN_POINT('',(0.,0.));
#10655 = VECTOR('',#10656,1.);
#10656 = DIRECTION('',(1.,0.));
#10657 = ( GEOMETRIC_REPRESENTATION_CONTEXT(2) 
PARAMETRIC_REPRESENTATION_CONTEXT() REPRESENTATION_CONTEXT('2D SPACE',''
  ) );
#10658 = ADVANCED_FACE('',(#10659),#2509,.T.);
#10659 = FACE_BOUND('',#10660,.T.);
#10660 = EDGE_LOOP('',(#10661,#10662));
#10661 = ORIENTED_EDGE('',*,*,#2492,.T.);
#10662 = ORIENTED_EDGE('',*,*,#10663,.F.);
#10663 = EDGE_CURVE('',#2465,#2493,#10664,.T.);
#10664 = SURFACE_CURVE('',#10665,(#10670,#10681),.PCURVE_S1.);
#10665 = CIRCLE('',#10666,26.3);
#10666 = AXIS2_PLACEMENT_3D('',#10667,#10668,#10669);
#10667 = CARTESIAN_POINT('',(1.1,0.,2.));
#10668 = DIRECTION('',(0.,0.,1.));
#10669 = DIRECTION('',(-1.,-7.027960454567E-17,0.));
#10670 = PCURVE('',#2509,#10671);
#10671 = DEFINITIONAL_REPRESENTATION('',(#10672),#10680);
#10672 = ( BOUNDED_CURVE() B_SPLINE_CURVE(2,(#10673,#10674,#10675,#10676
    ,#10677,#10678,#10679),.UNSPECIFIED.,.T.,.F.) 
B_SPLINE_CURVE_WITH_KNOTS((1,2,2,2,2,1),(-2.094395102393,0.,
    2.094395102393,4.188790204786,6.28318530718,8.377580409573),
.UNSPECIFIED.) CURVE() GEOMETRIC_REPRESENTATION_ITEM() 
RATIONAL_B_SPLINE_CURVE((1.,0.5,1.,0.5,1.,0.5,1.)) REPRESENTATION_ITEM(
  '') );
#10673 = CARTESIAN_POINT('',(35.125,-25.2));
#10674 = CARTESIAN_POINT('',(-10.42793623906,-25.2));
#10675 = CARTESIAN_POINT('',(12.348531880469,14.25));
#10676 = CARTESIAN_POINT('',(35.125,53.7));
#10677 = CARTESIAN_POINT('',(57.901468119531,14.25));
#10678 = CARTESIAN_POINT('',(80.677936239061,-25.2));
#10679 = CARTESIAN_POINT('',(35.125,-25.2));
#10680 = ( GEOMETRIC_REPRESENTATION_CONTEXT(2) 
PARAMETRIC_REPRESENTATION_CONTEXT() REPRESENTATION_CONTEXT('2D SPACE',''
  ) );
#10681 = PCURVE('',#9256,#10682);
#10682 = DEFINITIONAL_REPRESENTATION('',(#10683),#10687);
#10683 = LINE('',#10684,#10685);
#10684 = CARTESIAN_POINT('',(-0.,0.));
#10685 = VECTOR('',#10686,1.);
#10686 = DIRECTION('',(-1.,0.));
#10687 = ( GEOMETRIC_REPRESENTATION_CONTEXT(2) 
PARAMETRIC_REPRESENTATION_CONTEXT() REPRESENTATION_CONTEXT('2D SPACE',''
  ) );
#10688 = ADVANCED_FACE('',(#10689),#2538,.T.);
#10689 = FACE_BOUND('',#10690,.T.);
#10690 = EDGE_LOOP('',(#10691,#10713,#10714,#10740));
#10691 = ORIENTED_EDGE('',*,*,#10692,.F.);
#10692 = EDGE_CURVE('',#2493,#3513,#10693,.T.);
#10693 = SURFACE_CURVE('',#10694,(#10699,#10706),.PCURVE_S1.);
#10694 = CIRCLE('',#10695,26.3);
#10695 = AXIS2_PLACEMENT_3D('',#10696,#10697,#10698);
#10696 = CARTESIAN_POINT('',(1.1,0.,2.));
#10697 = DIRECTION('',(0.,0.,1.));
#10698 = DIRECTION('',(-1.,-7.027960454567E-17,0.));
#10699 = PCURVE('',#2538,#10700);
#10700 = DEFINITIONAL_REPRESENTATION('',(#10701),#10705);
#10701 = CIRCLE('',#10702,26.3);
#10702 = AXIS2_PLACEMENT_2D('',#10703,#10704);
#10703 = CARTESIAN_POINT('',(1.1,-3.707602883041E-15));
#10704 = DIRECTION('',(-1.,-7.027960454567E-17));
#10705 = ( GEOMETRIC_REPRESENTATION_CONTEXT(2) 
PARAMETRIC_REPRESENTATION_CONTEXT() REPRESENTATION_CONTEXT('2D SPACE',''
  ) );
#10706 = PCURVE('',#9256,#10707);
#10707 = DEFINITIONAL_REPRESENTATION('',(#10708),#10712);
#10708 = LINE('',#10709,#10710);
#10709 = CARTESIAN_POINT('',(-0.,0.));
#10710 = VECTOR('',#10711,1.);
#10711 = DIRECTION('',(-1.,0.));
#10712 = ( GEOMETRIC_REPRESENTATION_CONTEXT(2) 
PARAMETRIC_REPRESENTATION_CONTEXT() REPRESENTATION_CONTEXT('2D SPACE',''
  ) );
#10713 = ORIENTED_EDGE('',*,*,#2521,.T.);
#10714 = ORIENTED_EDGE('',*,*,#10715,.F.);
#10715 = EDGE_CURVE('',#3484,#2522,#10716,.T.);
#10716 = SURFACE_CURVE('',#10717,(#10722,#10733),.PCURVE_S1.);
#10717 = CIRCLE('',#10718,27.7);
#10718 = AXIS2_PLACEMENT_3D('',#10719,#10720,#10721);
#10719 = CARTESIAN_POINT('',(1.1,0.,2.));
#10720 = DIRECTION('',(0.,0.,-1.));
#10721 = DIRECTION('',(1.,2.868623801521E-16,0.));
#10722 = PCURVE('',#2538,#10723);
#10723 = DEFINITIONAL_REPRESENTATION('',(#10724),#10732);
#10724 = ( BOUNDED_CURVE() B_SPLINE_CURVE(2,(#10725,#10726,#10727,#10728
    ,#10729,#10730,#10731),.UNSPECIFIED.,.T.,.F.) 
B_SPLINE_CURVE_WITH_KNOTS((1,2,2,2,2,1),(-2.094395102393,0.,
    2.094395102393,4.188790204786,6.28318530718,8.377580409573),
.UNSPECIFIED.) CURVE() GEOMETRIC_REPRESENTATION_ITEM() 
RATIONAL_B_SPLINE_CURVE((1.,0.5,1.,0.5,1.,0.5,1.)) REPRESENTATION_ITEM(
  '') );
#10725 = CARTESIAN_POINT('',(28.8,4.238485047172E-15));
#10726 = CARTESIAN_POINT('',(28.8,-47.97780736965));
#10727 = CARTESIAN_POINT('',(-12.75,-23.98890368482));
#10728 = CARTESIAN_POINT('',(-54.3,-2.638432201075E-14));
#10729 = CARTESIAN_POINT('',(-12.75,23.988903684829));
#10730 = CARTESIAN_POINT('',(28.8,47.977807369658));
#10731 = CARTESIAN_POINT('',(28.8,4.238485047172E-15));
#10732 = ( GEOMETRIC_REPRESENTATION_CONTEXT(2) 
PARAMETRIC_REPRESENTATION_CONTEXT() REPRESENTATION_CONTEXT('2D SPACE',''
  ) );
#10733 = PCURVE('',#8838,#10734);
#10734 = DEFINITIONAL_REPRESENTATION('',(#10735),#10739);
#10735 = LINE('',#10736,#10737);
#10736 = CARTESIAN_POINT('',(0.,0.));
#10737 = VECTOR('',#10738,1.);
#10738 = DIRECTION('',(1.,0.));
#10739 = ( GEOMETRIC_REPRESENTATION_CONTEXT(2) 
PARAMETRIC_REPRESENTATION_CONTEXT() REPRESENTATION_CONTEXT('2D SPACE',''
  ) );
#10740 = ORIENTED_EDGE('',*,*,#3512,.T.);
#10741 = ADVANCED_FACE('',(#10742),#2595,.T.);
#10742 = FACE_BOUND('',#10743,.T.);
#10743 = EDGE_LOOP('',(#10744,#10766,#10767,#10768,#10794));
#10744 = ORIENTED_EDGE('',*,*,#10745,.F.);
#10745 = EDGE_CURVE('',#2555,#3982,#10746,.T.);
#10746 = SURFACE_CURVE('',#10747,(#10752,#10759),.PCURVE_S1.);
#10747 = CIRCLE('',#10748,28.5);
#10748 = AXIS2_PLACEMENT_3D('',#10749,#10750,#10751);
#10749 = CARTESIAN_POINT('',(1.1,3.552713678801E-15,2.));
#10750 = DIRECTION('',(0.,0.,1.));
#10751 = DIRECTION('',(-1.,-2.080751341941E-16,0.));
#10752 = PCURVE('',#2595,#10753);
#10753 = DEFINITIONAL_REPRESENTATION('',(#10754),#10758);
#10754 = CIRCLE('',#10755,28.5);
#10755 = AXIS2_PLACEMENT_2D('',#10756,#10757);
#10756 = CARTESIAN_POINT('',(1.1,-1.548892042409E-16));
#10757 = DIRECTION('',(-1.,-2.080751341941E-16));
#10758 = ( GEOMETRIC_REPRESENTATION_CONTEXT(2) 
PARAMETRIC_REPRESENTATION_CONTEXT() REPRESENTATION_CONTEXT('2D SPACE',''
  ) );
#10759 = PCURVE('',#8780,#10760);
#10760 = DEFINITIONAL_REPRESENTATION('',(#10761),#10765);
#10761 = LINE('',#10762,#10763);
#10762 = CARTESIAN_POINT('',(-0.,0.));
#10763 = VECTOR('',#10764,1.);
#10764 = DIRECTION('',(-1.,0.));
#10765 = ( GEOMETRIC_REPRESENTATION_CONTEXT(2) 
PARAMETRIC_REPRESENTATION_CONTEXT() REPRESENTATION_CONTEXT('2D SPACE',''
  ) );
#10766 = ORIENTED_EDGE('',*,*,#2578,.T.);
#10767 = ORIENTED_EDGE('',*,*,#2969,.T.);
#10768 = ORIENTED_EDGE('',*,*,#10769,.F.);
#10769 = EDGE_CURVE('',#3954,#2970,#10770,.T.);
#10770 = SURFACE_CURVE('',#10771,(#10776,#10787),.PCURVE_S1.);
#10771 = CIRCLE('',#10772,29.9);
#10772 = AXIS2_PLACEMENT_3D('',#10773,#10774,#10775);
#10773 = CARTESIAN_POINT('',(1.1,-1.7763568394E-15,2.));
#10774 = DIRECTION('',(0.,0.,-1.));
#10775 = DIRECTION('',(1.,2.793089199885E-16,0.));
#10776 = PCURVE('',#2595,#10777);
#10777 = DEFINITIONAL_REPRESENTATION('',(#10778),#10786);
#10778 = ( BOUNDED_CURVE() B_SPLINE_CURVE(2,(#10779,#10780,#10781,#10782
    ,#10783,#10784,#10785),.UNSPECIFIED.,.T.,.F.) 
B_SPLINE_CURVE_WITH_KNOTS((1,2,2,2,2,1),(-2.094395102393,0.,
    2.094395102393,4.188790204786,6.28318530718,8.377580409573),
.UNSPECIFIED.) CURVE() GEOMETRIC_REPRESENTATION_ITEM() 
RATIONAL_B_SPLINE_CURVE((1.,0.5,1.,0.5,1.,0.5,1.)) REPRESENTATION_ITEM(
  '') );
#10779 = CARTESIAN_POINT('',(31.,2.867376985213E-15));
#10780 = CARTESIAN_POINT('',(31.,-51.7883191463));
#10781 = CARTESIAN_POINT('',(-13.85,-25.89415957315));
#10782 = CARTESIAN_POINT('',(-58.7,-2.951002099665E-14));
#10783 = CARTESIAN_POINT('',(-13.85,25.894159573155));
#10784 = CARTESIAN_POINT('',(31.,51.788319146309));
#10785 = CARTESIAN_POINT('',(31.,2.867376985213E-15));
#10786 = ( GEOMETRIC_REPRESENTATION_CONTEXT(2) 
PARAMETRIC_REPRESENTATION_CONTEXT() REPRESENTATION_CONTEXT('2D SPACE',''
  ) );
#10787 = PCURVE('',#8660,#10788);
#10788 = DEFINITIONAL_REPRESENTATION('',(#10789),#10793);
#10789 = LINE('',#10790,#10791);
#10790 = CARTESIAN_POINT('',(0.,0.));
#10791 = VECTOR('',#10792,1.);
#10792 = DIRECTION('',(1.,0.));
#10793 = ( GEOMETRIC_REPRESENTATION_CONTEXT(2) 
PARAMETRIC_REPRESENTATION_CONTEXT() REPRESENTATION_CONTEXT('2D SPACE',''
  ) );
#10794 = ORIENTED_EDGE('',*,*,#3981,.T.);
#10795 = ADVANCED_FACE('',(#10796),#2675,.T.);
#10796 = FACE_BOUND('',#10797,.T.);
#10797 = EDGE_LOOP('',(#10798,#10820,#10821,#10822,#10823,#10824));
#10798 = ORIENTED_EDGE('',*,*,#10799,.F.);
#10799 = EDGE_CURVE('',#3220,#2660,#10800,.T.);
#10800 = SURFACE_CURVE('',#10801,(#10806,#10813),.PCURVE_S1.);
#10801 = CIRCLE('',#10802,40.9);
#10802 = AXIS2_PLACEMENT_3D('',#10803,#10804,#10805);
#10803 = CARTESIAN_POINT('',(1.1,3.552713678801E-15,2.));
#10804 = DIRECTION('',(-0.,0.,-1.));
#10805 = DIRECTION('',(1.,-2.749572604786E-17,-0.));
#10806 = PCURVE('',#2675,#10807);
#10807 = DEFINITIONAL_REPRESENTATION('',(#10808),#10812);
#10808 = CIRCLE('',#10809,40.9);
#10809 = AXIS2_PLACEMENT_2D('',#10810,#10811);
#10810 = CARTESIAN_POINT('',(35.125,1.1));
#10811 = DIRECTION('',(1.945488788772E-16,1.));
#10812 = ( GEOMETRIC_REPRESENTATION_CONTEXT(2) 
PARAMETRIC_REPRESENTATION_CONTEXT() REPRESENTATION_CONTEXT('2D SPACE',''
  ) );
#10813 = PCURVE('',#9484,#10814);
#10814 = DEFINITIONAL_REPRESENTATION('',(#10815),#10819);
#10815 = LINE('',#10816,#10817);
#10816 = CARTESIAN_POINT('',(0.,0.));
#10817 = VECTOR('',#10818,1.);
#10818 = DIRECTION('',(1.,0.));
#10819 = ( GEOMETRIC_REPRESENTATION_CONTEXT(2) 
PARAMETRIC_REPRESENTATION_CONTEXT() REPRESENTATION_CONTEXT('2D SPACE',''
  ) );
#10820 = ORIENTED_EDGE('',*,*,#3247,.T.);
#10821 = ORIENTED_EDGE('',*,*,#3296,.T.);
#10822 = ORIENTED_EDGE('',*,*,#8022,.F.);
#10823 = ORIENTED_EDGE('',*,*,#3433,.T.);
#10824 = ORIENTED_EDGE('',*,*,#2659,.T.);
#10825 = ADVANCED_FACE('',(#10826),#2726,.T.);
#10826 = FACE_BOUND('',#10827,.T.);
#10827 = EDGE_LOOP('',(#10828,#10850,#10851,#10877));
#10828 = ORIENTED_EDGE('',*,*,#10829,.F.);
#10829 = EDGE_CURVE('',#3169,#2711,#10830,.T.);
#10830 = SURFACE_CURVE('',#10831,(#10836,#10843),.PCURVE_S1.);
#10831 = CIRCLE('',#10832,38.7);
#10832 = AXIS2_PLACEMENT_3D('',#10833,#10834,#10835);
#10833 = CARTESIAN_POINT('',(1.1,1.7763568394E-15,2.));
#10834 = DIRECTION('',(0.,0.,-1.));
#10835 = DIRECTION('',(1.,8.861121332198E-17,0.));
#10836 = PCURVE('',#2726,#10837);
#10837 = DEFINITIONAL_REPRESENTATION('',(#10838),#10842);
#10838 = CIRCLE('',#10839,38.7);
#10839 = AXIS2_PLACEMENT_2D('',#10840,#10841);
#10840 = CARTESIAN_POINT('',(35.125,1.1));
#10841 = DIRECTION('',(3.10655818247E-16,1.));
#10842 = ( GEOMETRIC_REPRESENTATION_CONTEXT(2) 
PARAMETRIC_REPRESENTATION_CONTEXT() REPRESENTATION_CONTEXT('2D SPACE',''
  ) );
#10843 = PCURVE('',#9637,#10844);
#10844 = DEFINITIONAL_REPRESENTATION('',(#10845),#10849);
#10845 = LINE('',#10846,#10847);
#10846 = CARTESIAN_POINT('',(0.,0.));
#10847 = VECTOR('',#10848,1.);
#10848 = DIRECTION('',(1.,0.));
#10849 = ( GEOMETRIC_REPRESENTATION_CONTEXT(2) 
PARAMETRIC_REPRESENTATION_CONTEXT() REPRESENTATION_CONTEXT('2D SPACE',''
  ) );
#10850 = ORIENTED_EDGE('',*,*,#3196,.T.);
#10851 = ORIENTED_EDGE('',*,*,#10852,.F.);
#10852 = EDGE_CURVE('',#2688,#3197,#10853,.T.);
#10853 = SURFACE_CURVE('',#10854,(#10859,#10870),.PCURVE_S1.);
#10854 = CIRCLE('',#10855,39.5);
#10855 = AXIS2_PLACEMENT_3D('',#10856,#10857,#10858);
#10856 = CARTESIAN_POINT('',(1.1,-1.7763568394E-15,2.));
#10857 = DIRECTION('',(0.,0.,1.));
#10858 = DIRECTION('',(-1.,3.551613792668E-16,-0.));
#10859 = PCURVE('',#2726,#10860);
#10860 = DEFINITIONAL_REPRESENTATION('',(#10861),#10869);
#10861 = ( BOUNDED_CURVE() B_SPLINE_CURVE(2,(#10862,#10863,#10864,#10865
    ,#10866,#10867,#10868),.UNSPECIFIED.,.T.,.F.) 
B_SPLINE_CURVE_WITH_KNOTS((1,2,2,2,2,1),(-2.094395102393,0.,
    2.094395102393,4.188790204786,6.28318530718,8.377580409573),
.UNSPECIFIED.) CURVE() GEOMETRIC_REPRESENTATION_ITEM() 
RATIONAL_B_SPLINE_CURVE((1.,0.5,1.,0.5,1.,0.5,1.)) REPRESENTATION_ITEM(
  '') );
#10862 = CARTESIAN_POINT('',(35.125,-38.4));
#10863 = CARTESIAN_POINT('',(-33.29100689897,-38.4));
#10864 = CARTESIAN_POINT('',(0.916996550515,20.85));
#10865 = CARTESIAN_POINT('',(35.125,80.1));
#10866 = CARTESIAN_POINT('',(69.333003449485,20.85));
#10867 = CARTESIAN_POINT('',(103.54100689897,-38.4));
#10868 = CARTESIAN_POINT('',(35.125,-38.4));
#10869 = ( GEOMETRIC_REPRESENTATION_CONTEXT(2) 
PARAMETRIC_REPRESENTATION_CONTEXT() REPRESENTATION_CONTEXT('2D SPACE',''
  ) );
#10870 = PCURVE('',#9607,#10871);
#10871 = DEFINITIONAL_REPRESENTATION('',(#10872),#10876);
#10872 = LINE('',#10873,#10874);
#10873 = CARTESIAN_POINT('',(-0.,0.));
#10874 = VECTOR('',#10875,1.);
#10875 = DIRECTION('',(-1.,0.));
#10876 = ( GEOMETRIC_REPRESENTATION_CONTEXT(2) 
PARAMETRIC_REPRESENTATION_CONTEXT() REPRESENTATION_CONTEXT('2D SPACE',''
  ) );
#10877 = ORIENTED_EDGE('',*,*,#2710,.T.);
#10878 = ADVANCED_FACE('',(#10879),#2777,.T.);
#10879 = FACE_BOUND('',#10880,.T.);
#10880 = EDGE_LOOP('',(#10881,#10903,#10904,#10930));
#10881 = ORIENTED_EDGE('',*,*,#10882,.F.);
#10882 = EDGE_CURVE('',#3118,#2762,#10883,.T.);
#10883 = SURFACE_CURVE('',#10884,(#10889,#10896),.PCURVE_S1.);
#10884 = CIRCLE('',#10885,36.5);
#10885 = AXIS2_PLACEMENT_3D('',#10886,#10887,#10888);
#10886 = CARTESIAN_POINT('',(1.1,-7.105427357601E-15,2.));
#10887 = DIRECTION('',(0.,0.,-1.));
#10888 = DIRECTION('',(1.,3.98620982807E-16,0.));
#10889 = PCURVE('',#2777,#10890);
#10890 = DEFINITIONAL_REPRESENTATION('',(#10891),#10895);
#10891 = CIRCLE('',#10892,36.5);
#10892 = AXIS2_PLACEMENT_2D('',#10893,#10894);
#10893 = CARTESIAN_POINT('',(35.125,1.1));
#10894 = DIRECTION('',(6.20665587732E-16,1.));
#10895 = ( GEOMETRIC_REPRESENTATION_CONTEXT(2) 
PARAMETRIC_REPRESENTATION_CONTEXT() REPRESENTATION_CONTEXT('2D SPACE',''
  ) );
#10896 = PCURVE('',#9815,#10897);
#10897 = DEFINITIONAL_REPRESENTATION('',(#10898),#10902);
#10898 = LINE('',#10899,#10900);
#10899 = CARTESIAN_POINT('',(0.,0.));
#10900 = VECTOR('',#10901,1.);
#10901 = DIRECTION('',(1.,0.));
#10902 = ( GEOMETRIC_REPRESENTATION_CONTEXT(2) 
PARAMETRIC_REPRESENTATION_CONTEXT() REPRESENTATION_CONTEXT('2D SPACE',''
  ) );
#10903 = ORIENTED_EDGE('',*,*,#3145,.T.);
#10904 = ORIENTED_EDGE('',*,*,#10905,.F.);
#10905 = EDGE_CURVE('',#2739,#3146,#10906,.T.);
#10906 = SURFACE_CURVE('',#10907,(#10912,#10923),.PCURVE_S1.);
#10907 = CIRCLE('',#10908,37.3);
#10908 = AXIS2_PLACEMENT_3D('',#10909,#10910,#10911);
#10909 = CARTESIAN_POINT('',(1.1,-3.552713678801E-15,2.));
#10910 = DIRECTION('',(0.,0.,1.));
#10911 = DIRECTION('',(-1.,2.573423753046E-16,-0.));
#10912 = PCURVE('',#2777,#10913);
#10913 = DEFINITIONAL_REPRESENTATION('',(#10914),#10922);
#10914 = ( BOUNDED_CURVE() B_SPLINE_CURVE(2,(#10915,#10916,#10917,#10918
    ,#10919,#10920,#10921),.UNSPECIFIED.,.T.,.F.) 
B_SPLINE_CURVE_WITH_KNOTS((1,2,2,2,2,1),(-2.094395102393,0.,
    2.094395102393,4.188790204786,6.28318530718,8.377580409573),
.UNSPECIFIED.) CURVE() GEOMETRIC_REPRESENTATION_ITEM() 
RATIONAL_B_SPLINE_CURVE((1.,0.5,1.,0.5,1.,0.5,1.)) REPRESENTATION_ITEM(
  '') );
#10915 = CARTESIAN_POINT('',(35.125,-36.2));
#10916 = CARTESIAN_POINT('',(-29.48049512231,-36.2));
#10917 = CARTESIAN_POINT('',(2.82225243884,19.75));
#10918 = CARTESIAN_POINT('',(35.125,75.7));
#10919 = CARTESIAN_POINT('',(67.42774756116,19.75));
#10920 = CARTESIAN_POINT('',(99.730495122319,-36.2));
#10921 = CARTESIAN_POINT('',(35.125,-36.2));
#10922 = ( GEOMETRIC_REPRESENTATION_CONTEXT(2) 
PARAMETRIC_REPRESENTATION_CONTEXT() REPRESENTATION_CONTEXT('2D SPACE',''
  ) );
#10923 = PCURVE('',#9785,#10924);
#10924 = DEFINITIONAL_REPRESENTATION('',(#10925),#10929);
#10925 = LINE('',#10926,#10927);
#10926 = CARTESIAN_POINT('',(-0.,0.));
#10927 = VECTOR('',#10928,1.);
#10928 = DIRECTION('',(-1.,0.));
#10929 = ( GEOMETRIC_REPRESENTATION_CONTEXT(2) 
PARAMETRIC_REPRESENTATION_CONTEXT() REPRESENTATION_CONTEXT('2D SPACE',''
  ) );
#10930 = ORIENTED_EDGE('',*,*,#2761,.T.);
#10931 = ADVANCED_FACE('',(#10932),#2828,.T.);
#10932 = FACE_BOUND('',#10933,.T.);
#10933 = EDGE_LOOP('',(#10934,#10956,#10957,#10983));
#10934 = ORIENTED_EDGE('',*,*,#10935,.F.);
#10935 = EDGE_CURVE('',#3067,#2813,#10936,.T.);
#10936 = SURFACE_CURVE('',#10937,(#10942,#10949),.PCURVE_S1.);
#10937 = CIRCLE('',#10938,34.3);
#10938 = AXIS2_PLACEMENT_3D('',#10939,#10940,#10941);
#10939 = CARTESIAN_POINT('',(1.1,1.7763568394E-15,2.));
#10940 = DIRECTION('',(0.,0.,-1.));
#10941 = DIRECTION('',(1.,2.601159486355E-16,0.));
#10942 = PCURVE('',#2828,#10943);
#10943 = DEFINITIONAL_REPRESENTATION('',(#10944),#10948);
#10944 = CIRCLE('',#10945,34.3);
#10945 = AXIS2_PLACEMENT_2D('',#10946,#10947);
#10946 = CARTESIAN_POINT('',(35.125,1.1));
#10947 = DIRECTION('',(4.821605535605E-16,1.));
#10948 = ( GEOMETRIC_REPRESENTATION_CONTEXT(2) 
PARAMETRIC_REPRESENTATION_CONTEXT() REPRESENTATION_CONTEXT('2D SPACE',''
  ) );
#10949 = PCURVE('',#9993,#10950);
#10950 = DEFINITIONAL_REPRESENTATION('',(#10951),#10955);
#10951 = LINE('',#10952,#10953);
#10952 = CARTESIAN_POINT('',(0.,0.));
#10953 = VECTOR('',#10954,1.);
#10954 = DIRECTION('',(1.,0.));
#10955 = ( GEOMETRIC_REPRESENTATION_CONTEXT(2) 
PARAMETRIC_REPRESENTATION_CONTEXT() REPRESENTATION_CONTEXT('2D SPACE',''
  ) );
#10956 = ORIENTED_EDGE('',*,*,#3094,.T.);
#10957 = ORIENTED_EDGE('',*,*,#10958,.F.);
#10958 = EDGE_CURVE('',#2790,#3095,#10959,.T.);
#10959 = SURFACE_CURVE('',#10960,(#10965,#10976),.PCURVE_S1.);
#10960 = CIRCLE('',#10961,35.1);
#10961 = AXIS2_PLACEMENT_3D('',#10962,#10963,#10964);
#10962 = CARTESIAN_POINT('',(1.1,1.7763568394E-15,2.));
#10963 = DIRECTION('',(0.,0.,1.));
#10964 = DIRECTION('',(-1.,1.284521493365E-16,-0.));
#10965 = PCURVE('',#2828,#10966);
#10966 = DEFINITIONAL_REPRESENTATION('',(#10967),#10975);
#10967 = ( BOUNDED_CURVE() B_SPLINE_CURVE(2,(#10968,#10969,#10970,#10971
    ,#10972,#10973,#10974),.UNSPECIFIED.,.T.,.F.) 
B_SPLINE_CURVE_WITH_KNOTS((1,2,2,2,2,1),(-2.094395102393,0.,
    2.094395102393,4.188790204786,6.28318530718,8.377580409573),
.UNSPECIFIED.) CURVE() GEOMETRIC_REPRESENTATION_ITEM() 
RATIONAL_B_SPLINE_CURVE((1.,0.5,1.,0.5,1.,0.5,1.)) REPRESENTATION_ITEM(
  '') );
#10968 = CARTESIAN_POINT('',(35.125,-34.));
#10969 = CARTESIAN_POINT('',(-25.66998334566,-34.));
#10970 = CARTESIAN_POINT('',(4.727508327166,18.65));
#10971 = CARTESIAN_POINT('',(35.125,71.3));
#10972 = CARTESIAN_POINT('',(65.522491672834,18.65));
#10973 = CARTESIAN_POINT('',(95.919983345668,-34.));
#10974 = CARTESIAN_POINT('',(35.125,-34.));
#10975 = ( GEOMETRIC_REPRESENTATION_CONTEXT(2) 
PARAMETRIC_REPRESENTATION_CONTEXT() REPRESENTATION_CONTEXT('2D SPACE',''
  ) );
#10976 = PCURVE('',#9963,#10977);
#10977 = DEFINITIONAL_REPRESENTATION('',(#10978),#10982);
#10978 = LINE('',#10979,#10980);
#10979 = CARTESIAN_POINT('',(-0.,0.));
#10980 = VECTOR('',#10981,1.);
#10981 = DIRECTION('',(-1.,0.));
#10982 = ( GEOMETRIC_REPRESENTATION_CONTEXT(2) 
PARAMETRIC_REPRESENTATION_CONTEXT() REPRESENTATION_CONTEXT('2D SPACE',''
  ) );
#10983 = ORIENTED_EDGE('',*,*,#2812,.T.);
#10984 = ADVANCED_FACE('',(#10985),#2879,.T.);
#10985 = FACE_BOUND('',#10986,.T.);
#10986 = EDGE_LOOP('',(#10987,#11009,#11010,#11036));
#10987 = ORIENTED_EDGE('',*,*,#10988,.F.);
#10988 = EDGE_CURVE('',#3016,#2864,#10989,.T.);
#10989 = SURFACE_CURVE('',#10990,(#10995,#11002),.PCURVE_S1.);
#10990 = CIRCLE('',#10991,32.1);
#10991 = AXIS2_PLACEMENT_3D('',#10992,#10993,#10994);
#10992 = CARTESIAN_POINT('',(1.1,-1.7763568394E-15,2.));
#10993 = DIRECTION('',(0.,0.,-1.));
#10994 = DIRECTION('',(1.,2.975080536767E-16,0.));
#10995 = PCURVE('',#2879,#10996);
#10996 = DEFINITIONAL_REPRESENTATION('',(#10997),#11001);
#10997 = CIRCLE('',#10998,32.1);
#10998 = AXIS2_PLACEMENT_2D('',#10999,#11000);
#10999 = CARTESIAN_POINT('',(35.125,1.1));
#11000 = DIRECTION('',(5.195526586017E-16,1.));
#11001 = ( GEOMETRIC_REPRESENTATION_CONTEXT(2) 
PARAMETRIC_REPRESENTATION_CONTEXT() REPRESENTATION_CONTEXT('2D SPACE',''
  ) );
#11002 = PCURVE('',#10171,#11003);
#11003 = DEFINITIONAL_REPRESENTATION('',(#11004),#11008);
#11004 = LINE('',#11005,#11006);
#11005 = CARTESIAN_POINT('',(0.,0.));
#11006 = VECTOR('',#11007,1.);
#11007 = DIRECTION('',(1.,0.));
#11008 = ( GEOMETRIC_REPRESENTATION_CONTEXT(2) 
PARAMETRIC_REPRESENTATION_CONTEXT() REPRESENTATION_CONTEXT('2D SPACE',''
  ) );
#11009 = ORIENTED_EDGE('',*,*,#3043,.T.);
#11010 = ORIENTED_EDGE('',*,*,#11011,.F.);
#11011 = EDGE_CURVE('',#2841,#3044,#11012,.T.);
#11012 = SURFACE_CURVE('',#11013,(#11018,#11029),.PCURVE_S1.);
#11013 = CIRCLE('',#11014,32.9);
#11014 = AXIS2_PLACEMENT_3D('',#11015,#11016,#11017);
#11015 = CARTESIAN_POINT('',(1.1,3.552713678801E-15,2.));
#11016 = DIRECTION('',(0.,0.,1.));
#11017 = DIRECTION('',(-1.,-1.781232149803E-16,0.));
#11018 = PCURVE('',#2879,#11019);
#11019 = DEFINITIONAL_REPRESENTATION('',(#11020),#11028);
#11020 = ( BOUNDED_CURVE() B_SPLINE_CURVE(2,(#11021,#11022,#11023,#11024
    ,#11025,#11026,#11027),.UNSPECIFIED.,.T.,.F.) 
B_SPLINE_CURVE_WITH_KNOTS((1,2,2,2,2,1),(-2.094395102393,0.,
    2.094395102393,4.188790204786,6.28318530718,8.377580409573),
.UNSPECIFIED.) CURVE() GEOMETRIC_REPRESENTATION_ITEM() 
RATIONAL_B_SPLINE_CURVE((1.,0.5,1.,0.5,1.,0.5,1.)) REPRESENTATION_ITEM(
  '') );
#11021 = CARTESIAN_POINT('',(35.125,-31.8));
#11022 = CARTESIAN_POINT('',(-21.85947156901,-31.8));
#11023 = CARTESIAN_POINT('',(6.632764215492,17.55));
#11024 = CARTESIAN_POINT('',(35.125,66.9));
#11025 = CARTESIAN_POINT('',(63.617235784508,17.55));
#11026 = CARTESIAN_POINT('',(92.109471569016,-31.8));
#11027 = CARTESIAN_POINT('',(35.125,-31.8));
#11028 = ( GEOMETRIC_REPRESENTATION_CONTEXT(2) 
PARAMETRIC_REPRESENTATION_CONTEXT() REPRESENTATION_CONTEXT('2D SPACE',''
  ) );
#11029 = PCURVE('',#10141,#11030);
#11030 = DEFINITIONAL_REPRESENTATION('',(#11031),#11035);
#11031 = LINE('',#11032,#11033);
#11032 = CARTESIAN_POINT('',(-0.,0.));
#11033 = VECTOR('',#11034,1.);
#11034 = DIRECTION('',(-1.,0.));
#11035 = ( GEOMETRIC_REPRESENTATION_CONTEXT(2) 
PARAMETRIC_REPRESENTATION_CONTEXT() REPRESENTATION_CONTEXT('2D SPACE',''
  ) );
#11036 = ORIENTED_EDGE('',*,*,#2863,.T.);
#11037 = ADVANCED_FACE('',(#11038),#2930,.T.);
#11038 = FACE_BOUND('',#11039,.T.);
#11039 = EDGE_LOOP('',(#11040,#11062,#11063,#11089));
#11040 = ORIENTED_EDGE('',*,*,#11041,.F.);
#11041 = EDGE_CURVE('',#2970,#2915,#11042,.T.);
#11042 = SURFACE_CURVE('',#11043,(#11048,#11055),.PCURVE_S1.);
#11043 = CIRCLE('',#11044,29.9);
#11044 = AXIS2_PLACEMENT_3D('',#11045,#11046,#11047);
#11045 = CARTESIAN_POINT('',(1.1,-1.7763568394E-15,2.));
#11046 = DIRECTION('',(0.,0.,-1.));
#11047 = DIRECTION('',(1.,2.793089199885E-16,0.));
#11048 = PCURVE('',#2930,#11049);
#11049 = DEFINITIONAL_REPRESENTATION('',(#11050),#11054);
#11050 = CIRCLE('',#11051,29.9);
#11051 = AXIS2_PLACEMENT_2D('',#11052,#11053);
#11052 = CARTESIAN_POINT('',(35.125,1.1));
#11053 = DIRECTION('',(5.013535249135E-16,1.));
#11054 = ( GEOMETRIC_REPRESENTATION_CONTEXT(2) 
PARAMETRIC_REPRESENTATION_CONTEXT() REPRESENTATION_CONTEXT('2D SPACE',''
  ) );
#11055 = PCURVE('',#8660,#11056);
#11056 = DEFINITIONAL_REPRESENTATION('',(#11057),#11061);
#11057 = LINE('',#11058,#11059);
#11058 = CARTESIAN_POINT('',(0.,0.));
#11059 = VECTOR('',#11060,1.);
#11060 = DIRECTION('',(1.,0.));
#11061 = ( GEOMETRIC_REPRESENTATION_CONTEXT(2) 
PARAMETRIC_REPRESENTATION_CONTEXT() REPRESENTATION_CONTEXT('2D SPACE',''
  ) );
#11062 = ORIENTED_EDGE('',*,*,#2992,.T.);
#11063 = ORIENTED_EDGE('',*,*,#11064,.F.);
#11064 = EDGE_CURVE('',#2892,#2993,#11065,.T.);
#11065 = SURFACE_CURVE('',#11066,(#11071,#11082),.PCURVE_S1.);
#11066 = CIRCLE('',#11067,30.7);
#11067 = AXIS2_PLACEMENT_3D('',#11068,#11069,#11070);
#11068 = CARTESIAN_POINT('',(1.1,1.7763568394E-15,2.));
#11069 = DIRECTION('',(0.,0.,1.));
#11070 = DIRECTION('',(-1.,-3.517258604953E-17,0.));
#11071 = PCURVE('',#2930,#11072);
#11072 = DEFINITIONAL_REPRESENTATION('',(#11073),#11081);
#11073 = ( BOUNDED_CURVE() B_SPLINE_CURVE(2,(#11074,#11075,#11076,#11077
    ,#11078,#11079,#11080),.UNSPECIFIED.,.T.,.F.) 
B_SPLINE_CURVE_WITH_KNOTS((1,2,2,2,2,1),(-2.094395102393,0.,
    2.094395102393,4.188790204786,6.28318530718,8.377580409573),
.UNSPECIFIED.) CURVE() GEOMETRIC_REPRESENTATION_ITEM() 
RATIONAL_B_SPLINE_CURVE((1.,0.5,1.,0.5,1.,0.5,1.)) REPRESENTATION_ITEM(
  '') );
#11074 = CARTESIAN_POINT('',(35.125,-29.6));
#11075 = CARTESIAN_POINT('',(-18.04895979236,-29.6));
#11076 = CARTESIAN_POINT('',(8.538020103818,16.45));
#11077 = CARTESIAN_POINT('',(35.125,62.5));
#11078 = CARTESIAN_POINT('',(61.711979896182,16.45));
#11079 = CARTESIAN_POINT('',(88.298959792365,-29.6));
#11080 = CARTESIAN_POINT('',(35.125,-29.6));
#11081 = ( GEOMETRIC_REPRESENTATION_CONTEXT(2) 
PARAMETRIC_REPRESENTATION_CONTEXT() REPRESENTATION_CONTEXT('2D SPACE',''
  ) );
#11082 = PCURVE('',#8631,#11083);
#11083 = DEFINITIONAL_REPRESENTATION('',(#11084),#11088);
#11084 = LINE('',#11085,#11086);
#11085 = CARTESIAN_POINT('',(-0.,0.));
#11086 = VECTOR('',#11087,1.);
#11087 = DIRECTION('',(-1.,0.));
#11088 = ( GEOMETRIC_REPRESENTATION_CONTEXT(2) 
PARAMETRIC_REPRESENTATION_CONTEXT() REPRESENTATION_CONTEXT('2D SPACE',''
  ) );
#11089 = ORIENTED_EDGE('',*,*,#2914,.T.);
#11090 = ADVANCED_FACE('',(#11091),#3031,.T.);
#11091 = FACE_BOUND('',#11092,.T.);
#11092 = EDGE_LOOP('',(#11093,#11115,#11116,#11142));
#11093 = ORIENTED_EDGE('',*,*,#11094,.F.);
#11094 = EDGE_CURVE('',#2993,#3931,#11095,.T.);
#11095 = SURFACE_CURVE('',#11096,(#11101,#11108),.PCURVE_S1.);
#11096 = CIRCLE('',#11097,30.7);
#11097 = AXIS2_PLACEMENT_3D('',#11098,#11099,#11100);
#11098 = CARTESIAN_POINT('',(1.1,1.7763568394E-15,2.));
#11099 = DIRECTION('',(0.,0.,1.));
#11100 = DIRECTION('',(-1.,-3.517258604953E-17,0.));
#11101 = PCURVE('',#3031,#11102);
#11102 = DEFINITIONAL_REPRESENTATION('',(#11103),#11107);
#11103 = CIRCLE('',#11104,30.7);
#11104 = AXIS2_PLACEMENT_2D('',#11105,#11106);
#11105 = CARTESIAN_POINT('',(1.1,-1.931246043641E-15));
#11106 = DIRECTION('',(-1.,-3.517258604953E-17));
#11107 = ( GEOMETRIC_REPRESENTATION_CONTEXT(2) 
PARAMETRIC_REPRESENTATION_CONTEXT() REPRESENTATION_CONTEXT('2D SPACE',''
  ) );
#11108 = PCURVE('',#8631,#11109);
#11109 = DEFINITIONAL_REPRESENTATION('',(#11110),#11114);
#11110 = LINE('',#11111,#11112);
#11111 = CARTESIAN_POINT('',(-0.,0.));
#11112 = VECTOR('',#11113,1.);
#11113 = DIRECTION('',(-1.,0.));
#11114 = ( GEOMETRIC_REPRESENTATION_CONTEXT(2) 
PARAMETRIC_REPRESENTATION_CONTEXT() REPRESENTATION_CONTEXT('2D SPACE',''
  ) );
#11115 = ORIENTED_EDGE('',*,*,#3015,.T.);
#11116 = ORIENTED_EDGE('',*,*,#11117,.F.);
#11117 = EDGE_CURVE('',#3903,#3016,#11118,.T.);
#11118 = SURFACE_CURVE('',#11119,(#11124,#11135),.PCURVE_S1.);
#11119 = CIRCLE('',#11120,32.1);
#11120 = AXIS2_PLACEMENT_3D('',#11121,#11122,#11123);
#11121 = CARTESIAN_POINT('',(1.1,-1.7763568394E-15,2.));
#11122 = DIRECTION('',(0.,0.,-1.));
#11123 = DIRECTION('',(1.,2.975080536767E-16,0.));
#11124 = PCURVE('',#3031,#11125);
#11125 = DEFINITIONAL_REPRESENTATION('',(#11126),#11134);
#11126 = ( BOUNDED_CURVE() B_SPLINE_CURVE(2,(#11127,#11128,#11129,#11130
    ,#11131,#11132,#11133),.UNSPECIFIED.,.T.,.F.) 
B_SPLINE_CURVE_WITH_KNOTS((1,2,2,2,2,1),(-2.094395102393,0.,
    2.094395102393,4.188790204786,6.28318530718,8.377580409573),
.UNSPECIFIED.) CURVE() GEOMETRIC_REPRESENTATION_ITEM() 
RATIONAL_B_SPLINE_CURVE((1.,0.5,1.,0.5,1.,0.5,1.)) REPRESENTATION_ITEM(
  '') );
#11127 = CARTESIAN_POINT('',(33.2,4.06604880058E-15));
#11128 = CARTESIAN_POINT('',(33.2,-55.59883092296));
#11129 = CARTESIAN_POINT('',(-14.95,-27.79941546148));
#11130 = CARTESIAN_POINT('',(-63.1,-3.244620921901E-14));
#11131 = CARTESIAN_POINT('',(-14.95,27.79941546148));
#11132 = CARTESIAN_POINT('',(33.2,55.598830922961));
#11133 = CARTESIAN_POINT('',(33.2,4.06604880058E-15));
#11134 = ( GEOMETRIC_REPRESENTATION_CONTEXT(2) 
PARAMETRIC_REPRESENTATION_CONTEXT() REPRESENTATION_CONTEXT('2D SPACE',''
  ) );
#11135 = PCURVE('',#10171,#11136);
#11136 = DEFINITIONAL_REPRESENTATION('',(#11137),#11141);
#11137 = LINE('',#11138,#11139);
#11138 = CARTESIAN_POINT('',(0.,0.));
#11139 = VECTOR('',#11140,1.);
#11140 = DIRECTION('',(1.,0.));
#11141 = ( GEOMETRIC_REPRESENTATION_CONTEXT(2) 
PARAMETRIC_REPRESENTATION_CONTEXT() REPRESENTATION_CONTEXT('2D SPACE',''
  ) );
#11142 = ORIENTED_EDGE('',*,*,#3930,.T.);
#11143 = ADVANCED_FACE('',(#11144),#3082,.T.);
#11144 = FACE_BOUND('',#11145,.T.);
#11145 = EDGE_LOOP('',(#11146,#11168,#11169,#11195));
#11146 = ORIENTED_EDGE('',*,*,#11147,.F.);
#11147 = EDGE_CURVE('',#3044,#3880,#11148,.T.);
#11148 = SURFACE_CURVE('',#11149,(#11154,#11161),.PCURVE_S1.);
#11149 = CIRCLE('',#11150,32.9);
#11150 = AXIS2_PLACEMENT_3D('',#11151,#11152,#11153);
#11151 = CARTESIAN_POINT('',(1.1,3.552713678801E-15,2.));
#11152 = DIRECTION('',(0.,0.,1.));
#11153 = DIRECTION('',(-1.,-1.781232149803E-16,0.));
#11154 = PCURVE('',#3082,#11155);
#11155 = DEFINITIONAL_REPRESENTATION('',(#11156),#11160);
#11156 = CIRCLE('',#11157,32.9);
#11157 = AXIS2_PLACEMENT_2D('',#11158,#11159);
#11158 = CARTESIAN_POINT('',(1.1,-1.548892042409E-16));
#11159 = DIRECTION('',(-1.,-1.781232149803E-16));
#11160 = ( GEOMETRIC_REPRESENTATION_CONTEXT(2) 
PARAMETRIC_REPRESENTATION_CONTEXT() REPRESENTATION_CONTEXT('2D SPACE',''
  ) );
#11161 = PCURVE('',#10141,#11162);
#11162 = DEFINITIONAL_REPRESENTATION('',(#11163),#11167);
#11163 = LINE('',#11164,#11165);
#11164 = CARTESIAN_POINT('',(-0.,0.));
#11165 = VECTOR('',#11166,1.);
#11166 = DIRECTION('',(-1.,0.));
#11167 = ( GEOMETRIC_REPRESENTATION_CONTEXT(2) 
PARAMETRIC_REPRESENTATION_CONTEXT() REPRESENTATION_CONTEXT('2D SPACE',''
  ) );
#11168 = ORIENTED_EDGE('',*,*,#3066,.T.);
#11169 = ORIENTED_EDGE('',*,*,#11170,.F.);
#11170 = EDGE_CURVE('',#3852,#3067,#11171,.T.);
#11171 = SURFACE_CURVE('',#11172,(#11177,#11188),.PCURVE_S1.);
#11172 = CIRCLE('',#11173,34.3);
#11173 = AXIS2_PLACEMENT_3D('',#11174,#11175,#11176);
#11174 = CARTESIAN_POINT('',(1.1,1.7763568394E-15,2.));
#11175 = DIRECTION('',(0.,0.,-1.));
#11176 = DIRECTION('',(1.,2.601159486355E-16,0.));
#11177 = PCURVE('',#3082,#11178);
#11178 = DEFINITIONAL_REPRESENTATION('',(#11179),#11187);
#11179 = ( BOUNDED_CURVE() B_SPLINE_CURVE(2,(#11180,#11181,#11182,#11183
    ,#11184,#11185,#11186),.UNSPECIFIED.,.T.,.F.) 
B_SPLINE_CURVE_WITH_KNOTS((1,2,2,2,2,1),(-2.094395102393,0.,
    2.094395102393,4.188790204786,6.28318530718,8.377580409573),
.UNSPECIFIED.) CURVE() GEOMETRIC_REPRESENTATION_ITEM() 
RATIONAL_B_SPLINE_CURVE((1.,0.5,1.,0.5,1.,0.5,1.)) REPRESENTATION_ITEM(
  '') );
#11180 = CARTESIAN_POINT('',(35.4,6.990730994557E-15));
#11181 = CARTESIAN_POINT('',(35.4,-59.40934269961));
#11182 = CARTESIAN_POINT('',(-16.05,-29.7046713498));
#11183 = CARTESIAN_POINT('',(-67.5,-2.817627716219E-14));
#11184 = CARTESIAN_POINT('',(-16.05,29.704671349806));
#11185 = CARTESIAN_POINT('',(35.4,59.409342699613));
#11186 = CARTESIAN_POINT('',(35.4,6.990730994557E-15));
#11187 = ( GEOMETRIC_REPRESENTATION_CONTEXT(2) 
PARAMETRIC_REPRESENTATION_CONTEXT() REPRESENTATION_CONTEXT('2D SPACE',''
  ) );
#11188 = PCURVE('',#9993,#11189);
#11189 = DEFINITIONAL_REPRESENTATION('',(#11190),#11194);
#11190 = LINE('',#11191,#11192);
#11191 = CARTESIAN_POINT('',(0.,0.));
#11192 = VECTOR('',#11193,1.);
#11193 = DIRECTION('',(1.,0.));
#11194 = ( GEOMETRIC_REPRESENTATION_CONTEXT(2) 
PARAMETRIC_REPRESENTATION_CONTEXT() REPRESENTATION_CONTEXT('2D SPACE',''
  ) );
#11195 = ORIENTED_EDGE('',*,*,#3879,.T.);
#11196 = ADVANCED_FACE('',(#11197),#3133,.T.);
#11197 = FACE_BOUND('',#11198,.T.);
#11198 = EDGE_LOOP('',(#11199,#11221,#11222,#11248));
#11199 = ORIENTED_EDGE('',*,*,#11200,.F.);
#11200 = EDGE_CURVE('',#3095,#3829,#11201,.T.);
#11201 = SURFACE_CURVE('',#11202,(#11207,#11214),.PCURVE_S1.);
#11202 = CIRCLE('',#11203,35.1);
#11203 = AXIS2_PLACEMENT_3D('',#11204,#11205,#11206);
#11204 = CARTESIAN_POINT('',(1.1,1.7763568394E-15,2.));
#11205 = DIRECTION('',(0.,0.,1.));
#11206 = DIRECTION('',(-1.,1.284521493365E-16,-0.));
#11207 = PCURVE('',#3133,#11208);
#11208 = DEFINITIONAL_REPRESENTATION('',(#11209),#11213);
#11209 = CIRCLE('',#11210,35.1);
#11210 = AXIS2_PLACEMENT_2D('',#11211,#11212);
#11211 = CARTESIAN_POINT('',(1.1,-1.931246043641E-15));
#11212 = DIRECTION('',(-1.,1.284521493365E-16));
#11213 = ( GEOMETRIC_REPRESENTATION_CONTEXT(2) 
PARAMETRIC_REPRESENTATION_CONTEXT() REPRESENTATION_CONTEXT('2D SPACE',''
  ) );
#11214 = PCURVE('',#9963,#11215);
#11215 = DEFINITIONAL_REPRESENTATION('',(#11216),#11220);
#11216 = LINE('',#11217,#11218);
#11217 = CARTESIAN_POINT('',(-0.,0.));
#11218 = VECTOR('',#11219,1.);
#11219 = DIRECTION('',(-1.,0.));
#11220 = ( GEOMETRIC_REPRESENTATION_CONTEXT(2) 
PARAMETRIC_REPRESENTATION_CONTEXT() REPRESENTATION_CONTEXT('2D SPACE',''
  ) );
#11221 = ORIENTED_EDGE('',*,*,#3117,.T.);
#11222 = ORIENTED_EDGE('',*,*,#11223,.F.);
#11223 = EDGE_CURVE('',#3801,#3118,#11224,.T.);
#11224 = SURFACE_CURVE('',#11225,(#11230,#11241),.PCURVE_S1.);
#11225 = CIRCLE('',#11226,36.5);
#11226 = AXIS2_PLACEMENT_3D('',#11227,#11228,#11229);
#11227 = CARTESIAN_POINT('',(1.1,-7.105427357601E-15,2.));
#11228 = DIRECTION('',(0.,0.,-1.));
#11229 = DIRECTION('',(1.,3.98620982807E-16,0.));
#11230 = PCURVE('',#3133,#11231);
#11231 = DEFINITIONAL_REPRESENTATION('',(#11232),#11240);
#11232 = ( BOUNDED_CURVE() B_SPLINE_CURVE(2,(#11233,#11234,#11235,#11236
    ,#11237,#11238,#11239),.UNSPECIFIED.,.T.,.F.) 
B_SPLINE_CURVE_WITH_KNOTS((1,2,2,2,2,1),(-2.094395102393,0.,
    2.094395102393,4.188790204786,6.28318530718,8.377580409573),
.UNSPECIFIED.) CURVE() GEOMETRIC_REPRESENTATION_ITEM() 
RATIONAL_B_SPLINE_CURVE((1.,0.5,1.,0.5,1.,0.5,1.)) REPRESENTATION_ITEM(
  '') );
#11233 = CARTESIAN_POINT('',(37.6,3.736635631813E-15));
#11234 = CARTESIAN_POINT('',(37.6,-63.21985447626));
#11235 = CARTESIAN_POINT('',(-17.15,-31.60992723813));
#11236 = CARTESIAN_POINT('',(-71.9,-4.885228361933E-14));
#11237 = CARTESIAN_POINT('',(-17.15,31.609927238132));
#11238 = CARTESIAN_POINT('',(37.6,63.219854476264));
#11239 = CARTESIAN_POINT('',(37.6,3.736635631813E-15));
#11240 = ( GEOMETRIC_REPRESENTATION_CONTEXT(2) 
PARAMETRIC_REPRESENTATION_CONTEXT() REPRESENTATION_CONTEXT('2D SPACE',''
  ) );
#11241 = PCURVE('',#9815,#11242);
#11242 = DEFINITIONAL_REPRESENTATION('',(#11243),#11247);
#11243 = LINE('',#11244,#11245);
#11244 = CARTESIAN_POINT('',(0.,0.));
#11245 = VECTOR('',#11246,1.);
#11246 = DIRECTION('',(1.,0.));
#11247 = ( GEOMETRIC_REPRESENTATION_CONTEXT(2) 
PARAMETRIC_REPRESENTATION_CONTEXT() REPRESENTATION_CONTEXT('2D SPACE',''
  ) );
#11248 = ORIENTED_EDGE('',*,*,#3828,.T.);
#11249 = ADVANCED_FACE('',(#11250),#3184,.T.);
#11250 = FACE_BOUND('',#11251,.T.);
#11251 = EDGE_LOOP('',(#11252,#11274,#11275,#11301));
#11252 = ORIENTED_EDGE('',*,*,#11253,.F.);
#11253 = EDGE_CURVE('',#3146,#3778,#11254,.T.);
#11254 = SURFACE_CURVE('',#11255,(#11260,#11267),.PCURVE_S1.);
#11255 = CIRCLE('',#11256,37.3);
#11256 = AXIS2_PLACEMENT_3D('',#11257,#11258,#11259);
#11257 = CARTESIAN_POINT('',(1.1,-3.552713678801E-15,2.));
#11258 = DIRECTION('',(0.,0.,1.));
#11259 = DIRECTION('',(-1.,2.573423753046E-16,-0.));
#11260 = PCURVE('',#3184,#11261);
#11261 = DEFINITIONAL_REPRESENTATION('',(#11262),#11266);
#11262 = CIRCLE('',#11263,37.3);
#11263 = AXIS2_PLACEMENT_2D('',#11264,#11265);
#11264 = CARTESIAN_POINT('',(1.1,-7.260316561842E-15));
#11265 = DIRECTION('',(-1.,2.573423753046E-16));
#11266 = ( GEOMETRIC_REPRESENTATION_CONTEXT(2) 
PARAMETRIC_REPRESENTATION_CONTEXT() REPRESENTATION_CONTEXT('2D SPACE',''
  ) );
#11267 = PCURVE('',#9785,#11268);
#11268 = DEFINITIONAL_REPRESENTATION('',(#11269),#11273);
#11269 = LINE('',#11270,#11271);
#11270 = CARTESIAN_POINT('',(-0.,0.));
#11271 = VECTOR('',#11272,1.);
#11272 = DIRECTION('',(-1.,0.));
#11273 = ( GEOMETRIC_REPRESENTATION_CONTEXT(2) 
PARAMETRIC_REPRESENTATION_CONTEXT() REPRESENTATION_CONTEXT('2D SPACE',''
  ) );
#11274 = ORIENTED_EDGE('',*,*,#3168,.T.);
#11275 = ORIENTED_EDGE('',*,*,#11276,.F.);
#11276 = EDGE_CURVE('',#3750,#3169,#11277,.T.);
#11277 = SURFACE_CURVE('',#11278,(#11283,#11294),.PCURVE_S1.);
#11278 = CIRCLE('',#11279,38.7);
#11279 = AXIS2_PLACEMENT_3D('',#11280,#11281,#11282);
#11280 = CARTESIAN_POINT('',(1.1,1.7763568394E-15,2.));
#11281 = DIRECTION('',(0.,0.,-1.));
#11282 = DIRECTION('',(1.,8.861121332198E-17,0.));
#11283 = PCURVE('',#3184,#11284);
#11284 = DEFINITIONAL_REPRESENTATION('',(#11285),#11293);
#11285 = ( BOUNDED_CURVE() B_SPLINE_CURVE(2,(#11286,#11287,#11288,#11289
    ,#11290,#11291,#11292),.UNSPECIFIED.,.T.,.F.) 
B_SPLINE_CURVE_WITH_KNOTS((1,2,2,2,2,1),(-2.094395102393,0.,
    2.094395102393,4.188790204786,6.28318530718,8.377580409573),
.UNSPECIFIED.) CURVE() GEOMETRIC_REPRESENTATION_ITEM() 
RATIONAL_B_SPLINE_CURVE((1.,0.5,1.,0.5,1.,0.5,1.)) REPRESENTATION_ITEM(
  '') );
#11286 = CARTESIAN_POINT('',(39.8,1.49800791192E-15));
#11287 = CARTESIAN_POINT('',(39.8,-67.03036625291));
#11288 = CARTESIAN_POINT('',(-18.25,-33.51518312645));
#11289 = CARTESIAN_POINT('',(-76.3,-1.826852018016E-14));
#11290 = CARTESIAN_POINT('',(-18.25,33.515183126458));
#11291 = CARTESIAN_POINT('',(39.8,67.030366252916));
#11292 = CARTESIAN_POINT('',(39.8,1.49800791192E-15));
#11293 = ( GEOMETRIC_REPRESENTATION_CONTEXT(2) 
PARAMETRIC_REPRESENTATION_CONTEXT() REPRESENTATION_CONTEXT('2D SPACE',''
  ) );
#11294 = PCURVE('',#9637,#11295);
#11295 = DEFINITIONAL_REPRESENTATION('',(#11296),#11300);
#11296 = LINE('',#11297,#11298);
#11297 = CARTESIAN_POINT('',(0.,0.));
#11298 = VECTOR('',#11299,1.);
#11299 = DIRECTION('',(1.,0.));
#11300 = ( GEOMETRIC_REPRESENTATION_CONTEXT(2) 
PARAMETRIC_REPRESENTATION_CONTEXT() REPRESENTATION_CONTEXT('2D SPACE',''
  ) );
#11301 = ORIENTED_EDGE('',*,*,#3777,.T.);
#11302 = ADVANCED_FACE('',(#11303),#3235,.T.);
#11303 = FACE_BOUND('',#11304,.T.);
#11304 = EDGE_LOOP('',(#11305,#11327,#11328,#11354,#11355));
#11305 = ORIENTED_EDGE('',*,*,#11306,.F.);
#11306 = EDGE_CURVE('',#3197,#3727,#11307,.T.);
#11307 = SURFACE_CURVE('',#11308,(#11313,#11320),.PCURVE_S1.);
#11308 = CIRCLE('',#11309,39.5);
#11309 = AXIS2_PLACEMENT_3D('',#11310,#11311,#11312);
#11310 = CARTESIAN_POINT('',(1.1,-1.7763568394E-15,2.));
#11311 = DIRECTION('',(0.,0.,1.));
#11312 = DIRECTION('',(-1.,3.551613792668E-16,-0.));
#11313 = PCURVE('',#3235,#11314);
#11314 = DEFINITIONAL_REPRESENTATION('',(#11315),#11319);
#11315 = CIRCLE('',#11316,39.5);
#11316 = AXIS2_PLACEMENT_2D('',#11317,#11318);
#11317 = CARTESIAN_POINT('',(1.1,-5.483959722442E-15));
#11318 = DIRECTION('',(-1.,3.551613792668E-16));
#11319 = ( GEOMETRIC_REPRESENTATION_CONTEXT(2) 
PARAMETRIC_REPRESENTATION_CONTEXT() REPRESENTATION_CONTEXT('2D SPACE',''
  ) );
#11320 = PCURVE('',#9607,#11321);
#11321 = DEFINITIONAL_REPRESENTATION('',(#11322),#11326);
#11322 = LINE('',#11323,#11324);
#11323 = CARTESIAN_POINT('',(-0.,0.));
#11324 = VECTOR('',#11325,1.);
#11325 = DIRECTION('',(-1.,0.));
#11326 = ( GEOMETRIC_REPRESENTATION_CONTEXT(2) 
PARAMETRIC_REPRESENTATION_CONTEXT() REPRESENTATION_CONTEXT('2D SPACE',''
  ) );
#11327 = ORIENTED_EDGE('',*,*,#3219,.T.);
#11328 = ORIENTED_EDGE('',*,*,#11329,.F.);
#11329 = EDGE_CURVE('',#4477,#3220,#11330,.T.);
#11330 = SURFACE_CURVE('',#11331,(#11336,#11347),.PCURVE_S1.);
#11331 = CIRCLE('',#11332,40.9);
#11332 = AXIS2_PLACEMENT_3D('',#11333,#11334,#11335);
#11333 = CARTESIAN_POINT('',(1.1,3.552713678801E-15,2.));
#11334 = DIRECTION('',(-0.,0.,-1.));
#11335 = DIRECTION('',(1.,-2.749572604786E-17,-0.));
#11336 = PCURVE('',#3235,#11337);
#11337 = DEFINITIONAL_REPRESENTATION('',(#11338),#11346);
#11338 = ( BOUNDED_CURVE() B_SPLINE_CURVE(2,(#11339,#11340,#11341,#11342
    ,#11343,#11344,#11345),.UNSPECIFIED.,.T.,.F.) 
B_SPLINE_CURVE_WITH_KNOTS((1,2,2,2,2,1),(-2.094395102393,0.,
    2.094395102393,4.188790204786,6.28318530718,8.377580409573),
.UNSPECIFIED.) CURVE() GEOMETRIC_REPRESENTATION_ITEM() 
RATIONAL_B_SPLINE_CURVE((1.,0.5,1.,0.5,1.,0.5,1.)) REPRESENTATION_ITEM(
  '') );
#11339 = CARTESIAN_POINT('',(42.,-1.279464399599E-15));
#11340 = CARTESIAN_POINT('',(42.,-70.84087802956));
#11341 = CARTESIAN_POINT('',(-19.35,-35.42043901478));
#11342 = CARTESIAN_POINT('',(-80.7,-7.923349630551E-15));
#11343 = CARTESIAN_POINT('',(-19.35,35.420439014784));
#11344 = CARTESIAN_POINT('',(42.,70.840878029567));
#11345 = CARTESIAN_POINT('',(42.,-1.279464399599E-15));
#11346 = ( GEOMETRIC_REPRESENTATION_CONTEXT(2) 
PARAMETRIC_REPRESENTATION_CONTEXT() REPRESENTATION_CONTEXT('2D SPACE',''
  ) );
#11347 = PCURVE('',#9484,#11348);
#11348 = DEFINITIONAL_REPRESENTATION('',(#11349),#11353);
#11349 = LINE('',#11350,#11351);
#11350 = CARTESIAN_POINT('',(0.,0.));
#11351 = VECTOR('',#11352,1.);
#11352 = DIRECTION('',(1.,0.));
#11353 = ( GEOMETRIC_REPRESENTATION_CONTEXT(2) 
PARAMETRIC_REPRESENTATION_CONTEXT() REPRESENTATION_CONTEXT('2D SPACE',''
  ) );
#11354 = ORIENTED_EDGE('',*,*,#4500,.T.);
#11355 = ORIENTED_EDGE('',*,*,#3726,.T.);
#11356 = ADVANCED_FACE('',(#11357),#3337,.T.);
#11357 = FACE_BOUND('',#11358,.T.);
#11358 = EDGE_LOOP('',(#11359,#11360,#11361,#11362));
#11359 = ORIENTED_EDGE('',*,*,#8000,.F.);
#11360 = ORIENTED_EDGE('',*,*,#3320,.T.);
#11361 = ORIENTED_EDGE('',*,*,#8558,.F.);
#11362 = ORIENTED_EDGE('',*,*,#4448,.T.);
#11363 = ADVANCED_FACE('',(#11364),#3368,.T.);
#11364 = FACE_BOUND('',#11365,.T.);
#11365 = EDGE_LOOP('',(#11366,#11367,#11368,#11369));
#11366 = ORIENTED_EDGE('',*,*,#8536,.F.);
#11367 = ORIENTED_EDGE('',*,*,#3353,.T.);
#11368 = ORIENTED_EDGE('',*,*,#8299,.F.);
#11369 = ORIENTED_EDGE('',*,*,#3381,.T.);
#11370 = ADVANCED_FACE('',(#11371),#3500,.T.);
#11371 = FACE_BOUND('',#11372,.T.);
#11372 = EDGE_LOOP('',(#11373,#11374,#11375,#11401,#11402,#11403));
#11373 = ORIENTED_EDGE('',*,*,#3654,.T.);
#11374 = ORIENTED_EDGE('',*,*,#4031,.T.);
#11375 = ORIENTED_EDGE('',*,*,#11376,.F.);
#11376 = EDGE_CURVE('',#3982,#4032,#11377,.T.);
#11377 = SURFACE_CURVE('',#11378,(#11383,#11394),.PCURVE_S1.);
#11378 = CIRCLE('',#11379,28.5);
#11379 = AXIS2_PLACEMENT_3D('',#11380,#11381,#11382);
#11380 = CARTESIAN_POINT('',(1.1,3.552713678801E-15,2.));
#11381 = DIRECTION('',(0.,0.,1.));
#11382 = DIRECTION('',(-1.,-2.080751341941E-16,0.));
#11383 = PCURVE('',#3500,#11384);
#11384 = DEFINITIONAL_REPRESENTATION('',(#11385),#11393);
#11385 = ( BOUNDED_CURVE() B_SPLINE_CURVE(2,(#11386,#11387,#11388,#11389
    ,#11390,#11391,#11392),.UNSPECIFIED.,.T.,.F.) 
B_SPLINE_CURVE_WITH_KNOTS((1,2,2,2,2,1),(-2.094395102393,0.,
    2.094395102393,4.188790204786,6.28318530718,8.377580409573),
.UNSPECIFIED.) CURVE() GEOMETRIC_REPRESENTATION_ITEM() 
RATIONAL_B_SPLINE_CURVE((1.,0.5,1.,0.5,1.,0.5,1.)) REPRESENTATION_ITEM(
  '') );
#11386 = CARTESIAN_POINT('',(58.854096063694,-13.7));
#11387 = CARTESIAN_POINT('',(34.172372055837,-56.45));
#11388 = CARTESIAN_POINT('',(9.490648047981,-13.7));
#11389 = CARTESIAN_POINT('',(-15.19107595987,29.05));
#11390 = CARTESIAN_POINT('',(34.172372055837,29.05));
#11391 = CARTESIAN_POINT('',(83.53582007155,29.05));
#11392 = CARTESIAN_POINT('',(58.854096063694,-13.7));
#11393 = ( GEOMETRIC_REPRESENTATION_CONTEXT(2) 
PARAMETRIC_REPRESENTATION_CONTEXT() REPRESENTATION_CONTEXT('2D SPACE',''
  ) );
#11394 = PCURVE('',#8780,#11395);
#11395 = DEFINITIONAL_REPRESENTATION('',(#11396),#11400);
#11396 = LINE('',#11397,#11398);
#11397 = CARTESIAN_POINT('',(-0.,0.));
#11398 = VECTOR('',#11399,1.);
#11399 = DIRECTION('',(-1.,0.));
#11400 = ( GEOMETRIC_REPRESENTATION_CONTEXT(2) 
PARAMETRIC_REPRESENTATION_CONTEXT() REPRESENTATION_CONTEXT('2D SPACE',''
  ) );
#11401 = ORIENTED_EDGE('',*,*,#4004,.T.);
#11402 = ORIENTED_EDGE('',*,*,#3483,.T.);
#11403 = ORIENTED_EDGE('',*,*,#11404,.F.);
#11404 = EDGE_CURVE('',#3622,#3484,#11405,.T.);
#11405 = SURFACE_CURVE('',#11406,(#11411,#11418),.PCURVE_S1.);
#11406 = CIRCLE('',#11407,27.7);
#11407 = AXIS2_PLACEMENT_3D('',#11408,#11409,#11410);
#11408 = CARTESIAN_POINT('',(1.1,0.,2.));
#11409 = DIRECTION('',(0.,0.,-1.));
#11410 = DIRECTION('',(1.,2.868623801521E-16,0.));
#11411 = PCURVE('',#3500,#11412);
#11412 = DEFINITIONAL_REPRESENTATION('',(#11413),#11417);
#11413 = CIRCLE('',#11414,27.7);
#11414 = AXIS2_PLACEMENT_2D('',#11415,#11416);
#11415 = CARTESIAN_POINT('',(34.172372055837,0.55));
#11416 = DIRECTION('',(-0.866025403784,0.5));
#11417 = ( GEOMETRIC_REPRESENTATION_CONTEXT(2) 
PARAMETRIC_REPRESENTATION_CONTEXT() REPRESENTATION_CONTEXT('2D SPACE',''
  ) );
#11418 = PCURVE('',#8838,#11419);
#11419 = DEFINITIONAL_REPRESENTATION('',(#11420),#11424);
#11420 = LINE('',#11421,#11422);
#11421 = CARTESIAN_POINT('',(0.,0.));
#11422 = VECTOR('',#11423,1.);
#11423 = DIRECTION('',(1.,0.));
#11424 = ( GEOMETRIC_REPRESENTATION_CONTEXT(2) 
PARAMETRIC_REPRESENTATION_CONTEXT() REPRESENTATION_CONTEXT('2D SPACE',''
  ) );
#11425 = ADVANCED_FACE('',(#11426),#3557,.T.);
#11426 = FACE_BOUND('',#11427,.T.);
#11427 = EDGE_LOOP('',(#11428,#11429,#11455,#11456));
#11428 = ORIENTED_EDGE('',*,*,#3597,.T.);
#11429 = ORIENTED_EDGE('',*,*,#11430,.F.);
#11430 = EDGE_CURVE('',#3513,#3598,#11431,.T.);
#11431 = SURFACE_CURVE('',#11432,(#11437,#11448),.PCURVE_S1.);
#11432 = CIRCLE('',#11433,26.3);
#11433 = AXIS2_PLACEMENT_3D('',#11434,#11435,#11436);
#11434 = CARTESIAN_POINT('',(1.1,0.,2.));
#11435 = DIRECTION('',(0.,0.,1.));
#11436 = DIRECTION('',(-1.,-7.027960454567E-17,0.));
#11437 = PCURVE('',#3557,#11438);
#11438 = DEFINITIONAL_REPRESENTATION('',(#11439),#11447);
#11439 = ( BOUNDED_CURVE() B_SPLINE_CURVE(2,(#11440,#11441,#11442,#11443
    ,#11444,#11445,#11446),.UNSPECIFIED.,.T.,.F.) 
B_SPLINE_CURVE_WITH_KNOTS((1,2,2,2,2,1),(-2.094395102393,0.,
    2.094395102393,4.188790204786,6.28318530718,8.377580409573),
.UNSPECIFIED.) CURVE() GEOMETRIC_REPRESENTATION_ITEM() 
RATIONAL_B_SPLINE_CURVE((1.,0.5,1.,0.5,1.,0.5,1.)) REPRESENTATION_ITEM(
  '') );
#11440 = CARTESIAN_POINT('',(56.948840175368,-12.6));
#11441 = CARTESIAN_POINT('',(34.172372055837,-52.05));
#11442 = CARTESIAN_POINT('',(11.395903936306,-12.6));
#11443 = CARTESIAN_POINT('',(-11.38056418322,26.85));
#11444 = CARTESIAN_POINT('',(34.172372055837,26.85));
#11445 = CARTESIAN_POINT('',(79.725308294899,26.85));
#11446 = CARTESIAN_POINT('',(56.948840175368,-12.6));
#11447 = ( GEOMETRIC_REPRESENTATION_CONTEXT(2) 
PARAMETRIC_REPRESENTATION_CONTEXT() REPRESENTATION_CONTEXT('2D SPACE',''
  ) );
#11448 = PCURVE('',#9256,#11449);
#11449 = DEFINITIONAL_REPRESENTATION('',(#11450),#11454);
#11450 = LINE('',#11451,#11452);
#11451 = CARTESIAN_POINT('',(-0.,0.));
#11452 = VECTOR('',#11453,1.);
#11453 = DIRECTION('',(-1.,0.));
#11454 = ( GEOMETRIC_REPRESENTATION_CONTEXT(2) 
PARAMETRIC_REPRESENTATION_CONTEXT() REPRESENTATION_CONTEXT('2D SPACE',''
  ) );
#11455 = ORIENTED_EDGE('',*,*,#3540,.T.);
#11456 = ORIENTED_EDGE('',*,*,#11457,.F.);
#11457 = EDGE_CURVE('',#3570,#3541,#11458,.T.);
#11458 = SURFACE_CURVE('',#11459,(#11464,#11471),.PCURVE_S1.);
#11459 = CIRCLE('',#11460,25.5);
#11460 = AXIS2_PLACEMENT_3D('',#11461,#11462,#11463);
#11461 = CARTESIAN_POINT('',(1.1,-3.552713678801E-15,2.));
#11462 = DIRECTION('',(0.,0.,-1.));
#11463 = DIRECTION('',(1.,2.989693903897E-16,0.));
#11464 = PCURVE('',#3557,#11465);
#11465 = DEFINITIONAL_REPRESENTATION('',(#11466),#11470);
#11466 = CIRCLE('',#11467,25.5);
#11467 = AXIS2_PLACEMENT_2D('',#11468,#11469);
#11468 = CARTESIAN_POINT('',(34.172372055837,0.55));
#11469 = DIRECTION('',(-0.866025403784,0.5));
#11470 = ( GEOMETRIC_REPRESENTATION_CONTEXT(2) 
PARAMETRIC_REPRESENTATION_CONTEXT() REPRESENTATION_CONTEXT('2D SPACE',''
  ) );
#11471 = PCURVE('',#9030,#11472);
#11472 = DEFINITIONAL_REPRESENTATION('',(#11473),#11477);
#11473 = LINE('',#11474,#11475);
#11474 = CARTESIAN_POINT('',(0.,0.));
#11475 = VECTOR('',#11476,1.);
#11476 = DIRECTION('',(1.,0.));
#11477 = ( GEOMETRIC_REPRESENTATION_CONTEXT(2) 
PARAMETRIC_REPRESENTATION_CONTEXT() REPRESENTATION_CONTEXT('2D SPACE',''
  ) );
#11478 = ADVANCED_FACE('',(#11479),#3638,.T.);
#11479 = FACE_BOUND('',#11480,.T.);
#11480 = EDGE_LOOP('',(#11481,#11505,#11506,#11534,#11560,#11561));
#11481 = ORIENTED_EDGE('',*,*,#11482,.F.);
#11482 = EDGE_CURVE('',#3598,#11483,#11485,.T.);
#11483 = VERTEX_POINT('',#11484);
#11484 = CARTESIAN_POINT('',(27.4,-1.372467482206E-15,2.));
#11485 = SURFACE_CURVE('',#11486,(#11491,#11498),.PCURVE_S1.);
#11486 = CIRCLE('',#11487,26.3);
#11487 = AXIS2_PLACEMENT_3D('',#11488,#11489,#11490);
#11488 = CARTESIAN_POINT('',(1.1,0.,2.));
#11489 = DIRECTION('',(0.,0.,1.));
#11490 = DIRECTION('',(-1.,-7.027960454567E-17,0.));
#11491 = PCURVE('',#3638,#11492);
#11492 = DEFINITIONAL_REPRESENTATION('',(#11493),#11497);
#11493 = CIRCLE('',#11494,26.3);
#11494 = AXIS2_PLACEMENT_2D('',#11495,#11496);
#11495 = CARTESIAN_POINT('',(1.1,-3.707602883041E-15));
#11496 = DIRECTION('',(-1.,-7.027960454567E-17));
#11497 = ( GEOMETRIC_REPRESENTATION_CONTEXT(2) 
PARAMETRIC_REPRESENTATION_CONTEXT() REPRESENTATION_CONTEXT('2D SPACE',''
  ) );
#11498 = PCURVE('',#9256,#11499);
#11499 = DEFINITIONAL_REPRESENTATION('',(#11500),#11504);
#11500 = LINE('',#11501,#11502);
#11501 = CARTESIAN_POINT('',(-0.,0.));
#11502 = VECTOR('',#11503,1.);
#11503 = DIRECTION('',(-1.,0.));
#11504 = ( GEOMETRIC_REPRESENTATION_CONTEXT(2) 
PARAMETRIC_REPRESENTATION_CONTEXT() REPRESENTATION_CONTEXT('2D SPACE',''
  ) );
#11505 = ORIENTED_EDGE('',*,*,#3621,.T.);
#11506 = ORIENTED_EDGE('',*,*,#11507,.F.);
#11507 = EDGE_CURVE('',#11508,#3622,#11510,.T.);
#11508 = VERTEX_POINT('',#11509);
#11509 = CARTESIAN_POINT('',(28.8,7.946087930214E-15,2.));
#11510 = SURFACE_CURVE('',#11511,(#11516,#11527),.PCURVE_S1.);
#11511 = CIRCLE('',#11512,27.7);
#11512 = AXIS2_PLACEMENT_3D('',#11513,#11514,#11515);
#11513 = CARTESIAN_POINT('',(1.1,0.,2.));
#11514 = DIRECTION('',(0.,0.,-1.));
#11515 = DIRECTION('',(1.,2.868623801521E-16,0.));
#11516 = PCURVE('',#3638,#11517);
#11517 = DEFINITIONAL_REPRESENTATION('',(#11518),#11526);
#11518 = ( BOUNDED_CURVE() B_SPLINE_CURVE(2,(#11519,#11520,#11521,#11522
    ,#11523,#11524,#11525),.UNSPECIFIED.,.T.,.F.) 
B_SPLINE_CURVE_WITH_KNOTS((1,2,2,2,2,1),(-2.094395102393,0.,
    2.094395102393,4.188790204786,6.28318530718,8.377580409573),
.UNSPECIFIED.) CURVE() GEOMETRIC_REPRESENTATION_ITEM() 
RATIONAL_B_SPLINE_CURVE((1.,0.5,1.,0.5,1.,0.5,1.)) REPRESENTATION_ITEM(
  '') );
#11519 = CARTESIAN_POINT('',(28.8,4.238485047172E-15));
#11520 = CARTESIAN_POINT('',(28.8,-47.97780736965));
#11521 = CARTESIAN_POINT('',(-12.75,-23.98890368482));
#11522 = CARTESIAN_POINT('',(-54.3,-2.638432201075E-14));
#11523 = CARTESIAN_POINT('',(-12.75,23.988903684829));
#11524 = CARTESIAN_POINT('',(28.8,47.977807369658));
#11525 = CARTESIAN_POINT('',(28.8,4.238485047172E-15));
#11526 = ( GEOMETRIC_REPRESENTATION_CONTEXT(2) 
PARAMETRIC_REPRESENTATION_CONTEXT() REPRESENTATION_CONTEXT('2D SPACE',''
  ) );
#11527 = PCURVE('',#8838,#11528);
#11528 = DEFINITIONAL_REPRESENTATION('',(#11529),#11533);
#11529 = LINE('',#11530,#11531);
#11530 = CARTESIAN_POINT('',(0.,0.));
#11531 = VECTOR('',#11532,1.);
#11532 = DIRECTION('',(1.,0.));
#11533 = ( GEOMETRIC_REPRESENTATION_CONTEXT(2) 
PARAMETRIC_REPRESENTATION_CONTEXT() REPRESENTATION_CONTEXT('2D SPACE',''
  ) );
#11534 = ORIENTED_EDGE('',*,*,#11535,.F.);
#11535 = EDGE_CURVE('',#5924,#11508,#11536,.T.);
#11536 = SURFACE_CURVE('',#11537,(#11542,#11553),.PCURVE_S1.);
#11537 = CIRCLE('',#11538,28.8);
#11538 = AXIS2_PLACEMENT_3D('',#11539,#11540,#11541);
#11539 = CARTESIAN_POINT('',(-3.552713678801E-15,-4.440892098501E-15,2.)
  );
#11540 = DIRECTION('',(0.,0.,-1.));
#11541 = DIRECTION('',(-1.,1.364504165456E-16,0.));
#11542 = PCURVE('',#3638,#11543);
#11543 = DEFINITIONAL_REPRESENTATION('',(#11544),#11552);
#11544 = ( BOUNDED_CURVE() B_SPLINE_CURVE(2,(#11545,#11546,#11547,#11548
    ,#11549,#11550,#11551),.UNSPECIFIED.,.T.,.F.) 
B_SPLINE_CURVE_WITH_KNOTS((1,2,2,2,2,1),(-2.094395102393,0.,
    2.094395102393,4.188790204786,6.28318530718,8.377580409573),
.UNSPECIFIED.) CURVE() GEOMETRIC_REPRESENTATION_ITEM() 
RATIONAL_B_SPLINE_CURVE((1.,0.5,1.,0.5,1.,0.5,1.)) REPRESENTATION_ITEM(
  '') );
#11545 = CARTESIAN_POINT('',(-28.8,-4.21872298503E-15));
#11546 = CARTESIAN_POINT('',(-28.8,49.883063257984));
#11547 = CARTESIAN_POINT('',(14.4,24.941531628992));
#11548 = CARTESIAN_POINT('',(57.6,-8.954073411477E-15));
#11549 = CARTESIAN_POINT('',(14.4,-24.94153162899));
#11550 = CARTESIAN_POINT('',(-28.8,-49.88306325798));
#11551 = CARTESIAN_POINT('',(-28.8,-4.21872298503E-15));
#11552 = ( GEOMETRIC_REPRESENTATION_CONTEXT(2) 
PARAMETRIC_REPRESENTATION_CONTEXT() REPRESENTATION_CONTEXT('2D SPACE',''
  ) );
#11553 = PCURVE('',#8726,#11554);
#11554 = DEFINITIONAL_REPRESENTATION('',(#11555),#11559);
#11555 = LINE('',#11556,#11557);
#11556 = CARTESIAN_POINT('',(0.,0.));
#11557 = VECTOR('',#11558,1.);
#11558 = DIRECTION('',(1.,0.));
#11559 = ( GEOMETRIC_REPRESENTATION_CONTEXT(2) 
PARAMETRIC_REPRESENTATION_CONTEXT() REPRESENTATION_CONTEXT('2D SPACE',''
  ) );
#11560 = ORIENTED_EDGE('',*,*,#5952,.T.);
#11561 = ORIENTED_EDGE('',*,*,#11562,.F.);
#11562 = EDGE_CURVE('',#11483,#5953,#11563,.T.);
#11563 = SURFACE_CURVE('',#11564,(#11569,#11576),.PCURVE_S1.);
#11564 = CIRCLE('',#11565,27.4);
#11565 = AXIS2_PLACEMENT_3D('',#11566,#11567,#11568);
#11566 = CARTESIAN_POINT('',(3.552713678801E-15,-3.552713678801E-15,2.)
  );
#11567 = DIRECTION('',(0.,0.,1.));
#11568 = DIRECTION('',(1.,7.957102907278E-17,-0.));
#11569 = PCURVE('',#3638,#11570);
#11570 = DEFINITIONAL_REPRESENTATION('',(#11571),#11575);
#11571 = CIRCLE('',#11572,27.4);
#11572 = AXIS2_PLACEMENT_2D('',#11573,#11574);
#11573 = CARTESIAN_POINT('',(6.360719084657E-15,-7.260316561842E-15));
#11574 = DIRECTION('',(1.,7.957102907278E-17));
#11575 = ( GEOMETRIC_REPRESENTATION_CONTEXT(2) 
PARAMETRIC_REPRESENTATION_CONTEXT() REPRESENTATION_CONTEXT('2D SPACE',''
  ) );
#11576 = PCURVE('',#8692,#11577);
#11577 = DEFINITIONAL_REPRESENTATION('',(#11578),#11582);
#11578 = LINE('',#11579,#11580);
#11579 = CARTESIAN_POINT('',(-0.,0.));
#11580 = VECTOR('',#11581,1.);
#11581 = DIRECTION('',(-1.,0.));
#11582 = ( GEOMETRIC_REPRESENTATION_CONTEXT(2) 
PARAMETRIC_REPRESENTATION_CONTEXT() REPRESENTATION_CONTEXT('2D SPACE',''
  ) );
#11583 = ADVANCED_FACE('',(#11584),#3765,.T.);
#11584 = FACE_BOUND('',#11585,.T.);
#11585 = EDGE_LOOP('',(#11586,#11608,#11609,#11635));
#11586 = ORIENTED_EDGE('',*,*,#11587,.F.);
#11587 = EDGE_CURVE('',#4259,#3750,#11588,.T.);
#11588 = SURFACE_CURVE('',#11589,(#11594,#11601),.PCURVE_S1.);
#11589 = CIRCLE('',#11590,38.7);
#11590 = AXIS2_PLACEMENT_3D('',#11591,#11592,#11593);
#11591 = CARTESIAN_POINT('',(1.1,1.7763568394E-15,2.));
#11592 = DIRECTION('',(0.,0.,-1.));
#11593 = DIRECTION('',(1.,8.861121332198E-17,0.));
#11594 = PCURVE('',#3765,#11595);
#11595 = DEFINITIONAL_REPRESENTATION('',(#11596),#11600);
#11596 = CIRCLE('',#11597,38.7);
#11597 = AXIS2_PLACEMENT_2D('',#11598,#11599);
#11598 = CARTESIAN_POINT('',(34.172372055837,0.55));
#11599 = DIRECTION('',(-0.866025403784,0.5));
#11600 = ( GEOMETRIC_REPRESENTATION_CONTEXT(2) 
PARAMETRIC_REPRESENTATION_CONTEXT() REPRESENTATION_CONTEXT('2D SPACE',''
  ) );
#11601 = PCURVE('',#9637,#11602);
#11602 = DEFINITIONAL_REPRESENTATION('',(#11603),#11607);
#11603 = LINE('',#11604,#11605);
#11604 = CARTESIAN_POINT('',(0.,0.));
#11605 = VECTOR('',#11606,1.);
#11606 = DIRECTION('',(1.,0.));
#11607 = ( GEOMETRIC_REPRESENTATION_CONTEXT(2) 
PARAMETRIC_REPRESENTATION_CONTEXT() REPRESENTATION_CONTEXT('2D SPACE',''
  ) );
#11608 = ORIENTED_EDGE('',*,*,#4286,.T.);
#11609 = ORIENTED_EDGE('',*,*,#11610,.F.);
#11610 = EDGE_CURVE('',#3727,#4287,#11611,.T.);
#11611 = SURFACE_CURVE('',#11612,(#11617,#11628),.PCURVE_S1.);
#11612 = CIRCLE('',#11613,39.5);
#11613 = AXIS2_PLACEMENT_3D('',#11614,#11615,#11616);
#11614 = CARTESIAN_POINT('',(1.1,-1.7763568394E-15,2.));
#11615 = DIRECTION('',(0.,0.,1.));
#11616 = DIRECTION('',(-1.,3.551613792668E-16,-0.));
#11617 = PCURVE('',#3765,#11618);
#11618 = DEFINITIONAL_REPRESENTATION('',(#11619),#11627);
#11619 = ( BOUNDED_CURVE() B_SPLINE_CURVE(2,(#11620,#11621,#11622,#11623
    ,#11624,#11625,#11626),.UNSPECIFIED.,.T.,.F.) 
B_SPLINE_CURVE_WITH_KNOTS((1,2,2,2,2,1),(-2.094395102393,0.,
    2.094395102393,4.188790204786,6.28318530718,8.377580409573),
.UNSPECIFIED.) CURVE() GEOMETRIC_REPRESENTATION_ITEM() 
RATIONAL_B_SPLINE_CURVE((1.,0.5,1.,0.5,1.,0.5,1.)) REPRESENTATION_ITEM(
  '') );
#11620 = CARTESIAN_POINT('',(68.380375505322,-19.2));
#11621 = CARTESIAN_POINT('',(34.172372055837,-78.45));
#11622 = CARTESIAN_POINT('',(-3.563139364821E-02,-19.2));
#11623 = CARTESIAN_POINT('',(-34.24363484313,40.05));
#11624 = CARTESIAN_POINT('',(34.172372055837,40.05));
#11625 = CARTESIAN_POINT('',(102.5883789548,40.05));
#11626 = CARTESIAN_POINT('',(68.380375505322,-19.2));
#11627 = ( GEOMETRIC_REPRESENTATION_CONTEXT(2) 
PARAMETRIC_REPRESENTATION_CONTEXT() REPRESENTATION_CONTEXT('2D SPACE',''
  ) );
#11628 = PCURVE('',#9607,#11629);
#11629 = DEFINITIONAL_REPRESENTATION('',(#11630),#11634);
#11630 = LINE('',#11631,#11632);
#11631 = CARTESIAN_POINT('',(-0.,0.));
#11632 = VECTOR('',#11633,1.);
#11633 = DIRECTION('',(-1.,0.));
#11634 = ( GEOMETRIC_REPRESENTATION_CONTEXT(2) 
PARAMETRIC_REPRESENTATION_CONTEXT() REPRESENTATION_CONTEXT('2D SPACE',''
  ) );
#11635 = ORIENTED_EDGE('',*,*,#3749,.T.);
#11636 = ADVANCED_FACE('',(#11637),#3816,.T.);
#11637 = FACE_BOUND('',#11638,.T.);
#11638 = EDGE_LOOP('',(#11639,#11661,#11662,#11688));
#11639 = ORIENTED_EDGE('',*,*,#11640,.F.);
#11640 = EDGE_CURVE('',#4208,#3801,#11641,.T.);
#11641 = SURFACE_CURVE('',#11642,(#11647,#11654),.PCURVE_S1.);
#11642 = CIRCLE('',#11643,36.5);
#11643 = AXIS2_PLACEMENT_3D('',#11644,#11645,#11646);
#11644 = CARTESIAN_POINT('',(1.1,-7.105427357601E-15,2.));
#11645 = DIRECTION('',(0.,0.,-1.));
#11646 = DIRECTION('',(1.,3.98620982807E-16,0.));
#11647 = PCURVE('',#3816,#11648);
#11648 = DEFINITIONAL_REPRESENTATION('',(#11649),#11653);
#11649 = CIRCLE('',#11650,36.5);
#11650 = AXIS2_PLACEMENT_2D('',#11651,#11652);
#11651 = CARTESIAN_POINT('',(34.172372055837,0.55));
#11652 = DIRECTION('',(-0.866025403784,0.5));
#11653 = ( GEOMETRIC_REPRESENTATION_CONTEXT(2) 
PARAMETRIC_REPRESENTATION_CONTEXT() REPRESENTATION_CONTEXT('2D SPACE',''
  ) );
#11654 = PCURVE('',#9815,#11655);
#11655 = DEFINITIONAL_REPRESENTATION('',(#11656),#11660);
#11656 = LINE('',#11657,#11658);
#11657 = CARTESIAN_POINT('',(0.,0.));
#11658 = VECTOR('',#11659,1.);
#11659 = DIRECTION('',(1.,0.));
#11660 = ( GEOMETRIC_REPRESENTATION_CONTEXT(2) 
PARAMETRIC_REPRESENTATION_CONTEXT() REPRESENTATION_CONTEXT('2D SPACE',''
  ) );
#11661 = ORIENTED_EDGE('',*,*,#4235,.T.);
#11662 = ORIENTED_EDGE('',*,*,#11663,.F.);
#11663 = EDGE_CURVE('',#3778,#4236,#11664,.T.);
#11664 = SURFACE_CURVE('',#11665,(#11670,#11681),.PCURVE_S1.);
#11665 = CIRCLE('',#11666,37.3);
#11666 = AXIS2_PLACEMENT_3D('',#11667,#11668,#11669);
#11667 = CARTESIAN_POINT('',(1.1,-3.552713678801E-15,2.));
#11668 = DIRECTION('',(0.,0.,1.));
#11669 = DIRECTION('',(-1.,2.573423753046E-16,-0.));
#11670 = PCURVE('',#3816,#11671);
#11671 = DEFINITIONAL_REPRESENTATION('',(#11672),#11680);
#11672 = ( BOUNDED_CURVE() B_SPLINE_CURVE(2,(#11673,#11674,#11675,#11676
    ,#11677,#11678,#11679),.UNSPECIFIED.,.T.,.F.) 
B_SPLINE_CURVE_WITH_KNOTS((1,2,2,2,2,1),(-2.094395102393,0.,
    2.094395102393,4.188790204786,6.28318530718,8.377580409573),
.UNSPECIFIED.) CURVE() GEOMETRIC_REPRESENTATION_ITEM() 
RATIONAL_B_SPLINE_CURVE((1.,0.5,1.,0.5,1.,0.5,1.)) REPRESENTATION_ITEM(
  '') );
#11673 = CARTESIAN_POINT('',(66.475119616997,-18.1));
#11674 = CARTESIAN_POINT('',(34.172372055837,-74.05));
#11675 = CARTESIAN_POINT('',(1.869624494678,-18.1));
#11676 = CARTESIAN_POINT('',(-30.43312306648,37.85));
#11677 = CARTESIAN_POINT('',(34.172372055837,37.85));
#11678 = CARTESIAN_POINT('',(98.777867178156,37.85));
#11679 = CARTESIAN_POINT('',(66.475119616997,-18.1));
#11680 = ( GEOMETRIC_REPRESENTATION_CONTEXT(2) 
PARAMETRIC_REPRESENTATION_CONTEXT() REPRESENTATION_CONTEXT('2D SPACE',''
  ) );
#11681 = PCURVE('',#9785,#11682);
#11682 = DEFINITIONAL_REPRESENTATION('',(#11683),#11687);
#11683 = LINE('',#11684,#11685);
#11684 = CARTESIAN_POINT('',(-0.,0.));
#11685 = VECTOR('',#11686,1.);
#11686 = DIRECTION('',(-1.,0.));
#11687 = ( GEOMETRIC_REPRESENTATION_CONTEXT(2) 
PARAMETRIC_REPRESENTATION_CONTEXT() REPRESENTATION_CONTEXT('2D SPACE',''
  ) );
#11688 = ORIENTED_EDGE('',*,*,#3800,.T.);
#11689 = ADVANCED_FACE('',(#11690),#3867,.T.);
#11690 = FACE_BOUND('',#11691,.T.);
#11691 = EDGE_LOOP('',(#11692,#11714,#11715,#11741));
#11692 = ORIENTED_EDGE('',*,*,#11693,.F.);
#11693 = EDGE_CURVE('',#4157,#3852,#11694,.T.);
#11694 = SURFACE_CURVE('',#11695,(#11700,#11707),.PCURVE_S1.);
#11695 = CIRCLE('',#11696,34.3);
#11696 = AXIS2_PLACEMENT_3D('',#11697,#11698,#11699);
#11697 = CARTESIAN_POINT('',(1.1,1.7763568394E-15,2.));
#11698 = DIRECTION('',(0.,0.,-1.));
#11699 = DIRECTION('',(1.,2.601159486355E-16,0.));
#11700 = PCURVE('',#3867,#11701);
#11701 = DEFINITIONAL_REPRESENTATION('',(#11702),#11706);
#11702 = CIRCLE('',#11703,34.3);
#11703 = AXIS2_PLACEMENT_2D('',#11704,#11705);
#11704 = CARTESIAN_POINT('',(34.172372055837,0.55));
#11705 = DIRECTION('',(-0.866025403784,0.5));
#11706 = ( GEOMETRIC_REPRESENTATION_CONTEXT(2) 
PARAMETRIC_REPRESENTATION_CONTEXT() REPRESENTATION_CONTEXT('2D SPACE',''
  ) );
#11707 = PCURVE('',#9993,#11708);
#11708 = DEFINITIONAL_REPRESENTATION('',(#11709),#11713);
#11709 = LINE('',#11710,#11711);
#11710 = CARTESIAN_POINT('',(0.,0.));
#11711 = VECTOR('',#11712,1.);
#11712 = DIRECTION('',(1.,0.));
#11713 = ( GEOMETRIC_REPRESENTATION_CONTEXT(2) 
PARAMETRIC_REPRESENTATION_CONTEXT() REPRESENTATION_CONTEXT('2D SPACE',''
  ) );
#11714 = ORIENTED_EDGE('',*,*,#4184,.T.);
#11715 = ORIENTED_EDGE('',*,*,#11716,.F.);
#11716 = EDGE_CURVE('',#3829,#4185,#11717,.T.);
#11717 = SURFACE_CURVE('',#11718,(#11723,#11734),.PCURVE_S1.);
#11718 = CIRCLE('',#11719,35.1);
#11719 = AXIS2_PLACEMENT_3D('',#11720,#11721,#11722);
#11720 = CARTESIAN_POINT('',(1.1,1.7763568394E-15,2.));
#11721 = DIRECTION('',(0.,0.,1.));
#11722 = DIRECTION('',(-1.,1.284521493365E-16,-0.));
#11723 = PCURVE('',#3867,#11724);
#11724 = DEFINITIONAL_REPRESENTATION('',(#11725),#11733);
#11725 = ( BOUNDED_CURVE() B_SPLINE_CURVE(2,(#11726,#11727,#11728,#11729
    ,#11730,#11731,#11732),.UNSPECIFIED.,.T.,.F.) 
B_SPLINE_CURVE_WITH_KNOTS((1,2,2,2,2,1),(-2.094395102393,0.,
    2.094395102393,4.188790204786,6.28318530718,8.377580409573),
.UNSPECIFIED.) CURVE() GEOMETRIC_REPRESENTATION_ITEM() 
RATIONAL_B_SPLINE_CURVE((1.,0.5,1.,0.5,1.,0.5,1.)) REPRESENTATION_ITEM(
  '') );
#11726 = CARTESIAN_POINT('',(64.569863728671,-17.));
#11727 = CARTESIAN_POINT('',(34.172372055837,-69.65));
#11728 = CARTESIAN_POINT('',(3.774880383003,-17.));
#11729 = CARTESIAN_POINT('',(-26.62261128983,35.65));
#11730 = CARTESIAN_POINT('',(34.172372055837,35.65));
#11731 = CARTESIAN_POINT('',(94.967355401505,35.65));
#11732 = CARTESIAN_POINT('',(64.569863728671,-17.));
#11733 = ( GEOMETRIC_REPRESENTATION_CONTEXT(2) 
PARAMETRIC_REPRESENTATION_CONTEXT() REPRESENTATION_CONTEXT('2D SPACE',''
  ) );
#11734 = PCURVE('',#9963,#11735);
#11735 = DEFINITIONAL_REPRESENTATION('',(#11736),#11740);
#11736 = LINE('',#11737,#11738);
#11737 = CARTESIAN_POINT('',(-0.,0.));
#11738 = VECTOR('',#11739,1.);
#11739 = DIRECTION('',(-1.,0.));
#11740 = ( GEOMETRIC_REPRESENTATION_CONTEXT(2) 
PARAMETRIC_REPRESENTATION_CONTEXT() REPRESENTATION_CONTEXT('2D SPACE',''
  ) );
#11741 = ORIENTED_EDGE('',*,*,#3851,.T.);
#11742 = ADVANCED_FACE('',(#11743),#3918,.T.);
#11743 = FACE_BOUND('',#11744,.T.);
#11744 = EDGE_LOOP('',(#11745,#11767,#11768,#11794));
#11745 = ORIENTED_EDGE('',*,*,#11746,.F.);
#11746 = EDGE_CURVE('',#4106,#3903,#11747,.T.);
#11747 = SURFACE_CURVE('',#11748,(#11753,#11760),.PCURVE_S1.);
#11748 = CIRCLE('',#11749,32.1);
#11749 = AXIS2_PLACEMENT_3D('',#11750,#11751,#11752);
#11750 = CARTESIAN_POINT('',(1.1,-1.7763568394E-15,2.));
#11751 = DIRECTION('',(0.,0.,-1.));
#11752 = DIRECTION('',(1.,2.975080536767E-16,0.));
#11753 = PCURVE('',#3918,#11754);
#11754 = DEFINITIONAL_REPRESENTATION('',(#11755),#11759);
#11755 = CIRCLE('',#11756,32.1);
#11756 = AXIS2_PLACEMENT_2D('',#11757,#11758);
#11757 = CARTESIAN_POINT('',(34.172372055837,0.55));
#11758 = DIRECTION('',(-0.866025403784,0.5));
#11759 = ( GEOMETRIC_REPRESENTATION_CONTEXT(2) 
PARAMETRIC_REPRESENTATION_CONTEXT() REPRESENTATION_CONTEXT('2D SPACE',''
  ) );
#11760 = PCURVE('',#10171,#11761);
#11761 = DEFINITIONAL_REPRESENTATION('',(#11762),#11766);
#11762 = LINE('',#11763,#11764);
#11763 = CARTESIAN_POINT('',(0.,0.));
#11764 = VECTOR('',#11765,1.);
#11765 = DIRECTION('',(1.,0.));
#11766 = ( GEOMETRIC_REPRESENTATION_CONTEXT(2) 
PARAMETRIC_REPRESENTATION_CONTEXT() REPRESENTATION_CONTEXT('2D SPACE',''
  ) );
#11767 = ORIENTED_EDGE('',*,*,#4133,.T.);
#11768 = ORIENTED_EDGE('',*,*,#11769,.F.);
#11769 = EDGE_CURVE('',#3880,#4134,#11770,.T.);
#11770 = SURFACE_CURVE('',#11771,(#11776,#11787),.PCURVE_S1.);
#11771 = CIRCLE('',#11772,32.9);
#11772 = AXIS2_PLACEMENT_3D('',#11773,#11774,#11775);
#11773 = CARTESIAN_POINT('',(1.1,3.552713678801E-15,2.));
#11774 = DIRECTION('',(0.,0.,1.));
#11775 = DIRECTION('',(-1.,-1.781232149803E-16,0.));
#11776 = PCURVE('',#3918,#11777);
#11777 = DEFINITIONAL_REPRESENTATION('',(#11778),#11786);
#11778 = ( BOUNDED_CURVE() B_SPLINE_CURVE(2,(#11779,#11780,#11781,#11782
    ,#11783,#11784,#11785),.UNSPECIFIED.,.T.,.F.) 
B_SPLINE_CURVE_WITH_KNOTS((1,2,2,2,2,1),(-2.094395102393,0.,
    2.094395102393,4.188790204786,6.28318530718,8.377580409573),
.UNSPECIFIED.) CURVE() GEOMETRIC_REPRESENTATION_ITEM() 
RATIONAL_B_SPLINE_CURVE((1.,0.5,1.,0.5,1.,0.5,1.)) REPRESENTATION_ITEM(
  '') );
#11779 = CARTESIAN_POINT('',(62.664607840345,-15.9));
#11780 = CARTESIAN_POINT('',(34.172372055837,-65.25));
#11781 = CARTESIAN_POINT('',(5.680136271329,-15.9));
#11782 = CARTESIAN_POINT('',(-22.81209951317,33.45));
#11783 = CARTESIAN_POINT('',(34.172372055837,33.45));
#11784 = CARTESIAN_POINT('',(91.156843624853,33.45));
#11785 = CARTESIAN_POINT('',(62.664607840345,-15.9));
#11786 = ( GEOMETRIC_REPRESENTATION_CONTEXT(2) 
PARAMETRIC_REPRESENTATION_CONTEXT() REPRESENTATION_CONTEXT('2D SPACE',''
  ) );
#11787 = PCURVE('',#10141,#11788);
#11788 = DEFINITIONAL_REPRESENTATION('',(#11789),#11793);
#11789 = LINE('',#11790,#11791);
#11790 = CARTESIAN_POINT('',(-0.,0.));
#11791 = VECTOR('',#11792,1.);
#11792 = DIRECTION('',(-1.,0.));
#11793 = ( GEOMETRIC_REPRESENTATION_CONTEXT(2) 
PARAMETRIC_REPRESENTATION_CONTEXT() REPRESENTATION_CONTEXT('2D SPACE',''
  ) );
#11794 = ORIENTED_EDGE('',*,*,#3902,.T.);
#11795 = ADVANCED_FACE('',(#11796),#3969,.T.);
#11796 = FACE_BOUND('',#11797,.T.);
#11797 = EDGE_LOOP('',(#11798,#11820,#11821,#11847));
#11798 = ORIENTED_EDGE('',*,*,#11799,.F.);
#11799 = EDGE_CURVE('',#4055,#3954,#11800,.T.);
#11800 = SURFACE_CURVE('',#11801,(#11806,#11813),.PCURVE_S1.);
#11801 = CIRCLE('',#11802,29.9);
#11802 = AXIS2_PLACEMENT_3D('',#11803,#11804,#11805);
#11803 = CARTESIAN_POINT('',(1.1,-1.7763568394E-15,2.));
#11804 = DIRECTION('',(0.,0.,-1.));
#11805 = DIRECTION('',(1.,2.793089199885E-16,0.));
#11806 = PCURVE('',#3969,#11807);
#11807 = DEFINITIONAL_REPRESENTATION('',(#11808),#11812);
#11808 = CIRCLE('',#11809,29.9);
#11809 = AXIS2_PLACEMENT_2D('',#11810,#11811);
#11810 = CARTESIAN_POINT('',(34.172372055837,0.55));
#11811 = DIRECTION('',(-0.866025403784,0.5));
#11812 = ( GEOMETRIC_REPRESENTATION_CONTEXT(2) 
PARAMETRIC_REPRESENTATION_CONTEXT() REPRESENTATION_CONTEXT('2D SPACE',''
  ) );
#11813 = PCURVE('',#8660,#11814);
#11814 = DEFINITIONAL_REPRESENTATION('',(#11815),#11819);
#11815 = LINE('',#11816,#11817);
#11816 = CARTESIAN_POINT('',(0.,0.));
#11817 = VECTOR('',#11818,1.);
#11818 = DIRECTION('',(1.,0.));
#11819 = ( GEOMETRIC_REPRESENTATION_CONTEXT(2) 
PARAMETRIC_REPRESENTATION_CONTEXT() REPRESENTATION_CONTEXT('2D SPACE',''
  ) );
#11820 = ORIENTED_EDGE('',*,*,#4082,.T.);
#11821 = ORIENTED_EDGE('',*,*,#11822,.F.);
#11822 = EDGE_CURVE('',#3931,#4083,#11823,.T.);
#11823 = SURFACE_CURVE('',#11824,(#11829,#11840),.PCURVE_S1.);
#11824 = CIRCLE('',#11825,30.7);
#11825 = AXIS2_PLACEMENT_3D('',#11826,#11827,#11828);
#11826 = CARTESIAN_POINT('',(1.1,1.7763568394E-15,2.));
#11827 = DIRECTION('',(0.,0.,1.));
#11828 = DIRECTION('',(-1.,-3.517258604953E-17,0.));
#11829 = PCURVE('',#3969,#11830);
#11830 = DEFINITIONAL_REPRESENTATION('',(#11831),#11839);
#11831 = ( BOUNDED_CURVE() B_SPLINE_CURVE(2,(#11832,#11833,#11834,#11835
    ,#11836,#11837,#11838),.UNSPECIFIED.,.T.,.F.) 
B_SPLINE_CURVE_WITH_KNOTS((1,2,2,2,2,1),(-2.094395102393,0.,
    2.094395102393,4.188790204786,6.28318530718,8.377580409573),
.UNSPECIFIED.) CURVE() GEOMETRIC_REPRESENTATION_ITEM() 
RATIONAL_B_SPLINE_CURVE((1.,0.5,1.,0.5,1.,0.5,1.)) REPRESENTATION_ITEM(
  '') );
#11832 = CARTESIAN_POINT('',(60.759351952019,-14.8));
#11833 = CARTESIAN_POINT('',(34.172372055837,-60.85));
#11834 = CARTESIAN_POINT('',(7.585392159655,-14.8));
#11835 = CARTESIAN_POINT('',(-19.00158773652,31.25));
#11836 = CARTESIAN_POINT('',(34.172372055837,31.25));
#11837 = CARTESIAN_POINT('',(87.346331848202,31.25));
#11838 = CARTESIAN_POINT('',(60.759351952019,-14.8));
#11839 = ( GEOMETRIC_REPRESENTATION_CONTEXT(2) 
PARAMETRIC_REPRESENTATION_CONTEXT() REPRESENTATION_CONTEXT('2D SPACE',''
  ) );
#11840 = PCURVE('',#8631,#11841);
#11841 = DEFINITIONAL_REPRESENTATION('',(#11842),#11846);
#11842 = LINE('',#11843,#11844);
#11843 = CARTESIAN_POINT('',(-0.,0.));
#11844 = VECTOR('',#11845,1.);
#11845 = DIRECTION('',(-1.,0.));
#11846 = ( GEOMETRIC_REPRESENTATION_CONTEXT(2) 
PARAMETRIC_REPRESENTATION_CONTEXT() REPRESENTATION_CONTEXT('2D SPACE',''
  ) );
#11847 = ORIENTED_EDGE('',*,*,#3953,.T.);
#11848 = ADVANCED_FACE('',(#11849),#4070,.T.);
#11849 = FACE_BOUND('',#11850,.T.);
#11850 = EDGE_LOOP('',(#11851,#11875,#11876,#11904,#11930,#11931));
#11851 = ORIENTED_EDGE('',*,*,#11852,.F.);
#11852 = EDGE_CURVE('',#4032,#11853,#11855,.T.);
#11853 = VERTEX_POINT('',#11854);
#11854 = CARTESIAN_POINT('',(29.6,-6.663930854965E-15,2.));
#11855 = SURFACE_CURVE('',#11856,(#11861,#11868),.PCURVE_S1.);
#11856 = CIRCLE('',#11857,28.5);
#11857 = AXIS2_PLACEMENT_3D('',#11858,#11859,#11860);
#11858 = CARTESIAN_POINT('',(1.1,3.552713678801E-15,2.));
#11859 = DIRECTION('',(0.,0.,1.));
#11860 = DIRECTION('',(-1.,-2.080751341941E-16,0.));
#11861 = PCURVE('',#4070,#11862);
#11862 = DEFINITIONAL_REPRESENTATION('',(#11863),#11867);
#11863 = CIRCLE('',#11864,28.5);
#11864 = AXIS2_PLACEMENT_2D('',#11865,#11866);
#11865 = CARTESIAN_POINT('',(1.1,-1.548892042409E-16));
#11866 = DIRECTION('',(-1.,-2.080751341941E-16));
#11867 = ( GEOMETRIC_REPRESENTATION_CONTEXT(2) 
PARAMETRIC_REPRESENTATION_CONTEXT() REPRESENTATION_CONTEXT('2D SPACE',''
  ) );
#11868 = PCURVE('',#8780,#11869);
#11869 = DEFINITIONAL_REPRESENTATION('',(#11870),#11874);
#11870 = LINE('',#11871,#11872);
#11871 = CARTESIAN_POINT('',(-0.,0.));
#11872 = VECTOR('',#11873,1.);
#11873 = DIRECTION('',(-1.,0.));
#11874 = ( GEOMETRIC_REPRESENTATION_CONTEXT(2) 
PARAMETRIC_REPRESENTATION_CONTEXT() REPRESENTATION_CONTEXT('2D SPACE',''
  ) );
#11875 = ORIENTED_EDGE('',*,*,#4054,.T.);
#11876 = ORIENTED_EDGE('',*,*,#11877,.F.);
#11877 = EDGE_CURVE('',#11878,#4055,#11880,.T.);
#11878 = VERTEX_POINT('',#11879);
#11879 = CARTESIAN_POINT('',(31.,6.574979868255E-15,2.));
#11880 = SURFACE_CURVE('',#11881,(#11886,#11897),.PCURVE_S1.);
#11881 = CIRCLE('',#11882,29.9);
#11882 = AXIS2_PLACEMENT_3D('',#11883,#11884,#11885);
#11883 = CARTESIAN_POINT('',(1.1,-1.7763568394E-15,2.));
#11884 = DIRECTION('',(0.,0.,-1.));
#11885 = DIRECTION('',(1.,2.793089199885E-16,0.));
#11886 = PCURVE('',#4070,#11887);
#11887 = DEFINITIONAL_REPRESENTATION('',(#11888),#11896);
#11888 = ( BOUNDED_CURVE() B_SPLINE_CURVE(2,(#11889,#11890,#11891,#11892
    ,#11893,#11894,#11895),.UNSPECIFIED.,.T.,.F.) 
B_SPLINE_CURVE_WITH_KNOTS((1,2,2,2,2,1),(-2.094395102393,0.,
    2.094395102393,4.188790204786,6.28318530718,8.377580409573),
.UNSPECIFIED.) CURVE() GEOMETRIC_REPRESENTATION_ITEM() 
RATIONAL_B_SPLINE_CURVE((1.,0.5,1.,0.5,1.,0.5,1.)) REPRESENTATION_ITEM(
  '') );
#11889 = CARTESIAN_POINT('',(31.,2.867376985213E-15));
#11890 = CARTESIAN_POINT('',(31.,-51.7883191463));
#11891 = CARTESIAN_POINT('',(-13.85,-25.89415957315));
#11892 = CARTESIAN_POINT('',(-58.7,-2.951002099665E-14));
#11893 = CARTESIAN_POINT('',(-13.85,25.894159573155));
#11894 = CARTESIAN_POINT('',(31.,51.788319146309));
#11895 = CARTESIAN_POINT('',(31.,2.867376985213E-15));
#11896 = ( GEOMETRIC_REPRESENTATION_CONTEXT(2) 
PARAMETRIC_REPRESENTATION_CONTEXT() REPRESENTATION_CONTEXT('2D SPACE',''
  ) );
#11897 = PCURVE('',#8660,#11898);
#11898 = DEFINITIONAL_REPRESENTATION('',(#11899),#11903);
#11899 = LINE('',#11900,#11901);
#11900 = CARTESIAN_POINT('',(0.,0.));
#11901 = VECTOR('',#11902,1.);
#11902 = DIRECTION('',(1.,0.));
#11903 = ( GEOMETRIC_REPRESENTATION_CONTEXT(2) 
PARAMETRIC_REPRESENTATION_CONTEXT() REPRESENTATION_CONTEXT('2D SPACE',''
  ) );
#11904 = ORIENTED_EDGE('',*,*,#11905,.F.);
#11905 = EDGE_CURVE('',#6394,#11878,#11906,.T.);
#11906 = SURFACE_CURVE('',#11907,(#11912,#11923),.PCURVE_S1.);
#11907 = CIRCLE('',#11908,31.);
#11908 = AXIS2_PLACEMENT_3D('',#11909,#11910,#11911);
#11909 = CARTESIAN_POINT('',(3.552713678801E-15,8.881784197001E-16,2.));
#11910 = DIRECTION('',(0.,0.,-1.));
#11911 = DIRECTION('',(-1.,-6.098052810315E-17,-0.));
#11912 = PCURVE('',#4070,#11913);
#11913 = DEFINITIONAL_REPRESENTATION('',(#11914),#11922);
#11914 = ( BOUNDED_CURVE() B_SPLINE_CURVE(2,(#11915,#11916,#11917,#11918
    ,#11919,#11920,#11921),.UNSPECIFIED.,.T.,.F.) 
B_SPLINE_CURVE_WITH_KNOTS((1,2,2,2,2,1),(-2.094395102393,0.,
    2.094395102393,4.188790204786,6.28318530718,8.377580409573),
.UNSPECIFIED.) CURVE() GEOMETRIC_REPRESENTATION_ITEM() 
RATIONAL_B_SPLINE_CURVE((1.,0.5,1.,0.5,1.,0.5,1.)) REPRESENTATION_ITEM(
  '') );
#11915 = CARTESIAN_POINT('',(-31.,-4.709820834539E-15));
#11916 = CARTESIAN_POINT('',(-31.,53.693575034635));
#11917 = CARTESIAN_POINT('',(15.5,26.846787517318));
#11918 = CARTESIAN_POINT('',(62.,8.554178433768E-15));
#11919 = CARTESIAN_POINT('',(15.5,-26.84678751731));
#11920 = CARTESIAN_POINT('',(-31.,-53.69357503463));
#11921 = CARTESIAN_POINT('',(-31.,-4.709820834539E-15));
#11922 = ( GEOMETRIC_REPRESENTATION_CONTEXT(2) 
PARAMETRIC_REPRESENTATION_CONTEXT() REPRESENTATION_CONTEXT('2D SPACE',''
  ) );
#11923 = PCURVE('',#10265,#11924);
#11924 = DEFINITIONAL_REPRESENTATION('',(#11925),#11929);
#11925 = LINE('',#11926,#11927);
#11926 = CARTESIAN_POINT('',(0.,0.));
#11927 = VECTOR('',#11928,1.);
#11928 = DIRECTION('',(1.,0.));
#11929 = ( GEOMETRIC_REPRESENTATION_CONTEXT(2) 
PARAMETRIC_REPRESENTATION_CONTEXT() REPRESENTATION_CONTEXT('2D SPACE',''
  ) );
#11930 = ORIENTED_EDGE('',*,*,#6421,.T.);
#11931 = ORIENTED_EDGE('',*,*,#11932,.F.);
#11932 = EDGE_CURVE('',#11853,#6422,#11933,.T.);
#11933 = SURFACE_CURVE('',#11934,(#11939,#11946),.PCURVE_S1.);
#11934 = CIRCLE('',#11935,29.6);
#11935 = AXIS2_PLACEMENT_3D('',#11936,#11937,#11938);
#11936 = CARTESIAN_POINT('',(-3.552713678801E-15,1.7763568394E-15,2.));
#11937 = DIRECTION('',(0.,0.,1.));
#11938 = DIRECTION('',(1.,-2.851448545394E-16,0.));
#11939 = PCURVE('',#4070,#11940);
#11940 = DEFINITIONAL_REPRESENTATION('',(#11941),#11945);
#11941 = CIRCLE('',#11942,29.6);
#11942 = AXIS2_PLACEMENT_2D('',#11943,#11944);
#11943 = CARTESIAN_POINT('',(-7.447082729441E-16,-1.931246043641E-15));
#11944 = DIRECTION('',(1.,-2.851448545394E-16));
#11945 = ( GEOMETRIC_REPRESENTATION_CONTEXT(2) 
PARAMETRIC_REPRESENTATION_CONTEXT() REPRESENTATION_CONTEXT('2D SPACE',''
  ) );
#11946 = PCURVE('',#10231,#11947);
#11947 = DEFINITIONAL_REPRESENTATION('',(#11948),#11952);
#11948 = LINE('',#11949,#11950);
#11949 = CARTESIAN_POINT('',(-0.,0.));
#11950 = VECTOR('',#11951,1.);
#11951 = DIRECTION('',(-1.,0.));
#11952 = ( GEOMETRIC_REPRESENTATION_CONTEXT(2) 
PARAMETRIC_REPRESENTATION_CONTEXT() REPRESENTATION_CONTEXT('2D SPACE',''
  ) );
#11953 = ADVANCED_FACE('',(#11954),#4121,.T.);
#11954 = FACE_BOUND('',#11955,.T.);
#11955 = EDGE_LOOP('',(#11956,#11980,#11981,#12009,#12035,#12036));
#11956 = ORIENTED_EDGE('',*,*,#11957,.F.);
#11957 = EDGE_CURVE('',#4083,#11958,#11960,.T.);
#11958 = VERTEX_POINT('',#11959);
#11959 = CARTESIAN_POINT('',(31.8,-9.035104422616E-16,2.));
#11960 = SURFACE_CURVE('',#11961,(#11966,#11973),.PCURVE_S1.);
#11961 = CIRCLE('',#11962,30.7);
#11962 = AXIS2_PLACEMENT_3D('',#11963,#11964,#11965);
#11963 = CARTESIAN_POINT('',(1.1,1.7763568394E-15,2.));
#11964 = DIRECTION('',(0.,0.,1.));
#11965 = DIRECTION('',(-1.,-3.517258604953E-17,0.));
#11966 = PCURVE('',#4121,#11967);
#11967 = DEFINITIONAL_REPRESENTATION('',(#11968),#11972);
#11968 = CIRCLE('',#11969,30.7);
#11969 = AXIS2_PLACEMENT_2D('',#11970,#11971);
#11970 = CARTESIAN_POINT('',(1.1,-1.931246043641E-15));
#11971 = DIRECTION('',(-1.,-3.517258604953E-17));
#11972 = ( GEOMETRIC_REPRESENTATION_CONTEXT(2) 
PARAMETRIC_REPRESENTATION_CONTEXT() REPRESENTATION_CONTEXT('2D SPACE',''
  ) );
#11973 = PCURVE('',#8631,#11974);
#11974 = DEFINITIONAL_REPRESENTATION('',(#11975),#11979);
#11975 = LINE('',#11976,#11977);
#11976 = CARTESIAN_POINT('',(-0.,0.));
#11977 = VECTOR('',#11978,1.);
#11978 = DIRECTION('',(-1.,0.));
#11979 = ( GEOMETRIC_REPRESENTATION_CONTEXT(2) 
PARAMETRIC_REPRESENTATION_CONTEXT() REPRESENTATION_CONTEXT('2D SPACE',''
  ) );
#11980 = ORIENTED_EDGE('',*,*,#4105,.T.);
#11981 = ORIENTED_EDGE('',*,*,#11982,.F.);
#11982 = EDGE_CURVE('',#11983,#4106,#11985,.T.);
#11983 = VERTEX_POINT('',#11984);
#11984 = CARTESIAN_POINT('',(33.2,7.773651683621E-15,2.));
#11985 = SURFACE_CURVE('',#11986,(#11991,#12002),.PCURVE_S1.);
#11986 = CIRCLE('',#11987,32.1);
#11987 = AXIS2_PLACEMENT_3D('',#11988,#11989,#11990);
#11988 = CARTESIAN_POINT('',(1.1,-1.7763568394E-15,2.));
#11989 = DIRECTION('',(0.,0.,-1.));
#11990 = DIRECTION('',(1.,2.975080536767E-16,0.));
#11991 = PCURVE('',#4121,#11992);
#11992 = DEFINITIONAL_REPRESENTATION('',(#11993),#12001);
#11993 = ( BOUNDED_CURVE() B_SPLINE_CURVE(2,(#11994,#11995,#11996,#11997
    ,#11998,#11999,#12000),.UNSPECIFIED.,.T.,.F.) 
B_SPLINE_CURVE_WITH_KNOTS((1,2,2,2,2,1),(-2.094395102393,0.,
    2.094395102393,4.188790204786,6.28318530718,8.377580409573),
.UNSPECIFIED.) CURVE() GEOMETRIC_REPRESENTATION_ITEM() 
RATIONAL_B_SPLINE_CURVE((1.,0.5,1.,0.5,1.,0.5,1.)) REPRESENTATION_ITEM(
  '') );
#11994 = CARTESIAN_POINT('',(33.2,4.06604880058E-15));
#11995 = CARTESIAN_POINT('',(33.2,-55.59883092296));
#11996 = CARTESIAN_POINT('',(-14.95,-27.79941546148));
#11997 = CARTESIAN_POINT('',(-63.1,-3.244620921901E-14));
#11998 = CARTESIAN_POINT('',(-14.95,27.79941546148));
#11999 = CARTESIAN_POINT('',(33.2,55.598830922961));
#12000 = CARTESIAN_POINT('',(33.2,4.06604880058E-15));
#12001 = ( GEOMETRIC_REPRESENTATION_CONTEXT(2) 
PARAMETRIC_REPRESENTATION_CONTEXT() REPRESENTATION_CONTEXT('2D SPACE',''
  ) );
#12002 = PCURVE('',#10171,#12003);
#12003 = DEFINITIONAL_REPRESENTATION('',(#12004),#12008);
#12004 = LINE('',#12005,#12006);
#12005 = CARTESIAN_POINT('',(0.,0.));
#12006 = VECTOR('',#12007,1.);
#12007 = DIRECTION('',(1.,0.));
#12008 = ( GEOMETRIC_REPRESENTATION_CONTEXT(2) 
PARAMETRIC_REPRESENTATION_CONTEXT() REPRESENTATION_CONTEXT('2D SPACE',''
  ) );
#12009 = ORIENTED_EDGE('',*,*,#12010,.F.);
#12010 = EDGE_CURVE('',#6343,#11983,#12011,.T.);
#12011 = SURFACE_CURVE('',#12012,(#12017,#12028),.PCURVE_S1.);
#12012 = CIRCLE('',#12013,33.2);
#12013 = AXIS2_PLACEMENT_3D('',#12014,#12015,#12016);
#12014 = CARTESIAN_POINT('',(3.552713678801E-15,3.552713678801E-15,2.));
#12015 = DIRECTION('',(0.,0.,-1.));
#12016 = DIRECTION('',(-1.,-4.487612168275E-16,-0.));
#12017 = PCURVE('',#4121,#12018);
#12018 = DEFINITIONAL_REPRESENTATION('',(#12019),#12027);
#12019 = ( BOUNDED_CURVE() B_SPLINE_CURVE(2,(#12020,#12021,#12022,#12023
    ,#12024,#12025,#12026),.UNSPECIFIED.,.T.,.F.) 
B_SPLINE_CURVE_WITH_KNOTS((1,2,2,2,2,1),(-2.094395102393,0.,
    2.094395102393,4.188790204786,6.28318530718,8.377580409573),
.UNSPECIFIED.) CURVE() GEOMETRIC_REPRESENTATION_ITEM() 
RATIONAL_B_SPLINE_CURVE((1.,0.5,1.,0.5,1.,0.5,1.)) REPRESENTATION_ITEM(
  '') );
#12020 = CARTESIAN_POINT('',(-33.2,-1.505376160291E-14));
#12021 = CARTESIAN_POINT('',(-33.2,57.504086811287));
#12022 = CARTESIAN_POINT('',(16.6,28.752043405643));
#12023 = CARTESIAN_POINT('',(66.4,3.777451033944E-14));
#12024 = CARTESIAN_POINT('',(16.6,-28.75204340564));
#12025 = CARTESIAN_POINT('',(-33.2,-57.50408681128));
#12026 = CARTESIAN_POINT('',(-33.2,-1.505376160291E-14));
#12027 = ( GEOMETRIC_REPRESENTATION_CONTEXT(2) 
PARAMETRIC_REPRESENTATION_CONTEXT() REPRESENTATION_CONTEXT('2D SPACE',''
  ) );
#12028 = PCURVE('',#10087,#12029);
#12029 = DEFINITIONAL_REPRESENTATION('',(#12030),#12034);
#12030 = LINE('',#12031,#12032);
#12031 = CARTESIAN_POINT('',(0.,0.));
#12032 = VECTOR('',#12033,1.);
#12033 = DIRECTION('',(1.,0.));
#12034 = ( GEOMETRIC_REPRESENTATION_CONTEXT(2) 
PARAMETRIC_REPRESENTATION_CONTEXT() REPRESENTATION_CONTEXT('2D SPACE',''
  ) );
#12035 = ORIENTED_EDGE('',*,*,#6370,.T.);
#12036 = ORIENTED_EDGE('',*,*,#12037,.F.);
#12037 = EDGE_CURVE('',#11958,#6371,#12038,.T.);
#12038 = SURFACE_CURVE('',#12039,(#12044,#12051),.PCURVE_S1.);
#12039 = CIRCLE('',#12040,31.8);
#12040 = AXIS2_PLACEMENT_3D('',#12041,#12042,#12043);
#12041 = CARTESIAN_POINT('',(8.881784197001E-16,-3.552713678801E-15,2.)
  );
#12042 = DIRECTION('',(0.,0.,1.));
#12043 = DIRECTION('',(1.,8.330827787858E-17,-0.));
#12044 = PCURVE('',#4121,#12045);
#12045 = DEFINITIONAL_REPRESENTATION('',(#12046),#12050);
#12046 = CIRCLE('',#12047,31.8);
#12047 = AXIS2_PLACEMENT_2D('',#12048,#12049);
#12048 = CARTESIAN_POINT('',(3.696183825556E-15,-7.260316561842E-15));
#12049 = DIRECTION('',(1.,8.330827787858E-17));
#12050 = ( GEOMETRIC_REPRESENTATION_CONTEXT(2) 
PARAMETRIC_REPRESENTATION_CONTEXT() REPRESENTATION_CONTEXT('2D SPACE',''
  ) );
#12051 = PCURVE('',#10053,#12052);
#12052 = DEFINITIONAL_REPRESENTATION('',(#12053),#12057);
#12053 = LINE('',#12054,#12055);
#12054 = CARTESIAN_POINT('',(-0.,0.));
#12055 = VECTOR('',#12056,1.);
#12056 = DIRECTION('',(-1.,0.));
#12057 = ( GEOMETRIC_REPRESENTATION_CONTEXT(2) 
PARAMETRIC_REPRESENTATION_CONTEXT() REPRESENTATION_CONTEXT('2D SPACE',''
  ) );
#12058 = ADVANCED_FACE('',(#12059),#4172,.T.);
#12059 = FACE_BOUND('',#12060,.T.);
#12060 = EDGE_LOOP('',(#12061,#12085,#12086,#12114,#12140,#12141));
#12061 = ORIENTED_EDGE('',*,*,#12062,.F.);
#12062 = EDGE_CURVE('',#4134,#12063,#12065,.T.);
#12063 = VERTEX_POINT('',#12064);
#12064 = CARTESIAN_POINT('',(34.,-9.22665552161E-15,2.));
#12065 = SURFACE_CURVE('',#12066,(#12071,#12078),.PCURVE_S1.);
#12066 = CIRCLE('',#12067,32.9);
#12067 = AXIS2_PLACEMENT_3D('',#12068,#12069,#12070);
#12068 = CARTESIAN_POINT('',(1.1,3.552713678801E-15,2.));
#12069 = DIRECTION('',(0.,0.,1.));
#12070 = DIRECTION('',(-1.,-1.781232149803E-16,0.));
#12071 = PCURVE('',#4172,#12072);
#12072 = DEFINITIONAL_REPRESENTATION('',(#12073),#12077);
#12073 = CIRCLE('',#12074,32.9);
#12074 = AXIS2_PLACEMENT_2D('',#12075,#12076);
#12075 = CARTESIAN_POINT('',(1.1,-1.548892042409E-16));
#12076 = DIRECTION('',(-1.,-1.781232149803E-16));
#12077 = ( GEOMETRIC_REPRESENTATION_CONTEXT(2) 
PARAMETRIC_REPRESENTATION_CONTEXT() REPRESENTATION_CONTEXT('2D SPACE',''
  ) );
#12078 = PCURVE('',#10141,#12079);
#12079 = DEFINITIONAL_REPRESENTATION('',(#12080),#12084);
#12080 = LINE('',#12081,#12082);
#12081 = CARTESIAN_POINT('',(-0.,0.));
#12082 = VECTOR('',#12083,1.);
#12083 = DIRECTION('',(-1.,0.));
#12084 = ( GEOMETRIC_REPRESENTATION_CONTEXT(2) 
PARAMETRIC_REPRESENTATION_CONTEXT() REPRESENTATION_CONTEXT('2D SPACE',''
  ) );
#12085 = ORIENTED_EDGE('',*,*,#4156,.T.);
#12086 = ORIENTED_EDGE('',*,*,#12087,.F.);
#12087 = EDGE_CURVE('',#12088,#4157,#12090,.T.);
#12088 = VERTEX_POINT('',#12089);
#12089 = CARTESIAN_POINT('',(35.4,1.06983338776E-14,2.));
#12090 = SURFACE_CURVE('',#12091,(#12096,#12107),.PCURVE_S1.);
#12091 = CIRCLE('',#12092,34.3);
#12092 = AXIS2_PLACEMENT_3D('',#12093,#12094,#12095);
#12093 = CARTESIAN_POINT('',(1.1,1.7763568394E-15,2.));
#12094 = DIRECTION('',(0.,0.,-1.));
#12095 = DIRECTION('',(1.,2.601159486355E-16,0.));
#12096 = PCURVE('',#4172,#12097);
#12097 = DEFINITIONAL_REPRESENTATION('',(#12098),#12106);
#12098 = ( BOUNDED_CURVE() B_SPLINE_CURVE(2,(#12099,#12100,#12101,#12102
    ,#12103,#12104,#12105),.UNSPECIFIED.,.T.,.F.) 
B_SPLINE_CURVE_WITH_KNOTS((1,2,2,2,2,1),(-2.094395102393,0.,
    2.094395102393,4.188790204786,6.28318530718,8.377580409573),
.UNSPECIFIED.) CURVE() GEOMETRIC_REPRESENTATION_ITEM() 
RATIONAL_B_SPLINE_CURVE((1.,0.5,1.,0.5,1.,0.5,1.)) REPRESENTATION_ITEM(
  '') );
#12099 = CARTESIAN_POINT('',(35.4,6.990730994557E-15));
#12100 = CARTESIAN_POINT('',(35.4,-59.40934269961));
#12101 = CARTESIAN_POINT('',(-16.05,-29.7046713498));
#12102 = CARTESIAN_POINT('',(-67.5,-2.817627716219E-14));
#12103 = CARTESIAN_POINT('',(-16.05,29.704671349806));
#12104 = CARTESIAN_POINT('',(35.4,59.409342699613));
#12105 = CARTESIAN_POINT('',(35.4,6.990730994557E-15));
#12106 = ( GEOMETRIC_REPRESENTATION_CONTEXT(2) 
PARAMETRIC_REPRESENTATION_CONTEXT() REPRESENTATION_CONTEXT('2D SPACE',''
  ) );
#12107 = PCURVE('',#9993,#12108);
#12108 = DEFINITIONAL_REPRESENTATION('',(#12109),#12113);
#12109 = LINE('',#12110,#12111);
#12110 = CARTESIAN_POINT('',(0.,0.));
#12111 = VECTOR('',#12112,1.);
#12112 = DIRECTION('',(1.,0.));
#12113 = ( GEOMETRIC_REPRESENTATION_CONTEXT(2) 
PARAMETRIC_REPRESENTATION_CONTEXT() REPRESENTATION_CONTEXT('2D SPACE',''
  ) );
#12114 = ORIENTED_EDGE('',*,*,#12115,.F.);
#12115 = EDGE_CURVE('',#6292,#12088,#12116,.T.);
#12116 = SURFACE_CURVE('',#12117,(#12122,#12133),.PCURVE_S1.);
#12117 = CIRCLE('',#12118,35.4);
#12118 = AXIS2_PLACEMENT_3D('',#12119,#12120,#12121);
#12119 = CARTESIAN_POINT('',(-1.7763568394E-15,-1.7763568394E-15,2.));
#12120 = DIRECTION('',(0.,0.,-1.));
#12121 = DIRECTION('',(-1.,-2.299277132208E-16,-0.));
#12122 = PCURVE('',#4172,#12123);
#12123 = DEFINITIONAL_REPRESENTATION('',(#12124),#12132);
#12124 = ( BOUNDED_CURVE() B_SPLINE_CURVE(2,(#12125,#12126,#12127,#12128
    ,#12129,#12130,#12131),.UNSPECIFIED.,.T.,.F.) 
B_SPLINE_CURVE_WITH_KNOTS((1,2,2,2,2,1),(-2.094395102393,0.,
    2.094395102393,4.188790204786,6.28318530718,8.377580409573),
.UNSPECIFIED.) CURVE() GEOMETRIC_REPRESENTATION_ITEM() 
RATIONAL_B_SPLINE_CURVE((1.,0.5,1.,0.5,1.,0.5,1.)) REPRESENTATION_ITEM(
  '') );
#12125 = CARTESIAN_POINT('',(-35.4,-1.362340077046E-14));
#12126 = CARTESIAN_POINT('',(-35.4,61.314598587938));
#12127 = CARTESIAN_POINT('',(17.7,30.657299293969));
#12128 = CARTESIAN_POINT('',(70.8,1.946542171155E-14));
#12129 = CARTESIAN_POINT('',(17.7,-30.65729929396));
#12130 = CARTESIAN_POINT('',(-35.4,-61.31459858793));
#12131 = CARTESIAN_POINT('',(-35.4,-1.362340077046E-14));
#12132 = ( GEOMETRIC_REPRESENTATION_CONTEXT(2) 
PARAMETRIC_REPRESENTATION_CONTEXT() REPRESENTATION_CONTEXT('2D SPACE',''
  ) );
#12133 = PCURVE('',#9909,#12134);
#12134 = DEFINITIONAL_REPRESENTATION('',(#12135),#12139);
#12135 = LINE('',#12136,#12137);
#12136 = CARTESIAN_POINT('',(0.,0.));
#12137 = VECTOR('',#12138,1.);
#12138 = DIRECTION('',(1.,0.));
#12139 = ( GEOMETRIC_REPRESENTATION_CONTEXT(2) 
PARAMETRIC_REPRESENTATION_CONTEXT() REPRESENTATION_CONTEXT('2D SPACE',''
  ) );
#12140 = ORIENTED_EDGE('',*,*,#6319,.T.);
#12141 = ORIENTED_EDGE('',*,*,#12142,.F.);
#12142 = EDGE_CURVE('',#12063,#6320,#12143,.T.);
#12143 = SURFACE_CURVE('',#12144,(#12149,#12156),.PCURVE_S1.);
#12144 = CIRCLE('',#12145,34.);
#12145 = AXIS2_PLACEMENT_3D('',#12146,#12147,#12148);
#12146 = CARTESIAN_POINT('',(3.552713678801E-15,-3.552713678801E-15,2.)
  );
#12147 = DIRECTION('',(0.,0.,1.));
#12148 = DIRECTION('',(1.,-1.668806424356E-16,0.));
#12149 = PCURVE('',#4172,#12150);
#12150 = DEFINITIONAL_REPRESENTATION('',(#12151),#12155);
#12151 = CIRCLE('',#12152,34.);
#12152 = AXIS2_PLACEMENT_2D('',#12153,#12154);
#12153 = CARTESIAN_POINT('',(6.360719084657E-15,-7.260316561842E-15));
#12154 = DIRECTION('',(1.,-1.668806424356E-16));
#12155 = ( GEOMETRIC_REPRESENTATION_CONTEXT(2) 
PARAMETRIC_REPRESENTATION_CONTEXT() REPRESENTATION_CONTEXT('2D SPACE',''
  ) );
#12156 = PCURVE('',#9875,#12157);
#12157 = DEFINITIONAL_REPRESENTATION('',(#12158),#12162);
#12158 = LINE('',#12159,#12160);
#12159 = CARTESIAN_POINT('',(-0.,0.));
#12160 = VECTOR('',#12161,1.);
#12161 = DIRECTION('',(-1.,0.));
#12162 = ( GEOMETRIC_REPRESENTATION_CONTEXT(2) 
PARAMETRIC_REPRESENTATION_CONTEXT() REPRESENTATION_CONTEXT('2D SPACE',''
  ) );
#12163 = ADVANCED_FACE('',(#12164),#4223,.T.);
#12164 = FACE_BOUND('',#12165,.T.);
#12165 = EDGE_LOOP('',(#12166,#12190,#12191,#12219,#12245,#12246));
#12166 = ORIENTED_EDGE('',*,*,#12167,.F.);
#12167 = EDGE_CURVE('',#4185,#12168,#12170,.T.);
#12168 = VERTEX_POINT('',#12169);
#12169 = CARTESIAN_POINT('',(36.2,-7.030823867317E-15,2.));
#12170 = SURFACE_CURVE('',#12171,(#12176,#12183),.PCURVE_S1.);
#12171 = CIRCLE('',#12172,35.1);
#12172 = AXIS2_PLACEMENT_3D('',#12173,#12174,#12175);
#12173 = CARTESIAN_POINT('',(1.1,1.7763568394E-15,2.));
#12174 = DIRECTION('',(0.,0.,1.));
#12175 = DIRECTION('',(-1.,1.284521493365E-16,-0.));
#12176 = PCURVE('',#4223,#12177);
#12177 = DEFINITIONAL_REPRESENTATION('',(#12178),#12182);
#12178 = CIRCLE('',#12179,35.1);
#12179 = AXIS2_PLACEMENT_2D('',#12180,#12181);
#12180 = CARTESIAN_POINT('',(1.1,-1.931246043641E-15));
#12181 = DIRECTION('',(-1.,1.284521493365E-16));
#12182 = ( GEOMETRIC_REPRESENTATION_CONTEXT(2) 
PARAMETRIC_REPRESENTATION_CONTEXT() REPRESENTATION_CONTEXT('2D SPACE',''
  ) );
#12183 = PCURVE('',#9963,#12184);
#12184 = DEFINITIONAL_REPRESENTATION('',(#12185),#12189);
#12185 = LINE('',#12186,#12187);
#12186 = CARTESIAN_POINT('',(-0.,0.));
#12187 = VECTOR('',#12188,1.);
#12188 = DIRECTION('',(-1.,0.));
#12189 = ( GEOMETRIC_REPRESENTATION_CONTEXT(2) 
PARAMETRIC_REPRESENTATION_CONTEXT() REPRESENTATION_CONTEXT('2D SPACE',''
  ) );
#12190 = ORIENTED_EDGE('',*,*,#4207,.T.);
#12191 = ORIENTED_EDGE('',*,*,#12192,.F.);
#12192 = EDGE_CURVE('',#12193,#4208,#12195,.T.);
#12193 = VERTEX_POINT('',#12194);
#12194 = CARTESIAN_POINT('',(37.6,7.444238514854E-15,2.));
#12195 = SURFACE_CURVE('',#12196,(#12201,#12212),.PCURVE_S1.);
#12196 = CIRCLE('',#12197,36.5);
#12197 = AXIS2_PLACEMENT_3D('',#12198,#12199,#12200);
#12198 = CARTESIAN_POINT('',(1.1,-7.105427357601E-15,2.));
#12199 = DIRECTION('',(0.,0.,-1.));
#12200 = DIRECTION('',(1.,3.98620982807E-16,0.));
#12201 = PCURVE('',#4223,#12202);
#12202 = DEFINITIONAL_REPRESENTATION('',(#12203),#12211);
#12203 = ( BOUNDED_CURVE() B_SPLINE_CURVE(2,(#12204,#12205,#12206,#12207
    ,#12208,#12209,#12210),.UNSPECIFIED.,.T.,.F.) 
B_SPLINE_CURVE_WITH_KNOTS((1,2,2,2,2,1),(-2.094395102393,0.,
    2.094395102393,4.188790204786,6.28318530718,8.377580409573),
.UNSPECIFIED.) CURVE() GEOMETRIC_REPRESENTATION_ITEM() 
RATIONAL_B_SPLINE_CURVE((1.,0.5,1.,0.5,1.,0.5,1.)) REPRESENTATION_ITEM(
  '') );
#12204 = CARTESIAN_POINT('',(37.6,3.736635631813E-15));
#12205 = CARTESIAN_POINT('',(37.6,-63.21985447626));
#12206 = CARTESIAN_POINT('',(-17.15,-31.60992723813));
#12207 = CARTESIAN_POINT('',(-71.9,-4.885228361933E-14));
#12208 = CARTESIAN_POINT('',(-17.15,31.609927238132));
#12209 = CARTESIAN_POINT('',(37.6,63.219854476264));
#12210 = CARTESIAN_POINT('',(37.6,3.736635631813E-15));
#12211 = ( GEOMETRIC_REPRESENTATION_CONTEXT(2) 
PARAMETRIC_REPRESENTATION_CONTEXT() REPRESENTATION_CONTEXT('2D SPACE',''
  ) );
#12212 = PCURVE('',#9815,#12213);
#12213 = DEFINITIONAL_REPRESENTATION('',(#12214),#12218);
#12214 = LINE('',#12215,#12216);
#12215 = CARTESIAN_POINT('',(0.,0.));
#12216 = VECTOR('',#12217,1.);
#12217 = DIRECTION('',(1.,0.));
#12218 = ( GEOMETRIC_REPRESENTATION_CONTEXT(2) 
PARAMETRIC_REPRESENTATION_CONTEXT() REPRESENTATION_CONTEXT('2D SPACE',''
  ) );
#12219 = ORIENTED_EDGE('',*,*,#12220,.F.);
#12220 = EDGE_CURVE('',#6241,#12193,#12221,.T.);
#12221 = SURFACE_CURVE('',#12222,(#12227,#12238),.PCURVE_S1.);
#12222 = CIRCLE('',#12223,37.6);
#12223 = AXIS2_PLACEMENT_3D('',#12224,#12225,#12226);
#12224 = CARTESIAN_POINT('',(-1.7763568394E-15,-1.7763568394E-15,2.));
#12225 = DIRECTION('',(0.,0.,-1.));
#12226 = DIRECTION('',(-1.,-1.227639199325E-16,-0.));
#12227 = PCURVE('',#4223,#12228);
#12228 = DEFINITIONAL_REPRESENTATION('',(#12229),#12237);
#12229 = ( BOUNDED_CURVE() B_SPLINE_CURVE(2,(#12230,#12231,#12232,#12233
    ,#12234,#12235,#12236),.UNSPECIFIED.,.T.,.F.) 
B_SPLINE_CURVE_WITH_KNOTS((1,2,2,2,2,1),(-2.094395102393,0.,
    2.094395102393,4.188790204786,6.28318530718,8.377580409573),
.UNSPECIFIED.) CURVE() GEOMETRIC_REPRESENTATION_ITEM() 
RATIONAL_B_SPLINE_CURVE((1.,0.5,1.,0.5,1.,0.5,1.)) REPRESENTATION_ITEM(
  '') );
#12230 = CARTESIAN_POINT('',(-37.6,-1.00998831119E-14));
#12231 = CARTESIAN_POINT('',(-37.6,65.12511036459));
#12232 = CARTESIAN_POINT('',(18.8,32.562555182295));
#12233 = CARTESIAN_POINT('',(75.2,1.295723098607E-14));
#12234 = CARTESIAN_POINT('',(18.8,-32.56255518229));
#12235 = CARTESIAN_POINT('',(-37.6,-65.12511036459));
#12236 = CARTESIAN_POINT('',(-37.6,-1.00998831119E-14));
#12237 = ( GEOMETRIC_REPRESENTATION_CONTEXT(2) 
PARAMETRIC_REPRESENTATION_CONTEXT() REPRESENTATION_CONTEXT('2D SPACE',''
  ) );
#12238 = PCURVE('',#9731,#12239);
#12239 = DEFINITIONAL_REPRESENTATION('',(#12240),#12244);
#12240 = LINE('',#12241,#12242);
#12241 = CARTESIAN_POINT('',(0.,0.));
#12242 = VECTOR('',#12243,1.);
#12243 = DIRECTION('',(1.,0.));
#12244 = ( GEOMETRIC_REPRESENTATION_CONTEXT(2) 
PARAMETRIC_REPRESENTATION_CONTEXT() REPRESENTATION_CONTEXT('2D SPACE',''
  ) );
#12245 = ORIENTED_EDGE('',*,*,#6268,.T.);
#12246 = ORIENTED_EDGE('',*,*,#12247,.F.);
#12247 = EDGE_CURVE('',#12168,#6269,#12248,.T.);
#12248 = SURFACE_CURVE('',#12249,(#12254,#12261),.PCURVE_S1.);
#12249 = CIRCLE('',#12250,36.2);
#12250 = AXIS2_PLACEMENT_3D('',#12251,#12252,#12253);
#12251 = CARTESIAN_POINT('',(-3.552713678801E-15,5.329070518201E-15,2.)
  );
#12252 = DIRECTION('',(0.,0.,1.));
#12253 = DIRECTION('',(1.,-3.414335465613E-16,0.));
#12254 = PCURVE('',#4223,#12255);
#12255 = DEFINITIONAL_REPRESENTATION('',(#12256),#12260);
#12256 = CIRCLE('',#12257,36.2);
#12257 = AXIS2_PLACEMENT_2D('',#12258,#12259);
#12258 = CARTESIAN_POINT('',(-7.447082729441E-16,1.621467635159E-15));
#12259 = DIRECTION('',(1.,-3.414335465613E-16));
#12260 = ( GEOMETRIC_REPRESENTATION_CONTEXT(2) 
PARAMETRIC_REPRESENTATION_CONTEXT() REPRESENTATION_CONTEXT('2D SPACE',''
  ) );
#12261 = PCURVE('',#9697,#12262);
#12262 = DEFINITIONAL_REPRESENTATION('',(#12263),#12267);
#12263 = LINE('',#12264,#12265);
#12264 = CARTESIAN_POINT('',(-0.,0.));
#12265 = VECTOR('',#12266,1.);
#12266 = DIRECTION('',(-1.,0.));
#12267 = ( GEOMETRIC_REPRESENTATION_CONTEXT(2) 
PARAMETRIC_REPRESENTATION_CONTEXT() REPRESENTATION_CONTEXT('2D SPACE',''
  ) );
#12268 = ADVANCED_FACE('',(#12269),#4274,.T.);
#12269 = FACE_BOUND('',#12270,.T.);
#12270 = EDGE_LOOP('',(#12271,#12295,#12296,#12324,#12350,#12351));
#12271 = ORIENTED_EDGE('',*,*,#12272,.F.);
#12272 = EDGE_CURVE('',#4236,#12273,#12275,.T.);
#12273 = VERTEX_POINT('',#12274);
#12274 = CARTESIAN_POINT('',(38.4,-1.154989311073E-15,2.));
#12275 = SURFACE_CURVE('',#12276,(#12281,#12288),.PCURVE_S1.);
#12276 = CIRCLE('',#12277,37.3);
#12277 = AXIS2_PLACEMENT_3D('',#12278,#12279,#12280);
#12278 = CARTESIAN_POINT('',(1.1,-3.552713678801E-15,2.));
#12279 = DIRECTION('',(0.,0.,1.));
#12280 = DIRECTION('',(-1.,2.573423753046E-16,-0.));
#12281 = PCURVE('',#4274,#12282);
#12282 = DEFINITIONAL_REPRESENTATION('',(#12283),#12287);
#12283 = CIRCLE('',#12284,37.3);
#12284 = AXIS2_PLACEMENT_2D('',#12285,#12286);
#12285 = CARTESIAN_POINT('',(1.1,-7.260316561842E-15));
#12286 = DIRECTION('',(-1.,2.573423753046E-16));
#12287 = ( GEOMETRIC_REPRESENTATION_CONTEXT(2) 
PARAMETRIC_REPRESENTATION_CONTEXT() REPRESENTATION_CONTEXT('2D SPACE',''
  ) );
#12288 = PCURVE('',#9785,#12289);
#12289 = DEFINITIONAL_REPRESENTATION('',(#12290),#12294);
#12290 = LINE('',#12291,#12292);
#12291 = CARTESIAN_POINT('',(-0.,0.));
#12292 = VECTOR('',#12293,1.);
#12293 = DIRECTION('',(-1.,0.));
#12294 = ( GEOMETRIC_REPRESENTATION_CONTEXT(2) 
PARAMETRIC_REPRESENTATION_CONTEXT() REPRESENTATION_CONTEXT('2D SPACE',''
  ) );
#12295 = ORIENTED_EDGE('',*,*,#4258,.T.);
#12296 = ORIENTED_EDGE('',*,*,#12297,.F.);
#12297 = EDGE_CURVE('',#12298,#4259,#12300,.T.);
#12298 = VERTEX_POINT('',#12299);
#12299 = CARTESIAN_POINT('',(39.8,5.205610794961E-15,2.));
#12300 = SURFACE_CURVE('',#12301,(#12306,#12317),.PCURVE_S1.);
#12301 = CIRCLE('',#12302,38.7);
#12302 = AXIS2_PLACEMENT_3D('',#12303,#12304,#12305);
#12303 = CARTESIAN_POINT('',(1.1,1.7763568394E-15,2.));
#12304 = DIRECTION('',(0.,0.,-1.));
#12305 = DIRECTION('',(1.,8.861121332198E-17,0.));
#12306 = PCURVE('',#4274,#12307);
#12307 = DEFINITIONAL_REPRESENTATION('',(#12308),#12316);
#12308 = ( BOUNDED_CURVE() B_SPLINE_CURVE(2,(#12309,#12310,#12311,#12312
    ,#12313,#12314,#12315),.UNSPECIFIED.,.T.,.F.) 
B_SPLINE_CURVE_WITH_KNOTS((1,2,2,2,2,1),(-2.094395102393,0.,
    2.094395102393,4.188790204786,6.28318530718,8.377580409573),
.UNSPECIFIED.) CURVE() GEOMETRIC_REPRESENTATION_ITEM() 
RATIONAL_B_SPLINE_CURVE((1.,0.5,1.,0.5,1.,0.5,1.)) REPRESENTATION_ITEM(
  '') );
#12309 = CARTESIAN_POINT('',(39.8,1.49800791192E-15));
#12310 = CARTESIAN_POINT('',(39.8,-67.03036625291));
#12311 = CARTESIAN_POINT('',(-18.25,-33.51518312645));
#12312 = CARTESIAN_POINT('',(-76.3,-1.826852018016E-14));
#12313 = CARTESIAN_POINT('',(-18.25,33.515183126458));
#12314 = CARTESIAN_POINT('',(39.8,67.030366252916));
#12315 = CARTESIAN_POINT('',(39.8,1.49800791192E-15));
#12316 = ( GEOMETRIC_REPRESENTATION_CONTEXT(2) 
PARAMETRIC_REPRESENTATION_CONTEXT() REPRESENTATION_CONTEXT('2D SPACE',''
  ) );
#12317 = PCURVE('',#9637,#12318);
#12318 = DEFINITIONAL_REPRESENTATION('',(#12319),#12323);
#12319 = LINE('',#12320,#12321);
#12320 = CARTESIAN_POINT('',(0.,0.));
#12321 = VECTOR('',#12322,1.);
#12322 = DIRECTION('',(1.,0.));
#12323 = ( GEOMETRIC_REPRESENTATION_CONTEXT(2) 
PARAMETRIC_REPRESENTATION_CONTEXT() REPRESENTATION_CONTEXT('2D SPACE',''
  ) );
#12324 = ORIENTED_EDGE('',*,*,#12325,.F.);
#12325 = EDGE_CURVE('',#6190,#12298,#12326,.T.);
#12326 = SURFACE_CURVE('',#12327,(#12332,#12343),.PCURVE_S1.);
#12327 = CIRCLE('',#12328,39.8);
#12328 = AXIS2_PLACEMENT_3D('',#12329,#12330,#12331);
#12329 = CARTESIAN_POINT('',(3.552713678801E-15,0.,2.));
#12330 = DIRECTION('',(0.,0.,-1.));
#12331 = DIRECTION('',(-1.,-8.329561164686E-18,-0.));
#12332 = PCURVE('',#4274,#12333);
#12333 = DEFINITIONAL_REPRESENTATION('',(#12334),#12342);
#12334 = ( BOUNDED_CURVE() B_SPLINE_CURVE(2,(#12335,#12336,#12337,#12338
    ,#12339,#12340,#12341),.UNSPECIFIED.,.T.,.F.) 
B_SPLINE_CURVE_WITH_KNOTS((1,2,2,2,2,1),(-2.094395102393,0.,
    2.094395102393,4.188790204786,6.28318530718,8.377580409573),
.UNSPECIFIED.) CURVE() GEOMETRIC_REPRESENTATION_ITEM() 
RATIONAL_B_SPLINE_CURVE((1.,0.5,1.,0.5,1.,0.5,1.)) REPRESENTATION_ITEM(
  '') );
#12335 = CARTESIAN_POINT('',(-39.8,-4.039119417396E-15));
#12336 = CARTESIAN_POINT('',(-39.8,68.935622141241));
#12337 = CARTESIAN_POINT('',(19.9,34.467811070621));
#12338 = CARTESIAN_POINT('',(79.6,6.703618706881E-15));
#12339 = CARTESIAN_POINT('',(19.9,-34.46781107062));
#12340 = CARTESIAN_POINT('',(-39.8,-68.93562214124));
#12341 = CARTESIAN_POINT('',(-39.8,-4.039119417396E-15));
#12342 = ( GEOMETRIC_REPRESENTATION_CONTEXT(2) 
PARAMETRIC_REPRESENTATION_CONTEXT() REPRESENTATION_CONTEXT('2D SPACE',''
  ) );
#12343 = PCURVE('',#9553,#12344);
#12344 = DEFINITIONAL_REPRESENTATION('',(#12345),#12349);
#12345 = LINE('',#12346,#12347);
#12346 = CARTESIAN_POINT('',(0.,0.));
#12347 = VECTOR('',#12348,1.);
#12348 = DIRECTION('',(1.,0.));
#12349 = ( GEOMETRIC_REPRESENTATION_CONTEXT(2) 
PARAMETRIC_REPRESENTATION_CONTEXT() REPRESENTATION_CONTEXT('2D SPACE',''
  ) );
#12350 = ORIENTED_EDGE('',*,*,#6217,.T.);
#12351 = ORIENTED_EDGE('',*,*,#12352,.F.);
#12352 = EDGE_CURVE('',#12273,#6218,#12353,.T.);
#12353 = SURFACE_CURVE('',#12354,(#12359,#12366),.PCURVE_S1.);
#12354 = CIRCLE('',#12355,38.4);
#12355 = AXIS2_PLACEMENT_3D('',#12356,#12357,#12358);
#12356 = CARTESIAN_POINT('',(1.7763568394E-15,-5.329070518201E-15,2.));
#12357 = DIRECTION('',(0.,0.,1.));
#12358 = DIRECTION('',(1.,1.087000314356E-16,-0.));
#12359 = PCURVE('',#4274,#12360);
#12360 = DEFINITIONAL_REPRESENTATION('',(#12361),#12365);
#12361 = CIRCLE('',#12362,38.4);
#12362 = AXIS2_PLACEMENT_2D('',#12363,#12364);
#12363 = CARTESIAN_POINT('',(4.584362245257E-15,-9.036673401242E-15));
#12364 = DIRECTION('',(1.,1.087000314356E-16));
#12365 = ( GEOMETRIC_REPRESENTATION_CONTEXT(2) 
PARAMETRIC_REPRESENTATION_CONTEXT() REPRESENTATION_CONTEXT('2D SPACE',''
  ) );
#12366 = PCURVE('',#9519,#12367);
#12367 = DEFINITIONAL_REPRESENTATION('',(#12368),#12372);
#12368 = LINE('',#12369,#12370);
#12369 = CARTESIAN_POINT('',(-0.,0.));
#12370 = VECTOR('',#12371,1.);
#12371 = DIRECTION('',(-1.,0.));
#12372 = ( GEOMETRIC_REPRESENTATION_CONTEXT(2) 
PARAMETRIC_REPRESENTATION_CONTEXT() REPRESENTATION_CONTEXT('2D SPACE',''
  ) );
#12373 = ADVANCED_FACE('',(#12374),#4325,.T.);
#12374 = FACE_BOUND('',#12375,.T.);
#12375 = EDGE_LOOP('',(#12376,#12400,#12401,#12402,#12430,#12456,#12457,
    #12458));
#12376 = ORIENTED_EDGE('',*,*,#12377,.F.);
#12377 = EDGE_CURVE('',#4287,#12378,#12380,.T.);
#12378 = VERTEX_POINT('',#12379);
#12379 = CARTESIAN_POINT('',(40.6,-3.101062387994E-15,2.));
#12380 = SURFACE_CURVE('',#12381,(#12386,#12393),.PCURVE_S1.);
#12381 = CIRCLE('',#12382,39.5);
#12382 = AXIS2_PLACEMENT_3D('',#12383,#12384,#12385);
#12383 = CARTESIAN_POINT('',(1.1,-1.7763568394E-15,2.));
#12384 = DIRECTION('',(0.,0.,1.));
#12385 = DIRECTION('',(-1.,3.551613792668E-16,-0.));
#12386 = PCURVE('',#4325,#12387);
#12387 = DEFINITIONAL_REPRESENTATION('',(#12388),#12392);
#12388 = CIRCLE('',#12389,39.5);
#12389 = AXIS2_PLACEMENT_2D('',#12390,#12391);
#12390 = CARTESIAN_POINT('',(1.1,-5.483959722442E-15));
#12391 = DIRECTION('',(-1.,3.551613792668E-16));
#12392 = ( GEOMETRIC_REPRESENTATION_CONTEXT(2) 
PARAMETRIC_REPRESENTATION_CONTEXT() REPRESENTATION_CONTEXT('2D SPACE',''
  ) );
#12393 = PCURVE('',#9607,#12394);
#12394 = DEFINITIONAL_REPRESENTATION('',(#12395),#12399);
#12395 = LINE('',#12396,#12397);
#12396 = CARTESIAN_POINT('',(-0.,0.));
#12397 = VECTOR('',#12398,1.);
#12398 = DIRECTION('',(-1.,0.));
#12399 = ( GEOMETRIC_REPRESENTATION_CONTEXT(2) 
PARAMETRIC_REPRESENTATION_CONTEXT() REPRESENTATION_CONTEXT('2D SPACE',''
  ) );
#12400 = ORIENTED_EDGE('',*,*,#4309,.T.);
#12401 = ORIENTED_EDGE('',*,*,#4363,.T.);
#12402 = ORIENTED_EDGE('',*,*,#12403,.F.);
#12403 = EDGE_CURVE('',#12404,#4364,#12406,.T.);
#12404 = VERTEX_POINT('',#12405);
#12405 = CARTESIAN_POINT('',(42.,2.428138483443E-15,2.));
#12406 = SURFACE_CURVE('',#12407,(#12412,#12423),.PCURVE_S1.);
#12407 = CIRCLE('',#12408,40.9);
#12408 = AXIS2_PLACEMENT_3D('',#12409,#12410,#12411);
#12409 = CARTESIAN_POINT('',(1.1,3.552713678801E-15,2.));
#12410 = DIRECTION('',(-0.,0.,-1.));
#12411 = DIRECTION('',(1.,-2.749572604786E-17,-0.));
#12412 = PCURVE('',#4325,#12413);
#12413 = DEFINITIONAL_REPRESENTATION('',(#12414),#12422);
#12414 = ( BOUNDED_CURVE() B_SPLINE_CURVE(2,(#12415,#12416,#12417,#12418
    ,#12419,#12420,#12421),.UNSPECIFIED.,.T.,.F.) 
B_SPLINE_CURVE_WITH_KNOTS((1,2,2,2,2,1),(-2.094395102393,0.,
    2.094395102393,4.188790204786,6.28318530718,8.377580409573),
.UNSPECIFIED.) CURVE() GEOMETRIC_REPRESENTATION_ITEM() 
RATIONAL_B_SPLINE_CURVE((1.,0.5,1.,0.5,1.,0.5,1.)) REPRESENTATION_ITEM(
  '') );
#12415 = CARTESIAN_POINT('',(42.,-1.279464399599E-15));
#12416 = CARTESIAN_POINT('',(42.,-70.84087802956));
#12417 = CARTESIAN_POINT('',(-19.35,-35.42043901478));
#12418 = CARTESIAN_POINT('',(-80.7,-7.923349630551E-15));
#12419 = CARTESIAN_POINT('',(-19.35,35.420439014784));
#12420 = CARTESIAN_POINT('',(42.,70.840878029567));
#12421 = CARTESIAN_POINT('',(42.,-1.279464399599E-15));
#12422 = ( GEOMETRIC_REPRESENTATION_CONTEXT(2) 
PARAMETRIC_REPRESENTATION_CONTEXT() REPRESENTATION_CONTEXT('2D SPACE',''
  ) );
#12423 = PCURVE('',#9484,#12424);
#12424 = DEFINITIONAL_REPRESENTATION('',(#12425),#12429);
#12425 = LINE('',#12426,#12427);
#12426 = CARTESIAN_POINT('',(0.,0.));
#12427 = VECTOR('',#12428,1.);
#12428 = DIRECTION('',(1.,0.));
#12429 = ( GEOMETRIC_REPRESENTATION_CONTEXT(2) 
PARAMETRIC_REPRESENTATION_CONTEXT() REPRESENTATION_CONTEXT('2D SPACE',''
  ) );
#12430 = ORIENTED_EDGE('',*,*,#12431,.F.);
#12431 = EDGE_CURVE('',#6860,#12404,#12432,.T.);
#12432 = SURFACE_CURVE('',#12433,(#12438,#12449),.PCURVE_S1.);
#12433 = CIRCLE('',#12434,42.);
#12434 = AXIS2_PLACEMENT_3D('',#12435,#12436,#12437);
#12435 = CARTESIAN_POINT('',(5.329070518201E-15,8.881784197001E-15,2.));
#12436 = DIRECTION('',(0.,0.,-1.));
#12437 = DIRECTION('',(-1.,-1.679662986601E-16,-0.));
#12438 = PCURVE('',#4325,#12439);
#12439 = DEFINITIONAL_REPRESENTATION('',(#12440),#12448);
#12440 = ( BOUNDED_CURVE() B_SPLINE_CURVE(2,(#12441,#12442,#12443,#12444
    ,#12445,#12446,#12447),.UNSPECIFIED.,.T.,.F.) 
B_SPLINE_CURVE_WITH_KNOTS((1,2,2,2,2,1),(-2.094395102393,0.,
    2.094395102393,4.188790204786,6.28318530718,8.377580409573),
.UNSPECIFIED.) CURVE() GEOMETRIC_REPRESENTATION_ITEM() 
RATIONAL_B_SPLINE_CURVE((1.,0.5,1.,0.5,1.,0.5,1.)) REPRESENTATION_ITEM(
  '') );
#12441 = CARTESIAN_POINT('',(-42.,-1.880403229766E-15));
#12442 = CARTESIAN_POINT('',(-42.,72.746133917893));
#12443 = CARTESIAN_POINT('',(21.,36.373066958946));
#12444 = CARTESIAN_POINT('',(84.,2.957038351425E-14));
#12445 = CARTESIAN_POINT('',(21.,-36.37306695894));
#12446 = CARTESIAN_POINT('',(-42.,-72.74613391789));
#12447 = CARTESIAN_POINT('',(-42.,-1.880403229766E-15));
#12448 = ( GEOMETRIC_REPRESENTATION_CONTEXT(2) 
PARAMETRIC_REPRESENTATION_CONTEXT() REPRESENTATION_CONTEXT('2D SPACE',''
  ) );
#12449 = PCURVE('',#8450,#12450);
#12450 = DEFINITIONAL_REPRESENTATION('',(#12451),#12455);
#12451 = LINE('',#12452,#12453);
#12452 = CARTESIAN_POINT('',(0.,0.));
#12453 = VECTOR('',#12454,1.);
#12454 = DIRECTION('',(1.,0.));
#12455 = ( GEOMETRIC_REPRESENTATION_CONTEXT(2) 
PARAMETRIC_REPRESENTATION_CONTEXT() REPRESENTATION_CONTEXT('2D SPACE',''
  ) );
#12456 = ORIENTED_EDGE('',*,*,#6883,.T.);
#12457 = ORIENTED_EDGE('',*,*,#6166,.T.);
#12458 = ORIENTED_EDGE('',*,*,#12459,.F.);
#12459 = EDGE_CURVE('',#12378,#6167,#12460,.T.);
#12460 = SURFACE_CURVE('',#12461,(#12466,#12473),.PCURVE_S1.);
#12461 = CIRCLE('',#12462,40.6);
#12462 = AXIS2_PLACEMENT_3D('',#12463,#12464,#12465);
#12463 = CARTESIAN_POINT('',(0.,-3.552713678801E-15,2.));
#12464 = DIRECTION('',(0.,0.,1.));
#12465 = DIRECTION('',(1.,1.112441602971E-17,-0.));
#12466 = PCURVE('',#4325,#12467);
#12467 = DEFINITIONAL_REPRESENTATION('',(#12468),#12472);
#12468 = CIRCLE('',#12469,40.6);
#12469 = AXIS2_PLACEMENT_2D('',#12470,#12471);
#12470 = CARTESIAN_POINT('',(2.808005405856E-15,-7.260316561842E-15));
#12471 = DIRECTION('',(1.,1.112441602971E-17));
#12472 = ( GEOMETRIC_REPRESENTATION_CONTEXT(2) 
PARAMETRIC_REPRESENTATION_CONTEXT() REPRESENTATION_CONTEXT('2D SPACE',''
  ) );
#12473 = PCURVE('',#7911,#12474);
#12474 = DEFINITIONAL_REPRESENTATION('',(#12475),#12479);
#12475 = LINE('',#12476,#12477);
#12476 = CARTESIAN_POINT('',(-0.,0.));
#12477 = VECTOR('',#12478,1.);
#12478 = DIRECTION('',(-1.,0.));
#12479 = ( GEOMETRIC_REPRESENTATION_CONTEXT(2) 
PARAMETRIC_REPRESENTATION_CONTEXT() REPRESENTATION_CONTEXT('2D SPACE',''
  ) );
#12480 = ADVANCED_FACE('',(#12481),#4406,.T.);
#12481 = FACE_BOUND('',#12482,.T.);
#12482 = EDGE_LOOP('',(#12483,#12505,#12506,#12507));
#12483 = ORIENTED_EDGE('',*,*,#12484,.F.);
#12484 = EDGE_CURVE('',#4364,#4477,#12485,.T.);
#12485 = SURFACE_CURVE('',#12486,(#12491,#12498),.PCURVE_S1.);
#12486 = CIRCLE('',#12487,40.9);
#12487 = AXIS2_PLACEMENT_3D('',#12488,#12489,#12490);
#12488 = CARTESIAN_POINT('',(1.1,3.552713678801E-15,2.));
#12489 = DIRECTION('',(-0.,0.,-1.));
#12490 = DIRECTION('',(1.,-2.749572604786E-17,-0.));
#12491 = PCURVE('',#4406,#12492);
#12492 = DEFINITIONAL_REPRESENTATION('',(#12493),#12497);
#12493 = CIRCLE('',#12494,40.9);
#12494 = AXIS2_PLACEMENT_2D('',#12495,#12496);
#12495 = CARTESIAN_POINT('',(34.172372055837,0.55));
#12496 = DIRECTION('',(-0.866025403784,0.5));
#12497 = ( GEOMETRIC_REPRESENTATION_CONTEXT(2) 
PARAMETRIC_REPRESENTATION_CONTEXT() REPRESENTATION_CONTEXT('2D SPACE',''
  ) );
#12498 = PCURVE('',#9484,#12499);
#12499 = DEFINITIONAL_REPRESENTATION('',(#12500),#12504);
#12500 = LINE('',#12501,#12502);
#12501 = CARTESIAN_POINT('',(0.,0.));
#12502 = VECTOR('',#12503,1.);
#12503 = DIRECTION('',(1.,0.));
#12504 = ( GEOMETRIC_REPRESENTATION_CONTEXT(2) 
PARAMETRIC_REPRESENTATION_CONTEXT() REPRESENTATION_CONTEXT('2D SPACE',''
  ) );
#12505 = ORIENTED_EDGE('',*,*,#4391,.T.);
#12506 = ORIENTED_EDGE('',*,*,#7974,.F.);
#12507 = ORIENTED_EDGE('',*,*,#4476,.T.);
#12508 = ADVANCED_FACE('',(#12509),#4436,.T.);
#12509 = FACE_BOUND('',#12510,.T.);
#12510 = EDGE_LOOP('',(#12511,#12512));
#12511 = ORIENTED_EDGE('',*,*,#8584,.F.);
#12512 = ORIENTED_EDGE('',*,*,#4419,.T.);
#12513 = ADVANCED_FACE('',(#12514),#4571,.T.);
#12514 = FACE_BOUND('',#12515,.T.);
#12515 = EDGE_LOOP('',(#12516,#12517,#12518,#12544,#12545,#12546));
#12516 = ORIENTED_EDGE('',*,*,#4725,.T.);
#12517 = ORIENTED_EDGE('',*,*,#5132,.T.);
#12518 = ORIENTED_EDGE('',*,*,#12519,.F.);
#12519 = EDGE_CURVE('',#5078,#5133,#12520,.T.);
#12520 = SURFACE_CURVE('',#12521,(#12526,#12537),.PCURVE_S1.);
#12521 = CIRCLE('',#12522,29.6);
#12522 = AXIS2_PLACEMENT_3D('',#12523,#12524,#12525);
#12523 = CARTESIAN_POINT('',(-3.552713678801E-15,1.7763568394E-15,2.));
#12524 = DIRECTION('',(0.,0.,1.));
#12525 = DIRECTION('',(1.,-2.851448545394E-16,0.));
#12526 = PCURVE('',#4571,#12527);
#12527 = DEFINITIONAL_REPRESENTATION('',(#12528),#12536);
#12528 = ( BOUNDED_CURVE() B_SPLINE_CURVE(2,(#12529,#12530,#12531,#12532
    ,#12533,#12534,#12535),.UNSPECIFIED.,.T.,.F.) 
B_SPLINE_CURVE_WITH_KNOTS((1,2,2,2,2,1),(-2.094395102393,0.,
    2.094395102393,4.188790204786,6.28318530718,8.377580409573),
.UNSPECIFIED.) CURVE() GEOMETRIC_REPRESENTATION_ITEM() 
RATIONAL_B_SPLINE_CURVE((1.,0.5,1.,0.5,1.,0.5,1.)) REPRESENTATION_ITEM(
  '') );
#12529 = CARTESIAN_POINT('',(60.759351952019,-14.8));
#12530 = CARTESIAN_POINT('',(35.125,-59.2));
#12531 = CARTESIAN_POINT('',(9.490648047981,-14.8));
#12532 = CARTESIAN_POINT('',(-16.14370390403,29.6));
#12533 = CARTESIAN_POINT('',(35.125,29.6));
#12534 = CARTESIAN_POINT('',(86.393703904039,29.6));
#12535 = CARTESIAN_POINT('',(60.759351952019,-14.8));
#12536 = ( GEOMETRIC_REPRESENTATION_CONTEXT(2) 
PARAMETRIC_REPRESENTATION_CONTEXT() REPRESENTATION_CONTEXT('2D SPACE',''
  ) );
#12537 = PCURVE('',#10231,#12538);
#12538 = DEFINITIONAL_REPRESENTATION('',(#12539),#12543);
#12539 = LINE('',#12540,#12541);
#12540 = CARTESIAN_POINT('',(-0.,0.));
#12541 = VECTOR('',#12542,1.);
#12542 = DIRECTION('',(-1.,0.));
#12543 = ( GEOMETRIC_REPRESENTATION_CONTEXT(2) 
PARAMETRIC_REPRESENTATION_CONTEXT() REPRESENTATION_CONTEXT('2D SPACE',''
  ) );
#12544 = ORIENTED_EDGE('',*,*,#5105,.T.);
#12545 = ORIENTED_EDGE('',*,*,#4554,.T.);
#12546 = ORIENTED_EDGE('',*,*,#12547,.F.);
#12547 = EDGE_CURVE('',#4698,#4555,#12548,.T.);
#12548 = SURFACE_CURVE('',#12549,(#12554,#12561),.PCURVE_S1.);
#12549 = CIRCLE('',#12550,28.8);
#12550 = AXIS2_PLACEMENT_3D('',#12551,#12552,#12553);
#12551 = CARTESIAN_POINT('',(-3.552713678801E-15,-4.440892098501E-15,2.)
  );
#12552 = DIRECTION('',(0.,0.,-1.));
#12553 = DIRECTION('',(-1.,1.364504165456E-16,0.));
#12554 = PCURVE('',#4571,#12555);
#12555 = DEFINITIONAL_REPRESENTATION('',(#12556),#12560);
#12556 = CIRCLE('',#12557,28.8);
#12557 = AXIS2_PLACEMENT_2D('',#12558,#12559);
#12558 = CARTESIAN_POINT('',(35.125,3.552713678801E-15));
#12559 = DIRECTION('',(-0.866025403784,0.5));
#12560 = ( GEOMETRIC_REPRESENTATION_CONTEXT(2) 
PARAMETRIC_REPRESENTATION_CONTEXT() REPRESENTATION_CONTEXT('2D SPACE',''
  ) );
#12561 = PCURVE('',#8726,#12562);
#12562 = DEFINITIONAL_REPRESENTATION('',(#12563),#12567);
#12563 = LINE('',#12564,#12565);
#12564 = CARTESIAN_POINT('',(0.,0.));
#12565 = VECTOR('',#12566,1.);
#12566 = DIRECTION('',(1.,0.));
#12567 = ( GEOMETRIC_REPRESENTATION_CONTEXT(2) 
PARAMETRIC_REPRESENTATION_CONTEXT() REPRESENTATION_CONTEXT('2D SPACE',''
  ) );
#12568 = ADVANCED_FACE('',(#12569),#4600,.T.);
#12569 = FACE_BOUND('',#12570,.T.);
#12570 = EDGE_LOOP('',(#12571,#12593,#12594,#12620));
#12571 = ORIENTED_EDGE('',*,*,#12572,.F.);
#12572 = EDGE_CURVE('',#7052,#4584,#12573,.T.);
#12573 = SURFACE_CURVE('',#12574,(#12579,#12586),.PCURVE_S1.);
#12574 = CIRCLE('',#12575,27.4);
#12575 = AXIS2_PLACEMENT_3D('',#12576,#12577,#12578);
#12576 = CARTESIAN_POINT('',(3.552713678801E-15,-3.552713678801E-15,2.)
  );
#12577 = DIRECTION('',(0.,0.,1.));
#12578 = DIRECTION('',(1.,7.957102907278E-17,-0.));
#12579 = PCURVE('',#4600,#12580);
#12580 = DEFINITIONAL_REPRESENTATION('',(#12581),#12585);
#12581 = CIRCLE('',#12582,27.4);
#12582 = AXIS2_PLACEMENT_2D('',#12583,#12584);
#12583 = CARTESIAN_POINT('',(6.360719084657E-15,-7.260316561842E-15));
#12584 = DIRECTION('',(1.,7.957102907278E-17));
#12585 = ( GEOMETRIC_REPRESENTATION_CONTEXT(2) 
PARAMETRIC_REPRESENTATION_CONTEXT() REPRESENTATION_CONTEXT('2D SPACE',''
  ) );
#12586 = PCURVE('',#8692,#12587);
#12587 = DEFINITIONAL_REPRESENTATION('',(#12588),#12592);
#12588 = LINE('',#12589,#12590);
#12589 = CARTESIAN_POINT('',(-0.,0.));
#12590 = VECTOR('',#12591,1.);
#12591 = DIRECTION('',(-1.,0.));
#12592 = ( GEOMETRIC_REPRESENTATION_CONTEXT(2) 
PARAMETRIC_REPRESENTATION_CONTEXT() REPRESENTATION_CONTEXT('2D SPACE',''
  ) );
#12593 = ORIENTED_EDGE('',*,*,#7075,.T.);
#12594 = ORIENTED_EDGE('',*,*,#12595,.F.);
#12595 = EDGE_CURVE('',#4555,#7076,#12596,.T.);
#12596 = SURFACE_CURVE('',#12597,(#12602,#12613),.PCURVE_S1.);
#12597 = CIRCLE('',#12598,28.8);
#12598 = AXIS2_PLACEMENT_3D('',#12599,#12600,#12601);
#12599 = CARTESIAN_POINT('',(-3.552713678801E-15,-4.440892098501E-15,2.)
  );
#12600 = DIRECTION('',(0.,0.,-1.));
#12601 = DIRECTION('',(-1.,1.364504165456E-16,0.));
#12602 = PCURVE('',#4600,#12603);
#12603 = DEFINITIONAL_REPRESENTATION('',(#12604),#12612);
#12604 = ( BOUNDED_CURVE() B_SPLINE_CURVE(2,(#12605,#12606,#12607,#12608
    ,#12609,#12610,#12611),.UNSPECIFIED.,.T.,.F.) 
B_SPLINE_CURVE_WITH_KNOTS((1,2,2,2,2,1),(-2.094395102393,0.,
    2.094395102393,4.188790204786,6.28318530718,8.377580409573),
.UNSPECIFIED.) CURVE() GEOMETRIC_REPRESENTATION_ITEM() 
RATIONAL_B_SPLINE_CURVE((1.,0.5,1.,0.5,1.,0.5,1.)) REPRESENTATION_ITEM(
  '') );
#12605 = CARTESIAN_POINT('',(-28.8,-4.21872298503E-15));
#12606 = CARTESIAN_POINT('',(-28.8,49.883063257984));
#12607 = CARTESIAN_POINT('',(14.4,24.941531628992));
#12608 = CARTESIAN_POINT('',(57.6,-8.954073411477E-15));
#12609 = CARTESIAN_POINT('',(14.4,-24.94153162899));
#12610 = CARTESIAN_POINT('',(-28.8,-49.88306325798));
#12611 = CARTESIAN_POINT('',(-28.8,-4.21872298503E-15));
#12612 = ( GEOMETRIC_REPRESENTATION_CONTEXT(2) 
PARAMETRIC_REPRESENTATION_CONTEXT() REPRESENTATION_CONTEXT('2D SPACE',''
  ) );
#12613 = PCURVE('',#8726,#12614);
#12614 = DEFINITIONAL_REPRESENTATION('',(#12615),#12619);
#12615 = LINE('',#12616,#12617);
#12616 = CARTESIAN_POINT('',(0.,0.));
#12617 = VECTOR('',#12618,1.);
#12618 = DIRECTION('',(1.,0.));
#12619 = ( GEOMETRIC_REPRESENTATION_CONTEXT(2) 
PARAMETRIC_REPRESENTATION_CONTEXT() REPRESENTATION_CONTEXT('2D SPACE',''
  ) );
#12620 = ORIENTED_EDGE('',*,*,#4583,.T.);
#12621 = ADVANCED_FACE('',(#12622),#4633,.T.);
#12622 = FACE_BOUND('',#12623,.T.);
#12623 = EDGE_LOOP('',(#12624,#12625,#12651,#12652));
#12624 = ORIENTED_EDGE('',*,*,#4673,.T.);
#12625 = ORIENTED_EDGE('',*,*,#12626,.F.);
#12626 = EDGE_CURVE('',#4584,#4674,#12627,.T.);
#12627 = SURFACE_CURVE('',#12628,(#12633,#12644),.PCURVE_S1.);
#12628 = CIRCLE('',#12629,27.4);
#12629 = AXIS2_PLACEMENT_3D('',#12630,#12631,#12632);
#12630 = CARTESIAN_POINT('',(3.552713678801E-15,-3.552713678801E-15,2.)
  );
#12631 = DIRECTION('',(0.,0.,1.));
#12632 = DIRECTION('',(1.,7.957102907278E-17,-0.));
#12633 = PCURVE('',#4633,#12634);
#12634 = DEFINITIONAL_REPRESENTATION('',(#12635),#12643);
#12635 = ( BOUNDED_CURVE() B_SPLINE_CURVE(2,(#12636,#12637,#12638,#12639
    ,#12640,#12641,#12642),.UNSPECIFIED.,.T.,.F.) 
B_SPLINE_CURVE_WITH_KNOTS((1,2,2,2,2,1),(-2.094395102393,0.,
    2.094395102393,4.188790204786,6.28318530718,8.377580409573),
.UNSPECIFIED.) CURVE() GEOMETRIC_REPRESENTATION_ITEM() 
RATIONAL_B_SPLINE_CURVE((1.,0.5,1.,0.5,1.,0.5,1.)) REPRESENTATION_ITEM(
  '') );
#12636 = CARTESIAN_POINT('',(58.854096063694,-13.7));
#12637 = CARTESIAN_POINT('',(35.125,-54.8));
#12638 = CARTESIAN_POINT('',(11.395903936306,-13.7));
#12639 = CARTESIAN_POINT('',(-12.33319212738,27.4));
#12640 = CARTESIAN_POINT('',(35.125,27.4));
#12641 = CARTESIAN_POINT('',(82.583192127387,27.4));
#12642 = CARTESIAN_POINT('',(58.854096063694,-13.7));
#12643 = ( GEOMETRIC_REPRESENTATION_CONTEXT(2) 
PARAMETRIC_REPRESENTATION_CONTEXT() REPRESENTATION_CONTEXT('2D SPACE',''
  ) );
#12644 = PCURVE('',#8692,#12645);
#12645 = DEFINITIONAL_REPRESENTATION('',(#12646),#12650);
#12646 = LINE('',#12647,#12648);
#12647 = CARTESIAN_POINT('',(-0.,0.));
#12648 = VECTOR('',#12649,1.);
#12649 = DIRECTION('',(-1.,0.));
#12650 = ( GEOMETRIC_REPRESENTATION_CONTEXT(2) 
PARAMETRIC_REPRESENTATION_CONTEXT() REPRESENTATION_CONTEXT('2D SPACE',''
  ) );
#12651 = ORIENTED_EDGE('',*,*,#4616,.T.);
#12652 = ORIENTED_EDGE('',*,*,#12653,.F.);
#12653 = EDGE_CURVE('',#4646,#4617,#12654,.T.);
#12654 = SURFACE_CURVE('',#12655,(#12660,#12667),.PCURVE_S1.);
#12655 = CIRCLE('',#12656,26.6);
#12656 = AXIS2_PLACEMENT_3D('',#12657,#12658,#12659);
#12657 = CARTESIAN_POINT('',(2.6645352591E-15,8.881784197001E-16,2.));
#12658 = DIRECTION('',(0.,0.,-1.));
#12659 = DIRECTION('',(-1.,2.8095161389E-18,0.));
#12660 = PCURVE('',#4633,#12661);
#12661 = DEFINITIONAL_REPRESENTATION('',(#12662),#12666);
#12662 = CIRCLE('',#12663,26.6);
#12663 = AXIS2_PLACEMENT_2D('',#12664,#12665);
#12664 = CARTESIAN_POINT('',(35.125,-3.552713678801E-15));
#12665 = DIRECTION('',(-0.866025403784,0.5));
#12666 = ( GEOMETRIC_REPRESENTATION_CONTEXT(2) 
PARAMETRIC_REPRESENTATION_CONTEXT() REPRESENTATION_CONTEXT('2D SPACE',''
  ) );
#12667 = PCURVE('',#9090,#12668);
#12668 = DEFINITIONAL_REPRESENTATION('',(#12669),#12673);
#12669 = LINE('',#12670,#12671);
#12670 = CARTESIAN_POINT('',(0.,0.));
#12671 = VECTOR('',#12672,1.);
#12672 = DIRECTION('',(1.,0.));
#12673 = ( GEOMETRIC_REPRESENTATION_CONTEXT(2) 
PARAMETRIC_REPRESENTATION_CONTEXT() REPRESENTATION_CONTEXT('2D SPACE',''
  ) );
#12674 = ADVANCED_FACE('',(#12675),#4813,.T.);
#12675 = FACE_BOUND('',#12676,.T.);
#12676 = EDGE_LOOP('',(#12677,#12699,#12700,#12701,#12727,#12728));
#12677 = ORIENTED_EDGE('',*,*,#12678,.F.);
#12678 = EDGE_CURVE('',#7711,#4798,#12679,.T.);
#12679 = SURFACE_CURVE('',#12680,(#12685,#12692),.PCURVE_S1.);
#12680 = CIRCLE('',#12681,40.6);
#12681 = AXIS2_PLACEMENT_3D('',#12682,#12683,#12684);
#12682 = CARTESIAN_POINT('',(0.,-3.552713678801E-15,2.));
#12683 = DIRECTION('',(0.,0.,1.));
#12684 = DIRECTION('',(1.,1.112441602971E-17,-0.));
#12685 = PCURVE('',#4813,#12686);
#12686 = DEFINITIONAL_REPRESENTATION('',(#12687),#12691);
#12687 = CIRCLE('',#12688,40.6);
#12688 = AXIS2_PLACEMENT_2D('',#12689,#12690);
#12689 = CARTESIAN_POINT('',(2.808005405856E-15,-7.260316561842E-15));
#12690 = DIRECTION('',(1.,1.112441602971E-17));
#12691 = ( GEOMETRIC_REPRESENTATION_CONTEXT(2) 
PARAMETRIC_REPRESENTATION_CONTEXT() REPRESENTATION_CONTEXT('2D SPACE',''
  ) );
#12692 = PCURVE('',#7911,#12693);
#12693 = DEFINITIONAL_REPRESENTATION('',(#12694),#12698);
#12694 = LINE('',#12695,#12696);
#12695 = CARTESIAN_POINT('',(-0.,0.));
#12696 = VECTOR('',#12697,1.);
#12697 = DIRECTION('',(-1.,0.));
#12698 = ( GEOMETRIC_REPRESENTATION_CONTEXT(2) 
PARAMETRIC_REPRESENTATION_CONTEXT() REPRESENTATION_CONTEXT('2D SPACE',''
  ) );
#12699 = ORIENTED_EDGE('',*,*,#7733,.T.);
#12700 = ORIENTED_EDGE('',*,*,#7782,.T.);
#12701 = ORIENTED_EDGE('',*,*,#12702,.F.);
#12702 = EDGE_CURVE('',#5491,#7783,#12703,.T.);
#12703 = SURFACE_CURVE('',#12704,(#12709,#12720),.PCURVE_S1.);
#12704 = CIRCLE('',#12705,42.);
#12705 = AXIS2_PLACEMENT_3D('',#12706,#12707,#12708);
#12706 = CARTESIAN_POINT('',(5.329070518201E-15,8.881784197001E-15,2.));
#12707 = DIRECTION('',(0.,0.,-1.));
#12708 = DIRECTION('',(-1.,-1.679662986601E-16,-0.));
#12709 = PCURVE('',#4813,#12710);
#12710 = DEFINITIONAL_REPRESENTATION('',(#12711),#12719);
#12711 = ( BOUNDED_CURVE() B_SPLINE_CURVE(2,(#12712,#12713,#12714,#12715
    ,#12716,#12717,#12718),.UNSPECIFIED.,.T.,.F.) 
B_SPLINE_CURVE_WITH_KNOTS((1,2,2,2,2,1),(-2.094395102393,0.,
    2.094395102393,4.188790204786,6.28318530718,8.377580409573),
.UNSPECIFIED.) CURVE() GEOMETRIC_REPRESENTATION_ITEM() 
RATIONAL_B_SPLINE_CURVE((1.,0.5,1.,0.5,1.,0.5,1.)) REPRESENTATION_ITEM(
  '') );
#12712 = CARTESIAN_POINT('',(-42.,-1.880403229766E-15));
#12713 = CARTESIAN_POINT('',(-42.,72.746133917893));
#12714 = CARTESIAN_POINT('',(21.,36.373066958946));
#12715 = CARTESIAN_POINT('',(84.,2.957038351425E-14));
#12716 = CARTESIAN_POINT('',(21.,-36.37306695894));
#12717 = CARTESIAN_POINT('',(-42.,-72.74613391789));
#12718 = CARTESIAN_POINT('',(-42.,-1.880403229766E-15));
#12719 = ( GEOMETRIC_REPRESENTATION_CONTEXT(2) 
PARAMETRIC_REPRESENTATION_CONTEXT() REPRESENTATION_CONTEXT('2D SPACE',''
  ) );
#12720 = PCURVE('',#8450,#12721);
#12721 = DEFINITIONAL_REPRESENTATION('',(#12722),#12726);
#12722 = LINE('',#12723,#12724);
#12723 = CARTESIAN_POINT('',(0.,0.));
#12724 = VECTOR('',#12725,1.);
#12725 = DIRECTION('',(1.,0.));
#12726 = ( GEOMETRIC_REPRESENTATION_CONTEXT(2) 
PARAMETRIC_REPRESENTATION_CONTEXT() REPRESENTATION_CONTEXT('2D SPACE',''
  ) );
#12727 = ORIENTED_EDGE('',*,*,#5514,.T.);
#12728 = ORIENTED_EDGE('',*,*,#4797,.T.);
#12729 = ADVANCED_FACE('',(#12730),#4841,.T.);
#12730 = FACE_BOUND('',#12731,.T.);
#12731 = EDGE_LOOP('',(#12732,#12754,#12755,#12781));
#12732 = ORIENTED_EDGE('',*,*,#12733,.F.);
#12733 = EDGE_CURVE('',#5340,#4826,#12734,.T.);
#12734 = SURFACE_CURVE('',#12735,(#12740,#12747),.PCURVE_S1.);
#12735 = CIRCLE('',#12736,39.8);
#12736 = AXIS2_PLACEMENT_3D('',#12737,#12738,#12739);
#12737 = CARTESIAN_POINT('',(3.552713678801E-15,0.,2.));
#12738 = DIRECTION('',(0.,0.,-1.));
#12739 = DIRECTION('',(-1.,-8.329561164686E-18,-0.));
#12740 = PCURVE('',#4841,#12741);
#12741 = DEFINITIONAL_REPRESENTATION('',(#12742),#12746);
#12742 = CIRCLE('',#12743,39.8);
#12743 = AXIS2_PLACEMENT_2D('',#12744,#12745);
#12744 = CARTESIAN_POINT('',(35.125,-3.552713678801E-15));
#12745 = DIRECTION('',(-0.866025403784,0.5));
#12746 = ( GEOMETRIC_REPRESENTATION_CONTEXT(2) 
PARAMETRIC_REPRESENTATION_CONTEXT() REPRESENTATION_CONTEXT('2D SPACE',''
  ) );
#12747 = PCURVE('',#9553,#12748);
#12748 = DEFINITIONAL_REPRESENTATION('',(#12749),#12753);
#12749 = LINE('',#12750,#12751);
#12750 = CARTESIAN_POINT('',(0.,0.));
#12751 = VECTOR('',#12752,1.);
#12752 = DIRECTION('',(1.,0.));
#12753 = ( GEOMETRIC_REPRESENTATION_CONTEXT(2) 
PARAMETRIC_REPRESENTATION_CONTEXT() REPRESENTATION_CONTEXT('2D SPACE',''
  ) );
#12754 = ORIENTED_EDGE('',*,*,#5362,.T.);
#12755 = ORIENTED_EDGE('',*,*,#12756,.F.);
#12756 = EDGE_CURVE('',#4798,#5363,#12757,.T.);
#12757 = SURFACE_CURVE('',#12758,(#12763,#12774),.PCURVE_S1.);
#12758 = CIRCLE('',#12759,40.6);
#12759 = AXIS2_PLACEMENT_3D('',#12760,#12761,#12762);
#12760 = CARTESIAN_POINT('',(0.,-3.552713678801E-15,2.));
#12761 = DIRECTION('',(0.,0.,1.));
#12762 = DIRECTION('',(1.,1.112441602971E-17,-0.));
#12763 = PCURVE('',#4841,#12764);
#12764 = DEFINITIONAL_REPRESENTATION('',(#12765),#12773);
#12765 = ( BOUNDED_CURVE() B_SPLINE_CURVE(2,(#12766,#12767,#12768,#12769
    ,#12770,#12771,#12772),.UNSPECIFIED.,.T.,.F.) 
B_SPLINE_CURVE_WITH_KNOTS((1,2,2,2,2,1),(-2.094395102393,0.,
    2.094395102393,4.188790204786,6.28318530718,8.377580409573),
.UNSPECIFIED.) CURVE() GEOMETRIC_REPRESENTATION_ITEM() 
RATIONAL_B_SPLINE_CURVE((1.,0.5,1.,0.5,1.,0.5,1.)) REPRESENTATION_ITEM(
  '') );
#12766 = CARTESIAN_POINT('',(70.285631393648,-20.3));
#12767 = CARTESIAN_POINT('',(35.125,-81.2));
#12768 = CARTESIAN_POINT('',(-3.56313936482E-02,-20.3));
#12769 = CARTESIAN_POINT('',(-35.19626278729,40.6));
#12770 = CARTESIAN_POINT('',(35.125,40.6));
#12771 = CARTESIAN_POINT('',(105.44626278729,40.6));
#12772 = CARTESIAN_POINT('',(70.285631393648,-20.3));
#12773 = ( GEOMETRIC_REPRESENTATION_CONTEXT(2) 
PARAMETRIC_REPRESENTATION_CONTEXT() REPRESENTATION_CONTEXT('2D SPACE',''
  ) );
#12774 = PCURVE('',#7911,#12775);
#12775 = DEFINITIONAL_REPRESENTATION('',(#12776),#12780);
#12776 = LINE('',#12777,#12778);
#12777 = CARTESIAN_POINT('',(-0.,0.));
#12778 = VECTOR('',#12779,1.);
#12779 = DIRECTION('',(-1.,0.));
#12780 = ( GEOMETRIC_REPRESENTATION_CONTEXT(2) 
PARAMETRIC_REPRESENTATION_CONTEXT() REPRESENTATION_CONTEXT('2D SPACE',''
  ) );
#12781 = ORIENTED_EDGE('',*,*,#4825,.T.);
#12782 = ADVANCED_FACE('',(#12783),#4869,.T.);
#12783 = FACE_BOUND('',#12784,.T.);
#12784 = EDGE_LOOP('',(#12785,#12807,#12808,#12834));
#12785 = ORIENTED_EDGE('',*,*,#12786,.F.);
#12786 = EDGE_CURVE('',#7665,#4854,#12787,.T.);
#12787 = SURFACE_CURVE('',#12788,(#12793,#12800),.PCURVE_S1.);
#12788 = CIRCLE('',#12789,38.4);
#12789 = AXIS2_PLACEMENT_3D('',#12790,#12791,#12792);
#12790 = CARTESIAN_POINT('',(1.7763568394E-15,-5.329070518201E-15,2.));
#12791 = DIRECTION('',(0.,0.,1.));
#12792 = DIRECTION('',(1.,1.087000314356E-16,-0.));
#12793 = PCURVE('',#4869,#12794);
#12794 = DEFINITIONAL_REPRESENTATION('',(#12795),#12799);
#12795 = CIRCLE('',#12796,38.4);
#12796 = AXIS2_PLACEMENT_2D('',#12797,#12798);
#12797 = CARTESIAN_POINT('',(4.584362245257E-15,-9.036673401242E-15));
#12798 = DIRECTION('',(1.,1.087000314356E-16));
#12799 = ( GEOMETRIC_REPRESENTATION_CONTEXT(2) 
PARAMETRIC_REPRESENTATION_CONTEXT() REPRESENTATION_CONTEXT('2D SPACE',''
  ) );
#12800 = PCURVE('',#9519,#12801);
#12801 = DEFINITIONAL_REPRESENTATION('',(#12802),#12806);
#12802 = LINE('',#12803,#12804);
#12803 = CARTESIAN_POINT('',(-0.,0.));
#12804 = VECTOR('',#12805,1.);
#12805 = DIRECTION('',(-1.,0.));
#12806 = ( GEOMETRIC_REPRESENTATION_CONTEXT(2) 
PARAMETRIC_REPRESENTATION_CONTEXT() REPRESENTATION_CONTEXT('2D SPACE',''
  ) );
#12807 = ORIENTED_EDGE('',*,*,#7687,.T.);
#12808 = ORIENTED_EDGE('',*,*,#12809,.F.);
#12809 = EDGE_CURVE('',#4826,#7688,#12810,.T.);
#12810 = SURFACE_CURVE('',#12811,(#12816,#12827),.PCURVE_S1.);
#12811 = CIRCLE('',#12812,39.8);
#12812 = AXIS2_PLACEMENT_3D('',#12813,#12814,#12815);
#12813 = CARTESIAN_POINT('',(3.552713678801E-15,0.,2.));
#12814 = DIRECTION('',(0.,0.,-1.));
#12815 = DIRECTION('',(-1.,-8.329561164686E-18,-0.));
#12816 = PCURVE('',#4869,#12817);
#12817 = DEFINITIONAL_REPRESENTATION('',(#12818),#12826);
#12818 = ( BOUNDED_CURVE() B_SPLINE_CURVE(2,(#12819,#12820,#12821,#12822
    ,#12823,#12824,#12825),.UNSPECIFIED.,.T.,.F.) 
B_SPLINE_CURVE_WITH_KNOTS((1,2,2,2,2,1),(-2.094395102393,0.,
    2.094395102393,4.188790204786,6.28318530718,8.377580409573),
.UNSPECIFIED.) CURVE() GEOMETRIC_REPRESENTATION_ITEM() 
RATIONAL_B_SPLINE_CURVE((1.,0.5,1.,0.5,1.,0.5,1.)) REPRESENTATION_ITEM(
  '') );
#12819 = CARTESIAN_POINT('',(-39.8,-4.039119417396E-15));
#12820 = CARTESIAN_POINT('',(-39.8,68.935622141241));
#12821 = CARTESIAN_POINT('',(19.9,34.467811070621));
#12822 = CARTESIAN_POINT('',(79.6,6.703618706881E-15));
#12823 = CARTESIAN_POINT('',(19.9,-34.46781107062));
#12824 = CARTESIAN_POINT('',(-39.8,-68.93562214124));
#12825 = CARTESIAN_POINT('',(-39.8,-4.039119417396E-15));
#12826 = ( GEOMETRIC_REPRESENTATION_CONTEXT(2) 
PARAMETRIC_REPRESENTATION_CONTEXT() REPRESENTATION_CONTEXT('2D SPACE',''
  ) );
#12827 = PCURVE('',#9553,#12828);
#12828 = DEFINITIONAL_REPRESENTATION('',(#12829),#12833);
#12829 = LINE('',#12830,#12831);
#12830 = CARTESIAN_POINT('',(0.,0.));
#12831 = VECTOR('',#12832,1.);
#12832 = DIRECTION('',(1.,0.));
#12833 = ( GEOMETRIC_REPRESENTATION_CONTEXT(2) 
PARAMETRIC_REPRESENTATION_CONTEXT() REPRESENTATION_CONTEXT('2D SPACE',''
  ) );
#12834 = ORIENTED_EDGE('',*,*,#4853,.T.);
#12835 = ADVANCED_FACE('',(#12836),#4897,.T.);
#12836 = FACE_BOUND('',#12837,.T.);
#12837 = EDGE_LOOP('',(#12838,#12860,#12861,#12887));
#12838 = ORIENTED_EDGE('',*,*,#12839,.F.);
#12839 = EDGE_CURVE('',#5294,#4882,#12840,.T.);
#12840 = SURFACE_CURVE('',#12841,(#12846,#12853),.PCURVE_S1.);
#12841 = CIRCLE('',#12842,37.6);
#12842 = AXIS2_PLACEMENT_3D('',#12843,#12844,#12845);
#12843 = CARTESIAN_POINT('',(-1.7763568394E-15,-1.7763568394E-15,2.));
#12844 = DIRECTION('',(0.,0.,-1.));
#12845 = DIRECTION('',(-1.,-1.227639199325E-16,-0.));
#12846 = PCURVE('',#4897,#12847);
#12847 = DEFINITIONAL_REPRESENTATION('',(#12848),#12852);
#12848 = CIRCLE('',#12849,37.6);
#12849 = AXIS2_PLACEMENT_2D('',#12850,#12851);
#12850 = CARTESIAN_POINT('',(35.125,3.552713678801E-15));
#12851 = DIRECTION('',(-0.866025403784,0.5));
#12852 = ( GEOMETRIC_REPRESENTATION_CONTEXT(2) 
PARAMETRIC_REPRESENTATION_CONTEXT() REPRESENTATION_CONTEXT('2D SPACE',''
  ) );
#12853 = PCURVE('',#9731,#12854);
#12854 = DEFINITIONAL_REPRESENTATION('',(#12855),#12859);
#12855 = LINE('',#12856,#12857);
#12856 = CARTESIAN_POINT('',(0.,0.));
#12857 = VECTOR('',#12858,1.);
#12858 = DIRECTION('',(1.,0.));
#12859 = ( GEOMETRIC_REPRESENTATION_CONTEXT(2) 
PARAMETRIC_REPRESENTATION_CONTEXT() REPRESENTATION_CONTEXT('2D SPACE',''
  ) );
#12860 = ORIENTED_EDGE('',*,*,#5316,.T.);
#12861 = ORIENTED_EDGE('',*,*,#12862,.F.);
#12862 = EDGE_CURVE('',#4854,#5317,#12863,.T.);
#12863 = SURFACE_CURVE('',#12864,(#12869,#12880),.PCURVE_S1.);
#12864 = CIRCLE('',#12865,38.4);
#12865 = AXIS2_PLACEMENT_3D('',#12866,#12867,#12868);
#12866 = CARTESIAN_POINT('',(1.7763568394E-15,-5.329070518201E-15,2.));
#12867 = DIRECTION('',(0.,0.,1.));
#12868 = DIRECTION('',(1.,1.087000314356E-16,-0.));
#12869 = PCURVE('',#4897,#12870);
#12870 = DEFINITIONAL_REPRESENTATION('',(#12871),#12879);
#12871 = ( BOUNDED_CURVE() B_SPLINE_CURVE(2,(#12872,#12873,#12874,#12875
    ,#12876,#12877,#12878),.UNSPECIFIED.,.T.,.F.) 
B_SPLINE_CURVE_WITH_KNOTS((1,2,2,2,2,1),(-2.094395102393,0.,
    2.094395102393,4.188790204786,6.28318530718,8.377580409573),
.UNSPECIFIED.) CURVE() GEOMETRIC_REPRESENTATION_ITEM() 
RATIONAL_B_SPLINE_CURVE((1.,0.5,1.,0.5,1.,0.5,1.)) REPRESENTATION_ITEM(
  '') );
#12872 = CARTESIAN_POINT('',(68.380375505322,-19.2));
#12873 = CARTESIAN_POINT('',(35.125,-76.8));
#12874 = CARTESIAN_POINT('',(1.869624494678,-19.2));
#12875 = CARTESIAN_POINT('',(-31.38575101064,38.4));
#12876 = CARTESIAN_POINT('',(35.125,38.4));
#12877 = CARTESIAN_POINT('',(101.63575101064,38.4));
#12878 = CARTESIAN_POINT('',(68.380375505322,-19.2));
#12879 = ( GEOMETRIC_REPRESENTATION_CONTEXT(2) 
PARAMETRIC_REPRESENTATION_CONTEXT() REPRESENTATION_CONTEXT('2D SPACE',''
  ) );
#12880 = PCURVE('',#9519,#12881);
#12881 = DEFINITIONAL_REPRESENTATION('',(#12882),#12886);
#12882 = LINE('',#12883,#12884);
#12883 = CARTESIAN_POINT('',(-0.,0.));
#12884 = VECTOR('',#12885,1.);
#12885 = DIRECTION('',(-1.,0.));
#12886 = ( GEOMETRIC_REPRESENTATION_CONTEXT(2) 
PARAMETRIC_REPRESENTATION_CONTEXT() REPRESENTATION_CONTEXT('2D SPACE',''
  ) );
#12887 = ORIENTED_EDGE('',*,*,#4881,.T.);
#12888 = ADVANCED_FACE('',(#12889),#4925,.T.);
#12889 = FACE_BOUND('',#12890,.T.);
#12890 = EDGE_LOOP('',(#12891,#12913,#12914,#12940));
#12891 = ORIENTED_EDGE('',*,*,#12892,.F.);
#12892 = EDGE_CURVE('',#7619,#4910,#12893,.T.);
#12893 = SURFACE_CURVE('',#12894,(#12899,#12906),.PCURVE_S1.);
#12894 = CIRCLE('',#12895,36.2);
#12895 = AXIS2_PLACEMENT_3D('',#12896,#12897,#12898);
#12896 = CARTESIAN_POINT('',(-3.552713678801E-15,5.329070518201E-15,2.)
  );
#12897 = DIRECTION('',(0.,0.,1.));
#12898 = DIRECTION('',(1.,-3.414335465613E-16,0.));
#12899 = PCURVE('',#4925,#12900);
#12900 = DEFINITIONAL_REPRESENTATION('',(#12901),#12905);
#12901 = CIRCLE('',#12902,36.2);
#12902 = AXIS2_PLACEMENT_2D('',#12903,#12904);
#12903 = CARTESIAN_POINT('',(-7.447082729441E-16,1.621467635159E-15));
#12904 = DIRECTION('',(1.,-3.414335465613E-16));
#12905 = ( GEOMETRIC_REPRESENTATION_CONTEXT(2) 
PARAMETRIC_REPRESENTATION_CONTEXT() REPRESENTATION_CONTEXT('2D SPACE',''
  ) );
#12906 = PCURVE('',#9697,#12907);
#12907 = DEFINITIONAL_REPRESENTATION('',(#12908),#12912);
#12908 = LINE('',#12909,#12910);
#12909 = CARTESIAN_POINT('',(-0.,0.));
#12910 = VECTOR('',#12911,1.);
#12911 = DIRECTION('',(-1.,0.));
#12912 = ( GEOMETRIC_REPRESENTATION_CONTEXT(2) 
PARAMETRIC_REPRESENTATION_CONTEXT() REPRESENTATION_CONTEXT('2D SPACE',''
  ) );
#12913 = ORIENTED_EDGE('',*,*,#7641,.T.);
#12914 = ORIENTED_EDGE('',*,*,#12915,.F.);
#12915 = EDGE_CURVE('',#4882,#7642,#12916,.T.);
#12916 = SURFACE_CURVE('',#12917,(#12922,#12933),.PCURVE_S1.);
#12917 = CIRCLE('',#12918,37.6);
#12918 = AXIS2_PLACEMENT_3D('',#12919,#12920,#12921);
#12919 = CARTESIAN_POINT('',(-1.7763568394E-15,-1.7763568394E-15,2.));
#12920 = DIRECTION('',(0.,0.,-1.));
#12921 = DIRECTION('',(-1.,-1.227639199325E-16,-0.));
#12922 = PCURVE('',#4925,#12923);
#12923 = DEFINITIONAL_REPRESENTATION('',(#12924),#12932);
#12924 = ( BOUNDED_CURVE() B_SPLINE_CURVE(2,(#12925,#12926,#12927,#12928
    ,#12929,#12930,#12931),.UNSPECIFIED.,.T.,.F.) 
B_SPLINE_CURVE_WITH_KNOTS((1,2,2,2,2,1),(-2.094395102393,0.,
    2.094395102393,4.188790204786,6.28318530718,8.377580409573),
.UNSPECIFIED.) CURVE() GEOMETRIC_REPRESENTATION_ITEM() 
RATIONAL_B_SPLINE_CURVE((1.,0.5,1.,0.5,1.,0.5,1.)) REPRESENTATION_ITEM(
  '') );
#12925 = CARTESIAN_POINT('',(-37.6,-1.00998831119E-14));
#12926 = CARTESIAN_POINT('',(-37.6,65.12511036459));
#12927 = CARTESIAN_POINT('',(18.8,32.562555182295));
#12928 = CARTESIAN_POINT('',(75.2,1.295723098607E-14));
#12929 = CARTESIAN_POINT('',(18.8,-32.56255518229));
#12930 = CARTESIAN_POINT('',(-37.6,-65.12511036459));
#12931 = CARTESIAN_POINT('',(-37.6,-1.00998831119E-14));
#12932 = ( GEOMETRIC_REPRESENTATION_CONTEXT(2) 
PARAMETRIC_REPRESENTATION_CONTEXT() REPRESENTATION_CONTEXT('2D SPACE',''
  ) );
#12933 = PCURVE('',#9731,#12934);
#12934 = DEFINITIONAL_REPRESENTATION('',(#12935),#12939);
#12935 = LINE('',#12936,#12937);
#12936 = CARTESIAN_POINT('',(0.,0.));
#12937 = VECTOR('',#12938,1.);
#12938 = DIRECTION('',(1.,0.));
#12939 = ( GEOMETRIC_REPRESENTATION_CONTEXT(2) 
PARAMETRIC_REPRESENTATION_CONTEXT() REPRESENTATION_CONTEXT('2D SPACE',''
  ) );
#12940 = ORIENTED_EDGE('',*,*,#4909,.T.);
#12941 = ADVANCED_FACE('',(#12942),#4953,.T.);
#12942 = FACE_BOUND('',#12943,.T.);
#12943 = EDGE_LOOP('',(#12944,#12966,#12967,#12993));
#12944 = ORIENTED_EDGE('',*,*,#12945,.F.);
#12945 = EDGE_CURVE('',#5248,#4938,#12946,.T.);
#12946 = SURFACE_CURVE('',#12947,(#12952,#12959),.PCURVE_S1.);
#12947 = CIRCLE('',#12948,35.4);
#12948 = AXIS2_PLACEMENT_3D('',#12949,#12950,#12951);
#12949 = CARTESIAN_POINT('',(-1.7763568394E-15,-1.7763568394E-15,2.));
#12950 = DIRECTION('',(0.,0.,-1.));
#12951 = DIRECTION('',(-1.,-2.299277132208E-16,-0.));
#12952 = PCURVE('',#4953,#12953);
#12953 = DEFINITIONAL_REPRESENTATION('',(#12954),#12958);
#12954 = CIRCLE('',#12955,35.4);
#12955 = AXIS2_PLACEMENT_2D('',#12956,#12957);
#12956 = CARTESIAN_POINT('',(35.125,3.552713678801E-15));
#12957 = DIRECTION('',(-0.866025403784,0.5));
#12958 = ( GEOMETRIC_REPRESENTATION_CONTEXT(2) 
PARAMETRIC_REPRESENTATION_CONTEXT() REPRESENTATION_CONTEXT('2D SPACE',''
  ) );
#12959 = PCURVE('',#9909,#12960);
#12960 = DEFINITIONAL_REPRESENTATION('',(#12961),#12965);
#12961 = LINE('',#12962,#12963);
#12962 = CARTESIAN_POINT('',(0.,0.));
#12963 = VECTOR('',#12964,1.);
#12964 = DIRECTION('',(1.,0.));
#12965 = ( GEOMETRIC_REPRESENTATION_CONTEXT(2) 
PARAMETRIC_REPRESENTATION_CONTEXT() REPRESENTATION_CONTEXT('2D SPACE',''
  ) );
#12966 = ORIENTED_EDGE('',*,*,#5270,.T.);
#12967 = ORIENTED_EDGE('',*,*,#12968,.F.);
#12968 = EDGE_CURVE('',#4910,#5271,#12969,.T.);
#12969 = SURFACE_CURVE('',#12970,(#12975,#12986),.PCURVE_S1.);
#12970 = CIRCLE('',#12971,36.2);
#12971 = AXIS2_PLACEMENT_3D('',#12972,#12973,#12974);
#12972 = CARTESIAN_POINT('',(-3.552713678801E-15,5.329070518201E-15,2.)
  );
#12973 = DIRECTION('',(0.,0.,1.));
#12974 = DIRECTION('',(1.,-3.414335465613E-16,0.));
#12975 = PCURVE('',#4953,#12976);
#12976 = DEFINITIONAL_REPRESENTATION('',(#12977),#12985);
#12977 = ( BOUNDED_CURVE() B_SPLINE_CURVE(2,(#12978,#12979,#12980,#12981
    ,#12982,#12983,#12984),.UNSPECIFIED.,.T.,.F.) 
B_SPLINE_CURVE_WITH_KNOTS((1,2,2,2,2,1),(-2.094395102393,0.,
    2.094395102393,4.188790204786,6.28318530718,8.377580409573),
.UNSPECIFIED.) CURVE() GEOMETRIC_REPRESENTATION_ITEM() 
RATIONAL_B_SPLINE_CURVE((1.,0.5,1.,0.5,1.,0.5,1.)) REPRESENTATION_ITEM(
  '') );
#12978 = CARTESIAN_POINT('',(66.475119616997,-18.1));
#12979 = CARTESIAN_POINT('',(35.125,-72.4));
#12980 = CARTESIAN_POINT('',(3.774880383003,-18.1));
#12981 = CARTESIAN_POINT('',(-27.57523923399,36.2));
#12982 = CARTESIAN_POINT('',(35.125,36.2));
#12983 = CARTESIAN_POINT('',(97.825239233993,36.2));
#12984 = CARTESIAN_POINT('',(66.475119616997,-18.1));
#12985 = ( GEOMETRIC_REPRESENTATION_CONTEXT(2) 
PARAMETRIC_REPRESENTATION_CONTEXT() REPRESENTATION_CONTEXT('2D SPACE',''
  ) );
#12986 = PCURVE('',#9697,#12987);
#12987 = DEFINITIONAL_REPRESENTATION('',(#12988),#12992);
#12988 = LINE('',#12989,#12990);
#12989 = CARTESIAN_POINT('',(-0.,0.));
#12990 = VECTOR('',#12991,1.);
#12991 = DIRECTION('',(-1.,0.));
#12992 = ( GEOMETRIC_REPRESENTATION_CONTEXT(2) 
PARAMETRIC_REPRESENTATION_CONTEXT() REPRESENTATION_CONTEXT('2D SPACE',''
  ) );
#12993 = ORIENTED_EDGE('',*,*,#4937,.T.);
#12994 = ADVANCED_FACE('',(#12995),#4981,.T.);
#12995 = FACE_BOUND('',#12996,.T.);
#12996 = EDGE_LOOP('',(#12997,#13019,#13020,#13046));
#12997 = ORIENTED_EDGE('',*,*,#12998,.F.);
#12998 = EDGE_CURVE('',#7573,#4966,#12999,.T.);
#12999 = SURFACE_CURVE('',#13000,(#13005,#13012),.PCURVE_S1.);
#13000 = CIRCLE('',#13001,34.);
#13001 = AXIS2_PLACEMENT_3D('',#13002,#13003,#13004);
#13002 = CARTESIAN_POINT('',(3.552713678801E-15,-3.552713678801E-15,2.)
  );
#13003 = DIRECTION('',(0.,0.,1.));
#13004 = DIRECTION('',(1.,-1.668806424356E-16,0.));
#13005 = PCURVE('',#4981,#13006);
#13006 = DEFINITIONAL_REPRESENTATION('',(#13007),#13011);
#13007 = CIRCLE('',#13008,34.);
#13008 = AXIS2_PLACEMENT_2D('',#13009,#13010);
#13009 = CARTESIAN_POINT('',(6.360719084657E-15,-7.260316561842E-15));
#13010 = DIRECTION('',(1.,-1.668806424356E-16));
#13011 = ( GEOMETRIC_REPRESENTATION_CONTEXT(2) 
PARAMETRIC_REPRESENTATION_CONTEXT() REPRESENTATION_CONTEXT('2D SPACE',''
  ) );
#13012 = PCURVE('',#9875,#13013);
#13013 = DEFINITIONAL_REPRESENTATION('',(#13014),#13018);
#13014 = LINE('',#13015,#13016);
#13015 = CARTESIAN_POINT('',(-0.,0.));
#13016 = VECTOR('',#13017,1.);
#13017 = DIRECTION('',(-1.,0.));
#13018 = ( GEOMETRIC_REPRESENTATION_CONTEXT(2) 
PARAMETRIC_REPRESENTATION_CONTEXT() REPRESENTATION_CONTEXT('2D SPACE',''
  ) );
#13019 = ORIENTED_EDGE('',*,*,#7595,.T.);
#13020 = ORIENTED_EDGE('',*,*,#13021,.F.);
#13021 = EDGE_CURVE('',#4938,#7596,#13022,.T.);
#13022 = SURFACE_CURVE('',#13023,(#13028,#13039),.PCURVE_S1.);
#13023 = CIRCLE('',#13024,35.4);
#13024 = AXIS2_PLACEMENT_3D('',#13025,#13026,#13027);
#13025 = CARTESIAN_POINT('',(-1.7763568394E-15,-1.7763568394E-15,2.));
#13026 = DIRECTION('',(0.,0.,-1.));
#13027 = DIRECTION('',(-1.,-2.299277132208E-16,-0.));
#13028 = PCURVE('',#4981,#13029);
#13029 = DEFINITIONAL_REPRESENTATION('',(#13030),#13038);
#13030 = ( BOUNDED_CURVE() B_SPLINE_CURVE(2,(#13031,#13032,#13033,#13034
    ,#13035,#13036,#13037),.UNSPECIFIED.,.T.,.F.) 
B_SPLINE_CURVE_WITH_KNOTS((1,2,2,2,2,1),(-2.094395102393,0.,
    2.094395102393,4.188790204786,6.28318530718,8.377580409573),
.UNSPECIFIED.) CURVE() GEOMETRIC_REPRESENTATION_ITEM() 
RATIONAL_B_SPLINE_CURVE((1.,0.5,1.,0.5,1.,0.5,1.)) REPRESENTATION_ITEM(
  '') );
#13031 = CARTESIAN_POINT('',(-35.4,-1.362340077046E-14));
#13032 = CARTESIAN_POINT('',(-35.4,61.314598587938));
#13033 = CARTESIAN_POINT('',(17.7,30.657299293969));
#13034 = CARTESIAN_POINT('',(70.8,1.946542171155E-14));
#13035 = CARTESIAN_POINT('',(17.7,-30.65729929396));
#13036 = CARTESIAN_POINT('',(-35.4,-61.31459858793));
#13037 = CARTESIAN_POINT('',(-35.4,-1.362340077046E-14));
#13038 = ( GEOMETRIC_REPRESENTATION_CONTEXT(2) 
PARAMETRIC_REPRESENTATION_CONTEXT() REPRESENTATION_CONTEXT('2D SPACE',''
  ) );
#13039 = PCURVE('',#9909,#13040);
#13040 = DEFINITIONAL_REPRESENTATION('',(#13041),#13045);
#13041 = LINE('',#13042,#13043);
#13042 = CARTESIAN_POINT('',(0.,0.));
#13043 = VECTOR('',#13044,1.);
#13044 = DIRECTION('',(1.,0.));
#13045 = ( GEOMETRIC_REPRESENTATION_CONTEXT(2) 
PARAMETRIC_REPRESENTATION_CONTEXT() REPRESENTATION_CONTEXT('2D SPACE',''
  ) );
#13046 = ORIENTED_EDGE('',*,*,#4965,.T.);
#13047 = ADVANCED_FACE('',(#13048),#5009,.T.);
#13048 = FACE_BOUND('',#13049,.T.);
#13049 = EDGE_LOOP('',(#13050,#13072,#13073,#13099));
#13050 = ORIENTED_EDGE('',*,*,#13051,.F.);
#13051 = EDGE_CURVE('',#5202,#4994,#13052,.T.);
#13052 = SURFACE_CURVE('',#13053,(#13058,#13065),.PCURVE_S1.);
#13053 = CIRCLE('',#13054,33.2);
#13054 = AXIS2_PLACEMENT_3D('',#13055,#13056,#13057);
#13055 = CARTESIAN_POINT('',(3.552713678801E-15,3.552713678801E-15,2.));
#13056 = DIRECTION('',(0.,0.,-1.));
#13057 = DIRECTION('',(-1.,-4.487612168275E-16,-0.));
#13058 = PCURVE('',#5009,#13059);
#13059 = DEFINITIONAL_REPRESENTATION('',(#13060),#13064);
#13060 = CIRCLE('',#13061,33.2);
#13061 = AXIS2_PLACEMENT_2D('',#13062,#13063);
#13062 = CARTESIAN_POINT('',(35.125,-7.105427357601E-15));
#13063 = DIRECTION('',(-0.866025403784,0.5));
#13064 = ( GEOMETRIC_REPRESENTATION_CONTEXT(2) 
PARAMETRIC_REPRESENTATION_CONTEXT() REPRESENTATION_CONTEXT('2D SPACE',''
  ) );
#13065 = PCURVE('',#10087,#13066);
#13066 = DEFINITIONAL_REPRESENTATION('',(#13067),#13071);
#13067 = LINE('',#13068,#13069);
#13068 = CARTESIAN_POINT('',(0.,0.));
#13069 = VECTOR('',#13070,1.);
#13070 = DIRECTION('',(1.,0.));
#13071 = ( GEOMETRIC_REPRESENTATION_CONTEXT(2) 
PARAMETRIC_REPRESENTATION_CONTEXT() REPRESENTATION_CONTEXT('2D SPACE',''
  ) );
#13072 = ORIENTED_EDGE('',*,*,#5224,.T.);
#13073 = ORIENTED_EDGE('',*,*,#13074,.F.);
#13074 = EDGE_CURVE('',#4966,#5225,#13075,.T.);
#13075 = SURFACE_CURVE('',#13076,(#13081,#13092),.PCURVE_S1.);
#13076 = CIRCLE('',#13077,34.);
#13077 = AXIS2_PLACEMENT_3D('',#13078,#13079,#13080);
#13078 = CARTESIAN_POINT('',(3.552713678801E-15,-3.552713678801E-15,2.)
  );
#13079 = DIRECTION('',(0.,0.,1.));
#13080 = DIRECTION('',(1.,-1.668806424356E-16,0.));
#13081 = PCURVE('',#5009,#13082);
#13082 = DEFINITIONAL_REPRESENTATION('',(#13083),#13091);
#13083 = ( BOUNDED_CURVE() B_SPLINE_CURVE(2,(#13084,#13085,#13086,#13087
    ,#13088,#13089,#13090),.UNSPECIFIED.,.T.,.F.) 
B_SPLINE_CURVE_WITH_KNOTS((1,2,2,2,2,1),(-2.094395102393,0.,
    2.094395102393,4.188790204786,6.28318530718,8.377580409573),
.UNSPECIFIED.) CURVE() GEOMETRIC_REPRESENTATION_ITEM() 
RATIONAL_B_SPLINE_CURVE((1.,0.5,1.,0.5,1.,0.5,1.)) REPRESENTATION_ITEM(
  '') );
#13084 = CARTESIAN_POINT('',(64.569863728671,-17.));
#13085 = CARTESIAN_POINT('',(35.125,-68.));
#13086 = CARTESIAN_POINT('',(5.680136271329,-17.));
#13087 = CARTESIAN_POINT('',(-23.76472745734,34.));
#13088 = CARTESIAN_POINT('',(35.125,34.));
#13089 = CARTESIAN_POINT('',(94.014727457342,34.));
#13090 = CARTESIAN_POINT('',(64.569863728671,-17.));
#13091 = ( GEOMETRIC_REPRESENTATION_CONTEXT(2) 
PARAMETRIC_REPRESENTATION_CONTEXT() REPRESENTATION_CONTEXT('2D SPACE',''
  ) );
#13092 = PCURVE('',#9875,#13093);
#13093 = DEFINITIONAL_REPRESENTATION('',(#13094),#13098);
#13094 = LINE('',#13095,#13096);
#13095 = CARTESIAN_POINT('',(-0.,0.));
#13096 = VECTOR('',#13097,1.);
#13097 = DIRECTION('',(-1.,0.));
#13098 = ( GEOMETRIC_REPRESENTATION_CONTEXT(2) 
PARAMETRIC_REPRESENTATION_CONTEXT() REPRESENTATION_CONTEXT('2D SPACE',''
  ) );
#13099 = ORIENTED_EDGE('',*,*,#4993,.T.);
#13100 = ADVANCED_FACE('',(#13101),#5037,.T.);
#13101 = FACE_BOUND('',#13102,.T.);
#13102 = EDGE_LOOP('',(#13103,#13125,#13126,#13152));
#13103 = ORIENTED_EDGE('',*,*,#13104,.F.);
#13104 = EDGE_CURVE('',#7527,#5022,#13105,.T.);
#13105 = SURFACE_CURVE('',#13106,(#13111,#13118),.PCURVE_S1.);
#13106 = CIRCLE('',#13107,31.8);
#13107 = AXIS2_PLACEMENT_3D('',#13108,#13109,#13110);
#13108 = CARTESIAN_POINT('',(8.881784197001E-16,-3.552713678801E-15,2.)
  );
#13109 = DIRECTION('',(0.,0.,1.));
#13110 = DIRECTION('',(1.,8.330827787858E-17,-0.));
#13111 = PCURVE('',#5037,#13112);
#13112 = DEFINITIONAL_REPRESENTATION('',(#13113),#13117);
#13113 = CIRCLE('',#13114,31.8);
#13114 = AXIS2_PLACEMENT_2D('',#13115,#13116);
#13115 = CARTESIAN_POINT('',(3.696183825556E-15,-7.260316561842E-15));
#13116 = DIRECTION('',(1.,8.330827787858E-17));
#13117 = ( GEOMETRIC_REPRESENTATION_CONTEXT(2) 
PARAMETRIC_REPRESENTATION_CONTEXT() REPRESENTATION_CONTEXT('2D SPACE',''
  ) );
#13118 = PCURVE('',#10053,#13119);
#13119 = DEFINITIONAL_REPRESENTATION('',(#13120),#13124);
#13120 = LINE('',#13121,#13122);
#13121 = CARTESIAN_POINT('',(-0.,0.));
#13122 = VECTOR('',#13123,1.);
#13123 = DIRECTION('',(-1.,0.));
#13124 = ( GEOMETRIC_REPRESENTATION_CONTEXT(2) 
PARAMETRIC_REPRESENTATION_CONTEXT() REPRESENTATION_CONTEXT('2D SPACE',''
  ) );
#13125 = ORIENTED_EDGE('',*,*,#7549,.T.);
#13126 = ORIENTED_EDGE('',*,*,#13127,.F.);
#13127 = EDGE_CURVE('',#4994,#7550,#13128,.T.);
#13128 = SURFACE_CURVE('',#13129,(#13134,#13145),.PCURVE_S1.);
#13129 = CIRCLE('',#13130,33.2);
#13130 = AXIS2_PLACEMENT_3D('',#13131,#13132,#13133);
#13131 = CARTESIAN_POINT('',(3.552713678801E-15,3.552713678801E-15,2.));
#13132 = DIRECTION('',(0.,0.,-1.));
#13133 = DIRECTION('',(-1.,-4.487612168275E-16,-0.));
#13134 = PCURVE('',#5037,#13135);
#13135 = DEFINITIONAL_REPRESENTATION('',(#13136),#13144);
#13136 = ( BOUNDED_CURVE() B_SPLINE_CURVE(2,(#13137,#13138,#13139,#13140
    ,#13141,#13142,#13143),.UNSPECIFIED.,.T.,.F.) 
B_SPLINE_CURVE_WITH_KNOTS((1,2,2,2,2,1),(-2.094395102393,0.,
    2.094395102393,4.188790204786,6.28318530718,8.377580409573),
.UNSPECIFIED.) CURVE() GEOMETRIC_REPRESENTATION_ITEM() 
RATIONAL_B_SPLINE_CURVE((1.,0.5,1.,0.5,1.,0.5,1.)) REPRESENTATION_ITEM(
  '') );
#13137 = CARTESIAN_POINT('',(-33.2,-1.505376160291E-14));
#13138 = CARTESIAN_POINT('',(-33.2,57.504086811287));
#13139 = CARTESIAN_POINT('',(16.6,28.752043405643));
#13140 = CARTESIAN_POINT('',(66.4,3.777451033944E-14));
#13141 = CARTESIAN_POINT('',(16.6,-28.75204340564));
#13142 = CARTESIAN_POINT('',(-33.2,-57.50408681128));
#13143 = CARTESIAN_POINT('',(-33.2,-1.505376160291E-14));
#13144 = ( GEOMETRIC_REPRESENTATION_CONTEXT(2) 
PARAMETRIC_REPRESENTATION_CONTEXT() REPRESENTATION_CONTEXT('2D SPACE',''
  ) );
#13145 = PCURVE('',#10087,#13146);
#13146 = DEFINITIONAL_REPRESENTATION('',(#13147),#13151);
#13147 = LINE('',#13148,#13149);
#13148 = CARTESIAN_POINT('',(0.,0.));
#13149 = VECTOR('',#13150,1.);
#13150 = DIRECTION('',(1.,0.));
#13151 = ( GEOMETRIC_REPRESENTATION_CONTEXT(2) 
PARAMETRIC_REPRESENTATION_CONTEXT() REPRESENTATION_CONTEXT('2D SPACE',''
  ) );
#13152 = ORIENTED_EDGE('',*,*,#5021,.T.);
#13153 = ADVANCED_FACE('',(#13154),#5065,.T.);
#13154 = FACE_BOUND('',#13155,.T.);
#13155 = EDGE_LOOP('',(#13156,#13178,#13179,#13205));
#13156 = ORIENTED_EDGE('',*,*,#13157,.F.);
#13157 = EDGE_CURVE('',#5156,#5050,#13158,.T.);
#13158 = SURFACE_CURVE('',#13159,(#13164,#13171),.PCURVE_S1.);
#13159 = CIRCLE('',#13160,31.);
#13160 = AXIS2_PLACEMENT_3D('',#13161,#13162,#13163);
#13161 = CARTESIAN_POINT('',(3.552713678801E-15,8.881784197001E-16,2.));
#13162 = DIRECTION('',(0.,0.,-1.));
#13163 = DIRECTION('',(-1.,-6.098052810315E-17,-0.));
#13164 = PCURVE('',#5065,#13165);
#13165 = DEFINITIONAL_REPRESENTATION('',(#13166),#13170);
#13166 = CIRCLE('',#13167,31.);
#13167 = AXIS2_PLACEMENT_2D('',#13168,#13169);
#13168 = CARTESIAN_POINT('',(35.125,-3.552713678801E-15));
#13169 = DIRECTION('',(-0.866025403784,0.5));
#13170 = ( GEOMETRIC_REPRESENTATION_CONTEXT(2) 
PARAMETRIC_REPRESENTATION_CONTEXT() REPRESENTATION_CONTEXT('2D SPACE',''
  ) );
#13171 = PCURVE('',#10265,#13172);
#13172 = DEFINITIONAL_REPRESENTATION('',(#13173),#13177);
#13173 = LINE('',#13174,#13175);
#13174 = CARTESIAN_POINT('',(0.,0.));
#13175 = VECTOR('',#13176,1.);
#13176 = DIRECTION('',(1.,0.));
#13177 = ( GEOMETRIC_REPRESENTATION_CONTEXT(2) 
PARAMETRIC_REPRESENTATION_CONTEXT() REPRESENTATION_CONTEXT('2D SPACE',''
  ) );
#13178 = ORIENTED_EDGE('',*,*,#5178,.T.);
#13179 = ORIENTED_EDGE('',*,*,#13180,.F.);
#13180 = EDGE_CURVE('',#5022,#5179,#13181,.T.);
#13181 = SURFACE_CURVE('',#13182,(#13187,#13198),.PCURVE_S1.);
#13182 = CIRCLE('',#13183,31.8);
#13183 = AXIS2_PLACEMENT_3D('',#13184,#13185,#13186);
#13184 = CARTESIAN_POINT('',(8.881784197001E-16,-3.552713678801E-15,2.)
  );
#13185 = DIRECTION('',(0.,0.,1.));
#13186 = DIRECTION('',(1.,8.330827787858E-17,-0.));
#13187 = PCURVE('',#5065,#13188);
#13188 = DEFINITIONAL_REPRESENTATION('',(#13189),#13197);
#13189 = ( BOUNDED_CURVE() B_SPLINE_CURVE(2,(#13190,#13191,#13192,#13193
    ,#13194,#13195,#13196),.UNSPECIFIED.,.T.,.F.) 
B_SPLINE_CURVE_WITH_KNOTS((1,2,2,2,2,1),(-2.094395102393,0.,
    2.094395102393,4.188790204786,6.28318530718,8.377580409573),
.UNSPECIFIED.) CURVE() GEOMETRIC_REPRESENTATION_ITEM() 
RATIONAL_B_SPLINE_CURVE((1.,0.5,1.,0.5,1.,0.5,1.)) REPRESENTATION_ITEM(
  '') );
#13190 = CARTESIAN_POINT('',(62.664607840345,-15.9));
#13191 = CARTESIAN_POINT('',(35.125,-63.6));
#13192 = CARTESIAN_POINT('',(7.585392159655,-15.9));
#13193 = CARTESIAN_POINT('',(-19.95421568069,31.8));
#13194 = CARTESIAN_POINT('',(35.125,31.8));
#13195 = CARTESIAN_POINT('',(90.20421568069,31.8));
#13196 = CARTESIAN_POINT('',(62.664607840345,-15.9));
#13197 = ( GEOMETRIC_REPRESENTATION_CONTEXT(2) 
PARAMETRIC_REPRESENTATION_CONTEXT() REPRESENTATION_CONTEXT('2D SPACE',''
  ) );
#13198 = PCURVE('',#10053,#13199);
#13199 = DEFINITIONAL_REPRESENTATION('',(#13200),#13204);
#13200 = LINE('',#13201,#13202);
#13201 = CARTESIAN_POINT('',(-0.,0.));
#13202 = VECTOR('',#13203,1.);
#13203 = DIRECTION('',(-1.,0.));
#13204 = ( GEOMETRIC_REPRESENTATION_CONTEXT(2) 
PARAMETRIC_REPRESENTATION_CONTEXT() REPRESENTATION_CONTEXT('2D SPACE',''
  ) );
#13205 = ORIENTED_EDGE('',*,*,#5049,.T.);
#13206 = ADVANCED_FACE('',(#13207),#5093,.T.);
#13207 = FACE_BOUND('',#13208,.T.);
#13208 = EDGE_LOOP('',(#13209,#13231,#13232,#13258));
#13209 = ORIENTED_EDGE('',*,*,#13210,.F.);
#13210 = EDGE_CURVE('',#7481,#5078,#13211,.T.);
#13211 = SURFACE_CURVE('',#13212,(#13217,#13224),.PCURVE_S1.);
#13212 = CIRCLE('',#13213,29.6);
#13213 = AXIS2_PLACEMENT_3D('',#13214,#13215,#13216);
#13214 = CARTESIAN_POINT('',(-3.552713678801E-15,1.7763568394E-15,2.));
#13215 = DIRECTION('',(0.,0.,1.));
#13216 = DIRECTION('',(1.,-2.851448545394E-16,0.));
#13217 = PCURVE('',#5093,#13218);
#13218 = DEFINITIONAL_REPRESENTATION('',(#13219),#13223);
#13219 = CIRCLE('',#13220,29.6);
#13220 = AXIS2_PLACEMENT_2D('',#13221,#13222);
#13221 = CARTESIAN_POINT('',(-7.447082729441E-16,-1.931246043641E-15));
#13222 = DIRECTION('',(1.,-2.851448545394E-16));
#13223 = ( GEOMETRIC_REPRESENTATION_CONTEXT(2) 
PARAMETRIC_REPRESENTATION_CONTEXT() REPRESENTATION_CONTEXT('2D SPACE',''
  ) );
#13224 = PCURVE('',#10231,#13225);
#13225 = DEFINITIONAL_REPRESENTATION('',(#13226),#13230);
#13226 = LINE('',#13227,#13228);
#13227 = CARTESIAN_POINT('',(-0.,0.));
#13228 = VECTOR('',#13229,1.);
#13229 = DIRECTION('',(-1.,0.));
#13230 = ( GEOMETRIC_REPRESENTATION_CONTEXT(2) 
PARAMETRIC_REPRESENTATION_CONTEXT() REPRESENTATION_CONTEXT('2D SPACE',''
  ) );
#13231 = ORIENTED_EDGE('',*,*,#7503,.T.);
#13232 = ORIENTED_EDGE('',*,*,#13233,.F.);
#13233 = EDGE_CURVE('',#5050,#7504,#13234,.T.);
#13234 = SURFACE_CURVE('',#13235,(#13240,#13251),.PCURVE_S1.);
#13235 = CIRCLE('',#13236,31.);
#13236 = AXIS2_PLACEMENT_3D('',#13237,#13238,#13239);
#13237 = CARTESIAN_POINT('',(3.552713678801E-15,8.881784197001E-16,2.));
#13238 = DIRECTION('',(0.,0.,-1.));
#13239 = DIRECTION('',(-1.,-6.098052810315E-17,-0.));
#13240 = PCURVE('',#5093,#13241);
#13241 = DEFINITIONAL_REPRESENTATION('',(#13242),#13250);
#13242 = ( BOUNDED_CURVE() B_SPLINE_CURVE(2,(#13243,#13244,#13245,#13246
    ,#13247,#13248,#13249),.UNSPECIFIED.,.T.,.F.) 
B_SPLINE_CURVE_WITH_KNOTS((1,2,2,2,2,1),(-2.094395102393,0.,
    2.094395102393,4.188790204786,6.28318530718,8.377580409573),
.UNSPECIFIED.) CURVE() GEOMETRIC_REPRESENTATION_ITEM() 
RATIONAL_B_SPLINE_CURVE((1.,0.5,1.,0.5,1.,0.5,1.)) REPRESENTATION_ITEM(
  '') );
#13243 = CARTESIAN_POINT('',(-31.,-4.709820834539E-15));
#13244 = CARTESIAN_POINT('',(-31.,53.693575034635));
#13245 = CARTESIAN_POINT('',(15.5,26.846787517318));
#13246 = CARTESIAN_POINT('',(62.,8.554178433768E-15));
#13247 = CARTESIAN_POINT('',(15.5,-26.84678751731));
#13248 = CARTESIAN_POINT('',(-31.,-53.69357503463));
#13249 = CARTESIAN_POINT('',(-31.,-4.709820834539E-15));
#13250 = ( GEOMETRIC_REPRESENTATION_CONTEXT(2) 
PARAMETRIC_REPRESENTATION_CONTEXT() REPRESENTATION_CONTEXT('2D SPACE',''
  ) );
#13251 = PCURVE('',#10265,#13252);
#13252 = DEFINITIONAL_REPRESENTATION('',(#13253),#13257);
#13253 = LINE('',#13254,#13255);
#13254 = CARTESIAN_POINT('',(0.,0.));
#13255 = VECTOR('',#13256,1.);
#13256 = DIRECTION('',(1.,0.));
#13257 = ( GEOMETRIC_REPRESENTATION_CONTEXT(2) 
PARAMETRIC_REPRESENTATION_CONTEXT() REPRESENTATION_CONTEXT('2D SPACE',''
  ) );
#13258 = ORIENTED_EDGE('',*,*,#5077,.T.);
#13259 = ADVANCED_FACE('',(#13260),#5477,.T.);
#13260 = FACE_BOUND('',#13261,.T.);
#13261 = EDGE_LOOP('',(#13262,#13284,#13285,#13286));
#13262 = ORIENTED_EDGE('',*,*,#13263,.F.);
#13263 = EDGE_CURVE('',#5435,#5491,#13264,.T.);
#13264 = SURFACE_CURVE('',#13265,(#13270,#13277),.PCURVE_S1.);
#13265 = CIRCLE('',#13266,42.);
#13266 = AXIS2_PLACEMENT_3D('',#13267,#13268,#13269);
#13267 = CARTESIAN_POINT('',(5.329070518201E-15,8.881784197001E-15,2.));
#13268 = DIRECTION('',(0.,0.,-1.));
#13269 = DIRECTION('',(-1.,-1.679662986601E-16,-0.));
#13270 = PCURVE('',#5477,#13271);
#13271 = DEFINITIONAL_REPRESENTATION('',(#13272),#13276);
#13272 = CIRCLE('',#13273,42.);
#13273 = AXIS2_PLACEMENT_2D('',#13274,#13275);
#13274 = CARTESIAN_POINT('',(35.125,-1.24344978758E-14));
#13275 = DIRECTION('',(-0.866025403784,0.5));
#13276 = ( GEOMETRIC_REPRESENTATION_CONTEXT(2) 
PARAMETRIC_REPRESENTATION_CONTEXT() REPRESENTATION_CONTEXT('2D SPACE',''
  ) );
#13277 = PCURVE('',#8450,#13278);
#13278 = DEFINITIONAL_REPRESENTATION('',(#13279),#13283);
#13279 = LINE('',#13280,#13281);
#13280 = CARTESIAN_POINT('',(0.,0.));
#13281 = VECTOR('',#13282,1.);
#13282 = DIRECTION('',(1.,0.));
#13283 = ( GEOMETRIC_REPRESENTATION_CONTEXT(2) 
PARAMETRIC_REPRESENTATION_CONTEXT() REPRESENTATION_CONTEXT('2D SPACE',''
  ) );
#13284 = ORIENTED_EDGE('',*,*,#5462,.T.);
#13285 = ORIENTED_EDGE('',*,*,#8168,.F.);
#13286 = ORIENTED_EDGE('',*,*,#5490,.T.);
#13287 = ADVANCED_FACE('',(#13288),#5587,.F.);
#13288 = FACE_BOUND('',#13289,.T.);
#13289 = EDGE_LOOP('',(#13290,#13313,#13342,#13363,#13364));
#13290 = ORIENTED_EDGE('',*,*,#13291,.F.);
#13291 = EDGE_CURVE('',#13292,#5732,#13294,.T.);
#13292 = VERTEX_POINT('',#13293);
#13293 = CARTESIAN_POINT('',(14.525491870897,-3.087488608644,1.3));
#13294 = SURFACE_CURVE('',#13295,(#13299,#13306),.PCURVE_S1.);
#13295 = LINE('',#13296,#13297);
#13296 = CARTESIAN_POINT('',(14.525491870897,-3.087488608644,1.3));
#13297 = VECTOR('',#13298,1.);
#13298 = DIRECTION('',(0.739175463232,-0.157116594935,-0.654930538418));
#13299 = PCURVE('',#5587,#13300);
#13300 = DEFINITIONAL_REPRESENTATION('',(#13301),#13305);
#13301 = LINE('',#13302,#13303);
#13302 = CARTESIAN_POINT('',(-0.,0.));
#13303 = VECTOR('',#13304,1.);
#13304 = DIRECTION('',(-0.,1.));
#13305 = ( GEOMETRIC_REPRESENTATION_CONTEXT(2) 
PARAMETRIC_REPRESENTATION_CONTEXT() REPRESENTATION_CONTEXT('2D SPACE',''
  ) );
#13306 = PCURVE('',#5747,#13307);
#13307 = DEFINITIONAL_REPRESENTATION('',(#13308),#13312);
#13308 = LINE('',#13309,#13310);
#13309 = CARTESIAN_POINT('',(0.2,-1.014590229547));
#13310 = VECTOR('',#13311,1.);
#13311 = DIRECTION('',(0.654930538418,0.75568908279));
#13312 = ( GEOMETRIC_REPRESENTATION_CONTEXT(2) 
PARAMETRIC_REPRESENTATION_CONTEXT() REPRESENTATION_CONTEXT('2D SPACE',''
  ) );
#13313 = ORIENTED_EDGE('',*,*,#13314,.T.);
#13314 = EDGE_CURVE('',#13292,#13315,#13317,.T.);
#13315 = VERTEX_POINT('',#13316);
#13316 = CARTESIAN_POINT('',(14.525491870897,3.087488608644,1.3));
#13317 = SURFACE_CURVE('',#13318,(#13323,#13330),.PCURVE_S1.);
#13318 = CIRCLE('',#13319,14.85);
#13319 = AXIS2_PLACEMENT_3D('',#13320,#13321,#13322);
#13320 = CARTESIAN_POINT('',(0.,0.,1.3));
#13321 = DIRECTION('',(-0.,0.,1.));
#13322 = DIRECTION('',(0.978147600734,-0.207911690818,0.));
#13323 = PCURVE('',#5587,#13324);
#13324 = DEFINITIONAL_REPRESENTATION('',(#13325),#13329);
#13325 = LINE('',#13326,#13327);
#13326 = CARTESIAN_POINT('',(-0.,0.));
#13327 = VECTOR('',#13328,1.);
#13328 = DIRECTION('',(-1.,0.));
#13329 = ( GEOMETRIC_REPRESENTATION_CONTEXT(2) 
PARAMETRIC_REPRESENTATION_CONTEXT() REPRESENTATION_CONTEXT('2D SPACE',''
  ) );
#13330 = PCURVE('',#13331,#13336);
#13331 = CYLINDRICAL_SURFACE('',#13332,14.85);
#13332 = AXIS2_PLACEMENT_3D('',#13333,#13334,#13335);
#13333 = CARTESIAN_POINT('',(0.,0.,1.7));
#13334 = DIRECTION('',(-0.,0.,-1.));
#13335 = DIRECTION('',(0.978147600734,-0.207911690818,0.));
#13336 = DEFINITIONAL_REPRESENTATION('',(#13337),#13341);
#13337 = LINE('',#13338,#13339);
#13338 = CARTESIAN_POINT('',(-0.,0.4));
#13339 = VECTOR('',#13340,1.);
#13340 = DIRECTION('',(-1.,0.));
#13341 = ( GEOMETRIC_REPRESENTATION_CONTEXT(2) 
PARAMETRIC_REPRESENTATION_CONTEXT() REPRESENTATION_CONTEXT('2D SPACE',''
  ) );
#13342 = ORIENTED_EDGE('',*,*,#13343,.T.);
#13343 = EDGE_CURVE('',#13315,#5571,#13344,.T.);
#13344 = SURFACE_CURVE('',#13345,(#13349,#13356),.PCURVE_S1.);
#13345 = LINE('',#13346,#13347);
#13346 = CARTESIAN_POINT('',(14.525491870897,3.087488608644,1.3));
#13347 = VECTOR('',#13348,1.);
#13348 = DIRECTION('',(0.739175463232,0.157116594935,-0.654930538418));
#13349 = PCURVE('',#5587,#13350);
#13350 = DEFINITIONAL_REPRESENTATION('',(#13351),#13355);
#13351 = LINE('',#13352,#13353);
#13352 = CARTESIAN_POINT('',(-0.418879020479,0.));
#13353 = VECTOR('',#13354,1.);
#13354 = DIRECTION('',(-0.,1.));
#13355 = ( GEOMETRIC_REPRESENTATION_CONTEXT(2) 
PARAMETRIC_REPRESENTATION_CONTEXT() REPRESENTATION_CONTEXT('2D SPACE',''
  ) );
#13356 = PCURVE('',#5615,#13357);
#13357 = DEFINITIONAL_REPRESENTATION('',(#13358),#13362);
#13358 = LINE('',#13359,#13360);
#13359 = CARTESIAN_POINT('',(0.2,-1.014590229547));
#13360 = VECTOR('',#13361,1.);
#13361 = DIRECTION('',(0.654930538418,0.75568908279));
#13362 = ( GEOMETRIC_REPRESENTATION_CONTEXT(2) 
PARAMETRIC_REPRESENTATION_CONTEXT() REPRESENTATION_CONTEXT('2D SPACE',''
  ) );
#13363 = ORIENTED_EDGE('',*,*,#5570,.T.);
#13364 = ORIENTED_EDGE('',*,*,#5759,.T.);
#13365 = ADVANCED_FACE('',(#13366),#5747,.T.);
#13366 = FACE_BOUND('',#13367,.T.);
#13367 = EDGE_LOOP('',(#13368,#13369,#13370,#13393));
#13368 = ORIENTED_EDGE('',*,*,#13291,.T.);
#13369 = ORIENTED_EDGE('',*,*,#5731,.F.);
#13370 = ORIENTED_EDGE('',*,*,#13371,.T.);
#13371 = EDGE_CURVE('',#5708,#13372,#13374,.T.);
#13372 = VERTEX_POINT('',#13373);
#13373 = CARTESIAN_POINT('',(14.525491870897,-3.087488608644,1.7));
#13374 = SURFACE_CURVE('',#13375,(#13379,#13386),.PCURVE_S1.);
#13375 = LINE('',#13376,#13377);
#13376 = CARTESIAN_POINT('',(15.992713271998,-3.39935614487,3.));
#13377 = VECTOR('',#13378,1.);
#13378 = DIRECTION('',(-0.739175463232,0.157116594935,-0.654930538418));
#13379 = PCURVE('',#5747,#13380);
#13380 = DEFINITIONAL_REPRESENTATION('',(#13381),#13385);
#13381 = LINE('',#13382,#13383);
#13382 = CARTESIAN_POINT('',(-1.5,0.485409770453));
#13383 = VECTOR('',#13384,1.);
#13384 = DIRECTION('',(0.654930538418,-0.75568908279));
#13385 = ( GEOMETRIC_REPRESENTATION_CONTEXT(2) 
PARAMETRIC_REPRESENTATION_CONTEXT() REPRESENTATION_CONTEXT('2D SPACE',''
  ) );
#13386 = PCURVE('',#5644,#13387);
#13387 = DEFINITIONAL_REPRESENTATION('',(#13388),#13392);
#13388 = LINE('',#13389,#13390);
#13389 = CARTESIAN_POINT('',(0.,-0.));
#13390 = VECTOR('',#13391,1.);
#13391 = DIRECTION('',(0.,-1.));
#13392 = ( GEOMETRIC_REPRESENTATION_CONTEXT(2) 
PARAMETRIC_REPRESENTATION_CONTEXT() REPRESENTATION_CONTEXT('2D SPACE',''
  ) );
#13393 = ORIENTED_EDGE('',*,*,#13394,.T.);
#13394 = EDGE_CURVE('',#13372,#13292,#13395,.T.);
#13395 = SURFACE_CURVE('',#13396,(#13400,#13407),.PCURVE_S1.);
#13396 = LINE('',#13397,#13398);
#13397 = CARTESIAN_POINT('',(14.525491870897,-3.087488608644,1.7));
#13398 = VECTOR('',#13399,1.);
#13399 = DIRECTION('',(0.,0.,-1.));
#13400 = PCURVE('',#5747,#13401);
#13401 = DEFINITIONAL_REPRESENTATION('',(#13402),#13406);
#13402 = LINE('',#13403,#13404);
#13403 = CARTESIAN_POINT('',(-0.2,-1.014590229547));
#13404 = VECTOR('',#13405,1.);
#13405 = DIRECTION('',(1.,0.));
#13406 = ( GEOMETRIC_REPRESENTATION_CONTEXT(2) 
PARAMETRIC_REPRESENTATION_CONTEXT() REPRESENTATION_CONTEXT('2D SPACE',''
  ) );
#13407 = PCURVE('',#13331,#13408);
#13408 = DEFINITIONAL_REPRESENTATION('',(#13409),#13413);
#13409 = LINE('',#13410,#13411);
#13410 = CARTESIAN_POINT('',(-0.,0.));
#13411 = VECTOR('',#13412,1.);
#13412 = DIRECTION('',(-0.,1.));
#13413 = ( GEOMETRIC_REPRESENTATION_CONTEXT(2) 
PARAMETRIC_REPRESENTATION_CONTEXT() REPRESENTATION_CONTEXT('2D SPACE',''
  ) );
#13414 = ADVANCED_FACE('',(#13415),#5644,.F.);
#13415 = FACE_BOUND('',#13416,.T.);
#13416 = EDGE_LOOP('',(#13417,#13418,#13419,#13420,#13443));
#13417 = ORIENTED_EDGE('',*,*,#13371,.F.);
#13418 = ORIENTED_EDGE('',*,*,#5707,.F.);
#13419 = ORIENTED_EDGE('',*,*,#5627,.F.);
#13420 = ORIENTED_EDGE('',*,*,#13421,.T.);
#13421 = EDGE_CURVE('',#5600,#13422,#13424,.T.);
#13422 = VERTEX_POINT('',#13423);
#13423 = CARTESIAN_POINT('',(14.525491870897,3.087488608644,1.7));
#13424 = SURFACE_CURVE('',#13425,(#13429,#13436),.PCURVE_S1.);
#13425 = LINE('',#13426,#13427);
#13426 = CARTESIAN_POINT('',(15.992713271998,3.39935614487,3.));
#13427 = VECTOR('',#13428,1.);
#13428 = DIRECTION('',(-0.739175463232,-0.157116594935,-0.654930538418)
  );
#13429 = PCURVE('',#5644,#13430);
#13430 = DEFINITIONAL_REPRESENTATION('',(#13431),#13435);
#13431 = LINE('',#13432,#13433);
#13432 = CARTESIAN_POINT('',(0.418879020479,-0.));
#13433 = VECTOR('',#13434,1.);
#13434 = DIRECTION('',(0.,-1.));
#13435 = ( GEOMETRIC_REPRESENTATION_CONTEXT(2) 
PARAMETRIC_REPRESENTATION_CONTEXT() REPRESENTATION_CONTEXT('2D SPACE',''
  ) );
#13436 = PCURVE('',#5615,#13437);
#13437 = DEFINITIONAL_REPRESENTATION('',(#13438),#13442);
#13438 = LINE('',#13439,#13440);
#13439 = CARTESIAN_POINT('',(-1.5,0.485409770453));
#13440 = VECTOR('',#13441,1.);
#13441 = DIRECTION('',(0.654930538418,-0.75568908279));
#13442 = ( GEOMETRIC_REPRESENTATION_CONTEXT(2) 
PARAMETRIC_REPRESENTATION_CONTEXT() REPRESENTATION_CONTEXT('2D SPACE',''
  ) );
#13443 = ORIENTED_EDGE('',*,*,#13444,.F.);
#13444 = EDGE_CURVE('',#13372,#13422,#13445,.T.);
#13445 = SURFACE_CURVE('',#13446,(#13451,#13458),.PCURVE_S1.);
#13446 = CIRCLE('',#13447,14.85);
#13447 = AXIS2_PLACEMENT_3D('',#13448,#13449,#13450);
#13448 = CARTESIAN_POINT('',(0.,0.,1.7));
#13449 = DIRECTION('',(-0.,0.,1.));
#13450 = DIRECTION('',(0.978147600734,-0.207911690818,0.));
#13451 = PCURVE('',#5644,#13452);
#13452 = DEFINITIONAL_REPRESENTATION('',(#13453),#13457);
#13453 = LINE('',#13454,#13455);
#13454 = CARTESIAN_POINT('',(0.,-1.3));
#13455 = VECTOR('',#13456,1.);
#13456 = DIRECTION('',(1.,-0.));
#13457 = ( GEOMETRIC_REPRESENTATION_CONTEXT(2) 
PARAMETRIC_REPRESENTATION_CONTEXT() REPRESENTATION_CONTEXT('2D SPACE',''
  ) );
#13458 = PCURVE('',#13331,#13459);
#13459 = DEFINITIONAL_REPRESENTATION('',(#13460),#13464);
#13460 = LINE('',#13461,#13462);
#13461 = CARTESIAN_POINT('',(-0.,0.));
#13462 = VECTOR('',#13463,1.);
#13463 = DIRECTION('',(-1.,0.));
#13464 = ( GEOMETRIC_REPRESENTATION_CONTEXT(2) 
PARAMETRIC_REPRESENTATION_CONTEXT() REPRESENTATION_CONTEXT('2D SPACE',''
  ) );
#13465 = ADVANCED_FACE('',(#13466,#13492),#5694,.T.);
#13466 = FACE_BOUND('',#13467,.T.);
#13467 = EDGE_LOOP('',(#13468));
#13468 = ORIENTED_EDGE('',*,*,#13469,.T.);
#13469 = EDGE_CURVE('',#13470,#13470,#13472,.T.);
#13470 = VERTEX_POINT('',#13471);
#13471 = CARTESIAN_POINT('',(19.5,0.,8.));
#13472 = SURFACE_CURVE('',#13473,(#13478,#13485),.PCURVE_S1.);
#13473 = CIRCLE('',#13474,19.5);
#13474 = AXIS2_PLACEMENT_3D('',#13475,#13476,#13477);
#13475 = CARTESIAN_POINT('',(0.,0.,8.));
#13476 = DIRECTION('',(0.,0.,1.));
#13477 = DIRECTION('',(1.,0.,0.));
#13478 = PCURVE('',#5694,#13479);
#13479 = DEFINITIONAL_REPRESENTATION('',(#13480),#13484);
#13480 = CIRCLE('',#13481,19.5);
#13481 = AXIS2_PLACEMENT_2D('',#13482,#13483);
#13482 = CARTESIAN_POINT('',(2.244004320065E-15,-3.259817405866E-16));
#13483 = DIRECTION('',(1.,0.));
#13484 = ( GEOMETRIC_REPRESENTATION_CONTEXT(2) 
PARAMETRIC_REPRESENTATION_CONTEXT() REPRESENTATION_CONTEXT('2D SPACE',''
  ) );
#13485 = PCURVE('',#9343,#13486);
#13486 = DEFINITIONAL_REPRESENTATION('',(#13487),#13491);
#13487 = LINE('',#13488,#13489);
#13488 = CARTESIAN_POINT('',(-0.,-6.));
#13489 = VECTOR('',#13490,1.);
#13490 = DIRECTION('',(-1.,0.));
#13491 = ( GEOMETRIC_REPRESENTATION_CONTEXT(2) 
PARAMETRIC_REPRESENTATION_CONTEXT() REPRESENTATION_CONTEXT('2D SPACE',''
  ) );
#13492 = FACE_BOUND('',#13493,.T.);
#13493 = EDGE_LOOP('',(#13494));
#13494 = ORIENTED_EDGE('',*,*,#5679,.F.);
#13495 = ADVANCED_FACE('',(#13496),#5615,.F.);
#13496 = FACE_BOUND('',#13497,.F.);
#13497 = EDGE_LOOP('',(#13498,#13499,#13500,#13501));
#13498 = ORIENTED_EDGE('',*,*,#13343,.T.);
#13499 = ORIENTED_EDGE('',*,*,#5599,.F.);
#13500 = ORIENTED_EDGE('',*,*,#13421,.T.);
#13501 = ORIENTED_EDGE('',*,*,#13502,.T.);
#13502 = EDGE_CURVE('',#13422,#13315,#13503,.T.);
#13503 = SURFACE_CURVE('',#13504,(#13508,#13515),.PCURVE_S1.);
#13504 = LINE('',#13505,#13506);
#13505 = CARTESIAN_POINT('',(14.525491870897,3.087488608644,1.7));
#13506 = VECTOR('',#13507,1.);
#13507 = DIRECTION('',(0.,0.,-1.));
#13508 = PCURVE('',#5615,#13509);
#13509 = DEFINITIONAL_REPRESENTATION('',(#13510),#13514);
#13510 = LINE('',#13511,#13512);
#13511 = CARTESIAN_POINT('',(-0.2,-1.014590229547));
#13512 = VECTOR('',#13513,1.);
#13513 = DIRECTION('',(1.,0.));
#13514 = ( GEOMETRIC_REPRESENTATION_CONTEXT(2) 
PARAMETRIC_REPRESENTATION_CONTEXT() REPRESENTATION_CONTEXT('2D SPACE',''
  ) );
#13515 = PCURVE('',#13331,#13516);
#13516 = DEFINITIONAL_REPRESENTATION('',(#13517),#13521);
#13517 = LINE('',#13518,#13519);
#13518 = CARTESIAN_POINT('',(-0.418879020479,0.));
#13519 = VECTOR('',#13520,1.);
#13520 = DIRECTION('',(-0.,1.));
#13521 = ( GEOMETRIC_REPRESENTATION_CONTEXT(2) 
PARAMETRIC_REPRESENTATION_CONTEXT() REPRESENTATION_CONTEXT('2D SPACE',''
  ) );
#13522 = ADVANCED_FACE('',(#13523),#5801,.F.);
#13523 = FACE_BOUND('',#13524,.F.);
#13524 = EDGE_LOOP('',(#13525,#13548,#13549,#13572));
#13525 = ORIENTED_EDGE('',*,*,#13526,.T.);
#13526 = EDGE_CURVE('',#13527,#5786,#13529,.T.);
#13527 = VERTEX_POINT('',#13528);
#13528 = CARTESIAN_POINT('',(-14.52549187089,-3.087488608644,1.3));
#13529 = SURFACE_CURVE('',#13530,(#13534,#13541),.PCURVE_S1.);
#13530 = LINE('',#13531,#13532);
#13531 = CARTESIAN_POINT('',(-14.52549187089,-3.087488608644,1.3));
#13532 = VECTOR('',#13533,1.);
#13533 = DIRECTION('',(-0.739175463232,-0.157116594935,-0.654930538418)
  );
#13534 = PCURVE('',#5801,#13535);
#13535 = DEFINITIONAL_REPRESENTATION('',(#13536),#13540);
#13536 = LINE('',#13537,#13538);
#13537 = CARTESIAN_POINT('',(0.2,-1.014590229547));
#13538 = VECTOR('',#13539,1.);
#13539 = DIRECTION('',(0.654930538418,0.75568908279));
#13540 = ( GEOMETRIC_REPRESENTATION_CONTEXT(2) 
PARAMETRIC_REPRESENTATION_CONTEXT() REPRESENTATION_CONTEXT('2D SPACE',''
  ) );
#13541 = PCURVE('',#5885,#13542);
#13542 = DEFINITIONAL_REPRESENTATION('',(#13543),#13547);
#13543 = LINE('',#13544,#13545);
#13544 = CARTESIAN_POINT('',(-0.418879020479,0.));
#13545 = VECTOR('',#13546,1.);
#13546 = DIRECTION('',(-0.,1.));
#13547 = ( GEOMETRIC_REPRESENTATION_CONTEXT(2) 
PARAMETRIC_REPRESENTATION_CONTEXT() REPRESENTATION_CONTEXT('2D SPACE',''
  ) );
#13548 = ORIENTED_EDGE('',*,*,#5783,.F.);
#13549 = ORIENTED_EDGE('',*,*,#13550,.T.);
#13550 = EDGE_CURVE('',#5784,#13551,#13553,.T.);
#13551 = VERTEX_POINT('',#13552);
#13552 = CARTESIAN_POINT('',(-14.52549187089,-3.087488608644,1.7));
#13553 = SURFACE_CURVE('',#13554,(#13558,#13565),.PCURVE_S1.);
#13554 = LINE('',#13555,#13556);
#13555 = CARTESIAN_POINT('',(-15.99271327199,-3.39935614487,3.));
#13556 = VECTOR('',#13557,1.);
#13557 = DIRECTION('',(0.739175463232,0.157116594935,-0.654930538418));
#13558 = PCURVE('',#5801,#13559);
#13559 = DEFINITIONAL_REPRESENTATION('',(#13560),#13564);
#13560 = LINE('',#13561,#13562);
#13561 = CARTESIAN_POINT('',(-1.5,0.485409770453));
#13562 = VECTOR('',#13563,1.);
#13563 = DIRECTION('',(0.654930538418,-0.75568908279));
#13564 = ( GEOMETRIC_REPRESENTATION_CONTEXT(2) 
PARAMETRIC_REPRESENTATION_CONTEXT() REPRESENTATION_CONTEXT('2D SPACE',''
  ) );
#13565 = PCURVE('',#5830,#13566);
#13566 = DEFINITIONAL_REPRESENTATION('',(#13567),#13571);
#13567 = LINE('',#13568,#13569);
#13568 = CARTESIAN_POINT('',(0.418879020479,-0.));
#13569 = VECTOR('',#13570,1.);
#13570 = DIRECTION('',(0.,-1.));
#13571 = ( GEOMETRIC_REPRESENTATION_CONTEXT(2) 
PARAMETRIC_REPRESENTATION_CONTEXT() REPRESENTATION_CONTEXT('2D SPACE',''
  ) );
#13572 = ORIENTED_EDGE('',*,*,#13573,.T.);
#13573 = EDGE_CURVE('',#13551,#13527,#13574,.T.);
#13574 = SURFACE_CURVE('',#13575,(#13579,#13586),.PCURVE_S1.);
#13575 = LINE('',#13576,#13577);
#13576 = CARTESIAN_POINT('',(-14.52549187089,-3.087488608644,1.7));
#13577 = VECTOR('',#13578,1.);
#13578 = DIRECTION('',(-0.,0.,-1.));
#13579 = PCURVE('',#5801,#13580);
#13580 = DEFINITIONAL_REPRESENTATION('',(#13581),#13585);
#13581 = LINE('',#13582,#13583);
#13582 = CARTESIAN_POINT('',(-0.2,-1.014590229547));
#13583 = VECTOR('',#13584,1.);
#13584 = DIRECTION('',(1.,-0.));
#13585 = ( GEOMETRIC_REPRESENTATION_CONTEXT(2) 
PARAMETRIC_REPRESENTATION_CONTEXT() REPRESENTATION_CONTEXT('2D SPACE',''
  ) );
#13586 = PCURVE('',#13587,#13592);
#13587 = CYLINDRICAL_SURFACE('',#13588,14.85);
#13588 = AXIS2_PLACEMENT_3D('',#13589,#13590,#13591);
#13589 = CARTESIAN_POINT('',(0.,0.,1.7));
#13590 = DIRECTION('',(0.,0.,-1.));
#13591 = DIRECTION('',(-0.978147600734,0.207911690818,0.));
#13592 = DEFINITIONAL_REPRESENTATION('',(#13593),#13597);
#13593 = LINE('',#13594,#13595);
#13594 = CARTESIAN_POINT('',(-0.418879020479,0.));
#13595 = VECTOR('',#13596,1.);
#13596 = DIRECTION('',(-0.,1.));
#13597 = ( GEOMETRIC_REPRESENTATION_CONTEXT(2) 
PARAMETRIC_REPRESENTATION_CONTEXT() REPRESENTATION_CONTEXT('2D SPACE',''
  ) );
#13598 = ADVANCED_FACE('',(#13599),#5885,.F.);
#13599 = FACE_BOUND('',#13600,.T.);
#13600 = EDGE_LOOP('',(#13601,#13624,#13646,#13647));
#13601 = ORIENTED_EDGE('',*,*,#13602,.F.);
#13602 = EDGE_CURVE('',#13603,#5843,#13605,.T.);
#13603 = VERTEX_POINT('',#13604);
#13604 = CARTESIAN_POINT('',(-14.52549187089,3.087488608644,1.3));
#13605 = SURFACE_CURVE('',#13606,(#13610,#13617),.PCURVE_S1.);
#13606 = LINE('',#13607,#13608);
#13607 = CARTESIAN_POINT('',(-14.52549187089,3.087488608644,1.3));
#13608 = VECTOR('',#13609,1.);
#13609 = DIRECTION('',(-0.739175463232,0.157116594935,-0.654930538418));
#13610 = PCURVE('',#5885,#13611);
#13611 = DEFINITIONAL_REPRESENTATION('',(#13612),#13616);
#13612 = LINE('',#13613,#13614);
#13613 = CARTESIAN_POINT('',(-0.,0.));
#13614 = VECTOR('',#13615,1.);
#13615 = DIRECTION('',(-0.,1.));
#13616 = ( GEOMETRIC_REPRESENTATION_CONTEXT(2) 
PARAMETRIC_REPRESENTATION_CONTEXT() REPRESENTATION_CONTEXT('2D SPACE',''
  ) );
#13617 = PCURVE('',#5858,#13618);
#13618 = DEFINITIONAL_REPRESENTATION('',(#13619),#13623);
#13619 = LINE('',#13620,#13621);
#13620 = CARTESIAN_POINT('',(0.2,-1.014590229547));
#13621 = VECTOR('',#13622,1.);
#13622 = DIRECTION('',(0.654930538418,0.75568908279));
#13623 = ( GEOMETRIC_REPRESENTATION_CONTEXT(2) 
PARAMETRIC_REPRESENTATION_CONTEXT() REPRESENTATION_CONTEXT('2D SPACE',''
  ) );
#13624 = ORIENTED_EDGE('',*,*,#13625,.T.);
#13625 = EDGE_CURVE('',#13603,#13527,#13626,.T.);
#13626 = SURFACE_CURVE('',#13627,(#13632,#13639),.PCURVE_S1.);
#13627 = CIRCLE('',#13628,14.85);
#13628 = AXIS2_PLACEMENT_3D('',#13629,#13630,#13631);
#13629 = CARTESIAN_POINT('',(0.,0.,1.3));
#13630 = DIRECTION('',(0.,0.,1.));
#13631 = DIRECTION('',(-0.978147600734,0.207911690818,0.));
#13632 = PCURVE('',#5885,#13633);
#13633 = DEFINITIONAL_REPRESENTATION('',(#13634),#13638);
#13634 = LINE('',#13635,#13636);
#13635 = CARTESIAN_POINT('',(-0.,0.));
#13636 = VECTOR('',#13637,1.);
#13637 = DIRECTION('',(-1.,0.));
#13638 = ( GEOMETRIC_REPRESENTATION_CONTEXT(2) 
PARAMETRIC_REPRESENTATION_CONTEXT() REPRESENTATION_CONTEXT('2D SPACE',''
  ) );
#13639 = PCURVE('',#13587,#13640);
#13640 = DEFINITIONAL_REPRESENTATION('',(#13641),#13645);
#13641 = LINE('',#13642,#13643);
#13642 = CARTESIAN_POINT('',(-0.,0.4));
#13643 = VECTOR('',#13644,1.);
#13644 = DIRECTION('',(-1.,0.));
#13645 = ( GEOMETRIC_REPRESENTATION_CONTEXT(2) 
PARAMETRIC_REPRESENTATION_CONTEXT() REPRESENTATION_CONTEXT('2D SPACE',''
  ) );
#13646 = ORIENTED_EDGE('',*,*,#13526,.T.);
#13647 = ORIENTED_EDGE('',*,*,#5870,.T.);
#13648 = ADVANCED_FACE('',(#13649),#5858,.T.);
#13649 = FACE_BOUND('',#13650,.T.);
#13650 = EDGE_LOOP('',(#13651,#13652,#13653,#13676));
#13651 = ORIENTED_EDGE('',*,*,#13602,.T.);
#13652 = ORIENTED_EDGE('',*,*,#5842,.F.);
#13653 = ORIENTED_EDGE('',*,*,#13654,.T.);
#13654 = EDGE_CURVE('',#5814,#13655,#13657,.T.);
#13655 = VERTEX_POINT('',#13656);
#13656 = CARTESIAN_POINT('',(-14.52549187089,3.087488608644,1.7));
#13657 = SURFACE_CURVE('',#13658,(#13662,#13669),.PCURVE_S1.);
#13658 = LINE('',#13659,#13660);
#13659 = CARTESIAN_POINT('',(-15.99271327199,3.39935614487,3.));
#13660 = VECTOR('',#13661,1.);
#13661 = DIRECTION('',(0.739175463232,-0.157116594935,-0.654930538418));
#13662 = PCURVE('',#5858,#13663);
#13663 = DEFINITIONAL_REPRESENTATION('',(#13664),#13668);
#13664 = LINE('',#13665,#13666);
#13665 = CARTESIAN_POINT('',(-1.5,0.485409770453));
#13666 = VECTOR('',#13667,1.);
#13667 = DIRECTION('',(0.654930538418,-0.75568908279));
#13668 = ( GEOMETRIC_REPRESENTATION_CONTEXT(2) 
PARAMETRIC_REPRESENTATION_CONTEXT() REPRESENTATION_CONTEXT('2D SPACE',''
  ) );
#13669 = PCURVE('',#5830,#13670);
#13670 = DEFINITIONAL_REPRESENTATION('',(#13671),#13675);
#13671 = LINE('',#13672,#13673);
#13672 = CARTESIAN_POINT('',(0.,-0.));
#13673 = VECTOR('',#13674,1.);
#13674 = DIRECTION('',(0.,-1.));
#13675 = ( GEOMETRIC_REPRESENTATION_CONTEXT(2) 
PARAMETRIC_REPRESENTATION_CONTEXT() REPRESENTATION_CONTEXT('2D SPACE',''
  ) );
#13676 = ORIENTED_EDGE('',*,*,#13677,.T.);
#13677 = EDGE_CURVE('',#13655,#13603,#13678,.T.);
#13678 = SURFACE_CURVE('',#13679,(#13683,#13690),.PCURVE_S1.);
#13679 = LINE('',#13680,#13681);
#13680 = CARTESIAN_POINT('',(-14.52549187089,3.087488608644,1.7));
#13681 = VECTOR('',#13682,1.);
#13682 = DIRECTION('',(-0.,0.,-1.));
#13683 = PCURVE('',#5858,#13684);
#13684 = DEFINITIONAL_REPRESENTATION('',(#13685),#13689);
#13685 = LINE('',#13686,#13687);
#13686 = CARTESIAN_POINT('',(-0.2,-1.014590229547));
#13687 = VECTOR('',#13688,1.);
#13688 = DIRECTION('',(1.,0.));
#13689 = ( GEOMETRIC_REPRESENTATION_CONTEXT(2) 
PARAMETRIC_REPRESENTATION_CONTEXT() REPRESENTATION_CONTEXT('2D SPACE',''
  ) );
#13690 = PCURVE('',#13587,#13691);
#13691 = DEFINITIONAL_REPRESENTATION('',(#13692),#13696);
#13692 = LINE('',#13693,#13694);
#13693 = CARTESIAN_POINT('',(-0.,0.));
#13694 = VECTOR('',#13695,1.);
#13695 = DIRECTION('',(-0.,1.));
#13696 = ( GEOMETRIC_REPRESENTATION_CONTEXT(2) 
PARAMETRIC_REPRESENTATION_CONTEXT() REPRESENTATION_CONTEXT('2D SPACE',''
  ) );
#13697 = ADVANCED_FACE('',(#13698),#5830,.F.);
#13698 = FACE_BOUND('',#13699,.T.);
#13699 = EDGE_LOOP('',(#13700,#13701,#13702,#13703));
#13700 = ORIENTED_EDGE('',*,*,#13654,.F.);
#13701 = ORIENTED_EDGE('',*,*,#5813,.F.);
#13702 = ORIENTED_EDGE('',*,*,#13550,.T.);
#13703 = ORIENTED_EDGE('',*,*,#13704,.F.);
#13704 = EDGE_CURVE('',#13655,#13551,#13705,.T.);
#13705 = SURFACE_CURVE('',#13706,(#13711,#13718),.PCURVE_S1.);
#13706 = CIRCLE('',#13707,14.85);
#13707 = AXIS2_PLACEMENT_3D('',#13708,#13709,#13710);
#13708 = CARTESIAN_POINT('',(0.,0.,1.7));
#13709 = DIRECTION('',(0.,0.,1.));
#13710 = DIRECTION('',(-0.978147600734,0.207911690818,0.));
#13711 = PCURVE('',#5830,#13712);
#13712 = DEFINITIONAL_REPRESENTATION('',(#13713),#13717);
#13713 = LINE('',#13714,#13715);
#13714 = CARTESIAN_POINT('',(0.,-1.3));
#13715 = VECTOR('',#13716,1.);
#13716 = DIRECTION('',(1.,-0.));
#13717 = ( GEOMETRIC_REPRESENTATION_CONTEXT(2) 
PARAMETRIC_REPRESENTATION_CONTEXT() REPRESENTATION_CONTEXT('2D SPACE',''
  ) );
#13718 = PCURVE('',#13587,#13719);
#13719 = DEFINITIONAL_REPRESENTATION('',(#13720),#13724);
#13720 = LINE('',#13721,#13722);
#13721 = CARTESIAN_POINT('',(-0.,0.));
#13722 = VECTOR('',#13723,1.);
#13723 = DIRECTION('',(-1.,0.));
#13724 = ( GEOMETRIC_REPRESENTATION_CONTEXT(2) 
PARAMETRIC_REPRESENTATION_CONTEXT() REPRESENTATION_CONTEXT('2D SPACE',''
  ) );
#13725 = ADVANCED_FACE('',(#13726),#5940,.T.);
#13726 = FACE_BOUND('',#13727,.T.);
#13727 = EDGE_LOOP('',(#13728,#13729,#13730,#13756,#13757,#13758));
#13728 = ORIENTED_EDGE('',*,*,#6094,.T.);
#13729 = ORIENTED_EDGE('',*,*,#6471,.T.);
#13730 = ORIENTED_EDGE('',*,*,#13731,.F.);
#13731 = EDGE_CURVE('',#6422,#6472,#13732,.T.);
#13732 = SURFACE_CURVE('',#13733,(#13738,#13749),.PCURVE_S1.);
#13733 = CIRCLE('',#13734,29.6);
#13734 = AXIS2_PLACEMENT_3D('',#13735,#13736,#13737);
#13735 = CARTESIAN_POINT('',(-3.552713678801E-15,1.7763568394E-15,2.));
#13736 = DIRECTION('',(0.,0.,1.));
#13737 = DIRECTION('',(1.,-2.851448545394E-16,0.));
#13738 = PCURVE('',#5940,#13739);
#13739 = DEFINITIONAL_REPRESENTATION('',(#13740),#13748);
#13740 = ( BOUNDED_CURVE() B_SPLINE_CURVE(2,(#13741,#13742,#13743,#13744
    ,#13745,#13746,#13747),.UNSPECIFIED.,.T.,.F.) 
B_SPLINE_CURVE_WITH_KNOTS((1,2,2,2,2,1),(-2.094395102393,0.,
    2.094395102393,4.188790204786,6.28318530718,8.377580409573),
.UNSPECIFIED.) CURVE() GEOMETRIC_REPRESENTATION_ITEM() 
RATIONAL_B_SPLINE_CURVE((1.,0.5,1.,0.5,1.,0.5,1.)) REPRESENTATION_ITEM(
  '') );
#13741 = CARTESIAN_POINT('',(9.490648047981,-14.8));
#13742 = CARTESIAN_POINT('',(-16.14370390403,29.6));
#13743 = CARTESIAN_POINT('',(35.125,29.6));
#13744 = CARTESIAN_POINT('',(86.393703904039,29.6));
#13745 = CARTESIAN_POINT('',(60.759351952019,-14.8));
#13746 = CARTESIAN_POINT('',(35.125,-59.2));
#13747 = CARTESIAN_POINT('',(9.490648047981,-14.8));
#13748 = ( GEOMETRIC_REPRESENTATION_CONTEXT(2) 
PARAMETRIC_REPRESENTATION_CONTEXT() REPRESENTATION_CONTEXT('2D SPACE',''
  ) );
#13749 = PCURVE('',#10231,#13750);
#13750 = DEFINITIONAL_REPRESENTATION('',(#13751),#13755);
#13751 = LINE('',#13752,#13753);
#13752 = CARTESIAN_POINT('',(-0.,0.));
#13753 = VECTOR('',#13754,1.);
#13754 = DIRECTION('',(-1.,0.));
#13755 = ( GEOMETRIC_REPRESENTATION_CONTEXT(2) 
PARAMETRIC_REPRESENTATION_CONTEXT() REPRESENTATION_CONTEXT('2D SPACE',''
  ) );
#13756 = ORIENTED_EDGE('',*,*,#6444,.T.);
#13757 = ORIENTED_EDGE('',*,*,#5923,.T.);
#13758 = ORIENTED_EDGE('',*,*,#13759,.F.);
#13759 = EDGE_CURVE('',#6062,#5924,#13760,.T.);
#13760 = SURFACE_CURVE('',#13761,(#13766,#13773),.PCURVE_S1.);
#13761 = CIRCLE('',#13762,28.8);
#13762 = AXIS2_PLACEMENT_3D('',#13763,#13764,#13765);
#13763 = CARTESIAN_POINT('',(-3.552713678801E-15,-4.440892098501E-15,2.)
  );
#13764 = DIRECTION('',(0.,0.,-1.));
#13765 = DIRECTION('',(-1.,1.364504165456E-16,0.));
#13766 = PCURVE('',#5940,#13767);
#13767 = DEFINITIONAL_REPRESENTATION('',(#13768),#13772);
#13768 = CIRCLE('',#13769,28.8);
#13769 = AXIS2_PLACEMENT_2D('',#13770,#13771);
#13770 = CARTESIAN_POINT('',(35.125,0.));
#13771 = DIRECTION('',(0.866025403784,0.5));
#13772 = ( GEOMETRIC_REPRESENTATION_CONTEXT(2) 
PARAMETRIC_REPRESENTATION_CONTEXT() REPRESENTATION_CONTEXT('2D SPACE',''
  ) );
#13773 = PCURVE('',#8726,#13774);
#13774 = DEFINITIONAL_REPRESENTATION('',(#13775),#13779);
#13775 = LINE('',#13776,#13777);
#13776 = CARTESIAN_POINT('',(0.,0.));
#13777 = VECTOR('',#13778,1.);
#13778 = DIRECTION('',(1.,0.));
#13779 = ( GEOMETRIC_REPRESENTATION_CONTEXT(2) 
PARAMETRIC_REPRESENTATION_CONTEXT() REPRESENTATION_CONTEXT('2D SPACE',''
  ) );
#13780 = ADVANCED_FACE('',(#13781),#5997,.T.);
#13781 = FACE_BOUND('',#13782,.T.);
#13782 = EDGE_LOOP('',(#13783,#13784,#13810,#13811));
#13783 = ORIENTED_EDGE('',*,*,#6037,.T.);
#13784 = ORIENTED_EDGE('',*,*,#13785,.F.);
#13785 = EDGE_CURVE('',#5953,#6038,#13786,.T.);
#13786 = SURFACE_CURVE('',#13787,(#13792,#13803),.PCURVE_S1.);
#13787 = CIRCLE('',#13788,27.4);
#13788 = AXIS2_PLACEMENT_3D('',#13789,#13790,#13791);
#13789 = CARTESIAN_POINT('',(3.552713678801E-15,-3.552713678801E-15,2.)
  );
#13790 = DIRECTION('',(0.,0.,1.));
#13791 = DIRECTION('',(1.,7.957102907278E-17,-0.));
#13792 = PCURVE('',#5997,#13793);
#13793 = DEFINITIONAL_REPRESENTATION('',(#13794),#13802);
#13794 = ( BOUNDED_CURVE() B_SPLINE_CURVE(2,(#13795,#13796,#13797,#13798
    ,#13799,#13800,#13801),.UNSPECIFIED.,.T.,.F.) 
B_SPLINE_CURVE_WITH_KNOTS((1,2,2,2,2,1),(-2.094395102393,0.,
    2.094395102393,4.188790204786,6.28318530718,8.377580409573),
.UNSPECIFIED.) CURVE() GEOMETRIC_REPRESENTATION_ITEM() 
RATIONAL_B_SPLINE_CURVE((1.,0.5,1.,0.5,1.,0.5,1.)) REPRESENTATION_ITEM(
  '') );
#13795 = CARTESIAN_POINT('',(11.395903936306,-13.7));
#13796 = CARTESIAN_POINT('',(-12.33319212738,27.4));
#13797 = CARTESIAN_POINT('',(35.125,27.4));
#13798 = CARTESIAN_POINT('',(82.583192127387,27.4));
#13799 = CARTESIAN_POINT('',(58.854096063694,-13.7));
#13800 = CARTESIAN_POINT('',(35.125,-54.8));
#13801 = CARTESIAN_POINT('',(11.395903936306,-13.7));
#13802 = ( GEOMETRIC_REPRESENTATION_CONTEXT(2) 
PARAMETRIC_REPRESENTATION_CONTEXT() REPRESENTATION_CONTEXT('2D SPACE',''
  ) );
#13803 = PCURVE('',#8692,#13804);
#13804 = DEFINITIONAL_REPRESENTATION('',(#13805),#13809);
#13805 = LINE('',#13806,#13807);
#13806 = CARTESIAN_POINT('',(-0.,0.));
#13807 = VECTOR('',#13808,1.);
#13808 = DIRECTION('',(-1.,0.));
#13809 = ( GEOMETRIC_REPRESENTATION_CONTEXT(2) 
PARAMETRIC_REPRESENTATION_CONTEXT() REPRESENTATION_CONTEXT('2D SPACE',''
  ) );
#13810 = ORIENTED_EDGE('',*,*,#5980,.T.);
#13811 = ORIENTED_EDGE('',*,*,#13812,.F.);
#13812 = EDGE_CURVE('',#6010,#5981,#13813,.T.);
#13813 = SURFACE_CURVE('',#13814,(#13819,#13826),.PCURVE_S1.);
#13814 = CIRCLE('',#13815,26.6);
#13815 = AXIS2_PLACEMENT_3D('',#13816,#13817,#13818);
#13816 = CARTESIAN_POINT('',(2.6645352591E-15,8.881784197001E-16,2.));
#13817 = DIRECTION('',(0.,0.,-1.));
#13818 = DIRECTION('',(-1.,2.8095161389E-18,0.));
#13819 = PCURVE('',#5997,#13820);
#13820 = DEFINITIONAL_REPRESENTATION('',(#13821),#13825);
#13821 = CIRCLE('',#13822,26.6);
#13822 = AXIS2_PLACEMENT_2D('',#13823,#13824);
#13823 = CARTESIAN_POINT('',(35.125,0.));
#13824 = DIRECTION('',(0.866025403784,0.5));
#13825 = ( GEOMETRIC_REPRESENTATION_CONTEXT(2) 
PARAMETRIC_REPRESENTATION_CONTEXT() REPRESENTATION_CONTEXT('2D SPACE',''
  ) );
#13826 = PCURVE('',#9090,#13827);
#13827 = DEFINITIONAL_REPRESENTATION('',(#13828),#13832);
#13828 = LINE('',#13829,#13830);
#13829 = CARTESIAN_POINT('',(0.,0.));
#13830 = VECTOR('',#13831,1.);
#13831 = DIRECTION('',(1.,0.));
#13832 = ( GEOMETRIC_REPRESENTATION_CONTEXT(2) 
PARAMETRIC_REPRESENTATION_CONTEXT() REPRESENTATION_CONTEXT('2D SPACE',''
  ) );
#13833 = ADVANCED_FACE('',(#13834),#6078,.T.);
#13834 = FACE_BOUND('',#13835,.T.);
#13835 = EDGE_LOOP('',(#13836,#13858,#13859,#13885));
#13836 = ORIENTED_EDGE('',*,*,#13837,.F.);
#13837 = EDGE_CURVE('',#6038,#6967,#13838,.T.);
#13838 = SURFACE_CURVE('',#13839,(#13844,#13851),.PCURVE_S1.);
#13839 = CIRCLE('',#13840,27.4);
#13840 = AXIS2_PLACEMENT_3D('',#13841,#13842,#13843);
#13841 = CARTESIAN_POINT('',(3.552713678801E-15,-3.552713678801E-15,2.)
  );
#13842 = DIRECTION('',(0.,0.,1.));
#13843 = DIRECTION('',(1.,7.957102907278E-17,-0.));
#13844 = PCURVE('',#6078,#13845);
#13845 = DEFINITIONAL_REPRESENTATION('',(#13846),#13850);
#13846 = CIRCLE('',#13847,27.4);
#13847 = AXIS2_PLACEMENT_2D('',#13848,#13849);
#13848 = CARTESIAN_POINT('',(6.360719084657E-15,-7.260316561842E-15));
#13849 = DIRECTION('',(1.,7.957102907278E-17));
#13850 = ( GEOMETRIC_REPRESENTATION_CONTEXT(2) 
PARAMETRIC_REPRESENTATION_CONTEXT() REPRESENTATION_CONTEXT('2D SPACE',''
  ) );
#13851 = PCURVE('',#8692,#13852);
#13852 = DEFINITIONAL_REPRESENTATION('',(#13853),#13857);
#13853 = LINE('',#13854,#13855);
#13854 = CARTESIAN_POINT('',(-0.,0.));
#13855 = VECTOR('',#13856,1.);
#13856 = DIRECTION('',(-1.,0.));
#13857 = ( GEOMETRIC_REPRESENTATION_CONTEXT(2) 
PARAMETRIC_REPRESENTATION_CONTEXT() REPRESENTATION_CONTEXT('2D SPACE',''
  ) );
#13858 = ORIENTED_EDGE('',*,*,#6061,.T.);
#13859 = ORIENTED_EDGE('',*,*,#13860,.F.);
#13860 = EDGE_CURVE('',#6938,#6062,#13861,.T.);
#13861 = SURFACE_CURVE('',#13862,(#13867,#13878),.PCURVE_S1.);
#13862 = CIRCLE('',#13863,28.8);
#13863 = AXIS2_PLACEMENT_3D('',#13864,#13865,#13866);
#13864 = CARTESIAN_POINT('',(-3.552713678801E-15,-4.440892098501E-15,2.)
  );
#13865 = DIRECTION('',(0.,0.,-1.));
#13866 = DIRECTION('',(-1.,1.364504165456E-16,0.));
#13867 = PCURVE('',#6078,#13868);
#13868 = DEFINITIONAL_REPRESENTATION('',(#13869),#13877);
#13869 = ( BOUNDED_CURVE() B_SPLINE_CURVE(2,(#13870,#13871,#13872,#13873
    ,#13874,#13875,#13876),.UNSPECIFIED.,.T.,.F.) 
B_SPLINE_CURVE_WITH_KNOTS((1,2,2,2,2,1),(-2.094395102393,0.,
    2.094395102393,4.188790204786,6.28318530718,8.377580409573),
.UNSPECIFIED.) CURVE() GEOMETRIC_REPRESENTATION_ITEM() 
RATIONAL_B_SPLINE_CURVE((1.,0.5,1.,0.5,1.,0.5,1.)) REPRESENTATION_ITEM(
  '') );
#13870 = CARTESIAN_POINT('',(-28.8,-4.21872298503E-15));
#13871 = CARTESIAN_POINT('',(-28.8,49.883063257984));
#13872 = CARTESIAN_POINT('',(14.4,24.941531628992));
#13873 = CARTESIAN_POINT('',(57.6,-8.954073411477E-15));
#13874 = CARTESIAN_POINT('',(14.4,-24.94153162899));
#13875 = CARTESIAN_POINT('',(-28.8,-49.88306325798));
#13876 = CARTESIAN_POINT('',(-28.8,-4.21872298503E-15));
#13877 = ( GEOMETRIC_REPRESENTATION_CONTEXT(2) 
PARAMETRIC_REPRESENTATION_CONTEXT() REPRESENTATION_CONTEXT('2D SPACE',''
  ) );
#13878 = PCURVE('',#8726,#13879);
#13879 = DEFINITIONAL_REPRESENTATION('',(#13880),#13884);
#13880 = LINE('',#13881,#13882);
#13881 = CARTESIAN_POINT('',(0.,0.));
#13882 = VECTOR('',#13883,1.);
#13883 = DIRECTION('',(1.,0.));
#13884 = ( GEOMETRIC_REPRESENTATION_CONTEXT(2) 
PARAMETRIC_REPRESENTATION_CONTEXT() REPRESENTATION_CONTEXT('2D SPACE',''
  ) );
#13885 = ORIENTED_EDGE('',*,*,#6966,.T.);
#13886 = ADVANCED_FACE('',(#13887),#6205,.T.);
#13887 = FACE_BOUND('',#13888,.T.);
#13888 = EDGE_LOOP('',(#13889,#13911,#13912,#13938));
#13889 = ORIENTED_EDGE('',*,*,#13890,.F.);
#13890 = EDGE_CURVE('',#6699,#6190,#13891,.T.);
#13891 = SURFACE_CURVE('',#13892,(#13897,#13904),.PCURVE_S1.);
#13892 = CIRCLE('',#13893,39.8);
#13893 = AXIS2_PLACEMENT_3D('',#13894,#13895,#13896);
#13894 = CARTESIAN_POINT('',(3.552713678801E-15,0.,2.));
#13895 = DIRECTION('',(0.,0.,-1.));
#13896 = DIRECTION('',(-1.,-8.329561164686E-18,-0.));
#13897 = PCURVE('',#6205,#13898);
#13898 = DEFINITIONAL_REPRESENTATION('',(#13899),#13903);
#13899 = CIRCLE('',#13900,39.8);
#13900 = AXIS2_PLACEMENT_2D('',#13901,#13902);
#13901 = CARTESIAN_POINT('',(35.125,0.));
#13902 = DIRECTION('',(0.866025403784,0.5));
#13903 = ( GEOMETRIC_REPRESENTATION_CONTEXT(2) 
PARAMETRIC_REPRESENTATION_CONTEXT() REPRESENTATION_CONTEXT('2D SPACE',''
  ) );
#13904 = PCURVE('',#9553,#13905);
#13905 = DEFINITIONAL_REPRESENTATION('',(#13906),#13910);
#13906 = LINE('',#13907,#13908);
#13907 = CARTESIAN_POINT('',(0.,0.));
#13908 = VECTOR('',#13909,1.);
#13909 = DIRECTION('',(1.,0.));
#13910 = ( GEOMETRIC_REPRESENTATION_CONTEXT(2) 
PARAMETRIC_REPRESENTATION_CONTEXT() REPRESENTATION_CONTEXT('2D SPACE',''
  ) );
#13911 = ORIENTED_EDGE('',*,*,#6726,.T.);
#13912 = ORIENTED_EDGE('',*,*,#13913,.F.);
#13913 = EDGE_CURVE('',#6167,#6727,#13914,.T.);
#13914 = SURFACE_CURVE('',#13915,(#13920,#13931),.PCURVE_S1.);
#13915 = CIRCLE('',#13916,40.6);
#13916 = AXIS2_PLACEMENT_3D('',#13917,#13918,#13919);
#13917 = CARTESIAN_POINT('',(0.,-3.552713678801E-15,2.));
#13918 = DIRECTION('',(0.,0.,1.));
#13919 = DIRECTION('',(1.,1.112441602971E-17,-0.));
#13920 = PCURVE('',#6205,#13921);
#13921 = DEFINITIONAL_REPRESENTATION('',(#13922),#13930);
#13922 = ( BOUNDED_CURVE() B_SPLINE_CURVE(2,(#13923,#13924,#13925,#13926
    ,#13927,#13928,#13929),.UNSPECIFIED.,.T.,.F.) 
B_SPLINE_CURVE_WITH_KNOTS((1,2,2,2,2,1),(-2.094395102393,0.,
    2.094395102393,4.188790204786,6.28318530718,8.377580409573),
.UNSPECIFIED.) CURVE() GEOMETRIC_REPRESENTATION_ITEM() 
RATIONAL_B_SPLINE_CURVE((1.,0.5,1.,0.5,1.,0.5,1.)) REPRESENTATION_ITEM(
  '') );
#13923 = CARTESIAN_POINT('',(-3.563139364821E-02,-20.3));
#13924 = CARTESIAN_POINT('',(-35.19626278729,40.6));
#13925 = CARTESIAN_POINT('',(35.125,40.6));
#13926 = CARTESIAN_POINT('',(105.44626278729,40.6));
#13927 = CARTESIAN_POINT('',(70.285631393648,-20.3));
#13928 = CARTESIAN_POINT('',(35.125,-81.2));
#13929 = CARTESIAN_POINT('',(-3.563139364821E-02,-20.3));
#13930 = ( GEOMETRIC_REPRESENTATION_CONTEXT(2) 
PARAMETRIC_REPRESENTATION_CONTEXT() REPRESENTATION_CONTEXT('2D SPACE',''
  ) );
#13931 = PCURVE('',#7911,#13932);
#13932 = DEFINITIONAL_REPRESENTATION('',(#13933),#13937);
#13933 = LINE('',#13934,#13935);
#13934 = CARTESIAN_POINT('',(-0.,0.));
#13935 = VECTOR('',#13936,1.);
#13936 = DIRECTION('',(-1.,0.));
#13937 = ( GEOMETRIC_REPRESENTATION_CONTEXT(2) 
PARAMETRIC_REPRESENTATION_CONTEXT() REPRESENTATION_CONTEXT('2D SPACE',''
  ) );
#13938 = ORIENTED_EDGE('',*,*,#6189,.T.);
#13939 = ADVANCED_FACE('',(#13940),#6256,.T.);
#13940 = FACE_BOUND('',#13941,.T.);
#13941 = EDGE_LOOP('',(#13942,#13964,#13965,#13991));
#13942 = ORIENTED_EDGE('',*,*,#13943,.F.);
#13943 = EDGE_CURVE('',#6648,#6241,#13944,.T.);
#13944 = SURFACE_CURVE('',#13945,(#13950,#13957),.PCURVE_S1.);
#13945 = CIRCLE('',#13946,37.6);
#13946 = AXIS2_PLACEMENT_3D('',#13947,#13948,#13949);
#13947 = CARTESIAN_POINT('',(-1.7763568394E-15,-1.7763568394E-15,2.));
#13948 = DIRECTION('',(0.,0.,-1.));
#13949 = DIRECTION('',(-1.,-1.227639199325E-16,-0.));
#13950 = PCURVE('',#6256,#13951);
#13951 = DEFINITIONAL_REPRESENTATION('',(#13952),#13956);
#13952 = CIRCLE('',#13953,37.6);
#13953 = AXIS2_PLACEMENT_2D('',#13954,#13955);
#13954 = CARTESIAN_POINT('',(35.125,-1.7763568394E-15));
#13955 = DIRECTION('',(0.866025403784,0.5));
#13956 = ( GEOMETRIC_REPRESENTATION_CONTEXT(2) 
PARAMETRIC_REPRESENTATION_CONTEXT() REPRESENTATION_CONTEXT('2D SPACE',''
  ) );
#13957 = PCURVE('',#9731,#13958);
#13958 = DEFINITIONAL_REPRESENTATION('',(#13959),#13963);
#13959 = LINE('',#13960,#13961);
#13960 = CARTESIAN_POINT('',(0.,0.));
#13961 = VECTOR('',#13962,1.);
#13962 = DIRECTION('',(1.,0.));
#13963 = ( GEOMETRIC_REPRESENTATION_CONTEXT(2) 
PARAMETRIC_REPRESENTATION_CONTEXT() REPRESENTATION_CONTEXT('2D SPACE',''
  ) );
#13964 = ORIENTED_EDGE('',*,*,#6675,.T.);
#13965 = ORIENTED_EDGE('',*,*,#13966,.F.);
#13966 = EDGE_CURVE('',#6218,#6676,#13967,.T.);
#13967 = SURFACE_CURVE('',#13968,(#13973,#13984),.PCURVE_S1.);
#13968 = CIRCLE('',#13969,38.4);
#13969 = AXIS2_PLACEMENT_3D('',#13970,#13971,#13972);
#13970 = CARTESIAN_POINT('',(1.7763568394E-15,-5.329070518201E-15,2.));
#13971 = DIRECTION('',(0.,0.,1.));
#13972 = DIRECTION('',(1.,1.087000314356E-16,-0.));
#13973 = PCURVE('',#6256,#13974);
#13974 = DEFINITIONAL_REPRESENTATION('',(#13975),#13983);
#13975 = ( BOUNDED_CURVE() B_SPLINE_CURVE(2,(#13976,#13977,#13978,#13979
    ,#13980,#13981,#13982),.UNSPECIFIED.,.T.,.F.) 
B_SPLINE_CURVE_WITH_KNOTS((1,2,2,2,2,1),(-2.094395102393,0.,
    2.094395102393,4.188790204786,6.28318530718,8.377580409573),
.UNSPECIFIED.) CURVE() GEOMETRIC_REPRESENTATION_ITEM() 
RATIONAL_B_SPLINE_CURVE((1.,0.5,1.,0.5,1.,0.5,1.)) REPRESENTATION_ITEM(
  '') );
#13976 = CARTESIAN_POINT('',(1.869624494678,-19.2));
#13977 = CARTESIAN_POINT('',(-31.38575101064,38.4));
#13978 = CARTESIAN_POINT('',(35.125,38.4));
#13979 = CARTESIAN_POINT('',(101.63575101064,38.4));
#13980 = CARTESIAN_POINT('',(68.380375505322,-19.2));
#13981 = CARTESIAN_POINT('',(35.125,-76.8));
#13982 = CARTESIAN_POINT('',(1.869624494678,-19.2));
#13983 = ( GEOMETRIC_REPRESENTATION_CONTEXT(2) 
PARAMETRIC_REPRESENTATION_CONTEXT() REPRESENTATION_CONTEXT('2D SPACE',''
  ) );
#13984 = PCURVE('',#9519,#13985);
#13985 = DEFINITIONAL_REPRESENTATION('',(#13986),#13990);
#13986 = LINE('',#13987,#13988);
#13987 = CARTESIAN_POINT('',(-0.,0.));
#13988 = VECTOR('',#13989,1.);
#13989 = DIRECTION('',(-1.,0.));
#13990 = ( GEOMETRIC_REPRESENTATION_CONTEXT(2) 
PARAMETRIC_REPRESENTATION_CONTEXT() REPRESENTATION_CONTEXT('2D SPACE',''
  ) );
#13991 = ORIENTED_EDGE('',*,*,#6240,.T.);
#13992 = ADVANCED_FACE('',(#13993),#6307,.T.);
#13993 = FACE_BOUND('',#13994,.T.);
#13994 = EDGE_LOOP('',(#13995,#14017,#14018,#14044));
#13995 = ORIENTED_EDGE('',*,*,#13996,.F.);
#13996 = EDGE_CURVE('',#6597,#6292,#13997,.T.);
#13997 = SURFACE_CURVE('',#13998,(#14003,#14010),.PCURVE_S1.);
#13998 = CIRCLE('',#13999,35.4);
#13999 = AXIS2_PLACEMENT_3D('',#14000,#14001,#14002);
#14000 = CARTESIAN_POINT('',(-1.7763568394E-15,-1.7763568394E-15,2.));
#14001 = DIRECTION('',(0.,0.,-1.));
#14002 = DIRECTION('',(-1.,-2.299277132208E-16,-0.));
#14003 = PCURVE('',#6307,#14004);
#14004 = DEFINITIONAL_REPRESENTATION('',(#14005),#14009);
#14005 = CIRCLE('',#14006,35.4);
#14006 = AXIS2_PLACEMENT_2D('',#14007,#14008);
#14007 = CARTESIAN_POINT('',(35.125,-1.7763568394E-15));
#14008 = DIRECTION('',(0.866025403784,0.5));
#14009 = ( GEOMETRIC_REPRESENTATION_CONTEXT(2) 
PARAMETRIC_REPRESENTATION_CONTEXT() REPRESENTATION_CONTEXT('2D SPACE',''
  ) );
#14010 = PCURVE('',#9909,#14011);
#14011 = DEFINITIONAL_REPRESENTATION('',(#14012),#14016);
#14012 = LINE('',#14013,#14014);
#14013 = CARTESIAN_POINT('',(0.,0.));
#14014 = VECTOR('',#14015,1.);
#14015 = DIRECTION('',(1.,0.));
#14016 = ( GEOMETRIC_REPRESENTATION_CONTEXT(2) 
PARAMETRIC_REPRESENTATION_CONTEXT() REPRESENTATION_CONTEXT('2D SPACE',''
  ) );
#14017 = ORIENTED_EDGE('',*,*,#6624,.T.);
#14018 = ORIENTED_EDGE('',*,*,#14019,.F.);
#14019 = EDGE_CURVE('',#6269,#6625,#14020,.T.);
#14020 = SURFACE_CURVE('',#14021,(#14026,#14037),.PCURVE_S1.);
#14021 = CIRCLE('',#14022,36.2);
#14022 = AXIS2_PLACEMENT_3D('',#14023,#14024,#14025);
#14023 = CARTESIAN_POINT('',(-3.552713678801E-15,5.329070518201E-15,2.)
  );
#14024 = DIRECTION('',(0.,0.,1.));
#14025 = DIRECTION('',(1.,-3.414335465613E-16,0.));
#14026 = PCURVE('',#6307,#14027);
#14027 = DEFINITIONAL_REPRESENTATION('',(#14028),#14036);
#14028 = ( BOUNDED_CURVE() B_SPLINE_CURVE(2,(#14029,#14030,#14031,#14032
    ,#14033,#14034,#14035),.UNSPECIFIED.,.T.,.F.) 
B_SPLINE_CURVE_WITH_KNOTS((1,2,2,2,2,1),(-2.094395102393,0.,
    2.094395102393,4.188790204786,6.28318530718,8.377580409573),
.UNSPECIFIED.) CURVE() GEOMETRIC_REPRESENTATION_ITEM() 
RATIONAL_B_SPLINE_CURVE((1.,0.5,1.,0.5,1.,0.5,1.)) REPRESENTATION_ITEM(
  '') );
#14029 = CARTESIAN_POINT('',(3.774880383003,-18.1));
#14030 = CARTESIAN_POINT('',(-27.57523923399,36.2));
#14031 = CARTESIAN_POINT('',(35.125,36.2));
#14032 = CARTESIAN_POINT('',(97.825239233993,36.2));
#14033 = CARTESIAN_POINT('',(66.475119616997,-18.1));
#14034 = CARTESIAN_POINT('',(35.125,-72.4));
#14035 = CARTESIAN_POINT('',(3.774880383003,-18.1));
#14036 = ( GEOMETRIC_REPRESENTATION_CONTEXT(2) 
PARAMETRIC_REPRESENTATION_CONTEXT() REPRESENTATION_CONTEXT('2D SPACE',''
  ) );
#14037 = PCURVE('',#9697,#14038);
#14038 = DEFINITIONAL_REPRESENTATION('',(#14039),#14043);
#14039 = LINE('',#14040,#14041);
#14040 = CARTESIAN_POINT('',(-0.,0.));
#14041 = VECTOR('',#14042,1.);
#14042 = DIRECTION('',(-1.,0.));
#14043 = ( GEOMETRIC_REPRESENTATION_CONTEXT(2) 
PARAMETRIC_REPRESENTATION_CONTEXT() REPRESENTATION_CONTEXT('2D SPACE',''
  ) );
#14044 = ORIENTED_EDGE('',*,*,#6291,.T.);
#14045 = ADVANCED_FACE('',(#14046),#6358,.T.);
#14046 = FACE_BOUND('',#14047,.T.);
#14047 = EDGE_LOOP('',(#14048,#14070,#14071,#14097));
#14048 = ORIENTED_EDGE('',*,*,#14049,.F.);
#14049 = EDGE_CURVE('',#6546,#6343,#14050,.T.);
#14050 = SURFACE_CURVE('',#14051,(#14056,#14063),.PCURVE_S1.);
#14051 = CIRCLE('',#14052,33.2);
#14052 = AXIS2_PLACEMENT_3D('',#14053,#14054,#14055);
#14053 = CARTESIAN_POINT('',(3.552713678801E-15,3.552713678801E-15,2.));
#14054 = DIRECTION('',(0.,0.,-1.));
#14055 = DIRECTION('',(-1.,-4.487612168275E-16,-0.));
#14056 = PCURVE('',#6358,#14057);
#14057 = DEFINITIONAL_REPRESENTATION('',(#14058),#14062);
#14058 = CIRCLE('',#14059,33.2);
#14059 = AXIS2_PLACEMENT_2D('',#14060,#14061);
#14060 = CARTESIAN_POINT('',(35.125,3.552713678801E-15));
#14061 = DIRECTION('',(0.866025403784,0.5));
#14062 = ( GEOMETRIC_REPRESENTATION_CONTEXT(2) 
PARAMETRIC_REPRESENTATION_CONTEXT() REPRESENTATION_CONTEXT('2D SPACE',''
  ) );
#14063 = PCURVE('',#10087,#14064);
#14064 = DEFINITIONAL_REPRESENTATION('',(#14065),#14069);
#14065 = LINE('',#14066,#14067);
#14066 = CARTESIAN_POINT('',(0.,0.));
#14067 = VECTOR('',#14068,1.);
#14068 = DIRECTION('',(1.,0.));
#14069 = ( GEOMETRIC_REPRESENTATION_CONTEXT(2) 
PARAMETRIC_REPRESENTATION_CONTEXT() REPRESENTATION_CONTEXT('2D SPACE',''
  ) );
#14070 = ORIENTED_EDGE('',*,*,#6573,.T.);
#14071 = ORIENTED_EDGE('',*,*,#14072,.F.);
#14072 = EDGE_CURVE('',#6320,#6574,#14073,.T.);
#14073 = SURFACE_CURVE('',#14074,(#14079,#14090),.PCURVE_S1.);
#14074 = CIRCLE('',#14075,34.);
#14075 = AXIS2_PLACEMENT_3D('',#14076,#14077,#14078);
#14076 = CARTESIAN_POINT('',(3.552713678801E-15,-3.552713678801E-15,2.)
  );
#14077 = DIRECTION('',(0.,0.,1.));
#14078 = DIRECTION('',(1.,-1.668806424356E-16,0.));
#14079 = PCURVE('',#6358,#14080);
#14080 = DEFINITIONAL_REPRESENTATION('',(#14081),#14089);
#14081 = ( BOUNDED_CURVE() B_SPLINE_CURVE(2,(#14082,#14083,#14084,#14085
    ,#14086,#14087,#14088),.UNSPECIFIED.,.T.,.F.) 
B_SPLINE_CURVE_WITH_KNOTS((1,2,2,2,2,1),(-2.094395102393,0.,
    2.094395102393,4.188790204786,6.28318530718,8.377580409573),
.UNSPECIFIED.) CURVE() GEOMETRIC_REPRESENTATION_ITEM() 
RATIONAL_B_SPLINE_CURVE((1.,0.5,1.,0.5,1.,0.5,1.)) REPRESENTATION_ITEM(
  '') );
#14082 = CARTESIAN_POINT('',(5.680136271329,-17.));
#14083 = CARTESIAN_POINT('',(-23.76472745734,34.));
#14084 = CARTESIAN_POINT('',(35.125,34.));
#14085 = CARTESIAN_POINT('',(94.014727457342,34.));
#14086 = CARTESIAN_POINT('',(64.569863728671,-17.));
#14087 = CARTESIAN_POINT('',(35.125,-68.));
#14088 = CARTESIAN_POINT('',(5.680136271329,-17.));
#14089 = ( GEOMETRIC_REPRESENTATION_CONTEXT(2) 
PARAMETRIC_REPRESENTATION_CONTEXT() REPRESENTATION_CONTEXT('2D SPACE',''
  ) );
#14090 = PCURVE('',#9875,#14091);
#14091 = DEFINITIONAL_REPRESENTATION('',(#14092),#14096);
#14092 = LINE('',#14093,#14094);
#14093 = CARTESIAN_POINT('',(-0.,0.));
#14094 = VECTOR('',#14095,1.);
#14095 = DIRECTION('',(-1.,0.));
#14096 = ( GEOMETRIC_REPRESENTATION_CONTEXT(2) 
PARAMETRIC_REPRESENTATION_CONTEXT() REPRESENTATION_CONTEXT('2D SPACE',''
  ) );
#14097 = ORIENTED_EDGE('',*,*,#6342,.T.);
#14098 = ADVANCED_FACE('',(#14099),#6409,.T.);
#14099 = FACE_BOUND('',#14100,.T.);
#14100 = EDGE_LOOP('',(#14101,#14123,#14124,#14150));
#14101 = ORIENTED_EDGE('',*,*,#14102,.F.);
#14102 = EDGE_CURVE('',#6495,#6394,#14103,.T.);
#14103 = SURFACE_CURVE('',#14104,(#14109,#14116),.PCURVE_S1.);
#14104 = CIRCLE('',#14105,31.);
#14105 = AXIS2_PLACEMENT_3D('',#14106,#14107,#14108);
#14106 = CARTESIAN_POINT('',(3.552713678801E-15,8.881784197001E-16,2.));
#14107 = DIRECTION('',(0.,0.,-1.));
#14108 = DIRECTION('',(-1.,-6.098052810315E-17,-0.));
#14109 = PCURVE('',#6409,#14110);
#14110 = DEFINITIONAL_REPRESENTATION('',(#14111),#14115);
#14111 = CIRCLE('',#14112,31.);
#14112 = AXIS2_PLACEMENT_2D('',#14113,#14114);
#14113 = CARTESIAN_POINT('',(35.125,0.));
#14114 = DIRECTION('',(0.866025403784,0.5));
#14115 = ( GEOMETRIC_REPRESENTATION_CONTEXT(2) 
PARAMETRIC_REPRESENTATION_CONTEXT() REPRESENTATION_CONTEXT('2D SPACE',''
  ) );
#14116 = PCURVE('',#10265,#14117);
#14117 = DEFINITIONAL_REPRESENTATION('',(#14118),#14122);
#14118 = LINE('',#14119,#14120);
#14119 = CARTESIAN_POINT('',(0.,0.));
#14120 = VECTOR('',#14121,1.);
#14121 = DIRECTION('',(1.,0.));
#14122 = ( GEOMETRIC_REPRESENTATION_CONTEXT(2) 
PARAMETRIC_REPRESENTATION_CONTEXT() REPRESENTATION_CONTEXT('2D SPACE',''
  ) );
#14123 = ORIENTED_EDGE('',*,*,#6522,.T.);
#14124 = ORIENTED_EDGE('',*,*,#14125,.F.);
#14125 = EDGE_CURVE('',#6371,#6523,#14126,.T.);
#14126 = SURFACE_CURVE('',#14127,(#14132,#14143),.PCURVE_S1.);
#14127 = CIRCLE('',#14128,31.8);
#14128 = AXIS2_PLACEMENT_3D('',#14129,#14130,#14131);
#14129 = CARTESIAN_POINT('',(8.881784197001E-16,-3.552713678801E-15,2.)
  );
#14130 = DIRECTION('',(0.,0.,1.));
#14131 = DIRECTION('',(1.,8.330827787858E-17,-0.));
#14132 = PCURVE('',#6409,#14133);
#14133 = DEFINITIONAL_REPRESENTATION('',(#14134),#14142);
#14134 = ( BOUNDED_CURVE() B_SPLINE_CURVE(2,(#14135,#14136,#14137,#14138
    ,#14139,#14140,#14141),.UNSPECIFIED.,.T.,.F.) 
B_SPLINE_CURVE_WITH_KNOTS((1,2,2,2,2,1),(-2.094395102393,0.,
    2.094395102393,4.188790204786,6.28318530718,8.377580409573),
.UNSPECIFIED.) CURVE() GEOMETRIC_REPRESENTATION_ITEM() 
RATIONAL_B_SPLINE_CURVE((1.,0.5,1.,0.5,1.,0.5,1.)) REPRESENTATION_ITEM(
  '') );
#14135 = CARTESIAN_POINT('',(7.585392159655,-15.9));
#14136 = CARTESIAN_POINT('',(-19.95421568069,31.8));
#14137 = CARTESIAN_POINT('',(35.125,31.8));
#14138 = CARTESIAN_POINT('',(90.20421568069,31.8));
#14139 = CARTESIAN_POINT('',(62.664607840345,-15.9));
#14140 = CARTESIAN_POINT('',(35.125,-63.6));
#14141 = CARTESIAN_POINT('',(7.585392159655,-15.9));
#14142 = ( GEOMETRIC_REPRESENTATION_CONTEXT(2) 
PARAMETRIC_REPRESENTATION_CONTEXT() REPRESENTATION_CONTEXT('2D SPACE',''
  ) );
#14143 = PCURVE('',#10053,#14144);
#14144 = DEFINITIONAL_REPRESENTATION('',(#14145),#14149);
#14145 = LINE('',#14146,#14147);
#14146 = CARTESIAN_POINT('',(-0.,0.));
#14147 = VECTOR('',#14148,1.);
#14148 = DIRECTION('',(-1.,0.));
#14149 = ( GEOMETRIC_REPRESENTATION_CONTEXT(2) 
PARAMETRIC_REPRESENTATION_CONTEXT() REPRESENTATION_CONTEXT('2D SPACE',''
  ) );
#14150 = ORIENTED_EDGE('',*,*,#6393,.T.);
#14151 = ADVANCED_FACE('',(#14152),#6510,.T.);
#14152 = FACE_BOUND('',#14153,.T.);
#14153 = EDGE_LOOP('',(#14154,#14176,#14177,#14203));
#14154 = ORIENTED_EDGE('',*,*,#14155,.F.);
#14155 = EDGE_CURVE('',#6472,#7431,#14156,.T.);
#14156 = SURFACE_CURVE('',#14157,(#14162,#14169),.PCURVE_S1.);
#14157 = CIRCLE('',#14158,29.6);
#14158 = AXIS2_PLACEMENT_3D('',#14159,#14160,#14161);
#14159 = CARTESIAN_POINT('',(-3.552713678801E-15,1.7763568394E-15,2.));
#14160 = DIRECTION('',(0.,0.,1.));
#14161 = DIRECTION('',(1.,-2.851448545394E-16,0.));
#14162 = PCURVE('',#6510,#14163);
#14163 = DEFINITIONAL_REPRESENTATION('',(#14164),#14168);
#14164 = CIRCLE('',#14165,29.6);
#14165 = AXIS2_PLACEMENT_2D('',#14166,#14167);
#14166 = CARTESIAN_POINT('',(-7.447082729441E-16,-1.931246043641E-15));
#14167 = DIRECTION('',(1.,-2.851448545394E-16));
#14168 = ( GEOMETRIC_REPRESENTATION_CONTEXT(2) 
PARAMETRIC_REPRESENTATION_CONTEXT() REPRESENTATION_CONTEXT('2D SPACE',''
  ) );
#14169 = PCURVE('',#10231,#14170);
#14170 = DEFINITIONAL_REPRESENTATION('',(#14171),#14175);
#14171 = LINE('',#14172,#14173);
#14172 = CARTESIAN_POINT('',(-0.,0.));
#14173 = VECTOR('',#14174,1.);
#14174 = DIRECTION('',(-1.,0.));
#14175 = ( GEOMETRIC_REPRESENTATION_CONTEXT(2) 
PARAMETRIC_REPRESENTATION_CONTEXT() REPRESENTATION_CONTEXT('2D SPACE',''
  ) );
#14176 = ORIENTED_EDGE('',*,*,#6494,.T.);
#14177 = ORIENTED_EDGE('',*,*,#14178,.F.);
#14178 = EDGE_CURVE('',#7403,#6495,#14179,.T.);
#14179 = SURFACE_CURVE('',#14180,(#14185,#14196),.PCURVE_S1.);
#14180 = CIRCLE('',#14181,31.);
#14181 = AXIS2_PLACEMENT_3D('',#14182,#14183,#14184);
#14182 = CARTESIAN_POINT('',(3.552713678801E-15,8.881784197001E-16,2.));
#14183 = DIRECTION('',(0.,0.,-1.));
#14184 = DIRECTION('',(-1.,-6.098052810315E-17,-0.));
#14185 = PCURVE('',#6510,#14186);
#14186 = DEFINITIONAL_REPRESENTATION('',(#14187),#14195);
#14187 = ( BOUNDED_CURVE() B_SPLINE_CURVE(2,(#14188,#14189,#14190,#14191
    ,#14192,#14193,#14194),.UNSPECIFIED.,.T.,.F.) 
B_SPLINE_CURVE_WITH_KNOTS((1,2,2,2,2,1),(-2.094395102393,0.,
    2.094395102393,4.188790204786,6.28318530718,8.377580409573),
.UNSPECIFIED.) CURVE() GEOMETRIC_REPRESENTATION_ITEM() 
RATIONAL_B_SPLINE_CURVE((1.,0.5,1.,0.5,1.,0.5,1.)) REPRESENTATION_ITEM(
  '') );
#14188 = CARTESIAN_POINT('',(-31.,-4.709820834539E-15));
#14189 = CARTESIAN_POINT('',(-31.,53.693575034635));
#14190 = CARTESIAN_POINT('',(15.5,26.846787517318));
#14191 = CARTESIAN_POINT('',(62.,8.554178433768E-15));
#14192 = CARTESIAN_POINT('',(15.5,-26.84678751731));
#14193 = CARTESIAN_POINT('',(-31.,-53.69357503463));
#14194 = CARTESIAN_POINT('',(-31.,-4.709820834539E-15));
#14195 = ( GEOMETRIC_REPRESENTATION_CONTEXT(2) 
PARAMETRIC_REPRESENTATION_CONTEXT() REPRESENTATION_CONTEXT('2D SPACE',''
  ) );
#14196 = PCURVE('',#10265,#14197);
#14197 = DEFINITIONAL_REPRESENTATION('',(#14198),#14202);
#14198 = LINE('',#14199,#14200);
#14199 = CARTESIAN_POINT('',(0.,0.));
#14200 = VECTOR('',#14201,1.);
#14201 = DIRECTION('',(1.,0.));
#14202 = ( GEOMETRIC_REPRESENTATION_CONTEXT(2) 
PARAMETRIC_REPRESENTATION_CONTEXT() REPRESENTATION_CONTEXT('2D SPACE',''
  ) );
#14203 = ORIENTED_EDGE('',*,*,#7430,.T.);
#14204 = ADVANCED_FACE('',(#14205),#6561,.T.);
#14205 = FACE_BOUND('',#14206,.T.);
#14206 = EDGE_LOOP('',(#14207,#14229,#14230,#14256));
#14207 = ORIENTED_EDGE('',*,*,#14208,.F.);
#14208 = EDGE_CURVE('',#6523,#7380,#14209,.T.);
#14209 = SURFACE_CURVE('',#14210,(#14215,#14222),.PCURVE_S1.);
#14210 = CIRCLE('',#14211,31.8);
#14211 = AXIS2_PLACEMENT_3D('',#14212,#14213,#14214);
#14212 = CARTESIAN_POINT('',(8.881784197001E-16,-3.552713678801E-15,2.)
  );
#14213 = DIRECTION('',(0.,0.,1.));
#14214 = DIRECTION('',(1.,8.330827787858E-17,-0.));
#14215 = PCURVE('',#6561,#14216);
#14216 = DEFINITIONAL_REPRESENTATION('',(#14217),#14221);
#14217 = CIRCLE('',#14218,31.8);
#14218 = AXIS2_PLACEMENT_2D('',#14219,#14220);
#14219 = CARTESIAN_POINT('',(3.696183825556E-15,-7.260316561842E-15));
#14220 = DIRECTION('',(1.,8.330827787858E-17));
#14221 = ( GEOMETRIC_REPRESENTATION_CONTEXT(2) 
PARAMETRIC_REPRESENTATION_CONTEXT() REPRESENTATION_CONTEXT('2D SPACE',''
  ) );
#14222 = PCURVE('',#10053,#14223);
#14223 = DEFINITIONAL_REPRESENTATION('',(#14224),#14228);
#14224 = LINE('',#14225,#14226);
#14225 = CARTESIAN_POINT('',(-0.,0.));
#14226 = VECTOR('',#14227,1.);
#14227 = DIRECTION('',(-1.,0.));
#14228 = ( GEOMETRIC_REPRESENTATION_CONTEXT(2) 
PARAMETRIC_REPRESENTATION_CONTEXT() REPRESENTATION_CONTEXT('2D SPACE',''
  ) );
#14229 = ORIENTED_EDGE('',*,*,#6545,.T.);
#14230 = ORIENTED_EDGE('',*,*,#14231,.F.);
#14231 = EDGE_CURVE('',#7352,#6546,#14232,.T.);
#14232 = SURFACE_CURVE('',#14233,(#14238,#14249),.PCURVE_S1.);
#14233 = CIRCLE('',#14234,33.2);
#14234 = AXIS2_PLACEMENT_3D('',#14235,#14236,#14237);
#14235 = CARTESIAN_POINT('',(3.552713678801E-15,3.552713678801E-15,2.));
#14236 = DIRECTION('',(0.,0.,-1.));
#14237 = DIRECTION('',(-1.,-4.487612168275E-16,-0.));
#14238 = PCURVE('',#6561,#14239);
#14239 = DEFINITIONAL_REPRESENTATION('',(#14240),#14248);
#14240 = ( BOUNDED_CURVE() B_SPLINE_CURVE(2,(#14241,#14242,#14243,#14244
    ,#14245,#14246,#14247),.UNSPECIFIED.,.T.,.F.) 
B_SPLINE_CURVE_WITH_KNOTS((1,2,2,2,2,1),(-2.094395102393,0.,
    2.094395102393,4.188790204786,6.28318530718,8.377580409573),
.UNSPECIFIED.) CURVE() GEOMETRIC_REPRESENTATION_ITEM() 
RATIONAL_B_SPLINE_CURVE((1.,0.5,1.,0.5,1.,0.5,1.)) REPRESENTATION_ITEM(
  '') );
#14241 = CARTESIAN_POINT('',(-33.2,-1.505376160291E-14));
#14242 = CARTESIAN_POINT('',(-33.2,57.504086811287));
#14243 = CARTESIAN_POINT('',(16.6,28.752043405643));
#14244 = CARTESIAN_POINT('',(66.4,3.777451033944E-14));
#14245 = CARTESIAN_POINT('',(16.6,-28.75204340564));
#14246 = CARTESIAN_POINT('',(-33.2,-57.50408681128));
#14247 = CARTESIAN_POINT('',(-33.2,-1.505376160291E-14));
#14248 = ( GEOMETRIC_REPRESENTATION_CONTEXT(2) 
PARAMETRIC_REPRESENTATION_CONTEXT() REPRESENTATION_CONTEXT('2D SPACE',''
  ) );
#14249 = PCURVE('',#10087,#14250);
#14250 = DEFINITIONAL_REPRESENTATION('',(#14251),#14255);
#14251 = LINE('',#14252,#14253);
#14252 = CARTESIAN_POINT('',(0.,0.));
#14253 = VECTOR('',#14254,1.);
#14254 = DIRECTION('',(1.,0.));
#14255 = ( GEOMETRIC_REPRESENTATION_CONTEXT(2) 
PARAMETRIC_REPRESENTATION_CONTEXT() REPRESENTATION_CONTEXT('2D SPACE',''
  ) );
#14256 = ORIENTED_EDGE('',*,*,#7379,.T.);
#14257 = ADVANCED_FACE('',(#14258),#6612,.T.);
#14258 = FACE_BOUND('',#14259,.T.);
#14259 = EDGE_LOOP('',(#14260,#14282,#14283,#14309));
#14260 = ORIENTED_EDGE('',*,*,#14261,.F.);
#14261 = EDGE_CURVE('',#6574,#7329,#14262,.T.);
#14262 = SURFACE_CURVE('',#14263,(#14268,#14275),.PCURVE_S1.);
#14263 = CIRCLE('',#14264,34.);
#14264 = AXIS2_PLACEMENT_3D('',#14265,#14266,#14267);
#14265 = CARTESIAN_POINT('',(3.552713678801E-15,-3.552713678801E-15,2.)
  );
#14266 = DIRECTION('',(0.,0.,1.));
#14267 = DIRECTION('',(1.,-1.668806424356E-16,0.));
#14268 = PCURVE('',#6612,#14269);
#14269 = DEFINITIONAL_REPRESENTATION('',(#14270),#14274);
#14270 = CIRCLE('',#14271,34.);
#14271 = AXIS2_PLACEMENT_2D('',#14272,#14273);
#14272 = CARTESIAN_POINT('',(6.360719084657E-15,-7.260316561842E-15));
#14273 = DIRECTION('',(1.,-1.668806424356E-16));
#14274 = ( GEOMETRIC_REPRESENTATION_CONTEXT(2) 
PARAMETRIC_REPRESENTATION_CONTEXT() REPRESENTATION_CONTEXT('2D SPACE',''
  ) );
#14275 = PCURVE('',#9875,#14276);
#14276 = DEFINITIONAL_REPRESENTATION('',(#14277),#14281);
#14277 = LINE('',#14278,#14279);
#14278 = CARTESIAN_POINT('',(-0.,0.));
#14279 = VECTOR('',#14280,1.);
#14280 = DIRECTION('',(-1.,0.));
#14281 = ( GEOMETRIC_REPRESENTATION_CONTEXT(2) 
PARAMETRIC_REPRESENTATION_CONTEXT() REPRESENTATION_CONTEXT('2D SPACE',''
  ) );
#14282 = ORIENTED_EDGE('',*,*,#6596,.T.);
#14283 = ORIENTED_EDGE('',*,*,#14284,.F.);
#14284 = EDGE_CURVE('',#7301,#6597,#14285,.T.);
#14285 = SURFACE_CURVE('',#14286,(#14291,#14302),.PCURVE_S1.);
#14286 = CIRCLE('',#14287,35.4);
#14287 = AXIS2_PLACEMENT_3D('',#14288,#14289,#14290);
#14288 = CARTESIAN_POINT('',(-1.7763568394E-15,-1.7763568394E-15,2.));
#14289 = DIRECTION('',(0.,0.,-1.));
#14290 = DIRECTION('',(-1.,-2.299277132208E-16,-0.));
#14291 = PCURVE('',#6612,#14292);
#14292 = DEFINITIONAL_REPRESENTATION('',(#14293),#14301);
#14293 = ( BOUNDED_CURVE() B_SPLINE_CURVE(2,(#14294,#14295,#14296,#14297
    ,#14298,#14299,#14300),.UNSPECIFIED.,.T.,.F.) 
B_SPLINE_CURVE_WITH_KNOTS((1,2,2,2,2,1),(-2.094395102393,0.,
    2.094395102393,4.188790204786,6.28318530718,8.377580409573),
.UNSPECIFIED.) CURVE() GEOMETRIC_REPRESENTATION_ITEM() 
RATIONAL_B_SPLINE_CURVE((1.,0.5,1.,0.5,1.,0.5,1.)) REPRESENTATION_ITEM(
  '') );
#14294 = CARTESIAN_POINT('',(-35.4,-1.362340077046E-14));
#14295 = CARTESIAN_POINT('',(-35.4,61.314598587938));
#14296 = CARTESIAN_POINT('',(17.7,30.657299293969));
#14297 = CARTESIAN_POINT('',(70.8,1.946542171155E-14));
#14298 = CARTESIAN_POINT('',(17.7,-30.65729929396));
#14299 = CARTESIAN_POINT('',(-35.4,-61.31459858793));
#14300 = CARTESIAN_POINT('',(-35.4,-1.362340077046E-14));
#14301 = ( GEOMETRIC_REPRESENTATION_CONTEXT(2) 
PARAMETRIC_REPRESENTATION_CONTEXT() REPRESENTATION_CONTEXT('2D SPACE',''
  ) );
#14302 = PCURVE('',#9909,#14303);
#14303 = DEFINITIONAL_REPRESENTATION('',(#14304),#14308);
#14304 = LINE('',#14305,#14306);
#14305 = CARTESIAN_POINT('',(0.,0.));
#14306 = VECTOR('',#14307,1.);
#14307 = DIRECTION('',(1.,0.));
#14308 = ( GEOMETRIC_REPRESENTATION_CONTEXT(2) 
PARAMETRIC_REPRESENTATION_CONTEXT() REPRESENTATION_CONTEXT('2D SPACE',''
  ) );
#14309 = ORIENTED_EDGE('',*,*,#7328,.T.);
#14310 = ADVANCED_FACE('',(#14311),#6663,.T.);
#14311 = FACE_BOUND('',#14312,.T.);
#14312 = EDGE_LOOP('',(#14313,#14335,#14336,#14362));
#14313 = ORIENTED_EDGE('',*,*,#14314,.F.);
#14314 = EDGE_CURVE('',#6625,#7278,#14315,.T.);
#14315 = SURFACE_CURVE('',#14316,(#14321,#14328),.PCURVE_S1.);
#14316 = CIRCLE('',#14317,36.2);
#14317 = AXIS2_PLACEMENT_3D('',#14318,#14319,#14320);
#14318 = CARTESIAN_POINT('',(-3.552713678801E-15,5.329070518201E-15,2.)
  );
#14319 = DIRECTION('',(0.,0.,1.));
#14320 = DIRECTION('',(1.,-3.414335465613E-16,0.));
#14321 = PCURVE('',#6663,#14322);
#14322 = DEFINITIONAL_REPRESENTATION('',(#14323),#14327);
#14323 = CIRCLE('',#14324,36.2);
#14324 = AXIS2_PLACEMENT_2D('',#14325,#14326);
#14325 = CARTESIAN_POINT('',(-7.447082729441E-16,1.621467635159E-15));
#14326 = DIRECTION('',(1.,-3.414335465613E-16));
#14327 = ( GEOMETRIC_REPRESENTATION_CONTEXT(2) 
PARAMETRIC_REPRESENTATION_CONTEXT() REPRESENTATION_CONTEXT('2D SPACE',''
  ) );
#14328 = PCURVE('',#9697,#14329);
#14329 = DEFINITIONAL_REPRESENTATION('',(#14330),#14334);
#14330 = LINE('',#14331,#14332);
#14331 = CARTESIAN_POINT('',(-0.,0.));
#14332 = VECTOR('',#14333,1.);
#14333 = DIRECTION('',(-1.,0.));
#14334 = ( GEOMETRIC_REPRESENTATION_CONTEXT(2) 
PARAMETRIC_REPRESENTATION_CONTEXT() REPRESENTATION_CONTEXT('2D SPACE',''
  ) );
#14335 = ORIENTED_EDGE('',*,*,#6647,.T.);
#14336 = ORIENTED_EDGE('',*,*,#14337,.F.);
#14337 = EDGE_CURVE('',#7250,#6648,#14338,.T.);
#14338 = SURFACE_CURVE('',#14339,(#14344,#14355),.PCURVE_S1.);
#14339 = CIRCLE('',#14340,37.6);
#14340 = AXIS2_PLACEMENT_3D('',#14341,#14342,#14343);
#14341 = CARTESIAN_POINT('',(-1.7763568394E-15,-1.7763568394E-15,2.));
#14342 = DIRECTION('',(0.,0.,-1.));
#14343 = DIRECTION('',(-1.,-1.227639199325E-16,-0.));
#14344 = PCURVE('',#6663,#14345);
#14345 = DEFINITIONAL_REPRESENTATION('',(#14346),#14354);
#14346 = ( BOUNDED_CURVE() B_SPLINE_CURVE(2,(#14347,#14348,#14349,#14350
    ,#14351,#14352,#14353),.UNSPECIFIED.,.T.,.F.) 
B_SPLINE_CURVE_WITH_KNOTS((1,2,2,2,2,1),(-2.094395102393,0.,
    2.094395102393,4.188790204786,6.28318530718,8.377580409573),
.UNSPECIFIED.) CURVE() GEOMETRIC_REPRESENTATION_ITEM() 
RATIONAL_B_SPLINE_CURVE((1.,0.5,1.,0.5,1.,0.5,1.)) REPRESENTATION_ITEM(
  '') );
#14347 = CARTESIAN_POINT('',(-37.6,-1.00998831119E-14));
#14348 = CARTESIAN_POINT('',(-37.6,65.12511036459));
#14349 = CARTESIAN_POINT('',(18.8,32.562555182295));
#14350 = CARTESIAN_POINT('',(75.2,1.295723098607E-14));
#14351 = CARTESIAN_POINT('',(18.8,-32.56255518229));
#14352 = CARTESIAN_POINT('',(-37.6,-65.12511036459));
#14353 = CARTESIAN_POINT('',(-37.6,-1.00998831119E-14));
#14354 = ( GEOMETRIC_REPRESENTATION_CONTEXT(2) 
PARAMETRIC_REPRESENTATION_CONTEXT() REPRESENTATION_CONTEXT('2D SPACE',''
  ) );
#14355 = PCURVE('',#9731,#14356);
#14356 = DEFINITIONAL_REPRESENTATION('',(#14357),#14361);
#14357 = LINE('',#14358,#14359);
#14358 = CARTESIAN_POINT('',(0.,0.));
#14359 = VECTOR('',#14360,1.);
#14360 = DIRECTION('',(1.,0.));
#14361 = ( GEOMETRIC_REPRESENTATION_CONTEXT(2) 
PARAMETRIC_REPRESENTATION_CONTEXT() REPRESENTATION_CONTEXT('2D SPACE',''
  ) );
#14362 = ORIENTED_EDGE('',*,*,#7277,.T.);
#14363 = ADVANCED_FACE('',(#14364),#6714,.T.);
#14364 = FACE_BOUND('',#14365,.T.);
#14365 = EDGE_LOOP('',(#14366,#14388,#14389,#14415));
#14366 = ORIENTED_EDGE('',*,*,#14367,.F.);
#14367 = EDGE_CURVE('',#6676,#7227,#14368,.T.);
#14368 = SURFACE_CURVE('',#14369,(#14374,#14381),.PCURVE_S1.);
#14369 = CIRCLE('',#14370,38.4);
#14370 = AXIS2_PLACEMENT_3D('',#14371,#14372,#14373);
#14371 = CARTESIAN_POINT('',(1.7763568394E-15,-5.329070518201E-15,2.));
#14372 = DIRECTION('',(0.,0.,1.));
#14373 = DIRECTION('',(1.,1.087000314356E-16,-0.));
#14374 = PCURVE('',#6714,#14375);
#14375 = DEFINITIONAL_REPRESENTATION('',(#14376),#14380);
#14376 = CIRCLE('',#14377,38.4);
#14377 = AXIS2_PLACEMENT_2D('',#14378,#14379);
#14378 = CARTESIAN_POINT('',(4.584362245257E-15,-9.036673401242E-15));
#14379 = DIRECTION('',(1.,1.087000314356E-16));
#14380 = ( GEOMETRIC_REPRESENTATION_CONTEXT(2) 
PARAMETRIC_REPRESENTATION_CONTEXT() REPRESENTATION_CONTEXT('2D SPACE',''
  ) );
#14381 = PCURVE('',#9519,#14382);
#14382 = DEFINITIONAL_REPRESENTATION('',(#14383),#14387);
#14383 = LINE('',#14384,#14385);
#14384 = CARTESIAN_POINT('',(-0.,0.));
#14385 = VECTOR('',#14386,1.);
#14386 = DIRECTION('',(-1.,0.));
#14387 = ( GEOMETRIC_REPRESENTATION_CONTEXT(2) 
PARAMETRIC_REPRESENTATION_CONTEXT() REPRESENTATION_CONTEXT('2D SPACE',''
  ) );
#14388 = ORIENTED_EDGE('',*,*,#6698,.T.);
#14389 = ORIENTED_EDGE('',*,*,#14390,.F.);
#14390 = EDGE_CURVE('',#7199,#6699,#14391,.T.);
#14391 = SURFACE_CURVE('',#14392,(#14397,#14408),.PCURVE_S1.);
#14392 = CIRCLE('',#14393,39.8);
#14393 = AXIS2_PLACEMENT_3D('',#14394,#14395,#14396);
#14394 = CARTESIAN_POINT('',(3.552713678801E-15,0.,2.));
#14395 = DIRECTION('',(0.,0.,-1.));
#14396 = DIRECTION('',(-1.,-8.329561164686E-18,-0.));
#14397 = PCURVE('',#6714,#14398);
#14398 = DEFINITIONAL_REPRESENTATION('',(#14399),#14407);
#14399 = ( BOUNDED_CURVE() B_SPLINE_CURVE(2,(#14400,#14401,#14402,#14403
    ,#14404,#14405,#14406),.UNSPECIFIED.,.T.,.F.) 
B_SPLINE_CURVE_WITH_KNOTS((1,2,2,2,2,1),(-2.094395102393,0.,
    2.094395102393,4.188790204786,6.28318530718,8.377580409573),
.UNSPECIFIED.) CURVE() GEOMETRIC_REPRESENTATION_ITEM() 
RATIONAL_B_SPLINE_CURVE((1.,0.5,1.,0.5,1.,0.5,1.)) REPRESENTATION_ITEM(
  '') );
#14400 = CARTESIAN_POINT('',(-39.8,-4.039119417396E-15));
#14401 = CARTESIAN_POINT('',(-39.8,68.935622141241));
#14402 = CARTESIAN_POINT('',(19.9,34.467811070621));
#14403 = CARTESIAN_POINT('',(79.6,6.703618706881E-15));
#14404 = CARTESIAN_POINT('',(19.9,-34.46781107062));
#14405 = CARTESIAN_POINT('',(-39.8,-68.93562214124));
#14406 = CARTESIAN_POINT('',(-39.8,-4.039119417396E-15));
#14407 = ( GEOMETRIC_REPRESENTATION_CONTEXT(2) 
PARAMETRIC_REPRESENTATION_CONTEXT() REPRESENTATION_CONTEXT('2D SPACE',''
  ) );
#14408 = PCURVE('',#9553,#14409);
#14409 = DEFINITIONAL_REPRESENTATION('',(#14410),#14414);
#14410 = LINE('',#14411,#14412);
#14411 = CARTESIAN_POINT('',(0.,0.));
#14412 = VECTOR('',#14413,1.);
#14413 = DIRECTION('',(1.,0.));
#14414 = ( GEOMETRIC_REPRESENTATION_CONTEXT(2) 
PARAMETRIC_REPRESENTATION_CONTEXT() REPRESENTATION_CONTEXT('2D SPACE',''
  ) );
#14415 = ORIENTED_EDGE('',*,*,#7226,.T.);
#14416 = ADVANCED_FACE('',(#14417),#6765,.T.);
#14417 = FACE_BOUND('',#14418,.T.);
#14418 = EDGE_LOOP('',(#14419,#14441,#14442,#14443,#14469,#14470));
#14419 = ORIENTED_EDGE('',*,*,#14420,.F.);
#14420 = EDGE_CURVE('',#6727,#7176,#14421,.T.);
#14421 = SURFACE_CURVE('',#14422,(#14427,#14434),.PCURVE_S1.);
#14422 = CIRCLE('',#14423,40.6);
#14423 = AXIS2_PLACEMENT_3D('',#14424,#14425,#14426);
#14424 = CARTESIAN_POINT('',(0.,-3.552713678801E-15,2.));
#14425 = DIRECTION('',(0.,0.,1.));
#14426 = DIRECTION('',(1.,1.112441602971E-17,-0.));
#14427 = PCURVE('',#6765,#14428);
#14428 = DEFINITIONAL_REPRESENTATION('',(#14429),#14433);
#14429 = CIRCLE('',#14430,40.6);
#14430 = AXIS2_PLACEMENT_2D('',#14431,#14432);
#14431 = CARTESIAN_POINT('',(2.808005405856E-15,-7.260316561842E-15));
#14432 = DIRECTION('',(1.,1.112441602971E-17));
#14433 = ( GEOMETRIC_REPRESENTATION_CONTEXT(2) 
PARAMETRIC_REPRESENTATION_CONTEXT() REPRESENTATION_CONTEXT('2D SPACE',''
  ) );
#14434 = PCURVE('',#7911,#14435);
#14435 = DEFINITIONAL_REPRESENTATION('',(#14436),#14440);
#14436 = LINE('',#14437,#14438);
#14437 = CARTESIAN_POINT('',(-0.,0.));
#14438 = VECTOR('',#14439,1.);
#14439 = DIRECTION('',(-1.,0.));
#14440 = ( GEOMETRIC_REPRESENTATION_CONTEXT(2) 
PARAMETRIC_REPRESENTATION_CONTEXT() REPRESENTATION_CONTEXT('2D SPACE',''
  ) );
#14441 = ORIENTED_EDGE('',*,*,#6749,.T.);
#14442 = ORIENTED_EDGE('',*,*,#6803,.T.);
#14443 = ORIENTED_EDGE('',*,*,#14444,.F.);
#14444 = EDGE_CURVE('',#7839,#6804,#14445,.T.);
#14445 = SURFACE_CURVE('',#14446,(#14451,#14462),.PCURVE_S1.);
#14446 = CIRCLE('',#14447,42.);
#14447 = AXIS2_PLACEMENT_3D('',#14448,#14449,#14450);
#14448 = CARTESIAN_POINT('',(5.329070518201E-15,8.881784197001E-15,2.));
#14449 = DIRECTION('',(0.,0.,-1.));
#14450 = DIRECTION('',(-1.,-1.679662986601E-16,-0.));
#14451 = PCURVE('',#6765,#14452);
#14452 = DEFINITIONAL_REPRESENTATION('',(#14453),#14461);
#14453 = ( BOUNDED_CURVE() B_SPLINE_CURVE(2,(#14454,#14455,#14456,#14457
    ,#14458,#14459,#14460),.UNSPECIFIED.,.T.,.F.) 
B_SPLINE_CURVE_WITH_KNOTS((1,2,2,2,2,1),(-2.094395102393,0.,
    2.094395102393,4.188790204786,6.28318530718,8.377580409573),
.UNSPECIFIED.) CURVE() GEOMETRIC_REPRESENTATION_ITEM() 
RATIONAL_B_SPLINE_CURVE((1.,0.5,1.,0.5,1.,0.5,1.)) REPRESENTATION_ITEM(
  '') );
#14454 = CARTESIAN_POINT('',(-42.,-1.880403229766E-15));
#14455 = CARTESIAN_POINT('',(-42.,72.746133917893));
#14456 = CARTESIAN_POINT('',(21.,36.373066958946));
#14457 = CARTESIAN_POINT('',(84.,2.957038351425E-14));
#14458 = CARTESIAN_POINT('',(21.,-36.37306695894));
#14459 = CARTESIAN_POINT('',(-42.,-72.74613391789));
#14460 = CARTESIAN_POINT('',(-42.,-1.880403229766E-15));
#14461 = ( GEOMETRIC_REPRESENTATION_CONTEXT(2) 
PARAMETRIC_REPRESENTATION_CONTEXT() REPRESENTATION_CONTEXT('2D SPACE',''
  ) );
#14462 = PCURVE('',#8450,#14463);
#14463 = DEFINITIONAL_REPRESENTATION('',(#14464),#14468);
#14464 = LINE('',#14465,#14466);
#14465 = CARTESIAN_POINT('',(0.,0.));
#14466 = VECTOR('',#14467,1.);
#14467 = DIRECTION('',(1.,0.));
#14468 = ( GEOMETRIC_REPRESENTATION_CONTEXT(2) 
PARAMETRIC_REPRESENTATION_CONTEXT() REPRESENTATION_CONTEXT('2D SPACE',''
  ) );
#14469 = ORIENTED_EDGE('',*,*,#7862,.T.);
#14470 = ORIENTED_EDGE('',*,*,#7175,.T.);
#14471 = ADVANCED_FACE('',(#14472),#6846,.T.);
#14472 = FACE_BOUND('',#14473,.T.);
#14473 = EDGE_LOOP('',(#14474,#14496,#14497,#14498));
#14474 = ORIENTED_EDGE('',*,*,#14475,.F.);
#14475 = EDGE_CURVE('',#6804,#6860,#14476,.T.);
#14476 = SURFACE_CURVE('',#14477,(#14482,#14489),.PCURVE_S1.);
#14477 = CIRCLE('',#14478,42.);
#14478 = AXIS2_PLACEMENT_3D('',#14479,#14480,#14481);
#14479 = CARTESIAN_POINT('',(5.329070518201E-15,8.881784197001E-15,2.));
#14480 = DIRECTION('',(0.,0.,-1.));
#14481 = DIRECTION('',(-1.,-1.679662986601E-16,-0.));
#14482 = PCURVE('',#6846,#14483);
#14483 = DEFINITIONAL_REPRESENTATION('',(#14484),#14488);
#14484 = CIRCLE('',#14485,42.);
#14485 = AXIS2_PLACEMENT_2D('',#14486,#14487);
#14486 = CARTESIAN_POINT('',(35.125,7.105427357601E-15));
#14487 = DIRECTION('',(0.866025403784,0.5));
#14488 = ( GEOMETRIC_REPRESENTATION_CONTEXT(2) 
PARAMETRIC_REPRESENTATION_CONTEXT() REPRESENTATION_CONTEXT('2D SPACE',''
  ) );
#14489 = PCURVE('',#8450,#14490);
#14490 = DEFINITIONAL_REPRESENTATION('',(#14491),#14495);
#14491 = LINE('',#14492,#14493);
#14492 = CARTESIAN_POINT('',(0.,0.));
#14493 = VECTOR('',#14494,1.);
#14494 = DIRECTION('',(1.,0.));
#14495 = ( GEOMETRIC_REPRESENTATION_CONTEXT(2) 
PARAMETRIC_REPRESENTATION_CONTEXT() REPRESENTATION_CONTEXT('2D SPACE',''
  ) );
#14496 = ORIENTED_EDGE('',*,*,#6831,.T.);
#14497 = ORIENTED_EDGE('',*,*,#8222,.F.);
#14498 = ORIENTED_EDGE('',*,*,#6859,.T.);
#14499 = ADVANCED_FACE('',(#14500),#6954,.T.);
#14500 = FACE_BOUND('',#14501,.T.);
#14501 = EDGE_LOOP('',(#14502,#14503,#14504,#14530,#14531,#14532));
#14502 = ORIENTED_EDGE('',*,*,#7103,.T.);
#14503 = ORIENTED_EDGE('',*,*,#7480,.T.);
#14504 = ORIENTED_EDGE('',*,*,#14505,.F.);
#14505 = EDGE_CURVE('',#7431,#7481,#14506,.T.);
#14506 = SURFACE_CURVE('',#14507,(#14512,#14523),.PCURVE_S1.);
#14507 = CIRCLE('',#14508,29.6);
#14508 = AXIS2_PLACEMENT_3D('',#14509,#14510,#14511);
#14509 = CARTESIAN_POINT('',(-3.552713678801E-15,1.7763568394E-15,2.));
#14510 = DIRECTION('',(0.,0.,1.));
#14511 = DIRECTION('',(1.,-2.851448545394E-16,0.));
#14512 = PCURVE('',#6954,#14513);
#14513 = DEFINITIONAL_REPRESENTATION('',(#14514),#14522);
#14514 = ( BOUNDED_CURVE() B_SPLINE_CURVE(2,(#14515,#14516,#14517,#14518
    ,#14519,#14520,#14521),.UNSPECIFIED.,.T.,.F.) 
B_SPLINE_CURVE_WITH_KNOTS((1,2,2,2,2,1),(-2.094395102393,0.,
    2.094395102393,4.188790204786,6.28318530718,8.377580409573),
.UNSPECIFIED.) CURVE() GEOMETRIC_REPRESENTATION_ITEM() 
RATIONAL_B_SPLINE_CURVE((1.,0.5,1.,0.5,1.,0.5,1.)) REPRESENTATION_ITEM(
  '') );
#14515 = CARTESIAN_POINT('',(35.125,-29.6));
#14516 = CARTESIAN_POINT('',(-16.14370390403,-29.6));
#14517 = CARTESIAN_POINT('',(9.490648047981,14.8));
#14518 = CARTESIAN_POINT('',(35.125,59.2));
#14519 = CARTESIAN_POINT('',(60.759351952019,14.8));
#14520 = CARTESIAN_POINT('',(86.393703904039,-29.6));
#14521 = CARTESIAN_POINT('',(35.125,-29.6));
#14522 = ( GEOMETRIC_REPRESENTATION_CONTEXT(2) 
PARAMETRIC_REPRESENTATION_CONTEXT() REPRESENTATION_CONTEXT('2D SPACE',''
  ) );
#14523 = PCURVE('',#10231,#14524);
#14524 = DEFINITIONAL_REPRESENTATION('',(#14525),#14529);
#14525 = LINE('',#14526,#14527);
#14526 = CARTESIAN_POINT('',(-0.,0.));
#14527 = VECTOR('',#14528,1.);
#14528 = DIRECTION('',(-1.,0.));
#14529 = ( GEOMETRIC_REPRESENTATION_CONTEXT(2) 
PARAMETRIC_REPRESENTATION_CONTEXT() REPRESENTATION_CONTEXT('2D SPACE',''
  ) );
#14530 = ORIENTED_EDGE('',*,*,#7453,.T.);
#14531 = ORIENTED_EDGE('',*,*,#6937,.T.);
#14532 = ORIENTED_EDGE('',*,*,#14533,.F.);
#14533 = EDGE_CURVE('',#7076,#6938,#14534,.T.);
#14534 = SURFACE_CURVE('',#14535,(#14540,#14547),.PCURVE_S1.);
#14535 = CIRCLE('',#14536,28.8);
#14536 = AXIS2_PLACEMENT_3D('',#14537,#14538,#14539);
#14537 = CARTESIAN_POINT('',(-3.552713678801E-15,-4.440892098501E-15,2.)
  );
#14538 = DIRECTION('',(0.,0.,-1.));
#14539 = DIRECTION('',(-1.,1.364504165456E-16,0.));
#14540 = PCURVE('',#6954,#14541);
#14541 = DEFINITIONAL_REPRESENTATION('',(#14542),#14546);
#14542 = CIRCLE('',#14543,28.8);
#14543 = AXIS2_PLACEMENT_2D('',#14544,#14545);
#14544 = CARTESIAN_POINT('',(35.125,3.573611994558E-15));
#14545 = DIRECTION('',(-2.542811408303E-17,1.));
#14546 = ( GEOMETRIC_REPRESENTATION_CONTEXT(2) 
PARAMETRIC_REPRESENTATION_CONTEXT() REPRESENTATION_CONTEXT('2D SPACE',''
  ) );
#14547 = PCURVE('',#8726,#14548);
#14548 = DEFINITIONAL_REPRESENTATION('',(#14549),#14553);
#14549 = LINE('',#14550,#14551);
#14550 = CARTESIAN_POINT('',(0.,0.));
#14551 = VECTOR('',#14552,1.);
#14552 = DIRECTION('',(1.,0.));
#14553 = ( GEOMETRIC_REPRESENTATION_CONTEXT(2) 
PARAMETRIC_REPRESENTATION_CONTEXT() REPRESENTATION_CONTEXT('2D SPACE',''
  ) );
#14554 = ADVANCED_FACE('',(#14555),#7011,.T.);
#14555 = FACE_BOUND('',#14556,.T.);
#14556 = EDGE_LOOP('',(#14557,#14558,#14584,#14585));
#14557 = ORIENTED_EDGE('',*,*,#7051,.T.);
#14558 = ORIENTED_EDGE('',*,*,#14559,.F.);
#14559 = EDGE_CURVE('',#6967,#7052,#14560,.T.);
#14560 = SURFACE_CURVE('',#14561,(#14566,#14577),.PCURVE_S1.);
#14561 = CIRCLE('',#14562,27.4);
#14562 = AXIS2_PLACEMENT_3D('',#14563,#14564,#14565);
#14563 = CARTESIAN_POINT('',(3.552713678801E-15,-3.552713678801E-15,2.)
  );
#14564 = DIRECTION('',(0.,0.,1.));
#14565 = DIRECTION('',(1.,7.957102907278E-17,-0.));
#14566 = PCURVE('',#7011,#14567);
#14567 = DEFINITIONAL_REPRESENTATION('',(#14568),#14576);
#14568 = ( BOUNDED_CURVE() B_SPLINE_CURVE(2,(#14569,#14570,#14571,#14572
    ,#14573,#14574,#14575),.UNSPECIFIED.,.T.,.F.) 
B_SPLINE_CURVE_WITH_KNOTS((1,2,2,2,2,1),(-2.094395102393,0.,
    2.094395102393,4.188790204786,6.28318530718,8.377580409573),
.UNSPECIFIED.) CURVE() GEOMETRIC_REPRESENTATION_ITEM() 
RATIONAL_B_SPLINE_CURVE((1.,0.5,1.,0.5,1.,0.5,1.)) REPRESENTATION_ITEM(
  '') );
#14569 = CARTESIAN_POINT('',(35.125,-27.4));
#14570 = CARTESIAN_POINT('',(-12.33319212738,-27.4));
#14571 = CARTESIAN_POINT('',(11.395903936306,13.7));
#14572 = CARTESIAN_POINT('',(35.125,54.8));
#14573 = CARTESIAN_POINT('',(58.854096063694,13.7));
#14574 = CARTESIAN_POINT('',(82.583192127387,-27.4));
#14575 = CARTESIAN_POINT('',(35.125,-27.4));
#14576 = ( GEOMETRIC_REPRESENTATION_CONTEXT(2) 
PARAMETRIC_REPRESENTATION_CONTEXT() REPRESENTATION_CONTEXT('2D SPACE',''
  ) );
#14577 = PCURVE('',#8692,#14578);
#14578 = DEFINITIONAL_REPRESENTATION('',(#14579),#14583);
#14579 = LINE('',#14580,#14581);
#14580 = CARTESIAN_POINT('',(-0.,0.));
#14581 = VECTOR('',#14582,1.);
#14582 = DIRECTION('',(-1.,0.));
#14583 = ( GEOMETRIC_REPRESENTATION_CONTEXT(2) 
PARAMETRIC_REPRESENTATION_CONTEXT() REPRESENTATION_CONTEXT('2D SPACE',''
  ) );
#14584 = ORIENTED_EDGE('',*,*,#6994,.T.);
#14585 = ORIENTED_EDGE('',*,*,#14586,.F.);
#14586 = EDGE_CURVE('',#7024,#6995,#14587,.T.);
#14587 = SURFACE_CURVE('',#14588,(#14593,#14600),.PCURVE_S1.);
#14588 = CIRCLE('',#14589,26.6);
#14589 = AXIS2_PLACEMENT_3D('',#14590,#14591,#14592);
#14590 = CARTESIAN_POINT('',(2.6645352591E-15,8.881784197001E-16,2.));
#14591 = DIRECTION('',(0.,0.,-1.));
#14592 = DIRECTION('',(-1.,2.8095161389E-18,0.));
#14593 = PCURVE('',#7011,#14594);
#14594 = DEFINITIONAL_REPRESENTATION('',(#14595),#14599);
#14595 = CIRCLE('',#14596,26.6);
#14596 = AXIS2_PLACEMENT_2D('',#14597,#14598);
#14597 = CARTESIAN_POINT('',(35.125,-2.643636943343E-15));
#14598 = DIRECTION('',(1.082127863236E-16,1.));
#14599 = ( GEOMETRIC_REPRESENTATION_CONTEXT(2) 
PARAMETRIC_REPRESENTATION_CONTEXT() REPRESENTATION_CONTEXT('2D SPACE',''
  ) );
#14600 = PCURVE('',#9090,#14601);
#14601 = DEFINITIONAL_REPRESENTATION('',(#14602),#14606);
#14602 = LINE('',#14603,#14604);
#14603 = CARTESIAN_POINT('',(0.,0.));
#14604 = VECTOR('',#14605,1.);
#14605 = DIRECTION('',(1.,0.));
#14606 = ( GEOMETRIC_REPRESENTATION_CONTEXT(2) 
PARAMETRIC_REPRESENTATION_CONTEXT() REPRESENTATION_CONTEXT('2D SPACE',''
  ) );
#14607 = ADVANCED_FACE('',(#14608),#7214,.T.);
#14608 = FACE_BOUND('',#14609,.T.);
#14609 = EDGE_LOOP('',(#14610,#14632,#14633,#14659));
#14610 = ORIENTED_EDGE('',*,*,#14611,.F.);
#14611 = EDGE_CURVE('',#7688,#7199,#14612,.T.);
#14612 = SURFACE_CURVE('',#14613,(#14618,#14625),.PCURVE_S1.);
#14613 = CIRCLE('',#14614,39.8);
#14614 = AXIS2_PLACEMENT_3D('',#14615,#14616,#14617);
#14615 = CARTESIAN_POINT('',(3.552713678801E-15,0.,2.));
#14616 = DIRECTION('',(0.,0.,-1.));
#14617 = DIRECTION('',(-1.,-8.329561164686E-18,-0.));
#14618 = PCURVE('',#7214,#14619);
#14619 = DEFINITIONAL_REPRESENTATION('',(#14620),#14624);
#14620 = CIRCLE('',#14621,39.8);
#14621 = AXIS2_PLACEMENT_2D('',#14622,#14623);
#14622 = CARTESIAN_POINT('',(35.125,-3.531815363043E-15));
#14623 = DIRECTION('',(1.193518636272E-16,1.));
#14624 = ( GEOMETRIC_REPRESENTATION_CONTEXT(2) 
PARAMETRIC_REPRESENTATION_CONTEXT() REPRESENTATION_CONTEXT('2D SPACE',''
  ) );
#14625 = PCURVE('',#9553,#14626);
#14626 = DEFINITIONAL_REPRESENTATION('',(#14627),#14631);
#14627 = LINE('',#14628,#14629);
#14628 = CARTESIAN_POINT('',(0.,0.));
#14629 = VECTOR('',#14630,1.);
#14630 = DIRECTION('',(1.,0.));
#14631 = ( GEOMETRIC_REPRESENTATION_CONTEXT(2) 
PARAMETRIC_REPRESENTATION_CONTEXT() REPRESENTATION_CONTEXT('2D SPACE',''
  ) );
#14632 = ORIENTED_EDGE('',*,*,#7710,.T.);
#14633 = ORIENTED_EDGE('',*,*,#14634,.F.);
#14634 = EDGE_CURVE('',#7176,#7711,#14635,.T.);
#14635 = SURFACE_CURVE('',#14636,(#14641,#14652),.PCURVE_S1.);
#14636 = CIRCLE('',#14637,40.6);
#14637 = AXIS2_PLACEMENT_3D('',#14638,#14639,#14640);
#14638 = CARTESIAN_POINT('',(0.,-3.552713678801E-15,2.));
#14639 = DIRECTION('',(0.,0.,1.));
#14640 = DIRECTION('',(1.,1.112441602971E-17,-0.));
#14641 = PCURVE('',#7214,#14642);
#14642 = DEFINITIONAL_REPRESENTATION('',(#14643),#14651);
#14643 = ( BOUNDED_CURVE() B_SPLINE_CURVE(2,(#14644,#14645,#14646,#14647
    ,#14648,#14649,#14650),.UNSPECIFIED.,.T.,.F.) 
B_SPLINE_CURVE_WITH_KNOTS((1,2,2,2,2,1),(-2.094395102393,0.,
    2.094395102393,4.188790204786,6.28318530718,8.377580409573),
.UNSPECIFIED.) CURVE() GEOMETRIC_REPRESENTATION_ITEM() 
RATIONAL_B_SPLINE_CURVE((1.,0.5,1.,0.5,1.,0.5,1.)) REPRESENTATION_ITEM(
  '') );
#14644 = CARTESIAN_POINT('',(35.125,-40.6));
#14645 = CARTESIAN_POINT('',(-35.19626278729,-40.6));
#14646 = CARTESIAN_POINT('',(-3.563139364821E-02,20.3));
#14647 = CARTESIAN_POINT('',(35.125,81.2));
#14648 = CARTESIAN_POINT('',(70.285631393648,20.3));
#14649 = CARTESIAN_POINT('',(105.44626278729,-40.6));
#14650 = CARTESIAN_POINT('',(35.125,-40.6));
#14651 = ( GEOMETRIC_REPRESENTATION_CONTEXT(2) 
PARAMETRIC_REPRESENTATION_CONTEXT() REPRESENTATION_CONTEXT('2D SPACE',''
  ) );
#14652 = PCURVE('',#7911,#14653);
#14653 = DEFINITIONAL_REPRESENTATION('',(#14654),#14658);
#14654 = LINE('',#14655,#14656);
#14655 = CARTESIAN_POINT('',(-0.,0.));
#14656 = VECTOR('',#14657,1.);
#14657 = DIRECTION('',(-1.,0.));
#14658 = ( GEOMETRIC_REPRESENTATION_CONTEXT(2) 
PARAMETRIC_REPRESENTATION_CONTEXT() REPRESENTATION_CONTEXT('2D SPACE',''
  ) );
#14659 = ORIENTED_EDGE('',*,*,#7198,.T.);
#14660 = ADVANCED_FACE('',(#14661),#7265,.T.);
#14661 = FACE_BOUND('',#14662,.T.);
#14662 = EDGE_LOOP('',(#14663,#14685,#14686,#14712));
#14663 = ORIENTED_EDGE('',*,*,#14664,.F.);
#14664 = EDGE_CURVE('',#7642,#7250,#14665,.T.);
#14665 = SURFACE_CURVE('',#14666,(#14671,#14678),.PCURVE_S1.);
#14666 = CIRCLE('',#14667,37.6);
#14667 = AXIS2_PLACEMENT_3D('',#14668,#14669,#14670);
#14668 = CARTESIAN_POINT('',(-1.7763568394E-15,-1.7763568394E-15,2.));
#14669 = DIRECTION('',(0.,0.,-1.));
#14670 = DIRECTION('',(-1.,-1.227639199325E-16,-0.));
#14671 = PCURVE('',#7265,#14672);
#14672 = DEFINITIONAL_REPRESENTATION('',(#14673),#14677);
#14673 = CIRCLE('',#14674,37.6);
#14674 = AXIS2_PLACEMENT_2D('',#14675,#14676);
#14675 = CARTESIAN_POINT('',(35.125,1.797255155158E-15));
#14676 = DIRECTION('',(2.33786222395E-16,1.));
#14677 = ( GEOMETRIC_REPRESENTATION_CONTEXT(2) 
PARAMETRIC_REPRESENTATION_CONTEXT() REPRESENTATION_CONTEXT('2D SPACE',''
  ) );
#14678 = PCURVE('',#9731,#14679);
#14679 = DEFINITIONAL_REPRESENTATION('',(#14680),#14684);
#14680 = LINE('',#14681,#14682);
#14681 = CARTESIAN_POINT('',(0.,0.));
#14682 = VECTOR('',#14683,1.);
#14683 = DIRECTION('',(1.,0.));
#14684 = ( GEOMETRIC_REPRESENTATION_CONTEXT(2) 
PARAMETRIC_REPRESENTATION_CONTEXT() REPRESENTATION_CONTEXT('2D SPACE',''
  ) );
#14685 = ORIENTED_EDGE('',*,*,#7664,.T.);
#14686 = ORIENTED_EDGE('',*,*,#14687,.F.);
#14687 = EDGE_CURVE('',#7227,#7665,#14688,.T.);
#14688 = SURFACE_CURVE('',#14689,(#14694,#14705),.PCURVE_S1.);
#14689 = CIRCLE('',#14690,38.4);
#14690 = AXIS2_PLACEMENT_3D('',#14691,#14692,#14693);
#14691 = CARTESIAN_POINT('',(1.7763568394E-15,-5.329070518201E-15,2.));
#14692 = DIRECTION('',(0.,0.,1.));
#14693 = DIRECTION('',(1.,1.087000314356E-16,-0.));
#14694 = PCURVE('',#7265,#14695);
#14695 = DEFINITIONAL_REPRESENTATION('',(#14696),#14704);
#14696 = ( BOUNDED_CURVE() B_SPLINE_CURVE(2,(#14697,#14698,#14699,#14700
    ,#14701,#14702,#14703),.UNSPECIFIED.,.T.,.F.) 
B_SPLINE_CURVE_WITH_KNOTS((1,2,2,2,2,1),(-2.094395102393,0.,
    2.094395102393,4.188790204786,6.28318530718,8.377580409573),
.UNSPECIFIED.) CURVE() GEOMETRIC_REPRESENTATION_ITEM() 
RATIONAL_B_SPLINE_CURVE((1.,0.5,1.,0.5,1.,0.5,1.)) REPRESENTATION_ITEM(
  '') );
#14697 = CARTESIAN_POINT('',(35.125,-38.4));
#14698 = CARTESIAN_POINT('',(-31.38575101064,-38.4));
#14699 = CARTESIAN_POINT('',(1.869624494678,19.2));
#14700 = CARTESIAN_POINT('',(35.125,76.8));
#14701 = CARTESIAN_POINT('',(68.380375505322,19.2));
#14702 = CARTESIAN_POINT('',(101.63575101064,-38.4));
#14703 = CARTESIAN_POINT('',(35.125,-38.4));
#14704 = ( GEOMETRIC_REPRESENTATION_CONTEXT(2) 
PARAMETRIC_REPRESENTATION_CONTEXT() REPRESENTATION_CONTEXT('2D SPACE',''
  ) );
#14705 = PCURVE('',#9519,#14706);
#14706 = DEFINITIONAL_REPRESENTATION('',(#14707),#14711);
#14707 = LINE('',#14708,#14709);
#14708 = CARTESIAN_POINT('',(-0.,0.));
#14709 = VECTOR('',#14710,1.);
#14710 = DIRECTION('',(-1.,0.));
#14711 = ( GEOMETRIC_REPRESENTATION_CONTEXT(2) 
PARAMETRIC_REPRESENTATION_CONTEXT() REPRESENTATION_CONTEXT('2D SPACE',''
  ) );
#14712 = ORIENTED_EDGE('',*,*,#7249,.T.);
#14713 = ADVANCED_FACE('',(#14714),#7316,.T.);
#14714 = FACE_BOUND('',#14715,.T.);
#14715 = EDGE_LOOP('',(#14716,#14738,#14739,#14765));
#14716 = ORIENTED_EDGE('',*,*,#14717,.F.);
#14717 = EDGE_CURVE('',#7596,#7301,#14718,.T.);
#14718 = SURFACE_CURVE('',#14719,(#14724,#14731),.PCURVE_S1.);
#14719 = CIRCLE('',#14720,35.4);
#14720 = AXIS2_PLACEMENT_3D('',#14721,#14722,#14723);
#14721 = CARTESIAN_POINT('',(-1.7763568394E-15,-1.7763568394E-15,2.));
#14722 = DIRECTION('',(0.,0.,-1.));
#14723 = DIRECTION('',(-1.,-2.299277132208E-16,-0.));
#14724 = PCURVE('',#7316,#14725);
#14725 = DEFINITIONAL_REPRESENTATION('',(#14726),#14730);
#14726 = CIRCLE('',#14727,35.4);
#14727 = AXIS2_PLACEMENT_2D('',#14728,#14729);
#14728 = CARTESIAN_POINT('',(35.125,1.797255155158E-15));
#14729 = DIRECTION('',(3.409500156833E-16,1.));
#14730 = ( GEOMETRIC_REPRESENTATION_CONTEXT(2) 
PARAMETRIC_REPRESENTATION_CONTEXT() REPRESENTATION_CONTEXT('2D SPACE',''
  ) );
#14731 = PCURVE('',#9909,#14732);
#14732 = DEFINITIONAL_REPRESENTATION('',(#14733),#14737);
#14733 = LINE('',#14734,#14735);
#14734 = CARTESIAN_POINT('',(0.,0.));
#14735 = VECTOR('',#14736,1.);
#14736 = DIRECTION('',(1.,0.));
#14737 = ( GEOMETRIC_REPRESENTATION_CONTEXT(2) 
PARAMETRIC_REPRESENTATION_CONTEXT() REPRESENTATION_CONTEXT('2D SPACE',''
  ) );
#14738 = ORIENTED_EDGE('',*,*,#7618,.T.);
#14739 = ORIENTED_EDGE('',*,*,#14740,.F.);
#14740 = EDGE_CURVE('',#7278,#7619,#14741,.T.);
#14741 = SURFACE_CURVE('',#14742,(#14747,#14758),.PCURVE_S1.);
#14742 = CIRCLE('',#14743,36.2);
#14743 = AXIS2_PLACEMENT_3D('',#14744,#14745,#14746);
#14744 = CARTESIAN_POINT('',(-3.552713678801E-15,5.329070518201E-15,2.)
  );
#14745 = DIRECTION('',(0.,0.,1.));
#14746 = DIRECTION('',(1.,-3.414335465613E-16,0.));
#14747 = PCURVE('',#7316,#14748);
#14748 = DEFINITIONAL_REPRESENTATION('',(#14749),#14757);
#14749 = ( BOUNDED_CURVE() B_SPLINE_CURVE(2,(#14750,#14751,#14752,#14753
    ,#14754,#14755,#14756),.UNSPECIFIED.,.T.,.F.) 
B_SPLINE_CURVE_WITH_KNOTS((1,2,2,2,2,1),(-2.094395102393,0.,
    2.094395102393,4.188790204786,6.28318530718,8.377580409573),
.UNSPECIFIED.) CURVE() GEOMETRIC_REPRESENTATION_ITEM() 
RATIONAL_B_SPLINE_CURVE((1.,0.5,1.,0.5,1.,0.5,1.)) REPRESENTATION_ITEM(
  '') );
#14750 = CARTESIAN_POINT('',(35.125,-36.2));
#14751 = CARTESIAN_POINT('',(-27.57523923399,-36.2));
#14752 = CARTESIAN_POINT('',(3.774880383003,18.1));
#14753 = CARTESIAN_POINT('',(35.125,72.4));
#14754 = CARTESIAN_POINT('',(66.475119616997,18.1));
#14755 = CARTESIAN_POINT('',(97.825239233993,-36.2));
#14756 = CARTESIAN_POINT('',(35.125,-36.2));
#14757 = ( GEOMETRIC_REPRESENTATION_CONTEXT(2) 
PARAMETRIC_REPRESENTATION_CONTEXT() REPRESENTATION_CONTEXT('2D SPACE',''
  ) );
#14758 = PCURVE('',#9697,#14759);
#14759 = DEFINITIONAL_REPRESENTATION('',(#14760),#14764);
#14760 = LINE('',#14761,#14762);
#14761 = CARTESIAN_POINT('',(-0.,0.));
#14762 = VECTOR('',#14763,1.);
#14763 = DIRECTION('',(-1.,0.));
#14764 = ( GEOMETRIC_REPRESENTATION_CONTEXT(2) 
PARAMETRIC_REPRESENTATION_CONTEXT() REPRESENTATION_CONTEXT('2D SPACE',''
  ) );
#14765 = ORIENTED_EDGE('',*,*,#7300,.T.);
#14766 = ADVANCED_FACE('',(#14767),#7367,.T.);
#14767 = FACE_BOUND('',#14768,.T.);
#14768 = EDGE_LOOP('',(#14769,#14791,#14792,#14818));
#14769 = ORIENTED_EDGE('',*,*,#14770,.F.);
#14770 = EDGE_CURVE('',#7550,#7352,#14771,.T.);
#14771 = SURFACE_CURVE('',#14772,(#14777,#14784),.PCURVE_S1.);
#14772 = CIRCLE('',#14773,33.2);
#14773 = AXIS2_PLACEMENT_3D('',#14774,#14775,#14776);
#14774 = CARTESIAN_POINT('',(3.552713678801E-15,3.552713678801E-15,2.));
#14775 = DIRECTION('',(0.,0.,-1.));
#14776 = DIRECTION('',(-1.,-4.487612168275E-16,-0.));
#14777 = PCURVE('',#7367,#14778);
#14778 = DEFINITIONAL_REPRESENTATION('',(#14779),#14783);
#14779 = CIRCLE('',#14780,33.2);
#14780 = AXIS2_PLACEMENT_2D('',#14781,#14782);
#14781 = CARTESIAN_POINT('',(35.125,-3.531815363043E-15));
#14782 = DIRECTION('',(5.5978351929E-16,1.));
#14783 = ( GEOMETRIC_REPRESENTATION_CONTEXT(2) 
PARAMETRIC_REPRESENTATION_CONTEXT() REPRESENTATION_CONTEXT('2D SPACE',''
  ) );
#14784 = PCURVE('',#10087,#14785);
#14785 = DEFINITIONAL_REPRESENTATION('',(#14786),#14790);
#14786 = LINE('',#14787,#14788);
#14787 = CARTESIAN_POINT('',(0.,0.));
#14788 = VECTOR('',#14789,1.);
#14789 = DIRECTION('',(1.,0.));
#14790 = ( GEOMETRIC_REPRESENTATION_CONTEXT(2) 
PARAMETRIC_REPRESENTATION_CONTEXT() REPRESENTATION_CONTEXT('2D SPACE',''
  ) );
#14791 = ORIENTED_EDGE('',*,*,#7572,.T.);
#14792 = ORIENTED_EDGE('',*,*,#14793,.F.);
#14793 = EDGE_CURVE('',#7329,#7573,#14794,.T.);
#14794 = SURFACE_CURVE('',#14795,(#14800,#14811),.PCURVE_S1.);
#14795 = CIRCLE('',#14796,34.);
#14796 = AXIS2_PLACEMENT_3D('',#14797,#14798,#14799);
#14797 = CARTESIAN_POINT('',(3.552713678801E-15,-3.552713678801E-15,2.)
  );
#14798 = DIRECTION('',(0.,0.,1.));
#14799 = DIRECTION('',(1.,-1.668806424356E-16,0.));
#14800 = PCURVE('',#7367,#14801);
#14801 = DEFINITIONAL_REPRESENTATION('',(#14802),#14810);
#14802 = ( BOUNDED_CURVE() B_SPLINE_CURVE(2,(#14803,#14804,#14805,#14806
    ,#14807,#14808,#14809),.UNSPECIFIED.,.T.,.F.) 
B_SPLINE_CURVE_WITH_KNOTS((1,2,2,2,2,1),(-2.094395102393,0.,
    2.094395102393,4.188790204786,6.28318530718,8.377580409573),
.UNSPECIFIED.) CURVE() GEOMETRIC_REPRESENTATION_ITEM() 
RATIONAL_B_SPLINE_CURVE((1.,0.5,1.,0.5,1.,0.5,1.)) REPRESENTATION_ITEM(
  '') );
#14803 = CARTESIAN_POINT('',(35.125,-34.));
#14804 = CARTESIAN_POINT('',(-23.76472745734,-34.));
#14805 = CARTESIAN_POINT('',(5.680136271329,17.));
#14806 = CARTESIAN_POINT('',(35.125,68.));
#14807 = CARTESIAN_POINT('',(64.569863728671,17.));
#14808 = CARTESIAN_POINT('',(94.014727457342,-34.));
#14809 = CARTESIAN_POINT('',(35.125,-34.));
#14810 = ( GEOMETRIC_REPRESENTATION_CONTEXT(2) 
PARAMETRIC_REPRESENTATION_CONTEXT() REPRESENTATION_CONTEXT('2D SPACE',''
  ) );
#14811 = PCURVE('',#9875,#14812);
#14812 = DEFINITIONAL_REPRESENTATION('',(#14813),#14817);
#14813 = LINE('',#14814,#14815);
#14814 = CARTESIAN_POINT('',(-0.,0.));
#14815 = VECTOR('',#14816,1.);
#14816 = DIRECTION('',(-1.,0.));
#14817 = ( GEOMETRIC_REPRESENTATION_CONTEXT(2) 
PARAMETRIC_REPRESENTATION_CONTEXT() REPRESENTATION_CONTEXT('2D SPACE',''
  ) );
#14818 = ORIENTED_EDGE('',*,*,#7351,.T.);
#14819 = ADVANCED_FACE('',(#14820),#7418,.T.);
#14820 = FACE_BOUND('',#14821,.T.);
#14821 = EDGE_LOOP('',(#14822,#14844,#14845,#14871));
#14822 = ORIENTED_EDGE('',*,*,#14823,.F.);
#14823 = EDGE_CURVE('',#7504,#7403,#14824,.T.);
#14824 = SURFACE_CURVE('',#14825,(#14830,#14837),.PCURVE_S1.);
#14825 = CIRCLE('',#14826,31.);
#14826 = AXIS2_PLACEMENT_3D('',#14827,#14828,#14829);
#14827 = CARTESIAN_POINT('',(3.552713678801E-15,8.881784197001E-16,2.));
#14828 = DIRECTION('',(0.,0.,-1.));
#14829 = DIRECTION('',(-1.,-6.098052810315E-17,-0.));
#14830 = PCURVE('',#7418,#14831);
#14831 = DEFINITIONAL_REPRESENTATION('',(#14832),#14836);
#14832 = CIRCLE('',#14833,31.);
#14833 = AXIS2_PLACEMENT_2D('',#14834,#14835);
#14834 = CARTESIAN_POINT('',(35.125,-3.531815363043E-15));
#14835 = DIRECTION('',(1.720028305657E-16,1.));
#14836 = ( GEOMETRIC_REPRESENTATION_CONTEXT(2) 
PARAMETRIC_REPRESENTATION_CONTEXT() REPRESENTATION_CONTEXT('2D SPACE',''
  ) );
#14837 = PCURVE('',#10265,#14838);
#14838 = DEFINITIONAL_REPRESENTATION('',(#14839),#14843);
#14839 = LINE('',#14840,#14841);
#14840 = CARTESIAN_POINT('',(0.,0.));
#14841 = VECTOR('',#14842,1.);
#14842 = DIRECTION('',(1.,0.));
#14843 = ( GEOMETRIC_REPRESENTATION_CONTEXT(2) 
PARAMETRIC_REPRESENTATION_CONTEXT() REPRESENTATION_CONTEXT('2D SPACE',''
  ) );
#14844 = ORIENTED_EDGE('',*,*,#7526,.T.);
#14845 = ORIENTED_EDGE('',*,*,#14846,.F.);
#14846 = EDGE_CURVE('',#7380,#7527,#14847,.T.);
#14847 = SURFACE_CURVE('',#14848,(#14853,#14864),.PCURVE_S1.);
#14848 = CIRCLE('',#14849,31.8);
#14849 = AXIS2_PLACEMENT_3D('',#14850,#14851,#14852);
#14850 = CARTESIAN_POINT('',(8.881784197001E-16,-3.552713678801E-15,2.)
  );
#14851 = DIRECTION('',(0.,0.,1.));
#14852 = DIRECTION('',(1.,8.330827787858E-17,-0.));
#14853 = PCURVE('',#7418,#14854);
#14854 = DEFINITIONAL_REPRESENTATION('',(#14855),#14863);
#14855 = ( BOUNDED_CURVE() B_SPLINE_CURVE(2,(#14856,#14857,#14858,#14859
    ,#14860,#14861,#14862),.UNSPECIFIED.,.T.,.F.) 
B_SPLINE_CURVE_WITH_KNOTS((1,2,2,2,2,1),(-2.094395102393,0.,
    2.094395102393,4.188790204786,6.28318530718,8.377580409573),
.UNSPECIFIED.) CURVE() GEOMETRIC_REPRESENTATION_ITEM() 
RATIONAL_B_SPLINE_CURVE((1.,0.5,1.,0.5,1.,0.5,1.)) REPRESENTATION_ITEM(
  '') );
#14856 = CARTESIAN_POINT('',(35.125,-31.8));
#14857 = CARTESIAN_POINT('',(-19.95421568069,-31.8));
#14858 = CARTESIAN_POINT('',(7.585392159655,15.9));
#14859 = CARTESIAN_POINT('',(35.125,63.6));
#14860 = CARTESIAN_POINT('',(62.664607840345,15.9));
#14861 = CARTESIAN_POINT('',(90.20421568069,-31.8));
#14862 = CARTESIAN_POINT('',(35.125,-31.8));
#14863 = ( GEOMETRIC_REPRESENTATION_CONTEXT(2) 
PARAMETRIC_REPRESENTATION_CONTEXT() REPRESENTATION_CONTEXT('2D SPACE',''
  ) );
#14864 = PCURVE('',#10053,#14865);
#14865 = DEFINITIONAL_REPRESENTATION('',(#14866),#14870);
#14866 = LINE('',#14867,#14868);
#14867 = CARTESIAN_POINT('',(-0.,0.));
#14868 = VECTOR('',#14869,1.);
#14869 = DIRECTION('',(-1.,0.));
#14870 = ( GEOMETRIC_REPRESENTATION_CONTEXT(2) 
PARAMETRIC_REPRESENTATION_CONTEXT() REPRESENTATION_CONTEXT('2D SPACE',''
  ) );
#14871 = ORIENTED_EDGE('',*,*,#7402,.T.);
#14872 = ADVANCED_FACE('',(#14873),#7825,.T.);
#14873 = FACE_BOUND('',#14874,.T.);
#14874 = EDGE_LOOP('',(#14875,#14897,#14898,#14899));
#14875 = ORIENTED_EDGE('',*,*,#14876,.F.);
#14876 = EDGE_CURVE('',#7783,#7839,#14877,.T.);
#14877 = SURFACE_CURVE('',#14878,(#14883,#14890),.PCURVE_S1.);
#14878 = CIRCLE('',#14879,42.);
#14879 = AXIS2_PLACEMENT_3D('',#14880,#14881,#14882);
#14880 = CARTESIAN_POINT('',(5.329070518201E-15,8.881784197001E-15,2.));
#14881 = DIRECTION('',(0.,0.,-1.));
#14882 = DIRECTION('',(-1.,-1.679662986601E-16,-0.));
#14883 = PCURVE('',#7825,#14884);
#14884 = DEFINITIONAL_REPRESENTATION('',(#14885),#14889);
#14885 = CIRCLE('',#14886,42.);
#14886 = AXIS2_PLACEMENT_2D('',#14887,#14888);
#14887 = CARTESIAN_POINT('',(35.125,-5.308172202443E-15));
#14888 = DIRECTION('',(2.789886011226E-16,1.));
#14889 = ( GEOMETRIC_REPRESENTATION_CONTEXT(2) 
PARAMETRIC_REPRESENTATION_CONTEXT() REPRESENTATION_CONTEXT('2D SPACE',''
  ) );
#14890 = PCURVE('',#8450,#14891);
#14891 = DEFINITIONAL_REPRESENTATION('',(#14892),#14896);
#14892 = LINE('',#14893,#14894);
#14893 = CARTESIAN_POINT('',(0.,0.));
#14894 = VECTOR('',#14895,1.);
#14895 = DIRECTION('',(1.,0.));
#14896 = ( GEOMETRIC_REPRESENTATION_CONTEXT(2) 
PARAMETRIC_REPRESENTATION_CONTEXT() REPRESENTATION_CONTEXT('2D SPACE',''
  ) );
#14897 = ORIENTED_EDGE('',*,*,#7810,.T.);
#14898 = ORIENTED_EDGE('',*,*,#8195,.F.);
#14899 = ORIENTED_EDGE('',*,*,#7838,.T.);
#14900 = ADVANCED_FACE('',(#14901),#7911,.T.);
#14901 = FACE_BOUND('',#14902,.F.);
#14902 = EDGE_LOOP('',(#14903,#14926,#14948,#14949,#14950,#14951,#14952,
    #14953,#14954,#14955));
#14903 = ORIENTED_EDGE('',*,*,#14904,.T.);
#14904 = EDGE_CURVE('',#12378,#14905,#14907,.T.);
#14905 = VERTEX_POINT('',#14906);
#14906 = CARTESIAN_POINT('',(40.6,-3.101062387994E-15,3.2));
#14907 = SURFACE_CURVE('',#14908,(#14912,#14919),.PCURVE_S1.);
#14908 = LINE('',#14909,#14910);
#14909 = CARTESIAN_POINT('',(40.6,-3.101062387994E-15,2.));
#14910 = VECTOR('',#14911,1.);
#14911 = DIRECTION('',(0.,0.,1.));
#14912 = PCURVE('',#7911,#14913);
#14913 = DEFINITIONAL_REPRESENTATION('',(#14914),#14918);
#14914 = LINE('',#14915,#14916);
#14915 = CARTESIAN_POINT('',(-0.,0.));
#14916 = VECTOR('',#14917,1.);
#14917 = DIRECTION('',(-0.,-1.));
#14918 = ( GEOMETRIC_REPRESENTATION_CONTEXT(2) 
PARAMETRIC_REPRESENTATION_CONTEXT() REPRESENTATION_CONTEXT('2D SPACE',''
  ) );
#14919 = PCURVE('',#9607,#14920);
#14920 = DEFINITIONAL_REPRESENTATION('',(#14921),#14925);
#14921 = LINE('',#14922,#14923);
#14922 = CARTESIAN_POINT('',(-3.14159265359,0.));
#14923 = VECTOR('',#14924,1.);
#14924 = DIRECTION('',(-0.,-1.));
#14925 = ( GEOMETRIC_REPRESENTATION_CONTEXT(2) 
PARAMETRIC_REPRESENTATION_CONTEXT() REPRESENTATION_CONTEXT('2D SPACE',''
  ) );
#14926 = ORIENTED_EDGE('',*,*,#14927,.T.);
#14927 = EDGE_CURVE('',#14905,#7896,#14928,.T.);
#14928 = SURFACE_CURVE('',#14929,(#14934,#14941),.PCURVE_S1.);
#14929 = CIRCLE('',#14930,40.6);
#14930 = AXIS2_PLACEMENT_3D('',#14931,#14932,#14933);
#14931 = CARTESIAN_POINT('',(0.,-3.552713678801E-15,3.2));
#14932 = DIRECTION('',(0.,0.,1.));
#14933 = DIRECTION('',(1.,1.112441602971E-17,-0.));
#14934 = PCURVE('',#7911,#14935);
#14935 = DEFINITIONAL_REPRESENTATION('',(#14936),#14940);
#14936 = LINE('',#14937,#14938);
#14937 = CARTESIAN_POINT('',(-0.,-1.2));
#14938 = VECTOR('',#14939,1.);
#14939 = DIRECTION('',(-1.,0.));
#14940 = ( GEOMETRIC_REPRESENTATION_CONTEXT(2) 
PARAMETRIC_REPRESENTATION_CONTEXT() REPRESENTATION_CONTEXT('2D SPACE',''
  ) );
#14941 = PCURVE('',#7940,#14942);
#14942 = DEFINITIONAL_REPRESENTATION('',(#14943),#14947);
#14943 = CIRCLE('',#14944,40.6);
#14944 = AXIS2_PLACEMENT_2D('',#14945,#14946);
#14945 = CARTESIAN_POINT('',(-0.57247706422,0.63482918751));
#14946 = DIRECTION('',(1.,1.112441602971E-17));
#14947 = ( GEOMETRIC_REPRESENTATION_CONTEXT(2) 
PARAMETRIC_REPRESENTATION_CONTEXT() REPRESENTATION_CONTEXT('2D SPACE',''
  ) );
#14948 = ORIENTED_EDGE('',*,*,#7893,.F.);
#14949 = ORIENTED_EDGE('',*,*,#9412,.F.);
#14950 = ORIENTED_EDGE('',*,*,#12756,.F.);
#14951 = ORIENTED_EDGE('',*,*,#12678,.F.);
#14952 = ORIENTED_EDGE('',*,*,#14634,.F.);
#14953 = ORIENTED_EDGE('',*,*,#14420,.F.);
#14954 = ORIENTED_EDGE('',*,*,#13913,.F.);
#14955 = ORIENTED_EDGE('',*,*,#12459,.F.);
#14956 = ADVANCED_FACE('',(#14957),#7940,.T.);
#14957 = FACE_BOUND('',#14958,.T.);
#14958 = EDGE_LOOP('',(#14959,#14985,#15009,#15033,#15057,#15081,#15105,
    #15129,#15153,#15177,#15201,#15225,#15249,#15273,#15297,#15321,
    #15343,#15344,#15345,#15346,#15347,#15348,#15349,#15377,#15405,
    #15433,#15461,#15489,#15517,#15545,#15573,#15601,#15629,#15657,
    #15685,#15713,#15741,#15769,#15797,#15825,#15853,#15881));
#14959 = ORIENTED_EDGE('',*,*,#14960,.T.);
#14960 = EDGE_CURVE('',#14961,#14963,#14965,.T.);
#14961 = VERTEX_POINT('',#14962);
#14962 = CARTESIAN_POINT('',(23.,0.,3.2));
#14963 = VERTEX_POINT('',#14964);
#14964 = CARTESIAN_POINT('',(-23.,2.816687638039E-15,3.2));
#14965 = SURFACE_CURVE('',#14966,(#14971,#14978),.PCURVE_S1.);
#14966 = CIRCLE('',#14967,23.);
#14967 = AXIS2_PLACEMENT_3D('',#14968,#14969,#14970);
#14968 = CARTESIAN_POINT('',(0.,0.,3.2));
#14969 = DIRECTION('',(0.,0.,1.));
#14970 = DIRECTION('',(1.,0.,-0.));
#14971 = PCURVE('',#7940,#14972);
#14972 = DEFINITIONAL_REPRESENTATION('',(#14973),#14977);
#14973 = CIRCLE('',#14974,23.);
#14974 = AXIS2_PLACEMENT_2D('',#14975,#14976);
#14975 = CARTESIAN_POINT('',(-0.57247706422,0.634829187511));
#14976 = DIRECTION('',(1.,0.));
#14977 = ( GEOMETRIC_REPRESENTATION_CONTEXT(2) 
PARAMETRIC_REPRESENTATION_CONTEXT() REPRESENTATION_CONTEXT('2D SPACE',''
  ) );
#14978 = PCURVE('',#8872,#14979);
#14979 = DEFINITIONAL_REPRESENTATION('',(#14980),#14984);
#14980 = LINE('',#14981,#14982);
#14981 = CARTESIAN_POINT('',(-0.,-1.2));
#14982 = VECTOR('',#14983,1.);
#14983 = DIRECTION('',(-1.,0.));
#14984 = ( GEOMETRIC_REPRESENTATION_CONTEXT(2) 
PARAMETRIC_REPRESENTATION_CONTEXT() REPRESENTATION_CONTEXT('2D SPACE',''
  ) );
#14985 = ORIENTED_EDGE('',*,*,#14986,.T.);
#14986 = EDGE_CURVE('',#14963,#14987,#14989,.T.);
#14987 = VERTEX_POINT('',#14988);
#14988 = CARTESIAN_POINT('',(25.2,-2.170963824199E-15,3.2));
#14989 = SURFACE_CURVE('',#14990,(#14995,#15002),.PCURVE_S1.);
#14990 = CIRCLE('',#14991,24.1);
#14991 = AXIS2_PLACEMENT_3D('',#14992,#14993,#14994);
#14992 = CARTESIAN_POINT('',(1.1,-3.552713678801E-15,3.2));
#14993 = DIRECTION('',(0.,0.,1.));
#14994 = DIRECTION('',(-1.,2.642905110722E-16,-0.));
#14995 = PCURVE('',#7940,#14996);
#14996 = DEFINITIONAL_REPRESENTATION('',(#14997),#15001);
#14997 = CIRCLE('',#14998,24.1);
#14998 = AXIS2_PLACEMENT_2D('',#14999,#15000);
#14999 = CARTESIAN_POINT('',(0.52752293578,0.63482918751));
#15000 = DIRECTION('',(-1.,2.642905110722E-16));
#15001 = ( GEOMETRIC_REPRESENTATION_CONTEXT(2) 
PARAMETRIC_REPRESENTATION_CONTEXT() REPRESENTATION_CONTEXT('2D SPACE',''
  ) );
#15002 = PCURVE('',#9312,#15003);
#15003 = DEFINITIONAL_REPRESENTATION('',(#15004),#15008);
#15004 = LINE('',#15005,#15006);
#15005 = CARTESIAN_POINT('',(-0.,-1.2));
#15006 = VECTOR('',#15007,1.);
#15007 = DIRECTION('',(-1.,0.));
#15008 = ( GEOMETRIC_REPRESENTATION_CONTEXT(2) 
PARAMETRIC_REPRESENTATION_CONTEXT() REPRESENTATION_CONTEXT('2D SPACE',''
  ) );
#15009 = ORIENTED_EDGE('',*,*,#15010,.T.);
#15010 = EDGE_CURVE('',#14987,#15011,#15013,.T.);
#15011 = VERTEX_POINT('',#15012);
#15012 = CARTESIAN_POINT('',(-25.2,-1.848353599551E-15,3.2));
#15013 = SURFACE_CURVE('',#15014,(#15019,#15026),.PCURVE_S1.);
#15014 = CIRCLE('',#15015,25.2);
#15015 = AXIS2_PLACEMENT_3D('',#15016,#15017,#15018);
#15016 = CARTESIAN_POINT('',(2.6645352591E-15,-3.552713678801E-15,3.2));
#15017 = DIRECTION('',(0.,0.,1.));
#15018 = DIRECTION('',(1.,5.483134343659E-17,-0.));
#15019 = PCURVE('',#7940,#15020);
#15020 = DEFINITIONAL_REPRESENTATION('',(#15021),#15025);
#15021 = CIRCLE('',#15022,25.2);
#15022 = AXIS2_PLACEMENT_2D('',#15023,#15024);
#15023 = CARTESIAN_POINT('',(-0.57247706422,0.63482918751));
#15024 = DIRECTION('',(1.,5.483134343659E-17));
#15025 = ( GEOMETRIC_REPRESENTATION_CONTEXT(2) 
PARAMETRIC_REPRESENTATION_CONTEXT() REPRESENTATION_CONTEXT('2D SPACE',''
  ) );
#15026 = PCURVE('',#9285,#15027);
#15027 = DEFINITIONAL_REPRESENTATION('',(#15028),#15032);
#15028 = LINE('',#15029,#15030);
#15029 = CARTESIAN_POINT('',(-0.,-1.2));
#15030 = VECTOR('',#15031,1.);
#15031 = DIRECTION('',(-1.,0.));
#15032 = ( GEOMETRIC_REPRESENTATION_CONTEXT(2) 
PARAMETRIC_REPRESENTATION_CONTEXT() REPRESENTATION_CONTEXT('2D SPACE',''
  ) );
#15033 = ORIENTED_EDGE('',*,*,#15034,.T.);
#15034 = EDGE_CURVE('',#15011,#15035,#15037,.T.);
#15035 = VERTEX_POINT('',#15036);
#15036 = CARTESIAN_POINT('',(27.4,-1.372467482206E-15,3.2));
#15037 = SURFACE_CURVE('',#15038,(#15043,#15050),.PCURVE_S1.);
#15038 = CIRCLE('',#15039,26.3);
#15039 = AXIS2_PLACEMENT_3D('',#15040,#15041,#15042);
#15040 = CARTESIAN_POINT('',(1.1,0.,3.2));
#15041 = DIRECTION('',(0.,0.,1.));
#15042 = DIRECTION('',(-1.,-7.027960454567E-17,0.));
#15043 = PCURVE('',#7940,#15044);
#15044 = DEFINITIONAL_REPRESENTATION('',(#15045),#15049);
#15045 = CIRCLE('',#15046,26.3);
#15046 = AXIS2_PLACEMENT_2D('',#15047,#15048);
#15047 = CARTESIAN_POINT('',(0.52752293578,0.634829187511));
#15048 = DIRECTION('',(-1.,-7.027960454567E-17));
#15049 = ( GEOMETRIC_REPRESENTATION_CONTEXT(2) 
PARAMETRIC_REPRESENTATION_CONTEXT() REPRESENTATION_CONTEXT('2D SPACE',''
  ) );
#15050 = PCURVE('',#9256,#15051);
#15051 = DEFINITIONAL_REPRESENTATION('',(#15052),#15056);
#15052 = LINE('',#15053,#15054);
#15053 = CARTESIAN_POINT('',(-0.,-1.2));
#15054 = VECTOR('',#15055,1.);
#15055 = DIRECTION('',(-1.,0.));
#15056 = ( GEOMETRIC_REPRESENTATION_CONTEXT(2) 
PARAMETRIC_REPRESENTATION_CONTEXT() REPRESENTATION_CONTEXT('2D SPACE',''
  ) );
#15057 = ORIENTED_EDGE('',*,*,#15058,.T.);
#15058 = EDGE_CURVE('',#15035,#15059,#15061,.T.);
#15059 = VERTEX_POINT('',#15060);
#15060 = CARTESIAN_POINT('',(-27.4,-2.377427645731E-15,3.2));
#15061 = SURFACE_CURVE('',#15062,(#15067,#15074),.PCURVE_S1.);
#15062 = CIRCLE('',#15063,27.4);
#15063 = AXIS2_PLACEMENT_3D('',#15064,#15065,#15066);
#15064 = CARTESIAN_POINT('',(3.552713678801E-15,-3.552713678801E-15,3.2)
  );
#15065 = DIRECTION('',(0.,0.,1.));
#15066 = DIRECTION('',(1.,7.957102907278E-17,-0.));
#15067 = PCURVE('',#7940,#15068);
#15068 = DEFINITIONAL_REPRESENTATION('',(#15069),#15073);
#15069 = CIRCLE('',#15070,27.4);
#15070 = AXIS2_PLACEMENT_2D('',#15071,#15072);
#15071 = CARTESIAN_POINT('',(-0.57247706422,0.63482918751));
#15072 = DIRECTION('',(1.,7.957102907278E-17));
#15073 = ( GEOMETRIC_REPRESENTATION_CONTEXT(2) 
PARAMETRIC_REPRESENTATION_CONTEXT() REPRESENTATION_CONTEXT('2D SPACE',''
  ) );
#15074 = PCURVE('',#8692,#15075);
#15075 = DEFINITIONAL_REPRESENTATION('',(#15076),#15080);
#15076 = LINE('',#15077,#15078);
#15077 = CARTESIAN_POINT('',(-0.,-1.2));
#15078 = VECTOR('',#15079,1.);
#15079 = DIRECTION('',(-1.,0.));
#15080 = ( GEOMETRIC_REPRESENTATION_CONTEXT(2) 
PARAMETRIC_REPRESENTATION_CONTEXT() REPRESENTATION_CONTEXT('2D SPACE',''
  ) );
#15081 = ORIENTED_EDGE('',*,*,#15082,.T.);
#15082 = EDGE_CURVE('',#15059,#15083,#15085,.T.);
#15083 = VERTEX_POINT('',#15084);
#15084 = CARTESIAN_POINT('',(29.6,-6.663930854965E-15,3.2));
#15085 = SURFACE_CURVE('',#15086,(#15091,#15098),.PCURVE_S1.);
#15086 = CIRCLE('',#15087,28.5);
#15087 = AXIS2_PLACEMENT_3D('',#15088,#15089,#15090);
#15088 = CARTESIAN_POINT('',(1.1,3.552713678801E-15,3.2));
#15089 = DIRECTION('',(0.,0.,1.));
#15090 = DIRECTION('',(-1.,-2.080751341941E-16,0.));
#15091 = PCURVE('',#7940,#15092);
#15092 = DEFINITIONAL_REPRESENTATION('',(#15093),#15097);
#15093 = CIRCLE('',#15094,28.5);
#15094 = AXIS2_PLACEMENT_2D('',#15095,#15096);
#15095 = CARTESIAN_POINT('',(0.52752293578,0.634829187511));
#15096 = DIRECTION('',(-1.,-2.080751341941E-16));
#15097 = ( GEOMETRIC_REPRESENTATION_CONTEXT(2) 
PARAMETRIC_REPRESENTATION_CONTEXT() REPRESENTATION_CONTEXT('2D SPACE',''
  ) );
#15098 = PCURVE('',#8780,#15099);
#15099 = DEFINITIONAL_REPRESENTATION('',(#15100),#15104);
#15100 = LINE('',#15101,#15102);
#15101 = CARTESIAN_POINT('',(-0.,-1.2));
#15102 = VECTOR('',#15103,1.);
#15103 = DIRECTION('',(-1.,0.));
#15104 = ( GEOMETRIC_REPRESENTATION_CONTEXT(2) 
PARAMETRIC_REPRESENTATION_CONTEXT() REPRESENTATION_CONTEXT('2D SPACE',''
  ) );
#15105 = ORIENTED_EDGE('',*,*,#15106,.T.);
#15106 = EDGE_CURVE('',#15083,#15107,#15109,.T.);
#15107 = VERTEX_POINT('',#15108);
#15108 = CARTESIAN_POINT('',(-29.6,6.965584476797E-16,3.2));
#15109 = SURFACE_CURVE('',#15110,(#15115,#15122),.PCURVE_S1.);
#15110 = CIRCLE('',#15111,29.6);
#15111 = AXIS2_PLACEMENT_3D('',#15112,#15113,#15114);
#15112 = CARTESIAN_POINT('',(-3.552713678801E-15,1.7763568394E-15,3.2));
#15113 = DIRECTION('',(0.,0.,1.));
#15114 = DIRECTION('',(1.,-2.851448545394E-16,0.));
#15115 = PCURVE('',#7940,#15116);
#15116 = DEFINITIONAL_REPRESENTATION('',(#15117),#15121);
#15117 = CIRCLE('',#15118,29.6);
#15118 = AXIS2_PLACEMENT_2D('',#15119,#15120);
#15119 = CARTESIAN_POINT('',(-0.57247706422,0.634829187511));
#15120 = DIRECTION('',(1.,-2.851448545394E-16));
#15121 = ( GEOMETRIC_REPRESENTATION_CONTEXT(2) 
PARAMETRIC_REPRESENTATION_CONTEXT() REPRESENTATION_CONTEXT('2D SPACE',''
  ) );
#15122 = PCURVE('',#10231,#15123);
#15123 = DEFINITIONAL_REPRESENTATION('',(#15124),#15128);
#15124 = LINE('',#15125,#15126);
#15125 = CARTESIAN_POINT('',(-0.,-1.2));
#15126 = VECTOR('',#15127,1.);
#15127 = DIRECTION('',(-1.,0.));
#15128 = ( GEOMETRIC_REPRESENTATION_CONTEXT(2) 
PARAMETRIC_REPRESENTATION_CONTEXT() REPRESENTATION_CONTEXT('2D SPACE',''
  ) );
#15129 = ORIENTED_EDGE('',*,*,#15130,.T.);
#15130 = EDGE_CURVE('',#15107,#15131,#15133,.T.);
#15131 = VERTEX_POINT('',#15132);
#15132 = CARTESIAN_POINT('',(31.8,-9.035104422616E-16,3.2));
#15133 = SURFACE_CURVE('',#15134,(#15139,#15146),.PCURVE_S1.);
#15134 = CIRCLE('',#15135,30.7);
#15135 = AXIS2_PLACEMENT_3D('',#15136,#15137,#15138);
#15136 = CARTESIAN_POINT('',(1.1,1.7763568394E-15,3.2));
#15137 = DIRECTION('',(0.,0.,1.));
#15138 = DIRECTION('',(-1.,-3.517258604953E-17,0.));
#15139 = PCURVE('',#7940,#15140);
#15140 = DEFINITIONAL_REPRESENTATION('',(#15141),#15145);
#15141 = CIRCLE('',#15142,30.7);
#15142 = AXIS2_PLACEMENT_2D('',#15143,#15144);
#15143 = CARTESIAN_POINT('',(0.52752293578,0.634829187511));
#15144 = DIRECTION('',(-1.,-3.517258604953E-17));
#15145 = ( GEOMETRIC_REPRESENTATION_CONTEXT(2) 
PARAMETRIC_REPRESENTATION_CONTEXT() REPRESENTATION_CONTEXT('2D SPACE',''
  ) );
#15146 = PCURVE('',#8631,#15147);
#15147 = DEFINITIONAL_REPRESENTATION('',(#15148),#15152);
#15148 = LINE('',#15149,#15150);
#15149 = CARTESIAN_POINT('',(-0.,-1.2));
#15150 = VECTOR('',#15151,1.);
#15151 = DIRECTION('',(-1.,0.));
#15152 = ( GEOMETRIC_REPRESENTATION_CONTEXT(2) 
PARAMETRIC_REPRESENTATION_CONTEXT() REPRESENTATION_CONTEXT('2D SPACE',''
  ) );
#15153 = ORIENTED_EDGE('',*,*,#15154,.T.);
#15154 = EDGE_CURVE('',#15131,#15155,#15157,.T.);
#15155 = VERTEX_POINT('',#15156);
#15156 = CARTESIAN_POINT('',(-31.8,-2.307540094051E-15,3.2));
#15157 = SURFACE_CURVE('',#15158,(#15163,#15170),.PCURVE_S1.);
#15158 = CIRCLE('',#15159,31.8);
#15159 = AXIS2_PLACEMENT_3D('',#15160,#15161,#15162);
#15160 = CARTESIAN_POINT('',(8.881784197001E-16,-3.552713678801E-15,3.2)
  );
#15161 = DIRECTION('',(0.,0.,1.));
#15162 = DIRECTION('',(1.,8.330827787858E-17,-0.));
#15163 = PCURVE('',#7940,#15164);
#15164 = DEFINITIONAL_REPRESENTATION('',(#15165),#15169);
#15165 = CIRCLE('',#15166,31.8);
#15166 = AXIS2_PLACEMENT_2D('',#15167,#15168);
#15167 = CARTESIAN_POINT('',(-0.57247706422,0.63482918751));
#15168 = DIRECTION('',(1.,8.330827787858E-17));
#15169 = ( GEOMETRIC_REPRESENTATION_CONTEXT(2) 
PARAMETRIC_REPRESENTATION_CONTEXT() REPRESENTATION_CONTEXT('2D SPACE',''
  ) );
#15170 = PCURVE('',#10053,#15171);
#15171 = DEFINITIONAL_REPRESENTATION('',(#15172),#15176);
#15172 = LINE('',#15173,#15174);
#15173 = CARTESIAN_POINT('',(-0.,-1.2));
#15174 = VECTOR('',#15175,1.);
#15175 = DIRECTION('',(-1.,0.));
#15176 = ( GEOMETRIC_REPRESENTATION_CONTEXT(2) 
PARAMETRIC_REPRESENTATION_CONTEXT() REPRESENTATION_CONTEXT('2D SPACE',''
  ) );
#15177 = ORIENTED_EDGE('',*,*,#15178,.T.);
#15178 = EDGE_CURVE('',#15155,#15179,#15181,.T.);
#15179 = VERTEX_POINT('',#15180);
#15180 = CARTESIAN_POINT('',(34.,-9.22665552161E-15,3.2));
#15181 = SURFACE_CURVE('',#15182,(#15187,#15194),.PCURVE_S1.);
#15182 = CIRCLE('',#15183,32.9);
#15183 = AXIS2_PLACEMENT_3D('',#15184,#15185,#15186);
#15184 = CARTESIAN_POINT('',(1.1,3.552713678801E-15,3.2));
#15185 = DIRECTION('',(0.,0.,1.));
#15186 = DIRECTION('',(-1.,-1.781232149803E-16,0.));
#15187 = PCURVE('',#7940,#15188);
#15188 = DEFINITIONAL_REPRESENTATION('',(#15189),#15193);
#15189 = CIRCLE('',#15190,32.9);
#15190 = AXIS2_PLACEMENT_2D('',#15191,#15192);
#15191 = CARTESIAN_POINT('',(0.52752293578,0.634829187511));
#15192 = DIRECTION('',(-1.,-1.781232149803E-16));
#15193 = ( GEOMETRIC_REPRESENTATION_CONTEXT(2) 
PARAMETRIC_REPRESENTATION_CONTEXT() REPRESENTATION_CONTEXT('2D SPACE',''
  ) );
#15194 = PCURVE('',#10141,#15195);
#15195 = DEFINITIONAL_REPRESENTATION('',(#15196),#15200);
#15196 = LINE('',#15197,#15198);
#15197 = CARTESIAN_POINT('',(-0.,-1.2));
#15198 = VECTOR('',#15199,1.);
#15199 = DIRECTION('',(-1.,0.));
#15200 = ( GEOMETRIC_REPRESENTATION_CONTEXT(2) 
PARAMETRIC_REPRESENTATION_CONTEXT() REPRESENTATION_CONTEXT('2D SPACE',''
  ) );
#15201 = ORIENTED_EDGE('',*,*,#15202,.T.);
#15202 = EDGE_CURVE('',#15179,#15203,#15205,.T.);
#15203 = VERTEX_POINT('',#15204);
#15204 = CARTESIAN_POINT('',(-34.,6.28502728111E-15,3.2));
#15205 = SURFACE_CURVE('',#15206,(#15211,#15218),.PCURVE_S1.);
#15206 = CIRCLE('',#15207,34.);
#15207 = AXIS2_PLACEMENT_3D('',#15208,#15209,#15210);
#15208 = CARTESIAN_POINT('',(3.552713678801E-15,-3.552713678801E-15,3.2)
  );
#15209 = DIRECTION('',(0.,0.,1.));
#15210 = DIRECTION('',(1.,-1.668806424356E-16,0.));
#15211 = PCURVE('',#7940,#15212);
#15212 = DEFINITIONAL_REPRESENTATION('',(#15213),#15217);
#15213 = CIRCLE('',#15214,34.);
#15214 = AXIS2_PLACEMENT_2D('',#15215,#15216);
#15215 = CARTESIAN_POINT('',(-0.57247706422,0.63482918751));
#15216 = DIRECTION('',(1.,-1.668806424356E-16));
#15217 = ( GEOMETRIC_REPRESENTATION_CONTEXT(2) 
PARAMETRIC_REPRESENTATION_CONTEXT() REPRESENTATION_CONTEXT('2D SPACE',''
  ) );
#15218 = PCURVE('',#9875,#15219);
#15219 = DEFINITIONAL_REPRESENTATION('',(#15220),#15224);
#15220 = LINE('',#15221,#15222);
#15221 = CARTESIAN_POINT('',(-0.,-1.2));
#15222 = VECTOR('',#15223,1.);
#15223 = DIRECTION('',(-1.,0.));
#15224 = ( GEOMETRIC_REPRESENTATION_CONTEXT(2) 
PARAMETRIC_REPRESENTATION_CONTEXT() REPRESENTATION_CONTEXT('2D SPACE',''
  ) );
#15225 = ORIENTED_EDGE('',*,*,#15226,.T.);
#15226 = EDGE_CURVE('',#15203,#15227,#15229,.T.);
#15227 = VERTEX_POINT('',#15228);
#15228 = CARTESIAN_POINT('',(36.2,-7.030823867317E-15,3.2));
#15229 = SURFACE_CURVE('',#15230,(#15235,#15242),.PCURVE_S1.);
#15230 = CIRCLE('',#15231,35.1);
#15231 = AXIS2_PLACEMENT_3D('',#15232,#15233,#15234);
#15232 = CARTESIAN_POINT('',(1.1,1.7763568394E-15,3.2));
#15233 = DIRECTION('',(0.,0.,1.));
#15234 = DIRECTION('',(-1.,1.284521493365E-16,-0.));
#15235 = PCURVE('',#7940,#15236);
#15236 = DEFINITIONAL_REPRESENTATION('',(#15237),#15241);
#15237 = CIRCLE('',#15238,35.1);
#15238 = AXIS2_PLACEMENT_2D('',#15239,#15240);
#15239 = CARTESIAN_POINT('',(0.52752293578,0.634829187511));
#15240 = DIRECTION('',(-1.,1.284521493365E-16));
#15241 = ( GEOMETRIC_REPRESENTATION_CONTEXT(2) 
PARAMETRIC_REPRESENTATION_CONTEXT() REPRESENTATION_CONTEXT('2D SPACE',''
  ) );
#15242 = PCURVE('',#9963,#15243);
#15243 = DEFINITIONAL_REPRESENTATION('',(#15244),#15248);
#15244 = LINE('',#15245,#15246);
#15245 = CARTESIAN_POINT('',(-0.,-1.2));
#15246 = VECTOR('',#15247,1.);
#15247 = DIRECTION('',(-1.,0.));
#15248 = ( GEOMETRIC_REPRESENTATION_CONTEXT(2) 
PARAMETRIC_REPRESENTATION_CONTEXT() REPRESENTATION_CONTEXT('2D SPACE',''
  ) );
#15249 = ORIENTED_EDGE('',*,*,#15250,.T.);
#15250 = EDGE_CURVE('',#15227,#15251,#15253,.T.);
#15251 = VERTEX_POINT('',#15252);
#15252 = CARTESIAN_POINT('',(-36.2,6.046156920059E-15,3.2));
#15253 = SURFACE_CURVE('',#15254,(#15259,#15266),.PCURVE_S1.);
#15254 = CIRCLE('',#15255,36.2);
#15255 = AXIS2_PLACEMENT_3D('',#15256,#15257,#15258);
#15256 = CARTESIAN_POINT('',(-3.552713678801E-15,5.329070518201E-15,3.2)
  );
#15257 = DIRECTION('',(0.,0.,1.));
#15258 = DIRECTION('',(1.,-3.414335465613E-16,0.));
#15259 = PCURVE('',#7940,#15260);
#15260 = DEFINITIONAL_REPRESENTATION('',(#15261),#15265);
#15261 = CIRCLE('',#15262,36.2);
#15262 = AXIS2_PLACEMENT_2D('',#15263,#15264);
#15263 = CARTESIAN_POINT('',(-0.57247706422,0.634829187511));
#15264 = DIRECTION('',(1.,-3.414335465613E-16));
#15265 = ( GEOMETRIC_REPRESENTATION_CONTEXT(2) 
PARAMETRIC_REPRESENTATION_CONTEXT() REPRESENTATION_CONTEXT('2D SPACE',''
  ) );
#15266 = PCURVE('',#9697,#15267);
#15267 = DEFINITIONAL_REPRESENTATION('',(#15268),#15272);
#15268 = LINE('',#15269,#15270);
#15269 = CARTESIAN_POINT('',(-0.,-1.2));
#15270 = VECTOR('',#15271,1.);
#15271 = DIRECTION('',(-1.,0.));
#15272 = ( GEOMETRIC_REPRESENTATION_CONTEXT(2) 
PARAMETRIC_REPRESENTATION_CONTEXT() REPRESENTATION_CONTEXT('2D SPACE',''
  ) );
#15273 = ORIENTED_EDGE('',*,*,#15274,.T.);
#15274 = EDGE_CURVE('',#15251,#15275,#15277,.T.);
#15275 = VERTEX_POINT('',#15276);
#15276 = CARTESIAN_POINT('',(38.4,-1.154989311073E-15,3.2));
#15277 = SURFACE_CURVE('',#15278,(#15283,#15290),.PCURVE_S1.);
#15278 = CIRCLE('',#15279,37.3);
#15279 = AXIS2_PLACEMENT_3D('',#15280,#15281,#15282);
#15280 = CARTESIAN_POINT('',(1.1,-3.552713678801E-15,3.2));
#15281 = DIRECTION('',(0.,0.,1.));
#15282 = DIRECTION('',(-1.,2.573423753046E-16,-0.));
#15283 = PCURVE('',#7940,#15284);
#15284 = DEFINITIONAL_REPRESENTATION('',(#15285),#15289);
#15285 = CIRCLE('',#15286,37.3);
#15286 = AXIS2_PLACEMENT_2D('',#15287,#15288);
#15287 = CARTESIAN_POINT('',(0.52752293578,0.63482918751));
#15288 = DIRECTION('',(-1.,2.573423753046E-16));
#15289 = ( GEOMETRIC_REPRESENTATION_CONTEXT(2) 
PARAMETRIC_REPRESENTATION_CONTEXT() REPRESENTATION_CONTEXT('2D SPACE',''
  ) );
#15290 = PCURVE('',#9785,#15291);
#15291 = DEFINITIONAL_REPRESENTATION('',(#15292),#15296);
#15292 = LINE('',#15293,#15294);
#15293 = CARTESIAN_POINT('',(-0.,-1.2));
#15294 = VECTOR('',#15295,1.);
#15295 = DIRECTION('',(-1.,0.));
#15296 = ( GEOMETRIC_REPRESENTATION_CONTEXT(2) 
PARAMETRIC_REPRESENTATION_CONTEXT() REPRESENTATION_CONTEXT('2D SPACE',''
  ) );
#15297 = ORIENTED_EDGE('',*,*,#15298,.T.);
#15298 = EDGE_CURVE('',#15275,#15299,#15301,.T.);
#15299 = VERTEX_POINT('',#15300);
#15300 = CARTESIAN_POINT('',(-38.4,1.225251764164E-14,3.2));
#15301 = SURFACE_CURVE('',#15302,(#15307,#15314),.PCURVE_S1.);
#15302 = CIRCLE('',#15303,38.4);
#15303 = AXIS2_PLACEMENT_3D('',#15304,#15305,#15306);
#15304 = CARTESIAN_POINT('',(1.7763568394E-15,-5.329070518201E-15,3.2));
#15305 = DIRECTION('',(0.,0.,1.));
#15306 = DIRECTION('',(1.,1.087000314356E-16,-0.));
#15307 = PCURVE('',#7940,#15308);
#15308 = DEFINITIONAL_REPRESENTATION('',(#15309),#15313);
#15309 = CIRCLE('',#15310,38.4);
#15310 = AXIS2_PLACEMENT_2D('',#15311,#15312);
#15311 = CARTESIAN_POINT('',(-0.57247706422,0.63482918751));
#15312 = DIRECTION('',(1.,1.087000314356E-16));
#15313 = ( GEOMETRIC_REPRESENTATION_CONTEXT(2) 
PARAMETRIC_REPRESENTATION_CONTEXT() REPRESENTATION_CONTEXT('2D SPACE',''
  ) );
#15314 = PCURVE('',#9519,#15315);
#15315 = DEFINITIONAL_REPRESENTATION('',(#15316),#15320);
#15316 = LINE('',#15317,#15318);
#15317 = CARTESIAN_POINT('',(-0.,-1.2));
#15318 = VECTOR('',#15319,1.);
#15319 = DIRECTION('',(-1.,0.));
#15320 = ( GEOMETRIC_REPRESENTATION_CONTEXT(2) 
PARAMETRIC_REPRESENTATION_CONTEXT() REPRESENTATION_CONTEXT('2D SPACE',''
  ) );
#15321 = ORIENTED_EDGE('',*,*,#15322,.T.);
#15322 = EDGE_CURVE('',#15299,#14905,#15323,.T.);
#15323 = SURFACE_CURVE('',#15324,(#15329,#15336),.PCURVE_S1.);
#15324 = CIRCLE('',#15325,39.5);
#15325 = AXIS2_PLACEMENT_3D('',#15326,#15327,#15328);
#15326 = CARTESIAN_POINT('',(1.1,-1.7763568394E-15,3.2));
#15327 = DIRECTION('',(0.,0.,1.));
#15328 = DIRECTION('',(-1.,3.551613792668E-16,-0.));
#15329 = PCURVE('',#7940,#15330);
#15330 = DEFINITIONAL_REPRESENTATION('',(#15331),#15335);
#15331 = CIRCLE('',#15332,39.5);
#15332 = AXIS2_PLACEMENT_2D('',#15333,#15334);
#15333 = CARTESIAN_POINT('',(0.52752293578,0.63482918751));
#15334 = DIRECTION('',(-1.,3.551613792668E-16));
#15335 = ( GEOMETRIC_REPRESENTATION_CONTEXT(2) 
PARAMETRIC_REPRESENTATION_CONTEXT() REPRESENTATION_CONTEXT('2D SPACE',''
  ) );
#15336 = PCURVE('',#9607,#15337);
#15337 = DEFINITIONAL_REPRESENTATION('',(#15338),#15342);
#15338 = LINE('',#15339,#15340);
#15339 = CARTESIAN_POINT('',(-0.,-1.2));
#15340 = VECTOR('',#15341,1.);
#15341 = DIRECTION('',(-1.,0.));
#15342 = ( GEOMETRIC_REPRESENTATION_CONTEXT(2) 
PARAMETRIC_REPRESENTATION_CONTEXT() REPRESENTATION_CONTEXT('2D SPACE',''
  ) );
#15343 = ORIENTED_EDGE('',*,*,#14927,.T.);
#15344 = ORIENTED_EDGE('',*,*,#7923,.T.);
#15345 = ORIENTED_EDGE('',*,*,#8122,.T.);
#15346 = ORIENTED_EDGE('',*,*,#8253,.T.);
#15347 = ORIENTED_EDGE('',*,*,#8357,.T.);
#15348 = ORIENTED_EDGE('',*,*,#8406,.T.);
#15349 = ORIENTED_EDGE('',*,*,#15350,.T.);
#15350 = EDGE_CURVE('',#8407,#15351,#15353,.T.);
#15351 = VERTEX_POINT('',#15352);
#15352 = CARTESIAN_POINT('',(42.,2.428138483443E-15,3.2));
#15353 = SURFACE_CURVE('',#15354,(#15359,#15370),.PCURVE_S1.);
#15354 = CIRCLE('',#15355,42.);
#15355 = AXIS2_PLACEMENT_3D('',#15356,#15357,#15358);
#15356 = CARTESIAN_POINT('',(5.329070518201E-15,8.881784197001E-15,3.2)
  );
#15357 = DIRECTION('',(0.,0.,-1.));
#15358 = DIRECTION('',(-1.,-1.679662986601E-16,-0.));
#15359 = PCURVE('',#7940,#15360);
#15360 = DEFINITIONAL_REPRESENTATION('',(#15361),#15369);
#15361 = ( BOUNDED_CURVE() B_SPLINE_CURVE(2,(#15362,#15363,#15364,#15365
    ,#15366,#15367,#15368),.UNSPECIFIED.,.T.,.F.) 
B_SPLINE_CURVE_WITH_KNOTS((1,2,2,2,2,1),(-2.094395102393,0.,
    2.094395102393,4.188790204786,6.28318530718,8.377580409573),
.UNSPECIFIED.) CURVE() GEOMETRIC_REPRESENTATION_ITEM() 
RATIONAL_B_SPLINE_CURVE((1.,0.5,1.,0.5,1.,0.5,1.)) REPRESENTATION_ITEM(
  '') );
#15362 = CARTESIAN_POINT('',(-42.57247706422,0.634829187511));
#15363 = CARTESIAN_POINT('',(-42.57247706422,73.380963105403));
#15364 = CARTESIAN_POINT('',(20.42752293578,37.007896146457));
#15365 = CARTESIAN_POINT('',(83.42752293578,0.634829187511));
#15366 = CARTESIAN_POINT('',(20.42752293578,-35.73823777143));
#15367 = CARTESIAN_POINT('',(-42.57247706422,-72.11130473038));
#15368 = CARTESIAN_POINT('',(-42.57247706422,0.634829187511));
#15369 = ( GEOMETRIC_REPRESENTATION_CONTEXT(2) 
PARAMETRIC_REPRESENTATION_CONTEXT() REPRESENTATION_CONTEXT('2D SPACE',''
  ) );
#15370 = PCURVE('',#8450,#15371);
#15371 = DEFINITIONAL_REPRESENTATION('',(#15372),#15376);
#15372 = LINE('',#15373,#15374);
#15373 = CARTESIAN_POINT('',(0.,-1.2));
#15374 = VECTOR('',#15375,1.);
#15375 = DIRECTION('',(1.,0.));
#15376 = ( GEOMETRIC_REPRESENTATION_CONTEXT(2) 
PARAMETRIC_REPRESENTATION_CONTEXT() REPRESENTATION_CONTEXT('2D SPACE',''
  ) );
#15377 = ORIENTED_EDGE('',*,*,#15378,.T.);
#15378 = EDGE_CURVE('',#15351,#15379,#15381,.T.);
#15379 = VERTEX_POINT('',#15380);
#15380 = CARTESIAN_POINT('',(-39.8,-3.315165343545E-16,3.2));
#15381 = SURFACE_CURVE('',#15382,(#15387,#15398),.PCURVE_S1.);
#15382 = CIRCLE('',#15383,40.9);
#15383 = AXIS2_PLACEMENT_3D('',#15384,#15385,#15386);
#15384 = CARTESIAN_POINT('',(1.1,3.552713678801E-15,3.2));
#15385 = DIRECTION('',(-0.,0.,-1.));
#15386 = DIRECTION('',(1.,-2.749572604786E-17,-0.));
#15387 = PCURVE('',#7940,#15388);
#15388 = DEFINITIONAL_REPRESENTATION('',(#15389),#15397);
#15389 = ( BOUNDED_CURVE() B_SPLINE_CURVE(2,(#15390,#15391,#15392,#15393
    ,#15394,#15395,#15396),.UNSPECIFIED.,.T.,.F.) 
B_SPLINE_CURVE_WITH_KNOTS((1,2,2,2,2,1),(-2.094395102393,0.,
    2.094395102393,4.188790204786,6.28318530718,8.377580409573),
.UNSPECIFIED.) CURVE() GEOMETRIC_REPRESENTATION_ITEM() 
RATIONAL_B_SPLINE_CURVE((1.,0.5,1.,0.5,1.,0.5,1.)) REPRESENTATION_ITEM(
  '') );
#15390 = CARTESIAN_POINT('',(41.42752293578,0.634829187511));
#15391 = CARTESIAN_POINT('',(41.42752293578,-70.20604884205));
#15392 = CARTESIAN_POINT('',(-19.92247706422,-34.78560982727));
#15393 = CARTESIAN_POINT('',(-81.27247706422,0.63482918751));
#15394 = CARTESIAN_POINT('',(-19.92247706422,36.055268202294));
#15395 = CARTESIAN_POINT('',(41.42752293578,71.475707217078));
#15396 = CARTESIAN_POINT('',(41.42752293578,0.634829187511));
#15397 = ( GEOMETRIC_REPRESENTATION_CONTEXT(2) 
PARAMETRIC_REPRESENTATION_CONTEXT() REPRESENTATION_CONTEXT('2D SPACE',''
  ) );
#15398 = PCURVE('',#9484,#15399);
#15399 = DEFINITIONAL_REPRESENTATION('',(#15400),#15404);
#15400 = LINE('',#15401,#15402);
#15401 = CARTESIAN_POINT('',(0.,-1.2));
#15402 = VECTOR('',#15403,1.);
#15403 = DIRECTION('',(1.,0.));
#15404 = ( GEOMETRIC_REPRESENTATION_CONTEXT(2) 
PARAMETRIC_REPRESENTATION_CONTEXT() REPRESENTATION_CONTEXT('2D SPACE',''
  ) );
#15405 = ORIENTED_EDGE('',*,*,#15406,.T.);
#15406 = EDGE_CURVE('',#15379,#15407,#15409,.T.);
#15407 = VERTEX_POINT('',#15408);
#15408 = CARTESIAN_POINT('',(39.8,5.205610794961E-15,3.2));
#15409 = SURFACE_CURVE('',#15410,(#15415,#15426),.PCURVE_S1.);
#15410 = CIRCLE('',#15411,39.8);
#15411 = AXIS2_PLACEMENT_3D('',#15412,#15413,#15414);
#15412 = CARTESIAN_POINT('',(3.552713678801E-15,0.,3.2));
#15413 = DIRECTION('',(0.,0.,-1.));
#15414 = DIRECTION('',(-1.,-8.329561164686E-18,-0.));
#15415 = PCURVE('',#7940,#15416);
#15416 = DEFINITIONAL_REPRESENTATION('',(#15417),#15425);
#15417 = ( BOUNDED_CURVE() B_SPLINE_CURVE(2,(#15418,#15419,#15420,#15421
    ,#15422,#15423,#15424),.UNSPECIFIED.,.T.,.F.) 
B_SPLINE_CURVE_WITH_KNOTS((1,2,2,2,2,1),(-2.094395102393,0.,
    2.094395102393,4.188790204786,6.28318530718,8.377580409573),
.UNSPECIFIED.) CURVE() GEOMETRIC_REPRESENTATION_ITEM() 
RATIONAL_B_SPLINE_CURVE((1.,0.5,1.,0.5,1.,0.5,1.)) REPRESENTATION_ITEM(
  '') );
#15418 = CARTESIAN_POINT('',(-40.37247706422,0.63482918751));
#15419 = CARTESIAN_POINT('',(-40.37247706422,69.570451328752));
#15420 = CARTESIAN_POINT('',(19.32752293578,35.102640258131));
#15421 = CARTESIAN_POINT('',(79.02752293578,0.634829187511));
#15422 = CARTESIAN_POINT('',(19.32752293578,-33.83298188311));
#15423 = CARTESIAN_POINT('',(-40.37247706422,-68.30079295373));
#15424 = CARTESIAN_POINT('',(-40.37247706422,0.63482918751));
#15425 = ( GEOMETRIC_REPRESENTATION_CONTEXT(2) 
PARAMETRIC_REPRESENTATION_CONTEXT() REPRESENTATION_CONTEXT('2D SPACE',''
  ) );
#15426 = PCURVE('',#9553,#15427);
#15427 = DEFINITIONAL_REPRESENTATION('',(#15428),#15432);
#15428 = LINE('',#15429,#15430);
#15429 = CARTESIAN_POINT('',(0.,-1.2));
#15430 = VECTOR('',#15431,1.);
#15431 = DIRECTION('',(1.,0.));
#15432 = ( GEOMETRIC_REPRESENTATION_CONTEXT(2) 
PARAMETRIC_REPRESENTATION_CONTEXT() REPRESENTATION_CONTEXT('2D SPACE',''
  ) );
#15433 = ORIENTED_EDGE('',*,*,#15434,.T.);
#15434 = EDGE_CURVE('',#15407,#15435,#15437,.T.);
#15435 = VERTEX_POINT('',#15436);
#15436 = CARTESIAN_POINT('',(-37.6,-6.392280228861E-15,3.2));
#15437 = SURFACE_CURVE('',#15438,(#15443,#15454),.PCURVE_S1.);
#15438 = CIRCLE('',#15439,38.7);
#15439 = AXIS2_PLACEMENT_3D('',#15440,#15441,#15442);
#15440 = CARTESIAN_POINT('',(1.1,1.7763568394E-15,3.2));
#15441 = DIRECTION('',(0.,0.,-1.));
#15442 = DIRECTION('',(1.,8.861121332198E-17,0.));
#15443 = PCURVE('',#7940,#15444);
#15444 = DEFINITIONAL_REPRESENTATION('',(#15445),#15453);
#15445 = ( BOUNDED_CURVE() B_SPLINE_CURVE(2,(#15446,#15447,#15448,#15449
    ,#15450,#15451,#15452),.UNSPECIFIED.,.T.,.F.) 
B_SPLINE_CURVE_WITH_KNOTS((1,2,2,2,2,1),(-2.094395102393,0.,
    2.094395102393,4.188790204786,6.28318530718,8.377580409573),
.UNSPECIFIED.) CURVE() GEOMETRIC_REPRESENTATION_ITEM() 
RATIONAL_B_SPLINE_CURVE((1.,0.5,1.,0.5,1.,0.5,1.)) REPRESENTATION_ITEM(
  '') );
#15446 = CARTESIAN_POINT('',(39.22752293578,0.634829187511));
#15447 = CARTESIAN_POINT('',(39.22752293578,-66.3955370654));
#15448 = CARTESIAN_POINT('',(-18.82247706422,-32.88035393894));
#15449 = CARTESIAN_POINT('',(-76.87247706422,0.63482918751));
#15450 = CARTESIAN_POINT('',(-18.82247706422,34.150012313968));
#15451 = CARTESIAN_POINT('',(39.22752293578,67.665195440426));
#15452 = CARTESIAN_POINT('',(39.22752293578,0.634829187511));
#15453 = ( GEOMETRIC_REPRESENTATION_CONTEXT(2) 
PARAMETRIC_REPRESENTATION_CONTEXT() REPRESENTATION_CONTEXT('2D SPACE',''
  ) );
#15454 = PCURVE('',#9637,#15455);
#15455 = DEFINITIONAL_REPRESENTATION('',(#15456),#15460);
#15456 = LINE('',#15457,#15458);
#15457 = CARTESIAN_POINT('',(0.,-1.2));
#15458 = VECTOR('',#15459,1.);
#15459 = DIRECTION('',(1.,0.));
#15460 = ( GEOMETRIC_REPRESENTATION_CONTEXT(2) 
PARAMETRIC_REPRESENTATION_CONTEXT() REPRESENTATION_CONTEXT('2D SPACE',''
  ) );
#15461 = ORIENTED_EDGE('',*,*,#15462,.T.);
#15462 = EDGE_CURVE('',#15435,#15463,#15465,.T.);
#15463 = VERTEX_POINT('',#15464);
#15464 = CARTESIAN_POINT('',(37.6,7.444238514854E-15,3.2));
#15465 = SURFACE_CURVE('',#15466,(#15471,#15482),.PCURVE_S1.);
#15466 = CIRCLE('',#15467,37.6);
#15467 = AXIS2_PLACEMENT_3D('',#15468,#15469,#15470);
#15468 = CARTESIAN_POINT('',(-1.7763568394E-15,-1.7763568394E-15,3.2));
#15469 = DIRECTION('',(0.,0.,-1.));
#15470 = DIRECTION('',(-1.,-1.227639199325E-16,-0.));
#15471 = PCURVE('',#7940,#15472);
#15472 = DEFINITIONAL_REPRESENTATION('',(#15473),#15481);
#15473 = ( BOUNDED_CURVE() B_SPLINE_CURVE(2,(#15474,#15475,#15476,#15477
    ,#15478,#15479,#15480),.UNSPECIFIED.,.T.,.F.) 
B_SPLINE_CURVE_WITH_KNOTS((1,2,2,2,2,1),(-2.094395102393,0.,
    2.094395102393,4.188790204786,6.28318530718,8.377580409573),
.UNSPECIFIED.) CURVE() GEOMETRIC_REPRESENTATION_ITEM() 
RATIONAL_B_SPLINE_CURVE((1.,0.5,1.,0.5,1.,0.5,1.)) REPRESENTATION_ITEM(
  '') );
#15474 = CARTESIAN_POINT('',(-38.17247706422,0.63482918751));
#15475 = CARTESIAN_POINT('',(-38.17247706422,65.7599395521));
#15476 = CARTESIAN_POINT('',(18.22752293578,33.197384369805));
#15477 = CARTESIAN_POINT('',(74.62752293578,0.634829187511));
#15478 = CARTESIAN_POINT('',(18.22752293578,-31.92772599478));
#15479 = CARTESIAN_POINT('',(-38.17247706422,-64.49028117707));
#15480 = CARTESIAN_POINT('',(-38.17247706422,0.63482918751));
#15481 = ( GEOMETRIC_REPRESENTATION_CONTEXT(2) 
PARAMETRIC_REPRESENTATION_CONTEXT() REPRESENTATION_CONTEXT('2D SPACE',''
  ) );
#15482 = PCURVE('',#9731,#15483);
#15483 = DEFINITIONAL_REPRESENTATION('',(#15484),#15488);
#15484 = LINE('',#15485,#15486);
#15485 = CARTESIAN_POINT('',(0.,-1.2));
#15486 = VECTOR('',#15487,1.);
#15487 = DIRECTION('',(1.,0.));
#15488 = ( GEOMETRIC_REPRESENTATION_CONTEXT(2) 
PARAMETRIC_REPRESENTATION_CONTEXT() REPRESENTATION_CONTEXT('2D SPACE',''
  ) );
#15489 = ORIENTED_EDGE('',*,*,#15490,.T.);
#15490 = EDGE_CURVE('',#15463,#15491,#15493,.T.);
#15491 = VERTEX_POINT('',#15492);
#15492 = CARTESIAN_POINT('',(-35.4,-9.915797887417E-15,3.2));
#15493 = SURFACE_CURVE('',#15494,(#15499,#15510),.PCURVE_S1.);
#15494 = CIRCLE('',#15495,36.5);
#15495 = AXIS2_PLACEMENT_3D('',#15496,#15497,#15498);
#15496 = CARTESIAN_POINT('',(1.1,-7.105427357601E-15,3.2));
#15497 = DIRECTION('',(0.,0.,-1.));
#15498 = DIRECTION('',(1.,3.98620982807E-16,0.));
#15499 = PCURVE('',#7940,#15500);
#15500 = DEFINITIONAL_REPRESENTATION('',(#15501),#15509);
#15501 = ( BOUNDED_CURVE() B_SPLINE_CURVE(2,(#15502,#15503,#15504,#15505
    ,#15506,#15507,#15508),.UNSPECIFIED.,.T.,.F.) 
B_SPLINE_CURVE_WITH_KNOTS((1,2,2,2,2,1),(-2.094395102393,0.,
    2.094395102393,4.188790204786,6.28318530718,8.377580409573),
.UNSPECIFIED.) CURVE() GEOMETRIC_REPRESENTATION_ITEM() 
RATIONAL_B_SPLINE_CURVE((1.,0.5,1.,0.5,1.,0.5,1.)) REPRESENTATION_ITEM(
  '') );
#15502 = CARTESIAN_POINT('',(37.02752293578,0.634829187511));
#15503 = CARTESIAN_POINT('',(37.02752293578,-62.58502528875));
#15504 = CARTESIAN_POINT('',(-17.72247706422,-30.97509805062));
#15505 = CARTESIAN_POINT('',(-72.47247706422,0.63482918751));
#15506 = CARTESIAN_POINT('',(-17.72247706422,32.244756425642));
#15507 = CARTESIAN_POINT('',(37.02752293578,63.854683663775));
#15508 = CARTESIAN_POINT('',(37.02752293578,0.634829187511));
#15509 = ( GEOMETRIC_REPRESENTATION_CONTEXT(2) 
PARAMETRIC_REPRESENTATION_CONTEXT() REPRESENTATION_CONTEXT('2D SPACE',''
  ) );
#15510 = PCURVE('',#9815,#15511);
#15511 = DEFINITIONAL_REPRESENTATION('',(#15512),#15516);
#15512 = LINE('',#15513,#15514);
#15513 = CARTESIAN_POINT('',(0.,-1.2));
#15514 = VECTOR('',#15515,1.);
#15515 = DIRECTION('',(1.,0.));
#15516 = ( GEOMETRIC_REPRESENTATION_CONTEXT(2) 
PARAMETRIC_REPRESENTATION_CONTEXT() REPRESENTATION_CONTEXT('2D SPACE',''
  ) );
#15517 = ORIENTED_EDGE('',*,*,#15518,.T.);
#15518 = EDGE_CURVE('',#15491,#15519,#15521,.T.);
#15519 = VERTEX_POINT('',#15520);
#15520 = CARTESIAN_POINT('',(35.4,1.06983338776E-14,3.2));
#15521 = SURFACE_CURVE('',#15522,(#15527,#15538),.PCURVE_S1.);
#15522 = CIRCLE('',#15523,35.4);
#15523 = AXIS2_PLACEMENT_3D('',#15524,#15525,#15526);
#15524 = CARTESIAN_POINT('',(-1.7763568394E-15,-1.7763568394E-15,3.2));
#15525 = DIRECTION('',(0.,0.,-1.));
#15526 = DIRECTION('',(-1.,-2.299277132208E-16,-0.));
#15527 = PCURVE('',#7940,#15528);
#15528 = DEFINITIONAL_REPRESENTATION('',(#15529),#15537);
#15529 = ( BOUNDED_CURVE() B_SPLINE_CURVE(2,(#15530,#15531,#15532,#15533
    ,#15534,#15535,#15536),.UNSPECIFIED.,.T.,.F.) 
B_SPLINE_CURVE_WITH_KNOTS((1,2,2,2,2,1),(-2.094395102393,0.,
    2.094395102393,4.188790204786,6.28318530718,8.377580409573),
.UNSPECIFIED.) CURVE() GEOMETRIC_REPRESENTATION_ITEM() 
RATIONAL_B_SPLINE_CURVE((1.,0.5,1.,0.5,1.,0.5,1.)) REPRESENTATION_ITEM(
  '') );
#15530 = CARTESIAN_POINT('',(-35.97247706422,0.63482918751));
#15531 = CARTESIAN_POINT('',(-35.97247706422,61.949427775449));
#15532 = CARTESIAN_POINT('',(17.12752293578,31.29212848148));
#15533 = CARTESIAN_POINT('',(70.22752293578,0.634829187511));
#15534 = CARTESIAN_POINT('',(17.12752293578,-30.02247010645));
#15535 = CARTESIAN_POINT('',(-35.97247706422,-60.67976940042));
#15536 = CARTESIAN_POINT('',(-35.97247706422,0.63482918751));
#15537 = ( GEOMETRIC_REPRESENTATION_CONTEXT(2) 
PARAMETRIC_REPRESENTATION_CONTEXT() REPRESENTATION_CONTEXT('2D SPACE',''
  ) );
#15538 = PCURVE('',#9909,#15539);
#15539 = DEFINITIONAL_REPRESENTATION('',(#15540),#15544);
#15540 = LINE('',#15541,#15542);
#15541 = CARTESIAN_POINT('',(0.,-1.2));
#15542 = VECTOR('',#15543,1.);
#15543 = DIRECTION('',(1.,0.));
#15544 = ( GEOMETRIC_REPRESENTATION_CONTEXT(2) 
PARAMETRIC_REPRESENTATION_CONTEXT() REPRESENTATION_CONTEXT('2D SPACE',''
  ) );
#15545 = ORIENTED_EDGE('',*,*,#15546,.T.);
#15546 = EDGE_CURVE('',#15519,#15547,#15549,.T.);
#15547 = VERTEX_POINT('',#15548);
#15548 = CARTESIAN_POINT('',(-33.2,-1.134615871987E-14,3.2));
#15549 = SURFACE_CURVE('',#15550,(#15555,#15566),.PCURVE_S1.);
#15550 = CIRCLE('',#15551,34.3);
#15551 = AXIS2_PLACEMENT_3D('',#15552,#15553,#15554);
#15552 = CARTESIAN_POINT('',(1.1,1.7763568394E-15,3.2));
#15553 = DIRECTION('',(0.,0.,-1.));
#15554 = DIRECTION('',(1.,2.601159486355E-16,0.));
#15555 = PCURVE('',#7940,#15556);
#15556 = DEFINITIONAL_REPRESENTATION('',(#15557),#15565);
#15557 = ( BOUNDED_CURVE() B_SPLINE_CURVE(2,(#15558,#15559,#15560,#15561
    ,#15562,#15563,#15564),.UNSPECIFIED.,.T.,.F.) 
B_SPLINE_CURVE_WITH_KNOTS((1,2,2,2,2,1),(-2.094395102393,0.,
    2.094395102393,4.188790204786,6.28318530718,8.377580409573),
.UNSPECIFIED.) CURVE() GEOMETRIC_REPRESENTATION_ITEM() 
RATIONAL_B_SPLINE_CURVE((1.,0.5,1.,0.5,1.,0.5,1.)) REPRESENTATION_ITEM(
  '') );
#15558 = CARTESIAN_POINT('',(34.82752293578,0.634829187511));
#15559 = CARTESIAN_POINT('',(34.82752293578,-58.7745135121));
#15560 = CARTESIAN_POINT('',(-16.62247706422,-29.06984216229));
#15561 = CARTESIAN_POINT('',(-68.07247706422,0.63482918751));
#15562 = CARTESIAN_POINT('',(-16.62247706422,30.339500537317));
#15563 = CARTESIAN_POINT('',(34.82752293578,60.044171887123));
#15564 = CARTESIAN_POINT('',(34.82752293578,0.634829187511));
#15565 = ( GEOMETRIC_REPRESENTATION_CONTEXT(2) 
PARAMETRIC_REPRESENTATION_CONTEXT() REPRESENTATION_CONTEXT('2D SPACE',''
  ) );
#15566 = PCURVE('',#9993,#15567);
#15567 = DEFINITIONAL_REPRESENTATION('',(#15568),#15572);
#15568 = LINE('',#15569,#15570);
#15569 = CARTESIAN_POINT('',(0.,-1.2));
#15570 = VECTOR('',#15571,1.);
#15571 = DIRECTION('',(1.,0.));
#15572 = ( GEOMETRIC_REPRESENTATION_CONTEXT(2) 
PARAMETRIC_REPRESENTATION_CONTEXT() REPRESENTATION_CONTEXT('2D SPACE',''
  ) );
#15573 = ORIENTED_EDGE('',*,*,#15574,.T.);
#15574 = EDGE_CURVE('',#15547,#15575,#15577,.T.);
#15575 = VERTEX_POINT('',#15576);
#15576 = CARTESIAN_POINT('',(33.2,7.773651683621E-15,3.2));
#15577 = SURFACE_CURVE('',#15578,(#15583,#15594),.PCURVE_S1.);
#15578 = CIRCLE('',#15579,33.2);
#15579 = AXIS2_PLACEMENT_3D('',#15580,#15581,#15582);
#15580 = CARTESIAN_POINT('',(3.552713678801E-15,3.552713678801E-15,3.2)
  );
#15581 = DIRECTION('',(0.,0.,-1.));
#15582 = DIRECTION('',(-1.,-4.487612168275E-16,-0.));
#15583 = PCURVE('',#7940,#15584);
#15584 = DEFINITIONAL_REPRESENTATION('',(#15585),#15593);
#15585 = ( BOUNDED_CURVE() B_SPLINE_CURVE(2,(#15586,#15587,#15588,#15589
    ,#15590,#15591,#15592),.UNSPECIFIED.,.T.,.F.) 
B_SPLINE_CURVE_WITH_KNOTS((1,2,2,2,2,1),(-2.094395102393,0.,
    2.094395102393,4.188790204786,6.28318530718,8.377580409573),
.UNSPECIFIED.) CURVE() GEOMETRIC_REPRESENTATION_ITEM() 
RATIONAL_B_SPLINE_CURVE((1.,0.5,1.,0.5,1.,0.5,1.)) REPRESENTATION_ITEM(
  '') );
#15586 = CARTESIAN_POINT('',(-33.77247706422,0.63482918751));
#15587 = CARTESIAN_POINT('',(-33.77247706422,58.138915998797));
#15588 = CARTESIAN_POINT('',(16.02752293578,29.386872593154));
#15589 = CARTESIAN_POINT('',(65.82752293578,0.634829187511));
#15590 = CARTESIAN_POINT('',(16.02752293578,-28.11721421813));
#15591 = CARTESIAN_POINT('',(-33.77247706422,-56.86925762377));
#15592 = CARTESIAN_POINT('',(-33.77247706422,0.63482918751));
#15593 = ( GEOMETRIC_REPRESENTATION_CONTEXT(2) 
PARAMETRIC_REPRESENTATION_CONTEXT() REPRESENTATION_CONTEXT('2D SPACE',''
  ) );
#15594 = PCURVE('',#10087,#15595);
#15595 = DEFINITIONAL_REPRESENTATION('',(#15596),#15600);
#15596 = LINE('',#15597,#15598);
#15597 = CARTESIAN_POINT('',(0.,-1.2));
#15598 = VECTOR('',#15599,1.);
#15599 = DIRECTION('',(1.,0.));
#15600 = ( GEOMETRIC_REPRESENTATION_CONTEXT(2) 
PARAMETRIC_REPRESENTATION_CONTEXT() REPRESENTATION_CONTEXT('2D SPACE',''
  ) );
#15601 = ORIENTED_EDGE('',*,*,#15602,.T.);
#15602 = EDGE_CURVE('',#15575,#15603,#15605,.T.);
#15603 = VERTEX_POINT('',#15604);
#15604 = CARTESIAN_POINT('',(-31.,-1.002217951498E-15,3.2));
#15605 = SURFACE_CURVE('',#15606,(#15611,#15622),.PCURVE_S1.);
#15606 = CIRCLE('',#15607,32.1);
#15607 = AXIS2_PLACEMENT_3D('',#15608,#15609,#15610);
#15608 = CARTESIAN_POINT('',(1.1,-1.7763568394E-15,3.2));
#15609 = DIRECTION('',(0.,0.,-1.));
#15610 = DIRECTION('',(1.,2.975080536767E-16,0.));
#15611 = PCURVE('',#7940,#15612);
#15612 = DEFINITIONAL_REPRESENTATION('',(#15613),#15621);
#15613 = ( BOUNDED_CURVE() B_SPLINE_CURVE(2,(#15614,#15615,#15616,#15617
    ,#15618,#15619,#15620),.UNSPECIFIED.,.T.,.F.) 
B_SPLINE_CURVE_WITH_KNOTS((1,2,2,2,2,1),(-2.094395102393,0.,
    2.094395102393,4.188790204786,6.28318530718,8.377580409573),
.UNSPECIFIED.) CURVE() GEOMETRIC_REPRESENTATION_ITEM() 
RATIONAL_B_SPLINE_CURVE((1.,0.5,1.,0.5,1.,0.5,1.)) REPRESENTATION_ITEM(
  '') );
#15614 = CARTESIAN_POINT('',(32.62752293578,0.634829187511));
#15615 = CARTESIAN_POINT('',(32.62752293578,-54.96400173545));
#15616 = CARTESIAN_POINT('',(-15.52247706422,-27.16458627397));
#15617 = CARTESIAN_POINT('',(-63.67247706422,0.63482918751));
#15618 = CARTESIAN_POINT('',(-15.52247706422,28.434244648991));
#15619 = CARTESIAN_POINT('',(32.62752293578,56.233660110471));
#15620 = CARTESIAN_POINT('',(32.62752293578,0.634829187511));
#15621 = ( GEOMETRIC_REPRESENTATION_CONTEXT(2) 
PARAMETRIC_REPRESENTATION_CONTEXT() REPRESENTATION_CONTEXT('2D SPACE',''
  ) );
#15622 = PCURVE('',#10171,#15623);
#15623 = DEFINITIONAL_REPRESENTATION('',(#15624),#15628);
#15624 = LINE('',#15625,#15626);
#15625 = CARTESIAN_POINT('',(0.,-1.2));
#15626 = VECTOR('',#15627,1.);
#15627 = DIRECTION('',(1.,0.));
#15628 = ( GEOMETRIC_REPRESENTATION_CONTEXT(2) 
PARAMETRIC_REPRESENTATION_CONTEXT() REPRESENTATION_CONTEXT('2D SPACE',''
  ) );
#15629 = ORIENTED_EDGE('',*,*,#15630,.T.);
#15630 = EDGE_CURVE('',#15603,#15631,#15633,.T.);
#15631 = VERTEX_POINT('',#15632);
#15632 = CARTESIAN_POINT('',(31.,6.574979868255E-15,3.2));
#15633 = SURFACE_CURVE('',#15634,(#15639,#15650),.PCURVE_S1.);
#15634 = CIRCLE('',#15635,31.);
#15635 = AXIS2_PLACEMENT_3D('',#15636,#15637,#15638);
#15636 = CARTESIAN_POINT('',(3.552713678801E-15,8.881784197001E-16,3.2)
  );
#15637 = DIRECTION('',(0.,0.,-1.));
#15638 = DIRECTION('',(-1.,-6.098052810315E-17,-0.));
#15639 = PCURVE('',#7940,#15640);
#15640 = DEFINITIONAL_REPRESENTATION('',(#15641),#15649);
#15641 = ( BOUNDED_CURVE() B_SPLINE_CURVE(2,(#15642,#15643,#15644,#15645
    ,#15646,#15647,#15648),.UNSPECIFIED.,.T.,.F.) 
B_SPLINE_CURVE_WITH_KNOTS((1,2,2,2,2,1),(-2.094395102393,0.,
    2.094395102393,4.188790204786,6.28318530718,8.377580409573),
.UNSPECIFIED.) CURVE() GEOMETRIC_REPRESENTATION_ITEM() 
RATIONAL_B_SPLINE_CURVE((1.,0.5,1.,0.5,1.,0.5,1.)) REPRESENTATION_ITEM(
  '') );
#15642 = CARTESIAN_POINT('',(-31.57247706422,0.63482918751));
#15643 = CARTESIAN_POINT('',(-31.57247706422,54.328404222146));
#15644 = CARTESIAN_POINT('',(14.92752293578,27.481616704828));
#15645 = CARTESIAN_POINT('',(61.42752293578,0.634829187511));
#15646 = CARTESIAN_POINT('',(14.92752293578,-26.2119583298));
#15647 = CARTESIAN_POINT('',(-31.57247706422,-53.05874584712));
#15648 = CARTESIAN_POINT('',(-31.57247706422,0.63482918751));
#15649 = ( GEOMETRIC_REPRESENTATION_CONTEXT(2) 
PARAMETRIC_REPRESENTATION_CONTEXT() REPRESENTATION_CONTEXT('2D SPACE',''
  ) );
#15650 = PCURVE('',#10265,#15651);
#15651 = DEFINITIONAL_REPRESENTATION('',(#15652),#15656);
#15652 = LINE('',#15653,#15654);
#15653 = CARTESIAN_POINT('',(0.,-1.2));
#15654 = VECTOR('',#15655,1.);
#15655 = DIRECTION('',(1.,0.));
#15656 = ( GEOMETRIC_REPRESENTATION_CONTEXT(2) 
PARAMETRIC_REPRESENTATION_CONTEXT() REPRESENTATION_CONTEXT('2D SPACE',''
  ) );
#15657 = ORIENTED_EDGE('',*,*,#15658,.T.);
#15658 = EDGE_CURVE('',#15631,#15659,#15661,.T.);
#15659 = VERTEX_POINT('',#15660);
#15660 = CARTESIAN_POINT('',(-28.8,-5.111201019888E-16,3.2));
#15661 = SURFACE_CURVE('',#15662,(#15667,#15678),.PCURVE_S1.);
#15662 = CIRCLE('',#15663,29.9);
#15663 = AXIS2_PLACEMENT_3D('',#15664,#15665,#15666);
#15664 = CARTESIAN_POINT('',(1.1,-1.7763568394E-15,3.2));
#15665 = DIRECTION('',(0.,0.,-1.));
#15666 = DIRECTION('',(1.,2.793089199885E-16,0.));
#15667 = PCURVE('',#7940,#15668);
#15668 = DEFINITIONAL_REPRESENTATION('',(#15669),#15677);
#15669 = ( BOUNDED_CURVE() B_SPLINE_CURVE(2,(#15670,#15671,#15672,#15673
    ,#15674,#15675,#15676),.UNSPECIFIED.,.T.,.F.) 
B_SPLINE_CURVE_WITH_KNOTS((1,2,2,2,2,1),(-2.094395102393,0.,
    2.094395102393,4.188790204786,6.28318530718,8.377580409573),
.UNSPECIFIED.) CURVE() GEOMETRIC_REPRESENTATION_ITEM() 
RATIONAL_B_SPLINE_CURVE((1.,0.5,1.,0.5,1.,0.5,1.)) REPRESENTATION_ITEM(
  '') );
#15670 = CARTESIAN_POINT('',(30.42752293578,0.634829187511));
#15671 = CARTESIAN_POINT('',(30.42752293578,-51.15348995879));
#15672 = CARTESIAN_POINT('',(-14.42247706422,-25.25933038564));
#15673 = CARTESIAN_POINT('',(-59.27247706422,0.63482918751));
#15674 = CARTESIAN_POINT('',(-14.42247706422,26.528988760665));
#15675 = CARTESIAN_POINT('',(30.42752293578,52.42314833382));
#15676 = CARTESIAN_POINT('',(30.42752293578,0.634829187511));
#15677 = ( GEOMETRIC_REPRESENTATION_CONTEXT(2) 
PARAMETRIC_REPRESENTATION_CONTEXT() REPRESENTATION_CONTEXT('2D SPACE',''
  ) );
#15678 = PCURVE('',#8660,#15679);
#15679 = DEFINITIONAL_REPRESENTATION('',(#15680),#15684);
#15680 = LINE('',#15681,#15682);
#15681 = CARTESIAN_POINT('',(0.,-1.2));
#15682 = VECTOR('',#15683,1.);
#15683 = DIRECTION('',(1.,0.));
#15684 = ( GEOMETRIC_REPRESENTATION_CONTEXT(2) 
PARAMETRIC_REPRESENTATION_CONTEXT() REPRESENTATION_CONTEXT('2D SPACE',''
  ) );
#15685 = ORIENTED_EDGE('',*,*,#15686,.T.);
#15686 = EDGE_CURVE('',#15659,#15687,#15689,.T.);
#15687 = VERTEX_POINT('',#15688);
#15688 = CARTESIAN_POINT('',(28.8,7.946087930214E-15,3.2));
#15689 = SURFACE_CURVE('',#15690,(#15695,#15706),.PCURVE_S1.);
#15690 = CIRCLE('',#15691,28.8);
#15691 = AXIS2_PLACEMENT_3D('',#15692,#15693,#15694);
#15692 = CARTESIAN_POINT('',(-3.552713678801E-15,-4.440892098501E-15,3.2
    ));
#15693 = DIRECTION('',(0.,0.,-1.));
#15694 = DIRECTION('',(-1.,1.364504165456E-16,0.));
#15695 = PCURVE('',#7940,#15696);
#15696 = DEFINITIONAL_REPRESENTATION('',(#15697),#15705);
#15697 = ( BOUNDED_CURVE() B_SPLINE_CURVE(2,(#15698,#15699,#15700,#15701
    ,#15702,#15703,#15704),.UNSPECIFIED.,.T.,.F.) 
B_SPLINE_CURVE_WITH_KNOTS((1,2,2,2,2,1),(-2.094395102393,0.,
    2.094395102393,4.188790204786,6.28318530718,8.377580409573),
.UNSPECIFIED.) CURVE() GEOMETRIC_REPRESENTATION_ITEM() 
RATIONAL_B_SPLINE_CURVE((1.,0.5,1.,0.5,1.,0.5,1.)) REPRESENTATION_ITEM(
  '') );
#15698 = CARTESIAN_POINT('',(-29.37247706422,0.63482918751));
#15699 = CARTESIAN_POINT('',(-29.37247706422,50.517892445494));
#15700 = CARTESIAN_POINT('',(13.82752293578,25.576360816502));
#15701 = CARTESIAN_POINT('',(57.02752293578,0.63482918751));
#15702 = CARTESIAN_POINT('',(13.82752293578,-24.30670244148));
#15703 = CARTESIAN_POINT('',(-29.37247706422,-49.24823407047));
#15704 = CARTESIAN_POINT('',(-29.37247706422,0.63482918751));
#15705 = ( GEOMETRIC_REPRESENTATION_CONTEXT(2) 
PARAMETRIC_REPRESENTATION_CONTEXT() REPRESENTATION_CONTEXT('2D SPACE',''
  ) );
#15706 = PCURVE('',#8726,#15707);
#15707 = DEFINITIONAL_REPRESENTATION('',(#15708),#15712);
#15708 = LINE('',#15709,#15710);
#15709 = CARTESIAN_POINT('',(0.,-1.2));
#15710 = VECTOR('',#15711,1.);
#15711 = DIRECTION('',(1.,0.));
#15712 = ( GEOMETRIC_REPRESENTATION_CONTEXT(2) 
PARAMETRIC_REPRESENTATION_CONTEXT() REPRESENTATION_CONTEXT('2D SPACE',''
  ) );
#15713 = ORIENTED_EDGE('',*,*,#15714,.T.);
#15714 = EDGE_CURVE('',#15687,#15715,#15717,.T.);
#15715 = VERTEX_POINT('',#15716);
#15716 = CARTESIAN_POINT('',(-26.6,9.629115489949E-16,3.2));
#15717 = SURFACE_CURVE('',#15718,(#15723,#15734),.PCURVE_S1.);
#15718 = CIRCLE('',#15719,27.7);
#15719 = AXIS2_PLACEMENT_3D('',#15720,#15721,#15722);
#15720 = CARTESIAN_POINT('',(1.1,0.,3.2));
#15721 = DIRECTION('',(0.,0.,-1.));
#15722 = DIRECTION('',(1.,2.868623801521E-16,0.));
#15723 = PCURVE('',#7940,#15724);
#15724 = DEFINITIONAL_REPRESENTATION('',(#15725),#15733);
#15725 = ( BOUNDED_CURVE() B_SPLINE_CURVE(2,(#15726,#15727,#15728,#15729
    ,#15730,#15731,#15732),.UNSPECIFIED.,.T.,.F.) 
B_SPLINE_CURVE_WITH_KNOTS((1,2,2,2,2,1),(-2.094395102393,0.,
    2.094395102393,4.188790204786,6.28318530718,8.377580409573),
.UNSPECIFIED.) CURVE() GEOMETRIC_REPRESENTATION_ITEM() 
RATIONAL_B_SPLINE_CURVE((1.,0.5,1.,0.5,1.,0.5,1.)) REPRESENTATION_ITEM(
  '') );
#15726 = CARTESIAN_POINT('',(28.22752293578,0.634829187511));
#15727 = CARTESIAN_POINT('',(28.22752293578,-47.34297818214));
#15728 = CARTESIAN_POINT('',(-13.32247706422,-23.35407449731));
#15729 = CARTESIAN_POINT('',(-54.87247706422,0.63482918751));
#15730 = CARTESIAN_POINT('',(-13.32247706422,24.623732872339));
#15731 = CARTESIAN_POINT('',(28.22752293578,48.612636557168));
#15732 = CARTESIAN_POINT('',(28.22752293578,0.634829187511));
#15733 = ( GEOMETRIC_REPRESENTATION_CONTEXT(2) 
PARAMETRIC_REPRESENTATION_CONTEXT() REPRESENTATION_CONTEXT('2D SPACE',''
  ) );
#15734 = PCURVE('',#8838,#15735);
#15735 = DEFINITIONAL_REPRESENTATION('',(#15736),#15740);
#15736 = LINE('',#15737,#15738);
#15737 = CARTESIAN_POINT('',(0.,-1.2));
#15738 = VECTOR('',#15739,1.);
#15739 = DIRECTION('',(1.,0.));
#15740 = ( GEOMETRIC_REPRESENTATION_CONTEXT(2) 
PARAMETRIC_REPRESENTATION_CONTEXT() REPRESENTATION_CONTEXT('2D SPACE',''
  ) );
#15741 = ORIENTED_EDGE('',*,*,#15742,.T.);
#15742 = EDGE_CURVE('',#15715,#15743,#15745,.T.);
#15743 = VERTEX_POINT('',#15744);
#15744 = CARTESIAN_POINT('',(26.6,4.071005776137E-15,3.2));
#15745 = SURFACE_CURVE('',#15746,(#15751,#15762),.PCURVE_S1.);
#15746 = CIRCLE('',#15747,26.6);
#15747 = AXIS2_PLACEMENT_3D('',#15748,#15749,#15750);
#15748 = CARTESIAN_POINT('',(2.6645352591E-15,8.881784197001E-16,3.2));
#15749 = DIRECTION('',(0.,0.,-1.));
#15750 = DIRECTION('',(-1.,2.8095161389E-18,0.));
#15751 = PCURVE('',#7940,#15752);
#15752 = DEFINITIONAL_REPRESENTATION('',(#15753),#15761);
#15753 = ( BOUNDED_CURVE() B_SPLINE_CURVE(2,(#15754,#15755,#15756,#15757
    ,#15758,#15759,#15760),.UNSPECIFIED.,.T.,.F.) 
B_SPLINE_CURVE_WITH_KNOTS((1,2,2,2,2,1),(-2.094395102393,0.,
    2.094395102393,4.188790204786,6.28318530718,8.377580409573),
.UNSPECIFIED.) CURVE() GEOMETRIC_REPRESENTATION_ITEM() 
RATIONAL_B_SPLINE_CURVE((1.,0.5,1.,0.5,1.,0.5,1.)) REPRESENTATION_ITEM(
  '') );
#15754 = CARTESIAN_POINT('',(-27.17247706422,0.634829187511));
#15755 = CARTESIAN_POINT('',(-27.17247706422,46.707380668843));
#15756 = CARTESIAN_POINT('',(12.72752293578,23.671104928177));
#15757 = CARTESIAN_POINT('',(52.62752293578,0.634829187511));
#15758 = CARTESIAN_POINT('',(12.72752293578,-22.40144655315));
#15759 = CARTESIAN_POINT('',(-27.17247706422,-45.43772229382));
#15760 = CARTESIAN_POINT('',(-27.17247706422,0.634829187511));
#15761 = ( GEOMETRIC_REPRESENTATION_CONTEXT(2) 
PARAMETRIC_REPRESENTATION_CONTEXT() REPRESENTATION_CONTEXT('2D SPACE',''
  ) );
#15762 = PCURVE('',#9090,#15763);
#15763 = DEFINITIONAL_REPRESENTATION('',(#15764),#15768);
#15764 = LINE('',#15765,#15766);
#15765 = CARTESIAN_POINT('',(0.,-1.2));
#15766 = VECTOR('',#15767,1.);
#15767 = DIRECTION('',(1.,0.));
#15768 = ( GEOMETRIC_REPRESENTATION_CONTEXT(2) 
PARAMETRIC_REPRESENTATION_CONTEXT() REPRESENTATION_CONTEXT('2D SPACE',''
  ) );
#15769 = ORIENTED_EDGE('',*,*,#15770,.T.);
#15770 = EDGE_CURVE('',#15743,#15771,#15773,.T.);
#15771 = VERTEX_POINT('',#15772);
#15772 = CARTESIAN_POINT('',(-24.4,-2.975007620388E-15,3.2));
#15773 = SURFACE_CURVE('',#15774,(#15779,#15790),.PCURVE_S1.);
#15774 = CIRCLE('',#15775,25.5);
#15775 = AXIS2_PLACEMENT_3D('',#15776,#15777,#15778);
#15776 = CARTESIAN_POINT('',(1.1,-3.552713678801E-15,3.2));
#15777 = DIRECTION('',(0.,0.,-1.));
#15778 = DIRECTION('',(1.,2.989693903897E-16,0.));
#15779 = PCURVE('',#7940,#15780);
#15780 = DEFINITIONAL_REPRESENTATION('',(#15781),#15789);
#15781 = ( BOUNDED_CURVE() B_SPLINE_CURVE(2,(#15782,#15783,#15784,#15785
    ,#15786,#15787,#15788),.UNSPECIFIED.,.T.,.F.) 
B_SPLINE_CURVE_WITH_KNOTS((1,2,2,2,2,1),(-2.094395102393,0.,
    2.094395102393,4.188790204786,6.28318530718,8.377580409573),
.UNSPECIFIED.) CURVE() GEOMETRIC_REPRESENTATION_ITEM() 
RATIONAL_B_SPLINE_CURVE((1.,0.5,1.,0.5,1.,0.5,1.)) REPRESENTATION_ITEM(
  '') );
#15782 = CARTESIAN_POINT('',(26.02752293578,0.634829187511));
#15783 = CARTESIAN_POINT('',(26.02752293578,-43.53246640549));
#15784 = CARTESIAN_POINT('',(-12.22247706422,-21.44881860899));
#15785 = CARTESIAN_POINT('',(-50.47247706422,0.63482918751));
#15786 = CARTESIAN_POINT('',(-12.22247706422,22.718476984014));
#15787 = CARTESIAN_POINT('',(26.02752293578,44.802124780517));
#15788 = CARTESIAN_POINT('',(26.02752293578,0.634829187511));
#15789 = ( GEOMETRIC_REPRESENTATION_CONTEXT(2) 
PARAMETRIC_REPRESENTATION_CONTEXT() REPRESENTATION_CONTEXT('2D SPACE',''
  ) );
#15790 = PCURVE('',#9030,#15791);
#15791 = DEFINITIONAL_REPRESENTATION('',(#15792),#15796);
#15792 = LINE('',#15793,#15794);
#15793 = CARTESIAN_POINT('',(0.,-1.2));
#15794 = VECTOR('',#15795,1.);
#15795 = DIRECTION('',(1.,0.));
#15796 = ( GEOMETRIC_REPRESENTATION_CONTEXT(2) 
PARAMETRIC_REPRESENTATION_CONTEXT() REPRESENTATION_CONTEXT('2D SPACE',''
  ) );
#15797 = ORIENTED_EDGE('',*,*,#15798,.T.);
#15798 = EDGE_CURVE('',#15771,#15799,#15801,.T.);
#15799 = VERTEX_POINT('',#15800);
#15800 = CARTESIAN_POINT('',(24.4,4.186788970907E-15,3.2));
#15801 = SURFACE_CURVE('',#15802,(#15807,#15818),.PCURVE_S1.);
#15802 = CIRCLE('',#15803,24.4);
#15803 = AXIS2_PLACEMENT_3D('',#15804,#15805,#15806);
#15804 = CARTESIAN_POINT('',(0.,-8.881784197001E-16,3.2));
#15805 = DIRECTION('',(0.,0.,-1.));
#15806 = DIRECTION('',(-1.,-8.552578691342E-17,-0.));
#15807 = PCURVE('',#7940,#15808);
#15808 = DEFINITIONAL_REPRESENTATION('',(#15809),#15817);
#15809 = ( BOUNDED_CURVE() B_SPLINE_CURVE(2,(#15810,#15811,#15812,#15813
    ,#15814,#15815,#15816),.UNSPECIFIED.,.T.,.F.) 
B_SPLINE_CURVE_WITH_KNOTS((1,2,2,2,2,1),(-2.094395102393,0.,
    2.094395102393,4.188790204786,6.28318530718,8.377580409573),
.UNSPECIFIED.) CURVE() GEOMETRIC_REPRESENTATION_ITEM() 
RATIONAL_B_SPLINE_CURVE((1.,0.5,1.,0.5,1.,0.5,1.)) REPRESENTATION_ITEM(
  '') );
#15810 = CARTESIAN_POINT('',(-24.97247706422,0.63482918751));
#15811 = CARTESIAN_POINT('',(-24.97247706422,42.896868892191));
#15812 = CARTESIAN_POINT('',(11.62752293578,21.765849039851));
#15813 = CARTESIAN_POINT('',(48.22752293578,0.634829187511));
#15814 = CARTESIAN_POINT('',(11.62752293578,-20.49619066483));
#15815 = CARTESIAN_POINT('',(-24.97247706422,-41.62721051717));
#15816 = CARTESIAN_POINT('',(-24.97247706422,0.63482918751));
#15817 = ( GEOMETRIC_REPRESENTATION_CONTEXT(2) 
PARAMETRIC_REPRESENTATION_CONTEXT() REPRESENTATION_CONTEXT('2D SPACE',''
  ) );
#15818 = PCURVE('',#8999,#15819);
#15819 = DEFINITIONAL_REPRESENTATION('',(#15820),#15824);
#15820 = LINE('',#15821,#15822);
#15821 = CARTESIAN_POINT('',(0.,-1.2));
#15822 = VECTOR('',#15823,1.);
#15823 = DIRECTION('',(1.,0.));
#15824 = ( GEOMETRIC_REPRESENTATION_CONTEXT(2) 
PARAMETRIC_REPRESENTATION_CONTEXT() REPRESENTATION_CONTEXT('2D SPACE',''
  ) );
#15825 = ORIENTED_EDGE('',*,*,#15826,.T.);
#15826 = EDGE_CURVE('',#15799,#15827,#15829,.T.);
#15827 = VERTEX_POINT('',#15828);
#15828 = CARTESIAN_POINT('',(-22.2,1.530705737186E-15,3.2));
#15829 = SURFACE_CURVE('',#15830,(#15835,#15846),.PCURVE_S1.);
#15830 = CIRCLE('',#15831,23.3);
#15831 = AXIS2_PLACEMENT_3D('',#15832,#15833,#15834);
#15832 = CARTESIAN_POINT('',(1.1,-8.881784197001E-16,3.2));
#15833 = DIRECTION('',(0.,0.,-1.));
#15834 = DIRECTION('',(1.,2.178097592535E-16,0.));
#15835 = PCURVE('',#7940,#15836);
#15836 = DEFINITIONAL_REPRESENTATION('',(#15837),#15845);
#15837 = ( BOUNDED_CURVE() B_SPLINE_CURVE(2,(#15838,#15839,#15840,#15841
    ,#15842,#15843,#15844),.UNSPECIFIED.,.T.,.F.) 
B_SPLINE_CURVE_WITH_KNOTS((1,2,2,2,2,1),(-2.094395102393,0.,
    2.094395102393,4.188790204786,6.28318530718,8.377580409573),
.UNSPECIFIED.) CURVE() GEOMETRIC_REPRESENTATION_ITEM() 
RATIONAL_B_SPLINE_CURVE((1.,0.5,1.,0.5,1.,0.5,1.)) REPRESENTATION_ITEM(
  '') );
#15838 = CARTESIAN_POINT('',(23.82752293578,0.634829187511));
#15839 = CARTESIAN_POINT('',(23.82752293578,-39.72195462884));
#15840 = CARTESIAN_POINT('',(-11.12247706422,-19.54356272066));
#15841 = CARTESIAN_POINT('',(-46.07247706422,0.63482918751));
#15842 = CARTESIAN_POINT('',(-11.12247706422,20.813221095688));
#15843 = CARTESIAN_POINT('',(23.82752293578,40.991613003865));
#15844 = CARTESIAN_POINT('',(23.82752293578,0.634829187511));
#15845 = ( GEOMETRIC_REPRESENTATION_CONTEXT(2) 
PARAMETRIC_REPRESENTATION_CONTEXT() REPRESENTATION_CONTEXT('2D SPACE',''
  ) );
#15846 = PCURVE('',#8966,#15847);
#15847 = DEFINITIONAL_REPRESENTATION('',(#15848),#15852);
#15848 = LINE('',#15849,#15850);
#15849 = CARTESIAN_POINT('',(0.,-1.2));
#15850 = VECTOR('',#15851,1.);
#15851 = DIRECTION('',(1.,0.));
#15852 = ( GEOMETRIC_REPRESENTATION_CONTEXT(2) 
PARAMETRIC_REPRESENTATION_CONTEXT() REPRESENTATION_CONTEXT('2D SPACE',''
  ) );
#15853 = ORIENTED_EDGE('',*,*,#15854,.T.);
#15854 = EDGE_CURVE('',#15827,#15855,#15857,.T.);
#15855 = VERTEX_POINT('',#15856);
#15856 = CARTESIAN_POINT('',(22.2,1.188010156921E-15,3.2));
#15857 = SURFACE_CURVE('',#15858,(#15863,#15874),.PCURVE_S1.);
#15858 = CIRCLE('',#15859,22.2);
#15859 = AXIS2_PLACEMENT_3D('',#15860,#15861,#15862);
#15860 = CARTESIAN_POINT('',(1.7763568394E-15,0.,3.2));
#15861 = DIRECTION('',(0.,0.,-1.));
#15862 = DIRECTION('',(-1.,6.895070888226E-17,0.));
#15863 = PCURVE('',#7940,#15864);
#15864 = DEFINITIONAL_REPRESENTATION('',(#15865),#15873);
#15865 = ( BOUNDED_CURVE() B_SPLINE_CURVE(2,(#15866,#15867,#15868,#15869
    ,#15870,#15871,#15872),.UNSPECIFIED.,.T.,.F.) 
B_SPLINE_CURVE_WITH_KNOTS((1,2,2,2,2,1),(-2.094395102393,0.,
    2.094395102393,4.188790204786,6.28318530718,8.377580409573),
.UNSPECIFIED.) CURVE() GEOMETRIC_REPRESENTATION_ITEM() 
RATIONAL_B_SPLINE_CURVE((1.,0.5,1.,0.5,1.,0.5,1.)) REPRESENTATION_ITEM(
  '') );
#15866 = CARTESIAN_POINT('',(-22.77247706422,0.634829187511));
#15867 = CARTESIAN_POINT('',(-22.77247706422,39.08635711554));
#15868 = CARTESIAN_POINT('',(10.52752293578,19.860593151525));
#15869 = CARTESIAN_POINT('',(43.82752293578,0.634829187511));
#15870 = CARTESIAN_POINT('',(10.52752293578,-18.5909347765));
#15871 = CARTESIAN_POINT('',(-22.77247706422,-37.81669874051));
#15872 = CARTESIAN_POINT('',(-22.77247706422,0.634829187511));
#15873 = ( GEOMETRIC_REPRESENTATION_CONTEXT(2) 
PARAMETRIC_REPRESENTATION_CONTEXT() REPRESENTATION_CONTEXT('2D SPACE',''
  ) );
#15874 = PCURVE('',#8933,#15875);
#15875 = DEFINITIONAL_REPRESENTATION('',(#15876),#15880);
#15876 = LINE('',#15877,#15878);
#15877 = CARTESIAN_POINT('',(0.,-1.2));
#15878 = VECTOR('',#15879,1.);
#15879 = DIRECTION('',(1.,0.));
#15880 = ( GEOMETRIC_REPRESENTATION_CONTEXT(2) 
PARAMETRIC_REPRESENTATION_CONTEXT() REPRESENTATION_CONTEXT('2D SPACE',''
  ) );
#15881 = ORIENTED_EDGE('',*,*,#15882,.T.);
#15882 = EDGE_CURVE('',#15855,#14961,#15883,.T.);
#15883 = SURFACE_CURVE('',#15884,(#15888,#15895),.PCURVE_S1.);
#15884 = LINE('',#15885,#15886);
#15885 = CARTESIAN_POINT('',(22.2,1.188010156921E-15,3.2));
#15886 = VECTOR('',#15887,1.);
#15887 = DIRECTION('',(1.,-1.485012696151E-15,0.));
#15888 = PCURVE('',#7940,#15889);
#15889 = DEFINITIONAL_REPRESENTATION('',(#15890),#15894);
#15890 = LINE('',#15891,#15892);
#15891 = CARTESIAN_POINT('',(21.62752293578,0.634829187511));
#15892 = VECTOR('',#15893,1.);
#15893 = DIRECTION('',(1.,-1.485012696151E-15));
#15894 = ( GEOMETRIC_REPRESENTATION_CONTEXT(2) 
PARAMETRIC_REPRESENTATION_CONTEXT() REPRESENTATION_CONTEXT('2D SPACE',''
  ) );
#15895 = PCURVE('',#8900,#15896);
#15896 = DEFINITIONAL_REPRESENTATION('',(#15897),#15901);
#15897 = LINE('',#15898,#15899);
#15898 = CARTESIAN_POINT('',(0.,-1.2));
#15899 = VECTOR('',#15900,1.);
#15900 = DIRECTION('',(1.,0.));
#15901 = ( GEOMETRIC_REPRESENTATION_CONTEXT(2) 
PARAMETRIC_REPRESENTATION_CONTEXT() REPRESENTATION_CONTEXT('2D SPACE',''
  ) );
#15902 = ADVANCED_FACE('',(#15903),#8450,.F.);
#15903 = FACE_BOUND('',#15904,.F.);
#15904 = EDGE_LOOP('',(#15905,#15906,#15907,#15928,#15929,#15930,#15931,
    #15932,#15933,#15934));
#15905 = ORIENTED_EDGE('',*,*,#8434,.T.);
#15906 = ORIENTED_EDGE('',*,*,#15350,.T.);
#15907 = ORIENTED_EDGE('',*,*,#15908,.F.);
#15908 = EDGE_CURVE('',#12404,#15351,#15909,.T.);
#15909 = SURFACE_CURVE('',#15910,(#15914,#15921),.PCURVE_S1.);
#15910 = LINE('',#15911,#15912);
#15911 = CARTESIAN_POINT('',(42.,2.428138483443E-15,2.));
#15912 = VECTOR('',#15913,1.);
#15913 = DIRECTION('',(0.,0.,1.));
#15914 = PCURVE('',#8450,#15915);
#15915 = DEFINITIONAL_REPRESENTATION('',(#15916),#15920);
#15916 = LINE('',#15917,#15918);
#15917 = CARTESIAN_POINT('',(3.14159265359,0.));
#15918 = VECTOR('',#15919,1.);
#15919 = DIRECTION('',(0.,-1.));
#15920 = ( GEOMETRIC_REPRESENTATION_CONTEXT(2) 
PARAMETRIC_REPRESENTATION_CONTEXT() REPRESENTATION_CONTEXT('2D SPACE',''
  ) );
#15921 = PCURVE('',#9484,#15922);
#15922 = DEFINITIONAL_REPRESENTATION('',(#15923),#15927);
#15923 = LINE('',#15924,#15925);
#15924 = CARTESIAN_POINT('',(0.,0.));
#15925 = VECTOR('',#15926,1.);
#15926 = DIRECTION('',(0.,-1.));
#15927 = ( GEOMETRIC_REPRESENTATION_CONTEXT(2) 
PARAMETRIC_REPRESENTATION_CONTEXT() REPRESENTATION_CONTEXT('2D SPACE',''
  ) );
#15928 = ORIENTED_EDGE('',*,*,#12431,.F.);
#15929 = ORIENTED_EDGE('',*,*,#14475,.F.);
#15930 = ORIENTED_EDGE('',*,*,#14444,.F.);
#15931 = ORIENTED_EDGE('',*,*,#14876,.F.);
#15932 = ORIENTED_EDGE('',*,*,#12702,.F.);
#15933 = ORIENTED_EDGE('',*,*,#13263,.F.);
#15934 = ORIENTED_EDGE('',*,*,#9436,.F.);
#15935 = ADVANCED_FACE('',(#15936),#8660,.F.);
#15936 = FACE_BOUND('',#15937,.F.);
#15937 = EDGE_LOOP('',(#15938,#15959,#15960,#15981,#15982,#15983,#15984,
    #15985,#15986,#15987));
#15938 = ORIENTED_EDGE('',*,*,#15939,.T.);
#15939 = EDGE_CURVE('',#11878,#15631,#15940,.T.);
#15940 = SURFACE_CURVE('',#15941,(#15945,#15952),.PCURVE_S1.);
#15941 = LINE('',#15942,#15943);
#15942 = CARTESIAN_POINT('',(31.,6.574979868255E-15,2.));
#15943 = VECTOR('',#15944,1.);
#15944 = DIRECTION('',(0.,0.,1.));
#15945 = PCURVE('',#8660,#15946);
#15946 = DEFINITIONAL_REPRESENTATION('',(#15947),#15951);
#15947 = LINE('',#15948,#15949);
#15948 = CARTESIAN_POINT('',(0.,0.));
#15949 = VECTOR('',#15950,1.);
#15950 = DIRECTION('',(0.,-1.));
#15951 = ( GEOMETRIC_REPRESENTATION_CONTEXT(2) 
PARAMETRIC_REPRESENTATION_CONTEXT() REPRESENTATION_CONTEXT('2D SPACE',''
  ) );
#15952 = PCURVE('',#10265,#15953);
#15953 = DEFINITIONAL_REPRESENTATION('',(#15954),#15958);
#15954 = LINE('',#15955,#15956);
#15955 = CARTESIAN_POINT('',(3.14159265359,0.));
#15956 = VECTOR('',#15957,1.);
#15957 = DIRECTION('',(0.,-1.));
#15958 = ( GEOMETRIC_REPRESENTATION_CONTEXT(2) 
PARAMETRIC_REPRESENTATION_CONTEXT() REPRESENTATION_CONTEXT('2D SPACE',''
  ) );
#15959 = ORIENTED_EDGE('',*,*,#15658,.T.);
#15960 = ORIENTED_EDGE('',*,*,#15961,.F.);
#15961 = EDGE_CURVE('',#8706,#15659,#15962,.T.);
#15962 = SURFACE_CURVE('',#15963,(#15967,#15974),.PCURVE_S1.);
#15963 = LINE('',#15964,#15965);
#15964 = CARTESIAN_POINT('',(-28.8,-5.111201019888E-16,2.));
#15965 = VECTOR('',#15966,1.);
#15966 = DIRECTION('',(0.,0.,1.));
#15967 = PCURVE('',#8660,#15968);
#15968 = DEFINITIONAL_REPRESENTATION('',(#15969),#15973);
#15969 = LINE('',#15970,#15971);
#15970 = CARTESIAN_POINT('',(3.14159265359,0.));
#15971 = VECTOR('',#15972,1.);
#15972 = DIRECTION('',(0.,-1.));
#15973 = ( GEOMETRIC_REPRESENTATION_CONTEXT(2) 
PARAMETRIC_REPRESENTATION_CONTEXT() REPRESENTATION_CONTEXT('2D SPACE',''
  ) );
#15974 = PCURVE('',#8726,#15975);
#15975 = DEFINITIONAL_REPRESENTATION('',(#15976),#15980);
#15976 = LINE('',#15977,#15978);
#15977 = CARTESIAN_POINT('',(0.,0.));
#15978 = VECTOR('',#15979,1.);
#15979 = DIRECTION('',(0.,-1.));
#15980 = ( GEOMETRIC_REPRESENTATION_CONTEXT(2) 
PARAMETRIC_REPRESENTATION_CONTEXT() REPRESENTATION_CONTEXT('2D SPACE',''
  ) );
#15981 = ORIENTED_EDGE('',*,*,#8738,.F.);
#15982 = ORIENTED_EDGE('',*,*,#8645,.F.);
#15983 = ORIENTED_EDGE('',*,*,#9381,.F.);
#15984 = ORIENTED_EDGE('',*,*,#11041,.F.);
#15985 = ORIENTED_EDGE('',*,*,#10769,.F.);
#15986 = ORIENTED_EDGE('',*,*,#11799,.F.);
#15987 = ORIENTED_EDGE('',*,*,#11877,.F.);
#15988 = ADVANCED_FACE('',(#15989),#8631,.T.);
#15989 = FACE_BOUND('',#15990,.F.);
#15990 = EDGE_LOOP('',(#15991,#16012,#16013,#16034,#16035,#16036,#16037,
    #16038,#16039,#16040));
#15991 = ORIENTED_EDGE('',*,*,#15992,.T.);
#15992 = EDGE_CURVE('',#10215,#15107,#15993,.T.);
#15993 = SURFACE_CURVE('',#15994,(#15998,#16005),.PCURVE_S1.);
#15994 = LINE('',#15995,#15996);
#15995 = CARTESIAN_POINT('',(-29.6,6.965584476797E-16,2.));
#15996 = VECTOR('',#15997,1.);
#15997 = DIRECTION('',(0.,0.,1.));
#15998 = PCURVE('',#8631,#15999);
#15999 = DEFINITIONAL_REPRESENTATION('',(#16000),#16004);
#16000 = LINE('',#16001,#16002);
#16001 = CARTESIAN_POINT('',(-0.,0.));
#16002 = VECTOR('',#16003,1.);
#16003 = DIRECTION('',(-0.,-1.));
#16004 = ( GEOMETRIC_REPRESENTATION_CONTEXT(2) 
PARAMETRIC_REPRESENTATION_CONTEXT() REPRESENTATION_CONTEXT('2D SPACE',''
  ) );
#16005 = PCURVE('',#10231,#16006);
#16006 = DEFINITIONAL_REPRESENTATION('',(#16007),#16011);
#16007 = LINE('',#16008,#16009);
#16008 = CARTESIAN_POINT('',(-3.14159265359,0.));
#16009 = VECTOR('',#16010,1.);
#16010 = DIRECTION('',(-0.,-1.));
#16011 = ( GEOMETRIC_REPRESENTATION_CONTEXT(2) 
PARAMETRIC_REPRESENTATION_CONTEXT() REPRESENTATION_CONTEXT('2D SPACE',''
  ) );
#16012 = ORIENTED_EDGE('',*,*,#15130,.T.);
#16013 = ORIENTED_EDGE('',*,*,#16014,.F.);
#16014 = EDGE_CURVE('',#11958,#15131,#16015,.T.);
#16015 = SURFACE_CURVE('',#16016,(#16020,#16027),.PCURVE_S1.);
#16016 = LINE('',#16017,#16018);
#16017 = CARTESIAN_POINT('',(31.8,-9.035104422616E-16,2.));
#16018 = VECTOR('',#16019,1.);
#16019 = DIRECTION('',(0.,0.,1.));
#16020 = PCURVE('',#8631,#16021);
#16021 = DEFINITIONAL_REPRESENTATION('',(#16022),#16026);
#16022 = LINE('',#16023,#16024);
#16023 = CARTESIAN_POINT('',(-3.14159265359,0.));
#16024 = VECTOR('',#16025,1.);
#16025 = DIRECTION('',(-0.,-1.));
#16026 = ( GEOMETRIC_REPRESENTATION_CONTEXT(2) 
PARAMETRIC_REPRESENTATION_CONTEXT() REPRESENTATION_CONTEXT('2D SPACE',''
  ) );
#16027 = PCURVE('',#10053,#16028);
#16028 = DEFINITIONAL_REPRESENTATION('',(#16029),#16033);
#16029 = LINE('',#16030,#16031);
#16030 = CARTESIAN_POINT('',(-0.,0.));
#16031 = VECTOR('',#16032,1.);
#16032 = DIRECTION('',(-0.,-1.));
#16033 = ( GEOMETRIC_REPRESENTATION_CONTEXT(2) 
PARAMETRIC_REPRESENTATION_CONTEXT() REPRESENTATION_CONTEXT('2D SPACE',''
  ) );
#16034 = ORIENTED_EDGE('',*,*,#11957,.F.);
#16035 = ORIENTED_EDGE('',*,*,#11822,.F.);
#16036 = ORIENTED_EDGE('',*,*,#11094,.F.);
#16037 = ORIENTED_EDGE('',*,*,#11064,.F.);
#16038 = ORIENTED_EDGE('',*,*,#10329,.F.);
#16039 = ORIENTED_EDGE('',*,*,#8612,.F.);
#16040 = ORIENTED_EDGE('',*,*,#10304,.F.);
#16041 = ADVANCED_FACE('',(#16042),#8692,.T.);
#16042 = FACE_BOUND('',#16043,.F.);
#16043 = EDGE_LOOP('',(#16044,#16065,#16066,#16087,#16088,#16089,#16090,
    #16091,#16092,#16093));
#16044 = ORIENTED_EDGE('',*,*,#16045,.T.);
#16045 = EDGE_CURVE('',#11483,#15035,#16046,.T.);
#16046 = SURFACE_CURVE('',#16047,(#16051,#16058),.PCURVE_S1.);
#16047 = LINE('',#16048,#16049);
#16048 = CARTESIAN_POINT('',(27.4,-1.372467482206E-15,2.));
#16049 = VECTOR('',#16050,1.);
#16050 = DIRECTION('',(0.,0.,1.));
#16051 = PCURVE('',#8692,#16052);
#16052 = DEFINITIONAL_REPRESENTATION('',(#16053),#16057);
#16053 = LINE('',#16054,#16055);
#16054 = CARTESIAN_POINT('',(-0.,0.));
#16055 = VECTOR('',#16056,1.);
#16056 = DIRECTION('',(-0.,-1.));
#16057 = ( GEOMETRIC_REPRESENTATION_CONTEXT(2) 
PARAMETRIC_REPRESENTATION_CONTEXT() REPRESENTATION_CONTEXT('2D SPACE',''
  ) );
#16058 = PCURVE('',#9256,#16059);
#16059 = DEFINITIONAL_REPRESENTATION('',(#16060),#16064);
#16060 = LINE('',#16061,#16062);
#16061 = CARTESIAN_POINT('',(-3.14159265359,0.));
#16062 = VECTOR('',#16063,1.);
#16063 = DIRECTION('',(-0.,-1.));
#16064 = ( GEOMETRIC_REPRESENTATION_CONTEXT(2) 
PARAMETRIC_REPRESENTATION_CONTEXT() REPRESENTATION_CONTEXT('2D SPACE',''
  ) );
#16065 = ORIENTED_EDGE('',*,*,#15058,.T.);
#16066 = ORIENTED_EDGE('',*,*,#16067,.F.);
#16067 = EDGE_CURVE('',#8676,#15059,#16068,.T.);
#16068 = SURFACE_CURVE('',#16069,(#16073,#16080),.PCURVE_S1.);
#16069 = LINE('',#16070,#16071);
#16070 = CARTESIAN_POINT('',(-27.4,-2.377427645731E-15,2.));
#16071 = VECTOR('',#16072,1.);
#16072 = DIRECTION('',(0.,0.,1.));
#16073 = PCURVE('',#8692,#16074);
#16074 = DEFINITIONAL_REPRESENTATION('',(#16075),#16079);
#16075 = LINE('',#16076,#16077);
#16076 = CARTESIAN_POINT('',(-3.14159265359,0.));
#16077 = VECTOR('',#16078,1.);
#16078 = DIRECTION('',(-0.,-1.));
#16079 = ( GEOMETRIC_REPRESENTATION_CONTEXT(2) 
PARAMETRIC_REPRESENTATION_CONTEXT() REPRESENTATION_CONTEXT('2D SPACE',''
  ) );
#16080 = PCURVE('',#8780,#16081);
#16081 = DEFINITIONAL_REPRESENTATION('',(#16082),#16086);
#16082 = LINE('',#16083,#16084);
#16083 = CARTESIAN_POINT('',(-0.,0.));
#16084 = VECTOR('',#16085,1.);
#16085 = DIRECTION('',(-0.,-1.));
#16086 = ( GEOMETRIC_REPRESENTATION_CONTEXT(2) 
PARAMETRIC_REPRESENTATION_CONTEXT() REPRESENTATION_CONTEXT('2D SPACE',''
  ) );
#16087 = ORIENTED_EDGE('',*,*,#8675,.F.);
#16088 = ORIENTED_EDGE('',*,*,#12626,.F.);
#16089 = ORIENTED_EDGE('',*,*,#12572,.F.);
#16090 = ORIENTED_EDGE('',*,*,#14559,.F.);
#16091 = ORIENTED_EDGE('',*,*,#13837,.F.);
#16092 = ORIENTED_EDGE('',*,*,#13785,.F.);
#16093 = ORIENTED_EDGE('',*,*,#11562,.F.);
#16094 = ADVANCED_FACE('',(#16095),#8780,.T.);
#16095 = FACE_BOUND('',#16096,.F.);
#16096 = EDGE_LOOP('',(#16097,#16098,#16099,#16120,#16121,#16122,#16123,
    #16124,#16125,#16126));
#16097 = ORIENTED_EDGE('',*,*,#16067,.T.);
#16098 = ORIENTED_EDGE('',*,*,#15082,.T.);
#16099 = ORIENTED_EDGE('',*,*,#16100,.F.);
#16100 = EDGE_CURVE('',#11853,#15083,#16101,.T.);
#16101 = SURFACE_CURVE('',#16102,(#16106,#16113),.PCURVE_S1.);
#16102 = LINE('',#16103,#16104);
#16103 = CARTESIAN_POINT('',(29.6,-6.663930854965E-15,2.));
#16104 = VECTOR('',#16105,1.);
#16105 = DIRECTION('',(0.,0.,1.));
#16106 = PCURVE('',#8780,#16107);
#16107 = DEFINITIONAL_REPRESENTATION('',(#16108),#16112);
#16108 = LINE('',#16109,#16110);
#16109 = CARTESIAN_POINT('',(-3.14159265359,0.));
#16110 = VECTOR('',#16111,1.);
#16111 = DIRECTION('',(-0.,-1.));
#16112 = ( GEOMETRIC_REPRESENTATION_CONTEXT(2) 
PARAMETRIC_REPRESENTATION_CONTEXT() REPRESENTATION_CONTEXT('2D SPACE',''
  ) );
#16113 = PCURVE('',#10231,#16114);
#16114 = DEFINITIONAL_REPRESENTATION('',(#16115),#16119);
#16115 = LINE('',#16116,#16117);
#16116 = CARTESIAN_POINT('',(-0.,0.));
#16117 = VECTOR('',#16118,1.);
#16118 = DIRECTION('',(-0.,-1.));
#16119 = ( GEOMETRIC_REPRESENTATION_CONTEXT(2) 
PARAMETRIC_REPRESENTATION_CONTEXT() REPRESENTATION_CONTEXT('2D SPACE',''
  ) );
#16120 = ORIENTED_EDGE('',*,*,#11852,.F.);
#16121 = ORIENTED_EDGE('',*,*,#11376,.F.);
#16122 = ORIENTED_EDGE('',*,*,#10745,.F.);
#16123 = ORIENTED_EDGE('',*,*,#10610,.F.);
#16124 = ORIENTED_EDGE('',*,*,#9358,.F.);
#16125 = ORIENTED_EDGE('',*,*,#8796,.F.);
#16126 = ORIENTED_EDGE('',*,*,#8765,.F.);
#16127 = ADVANCED_FACE('',(#16128),#8726,.F.);
#16128 = FACE_BOUND('',#16129,.F.);
#16129 = EDGE_LOOP('',(#16130,#16131,#16132,#16153,#16154,#16155,#16156,
    #16157,#16158,#16159));
#16130 = ORIENTED_EDGE('',*,*,#15961,.T.);
#16131 = ORIENTED_EDGE('',*,*,#15686,.T.);
#16132 = ORIENTED_EDGE('',*,*,#16133,.F.);
#16133 = EDGE_CURVE('',#11508,#15687,#16134,.T.);
#16134 = SURFACE_CURVE('',#16135,(#16139,#16146),.PCURVE_S1.);
#16135 = LINE('',#16136,#16137);
#16136 = CARTESIAN_POINT('',(28.8,7.946087930214E-15,2.));
#16137 = VECTOR('',#16138,1.);
#16138 = DIRECTION('',(0.,0.,1.));
#16139 = PCURVE('',#8726,#16140);
#16140 = DEFINITIONAL_REPRESENTATION('',(#16141),#16145);
#16141 = LINE('',#16142,#16143);
#16142 = CARTESIAN_POINT('',(3.14159265359,0.));
#16143 = VECTOR('',#16144,1.);
#16144 = DIRECTION('',(0.,-1.));
#16145 = ( GEOMETRIC_REPRESENTATION_CONTEXT(2) 
PARAMETRIC_REPRESENTATION_CONTEXT() REPRESENTATION_CONTEXT('2D SPACE',''
  ) );
#16146 = PCURVE('',#8838,#16147);
#16147 = DEFINITIONAL_REPRESENTATION('',(#16148),#16152);
#16148 = LINE('',#16149,#16150);
#16149 = CARTESIAN_POINT('',(0.,0.));
#16150 = VECTOR('',#16151,1.);
#16151 = DIRECTION('',(0.,-1.));
#16152 = ( GEOMETRIC_REPRESENTATION_CONTEXT(2) 
PARAMETRIC_REPRESENTATION_CONTEXT() REPRESENTATION_CONTEXT('2D SPACE',''
  ) );
#16153 = ORIENTED_EDGE('',*,*,#11535,.F.);
#16154 = ORIENTED_EDGE('',*,*,#13759,.F.);
#16155 = ORIENTED_EDGE('',*,*,#13860,.F.);
#16156 = ORIENTED_EDGE('',*,*,#14533,.F.);
#16157 = ORIENTED_EDGE('',*,*,#12595,.F.);
#16158 = ORIENTED_EDGE('',*,*,#12547,.F.);
#16159 = ORIENTED_EDGE('',*,*,#8705,.F.);
#16160 = ADVANCED_FACE('',(#16161),#8838,.F.);
#16161 = FACE_BOUND('',#16162,.F.);
#16162 = EDGE_LOOP('',(#16163,#16164,#16165,#16186,#16187,#16188,#16189,
    #16190,#16191,#16192));
#16163 = ORIENTED_EDGE('',*,*,#16133,.T.);
#16164 = ORIENTED_EDGE('',*,*,#15714,.T.);
#16165 = ORIENTED_EDGE('',*,*,#16166,.F.);
#16166 = EDGE_CURVE('',#9158,#15715,#16167,.T.);
#16167 = SURFACE_CURVE('',#16168,(#16172,#16179),.PCURVE_S1.);
#16168 = LINE('',#16169,#16170);
#16169 = CARTESIAN_POINT('',(-26.6,9.629115489949E-16,2.));
#16170 = VECTOR('',#16171,1.);
#16171 = DIRECTION('',(0.,0.,1.));
#16172 = PCURVE('',#8838,#16173);
#16173 = DEFINITIONAL_REPRESENTATION('',(#16174),#16178);
#16174 = LINE('',#16175,#16176);
#16175 = CARTESIAN_POINT('',(3.14159265359,0.));
#16176 = VECTOR('',#16177,1.);
#16177 = DIRECTION('',(0.,-1.));
#16178 = ( GEOMETRIC_REPRESENTATION_CONTEXT(2) 
PARAMETRIC_REPRESENTATION_CONTEXT() REPRESENTATION_CONTEXT('2D SPACE',''
  ) );
#16179 = PCURVE('',#9090,#16180);
#16180 = DEFINITIONAL_REPRESENTATION('',(#16181),#16185);
#16181 = LINE('',#16182,#16183);
#16182 = CARTESIAN_POINT('',(0.,0.));
#16183 = VECTOR('',#16184,1.);
#16184 = DIRECTION('',(0.,-1.));
#16185 = ( GEOMETRIC_REPRESENTATION_CONTEXT(2) 
PARAMETRIC_REPRESENTATION_CONTEXT() REPRESENTATION_CONTEXT('2D SPACE',''
  ) );
#16186 = ORIENTED_EDGE('',*,*,#9185,.F.);
#16187 = ORIENTED_EDGE('',*,*,#8823,.F.);
#16188 = ORIENTED_EDGE('',*,*,#9212,.F.);
#16189 = ORIENTED_EDGE('',*,*,#10637,.F.);
#16190 = ORIENTED_EDGE('',*,*,#10715,.F.);
#16191 = ORIENTED_EDGE('',*,*,#11404,.F.);
#16192 = ORIENTED_EDGE('',*,*,#11507,.F.);
#16193 = ADVANCED_FACE('',(#16194),#8872,.T.);
#16194 = FACE_BOUND('',#16195,.F.);
#16195 = EDGE_LOOP('',(#16196,#16217,#16218,#16239));
#16196 = ORIENTED_EDGE('',*,*,#16197,.T.);
#16197 = EDGE_CURVE('',#8854,#14961,#16198,.T.);
#16198 = SURFACE_CURVE('',#16199,(#16203,#16210),.PCURVE_S1.);
#16199 = LINE('',#16200,#16201);
#16200 = CARTESIAN_POINT('',(23.,0.,2.));
#16201 = VECTOR('',#16202,1.);
#16202 = DIRECTION('',(0.,0.,1.));
#16203 = PCURVE('',#8872,#16204);
#16204 = DEFINITIONAL_REPRESENTATION('',(#16205),#16209);
#16205 = LINE('',#16206,#16207);
#16206 = CARTESIAN_POINT('',(-0.,0.));
#16207 = VECTOR('',#16208,1.);
#16208 = DIRECTION('',(-0.,-1.));
#16209 = ( GEOMETRIC_REPRESENTATION_CONTEXT(2) 
PARAMETRIC_REPRESENTATION_CONTEXT() REPRESENTATION_CONTEXT('2D SPACE',''
  ) );
#16210 = PCURVE('',#8900,#16211);
#16211 = DEFINITIONAL_REPRESENTATION('',(#16212),#16216);
#16212 = LINE('',#16213,#16214);
#16213 = CARTESIAN_POINT('',(0.8,0.));
#16214 = VECTOR('',#16215,1.);
#16215 = DIRECTION('',(0.,-1.));
#16216 = ( GEOMETRIC_REPRESENTATION_CONTEXT(2) 
PARAMETRIC_REPRESENTATION_CONTEXT() REPRESENTATION_CONTEXT('2D SPACE',''
  ) );
#16217 = ORIENTED_EDGE('',*,*,#14960,.T.);
#16218 = ORIENTED_EDGE('',*,*,#16219,.F.);
#16219 = EDGE_CURVE('',#8856,#14963,#16220,.T.);
#16220 = SURFACE_CURVE('',#16221,(#16225,#16232),.PCURVE_S1.);
#16221 = LINE('',#16222,#16223);
#16222 = CARTESIAN_POINT('',(-23.,2.816687638039E-15,2.));
#16223 = VECTOR('',#16224,1.);
#16224 = DIRECTION('',(0.,0.,1.));
#16225 = PCURVE('',#8872,#16226);
#16226 = DEFINITIONAL_REPRESENTATION('',(#16227),#16231);
#16227 = LINE('',#16228,#16229);
#16228 = CARTESIAN_POINT('',(-3.14159265359,0.));
#16229 = VECTOR('',#16230,1.);
#16230 = DIRECTION('',(-0.,-1.));
#16231 = ( GEOMETRIC_REPRESENTATION_CONTEXT(2) 
PARAMETRIC_REPRESENTATION_CONTEXT() REPRESENTATION_CONTEXT('2D SPACE',''
  ) );
#16232 = PCURVE('',#9312,#16233);
#16233 = DEFINITIONAL_REPRESENTATION('',(#16234),#16238);
#16234 = LINE('',#16235,#16236);
#16235 = CARTESIAN_POINT('',(-0.,0.));
#16236 = VECTOR('',#16237,1.);
#16237 = DIRECTION('',(-0.,-1.));
#16238 = ( GEOMETRIC_REPRESENTATION_CONTEXT(2) 
PARAMETRIC_REPRESENTATION_CONTEXT() REPRESENTATION_CONTEXT('2D SPACE',''
  ) );
#16239 = ORIENTED_EDGE('',*,*,#8853,.F.);
#16240 = ADVANCED_FACE('',(#16241),#9312,.T.);
#16241 = FACE_BOUND('',#16242,.F.);
#16242 = EDGE_LOOP('',(#16243,#16244,#16245,#16266));
#16243 = ORIENTED_EDGE('',*,*,#16219,.T.);
#16244 = ORIENTED_EDGE('',*,*,#14986,.T.);
#16245 = ORIENTED_EDGE('',*,*,#16246,.F.);
#16246 = EDGE_CURVE('',#9269,#14987,#16247,.T.);
#16247 = SURFACE_CURVE('',#16248,(#16252,#16259),.PCURVE_S1.);
#16248 = LINE('',#16249,#16250);
#16249 = CARTESIAN_POINT('',(25.2,-2.170963824199E-15,2.));
#16250 = VECTOR('',#16251,1.);
#16251 = DIRECTION('',(0.,0.,1.));
#16252 = PCURVE('',#9312,#16253);
#16253 = DEFINITIONAL_REPRESENTATION('',(#16254),#16258);
#16254 = LINE('',#16255,#16256);
#16255 = CARTESIAN_POINT('',(-3.14159265359,0.));
#16256 = VECTOR('',#16257,1.);
#16257 = DIRECTION('',(-0.,-1.));
#16258 = ( GEOMETRIC_REPRESENTATION_CONTEXT(2) 
PARAMETRIC_REPRESENTATION_CONTEXT() REPRESENTATION_CONTEXT('2D SPACE',''
  ) );
#16259 = PCURVE('',#9285,#16260);
#16260 = DEFINITIONAL_REPRESENTATION('',(#16261),#16265);
#16261 = LINE('',#16262,#16263);
#16262 = CARTESIAN_POINT('',(-0.,0.));
#16263 = VECTOR('',#16264,1.);
#16264 = DIRECTION('',(-0.,-1.));
#16265 = ( GEOMETRIC_REPRESENTATION_CONTEXT(2) 
PARAMETRIC_REPRESENTATION_CONTEXT() REPRESENTATION_CONTEXT('2D SPACE',''
  ) );
#16266 = ORIENTED_EDGE('',*,*,#9297,.F.);
#16267 = ADVANCED_FACE('',(#16268),#9285,.T.);
#16268 = FACE_BOUND('',#16269,.F.);
#16269 = EDGE_LOOP('',(#16270,#16271,#16272,#16293));
#16270 = ORIENTED_EDGE('',*,*,#16246,.T.);
#16271 = ORIENTED_EDGE('',*,*,#15010,.T.);
#16272 = ORIENTED_EDGE('',*,*,#16273,.F.);
#16273 = EDGE_CURVE('',#9240,#15011,#16274,.T.);
#16274 = SURFACE_CURVE('',#16275,(#16279,#16286),.PCURVE_S1.);
#16275 = LINE('',#16276,#16277);
#16276 = CARTESIAN_POINT('',(-25.2,-1.848353599551E-15,2.));
#16277 = VECTOR('',#16278,1.);
#16278 = DIRECTION('',(0.,0.,1.));
#16279 = PCURVE('',#9285,#16280);
#16280 = DEFINITIONAL_REPRESENTATION('',(#16281),#16285);
#16281 = LINE('',#16282,#16283);
#16282 = CARTESIAN_POINT('',(-3.14159265359,0.));
#16283 = VECTOR('',#16284,1.);
#16284 = DIRECTION('',(-0.,-1.));
#16285 = ( GEOMETRIC_REPRESENTATION_CONTEXT(2) 
PARAMETRIC_REPRESENTATION_CONTEXT() REPRESENTATION_CONTEXT('2D SPACE',''
  ) );
#16286 = PCURVE('',#9256,#16287);
#16287 = DEFINITIONAL_REPRESENTATION('',(#16288),#16292);
#16288 = LINE('',#16289,#16290);
#16289 = CARTESIAN_POINT('',(-0.,0.));
#16290 = VECTOR('',#16291,1.);
#16291 = DIRECTION('',(-0.,-1.));
#16292 = ( GEOMETRIC_REPRESENTATION_CONTEXT(2) 
PARAMETRIC_REPRESENTATION_CONTEXT() REPRESENTATION_CONTEXT('2D SPACE',''
  ) );
#16293 = ORIENTED_EDGE('',*,*,#9268,.F.);
#16294 = ADVANCED_FACE('',(#16295),#9256,.T.);
#16295 = FACE_BOUND('',#16296,.F.);
#16296 = EDGE_LOOP('',(#16297,#16298,#16299,#16300,#16301,#16302,#16303,
    #16304));
#16297 = ORIENTED_EDGE('',*,*,#16273,.T.);
#16298 = ORIENTED_EDGE('',*,*,#15034,.T.);
#16299 = ORIENTED_EDGE('',*,*,#16045,.F.);
#16300 = ORIENTED_EDGE('',*,*,#11482,.F.);
#16301 = ORIENTED_EDGE('',*,*,#11430,.F.);
#16302 = ORIENTED_EDGE('',*,*,#10692,.F.);
#16303 = ORIENTED_EDGE('',*,*,#10663,.F.);
#16304 = ORIENTED_EDGE('',*,*,#9239,.F.);
#16305 = ADVANCED_FACE('',(#16306),#9090,.F.);
#16306 = FACE_BOUND('',#16307,.F.);
#16307 = EDGE_LOOP('',(#16308,#16309,#16310,#16331,#16332,#16333,#16334,
    #16335,#16336,#16337));
#16308 = ORIENTED_EDGE('',*,*,#16166,.T.);
#16309 = ORIENTED_EDGE('',*,*,#15742,.T.);
#16310 = ORIENTED_EDGE('',*,*,#16311,.F.);
#16311 = EDGE_CURVE('',#9044,#15743,#16312,.T.);
#16312 = SURFACE_CURVE('',#16313,(#16317,#16324),.PCURVE_S1.);
#16313 = LINE('',#16314,#16315);
#16314 = CARTESIAN_POINT('',(26.6,4.071005776137E-15,2.));
#16315 = VECTOR('',#16316,1.);
#16316 = DIRECTION('',(0.,0.,1.));
#16317 = PCURVE('',#9090,#16318);
#16318 = DEFINITIONAL_REPRESENTATION('',(#16319),#16323);
#16319 = LINE('',#16320,#16321);
#16320 = CARTESIAN_POINT('',(3.14159265359,0.));
#16321 = VECTOR('',#16322,1.);
#16322 = DIRECTION('',(0.,-1.));
#16323 = ( GEOMETRIC_REPRESENTATION_CONTEXT(2) 
PARAMETRIC_REPRESENTATION_CONTEXT() REPRESENTATION_CONTEXT('2D SPACE',''
  ) );
#16324 = PCURVE('',#9030,#16325);
#16325 = DEFINITIONAL_REPRESENTATION('',(#16326),#16330);
#16326 = LINE('',#16327,#16328);
#16327 = CARTESIAN_POINT('',(0.,0.));
#16328 = VECTOR('',#16329,1.);
#16329 = DIRECTION('',(0.,-1.));
#16330 = ( GEOMETRIC_REPRESENTATION_CONTEXT(2) 
PARAMETRIC_REPRESENTATION_CONTEXT() REPRESENTATION_CONTEXT('2D SPACE',''
  ) );
#16331 = ORIENTED_EDGE('',*,*,#9071,.F.);
#16332 = ORIENTED_EDGE('',*,*,#13812,.F.);
#16333 = ORIENTED_EDGE('',*,*,#9103,.F.);
#16334 = ORIENTED_EDGE('',*,*,#14586,.F.);
#16335 = ORIENTED_EDGE('',*,*,#9130,.F.);
#16336 = ORIENTED_EDGE('',*,*,#12653,.F.);
#16337 = ORIENTED_EDGE('',*,*,#9157,.F.);
#16338 = ADVANCED_FACE('',(#16339),#9030,.F.);
#16339 = FACE_BOUND('',#16340,.F.);
#16340 = EDGE_LOOP('',(#16341,#16342,#16343,#16364,#16365,#16366));
#16341 = ORIENTED_EDGE('',*,*,#16311,.T.);
#16342 = ORIENTED_EDGE('',*,*,#15770,.T.);
#16343 = ORIENTED_EDGE('',*,*,#16344,.F.);
#16344 = EDGE_CURVE('',#8979,#15771,#16345,.T.);
#16345 = SURFACE_CURVE('',#16346,(#16350,#16357),.PCURVE_S1.);
#16346 = LINE('',#16347,#16348);
#16347 = CARTESIAN_POINT('',(-24.4,-2.975007620388E-15,2.));
#16348 = VECTOR('',#16349,1.);
#16349 = DIRECTION('',(0.,0.,1.));
#16350 = PCURVE('',#9030,#16351);
#16351 = DEFINITIONAL_REPRESENTATION('',(#16352),#16356);
#16352 = LINE('',#16353,#16354);
#16353 = CARTESIAN_POINT('',(3.14159265359,0.));
#16354 = VECTOR('',#16355,1.);
#16355 = DIRECTION('',(0.,-1.));
#16356 = ( GEOMETRIC_REPRESENTATION_CONTEXT(2) 
PARAMETRIC_REPRESENTATION_CONTEXT() REPRESENTATION_CONTEXT('2D SPACE',''
  ) );
#16357 = PCURVE('',#8999,#16358);
#16358 = DEFINITIONAL_REPRESENTATION('',(#16359),#16363);
#16359 = LINE('',#16360,#16361);
#16360 = CARTESIAN_POINT('',(0.,0.));
#16361 = VECTOR('',#16362,1.);
#16362 = DIRECTION('',(0.,-1.));
#16363 = ( GEOMETRIC_REPRESENTATION_CONTEXT(2) 
PARAMETRIC_REPRESENTATION_CONTEXT() REPRESENTATION_CONTEXT('2D SPACE',''
  ) );
#16364 = ORIENTED_EDGE('',*,*,#9011,.F.);
#16365 = ORIENTED_EDGE('',*,*,#11457,.F.);
#16366 = ORIENTED_EDGE('',*,*,#9043,.F.);
#16367 = ADVANCED_FACE('',(#16368),#8999,.F.);
#16368 = FACE_BOUND('',#16369,.F.);
#16369 = EDGE_LOOP('',(#16370,#16371,#16372,#16393));
#16370 = ORIENTED_EDGE('',*,*,#16344,.T.);
#16371 = ORIENTED_EDGE('',*,*,#15798,.T.);
#16372 = ORIENTED_EDGE('',*,*,#16373,.F.);
#16373 = EDGE_CURVE('',#8946,#15799,#16374,.T.);
#16374 = SURFACE_CURVE('',#16375,(#16379,#16386),.PCURVE_S1.);
#16375 = LINE('',#16376,#16377);
#16376 = CARTESIAN_POINT('',(24.4,4.186788970907E-15,2.));
#16377 = VECTOR('',#16378,1.);
#16378 = DIRECTION('',(0.,0.,1.));
#16379 = PCURVE('',#8999,#16380);
#16380 = DEFINITIONAL_REPRESENTATION('',(#16381),#16385);
#16381 = LINE('',#16382,#16383);
#16382 = CARTESIAN_POINT('',(3.14159265359,0.));
#16383 = VECTOR('',#16384,1.);
#16384 = DIRECTION('',(0.,-1.));
#16385 = ( GEOMETRIC_REPRESENTATION_CONTEXT(2) 
PARAMETRIC_REPRESENTATION_CONTEXT() REPRESENTATION_CONTEXT('2D SPACE',''
  ) );
#16386 = PCURVE('',#8966,#16387);
#16387 = DEFINITIONAL_REPRESENTATION('',(#16388),#16392);
#16388 = LINE('',#16389,#16390);
#16389 = CARTESIAN_POINT('',(0.,0.));
#16390 = VECTOR('',#16391,1.);
#16391 = DIRECTION('',(0.,-1.));
#16392 = ( GEOMETRIC_REPRESENTATION_CONTEXT(2) 
PARAMETRIC_REPRESENTATION_CONTEXT() REPRESENTATION_CONTEXT('2D SPACE',''
  ) );
#16393 = ORIENTED_EDGE('',*,*,#8978,.F.);
#16394 = ADVANCED_FACE('',(#16395),#8966,.F.);
#16395 = FACE_BOUND('',#16396,.F.);
#16396 = EDGE_LOOP('',(#16397,#16398,#16399,#16420));
#16397 = ORIENTED_EDGE('',*,*,#16373,.T.);
#16398 = ORIENTED_EDGE('',*,*,#15826,.T.);
#16399 = ORIENTED_EDGE('',*,*,#16400,.F.);
#16400 = EDGE_CURVE('',#8913,#15827,#16401,.T.);
#16401 = SURFACE_CURVE('',#16402,(#16406,#16413),.PCURVE_S1.);
#16402 = LINE('',#16403,#16404);
#16403 = CARTESIAN_POINT('',(-22.2,1.530705737186E-15,2.));
#16404 = VECTOR('',#16405,1.);
#16405 = DIRECTION('',(0.,0.,1.));
#16406 = PCURVE('',#8966,#16407);
#16407 = DEFINITIONAL_REPRESENTATION('',(#16408),#16412);
#16408 = LINE('',#16409,#16410);
#16409 = CARTESIAN_POINT('',(3.14159265359,0.));
#16410 = VECTOR('',#16411,1.);
#16411 = DIRECTION('',(0.,-1.));
#16412 = ( GEOMETRIC_REPRESENTATION_CONTEXT(2) 
PARAMETRIC_REPRESENTATION_CONTEXT() REPRESENTATION_CONTEXT('2D SPACE',''
  ) );
#16413 = PCURVE('',#8933,#16414);
#16414 = DEFINITIONAL_REPRESENTATION('',(#16415),#16419);
#16415 = LINE('',#16416,#16417);
#16416 = CARTESIAN_POINT('',(0.,0.));
#16417 = VECTOR('',#16418,1.);
#16418 = DIRECTION('',(0.,-1.));
#16419 = ( GEOMETRIC_REPRESENTATION_CONTEXT(2) 
PARAMETRIC_REPRESENTATION_CONTEXT() REPRESENTATION_CONTEXT('2D SPACE',''
  ) );
#16420 = ORIENTED_EDGE('',*,*,#8945,.F.);
#16421 = ADVANCED_FACE('',(#16422),#8933,.F.);
#16422 = FACE_BOUND('',#16423,.F.);
#16423 = EDGE_LOOP('',(#16424,#16425,#16426,#16447));
#16424 = ORIENTED_EDGE('',*,*,#16400,.T.);
#16425 = ORIENTED_EDGE('',*,*,#15854,.T.);
#16426 = ORIENTED_EDGE('',*,*,#16427,.F.);
#16427 = EDGE_CURVE('',#8885,#15855,#16428,.T.);
#16428 = SURFACE_CURVE('',#16429,(#16433,#16440),.PCURVE_S1.);
#16429 = LINE('',#16430,#16431);
#16430 = CARTESIAN_POINT('',(22.2,1.188010156921E-15,2.));
#16431 = VECTOR('',#16432,1.);
#16432 = DIRECTION('',(0.,0.,1.));
#16433 = PCURVE('',#8933,#16434);
#16434 = DEFINITIONAL_REPRESENTATION('',(#16435),#16439);
#16435 = LINE('',#16436,#16437);
#16436 = CARTESIAN_POINT('',(3.14159265359,0.));
#16437 = VECTOR('',#16438,1.);
#16438 = DIRECTION('',(0.,-1.));
#16439 = ( GEOMETRIC_REPRESENTATION_CONTEXT(2) 
PARAMETRIC_REPRESENTATION_CONTEXT() REPRESENTATION_CONTEXT('2D SPACE',''
  ) );
#16440 = PCURVE('',#8900,#16441);
#16441 = DEFINITIONAL_REPRESENTATION('',(#16442),#16446);
#16442 = LINE('',#16443,#16444);
#16443 = CARTESIAN_POINT('',(0.,0.));
#16444 = VECTOR('',#16445,1.);
#16445 = DIRECTION('',(0.,-1.));
#16446 = ( GEOMETRIC_REPRESENTATION_CONTEXT(2) 
PARAMETRIC_REPRESENTATION_CONTEXT() REPRESENTATION_CONTEXT('2D SPACE',''
  ) );
#16447 = ORIENTED_EDGE('',*,*,#8912,.F.);
#16448 = ADVANCED_FACE('',(#16449),#8900,.F.);
#16449 = FACE_BOUND('',#16450,.F.);
#16450 = EDGE_LOOP('',(#16451,#16452,#16453,#16454));
#16451 = ORIENTED_EDGE('',*,*,#16427,.T.);
#16452 = ORIENTED_EDGE('',*,*,#15882,.T.);
#16453 = ORIENTED_EDGE('',*,*,#16197,.F.);
#16454 = ORIENTED_EDGE('',*,*,#8884,.F.);
#16455 = ADVANCED_FACE('',(#16456),#9343,.T.);
#16456 = FACE_BOUND('',#16457,.F.);
#16457 = EDGE_LOOP('',(#16458,#16479,#16480,#16481));
#16458 = ORIENTED_EDGE('',*,*,#16459,.T.);
#16459 = EDGE_CURVE('',#9327,#13470,#16460,.T.);
#16460 = SEAM_CURVE('',#16461,(#16465,#16472),.PCURVE_S1.);
#16461 = LINE('',#16462,#16463);
#16462 = CARTESIAN_POINT('',(19.5,0.,2.));
#16463 = VECTOR('',#16464,1.);
#16464 = DIRECTION('',(0.,0.,1.));
#16465 = PCURVE('',#9343,#16466);
#16466 = DEFINITIONAL_REPRESENTATION('',(#16467),#16471);
#16467 = LINE('',#16468,#16469);
#16468 = CARTESIAN_POINT('',(-0.,0.));
#16469 = VECTOR('',#16470,1.);
#16470 = DIRECTION('',(-0.,-1.));
#16471 = ( GEOMETRIC_REPRESENTATION_CONTEXT(2) 
PARAMETRIC_REPRESENTATION_CONTEXT() REPRESENTATION_CONTEXT('2D SPACE',''
  ) );
#16472 = PCURVE('',#9343,#16473);
#16473 = DEFINITIONAL_REPRESENTATION('',(#16474),#16478);
#16474 = LINE('',#16475,#16476);
#16475 = CARTESIAN_POINT('',(-6.28318530718,0.));
#16476 = VECTOR('',#16477,1.);
#16477 = DIRECTION('',(-0.,-1.));
#16478 = ( GEOMETRIC_REPRESENTATION_CONTEXT(2) 
PARAMETRIC_REPRESENTATION_CONTEXT() REPRESENTATION_CONTEXT('2D SPACE',''
  ) );
#16479 = ORIENTED_EDGE('',*,*,#13469,.T.);
#16480 = ORIENTED_EDGE('',*,*,#16459,.F.);
#16481 = ORIENTED_EDGE('',*,*,#9326,.F.);
#16482 = ADVANCED_FACE('',(#16483),#9484,.F.);
#16483 = FACE_BOUND('',#16484,.F.);
#16484 = EDGE_LOOP('',(#16485,#16486,#16487,#16508,#16509,#16510,#16511,
    #16512,#16513,#16514));
#16485 = ORIENTED_EDGE('',*,*,#15908,.T.);
#16486 = ORIENTED_EDGE('',*,*,#15378,.T.);
#16487 = ORIENTED_EDGE('',*,*,#16488,.F.);
#16488 = EDGE_CURVE('',#9533,#15379,#16489,.T.);
#16489 = SURFACE_CURVE('',#16490,(#16494,#16501),.PCURVE_S1.);
#16490 = LINE('',#16491,#16492);
#16491 = CARTESIAN_POINT('',(-39.8,-3.315165343545E-16,2.));
#16492 = VECTOR('',#16493,1.);
#16493 = DIRECTION('',(0.,0.,1.));
#16494 = PCURVE('',#9484,#16495);
#16495 = DEFINITIONAL_REPRESENTATION('',(#16496),#16500);
#16496 = LINE('',#16497,#16498);
#16497 = CARTESIAN_POINT('',(3.14159265359,0.));
#16498 = VECTOR('',#16499,1.);
#16499 = DIRECTION('',(0.,-1.));
#16500 = ( GEOMETRIC_REPRESENTATION_CONTEXT(2) 
PARAMETRIC_REPRESENTATION_CONTEXT() REPRESENTATION_CONTEXT('2D SPACE',''
  ) );
#16501 = PCURVE('',#9553,#16502);
#16502 = DEFINITIONAL_REPRESENTATION('',(#16503),#16507);
#16503 = LINE('',#16504,#16505);
#16504 = CARTESIAN_POINT('',(0.,0.));
#16505 = VECTOR('',#16506,1.);
#16506 = DIRECTION('',(0.,-1.));
#16507 = ( GEOMETRIC_REPRESENTATION_CONTEXT(2) 
PARAMETRIC_REPRESENTATION_CONTEXT() REPRESENTATION_CONTEXT('2D SPACE',''
  ) );
#16508 = ORIENTED_EDGE('',*,*,#9565,.F.);
#16509 = ORIENTED_EDGE('',*,*,#9469,.F.);
#16510 = ORIENTED_EDGE('',*,*,#10564,.F.);
#16511 = ORIENTED_EDGE('',*,*,#10799,.F.);
#16512 = ORIENTED_EDGE('',*,*,#11329,.F.);
#16513 = ORIENTED_EDGE('',*,*,#12484,.F.);
#16514 = ORIENTED_EDGE('',*,*,#12403,.F.);
#16515 = ADVANCED_FACE('',(#16516),#9519,.T.);
#16516 = FACE_BOUND('',#16517,.F.);
#16517 = EDGE_LOOP('',(#16518,#16539,#16540,#16561,#16562,#16563,#16564,
    #16565,#16566,#16567));
#16518 = ORIENTED_EDGE('',*,*,#16519,.T.);
#16519 = EDGE_CURVE('',#12273,#15275,#16520,.T.);
#16520 = SURFACE_CURVE('',#16521,(#16525,#16532),.PCURVE_S1.);
#16521 = LINE('',#16522,#16523);
#16522 = CARTESIAN_POINT('',(38.4,-1.154989311073E-15,2.));
#16523 = VECTOR('',#16524,1.);
#16524 = DIRECTION('',(0.,0.,1.));
#16525 = PCURVE('',#9519,#16526);
#16526 = DEFINITIONAL_REPRESENTATION('',(#16527),#16531);
#16527 = LINE('',#16528,#16529);
#16528 = CARTESIAN_POINT('',(-0.,0.));
#16529 = VECTOR('',#16530,1.);
#16530 = DIRECTION('',(-0.,-1.));
#16531 = ( GEOMETRIC_REPRESENTATION_CONTEXT(2) 
PARAMETRIC_REPRESENTATION_CONTEXT() REPRESENTATION_CONTEXT('2D SPACE',''
  ) );
#16532 = PCURVE('',#9785,#16533);
#16533 = DEFINITIONAL_REPRESENTATION('',(#16534),#16538);
#16534 = LINE('',#16535,#16536);
#16535 = CARTESIAN_POINT('',(-3.14159265359,0.));
#16536 = VECTOR('',#16537,1.);
#16537 = DIRECTION('',(-0.,-1.));
#16538 = ( GEOMETRIC_REPRESENTATION_CONTEXT(2) 
PARAMETRIC_REPRESENTATION_CONTEXT() REPRESENTATION_CONTEXT('2D SPACE',''
  ) );
#16539 = ORIENTED_EDGE('',*,*,#15298,.T.);
#16540 = ORIENTED_EDGE('',*,*,#16541,.F.);
#16541 = EDGE_CURVE('',#9503,#15299,#16542,.T.);
#16542 = SURFACE_CURVE('',#16543,(#16547,#16554),.PCURVE_S1.);
#16543 = LINE('',#16544,#16545);
#16544 = CARTESIAN_POINT('',(-38.4,1.225251764164E-14,2.));
#16545 = VECTOR('',#16546,1.);
#16546 = DIRECTION('',(0.,0.,1.));
#16547 = PCURVE('',#9519,#16548);
#16548 = DEFINITIONAL_REPRESENTATION('',(#16549),#16553);
#16549 = LINE('',#16550,#16551);
#16550 = CARTESIAN_POINT('',(-3.14159265359,0.));
#16551 = VECTOR('',#16552,1.);
#16552 = DIRECTION('',(-0.,-1.));
#16553 = ( GEOMETRIC_REPRESENTATION_CONTEXT(2) 
PARAMETRIC_REPRESENTATION_CONTEXT() REPRESENTATION_CONTEXT('2D SPACE',''
  ) );
#16554 = PCURVE('',#9607,#16555);
#16555 = DEFINITIONAL_REPRESENTATION('',(#16556),#16560);
#16556 = LINE('',#16557,#16558);
#16557 = CARTESIAN_POINT('',(-0.,0.));
#16558 = VECTOR('',#16559,1.);
#16559 = DIRECTION('',(-0.,-1.));
#16560 = ( GEOMETRIC_REPRESENTATION_CONTEXT(2) 
PARAMETRIC_REPRESENTATION_CONTEXT() REPRESENTATION_CONTEXT('2D SPACE',''
  ) );
#16561 = ORIENTED_EDGE('',*,*,#9502,.F.);
#16562 = ORIENTED_EDGE('',*,*,#12862,.F.);
#16563 = ORIENTED_EDGE('',*,*,#12786,.F.);
#16564 = ORIENTED_EDGE('',*,*,#14687,.F.);
#16565 = ORIENTED_EDGE('',*,*,#14367,.F.);
#16566 = ORIENTED_EDGE('',*,*,#13966,.F.);
#16567 = ORIENTED_EDGE('',*,*,#12352,.F.);
#16568 = ADVANCED_FACE('',(#16569),#9607,.T.);
#16569 = FACE_BOUND('',#16570,.F.);
#16570 = EDGE_LOOP('',(#16571,#16572,#16573,#16574,#16575,#16576,#16577,
    #16578,#16579,#16580));
#16571 = ORIENTED_EDGE('',*,*,#16541,.T.);
#16572 = ORIENTED_EDGE('',*,*,#15322,.T.);
#16573 = ORIENTED_EDGE('',*,*,#14904,.F.);
#16574 = ORIENTED_EDGE('',*,*,#12377,.F.);
#16575 = ORIENTED_EDGE('',*,*,#11610,.F.);
#16576 = ORIENTED_EDGE('',*,*,#11306,.F.);
#16577 = ORIENTED_EDGE('',*,*,#10852,.F.);
#16578 = ORIENTED_EDGE('',*,*,#10541,.F.);
#16579 = ORIENTED_EDGE('',*,*,#9650,.F.);
#16580 = ORIENTED_EDGE('',*,*,#9592,.F.);
#16581 = ADVANCED_FACE('',(#16582),#9553,.F.);
#16582 = FACE_BOUND('',#16583,.F.);
#16583 = EDGE_LOOP('',(#16584,#16585,#16586,#16607,#16608,#16609,#16610,
    #16611,#16612,#16613));
#16584 = ORIENTED_EDGE('',*,*,#16488,.T.);
#16585 = ORIENTED_EDGE('',*,*,#15406,.T.);
#16586 = ORIENTED_EDGE('',*,*,#16587,.F.);
#16587 = EDGE_CURVE('',#12298,#15407,#16588,.T.);
#16588 = SURFACE_CURVE('',#16589,(#16593,#16600),.PCURVE_S1.);
#16589 = LINE('',#16590,#16591);
#16590 = CARTESIAN_POINT('',(39.8,5.205610794961E-15,2.));
#16591 = VECTOR('',#16592,1.);
#16592 = DIRECTION('',(0.,0.,1.));
#16593 = PCURVE('',#9553,#16594);
#16594 = DEFINITIONAL_REPRESENTATION('',(#16595),#16599);
#16595 = LINE('',#16596,#16597);
#16596 = CARTESIAN_POINT('',(3.14159265359,0.));
#16597 = VECTOR('',#16598,1.);
#16598 = DIRECTION('',(0.,-1.));
#16599 = ( GEOMETRIC_REPRESENTATION_CONTEXT(2) 
PARAMETRIC_REPRESENTATION_CONTEXT() REPRESENTATION_CONTEXT('2D SPACE',''
  ) );
#16600 = PCURVE('',#9637,#16601);
#16601 = DEFINITIONAL_REPRESENTATION('',(#16602),#16606);
#16602 = LINE('',#16603,#16604);
#16603 = CARTESIAN_POINT('',(0.,0.));
#16604 = VECTOR('',#16605,1.);
#16605 = DIRECTION('',(0.,-1.));
#16606 = ( GEOMETRIC_REPRESENTATION_CONTEXT(2) 
PARAMETRIC_REPRESENTATION_CONTEXT() REPRESENTATION_CONTEXT('2D SPACE',''
  ) );
#16607 = ORIENTED_EDGE('',*,*,#12325,.F.);
#16608 = ORIENTED_EDGE('',*,*,#13890,.F.);
#16609 = ORIENTED_EDGE('',*,*,#14390,.F.);
#16610 = ORIENTED_EDGE('',*,*,#14611,.F.);
#16611 = ORIENTED_EDGE('',*,*,#12809,.F.);
#16612 = ORIENTED_EDGE('',*,*,#12733,.F.);
#16613 = ORIENTED_EDGE('',*,*,#9532,.F.);
#16614 = ADVANCED_FACE('',(#16615),#9637,.F.);
#16615 = FACE_BOUND('',#16616,.F.);
#16616 = EDGE_LOOP('',(#16617,#16618,#16619,#16640,#16641,#16642,#16643,
    #16644,#16645,#16646));
#16617 = ORIENTED_EDGE('',*,*,#16587,.T.);
#16618 = ORIENTED_EDGE('',*,*,#15434,.T.);
#16619 = ORIENTED_EDGE('',*,*,#16620,.F.);
#16620 = EDGE_CURVE('',#9711,#15435,#16621,.T.);
#16621 = SURFACE_CURVE('',#16622,(#16626,#16633),.PCURVE_S1.);
#16622 = LINE('',#16623,#16624);
#16623 = CARTESIAN_POINT('',(-37.6,-6.392280228861E-15,2.));
#16624 = VECTOR('',#16625,1.);
#16625 = DIRECTION('',(0.,0.,1.));
#16626 = PCURVE('',#9637,#16627);
#16627 = DEFINITIONAL_REPRESENTATION('',(#16628),#16632);
#16628 = LINE('',#16629,#16630);
#16629 = CARTESIAN_POINT('',(3.14159265359,0.));
#16630 = VECTOR('',#16631,1.);
#16631 = DIRECTION('',(0.,-1.));
#16632 = ( GEOMETRIC_REPRESENTATION_CONTEXT(2) 
PARAMETRIC_REPRESENTATION_CONTEXT() REPRESENTATION_CONTEXT('2D SPACE',''
  ) );
#16633 = PCURVE('',#9731,#16634);
#16634 = DEFINITIONAL_REPRESENTATION('',(#16635),#16639);
#16635 = LINE('',#16636,#16637);
#16636 = CARTESIAN_POINT('',(0.,0.));
#16637 = VECTOR('',#16638,1.);
#16638 = DIRECTION('',(0.,-1.));
#16639 = ( GEOMETRIC_REPRESENTATION_CONTEXT(2) 
PARAMETRIC_REPRESENTATION_CONTEXT() REPRESENTATION_CONTEXT('2D SPACE',''
  ) );
#16640 = ORIENTED_EDGE('',*,*,#9743,.F.);
#16641 = ORIENTED_EDGE('',*,*,#9622,.F.);
#16642 = ORIENTED_EDGE('',*,*,#10511,.F.);
#16643 = ORIENTED_EDGE('',*,*,#10829,.F.);
#16644 = ORIENTED_EDGE('',*,*,#11276,.F.);
#16645 = ORIENTED_EDGE('',*,*,#11587,.F.);
#16646 = ORIENTED_EDGE('',*,*,#12297,.F.);
#16647 = ADVANCED_FACE('',(#16648),#9697,.T.);
#16648 = FACE_BOUND('',#16649,.F.);
#16649 = EDGE_LOOP('',(#16650,#16671,#16672,#16693,#16694,#16695,#16696,
    #16697,#16698,#16699));
#16650 = ORIENTED_EDGE('',*,*,#16651,.T.);
#16651 = EDGE_CURVE('',#12168,#15227,#16652,.T.);
#16652 = SURFACE_CURVE('',#16653,(#16657,#16664),.PCURVE_S1.);
#16653 = LINE('',#16654,#16655);
#16654 = CARTESIAN_POINT('',(36.2,-7.030823867317E-15,2.));
#16655 = VECTOR('',#16656,1.);
#16656 = DIRECTION('',(0.,0.,1.));
#16657 = PCURVE('',#9697,#16658);
#16658 = DEFINITIONAL_REPRESENTATION('',(#16659),#16663);
#16659 = LINE('',#16660,#16661);
#16660 = CARTESIAN_POINT('',(-0.,0.));
#16661 = VECTOR('',#16662,1.);
#16662 = DIRECTION('',(-0.,-1.));
#16663 = ( GEOMETRIC_REPRESENTATION_CONTEXT(2) 
PARAMETRIC_REPRESENTATION_CONTEXT() REPRESENTATION_CONTEXT('2D SPACE',''
  ) );
#16664 = PCURVE('',#9963,#16665);
#16665 = DEFINITIONAL_REPRESENTATION('',(#16666),#16670);
#16666 = LINE('',#16667,#16668);
#16667 = CARTESIAN_POINT('',(-3.14159265359,0.));
#16668 = VECTOR('',#16669,1.);
#16669 = DIRECTION('',(-0.,-1.));
#16670 = ( GEOMETRIC_REPRESENTATION_CONTEXT(2) 
PARAMETRIC_REPRESENTATION_CONTEXT() REPRESENTATION_CONTEXT('2D SPACE',''
  ) );
#16671 = ORIENTED_EDGE('',*,*,#15250,.T.);
#16672 = ORIENTED_EDGE('',*,*,#16673,.F.);
#16673 = EDGE_CURVE('',#9681,#15251,#16674,.T.);
#16674 = SURFACE_CURVE('',#16675,(#16679,#16686),.PCURVE_S1.);
#16675 = LINE('',#16676,#16677);
#16676 = CARTESIAN_POINT('',(-36.2,6.046156920059E-15,2.));
#16677 = VECTOR('',#16678,1.);
#16678 = DIRECTION('',(0.,0.,1.));
#16679 = PCURVE('',#9697,#16680);
#16680 = DEFINITIONAL_REPRESENTATION('',(#16681),#16685);
#16681 = LINE('',#16682,#16683);
#16682 = CARTESIAN_POINT('',(-3.14159265359,0.));
#16683 = VECTOR('',#16684,1.);
#16684 = DIRECTION('',(-0.,-1.));
#16685 = ( GEOMETRIC_REPRESENTATION_CONTEXT(2) 
PARAMETRIC_REPRESENTATION_CONTEXT() REPRESENTATION_CONTEXT('2D SPACE',''
  ) );
#16686 = PCURVE('',#9785,#16687);
#16687 = DEFINITIONAL_REPRESENTATION('',(#16688),#16692);
#16688 = LINE('',#16689,#16690);
#16689 = CARTESIAN_POINT('',(-0.,0.));
#16690 = VECTOR('',#16691,1.);
#16691 = DIRECTION('',(-0.,-1.));
#16692 = ( GEOMETRIC_REPRESENTATION_CONTEXT(2) 
PARAMETRIC_REPRESENTATION_CONTEXT() REPRESENTATION_CONTEXT('2D SPACE',''
  ) );
#16693 = ORIENTED_EDGE('',*,*,#9680,.F.);
#16694 = ORIENTED_EDGE('',*,*,#12968,.F.);
#16695 = ORIENTED_EDGE('',*,*,#12892,.F.);
#16696 = ORIENTED_EDGE('',*,*,#14740,.F.);
#16697 = ORIENTED_EDGE('',*,*,#14314,.F.);
#16698 = ORIENTED_EDGE('',*,*,#14019,.F.);
#16699 = ORIENTED_EDGE('',*,*,#12247,.F.);
#16700 = ADVANCED_FACE('',(#16701),#9785,.T.);
#16701 = FACE_BOUND('',#16702,.F.);
#16702 = EDGE_LOOP('',(#16703,#16704,#16705,#16706,#16707,#16708,#16709,
    #16710,#16711,#16712));
#16703 = ORIENTED_EDGE('',*,*,#16673,.T.);
#16704 = ORIENTED_EDGE('',*,*,#15274,.T.);
#16705 = ORIENTED_EDGE('',*,*,#16519,.F.);
#16706 = ORIENTED_EDGE('',*,*,#12272,.F.);
#16707 = ORIENTED_EDGE('',*,*,#11663,.F.);
#16708 = ORIENTED_EDGE('',*,*,#11253,.F.);
#16709 = ORIENTED_EDGE('',*,*,#10905,.F.);
#16710 = ORIENTED_EDGE('',*,*,#10488,.F.);
#16711 = ORIENTED_EDGE('',*,*,#9828,.F.);
#16712 = ORIENTED_EDGE('',*,*,#9770,.F.);
#16713 = ADVANCED_FACE('',(#16714),#9731,.F.);
#16714 = FACE_BOUND('',#16715,.F.);
#16715 = EDGE_LOOP('',(#16716,#16717,#16718,#16739,#16740,#16741,#16742,
    #16743,#16744,#16745));
#16716 = ORIENTED_EDGE('',*,*,#16620,.T.);
#16717 = ORIENTED_EDGE('',*,*,#15462,.T.);
#16718 = ORIENTED_EDGE('',*,*,#16719,.F.);
#16719 = EDGE_CURVE('',#12193,#15463,#16720,.T.);
#16720 = SURFACE_CURVE('',#16721,(#16725,#16732),.PCURVE_S1.);
#16721 = LINE('',#16722,#16723);
#16722 = CARTESIAN_POINT('',(37.6,7.444238514854E-15,2.));
#16723 = VECTOR('',#16724,1.);
#16724 = DIRECTION('',(0.,0.,1.));
#16725 = PCURVE('',#9731,#16726);
#16726 = DEFINITIONAL_REPRESENTATION('',(#16727),#16731);
#16727 = LINE('',#16728,#16729);
#16728 = CARTESIAN_POINT('',(3.14159265359,0.));
#16729 = VECTOR('',#16730,1.);
#16730 = DIRECTION('',(0.,-1.));
#16731 = ( GEOMETRIC_REPRESENTATION_CONTEXT(2) 
PARAMETRIC_REPRESENTATION_CONTEXT() REPRESENTATION_CONTEXT('2D SPACE',''
  ) );
#16732 = PCURVE('',#9815,#16733);
#16733 = DEFINITIONAL_REPRESENTATION('',(#16734),#16738);
#16734 = LINE('',#16735,#16736);
#16735 = CARTESIAN_POINT('',(0.,0.));
#16736 = VECTOR('',#16737,1.);
#16737 = DIRECTION('',(0.,-1.));
#16738 = ( GEOMETRIC_REPRESENTATION_CONTEXT(2) 
PARAMETRIC_REPRESENTATION_CONTEXT() REPRESENTATION_CONTEXT('2D SPACE',''
  ) );
#16739 = ORIENTED_EDGE('',*,*,#12220,.F.);
#16740 = ORIENTED_EDGE('',*,*,#13943,.F.);
#16741 = ORIENTED_EDGE('',*,*,#14337,.F.);
#16742 = ORIENTED_EDGE('',*,*,#14664,.F.);
#16743 = ORIENTED_EDGE('',*,*,#12915,.F.);
#16744 = ORIENTED_EDGE('',*,*,#12839,.F.);
#16745 = ORIENTED_EDGE('',*,*,#9710,.F.);
#16746 = ADVANCED_FACE('',(#16747),#9815,.F.);
#16747 = FACE_BOUND('',#16748,.F.);
#16748 = EDGE_LOOP('',(#16749,#16750,#16751,#16772,#16773,#16774,#16775,
    #16776,#16777,#16778));
#16749 = ORIENTED_EDGE('',*,*,#16719,.T.);
#16750 = ORIENTED_EDGE('',*,*,#15490,.T.);
#16751 = ORIENTED_EDGE('',*,*,#16752,.F.);
#16752 = EDGE_CURVE('',#9889,#15491,#16753,.T.);
#16753 = SURFACE_CURVE('',#16754,(#16758,#16765),.PCURVE_S1.);
#16754 = LINE('',#16755,#16756);
#16755 = CARTESIAN_POINT('',(-35.4,-9.915797887417E-15,2.));
#16756 = VECTOR('',#16757,1.);
#16757 = DIRECTION('',(0.,0.,1.));
#16758 = PCURVE('',#9815,#16759);
#16759 = DEFINITIONAL_REPRESENTATION('',(#16760),#16764);
#16760 = LINE('',#16761,#16762);
#16761 = CARTESIAN_POINT('',(3.14159265359,0.));
#16762 = VECTOR('',#16763,1.);
#16763 = DIRECTION('',(0.,-1.));
#16764 = ( GEOMETRIC_REPRESENTATION_CONTEXT(2) 
PARAMETRIC_REPRESENTATION_CONTEXT() REPRESENTATION_CONTEXT('2D SPACE',''
  ) );
#16765 = PCURVE('',#9909,#16766);
#16766 = DEFINITIONAL_REPRESENTATION('',(#16767),#16771);
#16767 = LINE('',#16768,#16769);
#16768 = CARTESIAN_POINT('',(0.,0.));
#16769 = VECTOR('',#16770,1.);
#16770 = DIRECTION('',(0.,-1.));
#16771 = ( GEOMETRIC_REPRESENTATION_CONTEXT(2) 
PARAMETRIC_REPRESENTATION_CONTEXT() REPRESENTATION_CONTEXT('2D SPACE',''
  ) );
#16772 = ORIENTED_EDGE('',*,*,#9921,.F.);
#16773 = ORIENTED_EDGE('',*,*,#9800,.F.);
#16774 = ORIENTED_EDGE('',*,*,#10458,.F.);
#16775 = ORIENTED_EDGE('',*,*,#10882,.F.);
#16776 = ORIENTED_EDGE('',*,*,#11223,.F.);
#16777 = ORIENTED_EDGE('',*,*,#11640,.F.);
#16778 = ORIENTED_EDGE('',*,*,#12192,.F.);
#16779 = ADVANCED_FACE('',(#16780),#9875,.T.);
#16780 = FACE_BOUND('',#16781,.F.);
#16781 = EDGE_LOOP('',(#16782,#16803,#16804,#16825,#16826,#16827,#16828,
    #16829,#16830,#16831));
#16782 = ORIENTED_EDGE('',*,*,#16783,.T.);
#16783 = EDGE_CURVE('',#12063,#15179,#16784,.T.);
#16784 = SURFACE_CURVE('',#16785,(#16789,#16796),.PCURVE_S1.);
#16785 = LINE('',#16786,#16787);
#16786 = CARTESIAN_POINT('',(34.,-9.22665552161E-15,2.));
#16787 = VECTOR('',#16788,1.);
#16788 = DIRECTION('',(0.,0.,1.));
#16789 = PCURVE('',#9875,#16790);
#16790 = DEFINITIONAL_REPRESENTATION('',(#16791),#16795);
#16791 = LINE('',#16792,#16793);
#16792 = CARTESIAN_POINT('',(-0.,0.));
#16793 = VECTOR('',#16794,1.);
#16794 = DIRECTION('',(-0.,-1.));
#16795 = ( GEOMETRIC_REPRESENTATION_CONTEXT(2) 
PARAMETRIC_REPRESENTATION_CONTEXT() REPRESENTATION_CONTEXT('2D SPACE',''
  ) );
#16796 = PCURVE('',#10141,#16797);
#16797 = DEFINITIONAL_REPRESENTATION('',(#16798),#16802);
#16798 = LINE('',#16799,#16800);
#16799 = CARTESIAN_POINT('',(-3.14159265359,0.));
#16800 = VECTOR('',#16801,1.);
#16801 = DIRECTION('',(-0.,-1.));
#16802 = ( GEOMETRIC_REPRESENTATION_CONTEXT(2) 
PARAMETRIC_REPRESENTATION_CONTEXT() REPRESENTATION_CONTEXT('2D SPACE',''
  ) );
#16803 = ORIENTED_EDGE('',*,*,#15202,.T.);
#16804 = ORIENTED_EDGE('',*,*,#16805,.F.);
#16805 = EDGE_CURVE('',#9859,#15203,#16806,.T.);
#16806 = SURFACE_CURVE('',#16807,(#16811,#16818),.PCURVE_S1.);
#16807 = LINE('',#16808,#16809);
#16808 = CARTESIAN_POINT('',(-34.,6.28502728111E-15,2.));
#16809 = VECTOR('',#16810,1.);
#16810 = DIRECTION('',(0.,0.,1.));
#16811 = PCURVE('',#9875,#16812);
#16812 = DEFINITIONAL_REPRESENTATION('',(#16813),#16817);
#16813 = LINE('',#16814,#16815);
#16814 = CARTESIAN_POINT('',(-3.14159265359,0.));
#16815 = VECTOR('',#16816,1.);
#16816 = DIRECTION('',(-0.,-1.));
#16817 = ( GEOMETRIC_REPRESENTATION_CONTEXT(2) 
PARAMETRIC_REPRESENTATION_CONTEXT() REPRESENTATION_CONTEXT('2D SPACE',''
  ) );
#16818 = PCURVE('',#9963,#16819);
#16819 = DEFINITIONAL_REPRESENTATION('',(#16820),#16824);
#16820 = LINE('',#16821,#16822);
#16821 = CARTESIAN_POINT('',(-0.,0.));
#16822 = VECTOR('',#16823,1.);
#16823 = DIRECTION('',(-0.,-1.));
#16824 = ( GEOMETRIC_REPRESENTATION_CONTEXT(2) 
PARAMETRIC_REPRESENTATION_CONTEXT() REPRESENTATION_CONTEXT('2D SPACE',''
  ) );
#16825 = ORIENTED_EDGE('',*,*,#9858,.F.);
#16826 = ORIENTED_EDGE('',*,*,#13074,.F.);
#16827 = ORIENTED_EDGE('',*,*,#12998,.F.);
#16828 = ORIENTED_EDGE('',*,*,#14793,.F.);
#16829 = ORIENTED_EDGE('',*,*,#14261,.F.);
#16830 = ORIENTED_EDGE('',*,*,#14072,.F.);
#16831 = ORIENTED_EDGE('',*,*,#12142,.F.);
#16832 = ADVANCED_FACE('',(#16833),#9963,.T.);
#16833 = FACE_BOUND('',#16834,.F.);
#16834 = EDGE_LOOP('',(#16835,#16836,#16837,#16838,#16839,#16840,#16841,
    #16842,#16843,#16844));
#16835 = ORIENTED_EDGE('',*,*,#16805,.T.);
#16836 = ORIENTED_EDGE('',*,*,#15226,.T.);
#16837 = ORIENTED_EDGE('',*,*,#16651,.F.);
#16838 = ORIENTED_EDGE('',*,*,#12167,.F.);
#16839 = ORIENTED_EDGE('',*,*,#11716,.F.);
#16840 = ORIENTED_EDGE('',*,*,#11200,.F.);
#16841 = ORIENTED_EDGE('',*,*,#10958,.F.);
#16842 = ORIENTED_EDGE('',*,*,#10435,.F.);
#16843 = ORIENTED_EDGE('',*,*,#10006,.F.);
#16844 = ORIENTED_EDGE('',*,*,#9948,.F.);
#16845 = ADVANCED_FACE('',(#16846),#9909,.F.);
#16846 = FACE_BOUND('',#16847,.F.);
#16847 = EDGE_LOOP('',(#16848,#16849,#16850,#16871,#16872,#16873,#16874,
    #16875,#16876,#16877));
#16848 = ORIENTED_EDGE('',*,*,#16752,.T.);
#16849 = ORIENTED_EDGE('',*,*,#15518,.T.);
#16850 = ORIENTED_EDGE('',*,*,#16851,.F.);
#16851 = EDGE_CURVE('',#12088,#15519,#16852,.T.);
#16852 = SURFACE_CURVE('',#16853,(#16857,#16864),.PCURVE_S1.);
#16853 = LINE('',#16854,#16855);
#16854 = CARTESIAN_POINT('',(35.4,1.06983338776E-14,2.));
#16855 = VECTOR('',#16856,1.);
#16856 = DIRECTION('',(0.,0.,1.));
#16857 = PCURVE('',#9909,#16858);
#16858 = DEFINITIONAL_REPRESENTATION('',(#16859),#16863);
#16859 = LINE('',#16860,#16861);
#16860 = CARTESIAN_POINT('',(3.14159265359,0.));
#16861 = VECTOR('',#16862,1.);
#16862 = DIRECTION('',(0.,-1.));
#16863 = ( GEOMETRIC_REPRESENTATION_CONTEXT(2) 
PARAMETRIC_REPRESENTATION_CONTEXT() REPRESENTATION_CONTEXT('2D SPACE',''
  ) );
#16864 = PCURVE('',#9993,#16865);
#16865 = DEFINITIONAL_REPRESENTATION('',(#16866),#16870);
#16866 = LINE('',#16867,#16868);
#16867 = CARTESIAN_POINT('',(0.,0.));
#16868 = VECTOR('',#16869,1.);
#16869 = DIRECTION('',(0.,-1.));
#16870 = ( GEOMETRIC_REPRESENTATION_CONTEXT(2) 
PARAMETRIC_REPRESENTATION_CONTEXT() REPRESENTATION_CONTEXT('2D SPACE',''
  ) );
#16871 = ORIENTED_EDGE('',*,*,#12115,.F.);
#16872 = ORIENTED_EDGE('',*,*,#13996,.F.);
#16873 = ORIENTED_EDGE('',*,*,#14284,.F.);
#16874 = ORIENTED_EDGE('',*,*,#14717,.F.);
#16875 = ORIENTED_EDGE('',*,*,#13021,.F.);
#16876 = ORIENTED_EDGE('',*,*,#12945,.F.);
#16877 = ORIENTED_EDGE('',*,*,#9888,.F.);
#16878 = ADVANCED_FACE('',(#16879),#9993,.F.);
#16879 = FACE_BOUND('',#16880,.F.);
#16880 = EDGE_LOOP('',(#16881,#16882,#16883,#16904,#16905,#16906,#16907,
    #16908,#16909,#16910));
#16881 = ORIENTED_EDGE('',*,*,#16851,.T.);
#16882 = ORIENTED_EDGE('',*,*,#15546,.T.);
#16883 = ORIENTED_EDGE('',*,*,#16884,.F.);
#16884 = EDGE_CURVE('',#10067,#15547,#16885,.T.);
#16885 = SURFACE_CURVE('',#16886,(#16890,#16897),.PCURVE_S1.);
#16886 = LINE('',#16887,#16888);
#16887 = CARTESIAN_POINT('',(-33.2,-1.134615871987E-14,2.));
#16888 = VECTOR('',#16889,1.);
#16889 = DIRECTION('',(0.,0.,1.));
#16890 = PCURVE('',#9993,#16891);
#16891 = DEFINITIONAL_REPRESENTATION('',(#16892),#16896);
#16892 = LINE('',#16893,#16894);
#16893 = CARTESIAN_POINT('',(3.14159265359,0.));
#16894 = VECTOR('',#16895,1.);
#16895 = DIRECTION('',(0.,-1.));
#16896 = ( GEOMETRIC_REPRESENTATION_CONTEXT(2) 
PARAMETRIC_REPRESENTATION_CONTEXT() REPRESENTATION_CONTEXT('2D SPACE',''
  ) );
#16897 = PCURVE('',#10087,#16898);
#16898 = DEFINITIONAL_REPRESENTATION('',(#16899),#16903);
#16899 = LINE('',#16900,#16901);
#16900 = CARTESIAN_POINT('',(0.,0.));
#16901 = VECTOR('',#16902,1.);
#16902 = DIRECTION('',(0.,-1.));
#16903 = ( GEOMETRIC_REPRESENTATION_CONTEXT(2) 
PARAMETRIC_REPRESENTATION_CONTEXT() REPRESENTATION_CONTEXT('2D SPACE',''
  ) );
#16904 = ORIENTED_EDGE('',*,*,#10099,.F.);
#16905 = ORIENTED_EDGE('',*,*,#9978,.F.);
#16906 = ORIENTED_EDGE('',*,*,#10405,.F.);
#16907 = ORIENTED_EDGE('',*,*,#10935,.F.);
#16908 = ORIENTED_EDGE('',*,*,#11170,.F.);
#16909 = ORIENTED_EDGE('',*,*,#11693,.F.);
#16910 = ORIENTED_EDGE('',*,*,#12087,.F.);
#16911 = ADVANCED_FACE('',(#16912),#10053,.T.);
#16912 = FACE_BOUND('',#16913,.F.);
#16913 = EDGE_LOOP('',(#16914,#16915,#16916,#16937,#16938,#16939,#16940,
    #16941,#16942,#16943));
#16914 = ORIENTED_EDGE('',*,*,#16014,.T.);
#16915 = ORIENTED_EDGE('',*,*,#15154,.T.);
#16916 = ORIENTED_EDGE('',*,*,#16917,.F.);
#16917 = EDGE_CURVE('',#10037,#15155,#16918,.T.);
#16918 = SURFACE_CURVE('',#16919,(#16923,#16930),.PCURVE_S1.);
#16919 = LINE('',#16920,#16921);
#16920 = CARTESIAN_POINT('',(-31.8,-2.307540094051E-15,2.));
#16921 = VECTOR('',#16922,1.);
#16922 = DIRECTION('',(0.,0.,1.));
#16923 = PCURVE('',#10053,#16924);
#16924 = DEFINITIONAL_REPRESENTATION('',(#16925),#16929);
#16925 = LINE('',#16926,#16927);
#16926 = CARTESIAN_POINT('',(-3.14159265359,0.));
#16927 = VECTOR('',#16928,1.);
#16928 = DIRECTION('',(-0.,-1.));
#16929 = ( GEOMETRIC_REPRESENTATION_CONTEXT(2) 
PARAMETRIC_REPRESENTATION_CONTEXT() REPRESENTATION_CONTEXT('2D SPACE',''
  ) );
#16930 = PCURVE('',#10141,#16931);
#16931 = DEFINITIONAL_REPRESENTATION('',(#16932),#16936);
#16932 = LINE('',#16933,#16934);
#16933 = CARTESIAN_POINT('',(-0.,0.));
#16934 = VECTOR('',#16935,1.);
#16935 = DIRECTION('',(-0.,-1.));
#16936 = ( GEOMETRIC_REPRESENTATION_CONTEXT(2) 
PARAMETRIC_REPRESENTATION_CONTEXT() REPRESENTATION_CONTEXT('2D SPACE',''
  ) );
#16937 = ORIENTED_EDGE('',*,*,#10036,.F.);
#16938 = ORIENTED_EDGE('',*,*,#13180,.F.);
#16939 = ORIENTED_EDGE('',*,*,#13104,.F.);
#16940 = ORIENTED_EDGE('',*,*,#14846,.F.);
#16941 = ORIENTED_EDGE('',*,*,#14208,.F.);
#16942 = ORIENTED_EDGE('',*,*,#14125,.F.);
#16943 = ORIENTED_EDGE('',*,*,#12037,.F.);
#16944 = ADVANCED_FACE('',(#16945),#10141,.T.);
#16945 = FACE_BOUND('',#16946,.F.);
#16946 = EDGE_LOOP('',(#16947,#16948,#16949,#16950,#16951,#16952,#16953,
    #16954,#16955,#16956));
#16947 = ORIENTED_EDGE('',*,*,#16917,.T.);
#16948 = ORIENTED_EDGE('',*,*,#15178,.T.);
#16949 = ORIENTED_EDGE('',*,*,#16783,.F.);
#16950 = ORIENTED_EDGE('',*,*,#12062,.F.);
#16951 = ORIENTED_EDGE('',*,*,#11769,.F.);
#16952 = ORIENTED_EDGE('',*,*,#11147,.F.);
#16953 = ORIENTED_EDGE('',*,*,#11011,.F.);
#16954 = ORIENTED_EDGE('',*,*,#10382,.F.);
#16955 = ORIENTED_EDGE('',*,*,#10184,.F.);
#16956 = ORIENTED_EDGE('',*,*,#10126,.F.);
#16957 = ADVANCED_FACE('',(#16958),#10087,.F.);
#16958 = FACE_BOUND('',#16959,.F.);
#16959 = EDGE_LOOP('',(#16960,#16961,#16962,#16983,#16984,#16985,#16986,
    #16987,#16988,#16989));
#16960 = ORIENTED_EDGE('',*,*,#16884,.T.);
#16961 = ORIENTED_EDGE('',*,*,#15574,.T.);
#16962 = ORIENTED_EDGE('',*,*,#16963,.F.);
#16963 = EDGE_CURVE('',#11983,#15575,#16964,.T.);
#16964 = SURFACE_CURVE('',#16965,(#16969,#16976),.PCURVE_S1.);
#16965 = LINE('',#16966,#16967);
#16966 = CARTESIAN_POINT('',(33.2,7.773651683621E-15,2.));
#16967 = VECTOR('',#16968,1.);
#16968 = DIRECTION('',(0.,0.,1.));
#16969 = PCURVE('',#10087,#16970);
#16970 = DEFINITIONAL_REPRESENTATION('',(#16971),#16975);
#16971 = LINE('',#16972,#16973);
#16972 = CARTESIAN_POINT('',(3.14159265359,0.));
#16973 = VECTOR('',#16974,1.);
#16974 = DIRECTION('',(0.,-1.));
#16975 = ( GEOMETRIC_REPRESENTATION_CONTEXT(2) 
PARAMETRIC_REPRESENTATION_CONTEXT() REPRESENTATION_CONTEXT('2D SPACE',''
  ) );
#16976 = PCURVE('',#10171,#16977);
#16977 = DEFINITIONAL_REPRESENTATION('',(#16978),#16982);
#16978 = LINE('',#16979,#16980);
#16979 = CARTESIAN_POINT('',(0.,0.));
#16980 = VECTOR('',#16981,1.);
#16981 = DIRECTION('',(0.,-1.));
#16982 = ( GEOMETRIC_REPRESENTATION_CONTEXT(2) 
PARAMETRIC_REPRESENTATION_CONTEXT() REPRESENTATION_CONTEXT('2D SPACE',''
  ) );
#16983 = ORIENTED_EDGE('',*,*,#12010,.F.);
#16984 = ORIENTED_EDGE('',*,*,#14049,.F.);
#16985 = ORIENTED_EDGE('',*,*,#14231,.F.);
#16986 = ORIENTED_EDGE('',*,*,#14770,.F.);
#16987 = ORIENTED_EDGE('',*,*,#13127,.F.);
#16988 = ORIENTED_EDGE('',*,*,#13051,.F.);
#16989 = ORIENTED_EDGE('',*,*,#10066,.F.);
#16990 = ADVANCED_FACE('',(#16991),#10171,.F.);
#16991 = FACE_BOUND('',#16992,.F.);
#16992 = EDGE_LOOP('',(#16993,#16994,#16995,#17016,#17017,#17018,#17019,
    #17020,#17021,#17022));
#16993 = ORIENTED_EDGE('',*,*,#16963,.T.);
#16994 = ORIENTED_EDGE('',*,*,#15602,.T.);
#16995 = ORIENTED_EDGE('',*,*,#16996,.F.);
#16996 = EDGE_CURVE('',#10245,#15603,#16997,.T.);
#16997 = SURFACE_CURVE('',#16998,(#17002,#17009),.PCURVE_S1.);
#16998 = LINE('',#16999,#17000);
#16999 = CARTESIAN_POINT('',(-31.,-1.002217951498E-15,2.));
#17000 = VECTOR('',#17001,1.);
#17001 = DIRECTION('',(0.,0.,1.));
#17002 = PCURVE('',#10171,#17003);
#17003 = DEFINITIONAL_REPRESENTATION('',(#17004),#17008);
#17004 = LINE('',#17005,#17006);
#17005 = CARTESIAN_POINT('',(3.14159265359,0.));
#17006 = VECTOR('',#17007,1.);
#17007 = DIRECTION('',(0.,-1.));
#17008 = ( GEOMETRIC_REPRESENTATION_CONTEXT(2) 
PARAMETRIC_REPRESENTATION_CONTEXT() REPRESENTATION_CONTEXT('2D SPACE',''
  ) );
#17009 = PCURVE('',#10265,#17010);
#17010 = DEFINITIONAL_REPRESENTATION('',(#17011),#17015);
#17011 = LINE('',#17012,#17013);
#17012 = CARTESIAN_POINT('',(0.,0.));
#17013 = VECTOR('',#17014,1.);
#17014 = DIRECTION('',(0.,-1.));
#17015 = ( GEOMETRIC_REPRESENTATION_CONTEXT(2) 
PARAMETRIC_REPRESENTATION_CONTEXT() REPRESENTATION_CONTEXT('2D SPACE',''
  ) );
#17016 = ORIENTED_EDGE('',*,*,#10277,.F.);
#17017 = ORIENTED_EDGE('',*,*,#10156,.F.);
#17018 = ORIENTED_EDGE('',*,*,#10352,.F.);
#17019 = ORIENTED_EDGE('',*,*,#10988,.F.);
#17020 = ORIENTED_EDGE('',*,*,#11117,.F.);
#17021 = ORIENTED_EDGE('',*,*,#11746,.F.);
#17022 = ORIENTED_EDGE('',*,*,#11982,.F.);
#17023 = ADVANCED_FACE('',(#17024),#10231,.T.);
#17024 = FACE_BOUND('',#17025,.F.);
#17025 = EDGE_LOOP('',(#17026,#17027,#17028,#17029,#17030,#17031,#17032,
    #17033,#17034,#17035));
#17026 = ORIENTED_EDGE('',*,*,#16100,.T.);
#17027 = ORIENTED_EDGE('',*,*,#15106,.T.);
#17028 = ORIENTED_EDGE('',*,*,#15992,.F.);
#17029 = ORIENTED_EDGE('',*,*,#10214,.F.);
#17030 = ORIENTED_EDGE('',*,*,#12519,.F.);
#17031 = ORIENTED_EDGE('',*,*,#13210,.F.);
#17032 = ORIENTED_EDGE('',*,*,#14505,.F.);
#17033 = ORIENTED_EDGE('',*,*,#14155,.F.);
#17034 = ORIENTED_EDGE('',*,*,#13731,.F.);
#17035 = ORIENTED_EDGE('',*,*,#11932,.F.);
#17036 = ADVANCED_FACE('',(#17037),#10265,.F.);
#17037 = FACE_BOUND('',#17038,.F.);
#17038 = EDGE_LOOP('',(#17039,#17040,#17041,#17042,#17043,#17044,#17045,
    #17046,#17047,#17048));
#17039 = ORIENTED_EDGE('',*,*,#16996,.T.);
#17040 = ORIENTED_EDGE('',*,*,#15630,.T.);
#17041 = ORIENTED_EDGE('',*,*,#15939,.F.);
#17042 = ORIENTED_EDGE('',*,*,#11905,.F.);
#17043 = ORIENTED_EDGE('',*,*,#14102,.F.);
#17044 = ORIENTED_EDGE('',*,*,#14178,.F.);
#17045 = ORIENTED_EDGE('',*,*,#14823,.F.);
#17046 = ORIENTED_EDGE('',*,*,#13233,.F.);
#17047 = ORIENTED_EDGE('',*,*,#13157,.F.);
#17048 = ORIENTED_EDGE('',*,*,#10244,.F.);
#17049 = ADVANCED_FACE('',(#17050),#13331,.F.);
#17050 = FACE_BOUND('',#17051,.T.);
#17051 = EDGE_LOOP('',(#17052,#17053,#17054,#17055));
#17052 = ORIENTED_EDGE('',*,*,#13444,.T.);
#17053 = ORIENTED_EDGE('',*,*,#13502,.T.);
#17054 = ORIENTED_EDGE('',*,*,#13314,.F.);
#17055 = ORIENTED_EDGE('',*,*,#13394,.F.);
#17056 = ADVANCED_FACE('',(#17057),#13587,.F.);
#17057 = FACE_BOUND('',#17058,.T.);
#17058 = EDGE_LOOP('',(#17059,#17060,#17061,#17062));
#17059 = ORIENTED_EDGE('',*,*,#13704,.T.);
#17060 = ORIENTED_EDGE('',*,*,#13573,.T.);
#17061 = ORIENTED_EDGE('',*,*,#13625,.F.);
#17062 = ORIENTED_EDGE('',*,*,#13677,.F.);
#17063 = ( GEOMETRIC_REPRESENTATION_CONTEXT(3) 
GLOBAL_UNCERTAINTY_ASSIGNED_CONTEXT((#17067)) 
GLOBAL_UNIT_ASSIGNED_CONTEXT((#17064,#17065,#17066)) 
REPRESENTATION_CONTEXT('Context #1',
  '3D Context with UNIT and UNCERTAINTY') );
#17064 = ( LENGTH_UNIT() NAMED_UNIT(*) SI_UNIT(.MILLI.,.METRE.) );
#17065 = ( NAMED_UNIT(*) PLANE_ANGLE_UNIT() SI_UNIT($,.RADIAN.) );
#17066 = ( NAMED_UNIT(*) SI_UNIT($,.STERADIAN.) SOLID_ANGLE_UNIT() );
#17067 = UNCERTAINTY_MEASURE_WITH_UNIT(LENGTH_MEASURE(1.E-07),#17064,
  'distance_accuracy_value','confusion accuracy');
#17068 = PRODUCT_RELATED_PRODUCT_CATEGORY('part',$,(#7));
ENDSEC;
END-ISO-10303-21;
