ISO-10303-21;
HEADER;
FILE_DESCRIPTION(('Open CASCADE Model'),'2;1');
FILE_NAME('Open CASCADE Shape Model','2026-10-08T09:40:17',('Author'),(
    'Open CASCADE'),'Open CASCADE STEP processor 7.9','Open CASCADE 7.9'
  ,'Unknown');
FILE_SCHEMA(('AUTOMOTIVE_DESIGN { 1 0 10303 214 1 1 1 1 }'));
ENDSEC;
DATA;
#1 = APPLICATION_PROTOCOL_DEFINITION('international standard',
  'automotive_design',2000,#2);
#2 = APPLICATION_CONTEXT(
  'core data for automotive mechanical design processes');
#3 = SHAPE_DEFINITION_REPRESENTATION(#4,#10);
#4 = PRODUCT_DEFINITION_SHAPE('','',#5);
#5 = PRODUCT_DEFINITION('design','',#6,#9);
#6 = PRODUCT_DEFINITION_FORMATION('','',#7);
#7 = PRODUCT('Open CASCADE STEP translator 7.9 2',
  'Open CASCADE STEP translator 7.9 2','',(#8));
#8 = PRODUCT_CONTEXT('',#2,'mechanical');
#9 = PRODUCT_DEFINITION_CONTEXT('part definition',#2,'design');
#10 = ADVANCED_BREP_SHAPE_REPRESENTATION('',(#11,#15),#17039);
#11 = AXIS2_PLACEMENT_3D('',#12,#13,#14);
#12 = CARTESIAN_POINT('',(0.,0.,0.));
#13 = DIRECTION('',(0.,0.,1.));
#14 = DIRECTION('',(1.,0.,-0.));
#15 = MANIFOLD_SOLID_BREP('',#16);
#16 = CLOSED_SHELL('',(#17,#113,#848,#1294,#1551,#1908,#2240,#2352,#2600
    ,#2932,#3259,#3432,#3679,#4006,#4338,#4507,#4754,#5111,#5413,#5525,
    #5884,#6131,#6458,#6790,#6902,#7144,#7471,#7773,#7885,#8117,#8240,
    #8340,#8389,#8590,#8655,#8775,#8833,#9314,#9368,#9425,#9462,#9582,
    #9640,#9760,#9818,#9938,#9996,#10116,#10174,#10289,#10342,#10395,
    #10448,#10501,#10554,#10562,#10569,#10622,#10648,#10701,#10755,
    #10789,#10842,#10895,#10948,#11001,#11054,#11107,#11160,#11213,
    #11266,#11320,#11327,#11334,#11389,#11442,#11547,#11600,#11653,
    #11706,#11759,#11812,#11917,#12022,#12127,#12232,#12337,#12444,
    #12476,#12481,#12536,#12589,#12642,#12697,#12750,#12803,#12856,
    #12909,#12962,#13015,#13068,#13121,#13174,#13227,#13259,#13337,
    #13386,#13437,#13471,#13498,#13574,#13624,#13673,#13701,#13756,
    #13809,#13862,#13915,#13968,#14021,#14074,#14127,#14180,#14233,
    #14286,#14339,#14392,#14447,#14479,#14534,#14587,#14640,#14693,
    #14746,#14799,#14852,#14884,#14944,#15878,#15911,#15964,#16017,
    #16070,#16103,#16136,#16169,#16216,#16243,#16270,#16281,#16314,
    #16343,#16370,#16397,#16424,#16431,#16458,#16491,#16544,#16557,
    #16590,#16623,#16676,#16689,#16722,#16755,#16808,#16821,#16854,
    #16887,#16920,#16933,#16966,#16999,#17012,#17025,#17032));
#17 = ADVANCED_FACE('',(#18),#32,.T.);
#18 = FACE_BOUND('',#19,.T.);
#19 = EDGE_LOOP('',(#20,#50,#81,#82));
#20 = ORIENTED_EDGE('',*,*,#21,.T.);
#21 = EDGE_CURVE('',#22,#24,#26,.T.);
#22 = VERTEX_POINT('',#23);
#23 = CARTESIAN_POINT('',(46.75,0.,0.));
#24 = VERTEX_POINT('',#25);
#25 = CARTESIAN_POINT('',(46.75,0.,2.));
#26 = SEAM_CURVE('',#27,(#31,#43),.PCURVE_S1.);
#27 = LINE('',#28,#29);
#28 = CARTESIAN_POINT('',(46.75,0.,0.));
#29 = VECTOR('',#30,1.);
#30 = DIRECTION('',(-0.,-0.,1.));
#31 = PCURVE('',#32,#37);
#32 = CYLINDRICAL_SURFACE('',#33,46.75);
#33 = AXIS2_PLACEMENT_3D('',#34,#35,#36);
#34 = CARTESIAN_POINT('',(0.,0.,0.));
#35 = DIRECTION('',(-0.,0.,-1.));
#36 = DIRECTION('',(1.,-0.,-0.));
#37 = DEFINITIONAL_REPRESENTATION('',(#38),#42);
#38 = LINE('',#39,#40);
#39 = CARTESIAN_POINT('',(0.,0.));
#40 = VECTOR('',#41,1.);
#41 = DIRECTION('',(0.,-1.));
#42 = ( GEOMETRIC_REPRESENTATION_CONTEXT(2) 
PARAMETRIC_REPRESENTATION_CONTEXT() REPRESENTATION_CONTEXT('2D SPACE',''
  ) );
#43 = PCURVE('',#32,#44);
#44 = DEFINITIONAL_REPRESENTATION('',(#45),#49);
#45 = LINE('',#46,#47);
#46 = CARTESIAN_POINT('',(6.28318530718,0.));
#47 = VECTOR('',#48,1.);
#48 = DIRECTION('',(0.,-1.));
#49 = ( GEOMETRIC_REPRESENTATION_CONTEXT(2) 
PARAMETRIC_REPRESENTATION_CONTEXT() REPRESENTATION_CONTEXT('2D SPACE',''
  ) );
#50 = ORIENTED_EDGE('',*,*,#51,.T.);
#51 = EDGE_CURVE('',#24,#24,#52,.T.);
#52 = SURFACE_CURVE('',#53,(#58,#65),.PCURVE_S1.);
#53 = CIRCLE('',#54,46.75);
#54 = AXIS2_PLACEMENT_3D('',#55,#56,#57);
#55 = CARTESIAN_POINT('',(0.,0.,2.));
#56 = DIRECTION('',(0.,0.,-1.));
#57 = DIRECTION('',(1.,-0.,-0.));
#58 = PCURVE('',#32,#59);
#59 = DEFINITIONAL_REPRESENTATION('',(#60),#64);
#60 = LINE('',#61,#62);
#61 = CARTESIAN_POINT('',(0.,-2.));
#62 = VECTOR('',#63,1.);
#63 = DIRECTION('',(1.,0.));
#64 = ( GEOMETRIC_REPRESENTATION_CONTEXT(2) 
PARAMETRIC_REPRESENTATION_CONTEXT() REPRESENTATION_CONTEXT('2D SPACE',''
  ) );
#65 = PCURVE('',#66,#71);
#66 = PLANE('',#67);
#67 = AXIS2_PLACEMENT_3D('',#68,#69,#70);
#68 = CARTESIAN_POINT('',(-2.808005405856E-15,-3.707602883041E-15,2.));
#69 = DIRECTION('',(-0.,-0.,1.));
#70 = DIRECTION('',(-1.,0.,0.));
#71 = DEFINITIONAL_REPRESENTATION('',(#72),#80);
#72 = ( BOUNDED_CURVE() B_SPLINE_CURVE(2,(#73,#74,#75,#76,#77,#78,#79),
.UNSPECIFIED.,.T.,.F.) B_SPLINE_CURVE_WITH_KNOTS((1,2,2,2,2,1),(
    -2.094395102393,0.,2.094395102393,4.188790204786,6.28318530718,
8.377580409573),.UNSPECIFIED.) CURVE() GEOMETRIC_REPRESENTATION_ITEM() 
RATIONAL_B_SPLINE_CURVE((1.,0.5,1.,0.5,1.,0.5,1.)) REPRESENTATION_ITEM(
  '') );
#73 = CARTESIAN_POINT('',(-46.75,-3.707602883041E-15));
#74 = CARTESIAN_POINT('',(-46.75,80.973375253845));
#75 = CARTESIAN_POINT('',(23.375,40.486687626923));
#76 = CARTESIAN_POINT('',(93.5,7.742844688986E-15));
#77 = CARTESIAN_POINT('',(23.375,-40.48668762692));
#78 = CARTESIAN_POINT('',(-46.75,-80.97337525384));
#79 = CARTESIAN_POINT('',(-46.75,-3.707602883041E-15));
#80 = ( GEOMETRIC_REPRESENTATION_CONTEXT(2) 
PARAMETRIC_REPRESENTATION_CONTEXT() REPRESENTATION_CONTEXT('2D SPACE',''
  ) );
#81 = ORIENTED_EDGE('',*,*,#21,.F.);
#82 = ORIENTED_EDGE('',*,*,#83,.F.);
#83 = EDGE_CURVE('',#22,#22,#84,.T.);
#84 = SURFACE_CURVE('',#85,(#90,#97),.PCURVE_S1.);
#85 = CIRCLE('',#86,46.75);
#86 = AXIS2_PLACEMENT_3D('',#87,#88,#89);
#87 = CARTESIAN_POINT('',(0.,0.,0.));
#88 = DIRECTION('',(0.,0.,-1.));
#89 = DIRECTION('',(1.,-0.,-0.));
#90 = PCURVE('',#32,#91);
#91 = DEFINITIONAL_REPRESENTATION('',(#92),#96);
#92 = LINE('',#93,#94);
#93 = CARTESIAN_POINT('',(0.,0.));
#94 = VECTOR('',#95,1.);
#95 = DIRECTION('',(1.,0.));
#96 = ( GEOMETRIC_REPRESENTATION_CONTEXT(2) 
PARAMETRIC_REPRESENTATION_CONTEXT() REPRESENTATION_CONTEXT('2D SPACE',''
  ) );
#97 = PCURVE('',#98,#103);
#98 = PLANE('',#99);
#99 = AXIS2_PLACEMENT_3D('',#100,#101,#102);
#100 = CARTESIAN_POINT('',(-2.808005405856E-15,-3.707602883041E-15,0.));
#101 = DIRECTION('',(-0.,-0.,1.));
#102 = DIRECTION('',(-1.,0.,0.));
#103 = DEFINITIONAL_REPRESENTATION('',(#104),#112);
#104 = ( BOUNDED_CURVE() B_SPLINE_CURVE(2,(#105,#106,#107,#108,#109,#110
,#111),.UNSPECIFIED.,.T.,.F.) B_SPLINE_CURVE_WITH_KNOTS((1,2,2,2,2,1),(
    -2.094395102393,0.,2.094395102393,4.188790204786,6.28318530718,
8.377580409573),.UNSPECIFIED.) CURVE() GEOMETRIC_REPRESENTATION_ITEM() 
RATIONAL_B_SPLINE_CURVE((1.,0.5,1.,0.5,1.,0.5,1.)) REPRESENTATION_ITEM(
  '') );
#105 = CARTESIAN_POINT('',(-46.75,-3.707602883041E-15));
#106 = CARTESIAN_POINT('',(-46.75,80.973375253845));
#107 = CARTESIAN_POINT('',(23.375,40.486687626923));
#108 = CARTESIAN_POINT('',(93.5,7.742844688986E-15));
#109 = CARTESIAN_POINT('',(23.375,-40.48668762692));
#110 = CARTESIAN_POINT('',(-46.75,-80.97337525384));
#111 = CARTESIAN_POINT('',(-46.75,-3.707602883041E-15));
#112 = ( GEOMETRIC_REPRESENTATION_CONTEXT(2) 
PARAMETRIC_REPRESENTATION_CONTEXT() REPRESENTATION_CONTEXT('2D SPACE',''
  ) );
#113 = ADVANCED_FACE('',(#114,#117,#233,#349,#465,#581,#616,#732),#98,
  .F.);
#114 = FACE_BOUND('',#115,.T.);
#115 = EDGE_LOOP('',(#116));
#116 = ORIENTED_EDGE('',*,*,#83,.T.);
#117 = FACE_BOUND('',#118,.T.);
#118 = EDGE_LOOP('',(#119,#150,#178,#207));
#119 = ORIENTED_EDGE('',*,*,#120,.T.);
#120 = EDGE_CURVE('',#121,#123,#125,.T.);
#121 = VERTEX_POINT('',#122);
#122 = CARTESIAN_POINT('',(-26.61473670974,11.901923788647,0.));
#123 = VERTEX_POINT('',#124);
#124 = CARTESIAN_POINT('',(-23.61473670974,17.098076211353,0.));
#125 = SURFACE_CURVE('',#126,(#131,#138),.PCURVE_S1.);
#126 = CIRCLE('',#127,3.);
#127 = AXIS2_PLACEMENT_3D('',#128,#129,#130);
#128 = CARTESIAN_POINT('',(-25.11473670974,14.5,0.));
#129 = DIRECTION('',(0.,-0.,1.));
#130 = DIRECTION('',(-0.5,-0.866025403784,-0.));
#131 = PCURVE('',#98,#132);
#132 = DEFINITIONAL_REPRESENTATION('',(#133),#137);
#133 = CIRCLE('',#134,3.);
#134 = AXIS2_PLACEMENT_2D('',#135,#136);
#135 = CARTESIAN_POINT('',(25.114736709749,-14.5));
#136 = DIRECTION('',(0.5,0.866025403784));
#137 = ( GEOMETRIC_REPRESENTATION_CONTEXT(2) 
PARAMETRIC_REPRESENTATION_CONTEXT() REPRESENTATION_CONTEXT('2D SPACE',''
  ) );
#138 = PCURVE('',#139,#144);
#139 = CYLINDRICAL_SURFACE('',#140,3.);
#140 = AXIS2_PLACEMENT_3D('',#141,#142,#143);
#141 = CARTESIAN_POINT('',(-25.11473670974,14.5,0.));
#142 = DIRECTION('',(-0.,-0.,-1.));
#143 = DIRECTION('',(-0.5,-0.866025403784,-0.));
#144 = DEFINITIONAL_REPRESENTATION('',(#145),#149);
#145 = LINE('',#146,#147);
#146 = CARTESIAN_POINT('',(-0.,0.));
#147 = VECTOR('',#148,1.);
#148 = DIRECTION('',(-1.,0.));
#149 = ( GEOMETRIC_REPRESENTATION_CONTEXT(2) 
PARAMETRIC_REPRESENTATION_CONTEXT() REPRESENTATION_CONTEXT('2D SPACE',''
  ) );
#150 = ORIENTED_EDGE('',*,*,#151,.T.);
#151 = EDGE_CURVE('',#123,#152,#154,.T.);
#152 = VERTEX_POINT('',#153);
#153 = CARTESIAN_POINT('',(-34.2235479061,23.223076211353,0.));
#154 = SURFACE_CURVE('',#155,(#159,#166),.PCURVE_S1.);
#155 = LINE('',#156,#157);
#156 = CARTESIAN_POINT('',(-23.61473670974,17.098076211353,0.));
#157 = VECTOR('',#158,1.);
#158 = DIRECTION('',(-0.866025403784,0.5,0.));
#159 = PCURVE('',#98,#160);
#160 = DEFINITIONAL_REPRESENTATION('',(#161),#165);
#161 = LINE('',#162,#163);
#162 = CARTESIAN_POINT('',(23.614736709749,-17.09807621135));
#163 = VECTOR('',#164,1.);
#164 = DIRECTION('',(0.866025403784,-0.5));
#165 = ( GEOMETRIC_REPRESENTATION_CONTEXT(2) 
PARAMETRIC_REPRESENTATION_CONTEXT() REPRESENTATION_CONTEXT('2D SPACE',''
  ) );
#166 = PCURVE('',#167,#172);
#167 = PLANE('',#168);
#168 = AXIS2_PLACEMENT_3D('',#169,#170,#171);
#169 = CARTESIAN_POINT('',(-23.61473670974,17.098076211353,0.));
#170 = DIRECTION('',(0.5,0.866025403784,-0.));
#171 = DIRECTION('',(0.866025403784,-0.5,-0.));
#172 = DEFINITIONAL_REPRESENTATION('',(#173),#177);
#173 = LINE('',#174,#175);
#174 = CARTESIAN_POINT('',(-0.,0.));
#175 = VECTOR('',#176,1.);
#176 = DIRECTION('',(-1.,-0.));
#177 = ( GEOMETRIC_REPRESENTATION_CONTEXT(2) 
PARAMETRIC_REPRESENTATION_CONTEXT() REPRESENTATION_CONTEXT('2D SPACE',''
  ) );
#178 = ORIENTED_EDGE('',*,*,#179,.T.);
#179 = EDGE_CURVE('',#152,#180,#182,.T.);
#180 = VERTEX_POINT('',#181);
#181 = CARTESIAN_POINT('',(-37.2235479061,18.026923788647,0.));
#182 = SURFACE_CURVE('',#183,(#188,#195),.PCURVE_S1.);
#183 = CIRCLE('',#184,3.);
#184 = AXIS2_PLACEMENT_3D('',#185,#186,#187);
#185 = CARTESIAN_POINT('',(-35.7235479061,20.625,0.));
#186 = DIRECTION('',(0.,0.,1.));
#187 = DIRECTION('',(0.5,0.866025403784,-0.));
#188 = PCURVE('',#98,#189);
#189 = DEFINITIONAL_REPRESENTATION('',(#190),#194);
#190 = CIRCLE('',#191,3.);
#191 = AXIS2_PLACEMENT_2D('',#192,#193);
#192 = CARTESIAN_POINT('',(35.723547906108,-20.625));
#193 = DIRECTION('',(-0.5,-0.866025403784));
#194 = ( GEOMETRIC_REPRESENTATION_CONTEXT(2) 
PARAMETRIC_REPRESENTATION_CONTEXT() REPRESENTATION_CONTEXT('2D SPACE',''
  ) );
#195 = PCURVE('',#196,#201);
#196 = CYLINDRICAL_SURFACE('',#197,3.);
#197 = AXIS2_PLACEMENT_3D('',#198,#199,#200);
#198 = CARTESIAN_POINT('',(-35.7235479061,20.625,0.));
#199 = DIRECTION('',(0.,-0.,-1.));
#200 = DIRECTION('',(0.5,0.866025403784,-0.));
#201 = DEFINITIONAL_REPRESENTATION('',(#202),#206);
#202 = LINE('',#203,#204);
#203 = CARTESIAN_POINT('',(-0.,0.));
#204 = VECTOR('',#205,1.);
#205 = DIRECTION('',(-1.,0.));
#206 = ( GEOMETRIC_REPRESENTATION_CONTEXT(2) 
PARAMETRIC_REPRESENTATION_CONTEXT() REPRESENTATION_CONTEXT('2D SPACE',''
  ) );
#207 = ORIENTED_EDGE('',*,*,#208,.T.);
#208 = EDGE_CURVE('',#180,#121,#209,.T.);
#209 = SURFACE_CURVE('',#210,(#214,#221),.PCURVE_S1.);
#210 = LINE('',#211,#212);
#211 = CARTESIAN_POINT('',(-37.2235479061,18.026923788647,0.));
#212 = VECTOR('',#213,1.);
#213 = DIRECTION('',(0.866025403784,-0.5,-0.));
#214 = PCURVE('',#98,#215);
#215 = DEFINITIONAL_REPRESENTATION('',(#216),#220);
#216 = LINE('',#217,#218);
#217 = CARTESIAN_POINT('',(37.223547906108,-18.02692378864));
#218 = VECTOR('',#219,1.);
#219 = DIRECTION('',(-0.866025403784,0.5));
#220 = ( GEOMETRIC_REPRESENTATION_CONTEXT(2) 
PARAMETRIC_REPRESENTATION_CONTEXT() REPRESENTATION_CONTEXT('2D SPACE',''
  ) );
#221 = PCURVE('',#222,#227);
#222 = PLANE('',#223);
#223 = AXIS2_PLACEMENT_3D('',#224,#225,#226);
#224 = CARTESIAN_POINT('',(-37.2235479061,18.026923788647,0.));
#225 = DIRECTION('',(-0.5,-0.866025403784,-0.));
#226 = DIRECTION('',(-0.866025403784,0.5,0.));
#227 = DEFINITIONAL_REPRESENTATION('',(#228),#232);
#228 = LINE('',#229,#230);
#229 = CARTESIAN_POINT('',(-0.,-0.));
#230 = VECTOR('',#231,1.);
#231 = DIRECTION('',(-1.,0.));
#232 = ( GEOMETRIC_REPRESENTATION_CONTEXT(2) 
PARAMETRIC_REPRESENTATION_CONTEXT() REPRESENTATION_CONTEXT('2D SPACE',''
  ) );
#233 = FACE_BOUND('',#234,.T.);
#234 = EDGE_LOOP('',(#235,#266,#294,#323));
#235 = ORIENTED_EDGE('',*,*,#236,.T.);
#236 = EDGE_CURVE('',#237,#239,#241,.T.);
#237 = VERTEX_POINT('',#238);
#238 = CARTESIAN_POINT('',(-3.,29.,0.));
#239 = VERTEX_POINT('',#240);
#240 = CARTESIAN_POINT('',(3.,29.,0.));
#241 = SURFACE_CURVE('',#242,(#247,#254),.PCURVE_S1.);
#242 = CIRCLE('',#243,3.);
#243 = AXIS2_PLACEMENT_3D('',#244,#245,#246);
#244 = CARTESIAN_POINT('',(-6.439293542826E-15,29.,0.));
#245 = DIRECTION('',(0.,-0.,1.));
#246 = DIRECTION('',(-1.,-2.22044604925E-16,-0.));
#247 = PCURVE('',#98,#248);
#248 = DEFINITIONAL_REPRESENTATION('',(#249),#253);
#249 = CIRCLE('',#250,3.);
#250 = AXIS2_PLACEMENT_2D('',#251,#252);
#251 = CARTESIAN_POINT('',(3.63128813697E-15,-29.));
#252 = DIRECTION('',(1.,2.22044604925E-16));
#253 = ( GEOMETRIC_REPRESENTATION_CONTEXT(2) 
PARAMETRIC_REPRESENTATION_CONTEXT() REPRESENTATION_CONTEXT('2D SPACE',''
  ) );
#254 = PCURVE('',#255,#260);
#255 = CYLINDRICAL_SURFACE('',#256,3.);
#256 = AXIS2_PLACEMENT_3D('',#257,#258,#259);
#257 = CARTESIAN_POINT('',(-6.439293542826E-15,29.,0.));
#258 = DIRECTION('',(-0.,-0.,-1.));
#259 = DIRECTION('',(-1.,-2.22044604925E-16,-0.));
#260 = DEFINITIONAL_REPRESENTATION('',(#261),#265);
#261 = LINE('',#262,#263);
#262 = CARTESIAN_POINT('',(-0.,0.));
#263 = VECTOR('',#264,1.);
#264 = DIRECTION('',(-1.,0.));
#265 = ( GEOMETRIC_REPRESENTATION_CONTEXT(2) 
PARAMETRIC_REPRESENTATION_CONTEXT() REPRESENTATION_CONTEXT('2D SPACE',''
  ) );
#266 = ORIENTED_EDGE('',*,*,#267,.T.);
#267 = EDGE_CURVE('',#239,#268,#270,.T.);
#268 = VERTEX_POINT('',#269);
#269 = CARTESIAN_POINT('',(3.,41.25,0.));
#270 = SURFACE_CURVE('',#271,(#275,#282),.PCURVE_S1.);
#271 = LINE('',#272,#273);
#272 = CARTESIAN_POINT('',(3.,29.,0.));
#273 = VECTOR('',#274,1.);
#274 = DIRECTION('',(-2.22044604925E-16,1.,0.));
#275 = PCURVE('',#98,#276);
#276 = DEFINITIONAL_REPRESENTATION('',(#277),#281);
#277 = LINE('',#278,#279);
#278 = CARTESIAN_POINT('',(-3.,-29.));
#279 = VECTOR('',#280,1.);
#280 = DIRECTION('',(2.22044604925E-16,-1.));
#281 = ( GEOMETRIC_REPRESENTATION_CONTEXT(2) 
PARAMETRIC_REPRESENTATION_CONTEXT() REPRESENTATION_CONTEXT('2D SPACE',''
  ) );
#282 = PCURVE('',#283,#288);
#283 = PLANE('',#284);
#284 = AXIS2_PLACEMENT_3D('',#285,#286,#287);
#285 = CARTESIAN_POINT('',(3.,29.,0.));
#286 = DIRECTION('',(1.,2.22044604925E-16,-0.));
#287 = DIRECTION('',(2.22044604925E-16,-1.,-0.));
#288 = DEFINITIONAL_REPRESENTATION('',(#289),#293);
#289 = LINE('',#290,#291);
#290 = CARTESIAN_POINT('',(-0.,0.));
#291 = VECTOR('',#292,1.);
#292 = DIRECTION('',(-1.,-0.));
#293 = ( GEOMETRIC_REPRESENTATION_CONTEXT(2) 
PARAMETRIC_REPRESENTATION_CONTEXT() REPRESENTATION_CONTEXT('2D SPACE',''
  ) );
#294 = ORIENTED_EDGE('',*,*,#295,.T.);
#295 = EDGE_CURVE('',#268,#296,#298,.T.);
#296 = VERTEX_POINT('',#297);
#297 = CARTESIAN_POINT('',(-3.,41.25,0.));
#298 = SURFACE_CURVE('',#299,(#304,#311),.PCURVE_S1.);
#299 = CIRCLE('',#300,3.);
#300 = AXIS2_PLACEMENT_3D('',#301,#302,#303);
#301 = CARTESIAN_POINT('',(-9.159339953158E-15,41.25,0.));
#302 = DIRECTION('',(0.,0.,1.));
#303 = DIRECTION('',(1.,2.22044604925E-16,-0.));
#304 = PCURVE('',#98,#305);
#305 = DEFINITIONAL_REPRESENTATION('',(#306),#310);
#306 = CIRCLE('',#307,3.);
#307 = AXIS2_PLACEMENT_2D('',#308,#309);
#308 = CARTESIAN_POINT('',(6.351334547301E-15,-41.25));
#309 = DIRECTION('',(-1.,-2.22044604925E-16));
#310 = ( GEOMETRIC_REPRESENTATION_CONTEXT(2) 
PARAMETRIC_REPRESENTATION_CONTEXT() REPRESENTATION_CONTEXT('2D SPACE',''
  ) );
#311 = PCURVE('',#312,#317);
#312 = CYLINDRICAL_SURFACE('',#313,3.);
#313 = AXIS2_PLACEMENT_3D('',#314,#315,#316);
#314 = CARTESIAN_POINT('',(-9.159339953158E-15,41.25,0.));
#315 = DIRECTION('',(0.,-0.,-1.));
#316 = DIRECTION('',(1.,2.22044604925E-16,-0.));
#317 = DEFINITIONAL_REPRESENTATION('',(#318),#322);
#318 = LINE('',#319,#320);
#319 = CARTESIAN_POINT('',(-0.,0.));
#320 = VECTOR('',#321,1.);
#321 = DIRECTION('',(-1.,0.));
#322 = ( GEOMETRIC_REPRESENTATION_CONTEXT(2) 
PARAMETRIC_REPRESENTATION_CONTEXT() REPRESENTATION_CONTEXT('2D SPACE',''
  ) );
#323 = ORIENTED_EDGE('',*,*,#324,.T.);
#324 = EDGE_CURVE('',#296,#237,#325,.T.);
#325 = SURFACE_CURVE('',#326,(#330,#337),.PCURVE_S1.);
#326 = LINE('',#327,#328);
#327 = CARTESIAN_POINT('',(-3.,41.25,0.));
#328 = VECTOR('',#329,1.);
#329 = DIRECTION('',(2.22044604925E-16,-1.,-0.));
#330 = PCURVE('',#98,#331);
#331 = DEFINITIONAL_REPRESENTATION('',(#332),#336);
#332 = LINE('',#333,#334);
#333 = CARTESIAN_POINT('',(3.,-41.25));
#334 = VECTOR('',#335,1.);
#335 = DIRECTION('',(-2.22044604925E-16,1.));
#336 = ( GEOMETRIC_REPRESENTATION_CONTEXT(2) 
PARAMETRIC_REPRESENTATION_CONTEXT() REPRESENTATION_CONTEXT('2D SPACE',''
  ) );
#337 = PCURVE('',#338,#343);
#338 = PLANE('',#339);
#339 = AXIS2_PLACEMENT_3D('',#340,#341,#342);
#340 = CARTESIAN_POINT('',(-3.,41.25,0.));
#341 = DIRECTION('',(-1.,-2.22044604925E-16,-0.));
#342 = DIRECTION('',(-2.22044604925E-16,1.,0.));
#343 = DEFINITIONAL_REPRESENTATION('',(#344),#348);
#344 = LINE('',#345,#346);
#345 = CARTESIAN_POINT('',(-0.,-0.));
#346 = VECTOR('',#347,1.);
#347 = DIRECTION('',(-1.,0.));
#348 = ( GEOMETRIC_REPRESENTATION_CONTEXT(2) 
PARAMETRIC_REPRESENTATION_CONTEXT() REPRESENTATION_CONTEXT('2D SPACE',''
  ) );
#349 = FACE_BOUND('',#350,.T.);
#350 = EDGE_LOOP('',(#351,#382,#410,#439));
#351 = ORIENTED_EDGE('',*,*,#352,.T.);
#352 = EDGE_CURVE('',#353,#355,#357,.T.);
#353 = VERTEX_POINT('',#354);
#354 = CARTESIAN_POINT('',(23.614736709749,17.098076211353,0.));
#355 = VERTEX_POINT('',#356);
#356 = CARTESIAN_POINT('',(26.614736709749,11.901923788647,0.));
#357 = SURFACE_CURVE('',#358,(#363,#370),.PCURVE_S1.);
#358 = CIRCLE('',#359,3.);
#359 = AXIS2_PLACEMENT_3D('',#360,#361,#362);
#360 = CARTESIAN_POINT('',(25.114736709749,14.5,0.));
#361 = DIRECTION('',(0.,-0.,1.));
#362 = DIRECTION('',(-0.5,0.866025403784,0.));
#363 = PCURVE('',#98,#364);
#364 = DEFINITIONAL_REPRESENTATION('',(#365),#369);
#365 = CIRCLE('',#366,3.);
#366 = AXIS2_PLACEMENT_2D('',#367,#368);
#367 = CARTESIAN_POINT('',(-25.11473670974,-14.5));
#368 = DIRECTION('',(0.5,-0.866025403784));
#369 = ( GEOMETRIC_REPRESENTATION_CONTEXT(2) 
PARAMETRIC_REPRESENTATION_CONTEXT() REPRESENTATION_CONTEXT('2D SPACE',''
  ) );
#370 = PCURVE('',#371,#376);
#371 = CYLINDRICAL_SURFACE('',#372,3.);
#372 = AXIS2_PLACEMENT_3D('',#373,#374,#375);
#373 = CARTESIAN_POINT('',(25.114736709749,14.5,0.));
#374 = DIRECTION('',(0.,-0.,-1.));
#375 = DIRECTION('',(-0.5,0.866025403784,0.));
#376 = DEFINITIONAL_REPRESENTATION('',(#377),#381);
#377 = LINE('',#378,#379);
#378 = CARTESIAN_POINT('',(-0.,0.));
#379 = VECTOR('',#380,1.);
#380 = DIRECTION('',(-1.,0.));
#381 = ( GEOMETRIC_REPRESENTATION_CONTEXT(2) 
PARAMETRIC_REPRESENTATION_CONTEXT() REPRESENTATION_CONTEXT('2D SPACE',''
  ) );
#382 = ORIENTED_EDGE('',*,*,#383,.T.);
#383 = EDGE_CURVE('',#355,#384,#386,.T.);
#384 = VERTEX_POINT('',#385);
#385 = CARTESIAN_POINT('',(37.223547906108,18.026923788647,0.));
#386 = SURFACE_CURVE('',#387,(#391,#398),.PCURVE_S1.);
#387 = LINE('',#388,#389);
#388 = CARTESIAN_POINT('',(26.614736709749,11.901923788647,0.));
#389 = VECTOR('',#390,1.);
#390 = DIRECTION('',(0.866025403784,0.5,-0.));
#391 = PCURVE('',#98,#392);
#392 = DEFINITIONAL_REPRESENTATION('',(#393),#397);
#393 = LINE('',#394,#395);
#394 = CARTESIAN_POINT('',(-26.61473670974,-11.90192378864));
#395 = VECTOR('',#396,1.);
#396 = DIRECTION('',(-0.866025403784,-0.5));
#397 = ( GEOMETRIC_REPRESENTATION_CONTEXT(2) 
PARAMETRIC_REPRESENTATION_CONTEXT() REPRESENTATION_CONTEXT('2D SPACE',''
  ) );
#398 = PCURVE('',#399,#404);
#399 = PLANE('',#400);
#400 = AXIS2_PLACEMENT_3D('',#401,#402,#403);
#401 = CARTESIAN_POINT('',(26.614736709749,11.901923788647,0.));
#402 = DIRECTION('',(0.5,-0.866025403784,-0.));
#403 = DIRECTION('',(-0.866025403784,-0.5,0.));
#404 = DEFINITIONAL_REPRESENTATION('',(#405),#409);
#405 = LINE('',#406,#407);
#406 = CARTESIAN_POINT('',(-0.,-0.));
#407 = VECTOR('',#408,1.);
#408 = DIRECTION('',(-1.,-0.));
#409 = ( GEOMETRIC_REPRESENTATION_CONTEXT(2) 
PARAMETRIC_REPRESENTATION_CONTEXT() REPRESENTATION_CONTEXT('2D SPACE',''
  ) );
#410 = ORIENTED_EDGE('',*,*,#411,.T.);
#411 = EDGE_CURVE('',#384,#412,#414,.T.);
#412 = VERTEX_POINT('',#413);
#413 = CARTESIAN_POINT('',(34.223547906108,23.223076211353,0.));
#414 = SURFACE_CURVE('',#415,(#420,#427),.PCURVE_S1.);
#415 = CIRCLE('',#416,3.);
#416 = AXIS2_PLACEMENT_3D('',#417,#418,#419);
#417 = CARTESIAN_POINT('',(35.723547906108,20.625,0.));
#418 = DIRECTION('',(0.,0.,1.));
#419 = DIRECTION('',(0.5,-0.866025403784,-0.));
#420 = PCURVE('',#98,#421);
#421 = DEFINITIONAL_REPRESENTATION('',(#422),#426);
#422 = CIRCLE('',#423,3.);
#423 = AXIS2_PLACEMENT_2D('',#424,#425);
#424 = CARTESIAN_POINT('',(-35.7235479061,-20.625));
#425 = DIRECTION('',(-0.5,0.866025403784));
#426 = ( GEOMETRIC_REPRESENTATION_CONTEXT(2) 
PARAMETRIC_REPRESENTATION_CONTEXT() REPRESENTATION_CONTEXT('2D SPACE',''
  ) );
#427 = PCURVE('',#428,#433);
#428 = CYLINDRICAL_SURFACE('',#429,3.);
#429 = AXIS2_PLACEMENT_3D('',#430,#431,#432);
#430 = CARTESIAN_POINT('',(35.723547906108,20.625,0.));
#431 = DIRECTION('',(-0.,-0.,-1.));
#432 = DIRECTION('',(0.5,-0.866025403784,-0.));
#433 = DEFINITIONAL_REPRESENTATION('',(#434),#438);
#434 = LINE('',#435,#436);
#435 = CARTESIAN_POINT('',(-0.,0.));
#436 = VECTOR('',#437,1.);
#437 = DIRECTION('',(-1.,0.));
#438 = ( GEOMETRIC_REPRESENTATION_CONTEXT(2) 
PARAMETRIC_REPRESENTATION_CONTEXT() REPRESENTATION_CONTEXT('2D SPACE',''
  ) );
#439 = ORIENTED_EDGE('',*,*,#440,.T.);
#440 = EDGE_CURVE('',#412,#353,#441,.T.);
#441 = SURFACE_CURVE('',#442,(#446,#453),.PCURVE_S1.);
#442 = LINE('',#443,#444);
#443 = CARTESIAN_POINT('',(34.223547906108,23.223076211353,0.));
#444 = VECTOR('',#445,1.);
#445 = DIRECTION('',(-0.866025403784,-0.5,-0.));
#446 = PCURVE('',#98,#447);
#447 = DEFINITIONAL_REPRESENTATION('',(#448),#452);
#448 = LINE('',#449,#450);
#449 = CARTESIAN_POINT('',(-34.2235479061,-23.22307621135));
#450 = VECTOR('',#451,1.);
#451 = DIRECTION('',(0.866025403784,0.5));
#452 = ( GEOMETRIC_REPRESENTATION_CONTEXT(2) 
PARAMETRIC_REPRESENTATION_CONTEXT() REPRESENTATION_CONTEXT('2D SPACE',''
  ) );
#453 = PCURVE('',#454,#459);
#454 = PLANE('',#455);
#455 = AXIS2_PLACEMENT_3D('',#456,#457,#458);
#456 = CARTESIAN_POINT('',(34.223547906108,23.223076211353,0.));
#457 = DIRECTION('',(-0.5,0.866025403784,0.));
#458 = DIRECTION('',(0.866025403784,0.5,0.));
#459 = DEFINITIONAL_REPRESENTATION('',(#460),#464);
#460 = LINE('',#461,#462);
#461 = CARTESIAN_POINT('',(-0.,-0.));
#462 = VECTOR('',#463,1.);
#463 = DIRECTION('',(-1.,0.));
#464 = ( GEOMETRIC_REPRESENTATION_CONTEXT(2) 
PARAMETRIC_REPRESENTATION_CONTEXT() REPRESENTATION_CONTEXT('2D SPACE',''
  ) );
#465 = FACE_BOUND('',#466,.T.);
#466 = EDGE_LOOP('',(#467,#498,#526,#555));
#467 = ORIENTED_EDGE('',*,*,#468,.T.);
#468 = EDGE_CURVE('',#469,#471,#473,.T.);
#469 = VERTEX_POINT('',#470);
#470 = CARTESIAN_POINT('',(-23.61473670974,-17.09807621135,0.));
#471 = VERTEX_POINT('',#472);
#472 = CARTESIAN_POINT('',(-26.61473670974,-11.90192378864,0.));
#473 = SURFACE_CURVE('',#474,(#479,#486),.PCURVE_S1.);
#474 = CIRCLE('',#475,3.);
#475 = AXIS2_PLACEMENT_3D('',#476,#477,#478);
#476 = CARTESIAN_POINT('',(-25.11473670974,-14.5,0.));
#477 = DIRECTION('',(0.,0.,1.));
#478 = DIRECTION('',(0.5,-0.866025403784,-0.));
#479 = PCURVE('',#98,#480);
#480 = DEFINITIONAL_REPRESENTATION('',(#481),#485);
#481 = CIRCLE('',#482,3.);
#482 = AXIS2_PLACEMENT_2D('',#483,#484);
#483 = CARTESIAN_POINT('',(25.114736709749,14.5));
#484 = DIRECTION('',(-0.5,0.866025403784));
#485 = ( GEOMETRIC_REPRESENTATION_CONTEXT(2) 
PARAMETRIC_REPRESENTATION_CONTEXT() REPRESENTATION_CONTEXT('2D SPACE',''
  ) );
#486 = PCURVE('',#487,#492);
#487 = CYLINDRICAL_SURFACE('',#488,3.);
#488 = AXIS2_PLACEMENT_3D('',#489,#490,#491);
#489 = CARTESIAN_POINT('',(-25.11473670974,-14.5,0.));
#490 = DIRECTION('',(-0.,-0.,-1.));
#491 = DIRECTION('',(0.5,-0.866025403784,-0.));
#492 = DEFINITIONAL_REPRESENTATION('',(#493),#497);
#493 = LINE('',#494,#495);
#494 = CARTESIAN_POINT('',(-0.,0.));
#495 = VECTOR('',#496,1.);
#496 = DIRECTION('',(-1.,0.));
#497 = ( GEOMETRIC_REPRESENTATION_CONTEXT(2) 
PARAMETRIC_REPRESENTATION_CONTEXT() REPRESENTATION_CONTEXT('2D SPACE',''
  ) );
#498 = ORIENTED_EDGE('',*,*,#499,.T.);
#499 = EDGE_CURVE('',#471,#500,#502,.T.);
#500 = VERTEX_POINT('',#501);
#501 = CARTESIAN_POINT('',(-37.2235479061,-18.02692378864,0.));
#502 = SURFACE_CURVE('',#503,(#507,#514),.PCURVE_S1.);
#503 = LINE('',#504,#505);
#504 = CARTESIAN_POINT('',(-26.61473670974,-11.90192378864,0.));
#505 = VECTOR('',#506,1.);
#506 = DIRECTION('',(-0.866025403784,-0.5,-0.));
#507 = PCURVE('',#98,#508);
#508 = DEFINITIONAL_REPRESENTATION('',(#509),#513);
#509 = LINE('',#510,#511);
#510 = CARTESIAN_POINT('',(26.614736709749,11.901923788647));
#511 = VECTOR('',#512,1.);
#512 = DIRECTION('',(0.866025403784,0.5));
#513 = ( GEOMETRIC_REPRESENTATION_CONTEXT(2) 
PARAMETRIC_REPRESENTATION_CONTEXT() REPRESENTATION_CONTEXT('2D SPACE',''
  ) );
#514 = PCURVE('',#515,#520);
#515 = PLANE('',#516);
#516 = AXIS2_PLACEMENT_3D('',#517,#518,#519);
#517 = CARTESIAN_POINT('',(-26.61473670974,-11.90192378864,0.));
#518 = DIRECTION('',(-0.5,0.866025403784,0.));
#519 = DIRECTION('',(0.866025403784,0.5,0.));
#520 = DEFINITIONAL_REPRESENTATION('',(#521),#525);
#521 = LINE('',#522,#523);
#522 = CARTESIAN_POINT('',(-0.,-0.));
#523 = VECTOR('',#524,1.);
#524 = DIRECTION('',(-1.,0.));
#525 = ( GEOMETRIC_REPRESENTATION_CONTEXT(2) 
PARAMETRIC_REPRESENTATION_CONTEXT() REPRESENTATION_CONTEXT('2D SPACE',''
  ) );
#526 = ORIENTED_EDGE('',*,*,#527,.T.);
#527 = EDGE_CURVE('',#500,#528,#530,.T.);
#528 = VERTEX_POINT('',#529);
#529 = CARTESIAN_POINT('',(-34.2235479061,-23.22307621135,0.));
#530 = SURFACE_CURVE('',#531,(#536,#543),.PCURVE_S1.);
#531 = CIRCLE('',#532,3.);
#532 = AXIS2_PLACEMENT_3D('',#533,#534,#535);
#533 = CARTESIAN_POINT('',(-35.7235479061,-20.625,0.));
#534 = DIRECTION('',(0.,-0.,1.));
#535 = DIRECTION('',(-0.5,0.866025403784,0.));
#536 = PCURVE('',#98,#537);
#537 = DEFINITIONAL_REPRESENTATION('',(#538),#542);
#538 = CIRCLE('',#539,3.);
#539 = AXIS2_PLACEMENT_2D('',#540,#541);
#540 = CARTESIAN_POINT('',(35.723547906108,20.625));
#541 = DIRECTION('',(0.5,-0.866025403784));
#542 = ( GEOMETRIC_REPRESENTATION_CONTEXT(2) 
PARAMETRIC_REPRESENTATION_CONTEXT() REPRESENTATION_CONTEXT('2D SPACE',''
  ) );
#543 = PCURVE('',#544,#549);
#544 = CYLINDRICAL_SURFACE('',#545,3.);
#545 = AXIS2_PLACEMENT_3D('',#546,#547,#548);
#546 = CARTESIAN_POINT('',(-35.7235479061,-20.625,0.));
#547 = DIRECTION('',(-0.,-0.,-1.));
#548 = DIRECTION('',(-0.5,0.866025403784,0.));
#549 = DEFINITIONAL_REPRESENTATION('',(#550),#554);
#550 = LINE('',#551,#552);
#551 = CARTESIAN_POINT('',(-0.,0.));
#552 = VECTOR('',#553,1.);
#553 = DIRECTION('',(-1.,0.));
#554 = ( GEOMETRIC_REPRESENTATION_CONTEXT(2) 
PARAMETRIC_REPRESENTATION_CONTEXT() REPRESENTATION_CONTEXT('2D SPACE',''
  ) );
#555 = ORIENTED_EDGE('',*,*,#556,.T.);
#556 = EDGE_CURVE('',#528,#469,#557,.T.);
#557 = SURFACE_CURVE('',#558,(#562,#569),.PCURVE_S1.);
#558 = LINE('',#559,#560);
#559 = CARTESIAN_POINT('',(-34.2235479061,-23.22307621135,0.));
#560 = VECTOR('',#561,1.);
#561 = DIRECTION('',(0.866025403784,0.5,-0.));
#562 = PCURVE('',#98,#563);
#563 = DEFINITIONAL_REPRESENTATION('',(#564),#568);
#564 = LINE('',#565,#566);
#565 = CARTESIAN_POINT('',(34.223547906108,23.223076211353));
#566 = VECTOR('',#567,1.);
#567 = DIRECTION('',(-0.866025403784,-0.5));
#568 = ( GEOMETRIC_REPRESENTATION_CONTEXT(2) 
PARAMETRIC_REPRESENTATION_CONTEXT() REPRESENTATION_CONTEXT('2D SPACE',''
  ) );
#569 = PCURVE('',#570,#575);
#570 = PLANE('',#571);
#571 = AXIS2_PLACEMENT_3D('',#572,#573,#574);
#572 = CARTESIAN_POINT('',(-34.2235479061,-23.22307621135,0.));
#573 = DIRECTION('',(0.5,-0.866025403784,-0.));
#574 = DIRECTION('',(-0.866025403784,-0.5,0.));
#575 = DEFINITIONAL_REPRESENTATION('',(#576),#580);
#576 = LINE('',#577,#578);
#577 = CARTESIAN_POINT('',(-0.,-0.));
#578 = VECTOR('',#579,1.);
#579 = DIRECTION('',(-1.,-0.));
#580 = ( GEOMETRIC_REPRESENTATION_CONTEXT(2) 
PARAMETRIC_REPRESENTATION_CONTEXT() REPRESENTATION_CONTEXT('2D SPACE',''
  ) );
#581 = FACE_BOUND('',#582,.T.);
#582 = EDGE_LOOP('',(#583));
#583 = ORIENTED_EDGE('',*,*,#584,.F.);
#584 = EDGE_CURVE('',#585,#585,#587,.T.);
#585 = VERTEX_POINT('',#586);
#586 = CARTESIAN_POINT('',(16.15,0.,0.));
#587 = SURFACE_CURVE('',#588,(#593,#604),.PCURVE_S1.);
#588 = CIRCLE('',#589,16.15);
#589 = AXIS2_PLACEMENT_3D('',#590,#591,#592);
#590 = CARTESIAN_POINT('',(0.,0.,0.));
#591 = DIRECTION('',(0.,0.,-1.));
#592 = DIRECTION('',(1.,-0.,-0.));
#593 = PCURVE('',#98,#594);
#594 = DEFINITIONAL_REPRESENTATION('',(#595),#603);
#595 = ( BOUNDED_CURVE() B_SPLINE_CURVE(2,(#596,#597,#598,#599,#600,#601
,#602),.UNSPECIFIED.,.T.,.F.) B_SPLINE_CURVE_WITH_KNOTS((1,2,2,2,2,1),(
    -2.094395102393,0.,2.094395102393,4.188790204786,6.28318530718,
8.377580409573),.UNSPECIFIED.) CURVE() GEOMETRIC_REPRESENTATION_ITEM() 
RATIONAL_B_SPLINE_CURVE((1.,0.5,1.,0.5,1.,0.5,1.)) REPRESENTATION_ITEM(
  '') );
#596 = CARTESIAN_POINT('',(-16.15,-3.707602883041E-15));
#597 = CARTESIAN_POINT('',(-16.15,27.972620542237));
#598 = CARTESIAN_POINT('',(8.075,13.986310271119));
#599 = CARTESIAN_POINT('',(32.3,2.480062782045E-16));
#600 = CARTESIAN_POINT('',(8.075,-13.98631027111));
#601 = CARTESIAN_POINT('',(-16.15,-27.97262054223));
#602 = CARTESIAN_POINT('',(-16.15,-3.707602883041E-15));
#603 = ( GEOMETRIC_REPRESENTATION_CONTEXT(2) 
PARAMETRIC_REPRESENTATION_CONTEXT() REPRESENTATION_CONTEXT('2D SPACE',''
  ) );
#604 = PCURVE('',#605,#610);
#605 = CYLINDRICAL_SURFACE('',#606,16.15);
#606 = AXIS2_PLACEMENT_3D('',#607,#608,#609);
#607 = CARTESIAN_POINT('',(0.,0.,0.));
#608 = DIRECTION('',(-0.,0.,-1.));
#609 = DIRECTION('',(1.,-0.,-0.));
#610 = DEFINITIONAL_REPRESENTATION('',(#611),#615);
#611 = LINE('',#612,#613);
#612 = CARTESIAN_POINT('',(0.,0.));
#613 = VECTOR('',#614,1.);
#614 = DIRECTION('',(1.,0.));
#615 = ( GEOMETRIC_REPRESENTATION_CONTEXT(2) 
PARAMETRIC_REPRESENTATION_CONTEXT() REPRESENTATION_CONTEXT('2D SPACE',''
  ) );
#616 = FACE_BOUND('',#617,.T.);
#617 = EDGE_LOOP('',(#618,#649,#677,#706));
#618 = ORIENTED_EDGE('',*,*,#619,.T.);
#619 = EDGE_CURVE('',#620,#622,#624,.T.);
#620 = VERTEX_POINT('',#621);
#621 = CARTESIAN_POINT('',(26.614736709749,-11.90192378864,0.));
#622 = VERTEX_POINT('',#623);
#623 = CARTESIAN_POINT('',(23.614736709749,-17.09807621135,0.));
#624 = SURFACE_CURVE('',#625,(#630,#637),.PCURVE_S1.);
#625 = CIRCLE('',#626,3.);
#626 = AXIS2_PLACEMENT_3D('',#627,#628,#629);
#627 = CARTESIAN_POINT('',(25.114736709749,-14.5,0.));
#628 = DIRECTION('',(0.,0.,1.));
#629 = DIRECTION('',(0.5,0.866025403784,-0.));
#630 = PCURVE('',#98,#631);
#631 = DEFINITIONAL_REPRESENTATION('',(#632),#636);
#632 = CIRCLE('',#633,3.);
#633 = AXIS2_PLACEMENT_2D('',#634,#635);
#634 = CARTESIAN_POINT('',(-25.11473670974,14.5));
#635 = DIRECTION('',(-0.5,-0.866025403784));
#636 = ( GEOMETRIC_REPRESENTATION_CONTEXT(2) 
PARAMETRIC_REPRESENTATION_CONTEXT() REPRESENTATION_CONTEXT('2D SPACE',''
  ) );
#637 = PCURVE('',#638,#643);
#638 = CYLINDRICAL_SURFACE('',#639,3.);
#639 = AXIS2_PLACEMENT_3D('',#640,#641,#642);
#640 = CARTESIAN_POINT('',(25.114736709749,-14.5,0.));
#641 = DIRECTION('',(-0.,-0.,-1.));
#642 = DIRECTION('',(0.5,0.866025403784,-0.));
#643 = DEFINITIONAL_REPRESENTATION('',(#644),#648);
#644 = LINE('',#645,#646);
#645 = CARTESIAN_POINT('',(-0.,0.));
#646 = VECTOR('',#647,1.);
#647 = DIRECTION('',(-1.,0.));
#648 = ( GEOMETRIC_REPRESENTATION_CONTEXT(2) 
PARAMETRIC_REPRESENTATION_CONTEXT() REPRESENTATION_CONTEXT('2D SPACE',''
  ) );
#649 = ORIENTED_EDGE('',*,*,#650,.T.);
#650 = EDGE_CURVE('',#622,#651,#653,.T.);
#651 = VERTEX_POINT('',#652);
#652 = CARTESIAN_POINT('',(34.223547906108,-23.22307621135,0.));
#653 = SURFACE_CURVE('',#654,(#658,#665),.PCURVE_S1.);
#654 = LINE('',#655,#656);
#655 = CARTESIAN_POINT('',(23.614736709749,-17.09807621135,0.));
#656 = VECTOR('',#657,1.);
#657 = DIRECTION('',(0.866025403784,-0.5,-0.));
#658 = PCURVE('',#98,#659);
#659 = DEFINITIONAL_REPRESENTATION('',(#660),#664);
#660 = LINE('',#661,#662);
#661 = CARTESIAN_POINT('',(-23.61473670974,17.098076211353));
#662 = VECTOR('',#663,1.);
#663 = DIRECTION('',(-0.866025403784,0.5));
#664 = ( GEOMETRIC_REPRESENTATION_CONTEXT(2) 
PARAMETRIC_REPRESENTATION_CONTEXT() REPRESENTATION_CONTEXT('2D SPACE',''
  ) );
#665 = PCURVE('',#666,#671);
#666 = PLANE('',#667);
#667 = AXIS2_PLACEMENT_3D('',#668,#669,#670);
#668 = CARTESIAN_POINT('',(23.614736709749,-17.09807621135,0.));
#669 = DIRECTION('',(-0.5,-0.866025403784,-0.));
#670 = DIRECTION('',(-0.866025403784,0.5,0.));
#671 = DEFINITIONAL_REPRESENTATION('',(#672),#676);
#672 = LINE('',#673,#674);
#673 = CARTESIAN_POINT('',(-0.,-0.));
#674 = VECTOR('',#675,1.);
#675 = DIRECTION('',(-1.,0.));
#676 = ( GEOMETRIC_REPRESENTATION_CONTEXT(2) 
PARAMETRIC_REPRESENTATION_CONTEXT() REPRESENTATION_CONTEXT('2D SPACE',''
  ) );
#677 = ORIENTED_EDGE('',*,*,#678,.T.);
#678 = EDGE_CURVE('',#651,#679,#681,.T.);
#679 = VERTEX_POINT('',#680);
#680 = CARTESIAN_POINT('',(37.223547906108,-18.02692378864,0.));
#681 = SURFACE_CURVE('',#682,(#687,#694),.PCURVE_S1.);
#682 = CIRCLE('',#683,3.);
#683 = AXIS2_PLACEMENT_3D('',#684,#685,#686);
#684 = CARTESIAN_POINT('',(35.723547906108,-20.625,0.));
#685 = DIRECTION('',(0.,-0.,1.));
#686 = DIRECTION('',(-0.5,-0.866025403784,-0.));
#687 = PCURVE('',#98,#688);
#688 = DEFINITIONAL_REPRESENTATION('',(#689),#693);
#689 = CIRCLE('',#690,3.);
#690 = AXIS2_PLACEMENT_2D('',#691,#692);
#691 = CARTESIAN_POINT('',(-35.7235479061,20.625));
#692 = DIRECTION('',(0.5,0.866025403784));
#693 = ( GEOMETRIC_REPRESENTATION_CONTEXT(2) 
PARAMETRIC_REPRESENTATION_CONTEXT() REPRESENTATION_CONTEXT('2D SPACE',''
  ) );
#694 = PCURVE('',#695,#700);
#695 = CYLINDRICAL_SURFACE('',#696,3.);
#696 = AXIS2_PLACEMENT_3D('',#697,#698,#699);
#697 = CARTESIAN_POINT('',(35.723547906108,-20.625,0.));
#698 = DIRECTION('',(-0.,-0.,-1.));
#699 = DIRECTION('',(-0.5,-0.866025403784,-0.));
#700 = DEFINITIONAL_REPRESENTATION('',(#701),#705);
#701 = LINE('',#702,#703);
#702 = CARTESIAN_POINT('',(-0.,0.));
#703 = VECTOR('',#704,1.);
#704 = DIRECTION('',(-1.,0.));
#705 = ( GEOMETRIC_REPRESENTATION_CONTEXT(2) 
PARAMETRIC_REPRESENTATION_CONTEXT() REPRESENTATION_CONTEXT('2D SPACE',''
  ) );
#706 = ORIENTED_EDGE('',*,*,#707,.T.);
#707 = EDGE_CURVE('',#679,#620,#708,.T.);
#708 = SURFACE_CURVE('',#709,(#713,#720),.PCURVE_S1.);
#709 = LINE('',#710,#711);
#710 = CARTESIAN_POINT('',(37.223547906108,-18.02692378864,0.));
#711 = VECTOR('',#712,1.);
#712 = DIRECTION('',(-0.866025403784,0.5,0.));
#713 = PCURVE('',#98,#714);
#714 = DEFINITIONAL_REPRESENTATION('',(#715),#719);
#715 = LINE('',#716,#717);
#716 = CARTESIAN_POINT('',(-37.2235479061,18.026923788647));
#717 = VECTOR('',#718,1.);
#718 = DIRECTION('',(0.866025403784,-0.5));
#719 = ( GEOMETRIC_REPRESENTATION_CONTEXT(2) 
PARAMETRIC_REPRESENTATION_CONTEXT() REPRESENTATION_CONTEXT('2D SPACE',''
  ) );
#720 = PCURVE('',#721,#726);
#721 = PLANE('',#722);
#722 = AXIS2_PLACEMENT_3D('',#723,#724,#725);
#723 = CARTESIAN_POINT('',(37.223547906108,-18.02692378864,0.));
#724 = DIRECTION('',(0.5,0.866025403784,-0.));
#725 = DIRECTION('',(0.866025403784,-0.5,-0.));
#726 = DEFINITIONAL_REPRESENTATION('',(#727),#731);
#727 = LINE('',#728,#729);
#728 = CARTESIAN_POINT('',(-0.,0.));
#729 = VECTOR('',#730,1.);
#730 = DIRECTION('',(-1.,-0.));
#731 = ( GEOMETRIC_REPRESENTATION_CONTEXT(2) 
PARAMETRIC_REPRESENTATION_CONTEXT() REPRESENTATION_CONTEXT('2D SPACE',''
  ) );
#732 = FACE_BOUND('',#733,.T.);
#733 = EDGE_LOOP('',(#734,#765,#793,#822));
#734 = ORIENTED_EDGE('',*,*,#735,.T.);
#735 = EDGE_CURVE('',#736,#738,#740,.T.);
#736 = VERTEX_POINT('',#737);
#737 = CARTESIAN_POINT('',(3.,-29.,0.));
#738 = VERTEX_POINT('',#739);
#739 = CARTESIAN_POINT('',(-3.,-29.,0.));
#740 = SURFACE_CURVE('',#741,(#746,#753),.PCURVE_S1.);
#741 = CIRCLE('',#742,3.);
#742 = AXIS2_PLACEMENT_3D('',#743,#744,#745);
#743 = CARTESIAN_POINT('',(3.219646771413E-15,-29.,0.));
#744 = DIRECTION('',(0.,0.,1.));
#745 = DIRECTION('',(1.,1.110223024625E-16,-0.));
#746 = PCURVE('',#98,#747);
#747 = DEFINITIONAL_REPRESENTATION('',(#748),#752);
#748 = CIRCLE('',#749,3.);
#749 = AXIS2_PLACEMENT_2D('',#750,#751);
#750 = CARTESIAN_POINT('',(-6.027652177269E-15,29.));
#751 = DIRECTION('',(-1.,-1.110223024625E-16));
#752 = ( GEOMETRIC_REPRESENTATION_CONTEXT(2) 
PARAMETRIC_REPRESENTATION_CONTEXT() REPRESENTATION_CONTEXT('2D SPACE',''
  ) );
#753 = PCURVE('',#754,#759);
#754 = CYLINDRICAL_SURFACE('',#755,3.);
#755 = AXIS2_PLACEMENT_3D('',#756,#757,#758);
#756 = CARTESIAN_POINT('',(3.219646771413E-15,-29.,0.));
#757 = DIRECTION('',(-0.,-0.,-1.));
#758 = DIRECTION('',(1.,1.110223024625E-16,-0.));
#759 = DEFINITIONAL_REPRESENTATION('',(#760),#764);
#760 = LINE('',#761,#762);
#761 = CARTESIAN_POINT('',(-0.,0.));
#762 = VECTOR('',#763,1.);
#763 = DIRECTION('',(-1.,0.));
#764 = ( GEOMETRIC_REPRESENTATION_CONTEXT(2) 
PARAMETRIC_REPRESENTATION_CONTEXT() REPRESENTATION_CONTEXT('2D SPACE',''
  ) );
#765 = ORIENTED_EDGE('',*,*,#766,.T.);
#766 = EDGE_CURVE('',#738,#767,#769,.T.);
#767 = VERTEX_POINT('',#768);
#768 = CARTESIAN_POINT('',(-3.,-41.25,0.));
#769 = SURFACE_CURVE('',#770,(#774,#781),.PCURVE_S1.);
#770 = LINE('',#771,#772);
#771 = CARTESIAN_POINT('',(-3.,-29.,0.));
#772 = VECTOR('',#773,1.);
#773 = DIRECTION('',(1.110223024625E-16,-1.,-0.));
#774 = PCURVE('',#98,#775);
#775 = DEFINITIONAL_REPRESENTATION('',(#776),#780);
#776 = LINE('',#777,#778);
#777 = CARTESIAN_POINT('',(3.,29.));
#778 = VECTOR('',#779,1.);
#779 = DIRECTION('',(-1.110223024625E-16,1.));
#780 = ( GEOMETRIC_REPRESENTATION_CONTEXT(2) 
PARAMETRIC_REPRESENTATION_CONTEXT() REPRESENTATION_CONTEXT('2D SPACE',''
  ) );
#781 = PCURVE('',#782,#787);
#782 = PLANE('',#783);
#783 = AXIS2_PLACEMENT_3D('',#784,#785,#786);
#784 = CARTESIAN_POINT('',(-3.,-29.,0.));
#785 = DIRECTION('',(-1.,-1.110223024625E-16,-0.));
#786 = DIRECTION('',(-1.110223024625E-16,1.,0.));
#787 = DEFINITIONAL_REPRESENTATION('',(#788),#792);
#788 = LINE('',#789,#790);
#789 = CARTESIAN_POINT('',(-0.,-0.));
#790 = VECTOR('',#791,1.);
#791 = DIRECTION('',(-1.,0.));
#792 = ( GEOMETRIC_REPRESENTATION_CONTEXT(2) 
PARAMETRIC_REPRESENTATION_CONTEXT() REPRESENTATION_CONTEXT('2D SPACE',''
  ) );
#793 = ORIENTED_EDGE('',*,*,#794,.T.);
#794 = EDGE_CURVE('',#767,#795,#797,.T.);
#795 = VERTEX_POINT('',#796);
#796 = CARTESIAN_POINT('',(3.,-41.25,0.));
#797 = SURFACE_CURVE('',#798,(#803,#810),.PCURVE_S1.);
#798 = CIRCLE('',#799,3.);
#799 = AXIS2_PLACEMENT_3D('',#800,#801,#802);
#800 = CARTESIAN_POINT('',(4.579669976579E-15,-41.25,0.));
#801 = DIRECTION('',(0.,-0.,1.));
#802 = DIRECTION('',(-1.,-1.110223024625E-16,-0.));
#803 = PCURVE('',#98,#804);
#804 = DEFINITIONAL_REPRESENTATION('',(#805),#809);
#805 = CIRCLE('',#806,3.);
#806 = AXIS2_PLACEMENT_2D('',#807,#808);
#807 = CARTESIAN_POINT('',(-7.387675382435E-15,41.25));
#808 = DIRECTION('',(1.,1.110223024625E-16));
#809 = ( GEOMETRIC_REPRESENTATION_CONTEXT(2) 
PARAMETRIC_REPRESENTATION_CONTEXT() REPRESENTATION_CONTEXT('2D SPACE',''
  ) );
#810 = PCURVE('',#811,#816);
#811 = CYLINDRICAL_SURFACE('',#812,3.);
#812 = AXIS2_PLACEMENT_3D('',#813,#814,#815);
#813 = CARTESIAN_POINT('',(4.579669976579E-15,-41.25,0.));
#814 = DIRECTION('',(-0.,-0.,-1.));
#815 = DIRECTION('',(-1.,-1.110223024625E-16,-0.));
#816 = DEFINITIONAL_REPRESENTATION('',(#817),#821);
#817 = LINE('',#818,#819);
#818 = CARTESIAN_POINT('',(-0.,0.));
#819 = VECTOR('',#820,1.);
#820 = DIRECTION('',(-1.,0.));
#821 = ( GEOMETRIC_REPRESENTATION_CONTEXT(2) 
PARAMETRIC_REPRESENTATION_CONTEXT() REPRESENTATION_CONTEXT('2D SPACE',''
  ) );
#822 = ORIENTED_EDGE('',*,*,#823,.T.);
#823 = EDGE_CURVE('',#795,#736,#824,.T.);
#824 = SURFACE_CURVE('',#825,(#829,#836),.PCURVE_S1.);
#825 = LINE('',#826,#827);
#826 = CARTESIAN_POINT('',(3.,-41.25,0.));
#827 = VECTOR('',#828,1.);
#828 = DIRECTION('',(-1.110223024625E-16,1.,0.));
#829 = PCURVE('',#98,#830);
#830 = DEFINITIONAL_REPRESENTATION('',(#831),#835);
#831 = LINE('',#832,#833);
#832 = CARTESIAN_POINT('',(-3.,41.25));
#833 = VECTOR('',#834,1.);
#834 = DIRECTION('',(1.110223024625E-16,-1.));
#835 = ( GEOMETRIC_REPRESENTATION_CONTEXT(2) 
PARAMETRIC_REPRESENTATION_CONTEXT() REPRESENTATION_CONTEXT('2D SPACE',''
  ) );
#836 = PCURVE('',#837,#842);
#837 = PLANE('',#838);
#838 = AXIS2_PLACEMENT_3D('',#839,#840,#841);
#839 = CARTESIAN_POINT('',(3.,-41.25,0.));
#840 = DIRECTION('',(1.,1.110223024625E-16,-0.));
#841 = DIRECTION('',(1.110223024625E-16,-1.,-0.));
#842 = DEFINITIONAL_REPRESENTATION('',(#843),#847);
#843 = LINE('',#844,#845);
#844 = CARTESIAN_POINT('',(-0.,0.));
#845 = VECTOR('',#846,1.);
#846 = DIRECTION('',(-1.,-0.));
#847 = ( GEOMETRIC_REPRESENTATION_CONTEXT(2) 
PARAMETRIC_REPRESENTATION_CONTEXT() REPRESENTATION_CONTEXT('2D SPACE',''
  ) );
#848 = ADVANCED_FACE('',(#849,#852),#66,.T.);
#849 = FACE_BOUND('',#850,.F.);
#850 = EDGE_LOOP('',(#851));
#851 = ORIENTED_EDGE('',*,*,#51,.T.);
#852 = FACE_BOUND('',#853,.F.);
#853 = EDGE_LOOP('',(#854,#889,#913,#942,#970,#1003,#1027,#1055,#1079,
    #1107,#1140,#1164,#1192,#1216,#1244,#1268));
#854 = ORIENTED_EDGE('',*,*,#855,.F.);
#855 = EDGE_CURVE('',#856,#858,#860,.T.);
#856 = VERTEX_POINT('',#857);
#857 = CARTESIAN_POINT('',(38.231115251735,18.978152706793,2.));
#858 = VERTEX_POINT('',#859);
#859 = CARTESIAN_POINT('',(42.8,-1.030949170225E-15,2.));
#860 = SURFACE_CURVE('',#861,(#866,#877),.PCURVE_S1.);
#861 = CIRCLE('',#862,41.7);
#862 = AXIS2_PLACEMENT_3D('',#863,#864,#865);
#863 = CARTESIAN_POINT('',(1.1,-3.552713678801E-15,2.));
#864 = DIRECTION('',(-0.,0.,-1.));
#865 = DIRECTION('',(-1.,6.199071088414E-17,0.));
#866 = PCURVE('',#66,#867);
#867 = DEFINITIONAL_REPRESENTATION('',(#868),#876);
#868 = ( BOUNDED_CURVE() B_SPLINE_CURVE(2,(#869,#870,#871,#872,#873,#874
,#875),.UNSPECIFIED.,.T.,.F.) B_SPLINE_CURVE_WITH_KNOTS((1,2,2,2,2,1),(
    -2.094395102393,0.,2.094395102393,4.188790204786,6.28318530718,
8.377580409573),.UNSPECIFIED.) CURVE() GEOMETRIC_REPRESENTATION_ITEM() 
RATIONAL_B_SPLINE_CURVE((1.,0.5,1.,0.5,1.,0.5,1.)) REPRESENTATION_ITEM(
  '') );
#869 = CARTESIAN_POINT('',(40.6,-2.73990184811E-15));
#870 = CARTESIAN_POINT('',(40.6,-72.22651867562));
#871 = CARTESIAN_POINT('',(-21.95,-36.11325933781));
#872 = CARTESIAN_POINT('',(-84.5,-5.198418221392E-15));
#873 = CARTESIAN_POINT('',(-21.95,36.113259337811));
#874 = CARTESIAN_POINT('',(40.6,72.226518675622));
#875 = CARTESIAN_POINT('',(40.6,-2.73990184811E-15));
#876 = ( GEOMETRIC_REPRESENTATION_CONTEXT(2) 
PARAMETRIC_REPRESENTATION_CONTEXT() REPRESENTATION_CONTEXT('2D SPACE',''
  ) );
#877 = PCURVE('',#878,#883);
#878 = CYLINDRICAL_SURFACE('',#879,41.7);
#879 = AXIS2_PLACEMENT_3D('',#880,#881,#882);
#880 = CARTESIAN_POINT('',(1.1,-3.552713678801E-15,2.));
#881 = DIRECTION('',(-0.,0.,-1.));
#882 = DIRECTION('',(-1.,6.199071088414E-17,0.));
#883 = DEFINITIONAL_REPRESENTATION('',(#884),#888);
#884 = LINE('',#885,#886);
#885 = CARTESIAN_POINT('',(0.,0.));
#886 = VECTOR('',#887,1.);
#887 = DIRECTION('',(1.,0.));
#888 = ( GEOMETRIC_REPRESENTATION_CONTEXT(2) 
PARAMETRIC_REPRESENTATION_CONTEXT() REPRESENTATION_CONTEXT('2D SPACE',''
  ) );
#889 = ORIENTED_EDGE('',*,*,#890,.T.);
#890 = EDGE_CURVE('',#856,#891,#893,.T.);
#891 = VERTEX_POINT('',#892);
#892 = CARTESIAN_POINT('',(38.687201230443,21.090573810642,2.));
#893 = SURFACE_CURVE('',#894,(#899,#906),.PCURVE_S1.);
#894 = CIRCLE('',#895,3.);
#895 = AXIS2_PLACEMENT_3D('',#896,#897,#898);
#896 = CARTESIAN_POINT('',(35.723547906108,20.625,2.));
#897 = DIRECTION('',(0.,0.,1.));
#898 = DIRECTION('',(0.5,-0.866025403784,-0.));
#899 = PCURVE('',#66,#900);
#900 = DEFINITIONAL_REPRESENTATION('',(#901),#905);
#901 = CIRCLE('',#902,3.);
#902 = AXIS2_PLACEMENT_2D('',#903,#904);
#903 = CARTESIAN_POINT('',(-35.7235479061,-20.625));
#904 = DIRECTION('',(-0.5,0.866025403784));
#905 = ( GEOMETRIC_REPRESENTATION_CONTEXT(2) 
PARAMETRIC_REPRESENTATION_CONTEXT() REPRESENTATION_CONTEXT('2D SPACE',''
  ) );
#906 = PCURVE('',#428,#907);
#907 = DEFINITIONAL_REPRESENTATION('',(#908),#912);
#908 = LINE('',#909,#910);
#909 = CARTESIAN_POINT('',(-0.,-2.));
#910 = VECTOR('',#911,1.);
#911 = DIRECTION('',(-1.,0.));
#912 = ( GEOMETRIC_REPRESENTATION_CONTEXT(2) 
PARAMETRIC_REPRESENTATION_CONTEXT() REPRESENTATION_CONTEXT('2D SPACE',''
  ) );
#913 = ORIENTED_EDGE('',*,*,#914,.F.);
#914 = EDGE_CURVE('',#915,#891,#917,.T.);
#915 = VERTEX_POINT('',#916);
#916 = CARTESIAN_POINT('',(44.2,0.,2.));
#917 = SURFACE_CURVE('',#918,(#923,#930),.PCURVE_S1.);
#918 = CIRCLE('',#919,43.1);
#919 = AXIS2_PLACEMENT_3D('',#920,#921,#922);
#920 = CARTESIAN_POINT('',(1.1,-3.552713678801E-15,2.));
#921 = DIRECTION('',(0.,0.,1.));
#922 = DIRECTION('',(1.,8.242955171231E-17,-0.));
#923 = PCURVE('',#66,#924);
#924 = DEFINITIONAL_REPRESENTATION('',(#925),#929);
#925 = CIRCLE('',#926,43.1);
#926 = AXIS2_PLACEMENT_2D('',#927,#928);
#927 = CARTESIAN_POINT('',(-1.1,-1.548892042409E-16));
#928 = DIRECTION('',(-1.,-8.242955171231E-17));
#929 = ( GEOMETRIC_REPRESENTATION_CONTEXT(2) 
PARAMETRIC_REPRESENTATION_CONTEXT() REPRESENTATION_CONTEXT('2D SPACE',''
  ) );
#930 = PCURVE('',#931,#936);
#931 = CYLINDRICAL_SURFACE('',#932,43.1);
#932 = AXIS2_PLACEMENT_3D('',#933,#934,#935);
#933 = CARTESIAN_POINT('',(1.1,-3.552713678801E-15,2.));
#934 = DIRECTION('',(-0.,-0.,-1.));
#935 = DIRECTION('',(1.,8.242955171231E-17,-0.));
#936 = DEFINITIONAL_REPRESENTATION('',(#937),#941);
#937 = LINE('',#938,#939);
#938 = CARTESIAN_POINT('',(-0.,0.));
#939 = VECTOR('',#940,1.);
#940 = DIRECTION('',(-1.,0.));
#941 = ( GEOMETRIC_REPRESENTATION_CONTEXT(2) 
PARAMETRIC_REPRESENTATION_CONTEXT() REPRESENTATION_CONTEXT('2D SPACE',''
  ) );
#942 = ORIENTED_EDGE('',*,*,#943,.F.);
#943 = EDGE_CURVE('',#944,#915,#946,.T.);
#944 = VERTEX_POINT('',#945);
#945 = CARTESIAN_POINT('',(45.,1.13186864968E-14,2.));
#946 = SURFACE_CURVE('',#947,(#951,#958),.PCURVE_S1.);
#947 = LINE('',#948,#949);
#948 = CARTESIAN_POINT('',(45.,1.13186864968E-14,2.));
#949 = VECTOR('',#950,1.);
#950 = DIRECTION('',(-1.,-1.4148358121E-14,-0.));
#951 = PCURVE('',#66,#952);
#952 = DEFINITIONAL_REPRESENTATION('',(#953),#957);
#953 = LINE('',#954,#955);
#954 = CARTESIAN_POINT('',(-45.,-1.502628937984E-14));
#955 = VECTOR('',#956,1.);
#956 = DIRECTION('',(1.,1.4148358121E-14));
#957 = ( GEOMETRIC_REPRESENTATION_CONTEXT(2) 
PARAMETRIC_REPRESENTATION_CONTEXT() REPRESENTATION_CONTEXT('2D SPACE',''
  ) );
#958 = PCURVE('',#959,#964);
#959 = PLANE('',#960);
#960 = AXIS2_PLACEMENT_3D('',#961,#962,#963);
#961 = CARTESIAN_POINT('',(45.,1.13186864968E-14,2.));
#962 = DIRECTION('',(-1.4148358121E-14,1.,0.));
#963 = DIRECTION('',(1.,1.4148358121E-14,0.));
#964 = DEFINITIONAL_REPRESENTATION('',(#965),#969);
#965 = LINE('',#966,#967);
#966 = CARTESIAN_POINT('',(-0.,-0.));
#967 = VECTOR('',#968,1.);
#968 = DIRECTION('',(-1.,0.));
#969 = ( GEOMETRIC_REPRESENTATION_CONTEXT(2) 
PARAMETRIC_REPRESENTATION_CONTEXT() REPRESENTATION_CONTEXT('2D SPACE',''
  ) );
#970 = ORIENTED_EDGE('',*,*,#971,.F.);
#971 = EDGE_CURVE('',#972,#944,#974,.T.);
#972 = VERTEX_POINT('',#973);
#973 = CARTESIAN_POINT('',(1.408273945217,43.898917608236,2.));
#974 = SURFACE_CURVE('',#975,(#980,#991),.PCURVE_S1.);
#975 = CIRCLE('',#976,43.9);
#976 = AXIS2_PLACEMENT_3D('',#977,#978,#979);
#977 = CARTESIAN_POINT('',(1.1,-8.881784197001E-15,2.));
#978 = DIRECTION('',(-0.,0.,-1.));
#979 = DIRECTION('',(-1.,1.064064935507E-16,0.));
#980 = PCURVE('',#66,#981);
#981 = DEFINITIONAL_REPRESENTATION('',(#982),#990);
#982 = ( BOUNDED_CURVE() B_SPLINE_CURVE(2,(#983,#984,#985,#986,#987,#988
,#989),.UNSPECIFIED.,.T.,.F.) B_SPLINE_CURVE_WITH_KNOTS((1,2,2,2,2,1),(
    -2.094395102393,0.,2.094395102393,4.188790204786,6.28318530718,
8.377580409573),.UNSPECIFIED.) CURVE() GEOMETRIC_REPRESENTATION_ITEM() 
RATIONAL_B_SPLINE_CURVE((1.,0.5,1.,0.5,1.,0.5,1.)) REPRESENTATION_ITEM(
  '') );
#983 = CARTESIAN_POINT('',(42.8,5.029362470844E-16));
#984 = CARTESIAN_POINT('',(42.8,-76.03703045227));
#985 = CARTESIAN_POINT('',(-23.05,-38.01851522613));
#986 = CARTESIAN_POINT('',(-88.9,3.764272551197E-15));
#987 = CARTESIAN_POINT('',(-23.05,38.018515226137));
#988 = CARTESIAN_POINT('',(42.8,76.037030452274));
#989 = CARTESIAN_POINT('',(42.8,5.029362470844E-16));
#990 = ( GEOMETRIC_REPRESENTATION_CONTEXT(2) 
PARAMETRIC_REPRESENTATION_CONTEXT() REPRESENTATION_CONTEXT('2D SPACE',''
  ) );
#991 = PCURVE('',#992,#997);
#992 = CYLINDRICAL_SURFACE('',#993,43.9);
#993 = AXIS2_PLACEMENT_3D('',#994,#995,#996);
#994 = CARTESIAN_POINT('',(1.1,-8.881784197001E-15,2.));
#995 = DIRECTION('',(-0.,0.,-1.));
#996 = DIRECTION('',(-1.,1.064064935507E-16,0.));
#997 = DEFINITIONAL_REPRESENTATION('',(#998),#1002);
#998 = LINE('',#999,#1000);
#999 = CARTESIAN_POINT('',(0.,0.));
#1000 = VECTOR('',#1001,1.);
#1001 = DIRECTION('',(1.,0.));
#1002 = ( GEOMETRIC_REPRESENTATION_CONTEXT(2) 
PARAMETRIC_REPRESENTATION_CONTEXT() REPRESENTATION_CONTEXT('2D SPACE',''
  ) );
#1003 = ORIENTED_EDGE('',*,*,#1004,.T.);
#1004 = EDGE_CURVE('',#972,#1005,#1007,.T.);
#1005 = VERTEX_POINT('',#1006);
#1006 = CARTESIAN_POINT('',(-1.547447704483,43.820098364244,2.));
#1007 = SURFACE_CURVE('',#1008,(#1013,#1020),.PCURVE_S1.);
#1008 = CIRCLE('',#1009,3.);
#1009 = AXIS2_PLACEMENT_3D('',#1010,#1011,#1012);
#1010 = CARTESIAN_POINT('',(-9.159339953158E-15,41.25,2.));
#1011 = DIRECTION('',(0.,0.,1.));
#1012 = DIRECTION('',(1.,2.22044604925E-16,-0.));
#1013 = PCURVE('',#66,#1014);
#1014 = DEFINITIONAL_REPRESENTATION('',(#1015),#1019);
#1015 = CIRCLE('',#1016,3.);
#1016 = AXIS2_PLACEMENT_2D('',#1017,#1018);
#1017 = CARTESIAN_POINT('',(6.351334547301E-15,-41.25));
#1018 = DIRECTION('',(-1.,-2.22044604925E-16));
#1019 = ( GEOMETRIC_REPRESENTATION_CONTEXT(2) 
PARAMETRIC_REPRESENTATION_CONTEXT() REPRESENTATION_CONTEXT('2D SPACE',''
  ) );
#1020 = PCURVE('',#312,#1021);
#1021 = DEFINITIONAL_REPRESENTATION('',(#1022),#1026);
#1022 = LINE('',#1023,#1024);
#1023 = CARTESIAN_POINT('',(-0.,-2.));
#1024 = VECTOR('',#1025,1.);
#1025 = DIRECTION('',(-1.,0.));
#1026 = ( GEOMETRIC_REPRESENTATION_CONTEXT(2) 
PARAMETRIC_REPRESENTATION_CONTEXT() REPRESENTATION_CONTEXT('2D SPACE',''
  ) );
#1027 = ORIENTED_EDGE('',*,*,#1028,.F.);
#1028 = EDGE_CURVE('',#1029,#1005,#1031,.T.);
#1029 = VERTEX_POINT('',#1030);
#1030 = CARTESIAN_POINT('',(-35.90442152623,23.619542491524,2.));
#1031 = SURFACE_CURVE('',#1032,(#1037,#1048),.PCURVE_S1.);
#1032 = CIRCLE('',#1033,43.9);
#1033 = AXIS2_PLACEMENT_3D('',#1034,#1035,#1036);
#1034 = CARTESIAN_POINT('',(1.1,-8.881784197001E-15,2.));
#1035 = DIRECTION('',(-0.,0.,-1.));
#1036 = DIRECTION('',(-1.,1.064064935507E-16,0.));
#1037 = PCURVE('',#66,#1038);
#1038 = DEFINITIONAL_REPRESENTATION('',(#1039),#1047);
#1039 = ( BOUNDED_CURVE() B_SPLINE_CURVE(2,(#1040,#1041,#1042,#1043,
#1044,#1045,#1046),.UNSPECIFIED.,.T.,.F.) B_SPLINE_CURVE_WITH_KNOTS((1,2
    ,2,2,2,1),(-2.094395102393,0.,2.094395102393,4.188790204786,
6.28318530718,8.377580409573),.UNSPECIFIED.) CURVE() 
GEOMETRIC_REPRESENTATION_ITEM() RATIONAL_B_SPLINE_CURVE((1.,0.5,1.,0.5,
1.,0.5,1.)) REPRESENTATION_ITEM('') );
#1040 = CARTESIAN_POINT('',(42.8,5.029362470844E-16));
#1041 = CARTESIAN_POINT('',(42.8,-76.03703045227));
#1042 = CARTESIAN_POINT('',(-23.05,-38.01851522613));
#1043 = CARTESIAN_POINT('',(-88.9,3.764272551197E-15));
#1044 = CARTESIAN_POINT('',(-23.05,38.018515226137));
#1045 = CARTESIAN_POINT('',(42.8,76.037030452274));
#1046 = CARTESIAN_POINT('',(42.8,5.029362470844E-16));
#1047 = ( GEOMETRIC_REPRESENTATION_CONTEXT(2) 
PARAMETRIC_REPRESENTATION_CONTEXT() REPRESENTATION_CONTEXT('2D SPACE',''
  ) );
#1048 = PCURVE('',#992,#1049);
#1049 = DEFINITIONAL_REPRESENTATION('',(#1050),#1054);
#1050 = LINE('',#1051,#1052);
#1051 = CARTESIAN_POINT('',(0.,0.));
#1052 = VECTOR('',#1053,1.);
#1053 = DIRECTION('',(1.,0.));
#1054 = ( GEOMETRIC_REPRESENTATION_CONTEXT(2) 
PARAMETRIC_REPRESENTATION_CONTEXT() REPRESENTATION_CONTEXT('2D SPACE',''
  ) );
#1055 = ORIENTED_EDGE('',*,*,#1056,.T.);
#1056 = EDGE_CURVE('',#1029,#1057,#1059,.T.);
#1057 = VERTEX_POINT('',#1058);
#1058 = CARTESIAN_POINT('',(-38.37148587485,19.214884928917,2.));
#1059 = SURFACE_CURVE('',#1060,(#1065,#1072),.PCURVE_S1.);
#1060 = CIRCLE('',#1061,3.);
#1061 = AXIS2_PLACEMENT_3D('',#1062,#1063,#1064);
#1062 = CARTESIAN_POINT('',(-35.7235479061,20.625,2.));
#1063 = DIRECTION('',(0.,0.,1.));
#1064 = DIRECTION('',(0.5,0.866025403784,-0.));
#1065 = PCURVE('',#66,#1066);
#1066 = DEFINITIONAL_REPRESENTATION('',(#1067),#1071);
#1067 = CIRCLE('',#1068,3.);
#1068 = AXIS2_PLACEMENT_2D('',#1069,#1070);
#1069 = CARTESIAN_POINT('',(35.723547906108,-20.625));
#1070 = DIRECTION('',(-0.5,-0.866025403784));
#1071 = ( GEOMETRIC_REPRESENTATION_CONTEXT(2) 
PARAMETRIC_REPRESENTATION_CONTEXT() REPRESENTATION_CONTEXT('2D SPACE',''
  ) );
#1072 = PCURVE('',#196,#1073);
#1073 = DEFINITIONAL_REPRESENTATION('',(#1074),#1078);
#1074 = LINE('',#1075,#1076);
#1075 = CARTESIAN_POINT('',(-0.,-2.));
#1076 = VECTOR('',#1077,1.);
#1077 = DIRECTION('',(-1.,0.));
#1078 = ( GEOMETRIC_REPRESENTATION_CONTEXT(2) 
PARAMETRIC_REPRESENTATION_CONTEXT() REPRESENTATION_CONTEXT('2D SPACE',''
  ) );
#1079 = ORIENTED_EDGE('',*,*,#1080,.F.);
#1080 = EDGE_CURVE('',#1081,#1057,#1083,.T.);
#1081 = VERTEX_POINT('',#1082);
#1082 = CARTESIAN_POINT('',(-42.8,-4.210539130126E-15,2.));
#1083 = SURFACE_CURVE('',#1084,(#1089,#1100),.PCURVE_S1.);
#1084 = CIRCLE('',#1085,43.9);
#1085 = AXIS2_PLACEMENT_3D('',#1086,#1087,#1088);
#1086 = CARTESIAN_POINT('',(1.1,-8.881784197001E-15,2.));
#1087 = DIRECTION('',(-0.,0.,-1.));
#1088 = DIRECTION('',(-1.,1.064064935507E-16,0.));
#1089 = PCURVE('',#66,#1090);
#1090 = DEFINITIONAL_REPRESENTATION('',(#1091),#1099);
#1091 = ( BOUNDED_CURVE() B_SPLINE_CURVE(2,(#1092,#1093,#1094,#1095,
#1096,#1097,#1098),.UNSPECIFIED.,.T.,.F.) B_SPLINE_CURVE_WITH_KNOTS((1,2
    ,2,2,2,1),(-2.094395102393,0.,2.094395102393,4.188790204786,
6.28318530718,8.377580409573),.UNSPECIFIED.) CURVE() 
GEOMETRIC_REPRESENTATION_ITEM() RATIONAL_B_SPLINE_CURVE((1.,0.5,1.,0.5,
1.,0.5,1.)) REPRESENTATION_ITEM('') );
#1092 = CARTESIAN_POINT('',(42.8,5.029362470844E-16));
#1093 = CARTESIAN_POINT('',(42.8,-76.03703045227));
#1094 = CARTESIAN_POINT('',(-23.05,-38.01851522613));
#1095 = CARTESIAN_POINT('',(-88.9,3.764272551197E-15));
#1096 = CARTESIAN_POINT('',(-23.05,38.018515226137));
#1097 = CARTESIAN_POINT('',(42.8,76.037030452274));
#1098 = CARTESIAN_POINT('',(42.8,5.029362470844E-16));
#1099 = ( GEOMETRIC_REPRESENTATION_CONTEXT(2) 
PARAMETRIC_REPRESENTATION_CONTEXT() REPRESENTATION_CONTEXT('2D SPACE',''
  ) );
#1100 = PCURVE('',#992,#1101);
#1101 = DEFINITIONAL_REPRESENTATION('',(#1102),#1106);
#1102 = LINE('',#1103,#1104);
#1103 = CARTESIAN_POINT('',(0.,0.));
#1104 = VECTOR('',#1105,1.);
#1105 = DIRECTION('',(1.,0.));
#1106 = ( GEOMETRIC_REPRESENTATION_CONTEXT(2) 
PARAMETRIC_REPRESENTATION_CONTEXT() REPRESENTATION_CONTEXT('2D SPACE',''
  ) );
#1107 = ORIENTED_EDGE('',*,*,#1108,.F.);
#1108 = EDGE_CURVE('',#1109,#1081,#1111,.T.);
#1109 = VERTEX_POINT('',#1110);
#1110 = CARTESIAN_POINT('',(-38.30420662533,-19.09522858737,2.));
#1111 = SURFACE_CURVE('',#1112,(#1117,#1128),.PCURVE_S1.);
#1112 = CIRCLE('',#1113,42.8);
#1113 = AXIS2_PLACEMENT_3D('',#1114,#1115,#1116);
#1114 = CARTESIAN_POINT('',(-3.552713678801E-15,0.,2.));
#1115 = DIRECTION('',(0.,0.,-1.));
#1116 = DIRECTION('',(1.,-2.408759743516E-17,-0.));
#1117 = PCURVE('',#66,#1118);
#1118 = DEFINITIONAL_REPRESENTATION('',(#1119),#1127);
#1119 = ( BOUNDED_CURVE() B_SPLINE_CURVE(2,(#1120,#1121,#1122,#1123,
#1124,#1125,#1126),.UNSPECIFIED.,.T.,.F.) B_SPLINE_CURVE_WITH_KNOTS((1,2
    ,2,2,2,1),(-2.094395102393,0.,2.094395102393,4.188790204786,
6.28318530718,8.377580409573),.UNSPECIFIED.) CURVE() 
GEOMETRIC_REPRESENTATION_ITEM() RATIONAL_B_SPLINE_CURVE((1.,0.5,1.,0.5,
1.,0.5,1.)) REPRESENTATION_ITEM('') );
#1120 = CARTESIAN_POINT('',(-42.8,-2.676653712817E-15));
#1121 = CARTESIAN_POINT('',(-42.8,74.131774563948));
#1122 = CARTESIAN_POINT('',(21.4,37.065887281974));
#1123 = CARTESIAN_POINT('',(85.6,4.71347537721E-15));
#1124 = CARTESIAN_POINT('',(21.4,-37.06588728197));
#1125 = CARTESIAN_POINT('',(-42.8,-74.13177456394));
#1126 = CARTESIAN_POINT('',(-42.8,-2.676653712817E-15));
#1127 = ( GEOMETRIC_REPRESENTATION_CONTEXT(2) 
PARAMETRIC_REPRESENTATION_CONTEXT() REPRESENTATION_CONTEXT('2D SPACE',''
  ) );
#1128 = PCURVE('',#1129,#1134);
#1129 = CYLINDRICAL_SURFACE('',#1130,42.8);
#1130 = AXIS2_PLACEMENT_3D('',#1131,#1132,#1133);
#1131 = CARTESIAN_POINT('',(-3.552713678801E-15,0.,2.));
#1132 = DIRECTION('',(-0.,0.,-1.));
#1133 = DIRECTION('',(1.,-2.408759743516E-17,-0.));
#1134 = DEFINITIONAL_REPRESENTATION('',(#1135),#1139);
#1135 = LINE('',#1136,#1137);
#1136 = CARTESIAN_POINT('',(0.,0.));
#1137 = VECTOR('',#1138,1.);
#1138 = DIRECTION('',(1.,0.));
#1139 = ( GEOMETRIC_REPRESENTATION_CONTEXT(2) 
PARAMETRIC_REPRESENTATION_CONTEXT() REPRESENTATION_CONTEXT('2D SPACE',''
  ) );
#1140 = ORIENTED_EDGE('',*,*,#1141,.T.);
#1141 = EDGE_CURVE('',#1109,#1142,#1144,.T.);
#1142 = VERTEX_POINT('',#1143);
#1143 = CARTESIAN_POINT('',(-35.6890563604,-23.62480171566,2.));
#1144 = SURFACE_CURVE('',#1145,(#1150,#1157),.PCURVE_S1.);
#1145 = CIRCLE('',#1146,3.);
#1146 = AXIS2_PLACEMENT_3D('',#1147,#1148,#1149);
#1147 = CARTESIAN_POINT('',(-35.7235479061,-20.625,2.));
#1148 = DIRECTION('',(0.,-0.,1.));
#1149 = DIRECTION('',(-0.5,0.866025403784,0.));
#1150 = PCURVE('',#66,#1151);
#1151 = DEFINITIONAL_REPRESENTATION('',(#1152),#1156);
#1152 = CIRCLE('',#1153,3.);
#1153 = AXIS2_PLACEMENT_2D('',#1154,#1155);
#1154 = CARTESIAN_POINT('',(35.723547906108,20.625));
#1155 = DIRECTION('',(0.5,-0.866025403784));
#1156 = ( GEOMETRIC_REPRESENTATION_CONTEXT(2) 
PARAMETRIC_REPRESENTATION_CONTEXT() REPRESENTATION_CONTEXT('2D SPACE',''
  ) );
#1157 = PCURVE('',#544,#1158);
#1158 = DEFINITIONAL_REPRESENTATION('',(#1159),#1163);
#1159 = LINE('',#1160,#1161);
#1160 = CARTESIAN_POINT('',(-0.,-2.));
#1161 = VECTOR('',#1162,1.);
#1162 = DIRECTION('',(-1.,0.));
#1163 = ( GEOMETRIC_REPRESENTATION_CONTEXT(2) 
PARAMETRIC_REPRESENTATION_CONTEXT() REPRESENTATION_CONTEXT('2D SPACE',''
  ) );
#1164 = ORIENTED_EDGE('',*,*,#1165,.F.);
#1165 = EDGE_CURVE('',#1166,#1142,#1168,.T.);
#1166 = VERTEX_POINT('',#1167);
#1167 = CARTESIAN_POINT('',(-2.615150264932,-42.72003030303,2.));
#1168 = SURFACE_CURVE('',#1169,(#1174,#1185),.PCURVE_S1.);
#1169 = CIRCLE('',#1170,42.8);
#1170 = AXIS2_PLACEMENT_3D('',#1171,#1172,#1173);
#1171 = CARTESIAN_POINT('',(-3.552713678801E-15,0.,2.));
#1172 = DIRECTION('',(0.,0.,-1.));
#1173 = DIRECTION('',(1.,-2.408759743516E-17,-0.));
#1174 = PCURVE('',#66,#1175);
#1175 = DEFINITIONAL_REPRESENTATION('',(#1176),#1184);
#1176 = ( BOUNDED_CURVE() B_SPLINE_CURVE(2,(#1177,#1178,#1179,#1180,
#1181,#1182,#1183),.UNSPECIFIED.,.T.,.F.) B_SPLINE_CURVE_WITH_KNOTS((1,2
    ,2,2,2,1),(-2.094395102393,0.,2.094395102393,4.188790204786,
6.28318530718,8.377580409573),.UNSPECIFIED.) CURVE() 
GEOMETRIC_REPRESENTATION_ITEM() RATIONAL_B_SPLINE_CURVE((1.,0.5,1.,0.5,
1.,0.5,1.)) REPRESENTATION_ITEM('') );
#1177 = CARTESIAN_POINT('',(-42.8,-2.676653712817E-15));
#1178 = CARTESIAN_POINT('',(-42.8,74.131774563948));
#1179 = CARTESIAN_POINT('',(21.4,37.065887281974));
#1180 = CARTESIAN_POINT('',(85.6,4.71347537721E-15));
#1181 = CARTESIAN_POINT('',(21.4,-37.06588728197));
#1182 = CARTESIAN_POINT('',(-42.8,-74.13177456394));
#1183 = CARTESIAN_POINT('',(-42.8,-2.676653712817E-15));
#1184 = ( GEOMETRIC_REPRESENTATION_CONTEXT(2) 
PARAMETRIC_REPRESENTATION_CONTEXT() REPRESENTATION_CONTEXT('2D SPACE',''
  ) );
#1185 = PCURVE('',#1129,#1186);
#1186 = DEFINITIONAL_REPRESENTATION('',(#1187),#1191);
#1187 = LINE('',#1188,#1189);
#1188 = CARTESIAN_POINT('',(0.,0.));
#1189 = VECTOR('',#1190,1.);
#1190 = DIRECTION('',(1.,0.));
#1191 = ( GEOMETRIC_REPRESENTATION_CONTEXT(2) 
PARAMETRIC_REPRESENTATION_CONTEXT() REPRESENTATION_CONTEXT('2D SPACE',''
  ) );
#1192 = ORIENTED_EDGE('',*,*,#1193,.T.);
#1193 = EDGE_CURVE('',#1166,#1194,#1196,.T.);
#1194 = VERTEX_POINT('',#1195);
#1195 = CARTESIAN_POINT('',(2.615150264932,-42.72003030303,2.));
#1196 = SURFACE_CURVE('',#1197,(#1202,#1209),.PCURVE_S1.);
#1197 = CIRCLE('',#1198,3.);
#1198 = AXIS2_PLACEMENT_3D('',#1199,#1200,#1201);
#1199 = CARTESIAN_POINT('',(4.579669976579E-15,-41.25,2.));
#1200 = DIRECTION('',(0.,-0.,1.));
#1201 = DIRECTION('',(-1.,-1.110223024625E-16,-0.));
#1202 = PCURVE('',#66,#1203);
#1203 = DEFINITIONAL_REPRESENTATION('',(#1204),#1208);
#1204 = CIRCLE('',#1205,3.);
#1205 = AXIS2_PLACEMENT_2D('',#1206,#1207);
#1206 = CARTESIAN_POINT('',(-7.387675382435E-15,41.25));
#1207 = DIRECTION('',(1.,1.110223024625E-16));
#1208 = ( GEOMETRIC_REPRESENTATION_CONTEXT(2) 
PARAMETRIC_REPRESENTATION_CONTEXT() REPRESENTATION_CONTEXT('2D SPACE',''
  ) );
#1209 = PCURVE('',#811,#1210);
#1210 = DEFINITIONAL_REPRESENTATION('',(#1211),#1215);
#1211 = LINE('',#1212,#1213);
#1212 = CARTESIAN_POINT('',(-0.,-2.));
#1213 = VECTOR('',#1214,1.);
#1214 = DIRECTION('',(-1.,0.));
#1215 = ( GEOMETRIC_REPRESENTATION_CONTEXT(2) 
PARAMETRIC_REPRESENTATION_CONTEXT() REPRESENTATION_CONTEXT('2D SPACE',''
  ) );
#1216 = ORIENTED_EDGE('',*,*,#1217,.F.);
#1217 = EDGE_CURVE('',#1218,#1194,#1220,.T.);
#1218 = VERTEX_POINT('',#1219);
#1219 = CARTESIAN_POINT('',(35.689056360398,-23.62480171566,2.));
#1220 = SURFACE_CURVE('',#1221,(#1226,#1237),.PCURVE_S1.);
#1221 = CIRCLE('',#1222,42.8);
#1222 = AXIS2_PLACEMENT_3D('',#1223,#1224,#1225);
#1223 = CARTESIAN_POINT('',(-3.552713678801E-15,0.,2.));
#1224 = DIRECTION('',(0.,0.,-1.));
#1225 = DIRECTION('',(1.,-2.408759743516E-17,-0.));
#1226 = PCURVE('',#66,#1227);
#1227 = DEFINITIONAL_REPRESENTATION('',(#1228),#1236);
#1228 = ( BOUNDED_CURVE() B_SPLINE_CURVE(2,(#1229,#1230,#1231,#1232,
#1233,#1234,#1235),.UNSPECIFIED.,.T.,.F.) B_SPLINE_CURVE_WITH_KNOTS((1,2
    ,2,2,2,1),(-2.094395102393,0.,2.094395102393,4.188790204786,
6.28318530718,8.377580409573),.UNSPECIFIED.) CURVE() 
GEOMETRIC_REPRESENTATION_ITEM() RATIONAL_B_SPLINE_CURVE((1.,0.5,1.,0.5,
1.,0.5,1.)) REPRESENTATION_ITEM('') );
#1229 = CARTESIAN_POINT('',(-42.8,-2.676653712817E-15));
#1230 = CARTESIAN_POINT('',(-42.8,74.131774563948));
#1231 = CARTESIAN_POINT('',(21.4,37.065887281974));
#1232 = CARTESIAN_POINT('',(85.6,4.71347537721E-15));
#1233 = CARTESIAN_POINT('',(21.4,-37.06588728197));
#1234 = CARTESIAN_POINT('',(-42.8,-74.13177456394));
#1235 = CARTESIAN_POINT('',(-42.8,-2.676653712817E-15));
#1236 = ( GEOMETRIC_REPRESENTATION_CONTEXT(2) 
PARAMETRIC_REPRESENTATION_CONTEXT() REPRESENTATION_CONTEXT('2D SPACE',''
  ) );
#1237 = PCURVE('',#1129,#1238);
#1238 = DEFINITIONAL_REPRESENTATION('',(#1239),#1243);
#1239 = LINE('',#1240,#1241);
#1240 = CARTESIAN_POINT('',(0.,0.));
#1241 = VECTOR('',#1242,1.);
#1242 = DIRECTION('',(1.,0.));
#1243 = ( GEOMETRIC_REPRESENTATION_CONTEXT(2) 
PARAMETRIC_REPRESENTATION_CONTEXT() REPRESENTATION_CONTEXT('2D SPACE',''
  ) );
#1244 = ORIENTED_EDGE('',*,*,#1245,.T.);
#1245 = EDGE_CURVE('',#1218,#1246,#1248,.T.);
#1246 = VERTEX_POINT('',#1247);
#1247 = CARTESIAN_POINT('',(38.304206625331,-19.09522858736,2.));
#1248 = SURFACE_CURVE('',#1249,(#1254,#1261),.PCURVE_S1.);
#1249 = CIRCLE('',#1250,3.);
#1250 = AXIS2_PLACEMENT_3D('',#1251,#1252,#1253);
#1251 = CARTESIAN_POINT('',(35.723547906108,-20.625,2.));
#1252 = DIRECTION('',(0.,-0.,1.));
#1253 = DIRECTION('',(-0.5,-0.866025403784,-0.));
#1254 = PCURVE('',#66,#1255);
#1255 = DEFINITIONAL_REPRESENTATION('',(#1256),#1260);
#1256 = CIRCLE('',#1257,3.);
#1257 = AXIS2_PLACEMENT_2D('',#1258,#1259);
#1258 = CARTESIAN_POINT('',(-35.7235479061,20.625));
#1259 = DIRECTION('',(0.5,0.866025403784));
#1260 = ( GEOMETRIC_REPRESENTATION_CONTEXT(2) 
PARAMETRIC_REPRESENTATION_CONTEXT() REPRESENTATION_CONTEXT('2D SPACE',''
  ) );
#1261 = PCURVE('',#695,#1262);
#1262 = DEFINITIONAL_REPRESENTATION('',(#1263),#1267);
#1263 = LINE('',#1264,#1265);
#1264 = CARTESIAN_POINT('',(-0.,-2.));
#1265 = VECTOR('',#1266,1.);
#1266 = DIRECTION('',(-1.,0.));
#1267 = ( GEOMETRIC_REPRESENTATION_CONTEXT(2) 
PARAMETRIC_REPRESENTATION_CONTEXT() REPRESENTATION_CONTEXT('2D SPACE',''
  ) );
#1268 = ORIENTED_EDGE('',*,*,#1269,.F.);
#1269 = EDGE_CURVE('',#858,#1246,#1270,.T.);
#1270 = SURFACE_CURVE('',#1271,(#1276,#1287),.PCURVE_S1.);
#1271 = CIRCLE('',#1272,42.8);
#1272 = AXIS2_PLACEMENT_3D('',#1273,#1274,#1275);
#1273 = CARTESIAN_POINT('',(-3.552713678801E-15,0.,2.));
#1274 = DIRECTION('',(0.,0.,-1.));
#1275 = DIRECTION('',(1.,-2.408759743516E-17,-0.));
#1276 = PCURVE('',#66,#1277);
#1277 = DEFINITIONAL_REPRESENTATION('',(#1278),#1286);
#1278 = ( BOUNDED_CURVE() B_SPLINE_CURVE(2,(#1279,#1280,#1281,#1282,
#1283,#1284,#1285),.UNSPECIFIED.,.T.,.F.) B_SPLINE_CURVE_WITH_KNOTS((1,2
    ,2,2,2,1),(-2.094395102393,0.,2.094395102393,4.188790204786,
6.28318530718,8.377580409573),.UNSPECIFIED.) CURVE() 
GEOMETRIC_REPRESENTATION_ITEM() RATIONAL_B_SPLINE_CURVE((1.,0.5,1.,0.5,
1.,0.5,1.)) REPRESENTATION_ITEM('') );
#1279 = CARTESIAN_POINT('',(-42.8,-2.676653712817E-15));
#1280 = CARTESIAN_POINT('',(-42.8,74.131774563948));
#1281 = CARTESIAN_POINT('',(21.4,37.065887281974));
#1282 = CARTESIAN_POINT('',(85.6,4.71347537721E-15));
#1283 = CARTESIAN_POINT('',(21.4,-37.06588728197));
#1284 = CARTESIAN_POINT('',(-42.8,-74.13177456394));
#1285 = CARTESIAN_POINT('',(-42.8,-2.676653712817E-15));
#1286 = ( GEOMETRIC_REPRESENTATION_CONTEXT(2) 
PARAMETRIC_REPRESENTATION_CONTEXT() REPRESENTATION_CONTEXT('2D SPACE',''
  ) );
#1287 = PCURVE('',#1129,#1288);
#1288 = DEFINITIONAL_REPRESENTATION('',(#1289),#1293);
#1289 = LINE('',#1290,#1291);
#1290 = CARTESIAN_POINT('',(0.,0.));
#1291 = VECTOR('',#1292,1.);
#1292 = DIRECTION('',(1.,0.));
#1293 = ( GEOMETRIC_REPRESENTATION_CONTEXT(2) 
PARAMETRIC_REPRESENTATION_CONTEXT() REPRESENTATION_CONTEXT('2D SPACE',''
  ) );
#1294 = ADVANCED_FACE('',(#1295),#139,.F.);
#1295 = FACE_BOUND('',#1296,.T.);
#1296 = EDGE_LOOP('',(#1297,#1320,#1353,#1382,#1415,#1444,#1472,#1501,
    #1529,#1550));
#1297 = ORIENTED_EDGE('',*,*,#1298,.T.);
#1298 = EDGE_CURVE('',#121,#1299,#1301,.T.);
#1299 = VERTEX_POINT('',#1300);
#1300 = CARTESIAN_POINT('',(-26.61473670974,11.901923788647,2.));
#1301 = SURFACE_CURVE('',#1302,(#1306,#1313),.PCURVE_S1.);
#1302 = LINE('',#1303,#1304);
#1303 = CARTESIAN_POINT('',(-26.61473670974,11.901923788647,0.));
#1304 = VECTOR('',#1305,1.);
#1305 = DIRECTION('',(-0.,-0.,1.));
#1306 = PCURVE('',#139,#1307);
#1307 = DEFINITIONAL_REPRESENTATION('',(#1308),#1312);
#1308 = LINE('',#1309,#1310);
#1309 = CARTESIAN_POINT('',(-0.,0.));
#1310 = VECTOR('',#1311,1.);
#1311 = DIRECTION('',(-0.,-1.));
#1312 = ( GEOMETRIC_REPRESENTATION_CONTEXT(2) 
PARAMETRIC_REPRESENTATION_CONTEXT() REPRESENTATION_CONTEXT('2D SPACE',''
  ) );
#1313 = PCURVE('',#222,#1314);
#1314 = DEFINITIONAL_REPRESENTATION('',(#1315),#1319);
#1315 = LINE('',#1316,#1317);
#1316 = CARTESIAN_POINT('',(-12.25,0.));
#1317 = VECTOR('',#1318,1.);
#1318 = DIRECTION('',(-0.,-1.));
#1319 = ( GEOMETRIC_REPRESENTATION_CONTEXT(2) 
PARAMETRIC_REPRESENTATION_CONTEXT() REPRESENTATION_CONTEXT('2D SPACE',''
  ) );
#1320 = ORIENTED_EDGE('',*,*,#1321,.T.);
#1321 = EDGE_CURVE('',#1299,#1322,#1324,.T.);
#1322 = VERTEX_POINT('',#1323);
#1323 = CARTESIAN_POINT('',(-26.38142988728,11.780535274362,2.));
#1324 = SURFACE_CURVE('',#1325,(#1330,#1337),.PCURVE_S1.);
#1325 = CIRCLE('',#1326,3.);
#1326 = AXIS2_PLACEMENT_3D('',#1327,#1328,#1329);
#1327 = CARTESIAN_POINT('',(-25.11473670974,14.5,2.));
#1328 = DIRECTION('',(0.,-0.,1.));
#1329 = DIRECTION('',(-0.5,-0.866025403784,-0.));
#1330 = PCURVE('',#139,#1331);
#1331 = DEFINITIONAL_REPRESENTATION('',(#1332),#1336);
#1332 = LINE('',#1333,#1334);
#1333 = CARTESIAN_POINT('',(-0.,-2.));
#1334 = VECTOR('',#1335,1.);
#1335 = DIRECTION('',(-1.,0.));
#1336 = ( GEOMETRIC_REPRESENTATION_CONTEXT(2) 
PARAMETRIC_REPRESENTATION_CONTEXT() REPRESENTATION_CONTEXT('2D SPACE',''
  ) );
#1337 = PCURVE('',#1338,#1343);
#1338 = PLANE('',#1339);
#1339 = AXIS2_PLACEMENT_3D('',#1340,#1341,#1342);
#1340 = CARTESIAN_POINT('',(-30.41914230792,17.5625,2.));
#1341 = DIRECTION('',(-0.,-0.,-1.));
#1342 = DIRECTION('',(-0.866025403784,0.5,0.));
#1343 = DEFINITIONAL_REPRESENTATION('',(#1344),#1352);
#1344 = ( BOUNDED_CURVE() B_SPLINE_CURVE(2,(#1345,#1346,#1347,#1348,
#1349,#1350,#1351),.UNSPECIFIED.,.T.,.F.) B_SPLINE_CURVE_WITH_KNOTS((1,2
    ,2,2,2,1),(-2.094395102393,0.,2.094395102393,4.188790204786,
6.28318530718,8.377580409573),.UNSPECIFIED.) CURVE() 
GEOMETRIC_REPRESENTATION_ITEM() RATIONAL_B_SPLINE_CURVE((1.,0.5,1.,0.5,
1.,0.5,1.)) REPRESENTATION_ITEM('') );
#1345 = CARTESIAN_POINT('',(-6.125,-3.));
#1346 = CARTESIAN_POINT('',(-11.3211524227,-3.));
#1347 = CARTESIAN_POINT('',(-8.723076211353,1.5));
#1348 = CARTESIAN_POINT('',(-6.125,6.));
#1349 = CARTESIAN_POINT('',(-3.526923788647,1.5));
#1350 = CARTESIAN_POINT('',(-0.928847577293,-3.));
#1351 = CARTESIAN_POINT('',(-6.125,-3.));
#1352 = ( GEOMETRIC_REPRESENTATION_CONTEXT(2) 
PARAMETRIC_REPRESENTATION_CONTEXT() REPRESENTATION_CONTEXT('2D SPACE',''
  ) );
#1353 = ORIENTED_EDGE('',*,*,#1354,.T.);
#1354 = EDGE_CURVE('',#1322,#1355,#1357,.T.);
#1355 = VERTEX_POINT('',#1356);
#1356 = CARTESIAN_POINT('',(-24.97538122767,11.503238406277,2.));
#1357 = SURFACE_CURVE('',#1358,(#1363,#1370),.PCURVE_S1.);
#1358 = CIRCLE('',#1359,3.);
#1359 = AXIS2_PLACEMENT_3D('',#1360,#1361,#1362);
#1360 = CARTESIAN_POINT('',(-25.11473670974,14.5,2.));
#1361 = DIRECTION('',(0.,-0.,1.));
#1362 = DIRECTION('',(-0.5,-0.866025403784,-0.));
#1363 = PCURVE('',#139,#1364);
#1364 = DEFINITIONAL_REPRESENTATION('',(#1365),#1369);
#1365 = LINE('',#1366,#1367);
#1366 = CARTESIAN_POINT('',(-0.,-2.));
#1367 = VECTOR('',#1368,1.);
#1368 = DIRECTION('',(-1.,0.));
#1369 = ( GEOMETRIC_REPRESENTATION_CONTEXT(2) 
PARAMETRIC_REPRESENTATION_CONTEXT() REPRESENTATION_CONTEXT('2D SPACE',''
  ) );
#1370 = PCURVE('',#1371,#1376);
#1371 = PLANE('',#1372);
#1372 = AXIS2_PLACEMENT_3D('',#1373,#1374,#1375);
#1373 = CARTESIAN_POINT('',(-2.808005405856E-15,-3.707602883041E-15,2.)
  );
#1374 = DIRECTION('',(-0.,-0.,1.));
#1375 = DIRECTION('',(-1.,0.,0.));
#1376 = DEFINITIONAL_REPRESENTATION('',(#1377),#1381);
#1377 = CIRCLE('',#1378,3.);
#1378 = AXIS2_PLACEMENT_2D('',#1379,#1380);
#1379 = CARTESIAN_POINT('',(25.114736709749,-14.5));
#1380 = DIRECTION('',(0.5,0.866025403784));
#1381 = ( GEOMETRIC_REPRESENTATION_CONTEXT(2) 
PARAMETRIC_REPRESENTATION_CONTEXT() REPRESENTATION_CONTEXT('2D SPACE',''
  ) );
#1382 = ORIENTED_EDGE('',*,*,#1383,.T.);
#1383 = EDGE_CURVE('',#1355,#1384,#1386,.T.);
#1384 = VERTEX_POINT('',#1385);
#1385 = CARTESIAN_POINT('',(-24.00106683277,11.71436911901,2.));
#1386 = SURFACE_CURVE('',#1387,(#1392,#1399),.PCURVE_S1.);
#1387 = CIRCLE('',#1388,3.);
#1388 = AXIS2_PLACEMENT_3D('',#1389,#1390,#1391);
#1389 = CARTESIAN_POINT('',(-25.11473670974,14.5,2.));
#1390 = DIRECTION('',(0.,-0.,1.));
#1391 = DIRECTION('',(-0.5,-0.866025403784,-0.));
#1392 = PCURVE('',#139,#1393);
#1393 = DEFINITIONAL_REPRESENTATION('',(#1394),#1398);
#1394 = LINE('',#1395,#1396);
#1395 = CARTESIAN_POINT('',(-0.,-2.));
#1396 = VECTOR('',#1397,1.);
#1397 = DIRECTION('',(-1.,0.));
#1398 = ( GEOMETRIC_REPRESENTATION_CONTEXT(2) 
PARAMETRIC_REPRESENTATION_CONTEXT() REPRESENTATION_CONTEXT('2D SPACE',''
  ) );
#1399 = PCURVE('',#1400,#1405);
#1400 = PLANE('',#1401);
#1401 = AXIS2_PLACEMENT_3D('',#1402,#1403,#1404);
#1402 = CARTESIAN_POINT('',(-30.41914230792,17.5625,2.));
#1403 = DIRECTION('',(-0.,-0.,-1.));
#1404 = DIRECTION('',(-0.866025403784,0.5,0.));
#1405 = DEFINITIONAL_REPRESENTATION('',(#1406),#1414);
#1406 = ( BOUNDED_CURVE() B_SPLINE_CURVE(2,(#1407,#1408,#1409,#1410,
#1411,#1412,#1413),.UNSPECIFIED.,.T.,.F.) B_SPLINE_CURVE_WITH_KNOTS((1,2
    ,2,2,2,1),(-2.094395102393,0.,2.094395102393,4.188790204786,
6.28318530718,8.377580409573),.UNSPECIFIED.) CURVE() 
GEOMETRIC_REPRESENTATION_ITEM() RATIONAL_B_SPLINE_CURVE((1.,0.5,1.,0.5,
1.,0.5,1.)) REPRESENTATION_ITEM('') );
#1407 = CARTESIAN_POINT('',(-6.125,-3.));
#1408 = CARTESIAN_POINT('',(-11.3211524227,-3.));
#1409 = CARTESIAN_POINT('',(-8.723076211353,1.5));
#1410 = CARTESIAN_POINT('',(-6.125,6.));
#1411 = CARTESIAN_POINT('',(-3.526923788647,1.5));
#1412 = CARTESIAN_POINT('',(-0.928847577293,-3.));
#1413 = CARTESIAN_POINT('',(-6.125,-3.));
#1414 = ( GEOMETRIC_REPRESENTATION_CONTEXT(2) 
PARAMETRIC_REPRESENTATION_CONTEXT() REPRESENTATION_CONTEXT('2D SPACE',''
  ) );
#1415 = ORIENTED_EDGE('',*,*,#1416,.T.);
#1416 = EDGE_CURVE('',#1384,#1417,#1419,.T.);
#1417 = VERTEX_POINT('',#1418);
#1418 = CARTESIAN_POINT('',(-22.16320197968,15.037068652246,2.));
#1419 = SURFACE_CURVE('',#1420,(#1425,#1432),.PCURVE_S1.);
#1420 = CIRCLE('',#1421,3.);
#1421 = AXIS2_PLACEMENT_3D('',#1422,#1423,#1424);
#1422 = CARTESIAN_POINT('',(-25.11473670974,14.5,2.));
#1423 = DIRECTION('',(0.,-0.,1.));
#1424 = DIRECTION('',(-0.5,-0.866025403784,-0.));
#1425 = PCURVE('',#139,#1426);
#1426 = DEFINITIONAL_REPRESENTATION('',(#1427),#1431);
#1427 = LINE('',#1428,#1429);
#1428 = CARTESIAN_POINT('',(-0.,-2.));
#1429 = VECTOR('',#1430,1.);
#1430 = DIRECTION('',(-1.,0.));
#1431 = ( GEOMETRIC_REPRESENTATION_CONTEXT(2) 
PARAMETRIC_REPRESENTATION_CONTEXT() REPRESENTATION_CONTEXT('2D SPACE',''
  ) );
#1432 = PCURVE('',#1433,#1438);
#1433 = PLANE('',#1434);
#1434 = AXIS2_PLACEMENT_3D('',#1435,#1436,#1437);
#1435 = CARTESIAN_POINT('',(-2.808005405856E-15,-3.707602883041E-15,2.)
  );
#1436 = DIRECTION('',(-0.,-0.,1.));
#1437 = DIRECTION('',(-1.,0.,0.));
#1438 = DEFINITIONAL_REPRESENTATION('',(#1439),#1443);
#1439 = CIRCLE('',#1440,3.);
#1440 = AXIS2_PLACEMENT_2D('',#1441,#1442);
#1441 = CARTESIAN_POINT('',(25.114736709749,-14.5));
#1442 = DIRECTION('',(0.5,0.866025403784));
#1443 = ( GEOMETRIC_REPRESENTATION_CONTEXT(2) 
PARAMETRIC_REPRESENTATION_CONTEXT() REPRESENTATION_CONTEXT('2D SPACE',''
  ) );
#1444 = ORIENTED_EDGE('',*,*,#1445,.T.);
#1445 = EDGE_CURVE('',#1417,#1446,#1448,.T.);
#1446 = VERTEX_POINT('',#1447);
#1447 = CARTESIAN_POINT('',(-22.50216214114,15.974603039294,2.));
#1448 = SURFACE_CURVE('',#1449,(#1454,#1461),.PCURVE_S1.);
#1449 = CIRCLE('',#1450,3.);
#1450 = AXIS2_PLACEMENT_3D('',#1451,#1452,#1453);
#1451 = CARTESIAN_POINT('',(-25.11473670974,14.5,2.));
#1452 = DIRECTION('',(0.,-0.,1.));
#1453 = DIRECTION('',(-0.5,-0.866025403784,-0.));
#1454 = PCURVE('',#139,#1455);
#1455 = DEFINITIONAL_REPRESENTATION('',(#1456),#1460);
#1456 = LINE('',#1457,#1458);
#1457 = CARTESIAN_POINT('',(-0.,-2.));
#1458 = VECTOR('',#1459,1.);
#1459 = DIRECTION('',(-1.,0.));
#1460 = ( GEOMETRIC_REPRESENTATION_CONTEXT(2) 
PARAMETRIC_REPRESENTATION_CONTEXT() REPRESENTATION_CONTEXT('2D SPACE',''
  ) );
#1461 = PCURVE('',#1400,#1462);
#1462 = DEFINITIONAL_REPRESENTATION('',(#1463),#1471);
#1463 = ( BOUNDED_CURVE() B_SPLINE_CURVE(2,(#1464,#1465,#1466,#1467,
#1468,#1469,#1470),.UNSPECIFIED.,.T.,.F.) B_SPLINE_CURVE_WITH_KNOTS((1,2
    ,2,2,2,1),(-2.094395102393,0.,2.094395102393,4.188790204786,
6.28318530718,8.377580409573),.UNSPECIFIED.) CURVE() 
GEOMETRIC_REPRESENTATION_ITEM() RATIONAL_B_SPLINE_CURVE((1.,0.5,1.,0.5,
1.,0.5,1.)) REPRESENTATION_ITEM('') );
#1464 = CARTESIAN_POINT('',(-6.125,-3.));
#1465 = CARTESIAN_POINT('',(-11.3211524227,-3.));
#1466 = CARTESIAN_POINT('',(-8.723076211353,1.5));
#1467 = CARTESIAN_POINT('',(-6.125,6.));
#1468 = CARTESIAN_POINT('',(-3.526923788647,1.5));
#1469 = CARTESIAN_POINT('',(-0.928847577293,-3.));
#1470 = CARTESIAN_POINT('',(-6.125,-3.));
#1471 = ( GEOMETRIC_REPRESENTATION_CONTEXT(2) 
PARAMETRIC_REPRESENTATION_CONTEXT() REPRESENTATION_CONTEXT('2D SPACE',''
  ) );
#1472 = ORIENTED_EDGE('',*,*,#1473,.T.);
#1473 = EDGE_CURVE('',#1446,#1474,#1476,.T.);
#1474 = VERTEX_POINT('',#1475);
#1475 = CARTESIAN_POINT('',(-23.48431027263,17.018275130549,2.));
#1476 = SURFACE_CURVE('',#1477,(#1482,#1489),.PCURVE_S1.);
#1477 = CIRCLE('',#1478,3.);
#1478 = AXIS2_PLACEMENT_3D('',#1479,#1480,#1481);
#1479 = CARTESIAN_POINT('',(-25.11473670974,14.5,2.));
#1480 = DIRECTION('',(0.,-0.,1.));
#1481 = DIRECTION('',(-0.5,-0.866025403784,-0.));
#1482 = PCURVE('',#139,#1483);
#1483 = DEFINITIONAL_REPRESENTATION('',(#1484),#1488);
#1484 = LINE('',#1485,#1486);
#1485 = CARTESIAN_POINT('',(-0.,-2.));
#1486 = VECTOR('',#1487,1.);
#1487 = DIRECTION('',(-1.,0.));
#1488 = ( GEOMETRIC_REPRESENTATION_CONTEXT(2) 
PARAMETRIC_REPRESENTATION_CONTEXT() REPRESENTATION_CONTEXT('2D SPACE',''
  ) );
#1489 = PCURVE('',#1490,#1495);
#1490 = PLANE('',#1491);
#1491 = AXIS2_PLACEMENT_3D('',#1492,#1493,#1494);
#1492 = CARTESIAN_POINT('',(-2.808005405856E-15,-3.707602883041E-15,2.)
  );
#1493 = DIRECTION('',(-0.,-0.,1.));
#1494 = DIRECTION('',(-1.,0.,0.));
#1495 = DEFINITIONAL_REPRESENTATION('',(#1496),#1500);
#1496 = CIRCLE('',#1497,3.);
#1497 = AXIS2_PLACEMENT_2D('',#1498,#1499);
#1498 = CARTESIAN_POINT('',(25.114736709749,-14.5));
#1499 = DIRECTION('',(0.5,0.866025403784));
#1500 = ( GEOMETRIC_REPRESENTATION_CONTEXT(2) 
PARAMETRIC_REPRESENTATION_CONTEXT() REPRESENTATION_CONTEXT('2D SPACE',''
  ) );
#1501 = ORIENTED_EDGE('',*,*,#1502,.T.);
#1502 = EDGE_CURVE('',#1474,#1503,#1505,.T.);
#1503 = VERTEX_POINT('',#1504);
#1504 = CARTESIAN_POINT('',(-23.61473670974,17.098076211353,2.));
#1505 = SURFACE_CURVE('',#1506,(#1511,#1518),.PCURVE_S1.);
#1506 = CIRCLE('',#1507,3.);
#1507 = AXIS2_PLACEMENT_3D('',#1508,#1509,#1510);
#1508 = CARTESIAN_POINT('',(-25.11473670974,14.5,2.));
#1509 = DIRECTION('',(0.,-0.,1.));
#1510 = DIRECTION('',(-0.5,-0.866025403784,-0.));
#1511 = PCURVE('',#139,#1512);
#1512 = DEFINITIONAL_REPRESENTATION('',(#1513),#1517);
#1513 = LINE('',#1514,#1515);
#1514 = CARTESIAN_POINT('',(-0.,-2.));
#1515 = VECTOR('',#1516,1.);
#1516 = DIRECTION('',(-1.,0.));
#1517 = ( GEOMETRIC_REPRESENTATION_CONTEXT(2) 
PARAMETRIC_REPRESENTATION_CONTEXT() REPRESENTATION_CONTEXT('2D SPACE',''
  ) );
#1518 = PCURVE('',#1338,#1519);
#1519 = DEFINITIONAL_REPRESENTATION('',(#1520),#1528);
#1520 = ( BOUNDED_CURVE() B_SPLINE_CURVE(2,(#1521,#1522,#1523,#1524,
#1525,#1526,#1527),.UNSPECIFIED.,.T.,.F.) B_SPLINE_CURVE_WITH_KNOTS((1,2
    ,2,2,2,1),(-2.094395102393,0.,2.094395102393,4.188790204786,
6.28318530718,8.377580409573),.UNSPECIFIED.) CURVE() 
GEOMETRIC_REPRESENTATION_ITEM() RATIONAL_B_SPLINE_CURVE((1.,0.5,1.,0.5,
1.,0.5,1.)) REPRESENTATION_ITEM('') );
#1521 = CARTESIAN_POINT('',(-6.125,-3.));
#1522 = CARTESIAN_POINT('',(-11.3211524227,-3.));
#1523 = CARTESIAN_POINT('',(-8.723076211353,1.5));
#1524 = CARTESIAN_POINT('',(-6.125,6.));
#1525 = CARTESIAN_POINT('',(-3.526923788647,1.5));
#1526 = CARTESIAN_POINT('',(-0.928847577293,-3.));
#1527 = CARTESIAN_POINT('',(-6.125,-3.));
#1528 = ( GEOMETRIC_REPRESENTATION_CONTEXT(2) 
PARAMETRIC_REPRESENTATION_CONTEXT() REPRESENTATION_CONTEXT('2D SPACE',''
  ) );
#1529 = ORIENTED_EDGE('',*,*,#1530,.F.);
#1530 = EDGE_CURVE('',#123,#1503,#1531,.T.);
#1531 = SURFACE_CURVE('',#1532,(#1536,#1543),.PCURVE_S1.);
#1532 = LINE('',#1533,#1534);
#1533 = CARTESIAN_POINT('',(-23.61473670974,17.098076211353,0.));
#1534 = VECTOR('',#1535,1.);
#1535 = DIRECTION('',(-0.,-0.,1.));
#1536 = PCURVE('',#139,#1537);
#1537 = DEFINITIONAL_REPRESENTATION('',(#1538),#1542);
#1538 = LINE('',#1539,#1540);
#1539 = CARTESIAN_POINT('',(-3.14159265359,0.));
#1540 = VECTOR('',#1541,1.);
#1541 = DIRECTION('',(-0.,-1.));
#1542 = ( GEOMETRIC_REPRESENTATION_CONTEXT(2) 
PARAMETRIC_REPRESENTATION_CONTEXT() REPRESENTATION_CONTEXT('2D SPACE',''
  ) );
#1543 = PCURVE('',#167,#1544);
#1544 = DEFINITIONAL_REPRESENTATION('',(#1545),#1549);
#1545 = LINE('',#1546,#1547);
#1546 = CARTESIAN_POINT('',(-0.,0.));
#1547 = VECTOR('',#1548,1.);
#1548 = DIRECTION('',(-0.,-1.));
#1549 = ( GEOMETRIC_REPRESENTATION_CONTEXT(2) 
PARAMETRIC_REPRESENTATION_CONTEXT() REPRESENTATION_CONTEXT('2D SPACE',''
  ) );
#1550 = ORIENTED_EDGE('',*,*,#120,.F.);
#1551 = ADVANCED_FACE('',(#1552),#222,.F.);
#1552 = FACE_BOUND('',#1553,.T.);
#1553 = EDGE_LOOP('',(#1554,#1577,#1605,#1633,#1661,#1689,#1717,#1745,
    #1773,#1801,#1829,#1857,#1885,#1906,#1907));
#1554 = ORIENTED_EDGE('',*,*,#1555,.T.);
#1555 = EDGE_CURVE('',#180,#1556,#1558,.T.);
#1556 = VERTEX_POINT('',#1557);
#1557 = CARTESIAN_POINT('',(-37.2235479061,18.026923788647,2.));
#1558 = SURFACE_CURVE('',#1559,(#1563,#1570),.PCURVE_S1.);
#1559 = LINE('',#1560,#1561);
#1560 = CARTESIAN_POINT('',(-37.2235479061,18.026923788647,0.));
#1561 = VECTOR('',#1562,1.);
#1562 = DIRECTION('',(-0.,-0.,1.));
#1563 = PCURVE('',#222,#1564);
#1564 = DEFINITIONAL_REPRESENTATION('',(#1565),#1569);
#1565 = LINE('',#1566,#1567);
#1566 = CARTESIAN_POINT('',(-0.,-0.));
#1567 = VECTOR('',#1568,1.);
#1568 = DIRECTION('',(-0.,-1.));
#1569 = ( GEOMETRIC_REPRESENTATION_CONTEXT(2) 
PARAMETRIC_REPRESENTATION_CONTEXT() REPRESENTATION_CONTEXT('2D SPACE',''
  ) );
#1570 = PCURVE('',#196,#1571);
#1571 = DEFINITIONAL_REPRESENTATION('',(#1572),#1576);
#1572 = LINE('',#1573,#1574);
#1573 = CARTESIAN_POINT('',(-3.14159265359,0.));
#1574 = VECTOR('',#1575,1.);
#1575 = DIRECTION('',(-0.,-1.));
#1576 = ( GEOMETRIC_REPRESENTATION_CONTEXT(2) 
PARAMETRIC_REPRESENTATION_CONTEXT() REPRESENTATION_CONTEXT('2D SPACE',''
  ) );
#1577 = ORIENTED_EDGE('',*,*,#1578,.T.);
#1578 = EDGE_CURVE('',#1556,#1579,#1581,.T.);
#1579 = VERTEX_POINT('',#1580);
#1580 = CARTESIAN_POINT('',(-36.6571570365,17.699917867618,2.));
#1581 = SURFACE_CURVE('',#1582,(#1586,#1593),.PCURVE_S1.);
#1582 = LINE('',#1583,#1584);
#1583 = CARTESIAN_POINT('',(-37.2235479061,18.026923788647,2.));
#1584 = VECTOR('',#1585,1.);
#1585 = DIRECTION('',(0.866025403784,-0.5,-0.));
#1586 = PCURVE('',#222,#1587);
#1587 = DEFINITIONAL_REPRESENTATION('',(#1588),#1592);
#1588 = LINE('',#1589,#1590);
#1589 = CARTESIAN_POINT('',(-0.,-2.));
#1590 = VECTOR('',#1591,1.);
#1591 = DIRECTION('',(-1.,0.));
#1592 = ( GEOMETRIC_REPRESENTATION_CONTEXT(2) 
PARAMETRIC_REPRESENTATION_CONTEXT() REPRESENTATION_CONTEXT('2D SPACE',''
  ) );
#1593 = PCURVE('',#1594,#1599);
#1594 = PLANE('',#1595);
#1595 = AXIS2_PLACEMENT_3D('',#1596,#1597,#1598);
#1596 = CARTESIAN_POINT('',(-2.808005405856E-15,-3.707602883041E-15,2.)
  );
#1597 = DIRECTION('',(-0.,-0.,1.));
#1598 = DIRECTION('',(-1.,0.,0.));
#1599 = DEFINITIONAL_REPRESENTATION('',(#1600),#1604);
#1600 = LINE('',#1601,#1602);
#1601 = CARTESIAN_POINT('',(37.223547906108,-18.02692378864));
#1602 = VECTOR('',#1603,1.);
#1603 = DIRECTION('',(-0.866025403784,0.5));
#1604 = ( GEOMETRIC_REPRESENTATION_CONTEXT(2) 
PARAMETRIC_REPRESENTATION_CONTEXT() REPRESENTATION_CONTEXT('2D SPACE',''
  ) );
#1605 = ORIENTED_EDGE('',*,*,#1606,.T.);
#1606 = EDGE_CURVE('',#1579,#1607,#1609,.T.);
#1607 = VERTEX_POINT('',#1608);
#1608 = CARTESIAN_POINT('',(-35.96176274468,17.298431786043,2.));
#1609 = SURFACE_CURVE('',#1610,(#1614,#1621),.PCURVE_S1.);
#1610 = LINE('',#1611,#1612);
#1611 = CARTESIAN_POINT('',(-37.2235479061,18.026923788647,2.));
#1612 = VECTOR('',#1613,1.);
#1613 = DIRECTION('',(0.866025403784,-0.5,-0.));
#1614 = PCURVE('',#222,#1615);
#1615 = DEFINITIONAL_REPRESENTATION('',(#1616),#1620);
#1616 = LINE('',#1617,#1618);
#1617 = CARTESIAN_POINT('',(-0.,-2.));
#1618 = VECTOR('',#1619,1.);
#1619 = DIRECTION('',(-1.,0.));
#1620 = ( GEOMETRIC_REPRESENTATION_CONTEXT(2) 
PARAMETRIC_REPRESENTATION_CONTEXT() REPRESENTATION_CONTEXT('2D SPACE',''
  ) );
#1621 = PCURVE('',#1622,#1627);
#1622 = PLANE('',#1623);
#1623 = AXIS2_PLACEMENT_3D('',#1624,#1625,#1626);
#1624 = CARTESIAN_POINT('',(-30.41914230792,17.5625,2.));
#1625 = DIRECTION('',(-0.,-0.,-1.));
#1626 = DIRECTION('',(-0.866025403784,0.5,0.));
#1627 = DEFINITIONAL_REPRESENTATION('',(#1628),#1632);
#1628 = LINE('',#1629,#1630);
#1629 = CARTESIAN_POINT('',(6.125,-3.));
#1630 = VECTOR('',#1631,1.);
#1631 = DIRECTION('',(-1.,0.));
#1632 = ( GEOMETRIC_REPRESENTATION_CONTEXT(2) 
PARAMETRIC_REPRESENTATION_CONTEXT() REPRESENTATION_CONTEXT('2D SPACE',''
  ) );
#1633 = ORIENTED_EDGE('',*,*,#1634,.T.);
#1634 = EDGE_CURVE('',#1607,#1635,#1637,.T.);
#1635 = VERTEX_POINT('',#1636);
#1636 = CARTESIAN_POINT('',(-34.74457036711,16.595685439197,2.));
#1637 = SURFACE_CURVE('',#1638,(#1642,#1649),.PCURVE_S1.);
#1638 = LINE('',#1639,#1640);
#1639 = CARTESIAN_POINT('',(-37.2235479061,18.026923788647,2.));
#1640 = VECTOR('',#1641,1.);
#1641 = DIRECTION('',(0.866025403784,-0.5,-0.));
#1642 = PCURVE('',#222,#1643);
#1643 = DEFINITIONAL_REPRESENTATION('',(#1644),#1648);
#1644 = LINE('',#1645,#1646);
#1645 = CARTESIAN_POINT('',(-0.,-2.));
#1646 = VECTOR('',#1647,1.);
#1647 = DIRECTION('',(-1.,0.));
#1648 = ( GEOMETRIC_REPRESENTATION_CONTEXT(2) 
PARAMETRIC_REPRESENTATION_CONTEXT() REPRESENTATION_CONTEXT('2D SPACE',''
  ) );
#1649 = PCURVE('',#1650,#1655);
#1650 = PLANE('',#1651);
#1651 = AXIS2_PLACEMENT_3D('',#1652,#1653,#1654);
#1652 = CARTESIAN_POINT('',(-2.808005405856E-15,-3.707602883041E-15,2.)
  );
#1653 = DIRECTION('',(-0.,-0.,1.));
#1654 = DIRECTION('',(-1.,0.,0.));
#1655 = DEFINITIONAL_REPRESENTATION('',(#1656),#1660);
#1656 = LINE('',#1657,#1658);
#1657 = CARTESIAN_POINT('',(37.223547906108,-18.02692378864));
#1658 = VECTOR('',#1659,1.);
#1659 = DIRECTION('',(-0.866025403784,0.5));
#1660 = ( GEOMETRIC_REPRESENTATION_CONTEXT(2) 
PARAMETRIC_REPRESENTATION_CONTEXT() REPRESENTATION_CONTEXT('2D SPACE',''
  ) );
#1661 = ORIENTED_EDGE('',*,*,#1662,.T.);
#1662 = EDGE_CURVE('',#1635,#1663,#1665,.T.);
#1663 = VERTEX_POINT('',#1664);
#1664 = CARTESIAN_POINT('',(-34.04887638558,16.194026331682,2.));
#1665 = SURFACE_CURVE('',#1666,(#1670,#1677),.PCURVE_S1.);
#1666 = LINE('',#1667,#1668);
#1667 = CARTESIAN_POINT('',(-37.2235479061,18.026923788647,2.));
#1668 = VECTOR('',#1669,1.);
#1669 = DIRECTION('',(0.866025403784,-0.5,-0.));
#1670 = PCURVE('',#222,#1671);
#1671 = DEFINITIONAL_REPRESENTATION('',(#1672),#1676);
#1672 = LINE('',#1673,#1674);
#1673 = CARTESIAN_POINT('',(-0.,-2.));
#1674 = VECTOR('',#1675,1.);
#1675 = DIRECTION('',(-1.,0.));
#1676 = ( GEOMETRIC_REPRESENTATION_CONTEXT(2) 
PARAMETRIC_REPRESENTATION_CONTEXT() REPRESENTATION_CONTEXT('2D SPACE',''
  ) );
#1677 = PCURVE('',#1678,#1683);
#1678 = PLANE('',#1679);
#1679 = AXIS2_PLACEMENT_3D('',#1680,#1681,#1682);
#1680 = CARTESIAN_POINT('',(-30.41914230792,17.5625,2.));
#1681 = DIRECTION('',(-0.,-0.,-1.));
#1682 = DIRECTION('',(-0.866025403784,0.5,0.));
#1683 = DEFINITIONAL_REPRESENTATION('',(#1684),#1688);
#1684 = LINE('',#1685,#1686);
#1685 = CARTESIAN_POINT('',(6.125,-3.));
#1686 = VECTOR('',#1687,1.);
#1687 = DIRECTION('',(-1.,0.));
#1688 = ( GEOMETRIC_REPRESENTATION_CONTEXT(2) 
PARAMETRIC_REPRESENTATION_CONTEXT() REPRESENTATION_CONTEXT('2D SPACE',''
  ) );
#1689 = ORIENTED_EDGE('',*,*,#1690,.T.);
#1690 = EDGE_CURVE('',#1663,#1691,#1693,.T.);
#1691 = VERTEX_POINT('',#1692);
#1692 = CARTESIAN_POINT('',(-32.8311133379,15.490950508295,2.));
#1693 = SURFACE_CURVE('',#1694,(#1698,#1705),.PCURVE_S1.);
#1694 = LINE('',#1695,#1696);
#1695 = CARTESIAN_POINT('',(-37.2235479061,18.026923788647,2.));
#1696 = VECTOR('',#1697,1.);
#1697 = DIRECTION('',(0.866025403784,-0.5,-0.));
#1698 = PCURVE('',#222,#1699);
#1699 = DEFINITIONAL_REPRESENTATION('',(#1700),#1704);
#1700 = LINE('',#1701,#1702);
#1701 = CARTESIAN_POINT('',(-0.,-2.));
#1702 = VECTOR('',#1703,1.);
#1703 = DIRECTION('',(-1.,0.));
#1704 = ( GEOMETRIC_REPRESENTATION_CONTEXT(2) 
PARAMETRIC_REPRESENTATION_CONTEXT() REPRESENTATION_CONTEXT('2D SPACE',''
  ) );
#1705 = PCURVE('',#1706,#1711);
#1706 = PLANE('',#1707);
#1707 = AXIS2_PLACEMENT_3D('',#1708,#1709,#1710);
#1708 = CARTESIAN_POINT('',(-2.808005405856E-15,-3.707602883041E-15,2.)
  );
#1709 = DIRECTION('',(-0.,-0.,1.));
#1710 = DIRECTION('',(-1.,0.,0.));
#1711 = DEFINITIONAL_REPRESENTATION('',(#1712),#1716);
#1712 = LINE('',#1713,#1714);
#1713 = CARTESIAN_POINT('',(37.223547906108,-18.02692378864));
#1714 = VECTOR('',#1715,1.);
#1715 = DIRECTION('',(-0.866025403784,0.5));
#1716 = ( GEOMETRIC_REPRESENTATION_CONTEXT(2) 
PARAMETRIC_REPRESENTATION_CONTEXT() REPRESENTATION_CONTEXT('2D SPACE',''
  ) );
#1717 = ORIENTED_EDGE('',*,*,#1718,.T.);
#1718 = EDGE_CURVE('',#1691,#1719,#1721,.T.);
#1719 = VERTEX_POINT('',#1720);
#1720 = CARTESIAN_POINT('',(-32.13506397005,15.089086218399,2.));
#1721 = SURFACE_CURVE('',#1722,(#1726,#1733),.PCURVE_S1.);
#1722 = LINE('',#1723,#1724);
#1723 = CARTESIAN_POINT('',(-37.2235479061,18.026923788647,2.));
#1724 = VECTOR('',#1725,1.);
#1725 = DIRECTION('',(0.866025403784,-0.5,-0.));
#1726 = PCURVE('',#222,#1727);
#1727 = DEFINITIONAL_REPRESENTATION('',(#1728),#1732);
#1728 = LINE('',#1729,#1730);
#1729 = CARTESIAN_POINT('',(-0.,-2.));
#1730 = VECTOR('',#1731,1.);
#1731 = DIRECTION('',(-1.,0.));
#1732 = ( GEOMETRIC_REPRESENTATION_CONTEXT(2) 
PARAMETRIC_REPRESENTATION_CONTEXT() REPRESENTATION_CONTEXT('2D SPACE',''
  ) );
#1733 = PCURVE('',#1734,#1739);
#1734 = PLANE('',#1735);
#1735 = AXIS2_PLACEMENT_3D('',#1736,#1737,#1738);
#1736 = CARTESIAN_POINT('',(-30.41914230792,17.5625,2.));
#1737 = DIRECTION('',(-0.,-0.,-1.));
#1738 = DIRECTION('',(-0.866025403784,0.5,0.));
#1739 = DEFINITIONAL_REPRESENTATION('',(#1740),#1744);
#1740 = LINE('',#1741,#1742);
#1741 = CARTESIAN_POINT('',(6.125,-3.));
#1742 = VECTOR('',#1743,1.);
#1743 = DIRECTION('',(-1.,0.));
#1744 = ( GEOMETRIC_REPRESENTATION_CONTEXT(2) 
PARAMETRIC_REPRESENTATION_CONTEXT() REPRESENTATION_CONTEXT('2D SPACE',''
  ) );
#1745 = ORIENTED_EDGE('',*,*,#1746,.T.);
#1746 = EDGE_CURVE('',#1719,#1747,#1749,.T.);
#1747 = VERTEX_POINT('',#1748);
#1748 = CARTESIAN_POINT('',(-30.91662074029,14.385617691707,2.));
#1749 = SURFACE_CURVE('',#1750,(#1754,#1761),.PCURVE_S1.);
#1750 = LINE('',#1751,#1752);
#1751 = CARTESIAN_POINT('',(-37.2235479061,18.026923788647,2.));
#1752 = VECTOR('',#1753,1.);
#1753 = DIRECTION('',(0.866025403784,-0.5,-0.));
#1754 = PCURVE('',#222,#1755);
#1755 = DEFINITIONAL_REPRESENTATION('',(#1756),#1760);
#1756 = LINE('',#1757,#1758);
#1757 = CARTESIAN_POINT('',(-0.,-2.));
#1758 = VECTOR('',#1759,1.);
#1759 = DIRECTION('',(-1.,0.));
#1760 = ( GEOMETRIC_REPRESENTATION_CONTEXT(2) 
PARAMETRIC_REPRESENTATION_CONTEXT() REPRESENTATION_CONTEXT('2D SPACE',''
  ) );
#1761 = PCURVE('',#1762,#1767);
#1762 = PLANE('',#1763);
#1763 = AXIS2_PLACEMENT_3D('',#1764,#1765,#1766);
#1764 = CARTESIAN_POINT('',(-2.808005405856E-15,-3.707602883041E-15,2.)
  );
#1765 = DIRECTION('',(-0.,-0.,1.));
#1766 = DIRECTION('',(-1.,0.,0.));
#1767 = DEFINITIONAL_REPRESENTATION('',(#1768),#1772);
#1768 = LINE('',#1769,#1770);
#1769 = CARTESIAN_POINT('',(37.223547906108,-18.02692378864));
#1770 = VECTOR('',#1771,1.);
#1771 = DIRECTION('',(-0.866025403784,0.5));
#1772 = ( GEOMETRIC_REPRESENTATION_CONTEXT(2) 
PARAMETRIC_REPRESENTATION_CONTEXT() REPRESENTATION_CONTEXT('2D SPACE',''
  ) );
#1773 = ORIENTED_EDGE('',*,*,#1774,.T.);
#1774 = EDGE_CURVE('',#1747,#1775,#1777,.T.);
#1775 = VERTEX_POINT('',#1776);
#1776 = CARTESIAN_POINT('',(-30.22014554034,13.983507547528,2.));
#1777 = SURFACE_CURVE('',#1778,(#1782,#1789),.PCURVE_S1.);
#1778 = LINE('',#1779,#1780);
#1779 = CARTESIAN_POINT('',(-37.2235479061,18.026923788647,2.));
#1780 = VECTOR('',#1781,1.);
#1781 = DIRECTION('',(0.866025403784,-0.5,-0.));
#1782 = PCURVE('',#222,#1783);
#1783 = DEFINITIONAL_REPRESENTATION('',(#1784),#1788);
#1784 = LINE('',#1785,#1786);
#1785 = CARTESIAN_POINT('',(-0.,-2.));
#1786 = VECTOR('',#1787,1.);
#1787 = DIRECTION('',(-1.,0.));
#1788 = ( GEOMETRIC_REPRESENTATION_CONTEXT(2) 
PARAMETRIC_REPRESENTATION_CONTEXT() REPRESENTATION_CONTEXT('2D SPACE',''
  ) );
#1789 = PCURVE('',#1790,#1795);
#1790 = PLANE('',#1791);
#1791 = AXIS2_PLACEMENT_3D('',#1792,#1793,#1794);
#1792 = CARTESIAN_POINT('',(-30.41914230792,17.5625,2.));
#1793 = DIRECTION('',(-0.,-0.,-1.));
#1794 = DIRECTION('',(-0.866025403784,0.5,0.));
#1795 = DEFINITIONAL_REPRESENTATION('',(#1796),#1800);
#1796 = LINE('',#1797,#1798);
#1797 = CARTESIAN_POINT('',(6.125,-3.));
#1798 = VECTOR('',#1799,1.);
#1799 = DIRECTION('',(-1.,0.));
#1800 = ( GEOMETRIC_REPRESENTATION_CONTEXT(2) 
PARAMETRIC_REPRESENTATION_CONTEXT() REPRESENTATION_CONTEXT('2D SPACE',''
  ) );
#1801 = ORIENTED_EDGE('',*,*,#1802,.T.);
#1802 = EDGE_CURVE('',#1775,#1803,#1805,.T.);
#1803 = VERTEX_POINT('',#1804);
#1804 = CARTESIAN_POINT('',(-29.00088259878,13.279565760006,2.));
#1805 = SURFACE_CURVE('',#1806,(#1810,#1817),.PCURVE_S1.);
#1806 = LINE('',#1807,#1808);
#1807 = CARTESIAN_POINT('',(-37.2235479061,18.026923788647,2.));
#1808 = VECTOR('',#1809,1.);
#1809 = DIRECTION('',(0.866025403784,-0.5,-0.));
#1810 = PCURVE('',#222,#1811);
#1811 = DEFINITIONAL_REPRESENTATION('',(#1812),#1816);
#1812 = LINE('',#1813,#1814);
#1813 = CARTESIAN_POINT('',(-0.,-2.));
#1814 = VECTOR('',#1815,1.);
#1815 = DIRECTION('',(-1.,0.));
#1816 = ( GEOMETRIC_REPRESENTATION_CONTEXT(2) 
PARAMETRIC_REPRESENTATION_CONTEXT() REPRESENTATION_CONTEXT('2D SPACE',''
  ) );
#1817 = PCURVE('',#1818,#1823);
#1818 = PLANE('',#1819);
#1819 = AXIS2_PLACEMENT_3D('',#1820,#1821,#1822);
#1820 = CARTESIAN_POINT('',(-2.808005405856E-15,-3.707602883041E-15,2.)
  );
#1821 = DIRECTION('',(-0.,-0.,1.));
#1822 = DIRECTION('',(-1.,0.,0.));
#1823 = DEFINITIONAL_REPRESENTATION('',(#1824),#1828);
#1824 = LINE('',#1825,#1826);
#1825 = CARTESIAN_POINT('',(37.223547906108,-18.02692378864));
#1826 = VECTOR('',#1827,1.);
#1827 = DIRECTION('',(-0.866025403784,0.5));
#1828 = ( GEOMETRIC_REPRESENTATION_CONTEXT(2) 
PARAMETRIC_REPRESENTATION_CONTEXT() REPRESENTATION_CONTEXT('2D SPACE',''
  ) );
#1829 = ORIENTED_EDGE('',*,*,#1830,.T.);
#1830 = EDGE_CURVE('',#1803,#1831,#1833,.T.);
#1831 = VERTEX_POINT('',#1832);
#1832 = CARTESIAN_POINT('',(-28.30389112867,12.877157547115,2.));
#1833 = SURFACE_CURVE('',#1834,(#1838,#1845),.PCURVE_S1.);
#1834 = LINE('',#1835,#1836);
#1835 = CARTESIAN_POINT('',(-37.2235479061,18.026923788647,2.));
#1836 = VECTOR('',#1837,1.);
#1837 = DIRECTION('',(0.866025403784,-0.5,-0.));
#1838 = PCURVE('',#222,#1839);
#1839 = DEFINITIONAL_REPRESENTATION('',(#1840),#1844);
#1840 = LINE('',#1841,#1842);
#1841 = CARTESIAN_POINT('',(-0.,-2.));
#1842 = VECTOR('',#1843,1.);
#1843 = DIRECTION('',(-1.,0.));
#1844 = ( GEOMETRIC_REPRESENTATION_CONTEXT(2) 
PARAMETRIC_REPRESENTATION_CONTEXT() REPRESENTATION_CONTEXT('2D SPACE',''
  ) );
#1845 = PCURVE('',#1846,#1851);
#1846 = PLANE('',#1847);
#1847 = AXIS2_PLACEMENT_3D('',#1848,#1849,#1850);
#1848 = CARTESIAN_POINT('',(-30.41914230792,17.5625,2.));
#1849 = DIRECTION('',(-0.,-0.,-1.));
#1850 = DIRECTION('',(-0.866025403784,0.5,0.));
#1851 = DEFINITIONAL_REPRESENTATION('',(#1852),#1856);
#1852 = LINE('',#1853,#1854);
#1853 = CARTESIAN_POINT('',(6.125,-3.));
#1854 = VECTOR('',#1855,1.);
#1855 = DIRECTION('',(-1.,0.));
#1856 = ( GEOMETRIC_REPRESENTATION_CONTEXT(2) 
PARAMETRIC_REPRESENTATION_CONTEXT() REPRESENTATION_CONTEXT('2D SPACE',''
  ) );
#1857 = ORIENTED_EDGE('',*,*,#1858,.T.);
#1858 = EDGE_CURVE('',#1831,#1859,#1861,.T.);
#1859 = VERTEX_POINT('',#1860);
#1860 = CARTESIAN_POINT('',(-27.08362785151,12.172638215568,2.));
#1861 = SURFACE_CURVE('',#1862,(#1866,#1873),.PCURVE_S1.);
#1862 = LINE('',#1863,#1864);
#1863 = CARTESIAN_POINT('',(-37.2235479061,18.026923788647,2.));
#1864 = VECTOR('',#1865,1.);
#1865 = DIRECTION('',(0.866025403784,-0.5,-0.));
#1866 = PCURVE('',#222,#1867);
#1867 = DEFINITIONAL_REPRESENTATION('',(#1868),#1872);
#1868 = LINE('',#1869,#1870);
#1869 = CARTESIAN_POINT('',(-0.,-2.));
#1870 = VECTOR('',#1871,1.);
#1871 = DIRECTION('',(-1.,0.));
#1872 = ( GEOMETRIC_REPRESENTATION_CONTEXT(2) 
PARAMETRIC_REPRESENTATION_CONTEXT() REPRESENTATION_CONTEXT('2D SPACE',''
  ) );
#1873 = PCURVE('',#1874,#1879);
#1874 = PLANE('',#1875);
#1875 = AXIS2_PLACEMENT_3D('',#1876,#1877,#1878);
#1876 = CARTESIAN_POINT('',(-2.808005405856E-15,-3.707602883041E-15,2.)
  );
#1877 = DIRECTION('',(-0.,-0.,1.));
#1878 = DIRECTION('',(-1.,0.,0.));
#1879 = DEFINITIONAL_REPRESENTATION('',(#1880),#1884);
#1880 = LINE('',#1881,#1882);
#1881 = CARTESIAN_POINT('',(37.223547906108,-18.02692378864));
#1882 = VECTOR('',#1883,1.);
#1883 = DIRECTION('',(-0.866025403784,0.5));
#1884 = ( GEOMETRIC_REPRESENTATION_CONTEXT(2) 
PARAMETRIC_REPRESENTATION_CONTEXT() REPRESENTATION_CONTEXT('2D SPACE',''
  ) );
#1885 = ORIENTED_EDGE('',*,*,#1886,.T.);
#1886 = EDGE_CURVE('',#1859,#1299,#1887,.T.);
#1887 = SURFACE_CURVE('',#1888,(#1892,#1899),.PCURVE_S1.);
#1888 = LINE('',#1889,#1890);
#1889 = CARTESIAN_POINT('',(-37.2235479061,18.026923788647,2.));
#1890 = VECTOR('',#1891,1.);
#1891 = DIRECTION('',(0.866025403784,-0.5,-0.));
#1892 = PCURVE('',#222,#1893);
#1893 = DEFINITIONAL_REPRESENTATION('',(#1894),#1898);
#1894 = LINE('',#1895,#1896);
#1895 = CARTESIAN_POINT('',(-0.,-2.));
#1896 = VECTOR('',#1897,1.);
#1897 = DIRECTION('',(-1.,0.));
#1898 = ( GEOMETRIC_REPRESENTATION_CONTEXT(2) 
PARAMETRIC_REPRESENTATION_CONTEXT() REPRESENTATION_CONTEXT('2D SPACE',''
  ) );
#1899 = PCURVE('',#1338,#1900);
#1900 = DEFINITIONAL_REPRESENTATION('',(#1901),#1905);
#1901 = LINE('',#1902,#1903);
#1902 = CARTESIAN_POINT('',(6.125,-3.));
#1903 = VECTOR('',#1904,1.);
#1904 = DIRECTION('',(-1.,0.));
#1905 = ( GEOMETRIC_REPRESENTATION_CONTEXT(2) 
PARAMETRIC_REPRESENTATION_CONTEXT() REPRESENTATION_CONTEXT('2D SPACE',''
  ) );
#1906 = ORIENTED_EDGE('',*,*,#1298,.F.);
#1907 = ORIENTED_EDGE('',*,*,#208,.F.);
#1908 = ADVANCED_FACE('',(#1909),#167,.F.);
#1909 = FACE_BOUND('',#1910,.T.);
#1910 = EDGE_LOOP('',(#1911,#1912,#1935,#1963,#1986,#2014,#2037,#2065,
    #2088,#2116,#2139,#2167,#2190,#2218,#2239));
#1911 = ORIENTED_EDGE('',*,*,#1530,.T.);
#1912 = ORIENTED_EDGE('',*,*,#1913,.T.);
#1913 = EDGE_CURVE('',#1503,#1914,#1916,.T.);
#1914 = VERTEX_POINT('',#1915);
#1915 = CARTESIAN_POINT('',(-24.17718151398,17.422803870481,2.));
#1916 = SURFACE_CURVE('',#1917,(#1921,#1928),.PCURVE_S1.);
#1917 = LINE('',#1918,#1919);
#1918 = CARTESIAN_POINT('',(-23.61473670974,17.098076211353,2.));
#1919 = VECTOR('',#1920,1.);
#1920 = DIRECTION('',(-0.866025403784,0.5,0.));
#1921 = PCURVE('',#167,#1922);
#1922 = DEFINITIONAL_REPRESENTATION('',(#1923),#1927);
#1923 = LINE('',#1924,#1925);
#1924 = CARTESIAN_POINT('',(-0.,-2.));
#1925 = VECTOR('',#1926,1.);
#1926 = DIRECTION('',(-1.,-0.));
#1927 = ( GEOMETRIC_REPRESENTATION_CONTEXT(2) 
PARAMETRIC_REPRESENTATION_CONTEXT() REPRESENTATION_CONTEXT('2D SPACE',''
  ) );
#1928 = PCURVE('',#1338,#1929);
#1929 = DEFINITIONAL_REPRESENTATION('',(#1930),#1934);
#1930 = LINE('',#1931,#1932);
#1931 = CARTESIAN_POINT('',(-6.125,3.));
#1932 = VECTOR('',#1933,1.);
#1933 = DIRECTION('',(1.,-0.));
#1934 = ( GEOMETRIC_REPRESENTATION_CONTEXT(2) 
PARAMETRIC_REPRESENTATION_CONTEXT() REPRESENTATION_CONTEXT('2D SPACE',''
  ) );
#1935 = ORIENTED_EDGE('',*,*,#1936,.T.);
#1936 = EDGE_CURVE('',#1914,#1937,#1939,.T.);
#1937 = VERTEX_POINT('',#1938);
#1938 = CARTESIAN_POINT('',(-25.39332651874,18.124945516357,2.));
#1939 = SURFACE_CURVE('',#1940,(#1944,#1951),.PCURVE_S1.);
#1940 = LINE('',#1941,#1942);
#1941 = CARTESIAN_POINT('',(-23.61473670974,17.098076211353,2.));
#1942 = VECTOR('',#1943,1.);
#1943 = DIRECTION('',(-0.866025403784,0.5,0.));
#1944 = PCURVE('',#167,#1945);
#1945 = DEFINITIONAL_REPRESENTATION('',(#1946),#1950);
#1946 = LINE('',#1947,#1948);
#1947 = CARTESIAN_POINT('',(-0.,-2.));
#1948 = VECTOR('',#1949,1.);
#1949 = DIRECTION('',(-1.,-0.));
#1950 = ( GEOMETRIC_REPRESENTATION_CONTEXT(2) 
PARAMETRIC_REPRESENTATION_CONTEXT() REPRESENTATION_CONTEXT('2D SPACE',''
  ) );
#1951 = PCURVE('',#1952,#1957);
#1952 = PLANE('',#1953);
#1953 = AXIS2_PLACEMENT_3D('',#1954,#1955,#1956);
#1954 = CARTESIAN_POINT('',(-2.808005405856E-15,-3.707602883041E-15,2.)
  );
#1955 = DIRECTION('',(-0.,-0.,1.));
#1956 = DIRECTION('',(-1.,0.,0.));
#1957 = DEFINITIONAL_REPRESENTATION('',(#1958),#1962);
#1958 = LINE('',#1959,#1960);
#1959 = CARTESIAN_POINT('',(23.614736709749,-17.09807621135));
#1960 = VECTOR('',#1961,1.);
#1961 = DIRECTION('',(0.866025403784,-0.5));
#1962 = ( GEOMETRIC_REPRESENTATION_CONTEXT(2) 
PARAMETRIC_REPRESENTATION_CONTEXT() REPRESENTATION_CONTEXT('2D SPACE',''
  ) );
#1963 = ORIENTED_EDGE('',*,*,#1964,.T.);
#1964 = EDGE_CURVE('',#1937,#1965,#1967,.T.);
#1965 = VERTEX_POINT('',#1966);
#1966 = CARTESIAN_POINT('',(-26.08812416824,18.526087126326,2.));
#1967 = SURFACE_CURVE('',#1968,(#1972,#1979),.PCURVE_S1.);
#1968 = LINE('',#1969,#1970);
#1969 = CARTESIAN_POINT('',(-23.61473670974,17.098076211353,2.));
#1970 = VECTOR('',#1971,1.);
#1971 = DIRECTION('',(-0.866025403784,0.5,0.));
#1972 = PCURVE('',#167,#1973);
#1973 = DEFINITIONAL_REPRESENTATION('',(#1974),#1978);
#1974 = LINE('',#1975,#1976);
#1975 = CARTESIAN_POINT('',(-0.,-2.));
#1976 = VECTOR('',#1977,1.);
#1977 = DIRECTION('',(-1.,-0.));
#1978 = ( GEOMETRIC_REPRESENTATION_CONTEXT(2) 
PARAMETRIC_REPRESENTATION_CONTEXT() REPRESENTATION_CONTEXT('2D SPACE',''
  ) );
#1979 = PCURVE('',#1846,#1980);
#1980 = DEFINITIONAL_REPRESENTATION('',(#1981),#1985);
#1981 = LINE('',#1982,#1983);
#1982 = CARTESIAN_POINT('',(-6.125,3.));
#1983 = VECTOR('',#1984,1.);
#1984 = DIRECTION('',(1.,-0.));
#1985 = ( GEOMETRIC_REPRESENTATION_CONTEXT(2) 
PARAMETRIC_REPRESENTATION_CONTEXT() REPRESENTATION_CONTEXT('2D SPACE',''
  ) );
#1986 = ORIENTED_EDGE('',*,*,#1987,.T.);
#1987 = EDGE_CURVE('',#1965,#1988,#1990,.T.);
#1988 = VERTEX_POINT('',#1989);
#1989 = CARTESIAN_POINT('',(-27.30379722499,19.227956292888,2.));
#1990 = SURFACE_CURVE('',#1991,(#1995,#2002),.PCURVE_S1.);
#1991 = LINE('',#1992,#1993);
#1992 = CARTESIAN_POINT('',(-23.61473670974,17.098076211353,2.));
#1993 = VECTOR('',#1994,1.);
#1994 = DIRECTION('',(-0.866025403784,0.5,0.));
#1995 = PCURVE('',#167,#1996);
#1996 = DEFINITIONAL_REPRESENTATION('',(#1997),#2001);
#1997 = LINE('',#1998,#1999);
#1998 = CARTESIAN_POINT('',(-0.,-2.));
#1999 = VECTOR('',#2000,1.);
#2000 = DIRECTION('',(-1.,-0.));
#2001 = ( GEOMETRIC_REPRESENTATION_CONTEXT(2) 
PARAMETRIC_REPRESENTATION_CONTEXT() REPRESENTATION_CONTEXT('2D SPACE',''
  ) );
#2002 = PCURVE('',#2003,#2008);
#2003 = PLANE('',#2004);
#2004 = AXIS2_PLACEMENT_3D('',#2005,#2006,#2007);
#2005 = CARTESIAN_POINT('',(-2.808005405856E-15,-3.707602883041E-15,2.)
  );
#2006 = DIRECTION('',(-0.,-0.,1.));
#2007 = DIRECTION('',(-1.,0.,0.));
#2008 = DEFINITIONAL_REPRESENTATION('',(#2009),#2013);
#2009 = LINE('',#2010,#2011);
#2010 = CARTESIAN_POINT('',(23.614736709749,-17.09807621135));
#2011 = VECTOR('',#2012,1.);
#2012 = DIRECTION('',(0.866025403784,-0.5));
#2013 = ( GEOMETRIC_REPRESENTATION_CONTEXT(2) 
PARAMETRIC_REPRESENTATION_CONTEXT() REPRESENTATION_CONTEXT('2D SPACE',''
  ) );
#2014 = ORIENTED_EDGE('',*,*,#2015,.T.);
#2015 = EDGE_CURVE('',#1988,#2016,#2018,.T.);
#2016 = VERTEX_POINT('',#2017);
#2017 = CARTESIAN_POINT('',(-27.99835115055,19.628957188776,2.));
#2018 = SURFACE_CURVE('',#2019,(#2023,#2030),.PCURVE_S1.);
#2019 = LINE('',#2020,#2021);
#2020 = CARTESIAN_POINT('',(-23.61473670974,17.098076211353,2.));
#2021 = VECTOR('',#2022,1.);
#2022 = DIRECTION('',(-0.866025403784,0.5,0.));
#2023 = PCURVE('',#167,#2024);
#2024 = DEFINITIONAL_REPRESENTATION('',(#2025),#2029);
#2025 = LINE('',#2026,#2027);
#2026 = CARTESIAN_POINT('',(-0.,-2.));
#2027 = VECTOR('',#2028,1.);
#2028 = DIRECTION('',(-1.,-0.));
#2029 = ( GEOMETRIC_REPRESENTATION_CONTEXT(2) 
PARAMETRIC_REPRESENTATION_CONTEXT() REPRESENTATION_CONTEXT('2D SPACE',''
  ) );
#2030 = PCURVE('',#1790,#2031);
#2031 = DEFINITIONAL_REPRESENTATION('',(#2032),#2036);
#2032 = LINE('',#2033,#2034);
#2033 = CARTESIAN_POINT('',(-6.125,3.));
#2034 = VECTOR('',#2035,1.);
#2035 = DIRECTION('',(1.,-0.));
#2036 = ( GEOMETRIC_REPRESENTATION_CONTEXT(2) 
PARAMETRIC_REPRESENTATION_CONTEXT() REPRESENTATION_CONTEXT('2D SPACE',''
  ) );
#2037 = ORIENTED_EDGE('',*,*,#2038,.T.);
#2038 = EDGE_CURVE('',#2016,#2039,#2041,.T.);
#2039 = VERTEX_POINT('',#2040);
#2040 = CARTESIAN_POINT('',(-29.21363701874,20.330602811917,2.));
#2041 = SURFACE_CURVE('',#2042,(#2046,#2053),.PCURVE_S1.);
#2042 = LINE('',#2043,#2044);
#2043 = CARTESIAN_POINT('',(-23.61473670974,17.098076211353,2.));
#2044 = VECTOR('',#2045,1.);
#2045 = DIRECTION('',(-0.866025403784,0.5,0.));
#2046 = PCURVE('',#167,#2047);
#2047 = DEFINITIONAL_REPRESENTATION('',(#2048),#2052);
#2048 = LINE('',#2049,#2050);
#2049 = CARTESIAN_POINT('',(-0.,-2.));
#2050 = VECTOR('',#2051,1.);
#2051 = DIRECTION('',(-1.,-0.));
#2052 = ( GEOMETRIC_REPRESENTATION_CONTEXT(2) 
PARAMETRIC_REPRESENTATION_CONTEXT() REPRESENTATION_CONTEXT('2D SPACE',''
  ) );
#2053 = PCURVE('',#2054,#2059);
#2054 = PLANE('',#2055);
#2055 = AXIS2_PLACEMENT_3D('',#2056,#2057,#2058);
#2056 = CARTESIAN_POINT('',(-2.808005405856E-15,-3.707602883041E-15,2.)
  );
#2057 = DIRECTION('',(-0.,-0.,1.));
#2058 = DIRECTION('',(-1.,0.,0.));
#2059 = DEFINITIONAL_REPRESENTATION('',(#2060),#2064);
#2060 = LINE('',#2061,#2062);
#2061 = CARTESIAN_POINT('',(23.614736709749,-17.09807621135));
#2062 = VECTOR('',#2063,1.);
#2063 = DIRECTION('',(0.866025403784,-0.5));
#2064 = ( GEOMETRIC_REPRESENTATION_CONTEXT(2) 
PARAMETRIC_REPRESENTATION_CONTEXT() REPRESENTATION_CONTEXT('2D SPACE',''
  ) );
#2065 = ORIENTED_EDGE('',*,*,#2066,.T.);
#2066 = EDGE_CURVE('',#2039,#2067,#2069,.T.);
#2067 = VERTEX_POINT('',#2068);
#2068 = CARTESIAN_POINT('',(-29.90798969999,20.73148751935,2.));
#2069 = SURFACE_CURVE('',#2070,(#2074,#2081),.PCURVE_S1.);
#2070 = LINE('',#2071,#2072);
#2071 = CARTESIAN_POINT('',(-23.61473670974,17.098076211353,2.));
#2072 = VECTOR('',#2073,1.);
#2073 = DIRECTION('',(-0.866025403784,0.5,0.));
#2074 = PCURVE('',#167,#2075);
#2075 = DEFINITIONAL_REPRESENTATION('',(#2076),#2080);
#2076 = LINE('',#2077,#2078);
#2077 = CARTESIAN_POINT('',(-0.,-2.));
#2078 = VECTOR('',#2079,1.);
#2079 = DIRECTION('',(-1.,-0.));
#2080 = ( GEOMETRIC_REPRESENTATION_CONTEXT(2) 
PARAMETRIC_REPRESENTATION_CONTEXT() REPRESENTATION_CONTEXT('2D SPACE',''
  ) );
#2081 = PCURVE('',#1734,#2082);
#2082 = DEFINITIONAL_REPRESENTATION('',(#2083),#2087);
#2083 = LINE('',#2084,#2085);
#2084 = CARTESIAN_POINT('',(-6.125,3.));
#2085 = VECTOR('',#2086,1.);
#2086 = DIRECTION('',(1.,-0.));
#2087 = ( GEOMETRIC_REPRESENTATION_CONTEXT(2) 
PARAMETRIC_REPRESENTATION_CONTEXT() REPRESENTATION_CONTEXT('2D SPACE',''
  ) );
#2088 = ORIENTED_EDGE('',*,*,#2089,.T.);
#2089 = EDGE_CURVE('',#2067,#2090,#2092,.T.);
#2090 = VERTEX_POINT('',#2091);
#2091 = CARTESIAN_POINT('',(-31.1229539733,21.432947469598,2.));
#2092 = SURFACE_CURVE('',#2093,(#2097,#2104),.PCURVE_S1.);
#2093 = LINE('',#2094,#2095);
#2094 = CARTESIAN_POINT('',(-23.61473670974,17.098076211353,2.));
#2095 = VECTOR('',#2096,1.);
#2096 = DIRECTION('',(-0.866025403784,0.5,0.));
#2097 = PCURVE('',#167,#2098);
#2098 = DEFINITIONAL_REPRESENTATION('',(#2099),#2103);
#2099 = LINE('',#2100,#2101);
#2100 = CARTESIAN_POINT('',(-0.,-2.));
#2101 = VECTOR('',#2102,1.);
#2102 = DIRECTION('',(-1.,-0.));
#2103 = ( GEOMETRIC_REPRESENTATION_CONTEXT(2) 
PARAMETRIC_REPRESENTATION_CONTEXT() REPRESENTATION_CONTEXT('2D SPACE',''
  ) );
#2104 = PCURVE('',#2105,#2110);
#2105 = PLANE('',#2106);
#2106 = AXIS2_PLACEMENT_3D('',#2107,#2108,#2109);
#2107 = CARTESIAN_POINT('',(-2.808005405856E-15,-3.707602883041E-15,2.)
  );
#2108 = DIRECTION('',(-0.,-0.,1.));
#2109 = DIRECTION('',(-1.,0.,0.));
#2110 = DEFINITIONAL_REPRESENTATION('',(#2111),#2115);
#2111 = LINE('',#2112,#2113);
#2112 = CARTESIAN_POINT('',(23.614736709749,-17.09807621135));
#2113 = VECTOR('',#2114,1.);
#2114 = DIRECTION('',(0.866025403784,-0.5));
#2115 = ( GEOMETRIC_REPRESENTATION_CONTEXT(2) 
PARAMETRIC_REPRESENTATION_CONTEXT() REPRESENTATION_CONTEXT('2D SPACE',''
  ) );
#2116 = ORIENTED_EDGE('',*,*,#2117,.T.);
#2117 = EDGE_CURVE('',#2090,#2118,#2120,.T.);
#2118 = VERTEX_POINT('',#2119);
#2119 = CARTESIAN_POINT('',(-31.8171385534,21.83373512379,2.));
#2120 = SURFACE_CURVE('',#2121,(#2125,#2132),.PCURVE_S1.);
#2121 = LINE('',#2122,#2123);
#2122 = CARTESIAN_POINT('',(-23.61473670974,17.098076211353,2.));
#2123 = VECTOR('',#2124,1.);
#2124 = DIRECTION('',(-0.866025403784,0.5,0.));
#2125 = PCURVE('',#167,#2126);
#2126 = DEFINITIONAL_REPRESENTATION('',(#2127),#2131);
#2127 = LINE('',#2128,#2129);
#2128 = CARTESIAN_POINT('',(-0.,-2.));
#2129 = VECTOR('',#2130,1.);
#2130 = DIRECTION('',(-1.,-0.));
#2131 = ( GEOMETRIC_REPRESENTATION_CONTEXT(2) 
PARAMETRIC_REPRESENTATION_CONTEXT() REPRESENTATION_CONTEXT('2D SPACE',''
  ) );
#2132 = PCURVE('',#1678,#2133);
#2133 = DEFINITIONAL_REPRESENTATION('',(#2134),#2138);
#2134 = LINE('',#2135,#2136);
#2135 = CARTESIAN_POINT('',(-6.125,3.));
#2136 = VECTOR('',#2137,1.);
#2137 = DIRECTION('',(1.,-0.));
#2138 = ( GEOMETRIC_REPRESENTATION_CONTEXT(2) 
PARAMETRIC_REPRESENTATION_CONTEXT() REPRESENTATION_CONTEXT('2D SPACE',''
  ) );
#2139 = ORIENTED_EDGE('',*,*,#2140,.T.);
#2140 = EDGE_CURVE('',#2118,#2141,#2143,.T.);
#2141 = VERTEX_POINT('',#2142);
#2142 = CARTESIAN_POINT('',(-33.03183279084,22.535039168761,2.));
#2143 = SURFACE_CURVE('',#2144,(#2148,#2155),.PCURVE_S1.);
#2144 = LINE('',#2145,#2146);
#2145 = CARTESIAN_POINT('',(-23.61473670974,17.098076211353,2.));
#2146 = VECTOR('',#2147,1.);
#2147 = DIRECTION('',(-0.866025403784,0.5,0.));
#2148 = PCURVE('',#167,#2149);
#2149 = DEFINITIONAL_REPRESENTATION('',(#2150),#2154);
#2150 = LINE('',#2151,#2152);
#2151 = CARTESIAN_POINT('',(-0.,-2.));
#2152 = VECTOR('',#2153,1.);
#2153 = DIRECTION('',(-1.,-0.));
#2154 = ( GEOMETRIC_REPRESENTATION_CONTEXT(2) 
PARAMETRIC_REPRESENTATION_CONTEXT() REPRESENTATION_CONTEXT('2D SPACE',''
  ) );
#2155 = PCURVE('',#2156,#2161);
#2156 = PLANE('',#2157);
#2157 = AXIS2_PLACEMENT_3D('',#2158,#2159,#2160);
#2158 = CARTESIAN_POINT('',(-2.808005405856E-15,-3.707602883041E-15,2.)
  );
#2159 = DIRECTION('',(-0.,-0.,1.));
#2160 = DIRECTION('',(-1.,0.,0.));
#2161 = DEFINITIONAL_REPRESENTATION('',(#2162),#2166);
#2162 = LINE('',#2163,#2164);
#2163 = CARTESIAN_POINT('',(23.614736709749,-17.09807621135));
#2164 = VECTOR('',#2165,1.);
#2165 = DIRECTION('',(0.866025403784,-0.5));
#2166 = ( GEOMETRIC_REPRESENTATION_CONTEXT(2) 
PARAMETRIC_REPRESENTATION_CONTEXT() REPRESENTATION_CONTEXT('2D SPACE',''
  ) );
#2167 = ORIENTED_EDGE('',*,*,#2168,.T.);
#2168 = EDGE_CURVE('',#2141,#2169,#2171,.T.);
#2169 = VERTEX_POINT('',#2170);
#2170 = CARTESIAN_POINT('',(-33.72587550948,22.935744919192,2.));
#2171 = SURFACE_CURVE('',#2172,(#2176,#2183),.PCURVE_S1.);
#2172 = LINE('',#2173,#2174);
#2173 = CARTESIAN_POINT('',(-23.61473670974,17.098076211353,2.));
#2174 = VECTOR('',#2175,1.);
#2175 = DIRECTION('',(-0.866025403784,0.5,0.));
#2176 = PCURVE('',#167,#2177);
#2177 = DEFINITIONAL_REPRESENTATION('',(#2178),#2182);
#2178 = LINE('',#2179,#2180);
#2179 = CARTESIAN_POINT('',(-0.,-2.));
#2180 = VECTOR('',#2181,1.);
#2181 = DIRECTION('',(-1.,-0.));
#2182 = ( GEOMETRIC_REPRESENTATION_CONTEXT(2) 
PARAMETRIC_REPRESENTATION_CONTEXT() REPRESENTATION_CONTEXT('2D SPACE',''
  ) );
#2183 = PCURVE('',#1622,#2184);
#2184 = DEFINITIONAL_REPRESENTATION('',(#2185),#2189);
#2185 = LINE('',#2186,#2187);
#2186 = CARTESIAN_POINT('',(-6.125,3.));
#2187 = VECTOR('',#2188,1.);
#2188 = DIRECTION('',(1.,-0.));
#2189 = ( GEOMETRIC_REPRESENTATION_CONTEXT(2) 
PARAMETRIC_REPRESENTATION_CONTEXT() REPRESENTATION_CONTEXT('2D SPACE',''
  ) );
#2190 = ORIENTED_EDGE('',*,*,#2191,.T.);
#2191 = EDGE_CURVE('',#2169,#2192,#2194,.T.);
#2192 = VERTEX_POINT('',#2193);
#2193 = CARTESIAN_POINT('',(-34.2235479061,23.223076211353,2.));
#2194 = SURFACE_CURVE('',#2195,(#2199,#2206),.PCURVE_S1.);
#2195 = LINE('',#2196,#2197);
#2196 = CARTESIAN_POINT('',(-23.61473670974,17.098076211353,2.));
#2197 = VECTOR('',#2198,1.);
#2198 = DIRECTION('',(-0.866025403784,0.5,0.));
#2199 = PCURVE('',#167,#2200);
#2200 = DEFINITIONAL_REPRESENTATION('',(#2201),#2205);
#2201 = LINE('',#2202,#2203);
#2202 = CARTESIAN_POINT('',(-0.,-2.));
#2203 = VECTOR('',#2204,1.);
#2204 = DIRECTION('',(-1.,-0.));
#2205 = ( GEOMETRIC_REPRESENTATION_CONTEXT(2) 
PARAMETRIC_REPRESENTATION_CONTEXT() REPRESENTATION_CONTEXT('2D SPACE',''
  ) );
#2206 = PCURVE('',#2207,#2212);
#2207 = PLANE('',#2208);
#2208 = AXIS2_PLACEMENT_3D('',#2209,#2210,#2211);
#2209 = CARTESIAN_POINT('',(-2.808005405856E-15,-3.707602883041E-15,2.)
  );
#2210 = DIRECTION('',(-0.,-0.,1.));
#2211 = DIRECTION('',(-1.,0.,0.));
#2212 = DEFINITIONAL_REPRESENTATION('',(#2213),#2217);
#2213 = LINE('',#2214,#2215);
#2214 = CARTESIAN_POINT('',(23.614736709749,-17.09807621135));
#2215 = VECTOR('',#2216,1.);
#2216 = DIRECTION('',(0.866025403784,-0.5));
#2217 = ( GEOMETRIC_REPRESENTATION_CONTEXT(2) 
PARAMETRIC_REPRESENTATION_CONTEXT() REPRESENTATION_CONTEXT('2D SPACE',''
  ) );
#2218 = ORIENTED_EDGE('',*,*,#2219,.F.);
#2219 = EDGE_CURVE('',#152,#2192,#2220,.T.);
#2220 = SURFACE_CURVE('',#2221,(#2225,#2232),.PCURVE_S1.);
#2221 = LINE('',#2222,#2223);
#2222 = CARTESIAN_POINT('',(-34.2235479061,23.223076211353,0.));
#2223 = VECTOR('',#2224,1.);
#2224 = DIRECTION('',(-0.,-0.,1.));
#2225 = PCURVE('',#167,#2226);
#2226 = DEFINITIONAL_REPRESENTATION('',(#2227),#2231);
#2227 = LINE('',#2228,#2229);
#2228 = CARTESIAN_POINT('',(-12.25,-0.));
#2229 = VECTOR('',#2230,1.);
#2230 = DIRECTION('',(-0.,-1.));
#2231 = ( GEOMETRIC_REPRESENTATION_CONTEXT(2) 
PARAMETRIC_REPRESENTATION_CONTEXT() REPRESENTATION_CONTEXT('2D SPACE',''
  ) );
#2232 = PCURVE('',#196,#2233);
#2233 = DEFINITIONAL_REPRESENTATION('',(#2234),#2238);
#2234 = LINE('',#2235,#2236);
#2235 = CARTESIAN_POINT('',(-0.,0.));
#2236 = VECTOR('',#2237,1.);
#2237 = DIRECTION('',(-0.,-1.));
#2238 = ( GEOMETRIC_REPRESENTATION_CONTEXT(2) 
PARAMETRIC_REPRESENTATION_CONTEXT() REPRESENTATION_CONTEXT('2D SPACE',''
  ) );
#2239 = ORIENTED_EDGE('',*,*,#151,.F.);
#2240 = ADVANCED_FACE('',(#2241),#196,.F.);
#2241 = FACE_BOUND('',#2242,.T.);
#2242 = EDGE_LOOP('',(#2243,#2244,#2268,#2299,#2300,#2328,#2350,#2351));
#2243 = ORIENTED_EDGE('',*,*,#2219,.T.);
#2244 = ORIENTED_EDGE('',*,*,#2245,.T.);
#2245 = EDGE_CURVE('',#2192,#2246,#2248,.T.);
#2246 = VERTEX_POINT('',#2247);
#2247 = CARTESIAN_POINT('',(-35.00519951258,23.537726486563,2.));
#2248 = SURFACE_CURVE('',#2249,(#2254,#2261),.PCURVE_S1.);
#2249 = CIRCLE('',#2250,3.);
#2250 = AXIS2_PLACEMENT_3D('',#2251,#2252,#2253);
#2251 = CARTESIAN_POINT('',(-35.7235479061,20.625,2.));
#2252 = DIRECTION('',(0.,0.,1.));
#2253 = DIRECTION('',(0.5,0.866025403784,-0.));
#2254 = PCURVE('',#196,#2255);
#2255 = DEFINITIONAL_REPRESENTATION('',(#2256),#2260);
#2256 = LINE('',#2257,#2258);
#2257 = CARTESIAN_POINT('',(-0.,-2.));
#2258 = VECTOR('',#2259,1.);
#2259 = DIRECTION('',(-1.,0.));
#2260 = ( GEOMETRIC_REPRESENTATION_CONTEXT(2) 
PARAMETRIC_REPRESENTATION_CONTEXT() REPRESENTATION_CONTEXT('2D SPACE',''
  ) );
#2261 = PCURVE('',#2207,#2262);
#2262 = DEFINITIONAL_REPRESENTATION('',(#2263),#2267);
#2263 = CIRCLE('',#2264,3.);
#2264 = AXIS2_PLACEMENT_2D('',#2265,#2266);
#2265 = CARTESIAN_POINT('',(35.723547906108,-20.625));
#2266 = DIRECTION('',(-0.5,-0.866025403784));
#2267 = ( GEOMETRIC_REPRESENTATION_CONTEXT(2) 
PARAMETRIC_REPRESENTATION_CONTEXT() REPRESENTATION_CONTEXT('2D SPACE',''
  ) );
#2268 = ORIENTED_EDGE('',*,*,#2269,.T.);
#2269 = EDGE_CURVE('',#2246,#1029,#2270,.T.);
#2270 = SURFACE_CURVE('',#2271,(#2276,#2283),.PCURVE_S1.);
#2271 = CIRCLE('',#2272,3.);
#2272 = AXIS2_PLACEMENT_3D('',#2273,#2274,#2275);
#2273 = CARTESIAN_POINT('',(-35.7235479061,20.625,2.));
#2274 = DIRECTION('',(0.,0.,1.));
#2275 = DIRECTION('',(0.5,0.866025403784,-0.));
#2276 = PCURVE('',#196,#2277);
#2277 = DEFINITIONAL_REPRESENTATION('',(#2278),#2282);
#2278 = LINE('',#2279,#2280);
#2279 = CARTESIAN_POINT('',(-0.,-2.));
#2280 = VECTOR('',#2281,1.);
#2281 = DIRECTION('',(-1.,0.));
#2282 = ( GEOMETRIC_REPRESENTATION_CONTEXT(2) 
PARAMETRIC_REPRESENTATION_CONTEXT() REPRESENTATION_CONTEXT('2D SPACE',''
  ) );
#2283 = PCURVE('',#2284,#2289);
#2284 = PLANE('',#2285);
#2285 = AXIS2_PLACEMENT_3D('',#2286,#2287,#2288);
#2286 = CARTESIAN_POINT('',(-30.41914230792,17.5625,2.));
#2287 = DIRECTION('',(-0.,-0.,-1.));
#2288 = DIRECTION('',(-0.866025403784,0.5,0.));
#2289 = DEFINITIONAL_REPRESENTATION('',(#2290),#2298);
#2290 = ( BOUNDED_CURVE() B_SPLINE_CURVE(2,(#2291,#2292,#2293,#2294,
#2295,#2296,#2297),.UNSPECIFIED.,.T.,.F.) B_SPLINE_CURVE_WITH_KNOTS((1,2
    ,2,2,2,1),(-2.094395102393,0.,2.094395102393,4.188790204786,
6.28318530718,8.377580409573),.UNSPECIFIED.) CURVE() 
GEOMETRIC_REPRESENTATION_ITEM() RATIONAL_B_SPLINE_CURVE((1.,0.5,1.,0.5,
1.,0.5,1.)) REPRESENTATION_ITEM('') );
#2291 = CARTESIAN_POINT('',(6.125,3.));
#2292 = CARTESIAN_POINT('',(11.321152422707,3.));
#2293 = CARTESIAN_POINT('',(8.723076211353,-1.5));
#2294 = CARTESIAN_POINT('',(6.125,-6.));
#2295 = CARTESIAN_POINT('',(3.526923788647,-1.5));
#2296 = CARTESIAN_POINT('',(0.928847577293,3.));
#2297 = CARTESIAN_POINT('',(6.125,3.));
#2298 = ( GEOMETRIC_REPRESENTATION_CONTEXT(2) 
PARAMETRIC_REPRESENTATION_CONTEXT() REPRESENTATION_CONTEXT('2D SPACE',''
  ) );
#2299 = ORIENTED_EDGE('',*,*,#1056,.T.);
#2300 = ORIENTED_EDGE('',*,*,#2301,.T.);
#2301 = EDGE_CURVE('',#1057,#2302,#2304,.T.);
#2302 = VERTEX_POINT('',#2303);
#2303 = CARTESIAN_POINT('',(-37.83196853208,18.490857909152,2.));
#2304 = SURFACE_CURVE('',#2305,(#2310,#2317),.PCURVE_S1.);
#2305 = CIRCLE('',#2306,3.);
#2306 = AXIS2_PLACEMENT_3D('',#2307,#2308,#2309);
#2307 = CARTESIAN_POINT('',(-35.7235479061,20.625,2.));
#2308 = DIRECTION('',(0.,0.,1.));
#2309 = DIRECTION('',(0.5,0.866025403784,-0.));
#2310 = PCURVE('',#196,#2311);
#2311 = DEFINITIONAL_REPRESENTATION('',(#2312),#2316);
#2312 = LINE('',#2313,#2314);
#2313 = CARTESIAN_POINT('',(-0.,-2.));
#2314 = VECTOR('',#2315,1.);
#2315 = DIRECTION('',(-1.,0.));
#2316 = ( GEOMETRIC_REPRESENTATION_CONTEXT(2) 
PARAMETRIC_REPRESENTATION_CONTEXT() REPRESENTATION_CONTEXT('2D SPACE',''
  ) );
#2317 = PCURVE('',#2284,#2318);
#2318 = DEFINITIONAL_REPRESENTATION('',(#2319),#2327);
#2319 = ( BOUNDED_CURVE() B_SPLINE_CURVE(2,(#2320,#2321,#2322,#2323,
#2324,#2325,#2326),.UNSPECIFIED.,.T.,.F.) B_SPLINE_CURVE_WITH_KNOTS((1,2
    ,2,2,2,1),(-2.094395102393,0.,2.094395102393,4.188790204786,
6.28318530718,8.377580409573),.UNSPECIFIED.) CURVE() 
GEOMETRIC_REPRESENTATION_ITEM() RATIONAL_B_SPLINE_CURVE((1.,0.5,1.,0.5,
1.,0.5,1.)) REPRESENTATION_ITEM('') );
#2320 = CARTESIAN_POINT('',(6.125,3.));
#2321 = CARTESIAN_POINT('',(11.321152422707,3.));
#2322 = CARTESIAN_POINT('',(8.723076211353,-1.5));
#2323 = CARTESIAN_POINT('',(6.125,-6.));
#2324 = CARTESIAN_POINT('',(3.526923788647,-1.5));
#2325 = CARTESIAN_POINT('',(0.928847577293,3.));
#2326 = CARTESIAN_POINT('',(6.125,3.));
#2327 = ( GEOMETRIC_REPRESENTATION_CONTEXT(2) 
PARAMETRIC_REPRESENTATION_CONTEXT() REPRESENTATION_CONTEXT('2D SPACE',''
  ) );
#2328 = ORIENTED_EDGE('',*,*,#2329,.T.);
#2329 = EDGE_CURVE('',#2302,#1556,#2330,.T.);
#2330 = SURFACE_CURVE('',#2331,(#2336,#2343),.PCURVE_S1.);
#2331 = CIRCLE('',#2332,3.);
#2332 = AXIS2_PLACEMENT_3D('',#2333,#2334,#2335);
#2333 = CARTESIAN_POINT('',(-35.7235479061,20.625,2.));
#2334 = DIRECTION('',(0.,0.,1.));
#2335 = DIRECTION('',(0.5,0.866025403784,-0.));
#2336 = PCURVE('',#196,#2337);
#2337 = DEFINITIONAL_REPRESENTATION('',(#2338),#2342);
#2338 = LINE('',#2339,#2340);
#2339 = CARTESIAN_POINT('',(-0.,-2.));
#2340 = VECTOR('',#2341,1.);
#2341 = DIRECTION('',(-1.,0.));
#2342 = ( GEOMETRIC_REPRESENTATION_CONTEXT(2) 
PARAMETRIC_REPRESENTATION_CONTEXT() REPRESENTATION_CONTEXT('2D SPACE',''
  ) );
#2343 = PCURVE('',#1594,#2344);
#2344 = DEFINITIONAL_REPRESENTATION('',(#2345),#2349);
#2345 = CIRCLE('',#2346,3.);
#2346 = AXIS2_PLACEMENT_2D('',#2347,#2348);
#2347 = CARTESIAN_POINT('',(35.723547906108,-20.625));
#2348 = DIRECTION('',(-0.5,-0.866025403784));
#2349 = ( GEOMETRIC_REPRESENTATION_CONTEXT(2) 
PARAMETRIC_REPRESENTATION_CONTEXT() REPRESENTATION_CONTEXT('2D SPACE',''
  ) );
#2350 = ORIENTED_EDGE('',*,*,#1555,.F.);
#2351 = ORIENTED_EDGE('',*,*,#179,.F.);
#2352 = ADVANCED_FACE('',(#2353),#255,.F.);
#2353 = FACE_BOUND('',#2354,.T.);
#2354 = EDGE_LOOP('',(#2355,#2378,#2402,#2435,#2459,#2492,#2521,#2549,
    #2578,#2599));
#2355 = ORIENTED_EDGE('',*,*,#2356,.T.);
#2356 = EDGE_CURVE('',#237,#2357,#2359,.T.);
#2357 = VERTEX_POINT('',#2358);
#2358 = CARTESIAN_POINT('',(-3.,29.,2.));
#2359 = SURFACE_CURVE('',#2360,(#2364,#2371),.PCURVE_S1.);
#2360 = LINE('',#2361,#2362);
#2361 = CARTESIAN_POINT('',(-3.,29.,0.));
#2362 = VECTOR('',#2363,1.);
#2363 = DIRECTION('',(-0.,-0.,1.));
#2364 = PCURVE('',#255,#2365);
#2365 = DEFINITIONAL_REPRESENTATION('',(#2366),#2370);
#2366 = LINE('',#2367,#2368);
#2367 = CARTESIAN_POINT('',(-0.,0.));
#2368 = VECTOR('',#2369,1.);
#2369 = DIRECTION('',(-0.,-1.));
#2370 = ( GEOMETRIC_REPRESENTATION_CONTEXT(2) 
PARAMETRIC_REPRESENTATION_CONTEXT() REPRESENTATION_CONTEXT('2D SPACE',''
  ) );
#2371 = PCURVE('',#338,#2372);
#2372 = DEFINITIONAL_REPRESENTATION('',(#2373),#2377);
#2373 = LINE('',#2374,#2375);
#2374 = CARTESIAN_POINT('',(-12.25,0.));
#2375 = VECTOR('',#2376,1.);
#2376 = DIRECTION('',(-0.,-1.));
#2377 = ( GEOMETRIC_REPRESENTATION_CONTEXT(2) 
PARAMETRIC_REPRESENTATION_CONTEXT() REPRESENTATION_CONTEXT('2D SPACE',''
  ) );
#2378 = ORIENTED_EDGE('',*,*,#2379,.T.);
#2379 = EDGE_CURVE('',#2357,#2380,#2382,.T.);
#2380 = VERTEX_POINT('',#2381);
#2381 = CARTESIAN_POINT('',(-2.896397929815,28.218412492317,2.));
#2382 = SURFACE_CURVE('',#2383,(#2388,#2395),.PCURVE_S1.);
#2383 = CIRCLE('',#2384,3.);
#2384 = AXIS2_PLACEMENT_3D('',#2385,#2386,#2387);
#2385 = CARTESIAN_POINT('',(-6.439293542826E-15,29.,2.));
#2386 = DIRECTION('',(0.,-0.,1.));
#2387 = DIRECTION('',(-1.,-2.22044604925E-16,-0.));
#2388 = PCURVE('',#255,#2389);
#2389 = DEFINITIONAL_REPRESENTATION('',(#2390),#2394);
#2390 = LINE('',#2391,#2392);
#2391 = CARTESIAN_POINT('',(-0.,-2.));
#2392 = VECTOR('',#2393,1.);
#2393 = DIRECTION('',(-1.,0.));
#2394 = ( GEOMETRIC_REPRESENTATION_CONTEXT(2) 
PARAMETRIC_REPRESENTATION_CONTEXT() REPRESENTATION_CONTEXT('2D SPACE',''
  ) );
#2395 = PCURVE('',#1490,#2396);
#2396 = DEFINITIONAL_REPRESENTATION('',(#2397),#2401);
#2397 = CIRCLE('',#2398,3.);
#2398 = AXIS2_PLACEMENT_2D('',#2399,#2400);
#2399 = CARTESIAN_POINT('',(3.63128813697E-15,-29.));
#2400 = DIRECTION('',(1.,2.22044604925E-16));
#2401 = ( GEOMETRIC_REPRESENTATION_CONTEXT(2) 
PARAMETRIC_REPRESENTATION_CONTEXT() REPRESENTATION_CONTEXT('2D SPACE',''
  ) );
#2402 = ORIENTED_EDGE('',*,*,#2403,.T.);
#2403 = EDGE_CURVE('',#2380,#2404,#2406,.T.);
#2404 = VERTEX_POINT('',#2405);
#2405 = CARTESIAN_POINT('',(-2.571900062146,27.455548618332,2.));
#2406 = SURFACE_CURVE('',#2407,(#2412,#2419),.PCURVE_S1.);
#2407 = CIRCLE('',#2408,3.);
#2408 = AXIS2_PLACEMENT_3D('',#2409,#2410,#2411);
#2409 = CARTESIAN_POINT('',(-6.439293542826E-15,29.,2.));
#2410 = DIRECTION('',(0.,-0.,1.));
#2411 = DIRECTION('',(-1.,-2.22044604925E-16,-0.));
#2412 = PCURVE('',#255,#2413);
#2413 = DEFINITIONAL_REPRESENTATION('',(#2414),#2418);
#2414 = LINE('',#2415,#2416);
#2415 = CARTESIAN_POINT('',(-0.,-2.));
#2416 = VECTOR('',#2417,1.);
#2417 = DIRECTION('',(-1.,0.));
#2418 = ( GEOMETRIC_REPRESENTATION_CONTEXT(2) 
PARAMETRIC_REPRESENTATION_CONTEXT() REPRESENTATION_CONTEXT('2D SPACE',''
  ) );
#2419 = PCURVE('',#2420,#2425);
#2420 = PLANE('',#2421);
#2421 = AXIS2_PLACEMENT_3D('',#2422,#2423,#2424);
#2422 = CARTESIAN_POINT('',(-7.820215063749E-15,35.125,2.));
#2423 = DIRECTION('',(-0.,-0.,-1.));
#2424 = DIRECTION('',(-2.22044604925E-16,1.,0.));
#2425 = DEFINITIONAL_REPRESENTATION('',(#2426),#2434);
#2426 = ( BOUNDED_CURVE() B_SPLINE_CURVE(2,(#2427,#2428,#2429,#2430,
#2431,#2432,#2433),.UNSPECIFIED.,.T.,.F.) B_SPLINE_CURVE_WITH_KNOTS((1,2
    ,2,2,2,1),(-2.094395102393,0.,2.094395102393,4.188790204786,
6.28318530718,8.377580409573),.UNSPECIFIED.) CURVE() 
GEOMETRIC_REPRESENTATION_ITEM() RATIONAL_B_SPLINE_CURVE((1.,0.5,1.,0.5,
1.,0.5,1.)) REPRESENTATION_ITEM('') );
#2427 = CARTESIAN_POINT('',(-6.125,-3.));
#2428 = CARTESIAN_POINT('',(-11.3211524227,-3.));
#2429 = CARTESIAN_POINT('',(-8.723076211353,1.5));
#2430 = CARTESIAN_POINT('',(-6.125,6.));
#2431 = CARTESIAN_POINT('',(-3.526923788647,1.5));
#2432 = CARTESIAN_POINT('',(-0.928847577293,-3.));
#2433 = CARTESIAN_POINT('',(-6.125,-3.));
#2434 = ( GEOMETRIC_REPRESENTATION_CONTEXT(2) 
PARAMETRIC_REPRESENTATION_CONTEXT() REPRESENTATION_CONTEXT('2D SPACE',''
  ) );
#2435 = ORIENTED_EDGE('',*,*,#2436,.T.);
#2436 = EDGE_CURVE('',#2404,#2437,#2439,.T.);
#2437 = VERTEX_POINT('',#2438);
#2438 = CARTESIAN_POINT('',(-1.097655450455,26.208019965672,2.));
#2439 = SURFACE_CURVE('',#2440,(#2445,#2452),.PCURVE_S1.);
#2440 = CIRCLE('',#2441,3.);
#2441 = AXIS2_PLACEMENT_3D('',#2442,#2443,#2444);
#2442 = CARTESIAN_POINT('',(-6.439293542826E-15,29.,2.));
#2443 = DIRECTION('',(0.,-0.,1.));
#2444 = DIRECTION('',(-1.,-2.22044604925E-16,-0.));
#2445 = PCURVE('',#255,#2446);
#2446 = DEFINITIONAL_REPRESENTATION('',(#2447),#2451);
#2447 = LINE('',#2448,#2449);
#2448 = CARTESIAN_POINT('',(-0.,-2.));
#2449 = VECTOR('',#2450,1.);
#2450 = DIRECTION('',(-1.,0.));
#2451 = ( GEOMETRIC_REPRESENTATION_CONTEXT(2) 
PARAMETRIC_REPRESENTATION_CONTEXT() REPRESENTATION_CONTEXT('2D SPACE',''
  ) );
#2452 = PCURVE('',#1433,#2453);
#2453 = DEFINITIONAL_REPRESENTATION('',(#2454),#2458);
#2454 = CIRCLE('',#2455,3.);
#2455 = AXIS2_PLACEMENT_2D('',#2456,#2457);
#2456 = CARTESIAN_POINT('',(3.63128813697E-15,-29.));
#2457 = DIRECTION('',(1.,2.22044604925E-16));
#2458 = ( GEOMETRIC_REPRESENTATION_CONTEXT(2) 
PARAMETRIC_REPRESENTATION_CONTEXT() REPRESENTATION_CONTEXT('2D SPACE',''
  ) );
#2459 = ORIENTED_EDGE('',*,*,#2460,.T.);
#2460 = EDGE_CURVE('',#2437,#2461,#2463,.T.);
#2461 = VERTEX_POINT('',#2462);
#2462 = CARTESIAN_POINT('',(1.306002537289,26.299193199691,2.));
#2463 = SURFACE_CURVE('',#2464,(#2469,#2476),.PCURVE_S1.);
#2464 = CIRCLE('',#2465,3.);
#2465 = AXIS2_PLACEMENT_3D('',#2466,#2467,#2468);
#2466 = CARTESIAN_POINT('',(-6.439293542826E-15,29.,2.));
#2467 = DIRECTION('',(0.,-0.,1.));
#2468 = DIRECTION('',(-1.,-2.22044604925E-16,-0.));
#2469 = PCURVE('',#255,#2470);
#2470 = DEFINITIONAL_REPRESENTATION('',(#2471),#2475);
#2471 = LINE('',#2472,#2473);
#2472 = CARTESIAN_POINT('',(-0.,-2.));
#2473 = VECTOR('',#2474,1.);
#2474 = DIRECTION('',(-1.,0.));
#2475 = ( GEOMETRIC_REPRESENTATION_CONTEXT(2) 
PARAMETRIC_REPRESENTATION_CONTEXT() REPRESENTATION_CONTEXT('2D SPACE',''
  ) );
#2476 = PCURVE('',#2477,#2482);
#2477 = PLANE('',#2478);
#2478 = AXIS2_PLACEMENT_3D('',#2479,#2480,#2481);
#2479 = CARTESIAN_POINT('',(-7.820215063749E-15,35.125,2.));
#2480 = DIRECTION('',(-0.,-0.,-1.));
#2481 = DIRECTION('',(-2.22044604925E-16,1.,0.));
#2482 = DEFINITIONAL_REPRESENTATION('',(#2483),#2491);
#2483 = ( BOUNDED_CURVE() B_SPLINE_CURVE(2,(#2484,#2485,#2486,#2487,
#2488,#2489,#2490),.UNSPECIFIED.,.T.,.F.) B_SPLINE_CURVE_WITH_KNOTS((1,2
    ,2,2,2,1),(-2.094395102393,0.,2.094395102393,4.188790204786,
6.28318530718,8.377580409573),.UNSPECIFIED.) CURVE() 
GEOMETRIC_REPRESENTATION_ITEM() RATIONAL_B_SPLINE_CURVE((1.,0.5,1.,0.5,
1.,0.5,1.)) REPRESENTATION_ITEM('') );
#2484 = CARTESIAN_POINT('',(-6.125,-3.));
#2485 = CARTESIAN_POINT('',(-11.3211524227,-3.));
#2486 = CARTESIAN_POINT('',(-8.723076211353,1.5));
#2487 = CARTESIAN_POINT('',(-6.125,6.));
#2488 = CARTESIAN_POINT('',(-3.526923788647,1.5));
#2489 = CARTESIAN_POINT('',(-0.928847577293,-3.));
#2490 = CARTESIAN_POINT('',(-6.125,-3.));
#2491 = ( GEOMETRIC_REPRESENTATION_CONTEXT(2) 
PARAMETRIC_REPRESENTATION_CONTEXT() REPRESENTATION_CONTEXT('2D SPACE',''
  ) );
#2492 = ORIENTED_EDGE('',*,*,#2493,.T.);
#2493 = EDGE_CURVE('',#2461,#2494,#2496,.T.);
#2494 = VERTEX_POINT('',#2495);
#2495 = CARTESIAN_POINT('',(2.681506929791,27.654815780096,2.));
#2496 = SURFACE_CURVE('',#2497,(#2502,#2509),.PCURVE_S1.);
#2497 = CIRCLE('',#2498,3.);
#2498 = AXIS2_PLACEMENT_3D('',#2499,#2500,#2501);
#2499 = CARTESIAN_POINT('',(-6.439293542826E-15,29.,2.));
#2500 = DIRECTION('',(0.,-0.,1.));
#2501 = DIRECTION('',(-1.,-2.22044604925E-16,-0.));
#2502 = PCURVE('',#255,#2503);
#2503 = DEFINITIONAL_REPRESENTATION('',(#2504),#2508);
#2504 = LINE('',#2505,#2506);
#2505 = CARTESIAN_POINT('',(-0.,-2.));
#2506 = VECTOR('',#2507,1.);
#2507 = DIRECTION('',(-1.,0.));
#2508 = ( GEOMETRIC_REPRESENTATION_CONTEXT(2) 
PARAMETRIC_REPRESENTATION_CONTEXT() REPRESENTATION_CONTEXT('2D SPACE',''
  ) );
#2509 = PCURVE('',#2510,#2515);
#2510 = PLANE('',#2511);
#2511 = AXIS2_PLACEMENT_3D('',#2512,#2513,#2514);
#2512 = CARTESIAN_POINT('',(-2.808005405856E-15,-3.707602883041E-15,2.)
  );
#2513 = DIRECTION('',(-0.,-0.,1.));
#2514 = DIRECTION('',(-1.,0.,0.));
#2515 = DEFINITIONAL_REPRESENTATION('',(#2516),#2520);
#2516 = CIRCLE('',#2517,3.);
#2517 = AXIS2_PLACEMENT_2D('',#2518,#2519);
#2518 = CARTESIAN_POINT('',(3.63128813697E-15,-29.));
#2519 = DIRECTION('',(1.,2.22044604925E-16));
#2520 = ( GEOMETRIC_REPRESENTATION_CONTEXT(2) 
PARAMETRIC_REPRESENTATION_CONTEXT() REPRESENTATION_CONTEXT('2D SPACE',''
  ) );
#2521 = ORIENTED_EDGE('',*,*,#2522,.T.);
#2522 = EDGE_CURVE('',#2494,#2523,#2525,.T.);
#2523 = VERTEX_POINT('',#2524);
#2524 = CARTESIAN_POINT('',(2.947283100971,28.440069359002,2.));
#2525 = SURFACE_CURVE('',#2526,(#2531,#2538),.PCURVE_S1.);
#2526 = CIRCLE('',#2527,3.);
#2527 = AXIS2_PLACEMENT_3D('',#2528,#2529,#2530);
#2528 = CARTESIAN_POINT('',(-6.439293542826E-15,29.,2.));
#2529 = DIRECTION('',(0.,-0.,1.));
#2530 = DIRECTION('',(-1.,-2.22044604925E-16,-0.));
#2531 = PCURVE('',#255,#2532);
#2532 = DEFINITIONAL_REPRESENTATION('',(#2533),#2537);
#2533 = LINE('',#2534,#2535);
#2534 = CARTESIAN_POINT('',(-0.,-2.));
#2535 = VECTOR('',#2536,1.);
#2536 = DIRECTION('',(-1.,0.));
#2537 = ( GEOMETRIC_REPRESENTATION_CONTEXT(2) 
PARAMETRIC_REPRESENTATION_CONTEXT() REPRESENTATION_CONTEXT('2D SPACE',''
  ) );
#2538 = PCURVE('',#2420,#2539);
#2539 = DEFINITIONAL_REPRESENTATION('',(#2540),#2548);
#2540 = ( BOUNDED_CURVE() B_SPLINE_CURVE(2,(#2541,#2542,#2543,#2544,
#2545,#2546,#2547),.UNSPECIFIED.,.T.,.F.) B_SPLINE_CURVE_WITH_KNOTS((1,2
    ,2,2,2,1),(-2.094395102393,0.,2.094395102393,4.188790204786,
6.28318530718,8.377580409573),.UNSPECIFIED.) CURVE() 
GEOMETRIC_REPRESENTATION_ITEM() RATIONAL_B_SPLINE_CURVE((1.,0.5,1.,0.5,
1.,0.5,1.)) REPRESENTATION_ITEM('') );
#2541 = CARTESIAN_POINT('',(-6.125,-3.));
#2542 = CARTESIAN_POINT('',(-11.3211524227,-3.));
#2543 = CARTESIAN_POINT('',(-8.723076211353,1.5));
#2544 = CARTESIAN_POINT('',(-6.125,6.));
#2545 = CARTESIAN_POINT('',(-3.526923788647,1.5));
#2546 = CARTESIAN_POINT('',(-0.928847577293,-3.));
#2547 = CARTESIAN_POINT('',(-6.125,-3.));
#2548 = ( GEOMETRIC_REPRESENTATION_CONTEXT(2) 
PARAMETRIC_REPRESENTATION_CONTEXT() REPRESENTATION_CONTEXT('2D SPACE',''
  ) );
#2549 = ORIENTED_EDGE('',*,*,#2550,.T.);
#2550 = EDGE_CURVE('',#2523,#2551,#2553,.T.);
#2551 = VERTEX_POINT('',#2552);
#2552 = CARTESIAN_POINT('',(3.,29.,2.));
#2553 = SURFACE_CURVE('',#2554,(#2559,#2566),.PCURVE_S1.);
#2554 = CIRCLE('',#2555,3.);
#2555 = AXIS2_PLACEMENT_3D('',#2556,#2557,#2558);
#2556 = CARTESIAN_POINT('',(-6.439293542826E-15,29.,2.));
#2557 = DIRECTION('',(0.,-0.,1.));
#2558 = DIRECTION('',(-1.,-2.22044604925E-16,-0.));
#2559 = PCURVE('',#255,#2560);
#2560 = DEFINITIONAL_REPRESENTATION('',(#2561),#2565);
#2561 = LINE('',#2562,#2563);
#2562 = CARTESIAN_POINT('',(-0.,-2.));
#2563 = VECTOR('',#2564,1.);
#2564 = DIRECTION('',(-1.,0.));
#2565 = ( GEOMETRIC_REPRESENTATION_CONTEXT(2) 
PARAMETRIC_REPRESENTATION_CONTEXT() REPRESENTATION_CONTEXT('2D SPACE',''
  ) );
#2566 = PCURVE('',#2567,#2572);
#2567 = PLANE('',#2568);
#2568 = AXIS2_PLACEMENT_3D('',#2569,#2570,#2571);
#2569 = CARTESIAN_POINT('',(-2.808005405856E-15,-3.707602883041E-15,2.)
  );
#2570 = DIRECTION('',(-0.,-0.,1.));
#2571 = DIRECTION('',(-1.,0.,0.));
#2572 = DEFINITIONAL_REPRESENTATION('',(#2573),#2577);
#2573 = CIRCLE('',#2574,3.);
#2574 = AXIS2_PLACEMENT_2D('',#2575,#2576);
#2575 = CARTESIAN_POINT('',(3.63128813697E-15,-29.));
#2576 = DIRECTION('',(1.,2.22044604925E-16));
#2577 = ( GEOMETRIC_REPRESENTATION_CONTEXT(2) 
PARAMETRIC_REPRESENTATION_CONTEXT() REPRESENTATION_CONTEXT('2D SPACE',''
  ) );
#2578 = ORIENTED_EDGE('',*,*,#2579,.F.);
#2579 = EDGE_CURVE('',#239,#2551,#2580,.T.);
#2580 = SURFACE_CURVE('',#2581,(#2585,#2592),.PCURVE_S1.);
#2581 = LINE('',#2582,#2583);
#2582 = CARTESIAN_POINT('',(3.,29.,0.));
#2583 = VECTOR('',#2584,1.);
#2584 = DIRECTION('',(-0.,-0.,1.));
#2585 = PCURVE('',#255,#2586);
#2586 = DEFINITIONAL_REPRESENTATION('',(#2587),#2591);
#2587 = LINE('',#2588,#2589);
#2588 = CARTESIAN_POINT('',(-3.14159265359,0.));
#2589 = VECTOR('',#2590,1.);
#2590 = DIRECTION('',(-0.,-1.));
#2591 = ( GEOMETRIC_REPRESENTATION_CONTEXT(2) 
PARAMETRIC_REPRESENTATION_CONTEXT() REPRESENTATION_CONTEXT('2D SPACE',''
  ) );
#2592 = PCURVE('',#283,#2593);
#2593 = DEFINITIONAL_REPRESENTATION('',(#2594),#2598);
#2594 = LINE('',#2595,#2596);
#2595 = CARTESIAN_POINT('',(-0.,0.));
#2596 = VECTOR('',#2597,1.);
#2597 = DIRECTION('',(-0.,-1.));
#2598 = ( GEOMETRIC_REPRESENTATION_CONTEXT(2) 
PARAMETRIC_REPRESENTATION_CONTEXT() REPRESENTATION_CONTEXT('2D SPACE',''
  ) );
#2599 = ORIENTED_EDGE('',*,*,#236,.F.);
#2600 = ADVANCED_FACE('',(#2601),#338,.F.);
#2601 = FACE_BOUND('',#2602,.T.);
#2602 = EDGE_LOOP('',(#2603,#2626,#2654,#2677,#2705,#2728,#2756,#2779,
    #2807,#2830,#2858,#2881,#2909,#2930,#2931));
#2603 = ORIENTED_EDGE('',*,*,#2604,.T.);
#2604 = EDGE_CURVE('',#296,#2605,#2607,.T.);
#2605 = VERTEX_POINT('',#2606);
#2606 = CARTESIAN_POINT('',(-3.,41.25,2.));
#2607 = SURFACE_CURVE('',#2608,(#2612,#2619),.PCURVE_S1.);
#2608 = LINE('',#2609,#2610);
#2609 = CARTESIAN_POINT('',(-3.,41.25,0.));
#2610 = VECTOR('',#2611,1.);
#2611 = DIRECTION('',(-0.,-0.,1.));
#2612 = PCURVE('',#338,#2613);
#2613 = DEFINITIONAL_REPRESENTATION('',(#2614),#2618);
#2614 = LINE('',#2615,#2616);
#2615 = CARTESIAN_POINT('',(-0.,-0.));
#2616 = VECTOR('',#2617,1.);
#2617 = DIRECTION('',(-0.,-1.));
#2618 = ( GEOMETRIC_REPRESENTATION_CONTEXT(2) 
PARAMETRIC_REPRESENTATION_CONTEXT() REPRESENTATION_CONTEXT('2D SPACE',''
  ) );
#2619 = PCURVE('',#312,#2620);
#2620 = DEFINITIONAL_REPRESENTATION('',(#2621),#2625);
#2621 = LINE('',#2622,#2623);
#2622 = CARTESIAN_POINT('',(-3.14159265359,0.));
#2623 = VECTOR('',#2624,1.);
#2624 = DIRECTION('',(-0.,-1.));
#2625 = ( GEOMETRIC_REPRESENTATION_CONTEXT(2) 
PARAMETRIC_REPRESENTATION_CONTEXT() REPRESENTATION_CONTEXT('2D SPACE',''
  ) );
#2626 = ORIENTED_EDGE('',*,*,#2627,.T.);
#2627 = EDGE_CURVE('',#2605,#2628,#2630,.T.);
#2628 = VERTEX_POINT('',#2629);
#2629 = CARTESIAN_POINT('',(-2.999999999999,40.693979898752,2.));
#2630 = SURFACE_CURVE('',#2631,(#2635,#2642),.PCURVE_S1.);
#2631 = LINE('',#2632,#2633);
#2632 = CARTESIAN_POINT('',(-3.,41.25,2.));
#2633 = VECTOR('',#2634,1.);
#2634 = DIRECTION('',(2.22044604925E-16,-1.,-0.));
#2635 = PCURVE('',#338,#2636);
#2636 = DEFINITIONAL_REPRESENTATION('',(#2637),#2641);
#2637 = LINE('',#2638,#2639);
#2638 = CARTESIAN_POINT('',(-0.,-2.));
#2639 = VECTOR('',#2640,1.);
#2640 = DIRECTION('',(-1.,0.));
#2641 = ( GEOMETRIC_REPRESENTATION_CONTEXT(2) 
PARAMETRIC_REPRESENTATION_CONTEXT() REPRESENTATION_CONTEXT('2D SPACE',''
  ) );
#2642 = PCURVE('',#2643,#2648);
#2643 = PLANE('',#2644);
#2644 = AXIS2_PLACEMENT_3D('',#2645,#2646,#2647);
#2645 = CARTESIAN_POINT('',(-7.820215063749E-15,35.125,2.));
#2646 = DIRECTION('',(-0.,-0.,-1.));
#2647 = DIRECTION('',(-2.22044604925E-16,1.,0.));
#2648 = DEFINITIONAL_REPRESENTATION('',(#2649),#2653);
#2649 = LINE('',#2650,#2651);
#2650 = CARTESIAN_POINT('',(6.125,-3.));
#2651 = VECTOR('',#2652,1.);
#2652 = DIRECTION('',(-1.,0.));
#2653 = ( GEOMETRIC_REPRESENTATION_CONTEXT(2) 
PARAMETRIC_REPRESENTATION_CONTEXT() REPRESENTATION_CONTEXT('2D SPACE',''
  ) );
#2654 = ORIENTED_EDGE('',*,*,#2655,.T.);
#2655 = EDGE_CURVE('',#2628,#2656,#2658,.T.);
#2656 = VERTEX_POINT('',#2657);
#2657 = CARTESIAN_POINT('',(-3.,39.286638950157,2.));
#2658 = SURFACE_CURVE('',#2659,(#2663,#2670),.PCURVE_S1.);
#2659 = LINE('',#2660,#2661);
#2660 = CARTESIAN_POINT('',(-3.,41.25,2.));
#2661 = VECTOR('',#2662,1.);
#2662 = DIRECTION('',(2.22044604925E-16,-1.,-0.));
#2663 = PCURVE('',#338,#2664);
#2664 = DEFINITIONAL_REPRESENTATION('',(#2665),#2669);
#2665 = LINE('',#2666,#2667);
#2666 = CARTESIAN_POINT('',(-0.,-2.));
#2667 = VECTOR('',#2668,1.);
#2668 = DIRECTION('',(-1.,0.));
#2669 = ( GEOMETRIC_REPRESENTATION_CONTEXT(2) 
PARAMETRIC_REPRESENTATION_CONTEXT() REPRESENTATION_CONTEXT('2D SPACE',''
  ) );
#2670 = PCURVE('',#2156,#2671);
#2671 = DEFINITIONAL_REPRESENTATION('',(#2672),#2676);
#2672 = LINE('',#2673,#2674);
#2673 = CARTESIAN_POINT('',(3.,-41.25));
#2674 = VECTOR('',#2675,1.);
#2675 = DIRECTION('',(-2.22044604925E-16,1.));
#2676 = ( GEOMETRIC_REPRESENTATION_CONTEXT(2) 
PARAMETRIC_REPRESENTATION_CONTEXT() REPRESENTATION_CONTEXT('2D SPACE',''
  ) );
#2677 = ORIENTED_EDGE('',*,*,#2678,.T.);
#2678 = EDGE_CURVE('',#2656,#2679,#2681,.T.);
#2679 = VERTEX_POINT('',#2680);
#2680 = CARTESIAN_POINT('',(-2.999999999999,38.482203679104,2.));
#2681 = SURFACE_CURVE('',#2682,(#2686,#2693),.PCURVE_S1.);
#2682 = LINE('',#2683,#2684);
#2683 = CARTESIAN_POINT('',(-3.,41.25,2.));
#2684 = VECTOR('',#2685,1.);
#2685 = DIRECTION('',(2.22044604925E-16,-1.,-0.));
#2686 = PCURVE('',#338,#2687);
#2687 = DEFINITIONAL_REPRESENTATION('',(#2688),#2692);
#2688 = LINE('',#2689,#2690);
#2689 = CARTESIAN_POINT('',(-0.,-2.));
#2690 = VECTOR('',#2691,1.);
#2691 = DIRECTION('',(-1.,0.));
#2692 = ( GEOMETRIC_REPRESENTATION_CONTEXT(2) 
PARAMETRIC_REPRESENTATION_CONTEXT() REPRESENTATION_CONTEXT('2D SPACE',''
  ) );
#2693 = PCURVE('',#2694,#2699);
#2694 = PLANE('',#2695);
#2695 = AXIS2_PLACEMENT_3D('',#2696,#2697,#2698);
#2696 = CARTESIAN_POINT('',(-7.820215063749E-15,35.125,2.));
#2697 = DIRECTION('',(-0.,-0.,-1.));
#2698 = DIRECTION('',(-2.22044604925E-16,1.,0.));
#2699 = DEFINITIONAL_REPRESENTATION('',(#2700),#2704);
#2700 = LINE('',#2701,#2702);
#2701 = CARTESIAN_POINT('',(6.125,-3.));
#2702 = VECTOR('',#2703,1.);
#2703 = DIRECTION('',(-1.,0.));
#2704 = ( GEOMETRIC_REPRESENTATION_CONTEXT(2) 
PARAMETRIC_REPRESENTATION_CONTEXT() REPRESENTATION_CONTEXT('2D SPACE',''
  ) );
#2705 = ORIENTED_EDGE('',*,*,#2706,.T.);
#2706 = EDGE_CURVE('',#2679,#2707,#2709,.T.);
#2707 = VERTEX_POINT('',#2708);
#2708 = CARTESIAN_POINT('',(-3.000000000001,37.073980093861,2.));
#2709 = SURFACE_CURVE('',#2710,(#2714,#2721),.PCURVE_S1.);
#2710 = LINE('',#2711,#2712);
#2711 = CARTESIAN_POINT('',(-3.,41.25,2.));
#2712 = VECTOR('',#2713,1.);
#2713 = DIRECTION('',(2.22044604925E-16,-1.,-0.));
#2714 = PCURVE('',#338,#2715);
#2715 = DEFINITIONAL_REPRESENTATION('',(#2716),#2720);
#2716 = LINE('',#2717,#2718);
#2717 = CARTESIAN_POINT('',(-0.,-2.));
#2718 = VECTOR('',#2719,1.);
#2719 = DIRECTION('',(-1.,0.));
#2720 = ( GEOMETRIC_REPRESENTATION_CONTEXT(2) 
PARAMETRIC_REPRESENTATION_CONTEXT() REPRESENTATION_CONTEXT('2D SPACE',''
  ) );
#2721 = PCURVE('',#2105,#2722);
#2722 = DEFINITIONAL_REPRESENTATION('',(#2723),#2727);
#2723 = LINE('',#2724,#2725);
#2724 = CARTESIAN_POINT('',(3.,-41.25));
#2725 = VECTOR('',#2726,1.);
#2726 = DIRECTION('',(-2.22044604925E-16,1.));
#2727 = ( GEOMETRIC_REPRESENTATION_CONTEXT(2) 
PARAMETRIC_REPRESENTATION_CONTEXT() REPRESENTATION_CONTEXT('2D SPACE',''
  ) );
#2728 = ORIENTED_EDGE('',*,*,#2729,.T.);
#2729 = EDGE_CURVE('',#2707,#2730,#2732,.T.);
#2730 = VERTEX_POINT('',#2731);
#2731 = CARTESIAN_POINT('',(-3.000000000001,36.268995023297,2.));
#2732 = SURFACE_CURVE('',#2733,(#2737,#2744),.PCURVE_S1.);
#2733 = LINE('',#2734,#2735);
#2734 = CARTESIAN_POINT('',(-3.,41.25,2.));
#2735 = VECTOR('',#2736,1.);
#2736 = DIRECTION('',(2.22044604925E-16,-1.,-0.));
#2737 = PCURVE('',#338,#2738);
#2738 = DEFINITIONAL_REPRESENTATION('',(#2739),#2743);
#2739 = LINE('',#2740,#2741);
#2740 = CARTESIAN_POINT('',(-0.,-2.));
#2741 = VECTOR('',#2742,1.);
#2742 = DIRECTION('',(-1.,0.));
#2743 = ( GEOMETRIC_REPRESENTATION_CONTEXT(2) 
PARAMETRIC_REPRESENTATION_CONTEXT() REPRESENTATION_CONTEXT('2D SPACE',''
  ) );
#2744 = PCURVE('',#2745,#2750);
#2745 = PLANE('',#2746);
#2746 = AXIS2_PLACEMENT_3D('',#2747,#2748,#2749);
#2747 = CARTESIAN_POINT('',(-7.820215063749E-15,35.125,2.));
#2748 = DIRECTION('',(-0.,-0.,-1.));
#2749 = DIRECTION('',(-2.22044604925E-16,1.,0.));
#2750 = DEFINITIONAL_REPRESENTATION('',(#2751),#2755);
#2751 = LINE('',#2752,#2753);
#2752 = CARTESIAN_POINT('',(6.125,-3.));
#2753 = VECTOR('',#2754,1.);
#2754 = DIRECTION('',(-1.,0.));
#2755 = ( GEOMETRIC_REPRESENTATION_CONTEXT(2) 
PARAMETRIC_REPRESENTATION_CONTEXT() REPRESENTATION_CONTEXT('2D SPACE',''
  ) );
#2756 = ORIENTED_EDGE('',*,*,#2757,.T.);
#2757 = EDGE_CURVE('',#2730,#2758,#2760,.T.);
#2758 = VERTEX_POINT('',#2759);
#2759 = CARTESIAN_POINT('',(-2.999999999999,34.859718874369,2.));
#2760 = SURFACE_CURVE('',#2761,(#2765,#2772),.PCURVE_S1.);
#2761 = LINE('',#2762,#2763);
#2762 = CARTESIAN_POINT('',(-3.,41.25,2.));
#2763 = VECTOR('',#2764,1.);
#2764 = DIRECTION('',(2.22044604925E-16,-1.,-0.));
#2765 = PCURVE('',#338,#2766);
#2766 = DEFINITIONAL_REPRESENTATION('',(#2767),#2771);
#2767 = LINE('',#2768,#2769);
#2768 = CARTESIAN_POINT('',(-0.,-2.));
#2769 = VECTOR('',#2770,1.);
#2770 = DIRECTION('',(-1.,0.));
#2771 = ( GEOMETRIC_REPRESENTATION_CONTEXT(2) 
PARAMETRIC_REPRESENTATION_CONTEXT() REPRESENTATION_CONTEXT('2D SPACE',''
  ) );
#2772 = PCURVE('',#2054,#2773);
#2773 = DEFINITIONAL_REPRESENTATION('',(#2774),#2778);
#2774 = LINE('',#2775,#2776);
#2775 = CARTESIAN_POINT('',(3.,-41.25));
#2776 = VECTOR('',#2777,1.);
#2777 = DIRECTION('',(-2.22044604925E-16,1.));
#2778 = ( GEOMETRIC_REPRESENTATION_CONTEXT(2) 
PARAMETRIC_REPRESENTATION_CONTEXT() REPRESENTATION_CONTEXT('2D SPACE',''
  ) );
#2779 = ORIENTED_EDGE('',*,*,#2780,.T.);
#2780 = EDGE_CURVE('',#2758,#2781,#2783,.T.);
#2781 = VERTEX_POINT('',#2782);
#2782 = CARTESIAN_POINT('',(-3.,34.054074646068,2.));
#2783 = SURFACE_CURVE('',#2784,(#2788,#2795),.PCURVE_S1.);
#2784 = LINE('',#2785,#2786);
#2785 = CARTESIAN_POINT('',(-3.,41.25,2.));
#2786 = VECTOR('',#2787,1.);
#2787 = DIRECTION('',(2.22044604925E-16,-1.,-0.));
#2788 = PCURVE('',#338,#2789);
#2789 = DEFINITIONAL_REPRESENTATION('',(#2790),#2794);
#2790 = LINE('',#2791,#2792);
#2791 = CARTESIAN_POINT('',(-0.,-2.));
#2792 = VECTOR('',#2793,1.);
#2793 = DIRECTION('',(-1.,0.));
#2794 = ( GEOMETRIC_REPRESENTATION_CONTEXT(2) 
PARAMETRIC_REPRESENTATION_CONTEXT() REPRESENTATION_CONTEXT('2D SPACE',''
  ) );
#2795 = PCURVE('',#2796,#2801);
#2796 = PLANE('',#2797);
#2797 = AXIS2_PLACEMENT_3D('',#2798,#2799,#2800);
#2798 = CARTESIAN_POINT('',(-7.820215063749E-15,35.125,2.));
#2799 = DIRECTION('',(-0.,-0.,-1.));
#2800 = DIRECTION('',(-2.22044604925E-16,1.,0.));
#2801 = DEFINITIONAL_REPRESENTATION('',(#2802),#2806);
#2802 = LINE('',#2803,#2804);
#2803 = CARTESIAN_POINT('',(6.125,-3.));
#2804 = VECTOR('',#2805,1.);
#2805 = DIRECTION('',(-1.,0.));
#2806 = ( GEOMETRIC_REPRESENTATION_CONTEXT(2) 
PARAMETRIC_REPRESENTATION_CONTEXT() REPRESENTATION_CONTEXT('2D SPACE',''
  ) );
#2807 = ORIENTED_EDGE('',*,*,#2808,.T.);
#2808 = EDGE_CURVE('',#2781,#2809,#2811,.T.);
#2809 = VERTEX_POINT('',#2810);
#2810 = CARTESIAN_POINT('',(-3.000000000001,32.643529220965,2.));
#2811 = SURFACE_CURVE('',#2812,(#2816,#2823),.PCURVE_S1.);
#2812 = LINE('',#2813,#2814);
#2813 = CARTESIAN_POINT('',(-3.,41.25,2.));
#2814 = VECTOR('',#2815,1.);
#2815 = DIRECTION('',(2.22044604925E-16,-1.,-0.));
#2816 = PCURVE('',#338,#2817);
#2817 = DEFINITIONAL_REPRESENTATION('',(#2818),#2822);
#2818 = LINE('',#2819,#2820);
#2819 = CARTESIAN_POINT('',(-0.,-2.));
#2820 = VECTOR('',#2821,1.);
#2821 = DIRECTION('',(-1.,0.));
#2822 = ( GEOMETRIC_REPRESENTATION_CONTEXT(2) 
PARAMETRIC_REPRESENTATION_CONTEXT() REPRESENTATION_CONTEXT('2D SPACE',''
  ) );
#2823 = PCURVE('',#2003,#2824);
#2824 = DEFINITIONAL_REPRESENTATION('',(#2825),#2829);
#2825 = LINE('',#2826,#2827);
#2826 = CARTESIAN_POINT('',(3.,-41.25));
#2827 = VECTOR('',#2828,1.);
#2828 = DIRECTION('',(-2.22044604925E-16,1.));
#2829 = ( GEOMETRIC_REPRESENTATION_CONTEXT(2) 
PARAMETRIC_REPRESENTATION_CONTEXT() REPRESENTATION_CONTEXT('2D SPACE',''
  ) );
#2830 = ORIENTED_EDGE('',*,*,#2831,.T.);
#2831 = EDGE_CURVE('',#2809,#2832,#2834,.T.);
#2832 = VERTEX_POINT('',#2833);
#2833 = CARTESIAN_POINT('',(-3.,31.837085293726,2.));
#2834 = SURFACE_CURVE('',#2835,(#2839,#2846),.PCURVE_S1.);
#2835 = LINE('',#2836,#2837);
#2836 = CARTESIAN_POINT('',(-3.,41.25,2.));
#2837 = VECTOR('',#2838,1.);
#2838 = DIRECTION('',(2.22044604925E-16,-1.,-0.));
#2839 = PCURVE('',#338,#2840);
#2840 = DEFINITIONAL_REPRESENTATION('',(#2841),#2845);
#2841 = LINE('',#2842,#2843);
#2842 = CARTESIAN_POINT('',(-0.,-2.));
#2843 = VECTOR('',#2844,1.);
#2844 = DIRECTION('',(-1.,0.));
#2845 = ( GEOMETRIC_REPRESENTATION_CONTEXT(2) 
PARAMETRIC_REPRESENTATION_CONTEXT() REPRESENTATION_CONTEXT('2D SPACE',''
  ) );
#2846 = PCURVE('',#2847,#2852);
#2847 = PLANE('',#2848);
#2848 = AXIS2_PLACEMENT_3D('',#2849,#2850,#2851);
#2849 = CARTESIAN_POINT('',(-7.820215063749E-15,35.125,2.));
#2850 = DIRECTION('',(-0.,-0.,-1.));
#2851 = DIRECTION('',(-2.22044604925E-16,1.,0.));
#2852 = DEFINITIONAL_REPRESENTATION('',(#2853),#2857);
#2853 = LINE('',#2854,#2855);
#2854 = CARTESIAN_POINT('',(6.125,-3.));
#2855 = VECTOR('',#2856,1.);
#2856 = DIRECTION('',(-1.,0.));
#2857 = ( GEOMETRIC_REPRESENTATION_CONTEXT(2) 
PARAMETRIC_REPRESENTATION_CONTEXT() REPRESENTATION_CONTEXT('2D SPACE',''
  ) );
#2858 = ORIENTED_EDGE('',*,*,#2859,.T.);
#2859 = EDGE_CURVE('',#2832,#2860,#2862,.T.);
#2860 = VERTEX_POINT('',#2861);
#2861 = CARTESIAN_POINT('',(-3.,30.42498972884,2.));
#2862 = SURFACE_CURVE('',#2863,(#2867,#2874),.PCURVE_S1.);
#2863 = LINE('',#2864,#2865);
#2864 = CARTESIAN_POINT('',(-3.,41.25,2.));
#2865 = VECTOR('',#2866,1.);
#2866 = DIRECTION('',(2.22044604925E-16,-1.,-0.));
#2867 = PCURVE('',#338,#2868);
#2868 = DEFINITIONAL_REPRESENTATION('',(#2869),#2873);
#2869 = LINE('',#2870,#2871);
#2870 = CARTESIAN_POINT('',(-0.,-2.));
#2871 = VECTOR('',#2872,1.);
#2872 = DIRECTION('',(-1.,0.));
#2873 = ( GEOMETRIC_REPRESENTATION_CONTEXT(2) 
PARAMETRIC_REPRESENTATION_CONTEXT() REPRESENTATION_CONTEXT('2D SPACE',''
  ) );
#2874 = PCURVE('',#1952,#2875);
#2875 = DEFINITIONAL_REPRESENTATION('',(#2876),#2880);
#2876 = LINE('',#2877,#2878);
#2877 = CARTESIAN_POINT('',(3.,-41.25));
#2878 = VECTOR('',#2879,1.);
#2879 = DIRECTION('',(-2.22044604925E-16,1.));
#2880 = ( GEOMETRIC_REPRESENTATION_CONTEXT(2) 
PARAMETRIC_REPRESENTATION_CONTEXT() REPRESENTATION_CONTEXT('2D SPACE',''
  ) );
#2881 = ORIENTED_EDGE('',*,*,#2882,.T.);
#2882 = EDGE_CURVE('',#2860,#2883,#2885,.T.);
#2883 = VERTEX_POINT('',#2884);
#2884 = CARTESIAN_POINT('',(-3.,29.617562357493,2.));
#2885 = SURFACE_CURVE('',#2886,(#2890,#2897),.PCURVE_S1.);
#2886 = LINE('',#2887,#2888);
#2887 = CARTESIAN_POINT('',(-3.,41.25,2.));
#2888 = VECTOR('',#2889,1.);
#2889 = DIRECTION('',(2.22044604925E-16,-1.,-0.));
#2890 = PCURVE('',#338,#2891);
#2891 = DEFINITIONAL_REPRESENTATION('',(#2892),#2896);
#2892 = LINE('',#2893,#2894);
#2893 = CARTESIAN_POINT('',(-0.,-2.));
#2894 = VECTOR('',#2895,1.);
#2895 = DIRECTION('',(-1.,0.));
#2896 = ( GEOMETRIC_REPRESENTATION_CONTEXT(2) 
PARAMETRIC_REPRESENTATION_CONTEXT() REPRESENTATION_CONTEXT('2D SPACE',''
  ) );
#2897 = PCURVE('',#2898,#2903);
#2898 = PLANE('',#2899);
#2899 = AXIS2_PLACEMENT_3D('',#2900,#2901,#2902);
#2900 = CARTESIAN_POINT('',(-7.820215063749E-15,35.125,2.));
#2901 = DIRECTION('',(-0.,-0.,-1.));
#2902 = DIRECTION('',(-2.22044604925E-16,1.,0.));
#2903 = DEFINITIONAL_REPRESENTATION('',(#2904),#2908);
#2904 = LINE('',#2905,#2906);
#2905 = CARTESIAN_POINT('',(6.125,-3.));
#2906 = VECTOR('',#2907,1.);
#2907 = DIRECTION('',(-1.,0.));
#2908 = ( GEOMETRIC_REPRESENTATION_CONTEXT(2) 
PARAMETRIC_REPRESENTATION_CONTEXT() REPRESENTATION_CONTEXT('2D SPACE',''
  ) );
#2909 = ORIENTED_EDGE('',*,*,#2910,.T.);
#2910 = EDGE_CURVE('',#2883,#2357,#2911,.T.);
#2911 = SURFACE_CURVE('',#2912,(#2916,#2923),.PCURVE_S1.);
#2912 = LINE('',#2913,#2914);
#2913 = CARTESIAN_POINT('',(-3.,41.25,2.));
#2914 = VECTOR('',#2915,1.);
#2915 = DIRECTION('',(2.22044604925E-16,-1.,-0.));
#2916 = PCURVE('',#338,#2917);
#2917 = DEFINITIONAL_REPRESENTATION('',(#2918),#2922);
#2918 = LINE('',#2919,#2920);
#2919 = CARTESIAN_POINT('',(-0.,-2.));
#2920 = VECTOR('',#2921,1.);
#2921 = DIRECTION('',(-1.,0.));
#2922 = ( GEOMETRIC_REPRESENTATION_CONTEXT(2) 
PARAMETRIC_REPRESENTATION_CONTEXT() REPRESENTATION_CONTEXT('2D SPACE',''
  ) );
#2923 = PCURVE('',#1490,#2924);
#2924 = DEFINITIONAL_REPRESENTATION('',(#2925),#2929);
#2925 = LINE('',#2926,#2927);
#2926 = CARTESIAN_POINT('',(3.,-41.25));
#2927 = VECTOR('',#2928,1.);
#2928 = DIRECTION('',(-2.22044604925E-16,1.));
#2929 = ( GEOMETRIC_REPRESENTATION_CONTEXT(2) 
PARAMETRIC_REPRESENTATION_CONTEXT() REPRESENTATION_CONTEXT('2D SPACE',''
  ) );
#2930 = ORIENTED_EDGE('',*,*,#2356,.F.);
#2931 = ORIENTED_EDGE('',*,*,#324,.F.);
#2932 = ADVANCED_FACE('',(#2933),#283,.F.);
#2933 = FACE_BOUND('',#2934,.T.);
#2934 = EDGE_LOOP('',(#2935,#2936,#2959,#2982,#3010,#3033,#3061,#3084,
    #3112,#3135,#3163,#3186,#3214,#3237,#3258));
#2935 = ORIENTED_EDGE('',*,*,#2579,.T.);
#2936 = ORIENTED_EDGE('',*,*,#2937,.T.);
#2937 = EDGE_CURVE('',#2551,#2938,#2940,.T.);
#2938 = VERTEX_POINT('',#2939);
#2939 = CARTESIAN_POINT('',(3.,29.839571042493,2.));
#2940 = SURFACE_CURVE('',#2941,(#2945,#2952),.PCURVE_S1.);
#2941 = LINE('',#2942,#2943);
#2942 = CARTESIAN_POINT('',(3.,29.,2.));
#2943 = VECTOR('',#2944,1.);
#2944 = DIRECTION('',(-2.22044604925E-16,1.,0.));
#2945 = PCURVE('',#283,#2946);
#2946 = DEFINITIONAL_REPRESENTATION('',(#2947),#2951);
#2947 = LINE('',#2948,#2949);
#2948 = CARTESIAN_POINT('',(-0.,-2.));
#2949 = VECTOR('',#2950,1.);
#2950 = DIRECTION('',(-1.,-0.));
#2951 = ( GEOMETRIC_REPRESENTATION_CONTEXT(2) 
PARAMETRIC_REPRESENTATION_CONTEXT() REPRESENTATION_CONTEXT('2D SPACE',''
  ) );
#2952 = PCURVE('',#2567,#2953);
#2953 = DEFINITIONAL_REPRESENTATION('',(#2954),#2958);
#2954 = LINE('',#2955,#2956);
#2955 = CARTESIAN_POINT('',(-3.,-29.));
#2956 = VECTOR('',#2957,1.);
#2957 = DIRECTION('',(2.22044604925E-16,-1.));
#2958 = ( GEOMETRIC_REPRESENTATION_CONTEXT(2) 
PARAMETRIC_REPRESENTATION_CONTEXT() REPRESENTATION_CONTEXT('2D SPACE',''
  ) );
#2959 = ORIENTED_EDGE('',*,*,#2960,.T.);
#2960 = EDGE_CURVE('',#2938,#2961,#2963,.T.);
#2961 = VERTEX_POINT('',#2962);
#2962 = CARTESIAN_POINT('',(2.999999999999,30.641148803529,2.));
#2963 = SURFACE_CURVE('',#2964,(#2968,#2975),.PCURVE_S1.);
#2964 = LINE('',#2965,#2966);
#2965 = CARTESIAN_POINT('',(3.,29.,2.));
#2966 = VECTOR('',#2967,1.);
#2967 = DIRECTION('',(-2.22044604925E-16,1.,0.));
#2968 = PCURVE('',#283,#2969);
#2969 = DEFINITIONAL_REPRESENTATION('',(#2970),#2974);
#2970 = LINE('',#2971,#2972);
#2971 = CARTESIAN_POINT('',(-0.,-2.));
#2972 = VECTOR('',#2973,1.);
#2973 = DIRECTION('',(-1.,-0.));
#2974 = ( GEOMETRIC_REPRESENTATION_CONTEXT(2) 
PARAMETRIC_REPRESENTATION_CONTEXT() REPRESENTATION_CONTEXT('2D SPACE',''
  ) );
#2975 = PCURVE('',#2898,#2976);
#2976 = DEFINITIONAL_REPRESENTATION('',(#2977),#2981);
#2977 = LINE('',#2978,#2979);
#2978 = CARTESIAN_POINT('',(-6.125,3.));
#2979 = VECTOR('',#2980,1.);
#2980 = DIRECTION('',(1.,-0.));
#2981 = ( GEOMETRIC_REPRESENTATION_CONTEXT(2) 
PARAMETRIC_REPRESENTATION_CONTEXT() REPRESENTATION_CONTEXT('2D SPACE',''
  ) );
#2982 = ORIENTED_EDGE('',*,*,#2983,.T.);
#2983 = EDGE_CURVE('',#2961,#2984,#2986,.T.);
#2984 = VERTEX_POINT('',#2985);
#2985 = CARTESIAN_POINT('',(3.000000000001,32.043720133592,2.));
#2986 = SURFACE_CURVE('',#2987,(#2991,#2998),.PCURVE_S1.);
#2987 = LINE('',#2988,#2989);
#2988 = CARTESIAN_POINT('',(3.,29.,2.));
#2989 = VECTOR('',#2990,1.);
#2990 = DIRECTION('',(-2.22044604925E-16,1.,0.));
#2991 = PCURVE('',#283,#2992);
#2992 = DEFINITIONAL_REPRESENTATION('',(#2993),#2997);
#2993 = LINE('',#2994,#2995);
#2994 = CARTESIAN_POINT('',(-0.,-2.));
#2995 = VECTOR('',#2996,1.);
#2996 = DIRECTION('',(-1.,-0.));
#2997 = ( GEOMETRIC_REPRESENTATION_CONTEXT(2) 
PARAMETRIC_REPRESENTATION_CONTEXT() REPRESENTATION_CONTEXT('2D SPACE',''
  ) );
#2998 = PCURVE('',#2999,#3004);
#2999 = PLANE('',#3000);
#3000 = AXIS2_PLACEMENT_3D('',#3001,#3002,#3003);
#3001 = CARTESIAN_POINT('',(-2.808005405856E-15,-3.707602883041E-15,2.)
  );
#3002 = DIRECTION('',(-0.,-0.,1.));
#3003 = DIRECTION('',(-1.,0.,0.));
#3004 = DEFINITIONAL_REPRESENTATION('',(#3005),#3009);
#3005 = LINE('',#3006,#3007);
#3006 = CARTESIAN_POINT('',(-3.,-29.));
#3007 = VECTOR('',#3008,1.);
#3008 = DIRECTION('',(2.22044604925E-16,-1.));
#3009 = ( GEOMETRIC_REPRESENTATION_CONTEXT(2) 
PARAMETRIC_REPRESENTATION_CONTEXT() REPRESENTATION_CONTEXT('2D SPACE',''
  ) );
#3010 = ORIENTED_EDGE('',*,*,#3011,.T.);
#3011 = EDGE_CURVE('',#2984,#3012,#3014,.T.);
#3012 = VERTEX_POINT('',#3013);
#3013 = CARTESIAN_POINT('',(3.000000000001,32.845090957402,2.));
#3014 = SURFACE_CURVE('',#3015,(#3019,#3026),.PCURVE_S1.);
#3015 = LINE('',#3016,#3017);
#3016 = CARTESIAN_POINT('',(3.,29.,2.));
#3017 = VECTOR('',#3018,1.);
#3018 = DIRECTION('',(-2.22044604925E-16,1.,0.));
#3019 = PCURVE('',#283,#3020);
#3020 = DEFINITIONAL_REPRESENTATION('',(#3021),#3025);
#3021 = LINE('',#3022,#3023);
#3022 = CARTESIAN_POINT('',(-0.,-2.));
#3023 = VECTOR('',#3024,1.);
#3024 = DIRECTION('',(-1.,-0.));
#3025 = ( GEOMETRIC_REPRESENTATION_CONTEXT(2) 
PARAMETRIC_REPRESENTATION_CONTEXT() REPRESENTATION_CONTEXT('2D SPACE',''
  ) );
#3026 = PCURVE('',#2847,#3027);
#3027 = DEFINITIONAL_REPRESENTATION('',(#3028),#3032);
#3028 = LINE('',#3029,#3030);
#3029 = CARTESIAN_POINT('',(-6.125,3.));
#3030 = VECTOR('',#3031,1.);
#3031 = DIRECTION('',(1.,-0.));
#3032 = ( GEOMETRIC_REPRESENTATION_CONTEXT(2) 
PARAMETRIC_REPRESENTATION_CONTEXT() REPRESENTATION_CONTEXT('2D SPACE',''
  ) );
#3033 = ORIENTED_EDGE('',*,*,#3034,.T.);
#3034 = EDGE_CURVE('',#3012,#3035,#3037,.T.);
#3035 = VERTEX_POINT('',#3036);
#3036 = CARTESIAN_POINT('',(3.000000000001,34.247335662793,2.));
#3037 = SURFACE_CURVE('',#3038,(#3042,#3049),.PCURVE_S1.);
#3038 = LINE('',#3039,#3040);
#3039 = CARTESIAN_POINT('',(3.,29.,2.));
#3040 = VECTOR('',#3041,1.);
#3041 = DIRECTION('',(-2.22044604925E-16,1.,0.));
#3042 = PCURVE('',#283,#3043);
#3043 = DEFINITIONAL_REPRESENTATION('',(#3044),#3048);
#3044 = LINE('',#3045,#3046);
#3045 = CARTESIAN_POINT('',(-0.,-2.));
#3046 = VECTOR('',#3047,1.);
#3047 = DIRECTION('',(-1.,-0.));
#3048 = ( GEOMETRIC_REPRESENTATION_CONTEXT(2) 
PARAMETRIC_REPRESENTATION_CONTEXT() REPRESENTATION_CONTEXT('2D SPACE',''
  ) );
#3049 = PCURVE('',#3050,#3055);
#3050 = PLANE('',#3051);
#3051 = AXIS2_PLACEMENT_3D('',#3052,#3053,#3054);
#3052 = CARTESIAN_POINT('',(-2.808005405856E-15,-3.707602883041E-15,2.)
  );
#3053 = DIRECTION('',(-0.,-0.,1.));
#3054 = DIRECTION('',(-1.,0.,0.));
#3055 = DEFINITIONAL_REPRESENTATION('',(#3056),#3060);
#3056 = LINE('',#3057,#3058);
#3057 = CARTESIAN_POINT('',(-3.,-29.));
#3058 = VECTOR('',#3059,1.);
#3059 = DIRECTION('',(2.22044604925E-16,-1.));
#3060 = ( GEOMETRIC_REPRESENTATION_CONTEXT(2) 
PARAMETRIC_REPRESENTATION_CONTEXT() REPRESENTATION_CONTEXT('2D SPACE',''
  ) );
#3061 = ORIENTED_EDGE('',*,*,#3062,.T.);
#3062 = EDGE_CURVE('',#3035,#3063,#3065,.T.);
#3063 = VERTEX_POINT('',#3064);
#3064 = CARTESIAN_POINT('',(3.,35.048537772638,2.));
#3065 = SURFACE_CURVE('',#3066,(#3070,#3077),.PCURVE_S1.);
#3066 = LINE('',#3067,#3068);
#3067 = CARTESIAN_POINT('',(3.,29.,2.));
#3068 = VECTOR('',#3069,1.);
#3069 = DIRECTION('',(-2.22044604925E-16,1.,0.));
#3070 = PCURVE('',#283,#3071);
#3071 = DEFINITIONAL_REPRESENTATION('',(#3072),#3076);
#3072 = LINE('',#3073,#3074);
#3073 = CARTESIAN_POINT('',(-0.,-2.));
#3074 = VECTOR('',#3075,1.);
#3075 = DIRECTION('',(-1.,-0.));
#3076 = ( GEOMETRIC_REPRESENTATION_CONTEXT(2) 
PARAMETRIC_REPRESENTATION_CONTEXT() REPRESENTATION_CONTEXT('2D SPACE',''
  ) );
#3077 = PCURVE('',#2796,#3078);
#3078 = DEFINITIONAL_REPRESENTATION('',(#3079),#3083);
#3079 = LINE('',#3080,#3081);
#3080 = CARTESIAN_POINT('',(-6.125,3.));
#3081 = VECTOR('',#3082,1.);
#3082 = DIRECTION('',(1.,-0.));
#3083 = ( GEOMETRIC_REPRESENTATION_CONTEXT(2) 
PARAMETRIC_REPRESENTATION_CONTEXT() REPRESENTATION_CONTEXT('2D SPACE',''
  ) );
#3084 = ORIENTED_EDGE('',*,*,#3085,.T.);
#3085 = EDGE_CURVE('',#3063,#3086,#3088,.T.);
#3086 = VERTEX_POINT('',#3087);
#3087 = CARTESIAN_POINT('',(3.,36.450514399663,2.));
#3088 = SURFACE_CURVE('',#3089,(#3093,#3100),.PCURVE_S1.);
#3089 = LINE('',#3090,#3091);
#3090 = CARTESIAN_POINT('',(3.,29.,2.));
#3091 = VECTOR('',#3092,1.);
#3092 = DIRECTION('',(-2.22044604925E-16,1.,0.));
#3093 = PCURVE('',#283,#3094);
#3094 = DEFINITIONAL_REPRESENTATION('',(#3095),#3099);
#3095 = LINE('',#3096,#3097);
#3096 = CARTESIAN_POINT('',(-0.,-2.));
#3097 = VECTOR('',#3098,1.);
#3098 = DIRECTION('',(-1.,-0.));
#3099 = ( GEOMETRIC_REPRESENTATION_CONTEXT(2) 
PARAMETRIC_REPRESENTATION_CONTEXT() REPRESENTATION_CONTEXT('2D SPACE',''
  ) );
#3100 = PCURVE('',#3101,#3106);
#3101 = PLANE('',#3102);
#3102 = AXIS2_PLACEMENT_3D('',#3103,#3104,#3105);
#3103 = CARTESIAN_POINT('',(-2.808005405856E-15,-3.707602883041E-15,2.)
  );
#3104 = DIRECTION('',(-0.,-0.,1.));
#3105 = DIRECTION('',(-1.,0.,0.));
#3106 = DEFINITIONAL_REPRESENTATION('',(#3107),#3111);
#3107 = LINE('',#3108,#3109);
#3108 = CARTESIAN_POINT('',(-3.,-29.));
#3109 = VECTOR('',#3110,1.);
#3110 = DIRECTION('',(2.22044604925E-16,-1.));
#3111 = ( GEOMETRIC_REPRESENTATION_CONTEXT(2) 
PARAMETRIC_REPRESENTATION_CONTEXT() REPRESENTATION_CONTEXT('2D SPACE',''
  ) );
#3112 = ORIENTED_EDGE('',*,*,#3113,.T.);
#3113 = EDGE_CURVE('',#3086,#3114,#3116,.T.);
#3114 = VERTEX_POINT('',#3115);
#3115 = CARTESIAN_POINT('',(2.999999999999,37.25157714782,2.));
#3116 = SURFACE_CURVE('',#3117,(#3121,#3128),.PCURVE_S1.);
#3117 = LINE('',#3118,#3119);
#3118 = CARTESIAN_POINT('',(3.,29.,2.));
#3119 = VECTOR('',#3120,1.);
#3120 = DIRECTION('',(-2.22044604925E-16,1.,0.));
#3121 = PCURVE('',#283,#3122);
#3122 = DEFINITIONAL_REPRESENTATION('',(#3123),#3127);
#3123 = LINE('',#3124,#3125);
#3124 = CARTESIAN_POINT('',(-0.,-2.));
#3125 = VECTOR('',#3126,1.);
#3126 = DIRECTION('',(-1.,-0.));
#3127 = ( GEOMETRIC_REPRESENTATION_CONTEXT(2) 
PARAMETRIC_REPRESENTATION_CONTEXT() REPRESENTATION_CONTEXT('2D SPACE',''
  ) );
#3128 = PCURVE('',#2745,#3129);
#3129 = DEFINITIONAL_REPRESENTATION('',(#3130),#3134);
#3130 = LINE('',#3131,#3132);
#3131 = CARTESIAN_POINT('',(-6.125,3.));
#3132 = VECTOR('',#3133,1.);
#3133 = DIRECTION('',(1.,-0.));
#3134 = ( GEOMETRIC_REPRESENTATION_CONTEXT(2) 
PARAMETRIC_REPRESENTATION_CONTEXT() REPRESENTATION_CONTEXT('2D SPACE',''
  ) );
#3135 = ORIENTED_EDGE('',*,*,#3136,.T.);
#3136 = EDGE_CURVE('',#3114,#3137,#3139,.T.);
#3137 = VERTEX_POINT('',#3138);
#3138 = CARTESIAN_POINT('',(3.000000000001,38.65333103369,2.));
#3139 = SURFACE_CURVE('',#3140,(#3144,#3151),.PCURVE_S1.);
#3140 = LINE('',#3141,#3142);
#3141 = CARTESIAN_POINT('',(3.,29.,2.));
#3142 = VECTOR('',#3143,1.);
#3143 = DIRECTION('',(-2.22044604925E-16,1.,0.));
#3144 = PCURVE('',#283,#3145);
#3145 = DEFINITIONAL_REPRESENTATION('',(#3146),#3150);
#3146 = LINE('',#3147,#3148);
#3147 = CARTESIAN_POINT('',(-0.,-2.));
#3148 = VECTOR('',#3149,1.);
#3149 = DIRECTION('',(-1.,-0.));
#3150 = ( GEOMETRIC_REPRESENTATION_CONTEXT(2) 
PARAMETRIC_REPRESENTATION_CONTEXT() REPRESENTATION_CONTEXT('2D SPACE',''
  ) );
#3151 = PCURVE('',#3152,#3157);
#3152 = PLANE('',#3153);
#3153 = AXIS2_PLACEMENT_3D('',#3154,#3155,#3156);
#3154 = CARTESIAN_POINT('',(-2.808005405856E-15,-3.707602883041E-15,2.)
  );
#3155 = DIRECTION('',(-0.,-0.,1.));
#3156 = DIRECTION('',(-1.,0.,0.));
#3157 = DEFINITIONAL_REPRESENTATION('',(#3158),#3162);
#3158 = LINE('',#3159,#3160);
#3159 = CARTESIAN_POINT('',(-3.,-29.));
#3160 = VECTOR('',#3161,1.);
#3161 = DIRECTION('',(2.22044604925E-16,-1.));
#3162 = ( GEOMETRIC_REPRESENTATION_CONTEXT(2) 
PARAMETRIC_REPRESENTATION_CONTEXT() REPRESENTATION_CONTEXT('2D SPACE',''
  ) );
#3163 = ORIENTED_EDGE('',*,*,#3164,.T.);
#3164 = EDGE_CURVE('',#3137,#3165,#3167,.T.);
#3165 = VERTEX_POINT('',#3166);
#3166 = CARTESIAN_POINT('',(3.000000000001,39.454277334657,2.));
#3167 = SURFACE_CURVE('',#3168,(#3172,#3179),.PCURVE_S1.);
#3168 = LINE('',#3169,#3170);
#3169 = CARTESIAN_POINT('',(3.,29.,2.));
#3170 = VECTOR('',#3171,1.);
#3171 = DIRECTION('',(-2.22044604925E-16,1.,0.));
#3172 = PCURVE('',#283,#3173);
#3173 = DEFINITIONAL_REPRESENTATION('',(#3174),#3178);
#3174 = LINE('',#3175,#3176);
#3175 = CARTESIAN_POINT('',(-0.,-2.));
#3176 = VECTOR('',#3177,1.);
#3177 = DIRECTION('',(-1.,-0.));
#3178 = ( GEOMETRIC_REPRESENTATION_CONTEXT(2) 
PARAMETRIC_REPRESENTATION_CONTEXT() REPRESENTATION_CONTEXT('2D SPACE',''
  ) );
#3179 = PCURVE('',#2694,#3180);
#3180 = DEFINITIONAL_REPRESENTATION('',(#3181),#3185);
#3181 = LINE('',#3182,#3183);
#3182 = CARTESIAN_POINT('',(-6.125,3.));
#3183 = VECTOR('',#3184,1.);
#3184 = DIRECTION('',(1.,-0.));
#3185 = ( GEOMETRIC_REPRESENTATION_CONTEXT(2) 
PARAMETRIC_REPRESENTATION_CONTEXT() REPRESENTATION_CONTEXT('2D SPACE',''
  ) );
#3186 = ORIENTED_EDGE('',*,*,#3187,.T.);
#3187 = EDGE_CURVE('',#3165,#3188,#3190,.T.);
#3188 = VERTEX_POINT('',#3189);
#3189 = CARTESIAN_POINT('',(3.,40.855844135203,2.));
#3190 = SURFACE_CURVE('',#3191,(#3195,#3202),.PCURVE_S1.);
#3191 = LINE('',#3192,#3193);
#3192 = CARTESIAN_POINT('',(3.,29.,2.));
#3193 = VECTOR('',#3194,1.);
#3194 = DIRECTION('',(-2.22044604925E-16,1.,0.));
#3195 = PCURVE('',#283,#3196);
#3196 = DEFINITIONAL_REPRESENTATION('',(#3197),#3201);
#3197 = LINE('',#3198,#3199);
#3198 = CARTESIAN_POINT('',(-0.,-2.));
#3199 = VECTOR('',#3200,1.);
#3200 = DIRECTION('',(-1.,-0.));
#3201 = ( GEOMETRIC_REPRESENTATION_CONTEXT(2) 
PARAMETRIC_REPRESENTATION_CONTEXT() REPRESENTATION_CONTEXT('2D SPACE',''
  ) );
#3202 = PCURVE('',#3203,#3208);
#3203 = PLANE('',#3204);
#3204 = AXIS2_PLACEMENT_3D('',#3205,#3206,#3207);
#3205 = CARTESIAN_POINT('',(-2.808005405856E-15,-3.707602883041E-15,2.)
  );
#3206 = DIRECTION('',(-0.,-0.,1.));
#3207 = DIRECTION('',(-1.,0.,0.));
#3208 = DEFINITIONAL_REPRESENTATION('',(#3209),#3213);
#3209 = LINE('',#3210,#3211);
#3210 = CARTESIAN_POINT('',(-3.,-29.));
#3211 = VECTOR('',#3212,1.);
#3212 = DIRECTION('',(2.22044604925E-16,-1.));
#3213 = ( GEOMETRIC_REPRESENTATION_CONTEXT(2) 
PARAMETRIC_REPRESENTATION_CONTEXT() REPRESENTATION_CONTEXT('2D SPACE',''
  ) );
#3214 = ORIENTED_EDGE('',*,*,#3215,.T.);
#3215 = EDGE_CURVE('',#3188,#3216,#3218,.T.);
#3216 = VERTEX_POINT('',#3217);
#3217 = CARTESIAN_POINT('',(3.,41.25,2.));
#3218 = SURFACE_CURVE('',#3219,(#3223,#3230),.PCURVE_S1.);
#3219 = LINE('',#3220,#3221);
#3220 = CARTESIAN_POINT('',(3.,29.,2.));
#3221 = VECTOR('',#3222,1.);
#3222 = DIRECTION('',(-2.22044604925E-16,1.,0.));
#3223 = PCURVE('',#283,#3224);
#3224 = DEFINITIONAL_REPRESENTATION('',(#3225),#3229);
#3225 = LINE('',#3226,#3227);
#3226 = CARTESIAN_POINT('',(-0.,-2.));
#3227 = VECTOR('',#3228,1.);
#3228 = DIRECTION('',(-1.,-0.));
#3229 = ( GEOMETRIC_REPRESENTATION_CONTEXT(2) 
PARAMETRIC_REPRESENTATION_CONTEXT() REPRESENTATION_CONTEXT('2D SPACE',''
  ) );
#3230 = PCURVE('',#2643,#3231);
#3231 = DEFINITIONAL_REPRESENTATION('',(#3232),#3236);
#3232 = LINE('',#3233,#3234);
#3233 = CARTESIAN_POINT('',(-6.125,3.));
#3234 = VECTOR('',#3235,1.);
#3235 = DIRECTION('',(1.,-0.));
#3236 = ( GEOMETRIC_REPRESENTATION_CONTEXT(2) 
PARAMETRIC_REPRESENTATION_CONTEXT() REPRESENTATION_CONTEXT('2D SPACE',''
  ) );
#3237 = ORIENTED_EDGE('',*,*,#3238,.F.);
#3238 = EDGE_CURVE('',#268,#3216,#3239,.T.);
#3239 = SURFACE_CURVE('',#3240,(#3244,#3251),.PCURVE_S1.);
#3240 = LINE('',#3241,#3242);
#3241 = CARTESIAN_POINT('',(3.,41.25,0.));
#3242 = VECTOR('',#3243,1.);
#3243 = DIRECTION('',(-0.,-0.,1.));
#3244 = PCURVE('',#283,#3245);
#3245 = DEFINITIONAL_REPRESENTATION('',(#3246),#3250);
#3246 = LINE('',#3247,#3248);
#3247 = CARTESIAN_POINT('',(-12.25,-0.));
#3248 = VECTOR('',#3249,1.);
#3249 = DIRECTION('',(-0.,-1.));
#3250 = ( GEOMETRIC_REPRESENTATION_CONTEXT(2) 
PARAMETRIC_REPRESENTATION_CONTEXT() REPRESENTATION_CONTEXT('2D SPACE',''
  ) );
#3251 = PCURVE('',#312,#3252);
#3252 = DEFINITIONAL_REPRESENTATION('',(#3253),#3257);
#3253 = LINE('',#3254,#3255);
#3254 = CARTESIAN_POINT('',(-0.,0.));
#3255 = VECTOR('',#3256,1.);
#3256 = DIRECTION('',(-0.,-1.));
#3257 = ( GEOMETRIC_REPRESENTATION_CONTEXT(2) 
PARAMETRIC_REPRESENTATION_CONTEXT() REPRESENTATION_CONTEXT('2D SPACE',''
  ) );
#3258 = ORIENTED_EDGE('',*,*,#267,.F.);
#3259 = ADVANCED_FACE('',(#3260),#312,.F.);
#3260 = FACE_BOUND('',#3261,.T.);
#3261 = EDGE_LOOP('',(#3262,#3263,#3291,#3320,#3351,#3352,#3380,#3404,
    #3430,#3431));
#3262 = ORIENTED_EDGE('',*,*,#3238,.T.);
#3263 = ORIENTED_EDGE('',*,*,#3264,.T.);
#3264 = EDGE_CURVE('',#3216,#3265,#3267,.T.);
#3265 = VERTEX_POINT('',#3266);
#3266 = CARTESIAN_POINT('',(2.972132846938,41.657953845615,2.));
#3267 = SURFACE_CURVE('',#3268,(#3273,#3280),.PCURVE_S1.);
#3268 = CIRCLE('',#3269,3.);
#3269 = AXIS2_PLACEMENT_3D('',#3270,#3271,#3272);
#3270 = CARTESIAN_POINT('',(-9.159339953158E-15,41.25,2.));
#3271 = DIRECTION('',(0.,0.,1.));
#3272 = DIRECTION('',(1.,2.22044604925E-16,-0.));
#3273 = PCURVE('',#312,#3274);
#3274 = DEFINITIONAL_REPRESENTATION('',(#3275),#3279);
#3275 = LINE('',#3276,#3277);
#3276 = CARTESIAN_POINT('',(-0.,-2.));
#3277 = VECTOR('',#3278,1.);
#3278 = DIRECTION('',(-1.,0.));
#3279 = ( GEOMETRIC_REPRESENTATION_CONTEXT(2) 
PARAMETRIC_REPRESENTATION_CONTEXT() REPRESENTATION_CONTEXT('2D SPACE',''
  ) );
#3280 = PCURVE('',#2643,#3281);
#3281 = DEFINITIONAL_REPRESENTATION('',(#3282),#3290);
#3282 = ( BOUNDED_CURVE() B_SPLINE_CURVE(2,(#3283,#3284,#3285,#3286,
#3287,#3288,#3289),.UNSPECIFIED.,.T.,.F.) B_SPLINE_CURVE_WITH_KNOTS((1,2
    ,2,2,2,1),(-2.094395102393,0.,2.094395102393,4.188790204786,
6.28318530718,8.377580409573),.UNSPECIFIED.) CURVE() 
GEOMETRIC_REPRESENTATION_ITEM() RATIONAL_B_SPLINE_CURVE((1.,0.5,1.,0.5,
1.,0.5,1.)) REPRESENTATION_ITEM('') );
#3283 = CARTESIAN_POINT('',(6.125,3.));
#3284 = CARTESIAN_POINT('',(11.321152422707,3.));
#3285 = CARTESIAN_POINT('',(8.723076211353,-1.5));
#3286 = CARTESIAN_POINT('',(6.125,-6.));
#3287 = CARTESIAN_POINT('',(3.526923788647,-1.5));
#3288 = CARTESIAN_POINT('',(0.928847577293,3.));
#3289 = CARTESIAN_POINT('',(6.125,3.));
#3290 = ( GEOMETRIC_REPRESENTATION_CONTEXT(2) 
PARAMETRIC_REPRESENTATION_CONTEXT() REPRESENTATION_CONTEXT('2D SPACE',''
  ) );
#3291 = ORIENTED_EDGE('',*,*,#3292,.T.);
#3292 = EDGE_CURVE('',#3265,#3293,#3295,.T.);
#3293 = VERTEX_POINT('',#3294);
#3294 = CARTESIAN_POINT('',(2.376359462534,43.081096858395,2.));
#3295 = SURFACE_CURVE('',#3296,(#3301,#3308),.PCURVE_S1.);
#3296 = CIRCLE('',#3297,3.);
#3297 = AXIS2_PLACEMENT_3D('',#3298,#3299,#3300);
#3298 = CARTESIAN_POINT('',(-9.159339953158E-15,41.25,2.));
#3299 = DIRECTION('',(0.,0.,1.));
#3300 = DIRECTION('',(1.,2.22044604925E-16,-0.));
#3301 = PCURVE('',#312,#3302);
#3302 = DEFINITIONAL_REPRESENTATION('',(#3303),#3307);
#3303 = LINE('',#3304,#3305);
#3304 = CARTESIAN_POINT('',(-0.,-2.));
#3305 = VECTOR('',#3306,1.);
#3306 = DIRECTION('',(-1.,0.));
#3307 = ( GEOMETRIC_REPRESENTATION_CONTEXT(2) 
PARAMETRIC_REPRESENTATION_CONTEXT() REPRESENTATION_CONTEXT('2D SPACE',''
  ) );
#3308 = PCURVE('',#3309,#3314);
#3309 = PLANE('',#3310);
#3310 = AXIS2_PLACEMENT_3D('',#3311,#3312,#3313);
#3311 = CARTESIAN_POINT('',(-2.808005405856E-15,-3.707602883041E-15,2.)
  );
#3312 = DIRECTION('',(-0.,-0.,1.));
#3313 = DIRECTION('',(-1.,0.,0.));
#3314 = DEFINITIONAL_REPRESENTATION('',(#3315),#3319);
#3315 = CIRCLE('',#3316,3.);
#3316 = AXIS2_PLACEMENT_2D('',#3317,#3318);
#3317 = CARTESIAN_POINT('',(6.351334547301E-15,-41.25));
#3318 = DIRECTION('',(-1.,-2.22044604925E-16));
#3319 = ( GEOMETRIC_REPRESENTATION_CONTEXT(2) 
PARAMETRIC_REPRESENTATION_CONTEXT() REPRESENTATION_CONTEXT('2D SPACE',''
  ) );
#3320 = ORIENTED_EDGE('',*,*,#3321,.T.);
#3321 = EDGE_CURVE('',#3293,#972,#3322,.T.);
#3322 = SURFACE_CURVE('',#3323,(#3328,#3335),.PCURVE_S1.);
#3323 = CIRCLE('',#3324,3.);
#3324 = AXIS2_PLACEMENT_3D('',#3325,#3326,#3327);
#3325 = CARTESIAN_POINT('',(-9.159339953158E-15,41.25,2.));
#3326 = DIRECTION('',(0.,0.,1.));
#3327 = DIRECTION('',(1.,2.22044604925E-16,-0.));
#3328 = PCURVE('',#312,#3329);
#3329 = DEFINITIONAL_REPRESENTATION('',(#3330),#3334);
#3330 = LINE('',#3331,#3332);
#3331 = CARTESIAN_POINT('',(-0.,-2.));
#3332 = VECTOR('',#3333,1.);
#3333 = DIRECTION('',(-1.,0.));
#3334 = ( GEOMETRIC_REPRESENTATION_CONTEXT(2) 
PARAMETRIC_REPRESENTATION_CONTEXT() REPRESENTATION_CONTEXT('2D SPACE',''
  ) );
#3335 = PCURVE('',#3336,#3341);
#3336 = PLANE('',#3337);
#3337 = AXIS2_PLACEMENT_3D('',#3338,#3339,#3340);
#3338 = CARTESIAN_POINT('',(-7.820215063749E-15,35.125,2.));
#3339 = DIRECTION('',(-0.,-0.,-1.));
#3340 = DIRECTION('',(-2.22044604925E-16,1.,0.));
#3341 = DEFINITIONAL_REPRESENTATION('',(#3342),#3350);
#3342 = ( BOUNDED_CURVE() B_SPLINE_CURVE(2,(#3343,#3344,#3345,#3346,
#3347,#3348,#3349),.UNSPECIFIED.,.T.,.F.) B_SPLINE_CURVE_WITH_KNOTS((1,2
    ,2,2,2,1),(-2.094395102393,0.,2.094395102393,4.188790204786,
6.28318530718,8.377580409573),.UNSPECIFIED.) CURVE() 
GEOMETRIC_REPRESENTATION_ITEM() RATIONAL_B_SPLINE_CURVE((1.,0.5,1.,0.5,
1.,0.5,1.)) REPRESENTATION_ITEM('') );
#3343 = CARTESIAN_POINT('',(6.125,3.));
#3344 = CARTESIAN_POINT('',(11.321152422707,3.));
#3345 = CARTESIAN_POINT('',(8.723076211353,-1.5));
#3346 = CARTESIAN_POINT('',(6.125,-6.));
#3347 = CARTESIAN_POINT('',(3.526923788647,-1.5));
#3348 = CARTESIAN_POINT('',(0.928847577293,3.));
#3349 = CARTESIAN_POINT('',(6.125,3.));
#3350 = ( GEOMETRIC_REPRESENTATION_CONTEXT(2) 
PARAMETRIC_REPRESENTATION_CONTEXT() REPRESENTATION_CONTEXT('2D SPACE',''
  ) );
#3351 = ORIENTED_EDGE('',*,*,#1004,.T.);
#3352 = ORIENTED_EDGE('',*,*,#3353,.T.);
#3353 = EDGE_CURVE('',#1005,#3354,#3356,.T.);
#3354 = VERTEX_POINT('',#3355);
#3355 = CARTESIAN_POINT('',(-2.47057125536,42.951845372584,2.));
#3356 = SURFACE_CURVE('',#3357,(#3362,#3369),.PCURVE_S1.);
#3357 = CIRCLE('',#3358,3.);
#3358 = AXIS2_PLACEMENT_3D('',#3359,#3360,#3361);
#3359 = CARTESIAN_POINT('',(-9.159339953158E-15,41.25,2.));
#3360 = DIRECTION('',(0.,0.,1.));
#3361 = DIRECTION('',(1.,2.22044604925E-16,-0.));
#3362 = PCURVE('',#312,#3363);
#3363 = DEFINITIONAL_REPRESENTATION('',(#3364),#3368);
#3364 = LINE('',#3365,#3366);
#3365 = CARTESIAN_POINT('',(-0.,-2.));
#3366 = VECTOR('',#3367,1.);
#3367 = DIRECTION('',(-1.,0.));
#3368 = ( GEOMETRIC_REPRESENTATION_CONTEXT(2) 
PARAMETRIC_REPRESENTATION_CONTEXT() REPRESENTATION_CONTEXT('2D SPACE',''
  ) );
#3369 = PCURVE('',#3336,#3370);
#3370 = DEFINITIONAL_REPRESENTATION('',(#3371),#3379);
#3371 = ( BOUNDED_CURVE() B_SPLINE_CURVE(2,(#3372,#3373,#3374,#3375,
#3376,#3377,#3378),.UNSPECIFIED.,.T.,.F.) B_SPLINE_CURVE_WITH_KNOTS((1,2
    ,2,2,2,1),(-2.094395102393,0.,2.094395102393,4.188790204786,
6.28318530718,8.377580409573),.UNSPECIFIED.) CURVE() 
GEOMETRIC_REPRESENTATION_ITEM() RATIONAL_B_SPLINE_CURVE((1.,0.5,1.,0.5,
1.,0.5,1.)) REPRESENTATION_ITEM('') );
#3372 = CARTESIAN_POINT('',(6.125,3.));
#3373 = CARTESIAN_POINT('',(11.321152422707,3.));
#3374 = CARTESIAN_POINT('',(8.723076211353,-1.5));
#3375 = CARTESIAN_POINT('',(6.125,-6.));
#3376 = CARTESIAN_POINT('',(3.526923788647,-1.5));
#3377 = CARTESIAN_POINT('',(0.928847577293,3.));
#3378 = CARTESIAN_POINT('',(6.125,3.));
#3379 = ( GEOMETRIC_REPRESENTATION_CONTEXT(2) 
PARAMETRIC_REPRESENTATION_CONTEXT() REPRESENTATION_CONTEXT('2D SPACE',''
  ) );
#3380 = ORIENTED_EDGE('',*,*,#3381,.T.);
#3381 = EDGE_CURVE('',#3354,#3382,#3384,.T.);
#3382 = VERTEX_POINT('',#3383);
#3383 = CARTESIAN_POINT('',(-2.98965089471,41.498972945838,2.));
#3384 = SURFACE_CURVE('',#3385,(#3390,#3397),.PCURVE_S1.);
#3385 = CIRCLE('',#3386,3.);
#3386 = AXIS2_PLACEMENT_3D('',#3387,#3388,#3389);
#3387 = CARTESIAN_POINT('',(-9.159339953158E-15,41.25,2.));
#3388 = DIRECTION('',(0.,0.,1.));
#3389 = DIRECTION('',(1.,2.22044604925E-16,-0.));
#3390 = PCURVE('',#312,#3391);
#3391 = DEFINITIONAL_REPRESENTATION('',(#3392),#3396);
#3392 = LINE('',#3393,#3394);
#3393 = CARTESIAN_POINT('',(-0.,-2.));
#3394 = VECTOR('',#3395,1.);
#3395 = DIRECTION('',(-1.,0.));
#3396 = ( GEOMETRIC_REPRESENTATION_CONTEXT(2) 
PARAMETRIC_REPRESENTATION_CONTEXT() REPRESENTATION_CONTEXT('2D SPACE',''
  ) );
#3397 = PCURVE('',#2207,#3398);
#3398 = DEFINITIONAL_REPRESENTATION('',(#3399),#3403);
#3399 = CIRCLE('',#3400,3.);
#3400 = AXIS2_PLACEMENT_2D('',#3401,#3402);
#3401 = CARTESIAN_POINT('',(6.351334547301E-15,-41.25));
#3402 = DIRECTION('',(-1.,-2.22044604925E-16));
#3403 = ( GEOMETRIC_REPRESENTATION_CONTEXT(2) 
PARAMETRIC_REPRESENTATION_CONTEXT() REPRESENTATION_CONTEXT('2D SPACE',''
  ) );
#3404 = ORIENTED_EDGE('',*,*,#3405,.T.);
#3405 = EDGE_CURVE('',#3382,#2605,#3406,.T.);
#3406 = SURFACE_CURVE('',#3407,(#3412,#3419),.PCURVE_S1.);
#3407 = CIRCLE('',#3408,3.);
#3408 = AXIS2_PLACEMENT_3D('',#3409,#3410,#3411);
#3409 = CARTESIAN_POINT('',(-9.159339953158E-15,41.25,2.));
#3410 = DIRECTION('',(0.,0.,1.));
#3411 = DIRECTION('',(1.,2.22044604925E-16,-0.));
#3412 = PCURVE('',#312,#3413);
#3413 = DEFINITIONAL_REPRESENTATION('',(#3414),#3418);
#3414 = LINE('',#3415,#3416);
#3415 = CARTESIAN_POINT('',(-0.,-2.));
#3416 = VECTOR('',#3417,1.);
#3417 = DIRECTION('',(-1.,0.));
#3418 = ( GEOMETRIC_REPRESENTATION_CONTEXT(2) 
PARAMETRIC_REPRESENTATION_CONTEXT() REPRESENTATION_CONTEXT('2D SPACE',''
  ) );
#3419 = PCURVE('',#2643,#3420);
#3420 = DEFINITIONAL_REPRESENTATION('',(#3421),#3429);
#3421 = ( BOUNDED_CURVE() B_SPLINE_CURVE(2,(#3422,#3423,#3424,#3425,
#3426,#3427,#3428),.UNSPECIFIED.,.T.,.F.) B_SPLINE_CURVE_WITH_KNOTS((1,2
    ,2,2,2,1),(-2.094395102393,0.,2.094395102393,4.188790204786,
6.28318530718,8.377580409573),.UNSPECIFIED.) CURVE() 
GEOMETRIC_REPRESENTATION_ITEM() RATIONAL_B_SPLINE_CURVE((1.,0.5,1.,0.5,
1.,0.5,1.)) REPRESENTATION_ITEM('') );
#3422 = CARTESIAN_POINT('',(6.125,3.));
#3423 = CARTESIAN_POINT('',(11.321152422707,3.));
#3424 = CARTESIAN_POINT('',(8.723076211353,-1.5));
#3425 = CARTESIAN_POINT('',(6.125,-6.));
#3426 = CARTESIAN_POINT('',(3.526923788647,-1.5));
#3427 = CARTESIAN_POINT('',(0.928847577293,3.));
#3428 = CARTESIAN_POINT('',(6.125,3.));
#3429 = ( GEOMETRIC_REPRESENTATION_CONTEXT(2) 
PARAMETRIC_REPRESENTATION_CONTEXT() REPRESENTATION_CONTEXT('2D SPACE',''
  ) );
#3430 = ORIENTED_EDGE('',*,*,#2604,.F.);
#3431 = ORIENTED_EDGE('',*,*,#295,.F.);
#3432 = ADVANCED_FACE('',(#3433),#371,.F.);
#3433 = FACE_BOUND('',#3434,.T.);
#3434 = EDGE_LOOP('',(#3435,#3458,#3491,#3515,#3548,#3572,#3600,#3629,
    #3657,#3678));
#3435 = ORIENTED_EDGE('',*,*,#3436,.T.);
#3436 = EDGE_CURVE('',#353,#3437,#3439,.T.);
#3437 = VERTEX_POINT('',#3438);
#3438 = CARTESIAN_POINT('',(23.614736709749,17.098076211353,2.));
#3439 = SURFACE_CURVE('',#3440,(#3444,#3451),.PCURVE_S1.);
#3440 = LINE('',#3441,#3442);
#3441 = CARTESIAN_POINT('',(23.614736709749,17.098076211353,0.));
#3442 = VECTOR('',#3443,1.);
#3443 = DIRECTION('',(-0.,-0.,1.));
#3444 = PCURVE('',#371,#3445);
#3445 = DEFINITIONAL_REPRESENTATION('',(#3446),#3450);
#3446 = LINE('',#3447,#3448);
#3447 = CARTESIAN_POINT('',(-0.,0.));
#3448 = VECTOR('',#3449,1.);
#3449 = DIRECTION('',(-0.,-1.));
#3450 = ( GEOMETRIC_REPRESENTATION_CONTEXT(2) 
PARAMETRIC_REPRESENTATION_CONTEXT() REPRESENTATION_CONTEXT('2D SPACE',''
  ) );
#3451 = PCURVE('',#454,#3452);
#3452 = DEFINITIONAL_REPRESENTATION('',(#3453),#3457);
#3453 = LINE('',#3454,#3455);
#3454 = CARTESIAN_POINT('',(-12.25,0.));
#3455 = VECTOR('',#3456,1.);
#3456 = DIRECTION('',(-0.,-1.));
#3457 = ( GEOMETRIC_REPRESENTATION_CONTEXT(2) 
PARAMETRIC_REPRESENTATION_CONTEXT() REPRESENTATION_CONTEXT('2D SPACE',''
  ) );
#3458 = ORIENTED_EDGE('',*,*,#3459,.T.);
#3459 = EDGE_CURVE('',#3437,#3460,#3462,.T.);
#3460 = VERTEX_POINT('',#3461);
#3461 = CARTESIAN_POINT('',(23.149335240703,16.766538564745,2.));
#3462 = SURFACE_CURVE('',#3463,(#3468,#3475),.PCURVE_S1.);
#3463 = CIRCLE('',#3464,3.);
#3464 = AXIS2_PLACEMENT_3D('',#3465,#3466,#3467);
#3465 = CARTESIAN_POINT('',(25.114736709749,14.5,2.));
#3466 = DIRECTION('',(0.,-0.,1.));
#3467 = DIRECTION('',(-0.5,0.866025403784,0.));
#3468 = PCURVE('',#371,#3469);
#3469 = DEFINITIONAL_REPRESENTATION('',(#3470),#3474);
#3470 = LINE('',#3471,#3472);
#3471 = CARTESIAN_POINT('',(-0.,-2.));
#3472 = VECTOR('',#3473,1.);
#3473 = DIRECTION('',(-1.,0.));
#3474 = ( GEOMETRIC_REPRESENTATION_CONTEXT(2) 
PARAMETRIC_REPRESENTATION_CONTEXT() REPRESENTATION_CONTEXT('2D SPACE',''
  ) );
#3475 = PCURVE('',#3476,#3481);
#3476 = PLANE('',#3477);
#3477 = AXIS2_PLACEMENT_3D('',#3478,#3479,#3480);
#3478 = CARTESIAN_POINT('',(30.419142307928,17.5625,2.));
#3479 = DIRECTION('',(-0.,-0.,-1.));
#3480 = DIRECTION('',(0.866025403784,0.5,0.));
#3481 = DEFINITIONAL_REPRESENTATION('',(#3482),#3490);
#3482 = ( BOUNDED_CURVE() B_SPLINE_CURVE(2,(#3483,#3484,#3485,#3486,
#3487,#3488,#3489),.UNSPECIFIED.,.T.,.F.) B_SPLINE_CURVE_WITH_KNOTS((1,2
    ,2,2,2,1),(-2.094395102393,0.,2.094395102393,4.188790204786,
6.28318530718,8.377580409573),.UNSPECIFIED.) CURVE() 
GEOMETRIC_REPRESENTATION_ITEM() RATIONAL_B_SPLINE_CURVE((1.,0.5,1.,0.5,
1.,0.5,1.)) REPRESENTATION_ITEM('') );
#3483 = CARTESIAN_POINT('',(-6.125,-3.));
#3484 = CARTESIAN_POINT('',(-11.3211524227,-3.));
#3485 = CARTESIAN_POINT('',(-8.723076211353,1.5));
#3486 = CARTESIAN_POINT('',(-6.125,6.));
#3487 = CARTESIAN_POINT('',(-3.526923788647,1.5));
#3488 = CARTESIAN_POINT('',(-0.928847577293,-3.));
#3489 = CARTESIAN_POINT('',(-6.125,-3.));
#3490 = ( GEOMETRIC_REPRESENTATION_CONTEXT(2) 
PARAMETRIC_REPRESENTATION_CONTEXT() REPRESENTATION_CONTEXT('2D SPACE',''
  ) );
#3491 = ORIENTED_EDGE('',*,*,#3492,.T.);
#3492 = EDGE_CURVE('',#3460,#3493,#3495,.T.);
#3493 = VERTEX_POINT('',#3494);
#3494 = CARTESIAN_POINT('',(22.306538428617,15.55547260213,2.));
#3495 = SURFACE_CURVE('',#3496,(#3501,#3508),.PCURVE_S1.);
#3496 = CIRCLE('',#3497,3.);
#3497 = AXIS2_PLACEMENT_3D('',#3498,#3499,#3500);
#3498 = CARTESIAN_POINT('',(25.114736709749,14.5,2.));
#3499 = DIRECTION('',(0.,-0.,1.));
#3500 = DIRECTION('',(-0.5,0.866025403784,0.));
#3501 = PCURVE('',#371,#3502);
#3502 = DEFINITIONAL_REPRESENTATION('',(#3503),#3507);
#3503 = LINE('',#3504,#3505);
#3504 = CARTESIAN_POINT('',(-0.,-2.));
#3505 = VECTOR('',#3506,1.);
#3506 = DIRECTION('',(-1.,0.));
#3507 = ( GEOMETRIC_REPRESENTATION_CONTEXT(2) 
PARAMETRIC_REPRESENTATION_CONTEXT() REPRESENTATION_CONTEXT('2D SPACE',''
  ) );
#3508 = PCURVE('',#2510,#3509);
#3509 = DEFINITIONAL_REPRESENTATION('',(#3510),#3514);
#3510 = CIRCLE('',#3511,3.);
#3511 = AXIS2_PLACEMENT_2D('',#3512,#3513);
#3512 = CARTESIAN_POINT('',(-25.11473670974,-14.5));
#3513 = DIRECTION('',(0.5,-0.866025403784));
#3514 = ( GEOMETRIC_REPRESENTATION_CONTEXT(2) 
PARAMETRIC_REPRESENTATION_CONTEXT() REPRESENTATION_CONTEXT('2D SPACE',''
  ) );
#3515 = ORIENTED_EDGE('',*,*,#3516,.T.);
#3516 = EDGE_CURVE('',#3493,#3517,#3519,.T.);
#3517 = VERTEX_POINT('',#3518);
#3518 = CARTESIAN_POINT('',(22.115272973866,14.443278777131,2.));
#3519 = SURFACE_CURVE('',#3520,(#3525,#3532),.PCURVE_S1.);
#3520 = CIRCLE('',#3521,3.);
#3521 = AXIS2_PLACEMENT_3D('',#3522,#3523,#3524);
#3522 = CARTESIAN_POINT('',(25.114736709749,14.5,2.));
#3523 = DIRECTION('',(0.,-0.,1.));
#3524 = DIRECTION('',(-0.5,0.866025403784,0.));
#3525 = PCURVE('',#371,#3526);
#3526 = DEFINITIONAL_REPRESENTATION('',(#3527),#3531);
#3527 = LINE('',#3528,#3529);
#3528 = CARTESIAN_POINT('',(-0.,-2.));
#3529 = VECTOR('',#3530,1.);
#3530 = DIRECTION('',(-1.,0.));
#3531 = ( GEOMETRIC_REPRESENTATION_CONTEXT(2) 
PARAMETRIC_REPRESENTATION_CONTEXT() REPRESENTATION_CONTEXT('2D SPACE',''
  ) );
#3532 = PCURVE('',#3533,#3538);
#3533 = PLANE('',#3534);
#3534 = AXIS2_PLACEMENT_3D('',#3535,#3536,#3537);
#3535 = CARTESIAN_POINT('',(30.419142307928,17.5625,2.));
#3536 = DIRECTION('',(-0.,-0.,-1.));
#3537 = DIRECTION('',(0.866025403784,0.5,0.));
#3538 = DEFINITIONAL_REPRESENTATION('',(#3539),#3547);
#3539 = ( BOUNDED_CURVE() B_SPLINE_CURVE(2,(#3540,#3541,#3542,#3543,
#3544,#3545,#3546),.UNSPECIFIED.,.T.,.F.) B_SPLINE_CURVE_WITH_KNOTS((1,2
    ,2,2,2,1),(-2.094395102393,0.,2.094395102393,4.188790204786,
6.28318530718,8.377580409573),.UNSPECIFIED.) CURVE() 
GEOMETRIC_REPRESENTATION_ITEM() RATIONAL_B_SPLINE_CURVE((1.,0.5,1.,0.5,
1.,0.5,1.)) REPRESENTATION_ITEM('') );
#3540 = CARTESIAN_POINT('',(-6.125,-3.));
#3541 = CARTESIAN_POINT('',(-11.3211524227,-3.));
#3542 = CARTESIAN_POINT('',(-8.723076211353,1.5));
#3543 = CARTESIAN_POINT('',(-6.125,6.));
#3544 = CARTESIAN_POINT('',(-3.526923788647,1.5));
#3545 = CARTESIAN_POINT('',(-0.928847577293,-3.));
#3546 = CARTESIAN_POINT('',(-6.125,-3.));
#3547 = ( GEOMETRIC_REPRESENTATION_CONTEXT(2) 
PARAMETRIC_REPRESENTATION_CONTEXT() REPRESENTATION_CONTEXT('2D SPACE',''
  ) );
#3548 = ORIENTED_EDGE('',*,*,#3549,.T.);
#3549 = EDGE_CURVE('',#3517,#3550,#3552,.T.);
#3550 = VERTEX_POINT('',#3551);
#3551 = CARTESIAN_POINT('',(23.667799210873,11.872002307013,2.));
#3552 = SURFACE_CURVE('',#3553,(#3558,#3565),.PCURVE_S1.);
#3553 = CIRCLE('',#3554,3.);
#3554 = AXIS2_PLACEMENT_3D('',#3555,#3556,#3557);
#3555 = CARTESIAN_POINT('',(25.114736709749,14.5,2.));
#3556 = DIRECTION('',(0.,-0.,1.));
#3557 = DIRECTION('',(-0.5,0.866025403784,0.));
#3558 = PCURVE('',#371,#3559);
#3559 = DEFINITIONAL_REPRESENTATION('',(#3560),#3564);
#3560 = LINE('',#3561,#3562);
#3561 = CARTESIAN_POINT('',(-0.,-2.));
#3562 = VECTOR('',#3563,1.);
#3563 = DIRECTION('',(-1.,0.));
#3564 = ( GEOMETRIC_REPRESENTATION_CONTEXT(2) 
PARAMETRIC_REPRESENTATION_CONTEXT() REPRESENTATION_CONTEXT('2D SPACE',''
  ) );
#3565 = PCURVE('',#1433,#3566);
#3566 = DEFINITIONAL_REPRESENTATION('',(#3567),#3571);
#3567 = CIRCLE('',#3568,3.);
#3568 = AXIS2_PLACEMENT_2D('',#3569,#3570);
#3569 = CARTESIAN_POINT('',(-25.11473670974,-14.5));
#3570 = DIRECTION('',(0.5,-0.866025403784));
#3571 = ( GEOMETRIC_REPRESENTATION_CONTEXT(2) 
PARAMETRIC_REPRESENTATION_CONTEXT() REPRESENTATION_CONTEXT('2D SPACE',''
  ) );
#3572 = ORIENTED_EDGE('',*,*,#3573,.T.);
#3573 = EDGE_CURVE('',#3550,#3574,#3576,.T.);
#3574 = VERTEX_POINT('',#3575);
#3575 = CARTESIAN_POINT('',(24.741113595629,11.52335662724,2.));
#3576 = SURFACE_CURVE('',#3577,(#3582,#3589),.PCURVE_S1.);
#3577 = CIRCLE('',#3578,3.);
#3578 = AXIS2_PLACEMENT_3D('',#3579,#3580,#3581);
#3579 = CARTESIAN_POINT('',(25.114736709749,14.5,2.));
#3580 = DIRECTION('',(0.,-0.,1.));
#3581 = DIRECTION('',(-0.5,0.866025403784,0.));
#3582 = PCURVE('',#371,#3583);
#3583 = DEFINITIONAL_REPRESENTATION('',(#3584),#3588);
#3584 = LINE('',#3585,#3586);
#3585 = CARTESIAN_POINT('',(-0.,-2.));
#3586 = VECTOR('',#3587,1.);
#3587 = DIRECTION('',(-1.,0.));
#3588 = ( GEOMETRIC_REPRESENTATION_CONTEXT(2) 
PARAMETRIC_REPRESENTATION_CONTEXT() REPRESENTATION_CONTEXT('2D SPACE',''
  ) );
#3589 = PCURVE('',#3533,#3590);
#3590 = DEFINITIONAL_REPRESENTATION('',(#3591),#3599);
#3591 = ( BOUNDED_CURVE() B_SPLINE_CURVE(2,(#3592,#3593,#3594,#3595,
#3596,#3597,#3598),.UNSPECIFIED.,.T.,.F.) B_SPLINE_CURVE_WITH_KNOTS((1,2
    ,2,2,2,1),(-2.094395102393,0.,2.094395102393,4.188790204786,
6.28318530718,8.377580409573),.UNSPECIFIED.) CURVE() 
GEOMETRIC_REPRESENTATION_ITEM() RATIONAL_B_SPLINE_CURVE((1.,0.5,1.,0.5,
1.,0.5,1.)) REPRESENTATION_ITEM('') );
#3592 = CARTESIAN_POINT('',(-6.125,-3.));
#3593 = CARTESIAN_POINT('',(-11.3211524227,-3.));
#3594 = CARTESIAN_POINT('',(-8.723076211353,1.5));
#3595 = CARTESIAN_POINT('',(-6.125,6.));
#3596 = CARTESIAN_POINT('',(-3.526923788647,1.5));
#3597 = CARTESIAN_POINT('',(-0.928847577293,-3.));
#3598 = CARTESIAN_POINT('',(-6.125,-3.));
#3599 = ( GEOMETRIC_REPRESENTATION_CONTEXT(2) 
PARAMETRIC_REPRESENTATION_CONTEXT() REPRESENTATION_CONTEXT('2D SPACE',''
  ) );
#3600 = ORIENTED_EDGE('',*,*,#3601,.T.);
#3601 = EDGE_CURVE('',#3574,#3602,#3604,.T.);
#3602 = VERTEX_POINT('',#3603);
#3603 = CARTESIAN_POINT('',(26.205320544804,11.705250118756,2.));
#3604 = SURFACE_CURVE('',#3605,(#3610,#3617),.PCURVE_S1.);
#3605 = CIRCLE('',#3606,3.);
#3606 = AXIS2_PLACEMENT_3D('',#3607,#3608,#3609);
#3607 = CARTESIAN_POINT('',(25.114736709749,14.5,2.));
#3608 = DIRECTION('',(0.,-0.,1.));
#3609 = DIRECTION('',(-0.5,0.866025403784,0.));
#3610 = PCURVE('',#371,#3611);
#3611 = DEFINITIONAL_REPRESENTATION('',(#3612),#3616);
#3612 = LINE('',#3613,#3614);
#3613 = CARTESIAN_POINT('',(-0.,-2.));
#3614 = VECTOR('',#3615,1.);
#3615 = DIRECTION('',(-1.,0.));
#3616 = ( GEOMETRIC_REPRESENTATION_CONTEXT(2) 
PARAMETRIC_REPRESENTATION_CONTEXT() REPRESENTATION_CONTEXT('2D SPACE',''
  ) );
#3617 = PCURVE('',#3618,#3623);
#3618 = PLANE('',#3619);
#3619 = AXIS2_PLACEMENT_3D('',#3620,#3621,#3622);
#3620 = CARTESIAN_POINT('',(-2.808005405856E-15,-3.707602883041E-15,2.)
  );
#3621 = DIRECTION('',(-0.,-0.,1.));
#3622 = DIRECTION('',(-1.,0.,0.));
#3623 = DEFINITIONAL_REPRESENTATION('',(#3624),#3628);
#3624 = CIRCLE('',#3625,3.);
#3625 = AXIS2_PLACEMENT_2D('',#3626,#3627);
#3626 = CARTESIAN_POINT('',(-25.11473670974,-14.5));
#3627 = DIRECTION('',(0.5,-0.866025403784));
#3628 = ( GEOMETRIC_REPRESENTATION_CONTEXT(2) 
PARAMETRIC_REPRESENTATION_CONTEXT() REPRESENTATION_CONTEXT('2D SPACE',''
  ) );
#3629 = ORIENTED_EDGE('',*,*,#3630,.T.);
#3630 = EDGE_CURVE('',#3602,#3631,#3633,.T.);
#3631 = VERTEX_POINT('',#3632);
#3632 = CARTESIAN_POINT('',(26.614736709749,11.901923788647,2.));
#3633 = SURFACE_CURVE('',#3634,(#3639,#3646),.PCURVE_S1.);
#3634 = CIRCLE('',#3635,3.);
#3635 = AXIS2_PLACEMENT_3D('',#3636,#3637,#3638);
#3636 = CARTESIAN_POINT('',(25.114736709749,14.5,2.));
#3637 = DIRECTION('',(0.,-0.,1.));
#3638 = DIRECTION('',(-0.5,0.866025403784,0.));
#3639 = PCURVE('',#371,#3640);
#3640 = DEFINITIONAL_REPRESENTATION('',(#3641),#3645);
#3641 = LINE('',#3642,#3643);
#3642 = CARTESIAN_POINT('',(-0.,-2.));
#3643 = VECTOR('',#3644,1.);
#3644 = DIRECTION('',(-1.,0.));
#3645 = ( GEOMETRIC_REPRESENTATION_CONTEXT(2) 
PARAMETRIC_REPRESENTATION_CONTEXT() REPRESENTATION_CONTEXT('2D SPACE',''
  ) );
#3646 = PCURVE('',#3476,#3647);
#3647 = DEFINITIONAL_REPRESENTATION('',(#3648),#3656);
#3648 = ( BOUNDED_CURVE() B_SPLINE_CURVE(2,(#3649,#3650,#3651,#3652,
#3653,#3654,#3655),.UNSPECIFIED.,.T.,.F.) B_SPLINE_CURVE_WITH_KNOTS((1,2
    ,2,2,2,1),(-2.094395102393,0.,2.094395102393,4.188790204786,
6.28318530718,8.377580409573),.UNSPECIFIED.) CURVE() 
GEOMETRIC_REPRESENTATION_ITEM() RATIONAL_B_SPLINE_CURVE((1.,0.5,1.,0.5,
1.,0.5,1.)) REPRESENTATION_ITEM('') );
#3649 = CARTESIAN_POINT('',(-6.125,-3.));
#3650 = CARTESIAN_POINT('',(-11.3211524227,-3.));
#3651 = CARTESIAN_POINT('',(-8.723076211353,1.5));
#3652 = CARTESIAN_POINT('',(-6.125,6.));
#3653 = CARTESIAN_POINT('',(-3.526923788647,1.5));
#3654 = CARTESIAN_POINT('',(-0.928847577293,-3.));
#3655 = CARTESIAN_POINT('',(-6.125,-3.));
#3656 = ( GEOMETRIC_REPRESENTATION_CONTEXT(2) 
PARAMETRIC_REPRESENTATION_CONTEXT() REPRESENTATION_CONTEXT('2D SPACE',''
  ) );
#3657 = ORIENTED_EDGE('',*,*,#3658,.F.);
#3658 = EDGE_CURVE('',#355,#3631,#3659,.T.);
#3659 = SURFACE_CURVE('',#3660,(#3664,#3671),.PCURVE_S1.);
#3660 = LINE('',#3661,#3662);
#3661 = CARTESIAN_POINT('',(26.614736709749,11.901923788647,0.));
#3662 = VECTOR('',#3663,1.);
#3663 = DIRECTION('',(-0.,-0.,1.));
#3664 = PCURVE('',#371,#3665);
#3665 = DEFINITIONAL_REPRESENTATION('',(#3666),#3670);
#3666 = LINE('',#3667,#3668);
#3667 = CARTESIAN_POINT('',(-3.14159265359,0.));
#3668 = VECTOR('',#3669,1.);
#3669 = DIRECTION('',(-0.,-1.));
#3670 = ( GEOMETRIC_REPRESENTATION_CONTEXT(2) 
PARAMETRIC_REPRESENTATION_CONTEXT() REPRESENTATION_CONTEXT('2D SPACE',''
  ) );
#3671 = PCURVE('',#399,#3672);
#3672 = DEFINITIONAL_REPRESENTATION('',(#3673),#3677);
#3673 = LINE('',#3674,#3675);
#3674 = CARTESIAN_POINT('',(-0.,-0.));
#3675 = VECTOR('',#3676,1.);
#3676 = DIRECTION('',(-0.,-1.));
#3677 = ( GEOMETRIC_REPRESENTATION_CONTEXT(2) 
PARAMETRIC_REPRESENTATION_CONTEXT() REPRESENTATION_CONTEXT('2D SPACE',''
  ) );
#3678 = ORIENTED_EDGE('',*,*,#352,.F.);
#3679 = ADVANCED_FACE('',(#3680),#454,.F.);
#3680 = FACE_BOUND('',#3681,.T.);
#3681 = EDGE_LOOP('',(#3682,#3705,#3728,#3756,#3779,#3807,#3830,#3858,
    #3881,#3909,#3932,#3960,#3983,#4004,#4005));
#3682 = ORIENTED_EDGE('',*,*,#3683,.T.);
#3683 = EDGE_CURVE('',#412,#3684,#3686,.T.);
#3684 = VERTEX_POINT('',#3685);
#3685 = CARTESIAN_POINT('',(34.223547906108,23.223076211353,2.));
#3686 = SURFACE_CURVE('',#3687,(#3691,#3698),.PCURVE_S1.);
#3687 = LINE('',#3688,#3689);
#3688 = CARTESIAN_POINT('',(34.223547906108,23.223076211353,0.));
#3689 = VECTOR('',#3690,1.);
#3690 = DIRECTION('',(-0.,-0.,1.));
#3691 = PCURVE('',#454,#3692);
#3692 = DEFINITIONAL_REPRESENTATION('',(#3693),#3697);
#3693 = LINE('',#3694,#3695);
#3694 = CARTESIAN_POINT('',(-0.,-0.));
#3695 = VECTOR('',#3696,1.);
#3696 = DIRECTION('',(-0.,-1.));
#3697 = ( GEOMETRIC_REPRESENTATION_CONTEXT(2) 
PARAMETRIC_REPRESENTATION_CONTEXT() REPRESENTATION_CONTEXT('2D SPACE',''
  ) );
#3698 = PCURVE('',#428,#3699);
#3699 = DEFINITIONAL_REPRESENTATION('',(#3700),#3704);
#3700 = LINE('',#3701,#3702);
#3701 = CARTESIAN_POINT('',(-3.14159265359,0.));
#3702 = VECTOR('',#3703,1.);
#3703 = DIRECTION('',(-0.,-1.));
#3704 = ( GEOMETRIC_REPRESENTATION_CONTEXT(2) 
PARAMETRIC_REPRESENTATION_CONTEXT() REPRESENTATION_CONTEXT('2D SPACE',''
  ) );
#3705 = ORIENTED_EDGE('',*,*,#3706,.T.);
#3706 = EDGE_CURVE('',#3684,#3707,#3709,.T.);
#3707 = VERTEX_POINT('',#3708);
#3708 = CARTESIAN_POINT('',(33.394570367118,22.744465806066,2.));
#3709 = SURFACE_CURVE('',#3710,(#3714,#3721),.PCURVE_S1.);
#3710 = LINE('',#3711,#3712);
#3711 = CARTESIAN_POINT('',(34.223547906108,23.223076211353,2.));
#3712 = VECTOR('',#3713,1.);
#3713 = DIRECTION('',(-0.866025403784,-0.5,-0.));
#3714 = PCURVE('',#454,#3715);
#3715 = DEFINITIONAL_REPRESENTATION('',(#3716),#3720);
#3716 = LINE('',#3717,#3718);
#3717 = CARTESIAN_POINT('',(-0.,-2.));
#3718 = VECTOR('',#3719,1.);
#3719 = DIRECTION('',(-1.,0.));
#3720 = ( GEOMETRIC_REPRESENTATION_CONTEXT(2) 
PARAMETRIC_REPRESENTATION_CONTEXT() REPRESENTATION_CONTEXT('2D SPACE',''
  ) );
#3721 = PCURVE('',#3203,#3722);
#3722 = DEFINITIONAL_REPRESENTATION('',(#3723),#3727);
#3723 = LINE('',#3724,#3725);
#3724 = CARTESIAN_POINT('',(-34.2235479061,-23.22307621135));
#3725 = VECTOR('',#3726,1.);
#3726 = DIRECTION('',(0.866025403784,0.5));
#3727 = ( GEOMETRIC_REPRESENTATION_CONTEXT(2) 
PARAMETRIC_REPRESENTATION_CONTEXT() REPRESENTATION_CONTEXT('2D SPACE',''
  ) );
#3728 = ORIENTED_EDGE('',*,*,#3729,.T.);
#3729 = EDGE_CURVE('',#3707,#3730,#3732,.T.);
#3730 = VERTEX_POINT('',#3731);
#3731 = CARTESIAN_POINT('',(32.69887638558,22.342806698551,2.));
#3732 = SURFACE_CURVE('',#3733,(#3737,#3744),.PCURVE_S1.);
#3733 = LINE('',#3734,#3735);
#3734 = CARTESIAN_POINT('',(34.223547906108,23.223076211353,2.));
#3735 = VECTOR('',#3736,1.);
#3736 = DIRECTION('',(-0.866025403784,-0.5,-0.));
#3737 = PCURVE('',#454,#3738);
#3738 = DEFINITIONAL_REPRESENTATION('',(#3739),#3743);
#3739 = LINE('',#3740,#3741);
#3740 = CARTESIAN_POINT('',(-0.,-2.));
#3741 = VECTOR('',#3742,1.);
#3742 = DIRECTION('',(-1.,0.));
#3743 = ( GEOMETRIC_REPRESENTATION_CONTEXT(2) 
PARAMETRIC_REPRESENTATION_CONTEXT() REPRESENTATION_CONTEXT('2D SPACE',''
  ) );
#3744 = PCURVE('',#3745,#3750);
#3745 = PLANE('',#3746);
#3746 = AXIS2_PLACEMENT_3D('',#3747,#3748,#3749);
#3747 = CARTESIAN_POINT('',(30.419142307928,17.5625,2.));
#3748 = DIRECTION('',(-0.,-0.,-1.));
#3749 = DIRECTION('',(0.866025403784,0.5,0.));
#3750 = DEFINITIONAL_REPRESENTATION('',(#3751),#3755);
#3751 = LINE('',#3752,#3753);
#3752 = CARTESIAN_POINT('',(6.125,-3.));
#3753 = VECTOR('',#3754,1.);
#3754 = DIRECTION('',(-1.,0.));
#3755 = ( GEOMETRIC_REPRESENTATION_CONTEXT(2) 
PARAMETRIC_REPRESENTATION_CONTEXT() REPRESENTATION_CONTEXT('2D SPACE',''
  ) );
#3756 = ORIENTED_EDGE('',*,*,#3757,.T.);
#3757 = EDGE_CURVE('',#3730,#3758,#3760,.T.);
#3758 = VERTEX_POINT('',#3759);
#3759 = CARTESIAN_POINT('',(31.481113337902,21.639730875165,2.));
#3760 = SURFACE_CURVE('',#3761,(#3765,#3772),.PCURVE_S1.);
#3761 = LINE('',#3762,#3763);
#3762 = CARTESIAN_POINT('',(34.223547906108,23.223076211353,2.));
#3763 = VECTOR('',#3764,1.);
#3764 = DIRECTION('',(-0.866025403784,-0.5,-0.));
#3765 = PCURVE('',#454,#3766);
#3766 = DEFINITIONAL_REPRESENTATION('',(#3767),#3771);
#3767 = LINE('',#3768,#3769);
#3768 = CARTESIAN_POINT('',(-0.,-2.));
#3769 = VECTOR('',#3770,1.);
#3770 = DIRECTION('',(-1.,0.));
#3771 = ( GEOMETRIC_REPRESENTATION_CONTEXT(2) 
PARAMETRIC_REPRESENTATION_CONTEXT() REPRESENTATION_CONTEXT('2D SPACE',''
  ) );
#3772 = PCURVE('',#3152,#3773);
#3773 = DEFINITIONAL_REPRESENTATION('',(#3774),#3778);
#3774 = LINE('',#3775,#3776);
#3775 = CARTESIAN_POINT('',(-34.2235479061,-23.22307621135));
#3776 = VECTOR('',#3777,1.);
#3777 = DIRECTION('',(0.866025403784,0.5));
#3778 = ( GEOMETRIC_REPRESENTATION_CONTEXT(2) 
PARAMETRIC_REPRESENTATION_CONTEXT() REPRESENTATION_CONTEXT('2D SPACE',''
  ) );
#3779 = ORIENTED_EDGE('',*,*,#3780,.T.);
#3780 = EDGE_CURVE('',#3758,#3781,#3783,.T.);
#3781 = VERTEX_POINT('',#3782);
#3782 = CARTESIAN_POINT('',(30.785063970055,21.23786658527,2.));
#3783 = SURFACE_CURVE('',#3784,(#3788,#3795),.PCURVE_S1.);
#3784 = LINE('',#3785,#3786);
#3785 = CARTESIAN_POINT('',(34.223547906108,23.223076211353,2.));
#3786 = VECTOR('',#3787,1.);
#3787 = DIRECTION('',(-0.866025403784,-0.5,-0.));
#3788 = PCURVE('',#454,#3789);
#3789 = DEFINITIONAL_REPRESENTATION('',(#3790),#3794);
#3790 = LINE('',#3791,#3792);
#3791 = CARTESIAN_POINT('',(-0.,-2.));
#3792 = VECTOR('',#3793,1.);
#3793 = DIRECTION('',(-1.,0.));
#3794 = ( GEOMETRIC_REPRESENTATION_CONTEXT(2) 
PARAMETRIC_REPRESENTATION_CONTEXT() REPRESENTATION_CONTEXT('2D SPACE',''
  ) );
#3795 = PCURVE('',#3796,#3801);
#3796 = PLANE('',#3797);
#3797 = AXIS2_PLACEMENT_3D('',#3798,#3799,#3800);
#3798 = CARTESIAN_POINT('',(30.419142307928,17.5625,2.));
#3799 = DIRECTION('',(-0.,-0.,-1.));
#3800 = DIRECTION('',(0.866025403784,0.5,0.));
#3801 = DEFINITIONAL_REPRESENTATION('',(#3802),#3806);
#3802 = LINE('',#3803,#3804);
#3803 = CARTESIAN_POINT('',(6.125,-3.));
#3804 = VECTOR('',#3805,1.);
#3805 = DIRECTION('',(-1.,0.));
#3806 = ( GEOMETRIC_REPRESENTATION_CONTEXT(2) 
PARAMETRIC_REPRESENTATION_CONTEXT() REPRESENTATION_CONTEXT('2D SPACE',''
  ) );
#3807 = ORIENTED_EDGE('',*,*,#3808,.T.);
#3808 = EDGE_CURVE('',#3781,#3809,#3811,.T.);
#3809 = VERTEX_POINT('',#3810);
#3810 = CARTESIAN_POINT('',(29.566620740298,20.534398058576,2.));
#3811 = SURFACE_CURVE('',#3812,(#3816,#3823),.PCURVE_S1.);
#3812 = LINE('',#3813,#3814);
#3813 = CARTESIAN_POINT('',(34.223547906108,23.223076211353,2.));
#3814 = VECTOR('',#3815,1.);
#3815 = DIRECTION('',(-0.866025403784,-0.5,-0.));
#3816 = PCURVE('',#454,#3817);
#3817 = DEFINITIONAL_REPRESENTATION('',(#3818),#3822);
#3818 = LINE('',#3819,#3820);
#3819 = CARTESIAN_POINT('',(-0.,-2.));
#3820 = VECTOR('',#3821,1.);
#3821 = DIRECTION('',(-1.,0.));
#3822 = ( GEOMETRIC_REPRESENTATION_CONTEXT(2) 
PARAMETRIC_REPRESENTATION_CONTEXT() REPRESENTATION_CONTEXT('2D SPACE',''
  ) );
#3823 = PCURVE('',#3101,#3824);
#3824 = DEFINITIONAL_REPRESENTATION('',(#3825),#3829);
#3825 = LINE('',#3826,#3827);
#3826 = CARTESIAN_POINT('',(-34.2235479061,-23.22307621135));
#3827 = VECTOR('',#3828,1.);
#3828 = DIRECTION('',(0.866025403784,0.5));
#3829 = ( GEOMETRIC_REPRESENTATION_CONTEXT(2) 
PARAMETRIC_REPRESENTATION_CONTEXT() REPRESENTATION_CONTEXT('2D SPACE',''
  ) );
#3830 = ORIENTED_EDGE('',*,*,#3831,.T.);
#3831 = EDGE_CURVE('',#3809,#3832,#3834,.T.);
#3832 = VERTEX_POINT('',#3833);
#3833 = CARTESIAN_POINT('',(28.870145540342,20.132287914398,2.));
#3834 = SURFACE_CURVE('',#3835,(#3839,#3846),.PCURVE_S1.);
#3835 = LINE('',#3836,#3837);
#3836 = CARTESIAN_POINT('',(34.223547906108,23.223076211353,2.));
#3837 = VECTOR('',#3838,1.);
#3838 = DIRECTION('',(-0.866025403784,-0.5,-0.));
#3839 = PCURVE('',#454,#3840);
#3840 = DEFINITIONAL_REPRESENTATION('',(#3841),#3845);
#3841 = LINE('',#3842,#3843);
#3842 = CARTESIAN_POINT('',(-0.,-2.));
#3843 = VECTOR('',#3844,1.);
#3844 = DIRECTION('',(-1.,0.));
#3845 = ( GEOMETRIC_REPRESENTATION_CONTEXT(2) 
PARAMETRIC_REPRESENTATION_CONTEXT() REPRESENTATION_CONTEXT('2D SPACE',''
  ) );
#3846 = PCURVE('',#3847,#3852);
#3847 = PLANE('',#3848);
#3848 = AXIS2_PLACEMENT_3D('',#3849,#3850,#3851);
#3849 = CARTESIAN_POINT('',(30.419142307928,17.5625,2.));
#3850 = DIRECTION('',(-0.,-0.,-1.));
#3851 = DIRECTION('',(0.866025403784,0.5,0.));
#3852 = DEFINITIONAL_REPRESENTATION('',(#3853),#3857);
#3853 = LINE('',#3854,#3855);
#3854 = CARTESIAN_POINT('',(6.125,-3.));
#3855 = VECTOR('',#3856,1.);
#3856 = DIRECTION('',(-1.,0.));
#3857 = ( GEOMETRIC_REPRESENTATION_CONTEXT(2) 
PARAMETRIC_REPRESENTATION_CONTEXT() REPRESENTATION_CONTEXT('2D SPACE',''
  ) );
#3858 = ORIENTED_EDGE('',*,*,#3859,.T.);
#3859 = EDGE_CURVE('',#3832,#3860,#3862,.T.);
#3860 = VERTEX_POINT('',#3861);
#3861 = CARTESIAN_POINT('',(27.650882598782,19.428346126875,2.));
#3862 = SURFACE_CURVE('',#3863,(#3867,#3874),.PCURVE_S1.);
#3863 = LINE('',#3864,#3865);
#3864 = CARTESIAN_POINT('',(34.223547906108,23.223076211353,2.));
#3865 = VECTOR('',#3866,1.);
#3866 = DIRECTION('',(-0.866025403784,-0.5,-0.));
#3867 = PCURVE('',#454,#3868);
#3868 = DEFINITIONAL_REPRESENTATION('',(#3869),#3873);
#3869 = LINE('',#3870,#3871);
#3870 = CARTESIAN_POINT('',(-0.,-2.));
#3871 = VECTOR('',#3872,1.);
#3872 = DIRECTION('',(-1.,0.));
#3873 = ( GEOMETRIC_REPRESENTATION_CONTEXT(2) 
PARAMETRIC_REPRESENTATION_CONTEXT() REPRESENTATION_CONTEXT('2D SPACE',''
  ) );
#3874 = PCURVE('',#3050,#3875);
#3875 = DEFINITIONAL_REPRESENTATION('',(#3876),#3880);
#3876 = LINE('',#3877,#3878);
#3877 = CARTESIAN_POINT('',(-34.2235479061,-23.22307621135));
#3878 = VECTOR('',#3879,1.);
#3879 = DIRECTION('',(0.866025403784,0.5));
#3880 = ( GEOMETRIC_REPRESENTATION_CONTEXT(2) 
PARAMETRIC_REPRESENTATION_CONTEXT() REPRESENTATION_CONTEXT('2D SPACE',''
  ) );
#3881 = ORIENTED_EDGE('',*,*,#3882,.T.);
#3882 = EDGE_CURVE('',#3860,#3883,#3885,.T.);
#3883 = VERTEX_POINT('',#3884);
#3884 = CARTESIAN_POINT('',(26.953891128672,19.025937913984,2.));
#3885 = SURFACE_CURVE('',#3886,(#3890,#3897),.PCURVE_S1.);
#3886 = LINE('',#3887,#3888);
#3887 = CARTESIAN_POINT('',(34.223547906108,23.223076211353,2.));
#3888 = VECTOR('',#3889,1.);
#3889 = DIRECTION('',(-0.866025403784,-0.5,-0.));
#3890 = PCURVE('',#454,#3891);
#3891 = DEFINITIONAL_REPRESENTATION('',(#3892),#3896);
#3892 = LINE('',#3893,#3894);
#3893 = CARTESIAN_POINT('',(-0.,-2.));
#3894 = VECTOR('',#3895,1.);
#3895 = DIRECTION('',(-1.,0.));
#3896 = ( GEOMETRIC_REPRESENTATION_CONTEXT(2) 
PARAMETRIC_REPRESENTATION_CONTEXT() REPRESENTATION_CONTEXT('2D SPACE',''
  ) );
#3897 = PCURVE('',#3898,#3903);
#3898 = PLANE('',#3899);
#3899 = AXIS2_PLACEMENT_3D('',#3900,#3901,#3902);
#3900 = CARTESIAN_POINT('',(30.419142307928,17.5625,2.));
#3901 = DIRECTION('',(-0.,-0.,-1.));
#3902 = DIRECTION('',(0.866025403784,0.5,0.));
#3903 = DEFINITIONAL_REPRESENTATION('',(#3904),#3908);
#3904 = LINE('',#3905,#3906);
#3905 = CARTESIAN_POINT('',(6.125,-3.));
#3906 = VECTOR('',#3907,1.);
#3907 = DIRECTION('',(-1.,0.));
#3908 = ( GEOMETRIC_REPRESENTATION_CONTEXT(2) 
PARAMETRIC_REPRESENTATION_CONTEXT() REPRESENTATION_CONTEXT('2D SPACE',''
  ) );
#3909 = ORIENTED_EDGE('',*,*,#3910,.T.);
#3910 = EDGE_CURVE('',#3883,#3911,#3913,.T.);
#3911 = VERTEX_POINT('',#3912);
#3912 = CARTESIAN_POINT('',(25.733627851518,18.321418582438,2.));
#3913 = SURFACE_CURVE('',#3914,(#3918,#3925),.PCURVE_S1.);
#3914 = LINE('',#3915,#3916);
#3915 = CARTESIAN_POINT('',(34.223547906108,23.223076211353,2.));
#3916 = VECTOR('',#3917,1.);
#3917 = DIRECTION('',(-0.866025403784,-0.5,-0.));
#3918 = PCURVE('',#454,#3919);
#3919 = DEFINITIONAL_REPRESENTATION('',(#3920),#3924);
#3920 = LINE('',#3921,#3922);
#3921 = CARTESIAN_POINT('',(-0.,-2.));
#3922 = VECTOR('',#3923,1.);
#3923 = DIRECTION('',(-1.,0.));
#3924 = ( GEOMETRIC_REPRESENTATION_CONTEXT(2) 
PARAMETRIC_REPRESENTATION_CONTEXT() REPRESENTATION_CONTEXT('2D SPACE',''
  ) );
#3925 = PCURVE('',#2999,#3926);
#3926 = DEFINITIONAL_REPRESENTATION('',(#3927),#3931);
#3927 = LINE('',#3928,#3929);
#3928 = CARTESIAN_POINT('',(-34.2235479061,-23.22307621135));
#3929 = VECTOR('',#3930,1.);
#3930 = DIRECTION('',(0.866025403784,0.5));
#3931 = ( GEOMETRIC_REPRESENTATION_CONTEXT(2) 
PARAMETRIC_REPRESENTATION_CONTEXT() REPRESENTATION_CONTEXT('2D SPACE',''
  ) );
#3932 = ORIENTED_EDGE('',*,*,#3933,.T.);
#3933 = EDGE_CURVE('',#3911,#3934,#3936,.T.);
#3934 = VERTEX_POINT('',#3935);
#3935 = CARTESIAN_POINT('',(25.03600202248,17.918644122249,2.));
#3936 = SURFACE_CURVE('',#3937,(#3941,#3948),.PCURVE_S1.);
#3937 = LINE('',#3938,#3939);
#3938 = CARTESIAN_POINT('',(34.223547906108,23.223076211353,2.));
#3939 = VECTOR('',#3940,1.);
#3940 = DIRECTION('',(-0.866025403784,-0.5,-0.));
#3941 = PCURVE('',#454,#3942);
#3942 = DEFINITIONAL_REPRESENTATION('',(#3943),#3947);
#3943 = LINE('',#3944,#3945);
#3944 = CARTESIAN_POINT('',(-0.,-2.));
#3945 = VECTOR('',#3946,1.);
#3946 = DIRECTION('',(-1.,0.));
#3947 = ( GEOMETRIC_REPRESENTATION_CONTEXT(2) 
PARAMETRIC_REPRESENTATION_CONTEXT() REPRESENTATION_CONTEXT('2D SPACE',''
  ) );
#3948 = PCURVE('',#3949,#3954);
#3949 = PLANE('',#3950);
#3950 = AXIS2_PLACEMENT_3D('',#3951,#3952,#3953);
#3951 = CARTESIAN_POINT('',(30.419142307928,17.5625,2.));
#3952 = DIRECTION('',(-0.,-0.,-1.));
#3953 = DIRECTION('',(0.866025403784,0.5,0.));
#3954 = DEFINITIONAL_REPRESENTATION('',(#3955),#3959);
#3955 = LINE('',#3956,#3957);
#3956 = CARTESIAN_POINT('',(6.125,-3.));
#3957 = VECTOR('',#3958,1.);
#3958 = DIRECTION('',(-1.,0.));
#3959 = ( GEOMETRIC_REPRESENTATION_CONTEXT(2) 
PARAMETRIC_REPRESENTATION_CONTEXT() REPRESENTATION_CONTEXT('2D SPACE',''
  ) );
#3960 = ORIENTED_EDGE('',*,*,#3961,.T.);
#3961 = EDGE_CURVE('',#3934,#3962,#3964,.T.);
#3962 = VERTEX_POINT('',#3963);
#3963 = CARTESIAN_POINT('',(23.814500301149,17.213409774623,2.));
#3964 = SURFACE_CURVE('',#3965,(#3969,#3976),.PCURVE_S1.);
#3965 = LINE('',#3966,#3967);
#3966 = CARTESIAN_POINT('',(34.223547906108,23.223076211353,2.));
#3967 = VECTOR('',#3968,1.);
#3968 = DIRECTION('',(-0.866025403784,-0.5,-0.));
#3969 = PCURVE('',#454,#3970);
#3970 = DEFINITIONAL_REPRESENTATION('',(#3971),#3975);
#3971 = LINE('',#3972,#3973);
#3972 = CARTESIAN_POINT('',(-0.,-2.));
#3973 = VECTOR('',#3974,1.);
#3974 = DIRECTION('',(-1.,0.));
#3975 = ( GEOMETRIC_REPRESENTATION_CONTEXT(2) 
PARAMETRIC_REPRESENTATION_CONTEXT() REPRESENTATION_CONTEXT('2D SPACE',''
  ) );
#3976 = PCURVE('',#2567,#3977);
#3977 = DEFINITIONAL_REPRESENTATION('',(#3978),#3982);
#3978 = LINE('',#3979,#3980);
#3979 = CARTESIAN_POINT('',(-34.2235479061,-23.22307621135));
#3980 = VECTOR('',#3981,1.);
#3981 = DIRECTION('',(0.866025403784,0.5));
#3982 = ( GEOMETRIC_REPRESENTATION_CONTEXT(2) 
PARAMETRIC_REPRESENTATION_CONTEXT() REPRESENTATION_CONTEXT('2D SPACE',''
  ) );
#3983 = ORIENTED_EDGE('',*,*,#3984,.T.);
#3984 = EDGE_CURVE('',#3962,#3437,#3985,.T.);
#3985 = SURFACE_CURVE('',#3986,(#3990,#3997),.PCURVE_S1.);
#3986 = LINE('',#3987,#3988);
#3987 = CARTESIAN_POINT('',(34.223547906108,23.223076211353,2.));
#3988 = VECTOR('',#3989,1.);
#3989 = DIRECTION('',(-0.866025403784,-0.5,-0.));
#3990 = PCURVE('',#454,#3991);
#3991 = DEFINITIONAL_REPRESENTATION('',(#3992),#3996);
#3992 = LINE('',#3993,#3994);
#3993 = CARTESIAN_POINT('',(-0.,-2.));
#3994 = VECTOR('',#3995,1.);
#3995 = DIRECTION('',(-1.,0.));
#3996 = ( GEOMETRIC_REPRESENTATION_CONTEXT(2) 
PARAMETRIC_REPRESENTATION_CONTEXT() REPRESENTATION_CONTEXT('2D SPACE',''
  ) );
#3997 = PCURVE('',#3476,#3998);
#3998 = DEFINITIONAL_REPRESENTATION('',(#3999),#4003);
#3999 = LINE('',#4000,#4001);
#4000 = CARTESIAN_POINT('',(6.125,-3.));
#4001 = VECTOR('',#4002,1.);
#4002 = DIRECTION('',(-1.,0.));
#4003 = ( GEOMETRIC_REPRESENTATION_CONTEXT(2) 
PARAMETRIC_REPRESENTATION_CONTEXT() REPRESENTATION_CONTEXT('2D SPACE',''
  ) );
#4004 = ORIENTED_EDGE('',*,*,#3436,.F.);
#4005 = ORIENTED_EDGE('',*,*,#440,.F.);
#4006 = ADVANCED_FACE('',(#4007),#399,.F.);
#4007 = FACE_BOUND('',#4008,.T.);
#4008 = EDGE_LOOP('',(#4009,#4010,#4033,#4061,#4084,#4112,#4135,#4163,
    #4186,#4214,#4237,#4265,#4288,#4316,#4337));
#4009 = ORIENTED_EDGE('',*,*,#3658,.T.);
#4010 = ORIENTED_EDGE('',*,*,#4011,.T.);
#4011 = EDGE_CURVE('',#3631,#4012,#4014,.T.);
#4012 = VERTEX_POINT('',#4013);
#4013 = CARTESIAN_POINT('',(26.91535634146,12.075486613939,2.));
#4014 = SURFACE_CURVE('',#4015,(#4019,#4026),.PCURVE_S1.);
#4015 = LINE('',#4016,#4017);
#4016 = CARTESIAN_POINT('',(26.614736709749,11.901923788647,2.));
#4017 = VECTOR('',#4018,1.);
#4018 = DIRECTION('',(0.866025403784,0.5,-0.));
#4019 = PCURVE('',#399,#4020);
#4020 = DEFINITIONAL_REPRESENTATION('',(#4021),#4025);
#4021 = LINE('',#4022,#4023);
#4022 = CARTESIAN_POINT('',(-0.,-2.));
#4023 = VECTOR('',#4024,1.);
#4024 = DIRECTION('',(-1.,-0.));
#4025 = ( GEOMETRIC_REPRESENTATION_CONTEXT(2) 
PARAMETRIC_REPRESENTATION_CONTEXT() REPRESENTATION_CONTEXT('2D SPACE',''
  ) );
#4026 = PCURVE('',#3476,#4027);
#4027 = DEFINITIONAL_REPRESENTATION('',(#4028),#4032);
#4028 = LINE('',#4029,#4030);
#4029 = CARTESIAN_POINT('',(-6.125,3.));
#4030 = VECTOR('',#4031,1.);
#4031 = DIRECTION('',(1.,-0.));
#4032 = ( GEOMETRIC_REPRESENTATION_CONTEXT(2) 
PARAMETRIC_REPRESENTATION_CONTEXT() REPRESENTATION_CONTEXT('2D SPACE',''
  ) );
#4033 = ORIENTED_EDGE('',*,*,#4034,.T.);
#4034 = EDGE_CURVE('',#4012,#4035,#4037,.T.);
#4035 = VERTEX_POINT('',#4036);
#4036 = CARTESIAN_POINT('',(28.132084783059,12.777965107227,2.));
#4037 = SURFACE_CURVE('',#4038,(#4042,#4049),.PCURVE_S1.);
#4038 = LINE('',#4039,#4040);
#4039 = CARTESIAN_POINT('',(26.614736709749,11.901923788647,2.));
#4040 = VECTOR('',#4041,1.);
#4041 = DIRECTION('',(0.866025403784,0.5,-0.));
#4042 = PCURVE('',#399,#4043);
#4043 = DEFINITIONAL_REPRESENTATION('',(#4044),#4048);
#4044 = LINE('',#4045,#4046);
#4045 = CARTESIAN_POINT('',(-0.,-2.));
#4046 = VECTOR('',#4047,1.);
#4047 = DIRECTION('',(-1.,-0.));
#4048 = ( GEOMETRIC_REPRESENTATION_CONTEXT(2) 
PARAMETRIC_REPRESENTATION_CONTEXT() REPRESENTATION_CONTEXT('2D SPACE',''
  ) );
#4049 = PCURVE('',#4050,#4055);
#4050 = PLANE('',#4051);
#4051 = AXIS2_PLACEMENT_3D('',#4052,#4053,#4054);
#4052 = CARTESIAN_POINT('',(-2.808005405856E-15,-3.707602883041E-15,2.)
  );
#4053 = DIRECTION('',(-0.,-0.,1.));
#4054 = DIRECTION('',(-1.,0.,0.));
#4055 = DEFINITIONAL_REPRESENTATION('',(#4056),#4060);
#4056 = LINE('',#4057,#4058);
#4057 = CARTESIAN_POINT('',(-26.61473670974,-11.90192378864));
#4058 = VECTOR('',#4059,1.);
#4059 = DIRECTION('',(-0.866025403784,-0.5));
#4060 = ( GEOMETRIC_REPRESENTATION_CONTEXT(2) 
PARAMETRIC_REPRESENTATION_CONTEXT() REPRESENTATION_CONTEXT('2D SPACE',''
  ) );
#4061 = ORIENTED_EDGE('',*,*,#4062,.T.);
#4062 = EDGE_CURVE('',#4035,#4063,#4065,.T.);
#4063 = VERTEX_POINT('',#4064);
#4064 = CARTESIAN_POINT('',(28.827181513981,13.179279391938,2.));
#4065 = SURFACE_CURVE('',#4066,(#4070,#4077),.PCURVE_S1.);
#4066 = LINE('',#4067,#4068);
#4067 = CARTESIAN_POINT('',(26.614736709749,11.901923788647,2.));
#4068 = VECTOR('',#4069,1.);
#4069 = DIRECTION('',(0.866025403784,0.5,-0.));
#4070 = PCURVE('',#399,#4071);
#4071 = DEFINITIONAL_REPRESENTATION('',(#4072),#4076);
#4072 = LINE('',#4073,#4074);
#4073 = CARTESIAN_POINT('',(-0.,-2.));
#4074 = VECTOR('',#4075,1.);
#4075 = DIRECTION('',(-1.,-0.));
#4076 = ( GEOMETRIC_REPRESENTATION_CONTEXT(2) 
PARAMETRIC_REPRESENTATION_CONTEXT() REPRESENTATION_CONTEXT('2D SPACE',''
  ) );
#4077 = PCURVE('',#3949,#4078);
#4078 = DEFINITIONAL_REPRESENTATION('',(#4079),#4083);
#4079 = LINE('',#4080,#4081);
#4080 = CARTESIAN_POINT('',(-6.125,3.));
#4081 = VECTOR('',#4082,1.);
#4082 = DIRECTION('',(1.,-0.));
#4083 = ( GEOMETRIC_REPRESENTATION_CONTEXT(2) 
PARAMETRIC_REPRESENTATION_CONTEXT() REPRESENTATION_CONTEXT('2D SPACE',''
  ) );
#4084 = ORIENTED_EDGE('',*,*,#4085,.T.);
#4085 = EDGE_CURVE('',#4063,#4086,#4088,.T.);
#4086 = VERTEX_POINT('',#4087);
#4087 = CARTESIAN_POINT('',(30.043326518749,13.881421037814,2.));
#4088 = SURFACE_CURVE('',#4089,(#4093,#4100),.PCURVE_S1.);
#4089 = LINE('',#4090,#4091);
#4090 = CARTESIAN_POINT('',(26.614736709749,11.901923788647,2.));
#4091 = VECTOR('',#4092,1.);
#4092 = DIRECTION('',(0.866025403784,0.5,-0.));
#4093 = PCURVE('',#399,#4094);
#4094 = DEFINITIONAL_REPRESENTATION('',(#4095),#4099);
#4095 = LINE('',#4096,#4097);
#4096 = CARTESIAN_POINT('',(-0.,-2.));
#4097 = VECTOR('',#4098,1.);
#4098 = DIRECTION('',(-1.,-0.));
#4099 = ( GEOMETRIC_REPRESENTATION_CONTEXT(2) 
PARAMETRIC_REPRESENTATION_CONTEXT() REPRESENTATION_CONTEXT('2D SPACE',''
  ) );
#4100 = PCURVE('',#4101,#4106);
#4101 = PLANE('',#4102);
#4102 = AXIS2_PLACEMENT_3D('',#4103,#4104,#4105);
#4103 = CARTESIAN_POINT('',(-2.808005405856E-15,-3.707602883041E-15,2.)
  );
#4104 = DIRECTION('',(-0.,-0.,1.));
#4105 = DIRECTION('',(-1.,0.,0.));
#4106 = DEFINITIONAL_REPRESENTATION('',(#4107),#4111);
#4107 = LINE('',#4108,#4109);
#4108 = CARTESIAN_POINT('',(-26.61473670974,-11.90192378864));
#4109 = VECTOR('',#4110,1.);
#4110 = DIRECTION('',(-0.866025403784,-0.5));
#4111 = ( GEOMETRIC_REPRESENTATION_CONTEXT(2) 
PARAMETRIC_REPRESENTATION_CONTEXT() REPRESENTATION_CONTEXT('2D SPACE',''
  ) );
#4112 = ORIENTED_EDGE('',*,*,#4113,.T.);
#4113 = EDGE_CURVE('',#4086,#4114,#4116,.T.);
#4114 = VERTEX_POINT('',#4115);
#4115 = CARTESIAN_POINT('',(30.738124168243,14.282562647782,2.));
#4116 = SURFACE_CURVE('',#4117,(#4121,#4128),.PCURVE_S1.);
#4117 = LINE('',#4118,#4119);
#4118 = CARTESIAN_POINT('',(26.614736709749,11.901923788647,2.));
#4119 = VECTOR('',#4120,1.);
#4120 = DIRECTION('',(0.866025403784,0.5,-0.));
#4121 = PCURVE('',#399,#4122);
#4122 = DEFINITIONAL_REPRESENTATION('',(#4123),#4127);
#4123 = LINE('',#4124,#4125);
#4124 = CARTESIAN_POINT('',(-0.,-2.));
#4125 = VECTOR('',#4126,1.);
#4126 = DIRECTION('',(-1.,-0.));
#4127 = ( GEOMETRIC_REPRESENTATION_CONTEXT(2) 
PARAMETRIC_REPRESENTATION_CONTEXT() REPRESENTATION_CONTEXT('2D SPACE',''
  ) );
#4128 = PCURVE('',#3898,#4129);
#4129 = DEFINITIONAL_REPRESENTATION('',(#4130),#4134);
#4130 = LINE('',#4131,#4132);
#4131 = CARTESIAN_POINT('',(-6.125,3.));
#4132 = VECTOR('',#4133,1.);
#4133 = DIRECTION('',(1.,-0.));
#4134 = ( GEOMETRIC_REPRESENTATION_CONTEXT(2) 
PARAMETRIC_REPRESENTATION_CONTEXT() REPRESENTATION_CONTEXT('2D SPACE',''
  ) );
#4135 = ORIENTED_EDGE('',*,*,#4136,.T.);
#4136 = EDGE_CURVE('',#4114,#4137,#4139,.T.);
#4137 = VERTEX_POINT('',#4138);
#4138 = CARTESIAN_POINT('',(31.953797224997,14.984431814345,2.));
#4139 = SURFACE_CURVE('',#4140,(#4144,#4151),.PCURVE_S1.);
#4140 = LINE('',#4141,#4142);
#4141 = CARTESIAN_POINT('',(26.614736709749,11.901923788647,2.));
#4142 = VECTOR('',#4143,1.);
#4143 = DIRECTION('',(0.866025403784,0.5,-0.));
#4144 = PCURVE('',#399,#4145);
#4145 = DEFINITIONAL_REPRESENTATION('',(#4146),#4150);
#4146 = LINE('',#4147,#4148);
#4147 = CARTESIAN_POINT('',(-0.,-2.));
#4148 = VECTOR('',#4149,1.);
#4149 = DIRECTION('',(-1.,-0.));
#4150 = ( GEOMETRIC_REPRESENTATION_CONTEXT(2) 
PARAMETRIC_REPRESENTATION_CONTEXT() REPRESENTATION_CONTEXT('2D SPACE',''
  ) );
#4151 = PCURVE('',#4152,#4157);
#4152 = PLANE('',#4153);
#4153 = AXIS2_PLACEMENT_3D('',#4154,#4155,#4156);
#4154 = CARTESIAN_POINT('',(-2.808005405856E-15,-3.707602883041E-15,2.)
  );
#4155 = DIRECTION('',(-0.,-0.,1.));
#4156 = DIRECTION('',(-1.,0.,0.));
#4157 = DEFINITIONAL_REPRESENTATION('',(#4158),#4162);
#4158 = LINE('',#4159,#4160);
#4159 = CARTESIAN_POINT('',(-26.61473670974,-11.90192378864));
#4160 = VECTOR('',#4161,1.);
#4161 = DIRECTION('',(-0.866025403784,-0.5));
#4162 = ( GEOMETRIC_REPRESENTATION_CONTEXT(2) 
PARAMETRIC_REPRESENTATION_CONTEXT() REPRESENTATION_CONTEXT('2D SPACE',''
  ) );
#4163 = ORIENTED_EDGE('',*,*,#4164,.T.);
#4164 = EDGE_CURVE('',#4137,#4165,#4167,.T.);
#4165 = VERTEX_POINT('',#4166);
#4166 = CARTESIAN_POINT('',(32.648351150557,15.385432710234,2.));
#4167 = SURFACE_CURVE('',#4168,(#4172,#4179),.PCURVE_S1.);
#4168 = LINE('',#4169,#4170);
#4169 = CARTESIAN_POINT('',(26.614736709749,11.901923788647,2.));
#4170 = VECTOR('',#4171,1.);
#4171 = DIRECTION('',(0.866025403784,0.5,-0.));
#4172 = PCURVE('',#399,#4173);
#4173 = DEFINITIONAL_REPRESENTATION('',(#4174),#4178);
#4174 = LINE('',#4175,#4176);
#4175 = CARTESIAN_POINT('',(-0.,-2.));
#4176 = VECTOR('',#4177,1.);
#4177 = DIRECTION('',(-1.,-0.));
#4178 = ( GEOMETRIC_REPRESENTATION_CONTEXT(2) 
PARAMETRIC_REPRESENTATION_CONTEXT() REPRESENTATION_CONTEXT('2D SPACE',''
  ) );
#4179 = PCURVE('',#3847,#4180);
#4180 = DEFINITIONAL_REPRESENTATION('',(#4181),#4185);
#4181 = LINE('',#4182,#4183);
#4182 = CARTESIAN_POINT('',(-6.125,3.));
#4183 = VECTOR('',#4184,1.);
#4184 = DIRECTION('',(1.,-0.));
#4185 = ( GEOMETRIC_REPRESENTATION_CONTEXT(2) 
PARAMETRIC_REPRESENTATION_CONTEXT() REPRESENTATION_CONTEXT('2D SPACE',''
  ) );
#4186 = ORIENTED_EDGE('',*,*,#4187,.T.);
#4187 = EDGE_CURVE('',#4165,#4188,#4190,.T.);
#4188 = VERTEX_POINT('',#4189);
#4189 = CARTESIAN_POINT('',(33.863637018743,16.087078333373,2.));
#4190 = SURFACE_CURVE('',#4191,(#4195,#4202),.PCURVE_S1.);
#4191 = LINE('',#4192,#4193);
#4192 = CARTESIAN_POINT('',(26.614736709749,11.901923788647,2.));
#4193 = VECTOR('',#4194,1.);
#4194 = DIRECTION('',(0.866025403784,0.5,-0.));
#4195 = PCURVE('',#399,#4196);
#4196 = DEFINITIONAL_REPRESENTATION('',(#4197),#4201);
#4197 = LINE('',#4198,#4199);
#4198 = CARTESIAN_POINT('',(-0.,-2.));
#4199 = VECTOR('',#4200,1.);
#4200 = DIRECTION('',(-1.,-0.));
#4201 = ( GEOMETRIC_REPRESENTATION_CONTEXT(2) 
PARAMETRIC_REPRESENTATION_CONTEXT() REPRESENTATION_CONTEXT('2D SPACE',''
  ) );
#4202 = PCURVE('',#4203,#4208);
#4203 = PLANE('',#4204);
#4204 = AXIS2_PLACEMENT_3D('',#4205,#4206,#4207);
#4205 = CARTESIAN_POINT('',(-2.808005405856E-15,-3.707602883041E-15,2.)
  );
#4206 = DIRECTION('',(-0.,-0.,1.));
#4207 = DIRECTION('',(-1.,0.,0.));
#4208 = DEFINITIONAL_REPRESENTATION('',(#4209),#4213);
#4209 = LINE('',#4210,#4211);
#4210 = CARTESIAN_POINT('',(-26.61473670974,-11.90192378864));
#4211 = VECTOR('',#4212,1.);
#4212 = DIRECTION('',(-0.866025403784,-0.5));
#4213 = ( GEOMETRIC_REPRESENTATION_CONTEXT(2) 
PARAMETRIC_REPRESENTATION_CONTEXT() REPRESENTATION_CONTEXT('2D SPACE',''
  ) );
#4214 = ORIENTED_EDGE('',*,*,#4215,.T.);
#4215 = EDGE_CURVE('',#4188,#4216,#4218,.T.);
#4216 = VERTEX_POINT('',#4217);
#4217 = CARTESIAN_POINT('',(34.557989699995,16.487963040807,2.));
#4218 = SURFACE_CURVE('',#4219,(#4223,#4230),.PCURVE_S1.);
#4219 = LINE('',#4220,#4221);
#4220 = CARTESIAN_POINT('',(26.614736709749,11.901923788647,2.));
#4221 = VECTOR('',#4222,1.);
#4222 = DIRECTION('',(0.866025403784,0.5,-0.));
#4223 = PCURVE('',#399,#4224);
#4224 = DEFINITIONAL_REPRESENTATION('',(#4225),#4229);
#4225 = LINE('',#4226,#4227);
#4226 = CARTESIAN_POINT('',(-0.,-2.));
#4227 = VECTOR('',#4228,1.);
#4228 = DIRECTION('',(-1.,-0.));
#4229 = ( GEOMETRIC_REPRESENTATION_CONTEXT(2) 
PARAMETRIC_REPRESENTATION_CONTEXT() REPRESENTATION_CONTEXT('2D SPACE',''
  ) );
#4230 = PCURVE('',#3796,#4231);
#4231 = DEFINITIONAL_REPRESENTATION('',(#4232),#4236);
#4232 = LINE('',#4233,#4234);
#4233 = CARTESIAN_POINT('',(-6.125,3.));
#4234 = VECTOR('',#4235,1.);
#4235 = DIRECTION('',(1.,-0.));
#4236 = ( GEOMETRIC_REPRESENTATION_CONTEXT(2) 
PARAMETRIC_REPRESENTATION_CONTEXT() REPRESENTATION_CONTEXT('2D SPACE',''
  ) );
#4237 = ORIENTED_EDGE('',*,*,#4238,.T.);
#4238 = EDGE_CURVE('',#4216,#4239,#4241,.T.);
#4239 = VERTEX_POINT('',#4240);
#4240 = CARTESIAN_POINT('',(35.7729539733,17.189422991056,2.));
#4241 = SURFACE_CURVE('',#4242,(#4246,#4253),.PCURVE_S1.);
#4242 = LINE('',#4243,#4244);
#4243 = CARTESIAN_POINT('',(26.614736709749,11.901923788647,2.));
#4244 = VECTOR('',#4245,1.);
#4245 = DIRECTION('',(0.866025403784,0.5,-0.));
#4246 = PCURVE('',#399,#4247);
#4247 = DEFINITIONAL_REPRESENTATION('',(#4248),#4252);
#4248 = LINE('',#4249,#4250);
#4249 = CARTESIAN_POINT('',(-0.,-2.));
#4250 = VECTOR('',#4251,1.);
#4251 = DIRECTION('',(-1.,-0.));
#4252 = ( GEOMETRIC_REPRESENTATION_CONTEXT(2) 
PARAMETRIC_REPRESENTATION_CONTEXT() REPRESENTATION_CONTEXT('2D SPACE',''
  ) );
#4253 = PCURVE('',#4254,#4259);
#4254 = PLANE('',#4255);
#4255 = AXIS2_PLACEMENT_3D('',#4256,#4257,#4258);
#4256 = CARTESIAN_POINT('',(-2.808005405856E-15,-3.707602883041E-15,2.)
  );
#4257 = DIRECTION('',(-0.,-0.,1.));
#4258 = DIRECTION('',(-1.,0.,0.));
#4259 = DEFINITIONAL_REPRESENTATION('',(#4260),#4264);
#4260 = LINE('',#4261,#4262);
#4261 = CARTESIAN_POINT('',(-26.61473670974,-11.90192378864));
#4262 = VECTOR('',#4263,1.);
#4263 = DIRECTION('',(-0.866025403784,-0.5));
#4264 = ( GEOMETRIC_REPRESENTATION_CONTEXT(2) 
PARAMETRIC_REPRESENTATION_CONTEXT() REPRESENTATION_CONTEXT('2D SPACE',''
  ) );
#4265 = ORIENTED_EDGE('',*,*,#4266,.T.);
#4266 = EDGE_CURVE('',#4239,#4267,#4269,.T.);
#4267 = VERTEX_POINT('',#4268);
#4268 = CARTESIAN_POINT('',(36.467138553407,17.590210645246,2.));
#4269 = SURFACE_CURVE('',#4270,(#4274,#4281),.PCURVE_S1.);
#4270 = LINE('',#4271,#4272);
#4271 = CARTESIAN_POINT('',(26.614736709749,11.901923788647,2.));
#4272 = VECTOR('',#4273,1.);
#4273 = DIRECTION('',(0.866025403784,0.5,-0.));
#4274 = PCURVE('',#399,#4275);
#4275 = DEFINITIONAL_REPRESENTATION('',(#4276),#4280);
#4276 = LINE('',#4277,#4278);
#4277 = CARTESIAN_POINT('',(-0.,-2.));
#4278 = VECTOR('',#4279,1.);
#4279 = DIRECTION('',(-1.,-0.));
#4280 = ( GEOMETRIC_REPRESENTATION_CONTEXT(2) 
PARAMETRIC_REPRESENTATION_CONTEXT() REPRESENTATION_CONTEXT('2D SPACE',''
  ) );
#4281 = PCURVE('',#3745,#4282);
#4282 = DEFINITIONAL_REPRESENTATION('',(#4283),#4287);
#4283 = LINE('',#4284,#4285);
#4284 = CARTESIAN_POINT('',(-6.125,3.));
#4285 = VECTOR('',#4286,1.);
#4286 = DIRECTION('',(1.,-0.));
#4287 = ( GEOMETRIC_REPRESENTATION_CONTEXT(2) 
PARAMETRIC_REPRESENTATION_CONTEXT() REPRESENTATION_CONTEXT('2D SPACE',''
  ) );
#4288 = ORIENTED_EDGE('',*,*,#4289,.T.);
#4289 = EDGE_CURVE('',#4267,#4290,#4292,.T.);
#4290 = VERTEX_POINT('',#4291);
#4291 = CARTESIAN_POINT('',(37.223547906108,18.026923788647,2.));
#4292 = SURFACE_CURVE('',#4293,(#4297,#4304),.PCURVE_S1.);
#4293 = LINE('',#4294,#4295);
#4294 = CARTESIAN_POINT('',(26.614736709749,11.901923788647,2.));
#4295 = VECTOR('',#4296,1.);
#4296 = DIRECTION('',(0.866025403784,0.5,-0.));
#4297 = PCURVE('',#399,#4298);
#4298 = DEFINITIONAL_REPRESENTATION('',(#4299),#4303);
#4299 = LINE('',#4300,#4301);
#4300 = CARTESIAN_POINT('',(-0.,-2.));
#4301 = VECTOR('',#4302,1.);
#4302 = DIRECTION('',(-1.,-0.));
#4303 = ( GEOMETRIC_REPRESENTATION_CONTEXT(2) 
PARAMETRIC_REPRESENTATION_CONTEXT() REPRESENTATION_CONTEXT('2D SPACE',''
  ) );
#4304 = PCURVE('',#4305,#4310);
#4305 = PLANE('',#4306);
#4306 = AXIS2_PLACEMENT_3D('',#4307,#4308,#4309);
#4307 = CARTESIAN_POINT('',(-2.808005405856E-15,-3.707602883041E-15,2.)
  );
#4308 = DIRECTION('',(-0.,-0.,1.));
#4309 = DIRECTION('',(-1.,0.,0.));
#4310 = DEFINITIONAL_REPRESENTATION('',(#4311),#4315);
#4311 = LINE('',#4312,#4313);
#4312 = CARTESIAN_POINT('',(-26.61473670974,-11.90192378864));
#4313 = VECTOR('',#4314,1.);
#4314 = DIRECTION('',(-0.866025403784,-0.5));
#4315 = ( GEOMETRIC_REPRESENTATION_CONTEXT(2) 
PARAMETRIC_REPRESENTATION_CONTEXT() REPRESENTATION_CONTEXT('2D SPACE',''
  ) );
#4316 = ORIENTED_EDGE('',*,*,#4317,.F.);
#4317 = EDGE_CURVE('',#384,#4290,#4318,.T.);
#4318 = SURFACE_CURVE('',#4319,(#4323,#4330),.PCURVE_S1.);
#4319 = LINE('',#4320,#4321);
#4320 = CARTESIAN_POINT('',(37.223547906108,18.026923788647,0.));
#4321 = VECTOR('',#4322,1.);
#4322 = DIRECTION('',(-0.,-0.,1.));
#4323 = PCURVE('',#399,#4324);
#4324 = DEFINITIONAL_REPRESENTATION('',(#4325),#4329);
#4325 = LINE('',#4326,#4327);
#4326 = CARTESIAN_POINT('',(-12.25,-0.));
#4327 = VECTOR('',#4328,1.);
#4328 = DIRECTION('',(-0.,-1.));
#4329 = ( GEOMETRIC_REPRESENTATION_CONTEXT(2) 
PARAMETRIC_REPRESENTATION_CONTEXT() REPRESENTATION_CONTEXT('2D SPACE',''
  ) );
#4330 = PCURVE('',#428,#4331);
#4331 = DEFINITIONAL_REPRESENTATION('',(#4332),#4336);
#4332 = LINE('',#4333,#4334);
#4333 = CARTESIAN_POINT('',(-0.,0.));
#4334 = VECTOR('',#4335,1.);
#4335 = DIRECTION('',(-0.,-1.));
#4336 = ( GEOMETRIC_REPRESENTATION_CONTEXT(2) 
PARAMETRIC_REPRESENTATION_CONTEXT() REPRESENTATION_CONTEXT('2D SPACE',''
  ) );
#4337 = ORIENTED_EDGE('',*,*,#383,.F.);
#4338 = ADVANCED_FACE('',(#4339),#428,.F.);
#4339 = FACE_BOUND('',#4340,.T.);
#4340 = EDGE_LOOP('',(#4341,#4342,#4366,#4397,#4398,#4431,#4455,#4483,
    #4505,#4506));
#4341 = ORIENTED_EDGE('',*,*,#4317,.T.);
#4342 = ORIENTED_EDGE('',*,*,#4343,.T.);
#4343 = EDGE_CURVE('',#4290,#4344,#4346,.T.);
#4344 = VERTEX_POINT('',#4345);
#4345 = CARTESIAN_POINT('',(37.660505446669,18.334105963589,2.));
#4346 = SURFACE_CURVE('',#4347,(#4352,#4359),.PCURVE_S1.);
#4347 = CIRCLE('',#4348,3.);
#4348 = AXIS2_PLACEMENT_3D('',#4349,#4350,#4351);
#4349 = CARTESIAN_POINT('',(35.723547906108,20.625,2.));
#4350 = DIRECTION('',(0.,0.,1.));
#4351 = DIRECTION('',(0.5,-0.866025403784,-0.));
#4352 = PCURVE('',#428,#4353);
#4353 = DEFINITIONAL_REPRESENTATION('',(#4354),#4358);
#4354 = LINE('',#4355,#4356);
#4355 = CARTESIAN_POINT('',(-0.,-2.));
#4356 = VECTOR('',#4357,1.);
#4357 = DIRECTION('',(-1.,0.));
#4358 = ( GEOMETRIC_REPRESENTATION_CONTEXT(2) 
PARAMETRIC_REPRESENTATION_CONTEXT() REPRESENTATION_CONTEXT('2D SPACE',''
  ) );
#4359 = PCURVE('',#4305,#4360);
#4360 = DEFINITIONAL_REPRESENTATION('',(#4361),#4365);
#4361 = CIRCLE('',#4362,3.);
#4362 = AXIS2_PLACEMENT_2D('',#4363,#4364);
#4363 = CARTESIAN_POINT('',(-35.7235479061,-20.625));
#4364 = DIRECTION('',(-0.5,0.866025403784));
#4365 = ( GEOMETRIC_REPRESENTATION_CONTEXT(2) 
PARAMETRIC_REPRESENTATION_CONTEXT() REPRESENTATION_CONTEXT('2D SPACE',''
  ) );
#4366 = ORIENTED_EDGE('',*,*,#4367,.T.);
#4367 = EDGE_CURVE('',#4344,#856,#4368,.T.);
#4368 = SURFACE_CURVE('',#4369,(#4374,#4381),.PCURVE_S1.);
#4369 = CIRCLE('',#4370,3.);
#4370 = AXIS2_PLACEMENT_3D('',#4371,#4372,#4373);
#4371 = CARTESIAN_POINT('',(35.723547906108,20.625,2.));
#4372 = DIRECTION('',(0.,0.,1.));
#4373 = DIRECTION('',(0.5,-0.866025403784,-0.));
#4374 = PCURVE('',#428,#4375);
#4375 = DEFINITIONAL_REPRESENTATION('',(#4376),#4380);
#4376 = LINE('',#4377,#4378);
#4377 = CARTESIAN_POINT('',(-0.,-2.));
#4378 = VECTOR('',#4379,1.);
#4379 = DIRECTION('',(-1.,0.));
#4380 = ( GEOMETRIC_REPRESENTATION_CONTEXT(2) 
PARAMETRIC_REPRESENTATION_CONTEXT() REPRESENTATION_CONTEXT('2D SPACE',''
  ) );
#4381 = PCURVE('',#4382,#4387);
#4382 = PLANE('',#4383);
#4383 = AXIS2_PLACEMENT_3D('',#4384,#4385,#4386);
#4384 = CARTESIAN_POINT('',(30.419142307928,17.5625,2.));
#4385 = DIRECTION('',(-0.,-0.,-1.));
#4386 = DIRECTION('',(0.866025403784,0.5,0.));
#4387 = DEFINITIONAL_REPRESENTATION('',(#4388),#4396);
#4388 = ( BOUNDED_CURVE() B_SPLINE_CURVE(2,(#4389,#4390,#4391,#4392,
#4393,#4394,#4395),.UNSPECIFIED.,.T.,.F.) B_SPLINE_CURVE_WITH_KNOTS((1,2
    ,2,2,2,1),(-2.094395102393,0.,2.094395102393,4.188790204786,
6.28318530718,8.377580409573),.UNSPECIFIED.) CURVE() 
GEOMETRIC_REPRESENTATION_ITEM() RATIONAL_B_SPLINE_CURVE((1.,0.5,1.,0.5,
1.,0.5,1.)) REPRESENTATION_ITEM('') );
#4389 = CARTESIAN_POINT('',(6.125,3.));
#4390 = CARTESIAN_POINT('',(11.321152422707,3.));
#4391 = CARTESIAN_POINT('',(8.723076211353,-1.5));
#4392 = CARTESIAN_POINT('',(6.125,-6.));
#4393 = CARTESIAN_POINT('',(3.526923788647,-1.5));
#4394 = CARTESIAN_POINT('',(0.928847577293,3.));
#4395 = CARTESIAN_POINT('',(6.125,3.));
#4396 = ( GEOMETRIC_REPRESENTATION_CONTEXT(2) 
PARAMETRIC_REPRESENTATION_CONTEXT() REPRESENTATION_CONTEXT('2D SPACE',''
  ) );
#4397 = ORIENTED_EDGE('',*,*,#890,.T.);
#4398 = ORIENTED_EDGE('',*,*,#4399,.T.);
#4399 = EDGE_CURVE('',#891,#4400,#4402,.T.);
#4400 = VERTEX_POINT('',#4401);
#4401 = CARTESIAN_POINT('',(37.544176794108,23.009388905397,2.));
#4402 = SURFACE_CURVE('',#4403,(#4408,#4415),.PCURVE_S1.);
#4403 = CIRCLE('',#4404,3.);
#4404 = AXIS2_PLACEMENT_3D('',#4405,#4406,#4407);
#4405 = CARTESIAN_POINT('',(35.723547906108,20.625,2.));
#4406 = DIRECTION('',(0.,0.,1.));
#4407 = DIRECTION('',(0.5,-0.866025403784,-0.));
#4408 = PCURVE('',#428,#4409);
#4409 = DEFINITIONAL_REPRESENTATION('',(#4410),#4414);
#4410 = LINE('',#4411,#4412);
#4411 = CARTESIAN_POINT('',(-0.,-2.));
#4412 = VECTOR('',#4413,1.);
#4413 = DIRECTION('',(-1.,0.));
#4414 = ( GEOMETRIC_REPRESENTATION_CONTEXT(2) 
PARAMETRIC_REPRESENTATION_CONTEXT() REPRESENTATION_CONTEXT('2D SPACE',''
  ) );
#4415 = PCURVE('',#4416,#4421);
#4416 = PLANE('',#4417);
#4417 = AXIS2_PLACEMENT_3D('',#4418,#4419,#4420);
#4418 = CARTESIAN_POINT('',(30.419142307928,17.5625,2.));
#4419 = DIRECTION('',(-0.,-0.,-1.));
#4420 = DIRECTION('',(0.866025403784,0.5,0.));
#4421 = DEFINITIONAL_REPRESENTATION('',(#4422),#4430);
#4422 = ( BOUNDED_CURVE() B_SPLINE_CURVE(2,(#4423,#4424,#4425,#4426,
#4427,#4428,#4429),.UNSPECIFIED.,.T.,.F.) B_SPLINE_CURVE_WITH_KNOTS((1,2
    ,2,2,2,1),(-2.094395102393,0.,2.094395102393,4.188790204786,
6.28318530718,8.377580409573),.UNSPECIFIED.) CURVE() 
GEOMETRIC_REPRESENTATION_ITEM() RATIONAL_B_SPLINE_CURVE((1.,0.5,1.,0.5,
1.,0.5,1.)) REPRESENTATION_ITEM('') );
#4423 = CARTESIAN_POINT('',(6.125,3.));
#4424 = CARTESIAN_POINT('',(11.321152422707,3.));
#4425 = CARTESIAN_POINT('',(8.723076211353,-1.5));
#4426 = CARTESIAN_POINT('',(6.125,-6.));
#4427 = CARTESIAN_POINT('',(3.526923788647,-1.5));
#4428 = CARTESIAN_POINT('',(0.928847577293,3.));
#4429 = CARTESIAN_POINT('',(6.125,3.));
#4430 = ( GEOMETRIC_REPRESENTATION_CONTEXT(2) 
PARAMETRIC_REPRESENTATION_CONTEXT() REPRESENTATION_CONTEXT('2D SPACE',''
  ) );
#4431 = ORIENTED_EDGE('',*,*,#4432,.T.);
#4432 = EDGE_CURVE('',#4400,#4433,#4435,.T.);
#4433 = VERTEX_POINT('',#4434);
#4434 = CARTESIAN_POINT('',(35.469443621312,23.614219130885,2.));
#4435 = SURFACE_CURVE('',#4436,(#4441,#4448),.PCURVE_S1.);
#4436 = CIRCLE('',#4437,3.);
#4437 = AXIS2_PLACEMENT_3D('',#4438,#4439,#4440);
#4438 = CARTESIAN_POINT('',(35.723547906108,20.625,2.));
#4439 = DIRECTION('',(0.,0.,1.));
#4440 = DIRECTION('',(0.5,-0.866025403784,-0.));
#4441 = PCURVE('',#428,#4442);
#4442 = DEFINITIONAL_REPRESENTATION('',(#4443),#4447);
#4443 = LINE('',#4444,#4445);
#4444 = CARTESIAN_POINT('',(-0.,-2.));
#4445 = VECTOR('',#4446,1.);
#4446 = DIRECTION('',(-1.,0.));
#4447 = ( GEOMETRIC_REPRESENTATION_CONTEXT(2) 
PARAMETRIC_REPRESENTATION_CONTEXT() REPRESENTATION_CONTEXT('2D SPACE',''
  ) );
#4448 = PCURVE('',#3309,#4449);
#4449 = DEFINITIONAL_REPRESENTATION('',(#4450),#4454);
#4450 = CIRCLE('',#4451,3.);
#4451 = AXIS2_PLACEMENT_2D('',#4452,#4453);
#4452 = CARTESIAN_POINT('',(-35.7235479061,-20.625));
#4453 = DIRECTION('',(-0.5,0.866025403784));
#4454 = ( GEOMETRIC_REPRESENTATION_CONTEXT(2) 
PARAMETRIC_REPRESENTATION_CONTEXT() REPRESENTATION_CONTEXT('2D SPACE',''
  ) );
#4455 = ORIENTED_EDGE('',*,*,#4456,.T.);
#4456 = EDGE_CURVE('',#4433,#4457,#4459,.T.);
#4457 = VERTEX_POINT('',#4458);
#4458 = CARTESIAN_POINT('',(34.631389936391,23.419135102171,2.));
#4459 = SURFACE_CURVE('',#4460,(#4465,#4472),.PCURVE_S1.);
#4460 = CIRCLE('',#4461,3.);
#4461 = AXIS2_PLACEMENT_3D('',#4462,#4463,#4464);
#4462 = CARTESIAN_POINT('',(35.723547906108,20.625,2.));
#4463 = DIRECTION('',(0.,0.,1.));
#4464 = DIRECTION('',(0.5,-0.866025403784,-0.));
#4465 = PCURVE('',#428,#4466);
#4466 = DEFINITIONAL_REPRESENTATION('',(#4467),#4471);
#4467 = LINE('',#4468,#4469);
#4468 = CARTESIAN_POINT('',(-0.,-2.));
#4469 = VECTOR('',#4470,1.);
#4470 = DIRECTION('',(-1.,0.));
#4471 = ( GEOMETRIC_REPRESENTATION_CONTEXT(2) 
PARAMETRIC_REPRESENTATION_CONTEXT() REPRESENTATION_CONTEXT('2D SPACE',''
  ) );
#4472 = PCURVE('',#4382,#4473);
#4473 = DEFINITIONAL_REPRESENTATION('',(#4474),#4482);
#4474 = ( BOUNDED_CURVE() B_SPLINE_CURVE(2,(#4475,#4476,#4477,#4478,
#4479,#4480,#4481),.UNSPECIFIED.,.T.,.F.) B_SPLINE_CURVE_WITH_KNOTS((1,2
    ,2,2,2,1),(-2.094395102393,0.,2.094395102393,4.188790204786,
6.28318530718,8.377580409573),.UNSPECIFIED.) CURVE() 
GEOMETRIC_REPRESENTATION_ITEM() RATIONAL_B_SPLINE_CURVE((1.,0.5,1.,0.5,
1.,0.5,1.)) REPRESENTATION_ITEM('') );
#4475 = CARTESIAN_POINT('',(6.125,3.));
#4476 = CARTESIAN_POINT('',(11.321152422707,3.));
#4477 = CARTESIAN_POINT('',(8.723076211353,-1.5));
#4478 = CARTESIAN_POINT('',(6.125,-6.));
#4479 = CARTESIAN_POINT('',(3.526923788647,-1.5));
#4480 = CARTESIAN_POINT('',(0.928847577293,3.));
#4481 = CARTESIAN_POINT('',(6.125,3.));
#4482 = ( GEOMETRIC_REPRESENTATION_CONTEXT(2) 
PARAMETRIC_REPRESENTATION_CONTEXT() REPRESENTATION_CONTEXT('2D SPACE',''
  ) );
#4483 = ORIENTED_EDGE('',*,*,#4484,.T.);
#4484 = EDGE_CURVE('',#4457,#3684,#4485,.T.);
#4485 = SURFACE_CURVE('',#4486,(#4491,#4498),.PCURVE_S1.);
#4486 = CIRCLE('',#4487,3.);
#4487 = AXIS2_PLACEMENT_3D('',#4488,#4489,#4490);
#4488 = CARTESIAN_POINT('',(35.723547906108,20.625,2.));
#4489 = DIRECTION('',(0.,0.,1.));
#4490 = DIRECTION('',(0.5,-0.866025403784,-0.));
#4491 = PCURVE('',#428,#4492);
#4492 = DEFINITIONAL_REPRESENTATION('',(#4493),#4497);
#4493 = LINE('',#4494,#4495);
#4494 = CARTESIAN_POINT('',(-0.,-2.));
#4495 = VECTOR('',#4496,1.);
#4496 = DIRECTION('',(-1.,0.));
#4497 = ( GEOMETRIC_REPRESENTATION_CONTEXT(2) 
PARAMETRIC_REPRESENTATION_CONTEXT() REPRESENTATION_CONTEXT('2D SPACE',''
  ) );
#4498 = PCURVE('',#3203,#4499);
#4499 = DEFINITIONAL_REPRESENTATION('',(#4500),#4504);
#4500 = CIRCLE('',#4501,3.);
#4501 = AXIS2_PLACEMENT_2D('',#4502,#4503);
#4502 = CARTESIAN_POINT('',(-35.7235479061,-20.625));
#4503 = DIRECTION('',(-0.5,0.866025403784));
#4504 = ( GEOMETRIC_REPRESENTATION_CONTEXT(2) 
PARAMETRIC_REPRESENTATION_CONTEXT() REPRESENTATION_CONTEXT('2D SPACE',''
  ) );
#4505 = ORIENTED_EDGE('',*,*,#3683,.F.);
#4506 = ORIENTED_EDGE('',*,*,#411,.F.);
#4507 = ADVANCED_FACE('',(#4508),#487,.F.);
#4508 = FACE_BOUND('',#4509,.T.);
#4509 = EDGE_LOOP('',(#4510,#4533,#4566,#4595,#4628,#4652,#4680,#4704,
    #4732,#4753));
#4510 = ORIENTED_EDGE('',*,*,#4511,.T.);
#4511 = EDGE_CURVE('',#469,#4512,#4514,.T.);
#4512 = VERTEX_POINT('',#4513);
#4513 = CARTESIAN_POINT('',(-23.61473670974,-17.09807621135,2.));
#4514 = SURFACE_CURVE('',#4515,(#4519,#4526),.PCURVE_S1.);
#4515 = LINE('',#4516,#4517);
#4516 = CARTESIAN_POINT('',(-23.61473670974,-17.09807621135,0.));
#4517 = VECTOR('',#4518,1.);
#4518 = DIRECTION('',(-0.,-0.,1.));
#4519 = PCURVE('',#487,#4520);
#4520 = DEFINITIONAL_REPRESENTATION('',(#4521),#4525);
#4521 = LINE('',#4522,#4523);
#4522 = CARTESIAN_POINT('',(-0.,0.));
#4523 = VECTOR('',#4524,1.);
#4524 = DIRECTION('',(-0.,-1.));
#4525 = ( GEOMETRIC_REPRESENTATION_CONTEXT(2) 
PARAMETRIC_REPRESENTATION_CONTEXT() REPRESENTATION_CONTEXT('2D SPACE',''
  ) );
#4526 = PCURVE('',#570,#4527);
#4527 = DEFINITIONAL_REPRESENTATION('',(#4528),#4532);
#4528 = LINE('',#4529,#4530);
#4529 = CARTESIAN_POINT('',(-12.25,-0.));
#4530 = VECTOR('',#4531,1.);
#4531 = DIRECTION('',(-0.,-1.));
#4532 = ( GEOMETRIC_REPRESENTATION_CONTEXT(2) 
PARAMETRIC_REPRESENTATION_CONTEXT() REPRESENTATION_CONTEXT('2D SPACE',''
  ) );
#4533 = ORIENTED_EDGE('',*,*,#4534,.T.);
#4534 = EDGE_CURVE('',#4512,#4535,#4537,.T.);
#4535 = VERTEX_POINT('',#4536);
#4536 = CARTESIAN_POINT('',(-23.31825394595,-16.90263390457,2.));
#4537 = SURFACE_CURVE('',#4538,(#4543,#4550),.PCURVE_S1.);
#4538 = CIRCLE('',#4539,3.);
#4539 = AXIS2_PLACEMENT_3D('',#4540,#4541,#4542);
#4540 = CARTESIAN_POINT('',(-25.11473670974,-14.5,2.));
#4541 = DIRECTION('',(0.,0.,1.));
#4542 = DIRECTION('',(0.5,-0.866025403784,-0.));
#4543 = PCURVE('',#487,#4544);
#4544 = DEFINITIONAL_REPRESENTATION('',(#4545),#4549);
#4545 = LINE('',#4546,#4547);
#4546 = CARTESIAN_POINT('',(-0.,-2.));
#4547 = VECTOR('',#4548,1.);
#4548 = DIRECTION('',(-1.,0.));
#4549 = ( GEOMETRIC_REPRESENTATION_CONTEXT(2) 
PARAMETRIC_REPRESENTATION_CONTEXT() REPRESENTATION_CONTEXT('2D SPACE',''
  ) );
#4550 = PCURVE('',#4551,#4556);
#4551 = PLANE('',#4552);
#4552 = AXIS2_PLACEMENT_3D('',#4553,#4554,#4555);
#4553 = CARTESIAN_POINT('',(-30.41914230792,-17.5625,2.));
#4554 = DIRECTION('',(-0.,-0.,-1.));
#4555 = DIRECTION('',(-0.866025403784,-0.5,0.));
#4556 = DEFINITIONAL_REPRESENTATION('',(#4557),#4565);
#4557 = ( BOUNDED_CURVE() B_SPLINE_CURVE(2,(#4558,#4559,#4560,#4561,
#4562,#4563,#4564),.UNSPECIFIED.,.T.,.F.) B_SPLINE_CURVE_WITH_KNOTS((1,2
    ,2,2,2,1),(-2.094395102393,0.,2.094395102393,4.188790204786,
6.28318530718,8.377580409573),.UNSPECIFIED.) CURVE() 
GEOMETRIC_REPRESENTATION_ITEM() RATIONAL_B_SPLINE_CURVE((1.,0.5,1.,0.5,
1.,0.5,1.)) REPRESENTATION_ITEM('') );
#4558 = CARTESIAN_POINT('',(-6.125,-3.));
#4559 = CARTESIAN_POINT('',(-11.3211524227,-3.));
#4560 = CARTESIAN_POINT('',(-8.723076211353,1.5));
#4561 = CARTESIAN_POINT('',(-6.125,6.));
#4562 = CARTESIAN_POINT('',(-3.526923788647,1.5));
#4563 = CARTESIAN_POINT('',(-0.928847577293,-3.));
#4564 = CARTESIAN_POINT('',(-6.125,-3.));
#4565 = ( GEOMETRIC_REPRESENTATION_CONTEXT(2) 
PARAMETRIC_REPRESENTATION_CONTEXT() REPRESENTATION_CONTEXT('2D SPACE',''
  ) );
#4566 = ORIENTED_EDGE('',*,*,#4567,.T.);
#4567 = EDGE_CURVE('',#4535,#4568,#4570,.T.);
#4568 = VERTEX_POINT('',#4569);
#4569 = CARTESIAN_POINT('',(-22.40082932978,-15.77855650362,2.));
#4570 = SURFACE_CURVE('',#4571,(#4576,#4583),.PCURVE_S1.);
#4571 = CIRCLE('',#4572,3.);
#4572 = AXIS2_PLACEMENT_3D('',#4573,#4574,#4575);
#4573 = CARTESIAN_POINT('',(-25.11473670974,-14.5,2.));
#4574 = DIRECTION('',(0.,0.,1.));
#4575 = DIRECTION('',(0.5,-0.866025403784,-0.));
#4576 = PCURVE('',#487,#4577);
#4577 = DEFINITIONAL_REPRESENTATION('',(#4578),#4582);
#4578 = LINE('',#4579,#4580);
#4579 = CARTESIAN_POINT('',(-0.,-2.));
#4580 = VECTOR('',#4581,1.);
#4581 = DIRECTION('',(-1.,0.));
#4582 = ( GEOMETRIC_REPRESENTATION_CONTEXT(2) 
PARAMETRIC_REPRESENTATION_CONTEXT() REPRESENTATION_CONTEXT('2D SPACE',''
  ) );
#4583 = PCURVE('',#4584,#4589);
#4584 = PLANE('',#4585);
#4585 = AXIS2_PLACEMENT_3D('',#4586,#4587,#4588);
#4586 = CARTESIAN_POINT('',(-2.808005405856E-15,-3.707602883041E-15,2.)
  );
#4587 = DIRECTION('',(-0.,-0.,1.));
#4588 = DIRECTION('',(-1.,0.,0.));
#4589 = DEFINITIONAL_REPRESENTATION('',(#4590),#4594);
#4590 = CIRCLE('',#4591,3.);
#4591 = AXIS2_PLACEMENT_2D('',#4592,#4593);
#4592 = CARTESIAN_POINT('',(25.114736709749,14.5));
#4593 = DIRECTION('',(-0.5,0.866025403784));
#4594 = ( GEOMETRIC_REPRESENTATION_CONTEXT(2) 
PARAMETRIC_REPRESENTATION_CONTEXT() REPRESENTATION_CONTEXT('2D SPACE',''
  ) );
#4595 = ORIENTED_EDGE('',*,*,#4596,.T.);
#4596 = EDGE_CURVE('',#4568,#4597,#4599,.T.);
#4597 = VERTEX_POINT('',#4598);
#4598 = CARTESIAN_POINT('',(-22.12639595639,-14.7642338772,2.));
#4599 = SURFACE_CURVE('',#4600,(#4605,#4612),.PCURVE_S1.);
#4600 = CIRCLE('',#4601,3.);
#4601 = AXIS2_PLACEMENT_3D('',#4602,#4603,#4604);
#4602 = CARTESIAN_POINT('',(-25.11473670974,-14.5,2.));
#4603 = DIRECTION('',(0.,0.,1.));
#4604 = DIRECTION('',(0.5,-0.866025403784,-0.));
#4605 = PCURVE('',#487,#4606);
#4606 = DEFINITIONAL_REPRESENTATION('',(#4607),#4611);
#4607 = LINE('',#4608,#4609);
#4608 = CARTESIAN_POINT('',(-0.,-2.));
#4609 = VECTOR('',#4610,1.);
#4610 = DIRECTION('',(-1.,0.));
#4611 = ( GEOMETRIC_REPRESENTATION_CONTEXT(2) 
PARAMETRIC_REPRESENTATION_CONTEXT() REPRESENTATION_CONTEXT('2D SPACE',''
  ) );
#4612 = PCURVE('',#4613,#4618);
#4613 = PLANE('',#4614);
#4614 = AXIS2_PLACEMENT_3D('',#4615,#4616,#4617);
#4615 = CARTESIAN_POINT('',(-30.41914230792,-17.5625,2.));
#4616 = DIRECTION('',(-0.,-0.,-1.));
#4617 = DIRECTION('',(-0.866025403784,-0.5,0.));
#4618 = DEFINITIONAL_REPRESENTATION('',(#4619),#4627);
#4619 = ( BOUNDED_CURVE() B_SPLINE_CURVE(2,(#4620,#4621,#4622,#4623,
#4624,#4625,#4626),.UNSPECIFIED.,.T.,.F.) B_SPLINE_CURVE_WITH_KNOTS((1,2
    ,2,2,2,1),(-2.094395102393,0.,2.094395102393,4.188790204786,
6.28318530718,8.377580409573),.UNSPECIFIED.) CURVE() 
GEOMETRIC_REPRESENTATION_ITEM() RATIONAL_B_SPLINE_CURVE((1.,0.5,1.,0.5,
1.,0.5,1.)) REPRESENTATION_ITEM('') );
#4620 = CARTESIAN_POINT('',(-6.125,-3.));
#4621 = CARTESIAN_POINT('',(-11.3211524227,-3.));
#4622 = CARTESIAN_POINT('',(-8.723076211353,1.5));
#4623 = CARTESIAN_POINT('',(-6.125,6.));
#4624 = CARTESIAN_POINT('',(-3.526923788647,1.5));
#4625 = CARTESIAN_POINT('',(-0.928847577293,-3.));
#4626 = CARTESIAN_POINT('',(-6.125,-3.));
#4627 = ( GEOMETRIC_REPRESENTATION_CONTEXT(2) 
PARAMETRIC_REPRESENTATION_CONTEXT() REPRESENTATION_CONTEXT('2D SPACE',''
  ) );
#4628 = ORIENTED_EDGE('',*,*,#4629,.T.);
#4629 = EDGE_CURVE('',#4597,#4630,#4632,.T.);
#4630 = VERTEX_POINT('',#4631);
#4631 = CARTESIAN_POINT('',(-23.84939958327,-11.77990405383,2.));
#4632 = SURFACE_CURVE('',#4633,(#4638,#4645),.PCURVE_S1.);
#4633 = CIRCLE('',#4634,3.);
#4634 = AXIS2_PLACEMENT_3D('',#4635,#4636,#4637);
#4635 = CARTESIAN_POINT('',(-25.11473670974,-14.5,2.));
#4636 = DIRECTION('',(0.,0.,1.));
#4637 = DIRECTION('',(0.5,-0.866025403784,-0.));
#4638 = PCURVE('',#487,#4639);
#4639 = DEFINITIONAL_REPRESENTATION('',(#4640),#4644);
#4640 = LINE('',#4641,#4642);
#4641 = CARTESIAN_POINT('',(-0.,-2.));
#4642 = VECTOR('',#4643,1.);
#4643 = DIRECTION('',(-1.,0.));
#4644 = ( GEOMETRIC_REPRESENTATION_CONTEXT(2) 
PARAMETRIC_REPRESENTATION_CONTEXT() REPRESENTATION_CONTEXT('2D SPACE',''
  ) );
#4645 = PCURVE('',#1433,#4646);
#4646 = DEFINITIONAL_REPRESENTATION('',(#4647),#4651);
#4647 = CIRCLE('',#4648,3.);
#4648 = AXIS2_PLACEMENT_2D('',#4649,#4650);
#4649 = CARTESIAN_POINT('',(25.114736709749,14.5));
#4650 = DIRECTION('',(-0.5,0.866025403784));
#4651 = ( GEOMETRIC_REPRESENTATION_CONTEXT(2) 
PARAMETRIC_REPRESENTATION_CONTEXT() REPRESENTATION_CONTEXT('2D SPACE',''
  ) );
#4652 = ORIENTED_EDGE('',*,*,#4653,.T.);
#4653 = EDGE_CURVE('',#4630,#4654,#4656,.T.);
#4654 = VERTEX_POINT('',#4655);
#4655 = CARTESIAN_POINT('',(-24.86504543207,-11.51040901361,2.));
#4656 = SURFACE_CURVE('',#4657,(#4662,#4669),.PCURVE_S1.);
#4657 = CIRCLE('',#4658,3.);
#4658 = AXIS2_PLACEMENT_3D('',#4659,#4660,#4661);
#4659 = CARTESIAN_POINT('',(-25.11473670974,-14.5,2.));
#4660 = DIRECTION('',(0.,0.,1.));
#4661 = DIRECTION('',(0.5,-0.866025403784,-0.));
#4662 = PCURVE('',#487,#4663);
#4663 = DEFINITIONAL_REPRESENTATION('',(#4664),#4668);
#4664 = LINE('',#4665,#4666);
#4665 = CARTESIAN_POINT('',(-0.,-2.));
#4666 = VECTOR('',#4667,1.);
#4667 = DIRECTION('',(-1.,0.));
#4668 = ( GEOMETRIC_REPRESENTATION_CONTEXT(2) 
PARAMETRIC_REPRESENTATION_CONTEXT() REPRESENTATION_CONTEXT('2D SPACE',''
  ) );
#4669 = PCURVE('',#4613,#4670);
#4670 = DEFINITIONAL_REPRESENTATION('',(#4671),#4679);
#4671 = ( BOUNDED_CURVE() B_SPLINE_CURVE(2,(#4672,#4673,#4674,#4675,
#4676,#4677,#4678),.UNSPECIFIED.,.T.,.F.) B_SPLINE_CURVE_WITH_KNOTS((1,2
    ,2,2,2,1),(-2.094395102393,0.,2.094395102393,4.188790204786,
6.28318530718,8.377580409573),.UNSPECIFIED.) CURVE() 
GEOMETRIC_REPRESENTATION_ITEM() RATIONAL_B_SPLINE_CURVE((1.,0.5,1.,0.5,
1.,0.5,1.)) REPRESENTATION_ITEM('') );
#4672 = CARTESIAN_POINT('',(-6.125,-3.));
#4673 = CARTESIAN_POINT('',(-11.3211524227,-3.));
#4674 = CARTESIAN_POINT('',(-8.723076211353,1.5));
#4675 = CARTESIAN_POINT('',(-6.125,6.));
#4676 = CARTESIAN_POINT('',(-3.526923788647,1.5));
#4677 = CARTESIAN_POINT('',(-0.928847577293,-3.));
#4678 = CARTESIAN_POINT('',(-6.125,-3.));
#4679 = ( GEOMETRIC_REPRESENTATION_CONTEXT(2) 
PARAMETRIC_REPRESENTATION_CONTEXT() REPRESENTATION_CONTEXT('2D SPACE',''
  ) );
#4680 = ORIENTED_EDGE('',*,*,#4681,.T.);
#4681 = EDGE_CURVE('',#4654,#4682,#4684,.T.);
#4682 = VERTEX_POINT('',#4683);
#4683 = CARTESIAN_POINT('',(-26.2972373252,-11.7428833368,2.));
#4684 = SURFACE_CURVE('',#4685,(#4690,#4697),.PCURVE_S1.);
#4685 = CIRCLE('',#4686,3.);
#4686 = AXIS2_PLACEMENT_3D('',#4687,#4688,#4689);
#4687 = CARTESIAN_POINT('',(-25.11473670974,-14.5,2.));
#4688 = DIRECTION('',(0.,0.,1.));
#4689 = DIRECTION('',(0.5,-0.866025403784,-0.));
#4690 = PCURVE('',#487,#4691);
#4691 = DEFINITIONAL_REPRESENTATION('',(#4692),#4696);
#4692 = LINE('',#4693,#4694);
#4693 = CARTESIAN_POINT('',(-0.,-2.));
#4694 = VECTOR('',#4695,1.);
#4695 = DIRECTION('',(-1.,0.));
#4696 = ( GEOMETRIC_REPRESENTATION_CONTEXT(2) 
PARAMETRIC_REPRESENTATION_CONTEXT() REPRESENTATION_CONTEXT('2D SPACE',''
  ) );
#4697 = PCURVE('',#1371,#4698);
#4698 = DEFINITIONAL_REPRESENTATION('',(#4699),#4703);
#4699 = CIRCLE('',#4700,3.);
#4700 = AXIS2_PLACEMENT_2D('',#4701,#4702);
#4701 = CARTESIAN_POINT('',(25.114736709749,14.5));
#4702 = DIRECTION('',(-0.5,0.866025403784));
#4703 = ( GEOMETRIC_REPRESENTATION_CONTEXT(2) 
PARAMETRIC_REPRESENTATION_CONTEXT() REPRESENTATION_CONTEXT('2D SPACE',''
  ) );
#4704 = ORIENTED_EDGE('',*,*,#4705,.T.);
#4705 = EDGE_CURVE('',#4682,#4706,#4708,.T.);
#4706 = VERTEX_POINT('',#4707);
#4707 = CARTESIAN_POINT('',(-26.61473670974,-11.90192378864,2.));
#4708 = SURFACE_CURVE('',#4709,(#4714,#4721),.PCURVE_S1.);
#4709 = CIRCLE('',#4710,3.);
#4710 = AXIS2_PLACEMENT_3D('',#4711,#4712,#4713);
#4711 = CARTESIAN_POINT('',(-25.11473670974,-14.5,2.));
#4712 = DIRECTION('',(0.,0.,1.));
#4713 = DIRECTION('',(0.5,-0.866025403784,-0.));
#4714 = PCURVE('',#487,#4715);
#4715 = DEFINITIONAL_REPRESENTATION('',(#4716),#4720);
#4716 = LINE('',#4717,#4718);
#4717 = CARTESIAN_POINT('',(-0.,-2.));
#4718 = VECTOR('',#4719,1.);
#4719 = DIRECTION('',(-1.,0.));
#4720 = ( GEOMETRIC_REPRESENTATION_CONTEXT(2) 
PARAMETRIC_REPRESENTATION_CONTEXT() REPRESENTATION_CONTEXT('2D SPACE',''
  ) );
#4721 = PCURVE('',#4551,#4722);
#4722 = DEFINITIONAL_REPRESENTATION('',(#4723),#4731);
#4723 = ( BOUNDED_CURVE() B_SPLINE_CURVE(2,(#4724,#4725,#4726,#4727,
#4728,#4729,#4730),.UNSPECIFIED.,.T.,.F.) B_SPLINE_CURVE_WITH_KNOTS((1,2
    ,2,2,2,1),(-2.094395102393,0.,2.094395102393,4.188790204786,
6.28318530718,8.377580409573),.UNSPECIFIED.) CURVE() 
GEOMETRIC_REPRESENTATION_ITEM() RATIONAL_B_SPLINE_CURVE((1.,0.5,1.,0.5,
1.,0.5,1.)) REPRESENTATION_ITEM('') );
#4724 = CARTESIAN_POINT('',(-6.125,-3.));
#4725 = CARTESIAN_POINT('',(-11.3211524227,-3.));
#4726 = CARTESIAN_POINT('',(-8.723076211353,1.5));
#4727 = CARTESIAN_POINT('',(-6.125,6.));
#4728 = CARTESIAN_POINT('',(-3.526923788647,1.5));
#4729 = CARTESIAN_POINT('',(-0.928847577293,-3.));
#4730 = CARTESIAN_POINT('',(-6.125,-3.));
#4731 = ( GEOMETRIC_REPRESENTATION_CONTEXT(2) 
PARAMETRIC_REPRESENTATION_CONTEXT() REPRESENTATION_CONTEXT('2D SPACE',''
  ) );
#4732 = ORIENTED_EDGE('',*,*,#4733,.F.);
#4733 = EDGE_CURVE('',#471,#4706,#4734,.T.);
#4734 = SURFACE_CURVE('',#4735,(#4739,#4746),.PCURVE_S1.);
#4735 = LINE('',#4736,#4737);
#4736 = CARTESIAN_POINT('',(-26.61473670974,-11.90192378864,0.));
#4737 = VECTOR('',#4738,1.);
#4738 = DIRECTION('',(-0.,-0.,1.));
#4739 = PCURVE('',#487,#4740);
#4740 = DEFINITIONAL_REPRESENTATION('',(#4741),#4745);
#4741 = LINE('',#4742,#4743);
#4742 = CARTESIAN_POINT('',(-3.14159265359,0.));
#4743 = VECTOR('',#4744,1.);
#4744 = DIRECTION('',(-0.,-1.));
#4745 = ( GEOMETRIC_REPRESENTATION_CONTEXT(2) 
PARAMETRIC_REPRESENTATION_CONTEXT() REPRESENTATION_CONTEXT('2D SPACE',''
  ) );
#4746 = PCURVE('',#515,#4747);
#4747 = DEFINITIONAL_REPRESENTATION('',(#4748),#4752);
#4748 = LINE('',#4749,#4750);
#4749 = CARTESIAN_POINT('',(-0.,-0.));
#4750 = VECTOR('',#4751,1.);
#4751 = DIRECTION('',(-0.,-1.));
#4752 = ( GEOMETRIC_REPRESENTATION_CONTEXT(2) 
PARAMETRIC_REPRESENTATION_CONTEXT() REPRESENTATION_CONTEXT('2D SPACE',''
  ) );
#4753 = ORIENTED_EDGE('',*,*,#468,.F.);
#4754 = ADVANCED_FACE('',(#4755),#570,.F.);
#4755 = FACE_BOUND('',#4756,.T.);
#4756 = EDGE_LOOP('',(#4757,#4780,#4808,#4836,#4864,#4892,#4920,#4948,
    #4976,#5004,#5032,#5060,#5088,#5109,#5110));
#4757 = ORIENTED_EDGE('',*,*,#4758,.T.);
#4758 = EDGE_CURVE('',#528,#4759,#4761,.T.);
#4759 = VERTEX_POINT('',#4760);
#4760 = CARTESIAN_POINT('',(-34.2235479061,-23.22307621135,2.));
#4761 = SURFACE_CURVE('',#4762,(#4766,#4773),.PCURVE_S1.);
#4762 = LINE('',#4763,#4764);
#4763 = CARTESIAN_POINT('',(-34.2235479061,-23.22307621135,0.));
#4764 = VECTOR('',#4765,1.);
#4765 = DIRECTION('',(-0.,-0.,1.));
#4766 = PCURVE('',#570,#4767);
#4767 = DEFINITIONAL_REPRESENTATION('',(#4768),#4772);
#4768 = LINE('',#4769,#4770);
#4769 = CARTESIAN_POINT('',(-0.,-0.));
#4770 = VECTOR('',#4771,1.);
#4771 = DIRECTION('',(-0.,-1.));
#4772 = ( GEOMETRIC_REPRESENTATION_CONTEXT(2) 
PARAMETRIC_REPRESENTATION_CONTEXT() REPRESENTATION_CONTEXT('2D SPACE',''
  ) );
#4773 = PCURVE('',#544,#4774);
#4774 = DEFINITIONAL_REPRESENTATION('',(#4775),#4779);
#4775 = LINE('',#4776,#4777);
#4776 = CARTESIAN_POINT('',(-3.14159265359,0.));
#4777 = VECTOR('',#4778,1.);
#4778 = DIRECTION('',(-0.,-1.));
#4779 = ( GEOMETRIC_REPRESENTATION_CONTEXT(2) 
PARAMETRIC_REPRESENTATION_CONTEXT() REPRESENTATION_CONTEXT('2D SPACE',''
  ) );
#4780 = ORIENTED_EDGE('',*,*,#4781,.T.);
#4781 = EDGE_CURVE('',#4759,#4782,#4784,.T.);
#4782 = VERTEX_POINT('',#4783);
#4783 = CARTESIAN_POINT('',(-33.56451197436,-22.84258163875,2.));
#4784 = SURFACE_CURVE('',#4785,(#4789,#4796),.PCURVE_S1.);
#4785 = LINE('',#4786,#4787);
#4786 = CARTESIAN_POINT('',(-34.2235479061,-23.22307621135,2.));
#4787 = VECTOR('',#4788,1.);
#4788 = DIRECTION('',(0.866025403784,0.5,-0.));
#4789 = PCURVE('',#570,#4790);
#4790 = DEFINITIONAL_REPRESENTATION('',(#4791),#4795);
#4791 = LINE('',#4792,#4793);
#4792 = CARTESIAN_POINT('',(-0.,-2.));
#4793 = VECTOR('',#4794,1.);
#4794 = DIRECTION('',(-1.,-0.));
#4795 = ( GEOMETRIC_REPRESENTATION_CONTEXT(2) 
PARAMETRIC_REPRESENTATION_CONTEXT() REPRESENTATION_CONTEXT('2D SPACE',''
  ) );
#4796 = PCURVE('',#4797,#4802);
#4797 = PLANE('',#4798);
#4798 = AXIS2_PLACEMENT_3D('',#4799,#4800,#4801);
#4799 = CARTESIAN_POINT('',(-2.808005405856E-15,-3.707602883041E-15,2.)
  );
#4800 = DIRECTION('',(-0.,-0.,1.));
#4801 = DIRECTION('',(-1.,0.,0.));
#4802 = DEFINITIONAL_REPRESENTATION('',(#4803),#4807);
#4803 = LINE('',#4804,#4805);
#4804 = CARTESIAN_POINT('',(34.223547906108,23.223076211353));
#4805 = VECTOR('',#4806,1.);
#4806 = DIRECTION('',(-0.866025403784,-0.5));
#4807 = ( GEOMETRIC_REPRESENTATION_CONTEXT(2) 
PARAMETRIC_REPRESENTATION_CONTEXT() REPRESENTATION_CONTEXT('2D SPACE',''
  ) );
#4808 = ORIENTED_EDGE('',*,*,#4809,.T.);
#4809 = EDGE_CURVE('',#4782,#4810,#4812,.T.);
#4810 = VERTEX_POINT('',#4811);
#4811 = CARTESIAN_POINT('',(-32.86975414517,-22.44146301905,2.));
#4812 = SURFACE_CURVE('',#4813,(#4817,#4824),.PCURVE_S1.);
#4813 = LINE('',#4814,#4815);
#4814 = CARTESIAN_POINT('',(-34.2235479061,-23.22307621135,2.));
#4815 = VECTOR('',#4816,1.);
#4816 = DIRECTION('',(0.866025403784,0.5,-0.));
#4817 = PCURVE('',#570,#4818);
#4818 = DEFINITIONAL_REPRESENTATION('',(#4819),#4823);
#4819 = LINE('',#4820,#4821);
#4820 = CARTESIAN_POINT('',(-0.,-2.));
#4821 = VECTOR('',#4822,1.);
#4822 = DIRECTION('',(-1.,-0.));
#4823 = ( GEOMETRIC_REPRESENTATION_CONTEXT(2) 
PARAMETRIC_REPRESENTATION_CONTEXT() REPRESENTATION_CONTEXT('2D SPACE',''
  ) );
#4824 = PCURVE('',#4825,#4830);
#4825 = PLANE('',#4826);
#4826 = AXIS2_PLACEMENT_3D('',#4827,#4828,#4829);
#4827 = CARTESIAN_POINT('',(-30.41914230792,-17.5625,2.));
#4828 = DIRECTION('',(-0.,-0.,-1.));
#4829 = DIRECTION('',(-0.866025403784,-0.5,0.));
#4830 = DEFINITIONAL_REPRESENTATION('',(#4831),#4835);
#4831 = LINE('',#4832,#4833);
#4832 = CARTESIAN_POINT('',(6.125,-3.));
#4833 = VECTOR('',#4834,1.);
#4834 = DIRECTION('',(-1.,0.));
#4835 = ( GEOMETRIC_REPRESENTATION_CONTEXT(2) 
PARAMETRIC_REPRESENTATION_CONTEXT() REPRESENTATION_CONTEXT('2D SPACE',''
  ) );
#4836 = ORIENTED_EDGE('',*,*,#4837,.T.);
#4837 = EDGE_CURVE('',#4810,#4838,#4840,.T.);
#4838 = VERTEX_POINT('',#4839);
#4839 = CARTESIAN_POINT('',(-31.6537328215,-21.73939278049,2.));
#4840 = SURFACE_CURVE('',#4841,(#4845,#4852),.PCURVE_S1.);
#4841 = LINE('',#4842,#4843);
#4842 = CARTESIAN_POINT('',(-34.2235479061,-23.22307621135,2.));
#4843 = VECTOR('',#4844,1.);
#4844 = DIRECTION('',(0.866025403784,0.5,-0.));
#4845 = PCURVE('',#570,#4846);
#4846 = DEFINITIONAL_REPRESENTATION('',(#4847),#4851);
#4847 = LINE('',#4848,#4849);
#4848 = CARTESIAN_POINT('',(-0.,-2.));
#4849 = VECTOR('',#4850,1.);
#4850 = DIRECTION('',(-1.,-0.));
#4851 = ( GEOMETRIC_REPRESENTATION_CONTEXT(2) 
PARAMETRIC_REPRESENTATION_CONTEXT() REPRESENTATION_CONTEXT('2D SPACE',''
  ) );
#4852 = PCURVE('',#4853,#4858);
#4853 = PLANE('',#4854);
#4854 = AXIS2_PLACEMENT_3D('',#4855,#4856,#4857);
#4855 = CARTESIAN_POINT('',(-2.808005405856E-15,-3.707602883041E-15,2.)
  );
#4856 = DIRECTION('',(-0.,-0.,1.));
#4857 = DIRECTION('',(-1.,0.,0.));
#4858 = DEFINITIONAL_REPRESENTATION('',(#4859),#4863);
#4859 = LINE('',#4860,#4861);
#4860 = CARTESIAN_POINT('',(34.223547906108,23.223076211353));
#4861 = VECTOR('',#4862,1.);
#4862 = DIRECTION('',(-0.866025403784,-0.5));
#4863 = ( GEOMETRIC_REPRESENTATION_CONTEXT(2) 
PARAMETRIC_REPRESENTATION_CONTEXT() REPRESENTATION_CONTEXT('2D SPACE',''
  ) );
#4864 = ORIENTED_EDGE('',*,*,#4865,.T.);
#4865 = EDGE_CURVE('',#4838,#4866,#4868,.T.);
#4866 = VERTEX_POINT('',#4867);
#4867 = CARTESIAN_POINT('',(-30.95874304405,-21.33814024539,2.));
#4868 = SURFACE_CURVE('',#4869,(#4873,#4880),.PCURVE_S1.);
#4869 = LINE('',#4870,#4871);
#4870 = CARTESIAN_POINT('',(-34.2235479061,-23.22307621135,2.));
#4871 = VECTOR('',#4872,1.);
#4872 = DIRECTION('',(0.866025403784,0.5,-0.));
#4873 = PCURVE('',#570,#4874);
#4874 = DEFINITIONAL_REPRESENTATION('',(#4875),#4879);
#4875 = LINE('',#4876,#4877);
#4876 = CARTESIAN_POINT('',(-0.,-2.));
#4877 = VECTOR('',#4878,1.);
#4878 = DIRECTION('',(-1.,-0.));
#4879 = ( GEOMETRIC_REPRESENTATION_CONTEXT(2) 
PARAMETRIC_REPRESENTATION_CONTEXT() REPRESENTATION_CONTEXT('2D SPACE',''
  ) );
#4880 = PCURVE('',#4881,#4886);
#4881 = PLANE('',#4882);
#4882 = AXIS2_PLACEMENT_3D('',#4883,#4884,#4885);
#4883 = CARTESIAN_POINT('',(-30.41914230792,-17.5625,2.));
#4884 = DIRECTION('',(-0.,-0.,-1.));
#4885 = DIRECTION('',(-0.866025403784,-0.5,0.));
#4886 = DEFINITIONAL_REPRESENTATION('',(#4887),#4891);
#4887 = LINE('',#4888,#4889);
#4888 = CARTESIAN_POINT('',(6.125,-3.));
#4889 = VECTOR('',#4890,1.);
#4890 = DIRECTION('',(-1.,0.));
#4891 = ( GEOMETRIC_REPRESENTATION_CONTEXT(2) 
PARAMETRIC_REPRESENTATION_CONTEXT() REPRESENTATION_CONTEXT('2D SPACE',''
  ) );
#4892 = ORIENTED_EDGE('',*,*,#4893,.T.);
#4893 = EDGE_CURVE('',#4866,#4894,#4896,.T.);
#4894 = VERTEX_POINT('',#4895);
#4895 = CARTESIAN_POINT('',(-29.74227904619,-20.63581442876,2.));
#4896 = SURFACE_CURVE('',#4897,(#4901,#4908),.PCURVE_S1.);
#4897 = LINE('',#4898,#4899);
#4898 = CARTESIAN_POINT('',(-34.2235479061,-23.22307621135,2.));
#4899 = VECTOR('',#4900,1.);
#4900 = DIRECTION('',(0.866025403784,0.5,-0.));
#4901 = PCURVE('',#570,#4902);
#4902 = DEFINITIONAL_REPRESENTATION('',(#4903),#4907);
#4903 = LINE('',#4904,#4905);
#4904 = CARTESIAN_POINT('',(-0.,-2.));
#4905 = VECTOR('',#4906,1.);
#4906 = DIRECTION('',(-1.,-0.));
#4907 = ( GEOMETRIC_REPRESENTATION_CONTEXT(2) 
PARAMETRIC_REPRESENTATION_CONTEXT() REPRESENTATION_CONTEXT('2D SPACE',''
  ) );
#4908 = PCURVE('',#4909,#4914);
#4909 = PLANE('',#4910);
#4910 = AXIS2_PLACEMENT_3D('',#4911,#4912,#4913);
#4911 = CARTESIAN_POINT('',(-2.808005405856E-15,-3.707602883041E-15,2.)
  );
#4912 = DIRECTION('',(-0.,-0.,1.));
#4913 = DIRECTION('',(-1.,0.,0.));
#4914 = DEFINITIONAL_REPRESENTATION('',(#4915),#4919);
#4915 = LINE('',#4916,#4917);
#4916 = CARTESIAN_POINT('',(34.223547906108,23.223076211353));
#4917 = VECTOR('',#4918,1.);
#4918 = DIRECTION('',(-0.866025403784,-0.5));
#4919 = ( GEOMETRIC_REPRESENTATION_CONTEXT(2) 
PARAMETRIC_REPRESENTATION_CONTEXT() REPRESENTATION_CONTEXT('2D SPACE',''
  ) );
#4920 = ORIENTED_EDGE('',*,*,#4921,.T.);
#4921 = EDGE_CURVE('',#4894,#4922,#4924,.T.);
#4922 = VERTEX_POINT('',#4923);
#4923 = CARTESIAN_POINT('',(-29.04701294725,-20.23440235939,2.));
#4924 = SURFACE_CURVE('',#4925,(#4929,#4936),.PCURVE_S1.);
#4925 = LINE('',#4926,#4927);
#4926 = CARTESIAN_POINT('',(-34.2235479061,-23.22307621135,2.));
#4927 = VECTOR('',#4928,1.);
#4928 = DIRECTION('',(0.866025403784,0.5,-0.));
#4929 = PCURVE('',#570,#4930);
#4930 = DEFINITIONAL_REPRESENTATION('',(#4931),#4935);
#4931 = LINE('',#4932,#4933);
#4932 = CARTESIAN_POINT('',(-0.,-2.));
#4933 = VECTOR('',#4934,1.);
#4934 = DIRECTION('',(-1.,-0.));
#4935 = ( GEOMETRIC_REPRESENTATION_CONTEXT(2) 
PARAMETRIC_REPRESENTATION_CONTEXT() REPRESENTATION_CONTEXT('2D SPACE',''
  ) );
#4936 = PCURVE('',#4937,#4942);
#4937 = PLANE('',#4938);
#4938 = AXIS2_PLACEMENT_3D('',#4939,#4940,#4941);
#4939 = CARTESIAN_POINT('',(-30.41914230792,-17.5625,2.));
#4940 = DIRECTION('',(-0.,-0.,-1.));
#4941 = DIRECTION('',(-0.866025403784,-0.5,0.));
#4942 = DEFINITIONAL_REPRESENTATION('',(#4943),#4947);
#4943 = LINE('',#4944,#4945);
#4944 = CARTESIAN_POINT('',(6.125,-3.));
#4945 = VECTOR('',#4946,1.);
#4946 = DIRECTION('',(-1.,0.));
#4947 = ( GEOMETRIC_REPRESENTATION_CONTEXT(2) 
PARAMETRIC_REPRESENTATION_CONTEXT() REPRESENTATION_CONTEXT('2D SPACE',''
  ) );
#4948 = ORIENTED_EDGE('',*,*,#4949,.T.);
#4949 = EDGE_CURVE('',#4922,#4950,#4952,.T.);
#4950 = VERTEX_POINT('',#4951);
#4951 = CARTESIAN_POINT('',(-27.83001875212,-19.53177043322,2.));
#4952 = SURFACE_CURVE('',#4953,(#4957,#4964),.PCURVE_S1.);
#4953 = LINE('',#4954,#4955);
#4954 = CARTESIAN_POINT('',(-34.2235479061,-23.22307621135,2.));
#4955 = VECTOR('',#4956,1.);
#4956 = DIRECTION('',(0.866025403784,0.5,-0.));
#4957 = PCURVE('',#570,#4958);
#4958 = DEFINITIONAL_REPRESENTATION('',(#4959),#4963);
#4959 = LINE('',#4960,#4961);
#4960 = CARTESIAN_POINT('',(-0.,-2.));
#4961 = VECTOR('',#4962,1.);
#4962 = DIRECTION('',(-1.,-0.));
#4963 = ( GEOMETRIC_REPRESENTATION_CONTEXT(2) 
PARAMETRIC_REPRESENTATION_CONTEXT() REPRESENTATION_CONTEXT('2D SPACE',''
  ) );
#4964 = PCURVE('',#4965,#4970);
#4965 = PLANE('',#4966);
#4966 = AXIS2_PLACEMENT_3D('',#4967,#4968,#4969);
#4967 = CARTESIAN_POINT('',(-2.808005405856E-15,-3.707602883041E-15,2.)
  );
#4968 = DIRECTION('',(-0.,-0.,1.));
#4969 = DIRECTION('',(-1.,0.,0.));
#4970 = DEFINITIONAL_REPRESENTATION('',(#4971),#4975);
#4971 = LINE('',#4972,#4973);
#4972 = CARTESIAN_POINT('',(34.223547906108,23.223076211353));
#4973 = VECTOR('',#4974,1.);
#4974 = DIRECTION('',(-0.866025403784,-0.5));
#4975 = ( GEOMETRIC_REPRESENTATION_CONTEXT(2) 
PARAMETRIC_REPRESENTATION_CONTEXT() REPRESENTATION_CONTEXT('2D SPACE',''
  ) );
#4976 = ORIENTED_EDGE('',*,*,#4977,.T.);
#4977 = EDGE_CURVE('',#4950,#4978,#4980,.T.);
#4978 = VERTEX_POINT('',#4979);
#4979 = CARTESIAN_POINT('',(-27.13441984745,-19.13016621836,2.));
#4980 = SURFACE_CURVE('',#4981,(#4985,#4992),.PCURVE_S1.);
#4981 = LINE('',#4982,#4983);
#4982 = CARTESIAN_POINT('',(-34.2235479061,-23.22307621135,2.));
#4983 = VECTOR('',#4984,1.);
#4984 = DIRECTION('',(0.866025403784,0.5,-0.));
#4985 = PCURVE('',#570,#4986);
#4986 = DEFINITIONAL_REPRESENTATION('',(#4987),#4991);
#4987 = LINE('',#4988,#4989);
#4988 = CARTESIAN_POINT('',(-0.,-2.));
#4989 = VECTOR('',#4990,1.);
#4990 = DIRECTION('',(-1.,-0.));
#4991 = ( GEOMETRIC_REPRESENTATION_CONTEXT(2) 
PARAMETRIC_REPRESENTATION_CONTEXT() REPRESENTATION_CONTEXT('2D SPACE',''
  ) );
#4992 = PCURVE('',#4993,#4998);
#4993 = PLANE('',#4994);
#4994 = AXIS2_PLACEMENT_3D('',#4995,#4996,#4997);
#4995 = CARTESIAN_POINT('',(-30.41914230792,-17.5625,2.));
#4996 = DIRECTION('',(-0.,-0.,-1.));
#4997 = DIRECTION('',(-0.866025403784,-0.5,0.));
#4998 = DEFINITIONAL_REPRESENTATION('',(#4999),#5003);
#4999 = LINE('',#5000,#5001);
#5000 = CARTESIAN_POINT('',(6.125,-3.));
#5001 = VECTOR('',#5002,1.);
#5002 = DIRECTION('',(-1.,0.));
#5003 = ( GEOMETRIC_REPRESENTATION_CONTEXT(2) 
PARAMETRIC_REPRESENTATION_CONTEXT() REPRESENTATION_CONTEXT('2D SPACE',''
  ) );
#5004 = ORIENTED_EDGE('',*,*,#5005,.T.);
#5005 = EDGE_CURVE('',#4978,#5006,#5008,.T.);
#5006 = VERTEX_POINT('',#5007);
#5007 = CARTESIAN_POINT('',(-25.91678318111,-18.42716336128,2.));
#5008 = SURFACE_CURVE('',#5009,(#5013,#5020),.PCURVE_S1.);
#5009 = LINE('',#5010,#5011);
#5010 = CARTESIAN_POINT('',(-34.2235479061,-23.22307621135,2.));
#5011 = VECTOR('',#5012,1.);
#5012 = DIRECTION('',(0.866025403784,0.5,-0.));
#5013 = PCURVE('',#570,#5014);
#5014 = DEFINITIONAL_REPRESENTATION('',(#5015),#5019);
#5015 = LINE('',#5016,#5017);
#5016 = CARTESIAN_POINT('',(-0.,-2.));
#5017 = VECTOR('',#5018,1.);
#5018 = DIRECTION('',(-1.,-0.));
#5019 = ( GEOMETRIC_REPRESENTATION_CONTEXT(2) 
PARAMETRIC_REPRESENTATION_CONTEXT() REPRESENTATION_CONTEXT('2D SPACE',''
  ) );
#5020 = PCURVE('',#5021,#5026);
#5021 = PLANE('',#5022);
#5022 = AXIS2_PLACEMENT_3D('',#5023,#5024,#5025);
#5023 = CARTESIAN_POINT('',(-2.808005405856E-15,-3.707602883041E-15,2.)
  );
#5024 = DIRECTION('',(-0.,-0.,1.));
#5025 = DIRECTION('',(-1.,0.,0.));
#5026 = DEFINITIONAL_REPRESENTATION('',(#5027),#5031);
#5027 = LINE('',#5028,#5029);
#5028 = CARTESIAN_POINT('',(34.223547906108,23.223076211353));
#5029 = VECTOR('',#5030,1.);
#5030 = DIRECTION('',(-0.866025403784,-0.5));
#5031 = ( GEOMETRIC_REPRESENTATION_CONTEXT(2) 
PARAMETRIC_REPRESENTATION_CONTEXT() REPRESENTATION_CONTEXT('2D SPACE',''
  ) );
#5032 = ORIENTED_EDGE('',*,*,#5033,.T.);
#5033 = EDGE_CURVE('',#5006,#5034,#5036,.T.);
#5034 = VERTEX_POINT('',#5035);
#5035 = CARTESIAN_POINT('',(-25.22077843177,-18.02532483189,2.));
#5036 = SURFACE_CURVE('',#5037,(#5041,#5048),.PCURVE_S1.);
#5037 = LINE('',#5038,#5039);
#5038 = CARTESIAN_POINT('',(-34.2235479061,-23.22307621135,2.));
#5039 = VECTOR('',#5040,1.);
#5040 = DIRECTION('',(0.866025403784,0.5,-0.));
#5041 = PCURVE('',#570,#5042);
#5042 = DEFINITIONAL_REPRESENTATION('',(#5043),#5047);
#5043 = LINE('',#5044,#5045);
#5044 = CARTESIAN_POINT('',(-0.,-2.));
#5045 = VECTOR('',#5046,1.);
#5046 = DIRECTION('',(-1.,-0.));
#5047 = ( GEOMETRIC_REPRESENTATION_CONTEXT(2) 
PARAMETRIC_REPRESENTATION_CONTEXT() REPRESENTATION_CONTEXT('2D SPACE',''
  ) );
#5048 = PCURVE('',#5049,#5054);
#5049 = PLANE('',#5050);
#5050 = AXIS2_PLACEMENT_3D('',#5051,#5052,#5053);
#5051 = CARTESIAN_POINT('',(-30.41914230792,-17.5625,2.));
#5052 = DIRECTION('',(-0.,-0.,-1.));
#5053 = DIRECTION('',(-0.866025403784,-0.5,0.));
#5054 = DEFINITIONAL_REPRESENTATION('',(#5055),#5059);
#5055 = LINE('',#5056,#5057);
#5056 = CARTESIAN_POINT('',(6.125,-3.));
#5057 = VECTOR('',#5058,1.);
#5058 = DIRECTION('',(-1.,0.));
#5059 = ( GEOMETRIC_REPRESENTATION_CONTEXT(2) 
PARAMETRIC_REPRESENTATION_CONTEXT() REPRESENTATION_CONTEXT('2D SPACE',''
  ) );
#5060 = ORIENTED_EDGE('',*,*,#5061,.T.);
#5061 = EDGE_CURVE('',#5034,#5062,#5064,.T.);
#5062 = VERTEX_POINT('',#5063);
#5063 = CARTESIAN_POINT('',(-24.00235283263,-17.32186648424,2.));
#5064 = SURFACE_CURVE('',#5065,(#5069,#5076),.PCURVE_S1.);
#5065 = LINE('',#5066,#5067);
#5066 = CARTESIAN_POINT('',(-34.2235479061,-23.22307621135,2.));
#5067 = VECTOR('',#5068,1.);
#5068 = DIRECTION('',(0.866025403784,0.5,-0.));
#5069 = PCURVE('',#570,#5070);
#5070 = DEFINITIONAL_REPRESENTATION('',(#5071),#5075);
#5071 = LINE('',#5072,#5073);
#5072 = CARTESIAN_POINT('',(-0.,-2.));
#5073 = VECTOR('',#5074,1.);
#5074 = DIRECTION('',(-1.,-0.));
#5075 = ( GEOMETRIC_REPRESENTATION_CONTEXT(2) 
PARAMETRIC_REPRESENTATION_CONTEXT() REPRESENTATION_CONTEXT('2D SPACE',''
  ) );
#5076 = PCURVE('',#5077,#5082);
#5077 = PLANE('',#5078);
#5078 = AXIS2_PLACEMENT_3D('',#5079,#5080,#5081);
#5079 = CARTESIAN_POINT('',(-2.808005405856E-15,-3.707602883041E-15,2.)
  );
#5080 = DIRECTION('',(-0.,-0.,1.));
#5081 = DIRECTION('',(-1.,0.,0.));
#5082 = DEFINITIONAL_REPRESENTATION('',(#5083),#5087);
#5083 = LINE('',#5084,#5085);
#5084 = CARTESIAN_POINT('',(34.223547906108,23.223076211353));
#5085 = VECTOR('',#5086,1.);
#5086 = DIRECTION('',(-0.866025403784,-0.5));
#5087 = ( GEOMETRIC_REPRESENTATION_CONTEXT(2) 
PARAMETRIC_REPRESENTATION_CONTEXT() REPRESENTATION_CONTEXT('2D SPACE',''
  ) );
#5088 = ORIENTED_EDGE('',*,*,#5089,.T.);
#5089 = EDGE_CURVE('',#5062,#4512,#5090,.T.);
#5090 = SURFACE_CURVE('',#5091,(#5095,#5102),.PCURVE_S1.);
#5091 = LINE('',#5092,#5093);
#5092 = CARTESIAN_POINT('',(-34.2235479061,-23.22307621135,2.));
#5093 = VECTOR('',#5094,1.);
#5094 = DIRECTION('',(0.866025403784,0.5,-0.));
#5095 = PCURVE('',#570,#5096);
#5096 = DEFINITIONAL_REPRESENTATION('',(#5097),#5101);
#5097 = LINE('',#5098,#5099);
#5098 = CARTESIAN_POINT('',(-0.,-2.));
#5099 = VECTOR('',#5100,1.);
#5100 = DIRECTION('',(-1.,-0.));
#5101 = ( GEOMETRIC_REPRESENTATION_CONTEXT(2) 
PARAMETRIC_REPRESENTATION_CONTEXT() REPRESENTATION_CONTEXT('2D SPACE',''
  ) );
#5102 = PCURVE('',#4551,#5103);
#5103 = DEFINITIONAL_REPRESENTATION('',(#5104),#5108);
#5104 = LINE('',#5105,#5106);
#5105 = CARTESIAN_POINT('',(6.125,-3.));
#5106 = VECTOR('',#5107,1.);
#5107 = DIRECTION('',(-1.,0.));
#5108 = ( GEOMETRIC_REPRESENTATION_CONTEXT(2) 
PARAMETRIC_REPRESENTATION_CONTEXT() REPRESENTATION_CONTEXT('2D SPACE',''
  ) );
#5109 = ORIENTED_EDGE('',*,*,#4511,.F.);
#5110 = ORIENTED_EDGE('',*,*,#556,.F.);
#5111 = ADVANCED_FACE('',(#5112),#515,.F.);
#5112 = FACE_BOUND('',#5113,.T.);
#5113 = EDGE_LOOP('',(#5114,#5115,#5138,#5161,#5184,#5207,#5230,#5253,
    #5276,#5299,#5322,#5345,#5368,#5391,#5412));
#5114 = ORIENTED_EDGE('',*,*,#4733,.T.);
#5115 = ORIENTED_EDGE('',*,*,#5116,.T.);
#5116 = EDGE_CURVE('',#4706,#5117,#5119,.T.);
#5117 = VERTEX_POINT('',#5118);
#5118 = CARTESIAN_POINT('',(-27.00235283263,-12.12571406153,2.));
#5119 = SURFACE_CURVE('',#5120,(#5124,#5131),.PCURVE_S1.);
#5120 = LINE('',#5121,#5122);
#5121 = CARTESIAN_POINT('',(-26.61473670974,-11.90192378864,2.));
#5122 = VECTOR('',#5123,1.);
#5123 = DIRECTION('',(-0.866025403784,-0.5,-0.));
#5124 = PCURVE('',#515,#5125);
#5125 = DEFINITIONAL_REPRESENTATION('',(#5126),#5130);
#5126 = LINE('',#5127,#5128);
#5127 = CARTESIAN_POINT('',(-0.,-2.));
#5128 = VECTOR('',#5129,1.);
#5129 = DIRECTION('',(-1.,0.));
#5130 = ( GEOMETRIC_REPRESENTATION_CONTEXT(2) 
PARAMETRIC_REPRESENTATION_CONTEXT() REPRESENTATION_CONTEXT('2D SPACE',''
  ) );
#5131 = PCURVE('',#4551,#5132);
#5132 = DEFINITIONAL_REPRESENTATION('',(#5133),#5137);
#5133 = LINE('',#5134,#5135);
#5134 = CARTESIAN_POINT('',(-6.125,3.));
#5135 = VECTOR('',#5136,1.);
#5136 = DIRECTION('',(1.,-0.));
#5137 = ( GEOMETRIC_REPRESENTATION_CONTEXT(2) 
PARAMETRIC_REPRESENTATION_CONTEXT() REPRESENTATION_CONTEXT('2D SPACE',''
  ) );
#5138 = ORIENTED_EDGE('',*,*,#5139,.T.);
#5139 = EDGE_CURVE('',#5117,#5140,#5142,.T.);
#5140 = VERTEX_POINT('',#5141);
#5141 = CARTESIAN_POINT('',(-28.22077843177,-12.82917240918,2.));
#5142 = SURFACE_CURVE('',#5143,(#5147,#5154),.PCURVE_S1.);
#5143 = LINE('',#5144,#5145);
#5144 = CARTESIAN_POINT('',(-26.61473670974,-11.90192378864,2.));
#5145 = VECTOR('',#5146,1.);
#5146 = DIRECTION('',(-0.866025403784,-0.5,-0.));
#5147 = PCURVE('',#515,#5148);
#5148 = DEFINITIONAL_REPRESENTATION('',(#5149),#5153);
#5149 = LINE('',#5150,#5151);
#5150 = CARTESIAN_POINT('',(-0.,-2.));
#5151 = VECTOR('',#5152,1.);
#5152 = DIRECTION('',(-1.,0.));
#5153 = ( GEOMETRIC_REPRESENTATION_CONTEXT(2) 
PARAMETRIC_REPRESENTATION_CONTEXT() REPRESENTATION_CONTEXT('2D SPACE',''
  ) );
#5154 = PCURVE('',#1874,#5155);
#5155 = DEFINITIONAL_REPRESENTATION('',(#5156),#5160);
#5156 = LINE('',#5157,#5158);
#5157 = CARTESIAN_POINT('',(26.614736709749,11.901923788647));
#5158 = VECTOR('',#5159,1.);
#5159 = DIRECTION('',(0.866025403784,0.5));
#5160 = ( GEOMETRIC_REPRESENTATION_CONTEXT(2) 
PARAMETRIC_REPRESENTATION_CONTEXT() REPRESENTATION_CONTEXT('2D SPACE',''
  ) );
#5161 = ORIENTED_EDGE('',*,*,#5162,.T.);
#5162 = EDGE_CURVE('',#5140,#5163,#5165,.T.);
#5163 = VERTEX_POINT('',#5164);
#5164 = CARTESIAN_POINT('',(-28.91678318111,-13.23101093857,2.));
#5165 = SURFACE_CURVE('',#5166,(#5170,#5177),.PCURVE_S1.);
#5166 = LINE('',#5167,#5168);
#5167 = CARTESIAN_POINT('',(-26.61473670974,-11.90192378864,2.));
#5168 = VECTOR('',#5169,1.);
#5169 = DIRECTION('',(-0.866025403784,-0.5,-0.));
#5170 = PCURVE('',#515,#5171);
#5171 = DEFINITIONAL_REPRESENTATION('',(#5172),#5176);
#5172 = LINE('',#5173,#5174);
#5173 = CARTESIAN_POINT('',(-0.,-2.));
#5174 = VECTOR('',#5175,1.);
#5175 = DIRECTION('',(-1.,0.));
#5176 = ( GEOMETRIC_REPRESENTATION_CONTEXT(2) 
PARAMETRIC_REPRESENTATION_CONTEXT() REPRESENTATION_CONTEXT('2D SPACE',''
  ) );
#5177 = PCURVE('',#5049,#5178);
#5178 = DEFINITIONAL_REPRESENTATION('',(#5179),#5183);
#5179 = LINE('',#5180,#5181);
#5180 = CARTESIAN_POINT('',(-6.125,3.));
#5181 = VECTOR('',#5182,1.);
#5182 = DIRECTION('',(1.,-0.));
#5183 = ( GEOMETRIC_REPRESENTATION_CONTEXT(2) 
PARAMETRIC_REPRESENTATION_CONTEXT() REPRESENTATION_CONTEXT('2D SPACE',''
  ) );
#5184 = ORIENTED_EDGE('',*,*,#5185,.T.);
#5185 = EDGE_CURVE('',#5163,#5186,#5188,.T.);
#5186 = VERTEX_POINT('',#5187);
#5187 = CARTESIAN_POINT('',(-30.13441984744,-13.93401379566,2.));
#5188 = SURFACE_CURVE('',#5189,(#5193,#5200),.PCURVE_S1.);
#5189 = LINE('',#5190,#5191);
#5190 = CARTESIAN_POINT('',(-26.61473670974,-11.90192378864,2.));
#5191 = VECTOR('',#5192,1.);
#5192 = DIRECTION('',(-0.866025403784,-0.5,-0.));
#5193 = PCURVE('',#515,#5194);
#5194 = DEFINITIONAL_REPRESENTATION('',(#5195),#5199);
#5195 = LINE('',#5196,#5197);
#5196 = CARTESIAN_POINT('',(-0.,-2.));
#5197 = VECTOR('',#5198,1.);
#5198 = DIRECTION('',(-1.,0.));
#5199 = ( GEOMETRIC_REPRESENTATION_CONTEXT(2) 
PARAMETRIC_REPRESENTATION_CONTEXT() REPRESENTATION_CONTEXT('2D SPACE',''
  ) );
#5200 = PCURVE('',#1818,#5201);
#5201 = DEFINITIONAL_REPRESENTATION('',(#5202),#5206);
#5202 = LINE('',#5203,#5204);
#5203 = CARTESIAN_POINT('',(26.614736709749,11.901923788647));
#5204 = VECTOR('',#5205,1.);
#5205 = DIRECTION('',(0.866025403784,0.5));
#5206 = ( GEOMETRIC_REPRESENTATION_CONTEXT(2) 
PARAMETRIC_REPRESENTATION_CONTEXT() REPRESENTATION_CONTEXT('2D SPACE',''
  ) );
#5207 = ORIENTED_EDGE('',*,*,#5208,.T.);
#5208 = EDGE_CURVE('',#5186,#5209,#5211,.T.);
#5209 = VERTEX_POINT('',#5210);
#5210 = CARTESIAN_POINT('',(-30.83001875212,-14.33561801052,2.));
#5211 = SURFACE_CURVE('',#5212,(#5216,#5223),.PCURVE_S1.);
#5212 = LINE('',#5213,#5214);
#5213 = CARTESIAN_POINT('',(-26.61473670974,-11.90192378864,2.));
#5214 = VECTOR('',#5215,1.);
#5215 = DIRECTION('',(-0.866025403784,-0.5,-0.));
#5216 = PCURVE('',#515,#5217);
#5217 = DEFINITIONAL_REPRESENTATION('',(#5218),#5222);
#5218 = LINE('',#5219,#5220);
#5219 = CARTESIAN_POINT('',(-0.,-2.));
#5220 = VECTOR('',#5221,1.);
#5221 = DIRECTION('',(-1.,0.));
#5222 = ( GEOMETRIC_REPRESENTATION_CONTEXT(2) 
PARAMETRIC_REPRESENTATION_CONTEXT() REPRESENTATION_CONTEXT('2D SPACE',''
  ) );
#5223 = PCURVE('',#4993,#5224);
#5224 = DEFINITIONAL_REPRESENTATION('',(#5225),#5229);
#5225 = LINE('',#5226,#5227);
#5226 = CARTESIAN_POINT('',(-6.125,3.));
#5227 = VECTOR('',#5228,1.);
#5228 = DIRECTION('',(1.,-0.));
#5229 = ( GEOMETRIC_REPRESENTATION_CONTEXT(2) 
PARAMETRIC_REPRESENTATION_CONTEXT() REPRESENTATION_CONTEXT('2D SPACE',''
  ) );
#5230 = ORIENTED_EDGE('',*,*,#5231,.T.);
#5231 = EDGE_CURVE('',#5209,#5232,#5234,.T.);
#5232 = VERTEX_POINT('',#5233);
#5233 = CARTESIAN_POINT('',(-32.04701294725,-15.03824993668,2.));
#5234 = SURFACE_CURVE('',#5235,(#5239,#5246),.PCURVE_S1.);
#5235 = LINE('',#5236,#5237);
#5236 = CARTESIAN_POINT('',(-26.61473670974,-11.90192378864,2.));
#5237 = VECTOR('',#5238,1.);
#5238 = DIRECTION('',(-0.866025403784,-0.5,-0.));
#5239 = PCURVE('',#515,#5240);
#5240 = DEFINITIONAL_REPRESENTATION('',(#5241),#5245);
#5241 = LINE('',#5242,#5243);
#5242 = CARTESIAN_POINT('',(-0.,-2.));
#5243 = VECTOR('',#5244,1.);
#5244 = DIRECTION('',(-1.,0.));
#5245 = ( GEOMETRIC_REPRESENTATION_CONTEXT(2) 
PARAMETRIC_REPRESENTATION_CONTEXT() REPRESENTATION_CONTEXT('2D SPACE',''
  ) );
#5246 = PCURVE('',#1762,#5247);
#5247 = DEFINITIONAL_REPRESENTATION('',(#5248),#5252);
#5248 = LINE('',#5249,#5250);
#5249 = CARTESIAN_POINT('',(26.614736709749,11.901923788647));
#5250 = VECTOR('',#5251,1.);
#5251 = DIRECTION('',(0.866025403784,0.5));
#5252 = ( GEOMETRIC_REPRESENTATION_CONTEXT(2) 
PARAMETRIC_REPRESENTATION_CONTEXT() REPRESENTATION_CONTEXT('2D SPACE',''
  ) );
#5253 = ORIENTED_EDGE('',*,*,#5254,.T.);
#5254 = EDGE_CURVE('',#5232,#5255,#5257,.T.);
#5255 = VERTEX_POINT('',#5256);
#5256 = CARTESIAN_POINT('',(-32.74227904619,-15.43966200606,2.));
#5257 = SURFACE_CURVE('',#5258,(#5262,#5269),.PCURVE_S1.);
#5258 = LINE('',#5259,#5260);
#5259 = CARTESIAN_POINT('',(-26.61473670974,-11.90192378864,2.));
#5260 = VECTOR('',#5261,1.);
#5261 = DIRECTION('',(-0.866025403784,-0.5,-0.));
#5262 = PCURVE('',#515,#5263);
#5263 = DEFINITIONAL_REPRESENTATION('',(#5264),#5268);
#5264 = LINE('',#5265,#5266);
#5265 = CARTESIAN_POINT('',(-0.,-2.));
#5266 = VECTOR('',#5267,1.);
#5267 = DIRECTION('',(-1.,0.));
#5268 = ( GEOMETRIC_REPRESENTATION_CONTEXT(2) 
PARAMETRIC_REPRESENTATION_CONTEXT() REPRESENTATION_CONTEXT('2D SPACE',''
  ) );
#5269 = PCURVE('',#4937,#5270);
#5270 = DEFINITIONAL_REPRESENTATION('',(#5271),#5275);
#5271 = LINE('',#5272,#5273);
#5272 = CARTESIAN_POINT('',(-6.125,3.));
#5273 = VECTOR('',#5274,1.);
#5274 = DIRECTION('',(1.,-0.));
#5275 = ( GEOMETRIC_REPRESENTATION_CONTEXT(2) 
PARAMETRIC_REPRESENTATION_CONTEXT() REPRESENTATION_CONTEXT('2D SPACE',''
  ) );
#5276 = ORIENTED_EDGE('',*,*,#5277,.T.);
#5277 = EDGE_CURVE('',#5255,#5278,#5280,.T.);
#5278 = VERTEX_POINT('',#5279);
#5279 = CARTESIAN_POINT('',(-33.95874304405,-16.14198782268,2.));
#5280 = SURFACE_CURVE('',#5281,(#5285,#5292),.PCURVE_S1.);
#5281 = LINE('',#5282,#5283);
#5282 = CARTESIAN_POINT('',(-26.61473670974,-11.90192378864,2.));
#5283 = VECTOR('',#5284,1.);
#5284 = DIRECTION('',(-0.866025403784,-0.5,-0.));
#5285 = PCURVE('',#515,#5286);
#5286 = DEFINITIONAL_REPRESENTATION('',(#5287),#5291);
#5287 = LINE('',#5288,#5289);
#5288 = CARTESIAN_POINT('',(-0.,-2.));
#5289 = VECTOR('',#5290,1.);
#5290 = DIRECTION('',(-1.,0.));
#5291 = ( GEOMETRIC_REPRESENTATION_CONTEXT(2) 
PARAMETRIC_REPRESENTATION_CONTEXT() REPRESENTATION_CONTEXT('2D SPACE',''
  ) );
#5292 = PCURVE('',#1706,#5293);
#5293 = DEFINITIONAL_REPRESENTATION('',(#5294),#5298);
#5294 = LINE('',#5295,#5296);
#5295 = CARTESIAN_POINT('',(26.614736709749,11.901923788647));
#5296 = VECTOR('',#5297,1.);
#5297 = DIRECTION('',(0.866025403784,0.5));
#5298 = ( GEOMETRIC_REPRESENTATION_CONTEXT(2) 
PARAMETRIC_REPRESENTATION_CONTEXT() REPRESENTATION_CONTEXT('2D SPACE',''
  ) );
#5299 = ORIENTED_EDGE('',*,*,#5300,.T.);
#5300 = EDGE_CURVE('',#5278,#5301,#5303,.T.);
#5301 = VERTEX_POINT('',#5302);
#5302 = CARTESIAN_POINT('',(-34.6537328215,-16.54324035778,2.));
#5303 = SURFACE_CURVE('',#5304,(#5308,#5315),.PCURVE_S1.);
#5304 = LINE('',#5305,#5306);
#5305 = CARTESIAN_POINT('',(-26.61473670974,-11.90192378864,2.));
#5306 = VECTOR('',#5307,1.);
#5307 = DIRECTION('',(-0.866025403784,-0.5,-0.));
#5308 = PCURVE('',#515,#5309);
#5309 = DEFINITIONAL_REPRESENTATION('',(#5310),#5314);
#5310 = LINE('',#5311,#5312);
#5311 = CARTESIAN_POINT('',(-0.,-2.));
#5312 = VECTOR('',#5313,1.);
#5313 = DIRECTION('',(-1.,0.));
#5314 = ( GEOMETRIC_REPRESENTATION_CONTEXT(2) 
PARAMETRIC_REPRESENTATION_CONTEXT() REPRESENTATION_CONTEXT('2D SPACE',''
  ) );
#5315 = PCURVE('',#4881,#5316);
#5316 = DEFINITIONAL_REPRESENTATION('',(#5317),#5321);
#5317 = LINE('',#5318,#5319);
#5318 = CARTESIAN_POINT('',(-6.125,3.));
#5319 = VECTOR('',#5320,1.);
#5320 = DIRECTION('',(1.,-0.));
#5321 = ( GEOMETRIC_REPRESENTATION_CONTEXT(2) 
PARAMETRIC_REPRESENTATION_CONTEXT() REPRESENTATION_CONTEXT('2D SPACE',''
  ) );
#5322 = ORIENTED_EDGE('',*,*,#5323,.T.);
#5323 = EDGE_CURVE('',#5301,#5324,#5326,.T.);
#5324 = VERTEX_POINT('',#5325);
#5325 = CARTESIAN_POINT('',(-35.86975414517,-17.24531059634,2.));
#5326 = SURFACE_CURVE('',#5327,(#5331,#5338),.PCURVE_S1.);
#5327 = LINE('',#5328,#5329);
#5328 = CARTESIAN_POINT('',(-26.61473670974,-11.90192378864,2.));
#5329 = VECTOR('',#5330,1.);
#5330 = DIRECTION('',(-0.866025403784,-0.5,-0.));
#5331 = PCURVE('',#515,#5332);
#5332 = DEFINITIONAL_REPRESENTATION('',(#5333),#5337);
#5333 = LINE('',#5334,#5335);
#5334 = CARTESIAN_POINT('',(-0.,-2.));
#5335 = VECTOR('',#5336,1.);
#5336 = DIRECTION('',(-1.,0.));
#5337 = ( GEOMETRIC_REPRESENTATION_CONTEXT(2) 
PARAMETRIC_REPRESENTATION_CONTEXT() REPRESENTATION_CONTEXT('2D SPACE',''
  ) );
#5338 = PCURVE('',#1650,#5339);
#5339 = DEFINITIONAL_REPRESENTATION('',(#5340),#5344);
#5340 = LINE('',#5341,#5342);
#5341 = CARTESIAN_POINT('',(26.614736709749,11.901923788647));
#5342 = VECTOR('',#5343,1.);
#5343 = DIRECTION('',(0.866025403784,0.5));
#5344 = ( GEOMETRIC_REPRESENTATION_CONTEXT(2) 
PARAMETRIC_REPRESENTATION_CONTEXT() REPRESENTATION_CONTEXT('2D SPACE',''
  ) );
#5345 = ORIENTED_EDGE('',*,*,#5346,.T.);
#5346 = EDGE_CURVE('',#5324,#5347,#5349,.T.);
#5347 = VERTEX_POINT('',#5348);
#5348 = CARTESIAN_POINT('',(-36.56451197436,-17.64642921604,2.));
#5349 = SURFACE_CURVE('',#5350,(#5354,#5361),.PCURVE_S1.);
#5350 = LINE('',#5351,#5352);
#5351 = CARTESIAN_POINT('',(-26.61473670974,-11.90192378864,2.));
#5352 = VECTOR('',#5353,1.);
#5353 = DIRECTION('',(-0.866025403784,-0.5,-0.));
#5354 = PCURVE('',#515,#5355);
#5355 = DEFINITIONAL_REPRESENTATION('',(#5356),#5360);
#5356 = LINE('',#5357,#5358);
#5357 = CARTESIAN_POINT('',(-0.,-2.));
#5358 = VECTOR('',#5359,1.);
#5359 = DIRECTION('',(-1.,0.));
#5360 = ( GEOMETRIC_REPRESENTATION_CONTEXT(2) 
PARAMETRIC_REPRESENTATION_CONTEXT() REPRESENTATION_CONTEXT('2D SPACE',''
  ) );
#5361 = PCURVE('',#4825,#5362);
#5362 = DEFINITIONAL_REPRESENTATION('',(#5363),#5367);
#5363 = LINE('',#5364,#5365);
#5364 = CARTESIAN_POINT('',(-6.125,3.));
#5365 = VECTOR('',#5366,1.);
#5366 = DIRECTION('',(1.,-0.));
#5367 = ( GEOMETRIC_REPRESENTATION_CONTEXT(2) 
PARAMETRIC_REPRESENTATION_CONTEXT() REPRESENTATION_CONTEXT('2D SPACE',''
  ) );
#5368 = ORIENTED_EDGE('',*,*,#5369,.T.);
#5369 = EDGE_CURVE('',#5347,#5370,#5372,.T.);
#5370 = VERTEX_POINT('',#5371);
#5371 = CARTESIAN_POINT('',(-37.2235479061,-18.02692378864,2.));
#5372 = SURFACE_CURVE('',#5373,(#5377,#5384),.PCURVE_S1.);
#5373 = LINE('',#5374,#5375);
#5374 = CARTESIAN_POINT('',(-26.61473670974,-11.90192378864,2.));
#5375 = VECTOR('',#5376,1.);
#5376 = DIRECTION('',(-0.866025403784,-0.5,-0.));
#5377 = PCURVE('',#515,#5378);
#5378 = DEFINITIONAL_REPRESENTATION('',(#5379),#5383);
#5379 = LINE('',#5380,#5381);
#5380 = CARTESIAN_POINT('',(-0.,-2.));
#5381 = VECTOR('',#5382,1.);
#5382 = DIRECTION('',(-1.,0.));
#5383 = ( GEOMETRIC_REPRESENTATION_CONTEXT(2) 
PARAMETRIC_REPRESENTATION_CONTEXT() REPRESENTATION_CONTEXT('2D SPACE',''
  ) );
#5384 = PCURVE('',#1594,#5385);
#5385 = DEFINITIONAL_REPRESENTATION('',(#5386),#5390);
#5386 = LINE('',#5387,#5388);
#5387 = CARTESIAN_POINT('',(26.614736709749,11.901923788647));
#5388 = VECTOR('',#5389,1.);
#5389 = DIRECTION('',(0.866025403784,0.5));
#5390 = ( GEOMETRIC_REPRESENTATION_CONTEXT(2) 
PARAMETRIC_REPRESENTATION_CONTEXT() REPRESENTATION_CONTEXT('2D SPACE',''
  ) );
#5391 = ORIENTED_EDGE('',*,*,#5392,.F.);
#5392 = EDGE_CURVE('',#500,#5370,#5393,.T.);
#5393 = SURFACE_CURVE('',#5394,(#5398,#5405),.PCURVE_S1.);
#5394 = LINE('',#5395,#5396);
#5395 = CARTESIAN_POINT('',(-37.2235479061,-18.02692378864,0.));
#5396 = VECTOR('',#5397,1.);
#5397 = DIRECTION('',(-0.,-0.,1.));
#5398 = PCURVE('',#515,#5399);
#5399 = DEFINITIONAL_REPRESENTATION('',(#5400),#5404);
#5400 = LINE('',#5401,#5402);
#5401 = CARTESIAN_POINT('',(-12.25,0.));
#5402 = VECTOR('',#5403,1.);
#5403 = DIRECTION('',(-0.,-1.));
#5404 = ( GEOMETRIC_REPRESENTATION_CONTEXT(2) 
PARAMETRIC_REPRESENTATION_CONTEXT() REPRESENTATION_CONTEXT('2D SPACE',''
  ) );
#5405 = PCURVE('',#544,#5406);
#5406 = DEFINITIONAL_REPRESENTATION('',(#5407),#5411);
#5407 = LINE('',#5408,#5409);
#5408 = CARTESIAN_POINT('',(-0.,0.));
#5409 = VECTOR('',#5410,1.);
#5410 = DIRECTION('',(-0.,-1.));
#5411 = ( GEOMETRIC_REPRESENTATION_CONTEXT(2) 
PARAMETRIC_REPRESENTATION_CONTEXT() REPRESENTATION_CONTEXT('2D SPACE',''
  ) );
#5412 = ORIENTED_EDGE('',*,*,#499,.F.);
#5413 = ADVANCED_FACE('',(#5414),#544,.F.);
#5414 = FACE_BOUND('',#5415,.T.);
#5415 = EDGE_LOOP('',(#5416,#5417,#5441,#5472,#5473,#5501,#5523,#5524));
#5416 = ORIENTED_EDGE('',*,*,#5392,.T.);
#5417 = ORIENTED_EDGE('',*,*,#5418,.T.);
#5418 = EDGE_CURVE('',#5370,#5419,#5421,.T.);
#5419 = VERTEX_POINT('',#5420);
#5420 = CARTESIAN_POINT('',(-37.74911638406,-18.41206702742,2.));
#5421 = SURFACE_CURVE('',#5422,(#5427,#5434),.PCURVE_S1.);
#5422 = CIRCLE('',#5423,3.);
#5423 = AXIS2_PLACEMENT_3D('',#5424,#5425,#5426);
#5424 = CARTESIAN_POINT('',(-35.7235479061,-20.625,2.));
#5425 = DIRECTION('',(0.,-0.,1.));
#5426 = DIRECTION('',(-0.5,0.866025403784,0.));
#5427 = PCURVE('',#544,#5428);
#5428 = DEFINITIONAL_REPRESENTATION('',(#5429),#5433);
#5429 = LINE('',#5430,#5431);
#5430 = CARTESIAN_POINT('',(-0.,-2.));
#5431 = VECTOR('',#5432,1.);
#5432 = DIRECTION('',(-1.,0.));
#5433 = ( GEOMETRIC_REPRESENTATION_CONTEXT(2) 
PARAMETRIC_REPRESENTATION_CONTEXT() REPRESENTATION_CONTEXT('2D SPACE',''
  ) );
#5434 = PCURVE('',#1594,#5435);
#5435 = DEFINITIONAL_REPRESENTATION('',(#5436),#5440);
#5436 = CIRCLE('',#5437,3.);
#5437 = AXIS2_PLACEMENT_2D('',#5438,#5439);
#5438 = CARTESIAN_POINT('',(35.723547906108,20.625));
#5439 = DIRECTION('',(0.5,-0.866025403784));
#5440 = ( GEOMETRIC_REPRESENTATION_CONTEXT(2) 
PARAMETRIC_REPRESENTATION_CONTEXT() REPRESENTATION_CONTEXT('2D SPACE',''
  ) );
#5441 = ORIENTED_EDGE('',*,*,#5442,.T.);
#5442 = EDGE_CURVE('',#5419,#1109,#5443,.T.);
#5443 = SURFACE_CURVE('',#5444,(#5449,#5456),.PCURVE_S1.);
#5444 = CIRCLE('',#5445,3.);
#5445 = AXIS2_PLACEMENT_3D('',#5446,#5447,#5448);
#5446 = CARTESIAN_POINT('',(-35.7235479061,-20.625,2.));
#5447 = DIRECTION('',(0.,-0.,1.));
#5448 = DIRECTION('',(-0.5,0.866025403784,0.));
#5449 = PCURVE('',#544,#5450);
#5450 = DEFINITIONAL_REPRESENTATION('',(#5451),#5455);
#5451 = LINE('',#5452,#5453);
#5452 = CARTESIAN_POINT('',(-0.,-2.));
#5453 = VECTOR('',#5454,1.);
#5454 = DIRECTION('',(-1.,0.));
#5455 = ( GEOMETRIC_REPRESENTATION_CONTEXT(2) 
PARAMETRIC_REPRESENTATION_CONTEXT() REPRESENTATION_CONTEXT('2D SPACE',''
  ) );
#5456 = PCURVE('',#5457,#5462);
#5457 = PLANE('',#5458);
#5458 = AXIS2_PLACEMENT_3D('',#5459,#5460,#5461);
#5459 = CARTESIAN_POINT('',(-30.41914230792,-17.5625,2.));
#5460 = DIRECTION('',(-0.,-0.,-1.));
#5461 = DIRECTION('',(-0.866025403784,-0.5,0.));
#5462 = DEFINITIONAL_REPRESENTATION('',(#5463),#5471);
#5463 = ( BOUNDED_CURVE() B_SPLINE_CURVE(2,(#5464,#5465,#5466,#5467,
#5468,#5469,#5470),.UNSPECIFIED.,.T.,.F.) B_SPLINE_CURVE_WITH_KNOTS((1,2
    ,2,2,2,1),(-2.094395102393,0.,2.094395102393,4.188790204786,
6.28318530718,8.377580409573),.UNSPECIFIED.) CURVE() 
GEOMETRIC_REPRESENTATION_ITEM() RATIONAL_B_SPLINE_CURVE((1.,0.5,1.,0.5,
1.,0.5,1.)) REPRESENTATION_ITEM('') );
#5464 = CARTESIAN_POINT('',(6.125,3.));
#5465 = CARTESIAN_POINT('',(11.321152422707,3.));
#5466 = CARTESIAN_POINT('',(8.723076211353,-1.5));
#5467 = CARTESIAN_POINT('',(6.125,-6.));
#5468 = CARTESIAN_POINT('',(3.526923788647,-1.5));
#5469 = CARTESIAN_POINT('',(0.928847577293,3.));
#5470 = CARTESIAN_POINT('',(6.125,3.));
#5471 = ( GEOMETRIC_REPRESENTATION_CONTEXT(2) 
PARAMETRIC_REPRESENTATION_CONTEXT() REPRESENTATION_CONTEXT('2D SPACE',''
  ) );
#5472 = ORIENTED_EDGE('',*,*,#1141,.T.);
#5473 = ORIENTED_EDGE('',*,*,#5474,.T.);
#5474 = EDGE_CURVE('',#1142,#5475,#5477,.T.);
#5475 = VERTEX_POINT('',#5476);
#5476 = CARTESIAN_POINT('',(-34.81987597396,-23.4856602453,2.));
#5477 = SURFACE_CURVE('',#5478,(#5483,#5490),.PCURVE_S1.);
#5478 = CIRCLE('',#5479,3.);
#5479 = AXIS2_PLACEMENT_3D('',#5480,#5481,#5482);
#5480 = CARTESIAN_POINT('',(-35.7235479061,-20.625,2.));
#5481 = DIRECTION('',(0.,-0.,1.));
#5482 = DIRECTION('',(-0.5,0.866025403784,0.));
#5483 = PCURVE('',#544,#5484);
#5484 = DEFINITIONAL_REPRESENTATION('',(#5485),#5489);
#5485 = LINE('',#5486,#5487);
#5486 = CARTESIAN_POINT('',(-0.,-2.));
#5487 = VECTOR('',#5488,1.);
#5488 = DIRECTION('',(-1.,0.));
#5489 = ( GEOMETRIC_REPRESENTATION_CONTEXT(2) 
PARAMETRIC_REPRESENTATION_CONTEXT() REPRESENTATION_CONTEXT('2D SPACE',''
  ) );
#5490 = PCURVE('',#5457,#5491);
#5491 = DEFINITIONAL_REPRESENTATION('',(#5492),#5500);
#5492 = ( BOUNDED_CURVE() B_SPLINE_CURVE(2,(#5493,#5494,#5495,#5496,
#5497,#5498,#5499),.UNSPECIFIED.,.T.,.F.) B_SPLINE_CURVE_WITH_KNOTS((1,2
    ,2,2,2,1),(-2.094395102393,0.,2.094395102393,4.188790204786,
6.28318530718,8.377580409573),.UNSPECIFIED.) CURVE() 
GEOMETRIC_REPRESENTATION_ITEM() RATIONAL_B_SPLINE_CURVE((1.,0.5,1.,0.5,
1.,0.5,1.)) REPRESENTATION_ITEM('') );
#5493 = CARTESIAN_POINT('',(6.125,3.));
#5494 = CARTESIAN_POINT('',(11.321152422707,3.));
#5495 = CARTESIAN_POINT('',(8.723076211353,-1.5));
#5496 = CARTESIAN_POINT('',(6.125,-6.));
#5497 = CARTESIAN_POINT('',(3.526923788647,-1.5));
#5498 = CARTESIAN_POINT('',(0.928847577293,3.));
#5499 = CARTESIAN_POINT('',(6.125,3.));
#5500 = ( GEOMETRIC_REPRESENTATION_CONTEXT(2) 
PARAMETRIC_REPRESENTATION_CONTEXT() REPRESENTATION_CONTEXT('2D SPACE',''
  ) );
#5501 = ORIENTED_EDGE('',*,*,#5502,.T.);
#5502 = EDGE_CURVE('',#5475,#4759,#5503,.T.);
#5503 = SURFACE_CURVE('',#5504,(#5509,#5516),.PCURVE_S1.);
#5504 = CIRCLE('',#5505,3.);
#5505 = AXIS2_PLACEMENT_3D('',#5506,#5507,#5508);
#5506 = CARTESIAN_POINT('',(-35.7235479061,-20.625,2.));
#5507 = DIRECTION('',(0.,-0.,1.));
#5508 = DIRECTION('',(-0.5,0.866025403784,0.));
#5509 = PCURVE('',#544,#5510);
#5510 = DEFINITIONAL_REPRESENTATION('',(#5511),#5515);
#5511 = LINE('',#5512,#5513);
#5512 = CARTESIAN_POINT('',(-0.,-2.));
#5513 = VECTOR('',#5514,1.);
#5514 = DIRECTION('',(-1.,0.));
#5515 = ( GEOMETRIC_REPRESENTATION_CONTEXT(2) 
PARAMETRIC_REPRESENTATION_CONTEXT() REPRESENTATION_CONTEXT('2D SPACE',''
  ) );
#5516 = PCURVE('',#4797,#5517);
#5517 = DEFINITIONAL_REPRESENTATION('',(#5518),#5522);
#5518 = CIRCLE('',#5519,3.);
#5519 = AXIS2_PLACEMENT_2D('',#5520,#5521);
#5520 = CARTESIAN_POINT('',(35.723547906108,20.625));
#5521 = DIRECTION('',(0.5,-0.866025403784));
#5522 = ( GEOMETRIC_REPRESENTATION_CONTEXT(2) 
PARAMETRIC_REPRESENTATION_CONTEXT() REPRESENTATION_CONTEXT('2D SPACE',''
  ) );
#5523 = ORIENTED_EDGE('',*,*,#4758,.F.);
#5524 = ORIENTED_EDGE('',*,*,#527,.F.);
#5525 = ADVANCED_FACE('',(#5526,#5768),#605,.F.);
#5526 = FACE_BOUND('',#5527,.F.);
#5527 = EDGE_LOOP('',(#5528,#5551,#5552,#5553,#5582,#5610,#5639,#5662,
    #5693,#5694,#5718,#5746));
#5528 = ORIENTED_EDGE('',*,*,#5529,.F.);
#5529 = EDGE_CURVE('',#585,#5530,#5532,.T.);
#5530 = VERTEX_POINT('',#5531);
#5531 = CARTESIAN_POINT('',(16.15,0.,0.173333333333));
#5532 = SEAM_CURVE('',#5533,(#5537,#5544),.PCURVE_S1.);
#5533 = LINE('',#5534,#5535);
#5534 = CARTESIAN_POINT('',(16.15,0.,0.));
#5535 = VECTOR('',#5536,1.);
#5536 = DIRECTION('',(-0.,-0.,1.));
#5537 = PCURVE('',#605,#5538);
#5538 = DEFINITIONAL_REPRESENTATION('',(#5539),#5543);
#5539 = LINE('',#5540,#5541);
#5540 = CARTESIAN_POINT('',(6.28318530718,0.));
#5541 = VECTOR('',#5542,1.);
#5542 = DIRECTION('',(0.,-1.));
#5543 = ( GEOMETRIC_REPRESENTATION_CONTEXT(2) 
PARAMETRIC_REPRESENTATION_CONTEXT() REPRESENTATION_CONTEXT('2D SPACE',''
  ) );
#5544 = PCURVE('',#605,#5545);
#5545 = DEFINITIONAL_REPRESENTATION('',(#5546),#5550);
#5546 = LINE('',#5547,#5548);
#5547 = CARTESIAN_POINT('',(0.,0.));
#5548 = VECTOR('',#5549,1.);
#5549 = DIRECTION('',(0.,-1.));
#5550 = ( GEOMETRIC_REPRESENTATION_CONTEXT(2) 
PARAMETRIC_REPRESENTATION_CONTEXT() REPRESENTATION_CONTEXT('2D SPACE',''
  ) );
#5551 = ORIENTED_EDGE('',*,*,#584,.F.);
#5552 = ORIENTED_EDGE('',*,*,#5529,.T.);
#5553 = ORIENTED_EDGE('',*,*,#5554,.F.);
#5554 = EDGE_CURVE('',#5555,#5530,#5557,.T.);
#5555 = VERTEX_POINT('',#5556);
#5556 = CARTESIAN_POINT('',(15.797083751851,-3.357773806707,
    0.173333333333));
#5557 = SURFACE_CURVE('',#5558,(#5563,#5570),.PCURVE_S1.);
#5558 = CIRCLE('',#5559,16.15);
#5559 = AXIS2_PLACEMENT_3D('',#5560,#5561,#5562);
#5560 = CARTESIAN_POINT('',(0.,0.,0.173333333333));
#5561 = DIRECTION('',(0.,-0.,1.));
#5562 = DIRECTION('',(-0.,-1.,-0.));
#5563 = PCURVE('',#605,#5564);
#5564 = DEFINITIONAL_REPRESENTATION('',(#5565),#5569);
#5565 = LINE('',#5566,#5567);
#5566 = CARTESIAN_POINT('',(1.570796326795,-0.173333333333));
#5567 = VECTOR('',#5568,1.);
#5568 = DIRECTION('',(-1.,0.));
#5569 = ( GEOMETRIC_REPRESENTATION_CONTEXT(2) 
PARAMETRIC_REPRESENTATION_CONTEXT() REPRESENTATION_CONTEXT('2D SPACE',''
  ) );
#5570 = PCURVE('',#5571,#5576);
#5571 = CONICAL_SURFACE('',#5572,14.85,0.856705628183);
#5572 = AXIS2_PLACEMENT_3D('',#5573,#5574,#5575);
#5573 = CARTESIAN_POINT('',(0.,0.,1.3));
#5574 = DIRECTION('',(-0.,-0.,-1.));
#5575 = DIRECTION('',(0.978147600734,0.207911690818,-0.));
#5576 = DEFINITIONAL_REPRESENTATION('',(#5577),#5581);
#5577 = LINE('',#5578,#5579);
#5578 = CARTESIAN_POINT('',(1.780235837034,1.126666666667));
#5579 = VECTOR('',#5580,1.);
#5580 = DIRECTION('',(-1.,0.));
#5581 = ( GEOMETRIC_REPRESENTATION_CONTEXT(2) 
PARAMETRIC_REPRESENTATION_CONTEXT() REPRESENTATION_CONTEXT('2D SPACE',''
  ) );
#5582 = ORIENTED_EDGE('',*,*,#5583,.F.);
#5583 = EDGE_CURVE('',#5584,#5555,#5586,.T.);
#5584 = VERTEX_POINT('',#5585);
#5585 = CARTESIAN_POINT('',(15.797083751851,-3.357773806707,
    2.826666666667));
#5586 = SURFACE_CURVE('',#5587,(#5591,#5598),.PCURVE_S1.);
#5587 = LINE('',#5588,#5589);
#5588 = CARTESIAN_POINT('',(15.797083751851,-3.357773806707,0.));
#5589 = VECTOR('',#5590,1.);
#5590 = DIRECTION('',(-0.,0.,-1.));
#5591 = PCURVE('',#605,#5592);
#5592 = DEFINITIONAL_REPRESENTATION('',(#5593),#5597);
#5593 = LINE('',#5594,#5595);
#5594 = CARTESIAN_POINT('',(0.209439510239,0.));
#5595 = VECTOR('',#5596,1.);
#5596 = DIRECTION('',(0.,1.));
#5597 = ( GEOMETRIC_REPRESENTATION_CONTEXT(2) 
PARAMETRIC_REPRESENTATION_CONTEXT() REPRESENTATION_CONTEXT('2D SPACE',''
  ) );
#5598 = PCURVE('',#5599,#5604);
#5599 = PLANE('',#5600);
#5600 = AXIS2_PLACEMENT_3D('',#5601,#5602,#5603);
#5601 = CARTESIAN_POINT('',(15.517910869657,-3.298433778756,1.5));
#5602 = DIRECTION('',(0.207911690818,0.978147600734,-0.));
#5603 = DIRECTION('',(0.,0.,1.));
#5604 = DEFINITIONAL_REPRESENTATION('',(#5605),#5609);
#5605 = LINE('',#5606,#5607);
#5606 = CARTESIAN_POINT('',(-1.5,0.285409770453));
#5607 = VECTOR('',#5608,1.);
#5608 = DIRECTION('',(-1.,0.));
#5609 = ( GEOMETRIC_REPRESENTATION_CONTEXT(2) 
PARAMETRIC_REPRESENTATION_CONTEXT() REPRESENTATION_CONTEXT('2D SPACE',''
  ) );
#5610 = ORIENTED_EDGE('',*,*,#5611,.T.);
#5611 = EDGE_CURVE('',#5584,#5612,#5614,.T.);
#5612 = VERTEX_POINT('',#5613);
#5613 = CARTESIAN_POINT('',(16.15,0.,2.826666666667));
#5614 = SURFACE_CURVE('',#5615,(#5620,#5627),.PCURVE_S1.);
#5615 = CIRCLE('',#5616,16.15);
#5616 = AXIS2_PLACEMENT_3D('',#5617,#5618,#5619);
#5617 = CARTESIAN_POINT('',(0.,0.,2.826666666667));
#5618 = DIRECTION('',(0.,-0.,1.));
#5619 = DIRECTION('',(-0.,-1.,-0.));
#5620 = PCURVE('',#605,#5621);
#5621 = DEFINITIONAL_REPRESENTATION('',(#5622),#5626);
#5622 = LINE('',#5623,#5624);
#5623 = CARTESIAN_POINT('',(1.570796326795,-2.826666666667));
#5624 = VECTOR('',#5625,1.);
#5625 = DIRECTION('',(-1.,0.));
#5626 = ( GEOMETRIC_REPRESENTATION_CONTEXT(2) 
PARAMETRIC_REPRESENTATION_CONTEXT() REPRESENTATION_CONTEXT('2D SPACE',''
  ) );
#5627 = PCURVE('',#5628,#5633);
#5628 = CONICAL_SURFACE('',#5629,16.35,0.856705628183);
#5629 = AXIS2_PLACEMENT_3D('',#5630,#5631,#5632);
#5630 = CARTESIAN_POINT('',(0.,0.,3.));
#5631 = DIRECTION('',(0.,0.,1.));
#5632 = DIRECTION('',(0.978147600734,0.207911690818,-0.));
#5633 = DEFINITIONAL_REPRESENTATION('',(#5634),#5638);
#5634 = LINE('',#5635,#5636);
#5635 = CARTESIAN_POINT('',(-1.780235837034,-0.173333333333));
#5636 = VECTOR('',#5637,1.);
#5637 = DIRECTION('',(1.,-0.));
#5638 = ( GEOMETRIC_REPRESENTATION_CONTEXT(2) 
PARAMETRIC_REPRESENTATION_CONTEXT() REPRESENTATION_CONTEXT('2D SPACE',''
  ) );
#5639 = ORIENTED_EDGE('',*,*,#5640,.T.);
#5640 = EDGE_CURVE('',#5612,#5641,#5643,.T.);
#5641 = VERTEX_POINT('',#5642);
#5642 = CARTESIAN_POINT('',(16.15,0.,8.));
#5643 = SEAM_CURVE('',#5644,(#5648,#5655),.PCURVE_S1.);
#5644 = LINE('',#5645,#5646);
#5645 = CARTESIAN_POINT('',(16.15,0.,0.));
#5646 = VECTOR('',#5647,1.);
#5647 = DIRECTION('',(-0.,-0.,1.));
#5648 = PCURVE('',#605,#5649);
#5649 = DEFINITIONAL_REPRESENTATION('',(#5650),#5654);
#5650 = LINE('',#5651,#5652);
#5651 = CARTESIAN_POINT('',(6.28318530718,0.));
#5652 = VECTOR('',#5653,1.);
#5653 = DIRECTION('',(0.,-1.));
#5654 = ( GEOMETRIC_REPRESENTATION_CONTEXT(2) 
PARAMETRIC_REPRESENTATION_CONTEXT() REPRESENTATION_CONTEXT('2D SPACE',''
  ) );
#5655 = PCURVE('',#605,#5656);
#5656 = DEFINITIONAL_REPRESENTATION('',(#5657),#5661);
#5657 = LINE('',#5658,#5659);
#5658 = CARTESIAN_POINT('',(0.,0.));
#5659 = VECTOR('',#5660,1.);
#5660 = DIRECTION('',(0.,-1.));
#5661 = ( GEOMETRIC_REPRESENTATION_CONTEXT(2) 
PARAMETRIC_REPRESENTATION_CONTEXT() REPRESENTATION_CONTEXT('2D SPACE',''
  ) );
#5662 = ORIENTED_EDGE('',*,*,#5663,.T.);
#5663 = EDGE_CURVE('',#5641,#5641,#5664,.T.);
#5664 = SURFACE_CURVE('',#5665,(#5670,#5677),.PCURVE_S1.);
#5665 = CIRCLE('',#5666,16.15);
#5666 = AXIS2_PLACEMENT_3D('',#5667,#5668,#5669);
#5667 = CARTESIAN_POINT('',(0.,0.,8.));
#5668 = DIRECTION('',(0.,0.,-1.));
#5669 = DIRECTION('',(1.,-0.,-0.));
#5670 = PCURVE('',#605,#5671);
#5671 = DEFINITIONAL_REPRESENTATION('',(#5672),#5676);
#5672 = LINE('',#5673,#5674);
#5673 = CARTESIAN_POINT('',(0.,-8.));
#5674 = VECTOR('',#5675,1.);
#5675 = DIRECTION('',(1.,0.));
#5676 = ( GEOMETRIC_REPRESENTATION_CONTEXT(2) 
PARAMETRIC_REPRESENTATION_CONTEXT() REPRESENTATION_CONTEXT('2D SPACE',''
  ) );
#5677 = PCURVE('',#5678,#5683);
#5678 = PLANE('',#5679);
#5679 = AXIS2_PLACEMENT_3D('',#5680,#5681,#5682);
#5680 = CARTESIAN_POINT('',(-2.244004320065E-15,-3.259817405866E-16,8.)
  );
#5681 = DIRECTION('',(-0.,-0.,1.));
#5682 = DIRECTION('',(-1.,0.,0.));
#5683 = DEFINITIONAL_REPRESENTATION('',(#5684),#5692);
#5684 = ( BOUNDED_CURVE() B_SPLINE_CURVE(2,(#5685,#5686,#5687,#5688,
#5689,#5690,#5691),.UNSPECIFIED.,.T.,.F.) B_SPLINE_CURVE_WITH_KNOTS((1,2
    ,2,2,2,1),(-2.094395102393,0.,2.094395102393,4.188790204786,
6.28318530718,8.377580409573),.UNSPECIFIED.) CURVE() 
GEOMETRIC_REPRESENTATION_ITEM() RATIONAL_B_SPLINE_CURVE((1.,0.5,1.,0.5,
1.,0.5,1.)) REPRESENTATION_ITEM('') );
#5685 = CARTESIAN_POINT('',(-16.15,-3.259817405866E-16));
#5686 = CARTESIAN_POINT('',(-16.15,27.972620542237));
#5687 = CARTESIAN_POINT('',(8.075,13.986310271119));
#5688 = CARTESIAN_POINT('',(32.3,3.629627420659E-15));
#5689 = CARTESIAN_POINT('',(8.075,-13.98631027111));
#5690 = CARTESIAN_POINT('',(-16.15,-27.97262054223));
#5691 = CARTESIAN_POINT('',(-16.15,-3.259817405866E-16));
#5692 = ( GEOMETRIC_REPRESENTATION_CONTEXT(2) 
PARAMETRIC_REPRESENTATION_CONTEXT() REPRESENTATION_CONTEXT('2D SPACE',''
  ) );
#5693 = ORIENTED_EDGE('',*,*,#5640,.F.);
#5694 = ORIENTED_EDGE('',*,*,#5695,.T.);
#5695 = EDGE_CURVE('',#5612,#5696,#5698,.T.);
#5696 = VERTEX_POINT('',#5697);
#5697 = CARTESIAN_POINT('',(15.797083751851,3.357773806707,
    2.826666666667));
#5698 = SURFACE_CURVE('',#5699,(#5704,#5711),.PCURVE_S1.);
#5699 = CIRCLE('',#5700,16.15);
#5700 = AXIS2_PLACEMENT_3D('',#5701,#5702,#5703);
#5701 = CARTESIAN_POINT('',(0.,0.,2.826666666667));
#5702 = DIRECTION('',(0.,-0.,1.));
#5703 = DIRECTION('',(-0.,-1.,-0.));
#5704 = PCURVE('',#605,#5705);
#5705 = DEFINITIONAL_REPRESENTATION('',(#5706),#5710);
#5706 = LINE('',#5707,#5708);
#5707 = CARTESIAN_POINT('',(7.853981633974,-2.826666666667));
#5708 = VECTOR('',#5709,1.);
#5709 = DIRECTION('',(-1.,0.));
#5710 = ( GEOMETRIC_REPRESENTATION_CONTEXT(2) 
PARAMETRIC_REPRESENTATION_CONTEXT() REPRESENTATION_CONTEXT('2D SPACE',''
  ) );
#5711 = PCURVE('',#5628,#5712);
#5712 = DEFINITIONAL_REPRESENTATION('',(#5713),#5717);
#5713 = LINE('',#5714,#5715);
#5714 = CARTESIAN_POINT('',(-1.780235837034,-0.173333333333));
#5715 = VECTOR('',#5716,1.);
#5716 = DIRECTION('',(1.,-0.));
#5717 = ( GEOMETRIC_REPRESENTATION_CONTEXT(2) 
PARAMETRIC_REPRESENTATION_CONTEXT() REPRESENTATION_CONTEXT('2D SPACE',''
  ) );
#5718 = ORIENTED_EDGE('',*,*,#5719,.T.);
#5719 = EDGE_CURVE('',#5696,#5720,#5722,.T.);
#5720 = VERTEX_POINT('',#5721);
#5721 = CARTESIAN_POINT('',(15.797083751851,3.357773806707,
    0.173333333333));
#5722 = SURFACE_CURVE('',#5723,(#5727,#5734),.PCURVE_S1.);
#5723 = LINE('',#5724,#5725);
#5724 = CARTESIAN_POINT('',(15.797083751851,3.357773806707,0.));
#5725 = VECTOR('',#5726,1.);
#5726 = DIRECTION('',(-0.,0.,-1.));
#5727 = PCURVE('',#605,#5728);
#5728 = DEFINITIONAL_REPRESENTATION('',(#5729),#5733);
#5729 = LINE('',#5730,#5731);
#5730 = CARTESIAN_POINT('',(6.07374579694,0.));
#5731 = VECTOR('',#5732,1.);
#5732 = DIRECTION('',(0.,1.));
#5733 = ( GEOMETRIC_REPRESENTATION_CONTEXT(2) 
PARAMETRIC_REPRESENTATION_CONTEXT() REPRESENTATION_CONTEXT('2D SPACE',''
  ) );
#5734 = PCURVE('',#5735,#5740);
#5735 = PLANE('',#5736);
#5736 = AXIS2_PLACEMENT_3D('',#5737,#5738,#5739);
#5737 = CARTESIAN_POINT('',(15.517910869657,3.298433778756,1.5));
#5738 = DIRECTION('',(-0.207911690818,0.978147600734,-0.));
#5739 = DIRECTION('',(0.,0.,1.));
#5740 = DEFINITIONAL_REPRESENTATION('',(#5741),#5745);
#5741 = LINE('',#5742,#5743);
#5742 = CARTESIAN_POINT('',(-1.5,0.285409770453));
#5743 = VECTOR('',#5744,1.);
#5744 = DIRECTION('',(-1.,0.));
#5745 = ( GEOMETRIC_REPRESENTATION_CONTEXT(2) 
PARAMETRIC_REPRESENTATION_CONTEXT() REPRESENTATION_CONTEXT('2D SPACE',''
  ) );
#5746 = ORIENTED_EDGE('',*,*,#5747,.F.);
#5747 = EDGE_CURVE('',#5530,#5720,#5748,.T.);
#5748 = SURFACE_CURVE('',#5749,(#5754,#5761),.PCURVE_S1.);
#5749 = CIRCLE('',#5750,16.15);
#5750 = AXIS2_PLACEMENT_3D('',#5751,#5752,#5753);
#5751 = CARTESIAN_POINT('',(0.,0.,0.173333333333));
#5752 = DIRECTION('',(0.,-0.,1.));
#5753 = DIRECTION('',(-0.,-1.,-0.));
#5754 = PCURVE('',#605,#5755);
#5755 = DEFINITIONAL_REPRESENTATION('',(#5756),#5760);
#5756 = LINE('',#5757,#5758);
#5757 = CARTESIAN_POINT('',(7.853981633974,-0.173333333333));
#5758 = VECTOR('',#5759,1.);
#5759 = DIRECTION('',(-1.,0.));
#5760 = ( GEOMETRIC_REPRESENTATION_CONTEXT(2) 
PARAMETRIC_REPRESENTATION_CONTEXT() REPRESENTATION_CONTEXT('2D SPACE',''
  ) );
#5761 = PCURVE('',#5571,#5762);
#5762 = DEFINITIONAL_REPRESENTATION('',(#5763),#5767);
#5763 = LINE('',#5764,#5765);
#5764 = CARTESIAN_POINT('',(1.780235837034,1.126666666667));
#5765 = VECTOR('',#5766,1.);
#5766 = DIRECTION('',(-1.,0.));
#5767 = ( GEOMETRIC_REPRESENTATION_CONTEXT(2) 
PARAMETRIC_REPRESENTATION_CONTEXT() REPRESENTATION_CONTEXT('2D SPACE',''
  ) );
#5768 = FACE_BOUND('',#5769,.F.);
#5769 = EDGE_LOOP('',(#5770,#5800,#5829,#5857));
#5770 = ORIENTED_EDGE('',*,*,#5771,.F.);
#5771 = EDGE_CURVE('',#5772,#5774,#5776,.T.);
#5772 = VERTEX_POINT('',#5773);
#5773 = CARTESIAN_POINT('',(-15.79708375185,3.357773806707,
    2.826666666667));
#5774 = VERTEX_POINT('',#5775);
#5775 = CARTESIAN_POINT('',(-15.79708375185,3.357773806707,
    0.173333333333));
#5776 = SURFACE_CURVE('',#5777,(#5781,#5788),.PCURVE_S1.);
#5777 = LINE('',#5778,#5779);
#5778 = CARTESIAN_POINT('',(-15.79708375185,3.357773806707,0.));
#5779 = VECTOR('',#5780,1.);
#5780 = DIRECTION('',(-0.,0.,-1.));
#5781 = PCURVE('',#605,#5782);
#5782 = DEFINITIONAL_REPRESENTATION('',(#5783),#5787);
#5783 = LINE('',#5784,#5785);
#5784 = CARTESIAN_POINT('',(3.351032163829,0.));
#5785 = VECTOR('',#5786,1.);
#5786 = DIRECTION('',(0.,1.));
#5787 = ( GEOMETRIC_REPRESENTATION_CONTEXT(2) 
PARAMETRIC_REPRESENTATION_CONTEXT() REPRESENTATION_CONTEXT('2D SPACE',''
  ) );
#5788 = PCURVE('',#5789,#5794);
#5789 = PLANE('',#5790);
#5790 = AXIS2_PLACEMENT_3D('',#5791,#5792,#5793);
#5791 = CARTESIAN_POINT('',(-15.51791086965,3.298433778756,1.5));
#5792 = DIRECTION('',(-0.207911690818,-0.978147600734,-0.));
#5793 = DIRECTION('',(0.,0.,1.));
#5794 = DEFINITIONAL_REPRESENTATION('',(#5795),#5799);
#5795 = LINE('',#5796,#5797);
#5796 = CARTESIAN_POINT('',(-1.5,0.285409770453));
#5797 = VECTOR('',#5798,1.);
#5798 = DIRECTION('',(-1.,0.));
#5799 = ( GEOMETRIC_REPRESENTATION_CONTEXT(2) 
PARAMETRIC_REPRESENTATION_CONTEXT() REPRESENTATION_CONTEXT('2D SPACE',''
  ) );
#5800 = ORIENTED_EDGE('',*,*,#5801,.T.);
#5801 = EDGE_CURVE('',#5772,#5802,#5804,.T.);
#5802 = VERTEX_POINT('',#5803);
#5803 = CARTESIAN_POINT('',(-15.79708375185,-3.357773806707,
    2.826666666667));
#5804 = SURFACE_CURVE('',#5805,(#5810,#5817),.PCURVE_S1.);
#5805 = CIRCLE('',#5806,16.15);
#5806 = AXIS2_PLACEMENT_3D('',#5807,#5808,#5809);
#5807 = CARTESIAN_POINT('',(0.,0.,2.826666666667));
#5808 = DIRECTION('',(0.,-0.,1.));
#5809 = DIRECTION('',(-0.,-1.,-0.));
#5810 = PCURVE('',#605,#5811);
#5811 = DEFINITIONAL_REPRESENTATION('',(#5812),#5816);
#5812 = LINE('',#5813,#5814);
#5813 = CARTESIAN_POINT('',(7.853981633974,-2.826666666667));
#5814 = VECTOR('',#5815,1.);
#5815 = DIRECTION('',(-1.,0.));
#5816 = ( GEOMETRIC_REPRESENTATION_CONTEXT(2) 
PARAMETRIC_REPRESENTATION_CONTEXT() REPRESENTATION_CONTEXT('2D SPACE',''
  ) );
#5817 = PCURVE('',#5818,#5823);
#5818 = CONICAL_SURFACE('',#5819,16.35,0.856705628183);
#5819 = AXIS2_PLACEMENT_3D('',#5820,#5821,#5822);
#5820 = CARTESIAN_POINT('',(0.,0.,3.));
#5821 = DIRECTION('',(0.,0.,1.));
#5822 = DIRECTION('',(-0.978147600734,-0.207911690818,-0.));
#5823 = DEFINITIONAL_REPRESENTATION('',(#5824),#5828);
#5824 = LINE('',#5825,#5826);
#5825 = CARTESIAN_POINT('',(-4.921828490624,-0.173333333333));
#5826 = VECTOR('',#5827,1.);
#5827 = DIRECTION('',(1.,-0.));
#5828 = ( GEOMETRIC_REPRESENTATION_CONTEXT(2) 
PARAMETRIC_REPRESENTATION_CONTEXT() REPRESENTATION_CONTEXT('2D SPACE',''
  ) );
#5829 = ORIENTED_EDGE('',*,*,#5830,.T.);
#5830 = EDGE_CURVE('',#5802,#5831,#5833,.T.);
#5831 = VERTEX_POINT('',#5832);
#5832 = CARTESIAN_POINT('',(-15.79708375185,-3.357773806707,
    0.173333333333));
#5833 = SURFACE_CURVE('',#5834,(#5838,#5845),.PCURVE_S1.);
#5834 = LINE('',#5835,#5836);
#5835 = CARTESIAN_POINT('',(-15.79708375185,-3.357773806707,0.));
#5836 = VECTOR('',#5837,1.);
#5837 = DIRECTION('',(-0.,0.,-1.));
#5838 = PCURVE('',#605,#5839);
#5839 = DEFINITIONAL_REPRESENTATION('',(#5840),#5844);
#5840 = LINE('',#5841,#5842);
#5841 = CARTESIAN_POINT('',(2.93215314335,0.));
#5842 = VECTOR('',#5843,1.);
#5843 = DIRECTION('',(0.,1.));
#5844 = ( GEOMETRIC_REPRESENTATION_CONTEXT(2) 
PARAMETRIC_REPRESENTATION_CONTEXT() REPRESENTATION_CONTEXT('2D SPACE',''
  ) );
#5845 = PCURVE('',#5846,#5851);
#5846 = PLANE('',#5847);
#5847 = AXIS2_PLACEMENT_3D('',#5848,#5849,#5850);
#5848 = CARTESIAN_POINT('',(-15.51791086965,-3.298433778756,1.5));
#5849 = DIRECTION('',(0.207911690818,-0.978147600734,-0.));
#5850 = DIRECTION('',(0.,0.,1.));
#5851 = DEFINITIONAL_REPRESENTATION('',(#5852),#5856);
#5852 = LINE('',#5853,#5854);
#5853 = CARTESIAN_POINT('',(-1.5,0.285409770453));
#5854 = VECTOR('',#5855,1.);
#5855 = DIRECTION('',(-1.,0.));
#5856 = ( GEOMETRIC_REPRESENTATION_CONTEXT(2) 
PARAMETRIC_REPRESENTATION_CONTEXT() REPRESENTATION_CONTEXT('2D SPACE',''
  ) );
#5857 = ORIENTED_EDGE('',*,*,#5858,.F.);
#5858 = EDGE_CURVE('',#5774,#5831,#5859,.T.);
#5859 = SURFACE_CURVE('',#5860,(#5865,#5872),.PCURVE_S1.);
#5860 = CIRCLE('',#5861,16.15);
#5861 = AXIS2_PLACEMENT_3D('',#5862,#5863,#5864);
#5862 = CARTESIAN_POINT('',(0.,0.,0.173333333333));
#5863 = DIRECTION('',(0.,-0.,1.));
#5864 = DIRECTION('',(-0.,-1.,-0.));
#5865 = PCURVE('',#605,#5866);
#5866 = DEFINITIONAL_REPRESENTATION('',(#5867),#5871);
#5867 = LINE('',#5868,#5869);
#5868 = CARTESIAN_POINT('',(7.853981633974,-0.173333333333));
#5869 = VECTOR('',#5870,1.);
#5870 = DIRECTION('',(-1.,0.));
#5871 = ( GEOMETRIC_REPRESENTATION_CONTEXT(2) 
PARAMETRIC_REPRESENTATION_CONTEXT() REPRESENTATION_CONTEXT('2D SPACE',''
  ) );
#5872 = PCURVE('',#5873,#5878);
#5873 = CONICAL_SURFACE('',#5874,14.85,0.856705628183);
#5874 = AXIS2_PLACEMENT_3D('',#5875,#5876,#5877);
#5875 = CARTESIAN_POINT('',(0.,0.,1.3));
#5876 = DIRECTION('',(-0.,-0.,-1.));
#5877 = DIRECTION('',(-0.978147600734,-0.207911690818,-0.));
#5878 = DEFINITIONAL_REPRESENTATION('',(#5879),#5883);
#5879 = LINE('',#5880,#5881);
#5880 = CARTESIAN_POINT('',(4.921828490624,1.126666666667));
#5881 = VECTOR('',#5882,1.);
#5882 = DIRECTION('',(-1.,0.));
#5883 = ( GEOMETRIC_REPRESENTATION_CONTEXT(2) 
PARAMETRIC_REPRESENTATION_CONTEXT() REPRESENTATION_CONTEXT('2D SPACE',''
  ) );
#5884 = ADVANCED_FACE('',(#5885),#638,.F.);
#5885 = FACE_BOUND('',#5886,.T.);
#5886 = EDGE_LOOP('',(#5887,#5910,#5943,#5967,#6000,#6024,#6052,#6081,
    #6109,#6130));
#5887 = ORIENTED_EDGE('',*,*,#5888,.T.);
#5888 = EDGE_CURVE('',#620,#5889,#5891,.T.);
#5889 = VERTEX_POINT('',#5890);
#5890 = CARTESIAN_POINT('',(26.614736709749,-11.90192378864,2.));
#5891 = SURFACE_CURVE('',#5892,(#5896,#5903),.PCURVE_S1.);
#5892 = LINE('',#5893,#5894);
#5893 = CARTESIAN_POINT('',(26.614736709749,-11.90192378864,0.));
#5894 = VECTOR('',#5895,1.);
#5895 = DIRECTION('',(-0.,-0.,1.));
#5896 = PCURVE('',#638,#5897);
#5897 = DEFINITIONAL_REPRESENTATION('',(#5898),#5902);
#5898 = LINE('',#5899,#5900);
#5899 = CARTESIAN_POINT('',(-0.,0.));
#5900 = VECTOR('',#5901,1.);
#5901 = DIRECTION('',(-0.,-1.));
#5902 = ( GEOMETRIC_REPRESENTATION_CONTEXT(2) 
PARAMETRIC_REPRESENTATION_CONTEXT() REPRESENTATION_CONTEXT('2D SPACE',''
  ) );
#5903 = PCURVE('',#721,#5904);
#5904 = DEFINITIONAL_REPRESENTATION('',(#5905),#5909);
#5905 = LINE('',#5906,#5907);
#5906 = CARTESIAN_POINT('',(-12.25,-0.));
#5907 = VECTOR('',#5908,1.);
#5908 = DIRECTION('',(-0.,-1.));
#5909 = ( GEOMETRIC_REPRESENTATION_CONTEXT(2) 
PARAMETRIC_REPRESENTATION_CONTEXT() REPRESENTATION_CONTEXT('2D SPACE',''
  ) );
#5910 = ORIENTED_EDGE('',*,*,#5911,.T.);
#5911 = EDGE_CURVE('',#5889,#5912,#5914,.T.);
#5912 = VERTEX_POINT('',#5913);
#5913 = CARTESIAN_POINT('',(26.297237325204,-11.7428833368,2.));
#5914 = SURFACE_CURVE('',#5915,(#5920,#5927),.PCURVE_S1.);
#5915 = CIRCLE('',#5916,3.);
#5916 = AXIS2_PLACEMENT_3D('',#5917,#5918,#5919);
#5917 = CARTESIAN_POINT('',(25.114736709749,-14.5,2.));
#5918 = DIRECTION('',(0.,0.,1.));
#5919 = DIRECTION('',(0.5,0.866025403784,-0.));
#5920 = PCURVE('',#638,#5921);
#5921 = DEFINITIONAL_REPRESENTATION('',(#5922),#5926);
#5922 = LINE('',#5923,#5924);
#5923 = CARTESIAN_POINT('',(-0.,-2.));
#5924 = VECTOR('',#5925,1.);
#5925 = DIRECTION('',(-1.,0.));
#5926 = ( GEOMETRIC_REPRESENTATION_CONTEXT(2) 
PARAMETRIC_REPRESENTATION_CONTEXT() REPRESENTATION_CONTEXT('2D SPACE',''
  ) );
#5927 = PCURVE('',#5928,#5933);
#5928 = PLANE('',#5929);
#5929 = AXIS2_PLACEMENT_3D('',#5930,#5931,#5932);
#5930 = CARTESIAN_POINT('',(30.419142307928,-17.5625,2.));
#5931 = DIRECTION('',(0.,-0.,-1.));
#5932 = DIRECTION('',(0.866025403784,-0.5,-0.));
#5933 = DEFINITIONAL_REPRESENTATION('',(#5934),#5942);
#5934 = ( BOUNDED_CURVE() B_SPLINE_CURVE(2,(#5935,#5936,#5937,#5938,
#5939,#5940,#5941),.UNSPECIFIED.,.T.,.F.) B_SPLINE_CURVE_WITH_KNOTS((1,2
    ,2,2,2,1),(-2.094395102393,0.,2.094395102393,4.188790204786,
6.28318530718,8.377580409573),.UNSPECIFIED.) CURVE() 
GEOMETRIC_REPRESENTATION_ITEM() RATIONAL_B_SPLINE_CURVE((1.,0.5,1.,0.5,
1.,0.5,1.)) REPRESENTATION_ITEM('') );
#5935 = CARTESIAN_POINT('',(-6.125,-3.));
#5936 = CARTESIAN_POINT('',(-11.3211524227,-3.));
#5937 = CARTESIAN_POINT('',(-8.723076211353,1.5));
#5938 = CARTESIAN_POINT('',(-6.125,6.));
#5939 = CARTESIAN_POINT('',(-3.526923788647,1.5));
#5940 = CARTESIAN_POINT('',(-0.928847577293,-3.));
#5941 = CARTESIAN_POINT('',(-6.125,-3.));
#5942 = ( GEOMETRIC_REPRESENTATION_CONTEXT(2) 
PARAMETRIC_REPRESENTATION_CONTEXT() REPRESENTATION_CONTEXT('2D SPACE',''
  ) );
#5943 = ORIENTED_EDGE('',*,*,#5944,.T.);
#5944 = EDGE_CURVE('',#5912,#5945,#5947,.T.);
#5945 = VERTEX_POINT('',#5946);
#5946 = CARTESIAN_POINT('',(24.865045432076,-11.51040901361,2.));
#5947 = SURFACE_CURVE('',#5948,(#5953,#5960),.PCURVE_S1.);
#5948 = CIRCLE('',#5949,3.);
#5949 = AXIS2_PLACEMENT_3D('',#5950,#5951,#5952);
#5950 = CARTESIAN_POINT('',(25.114736709749,-14.5,2.));
#5951 = DIRECTION('',(0.,0.,1.));
#5952 = DIRECTION('',(0.5,0.866025403784,-0.));
#5953 = PCURVE('',#638,#5954);
#5954 = DEFINITIONAL_REPRESENTATION('',(#5955),#5959);
#5955 = LINE('',#5956,#5957);
#5956 = CARTESIAN_POINT('',(-0.,-2.));
#5957 = VECTOR('',#5958,1.);
#5958 = DIRECTION('',(-1.,0.));
#5959 = ( GEOMETRIC_REPRESENTATION_CONTEXT(2) 
PARAMETRIC_REPRESENTATION_CONTEXT() REPRESENTATION_CONTEXT('2D SPACE',''
  ) );
#5960 = PCURVE('',#3618,#5961);
#5961 = DEFINITIONAL_REPRESENTATION('',(#5962),#5966);
#5962 = CIRCLE('',#5963,3.);
#5963 = AXIS2_PLACEMENT_2D('',#5964,#5965);
#5964 = CARTESIAN_POINT('',(-25.11473670974,14.5));
#5965 = DIRECTION('',(-0.5,-0.866025403784));
#5966 = ( GEOMETRIC_REPRESENTATION_CONTEXT(2) 
PARAMETRIC_REPRESENTATION_CONTEXT() REPRESENTATION_CONTEXT('2D SPACE',''
  ) );
#5967 = ORIENTED_EDGE('',*,*,#5968,.T.);
#5968 = EDGE_CURVE('',#5945,#5969,#5971,.T.);
#5969 = VERTEX_POINT('',#5970);
#5970 = CARTESIAN_POINT('',(23.84939958327,-11.77990405383,2.));
#5971 = SURFACE_CURVE('',#5972,(#5977,#5984),.PCURVE_S1.);
#5972 = CIRCLE('',#5973,3.);
#5973 = AXIS2_PLACEMENT_3D('',#5974,#5975,#5976);
#5974 = CARTESIAN_POINT('',(25.114736709749,-14.5,2.));
#5975 = DIRECTION('',(0.,0.,1.));
#5976 = DIRECTION('',(0.5,0.866025403784,-0.));
#5977 = PCURVE('',#638,#5978);
#5978 = DEFINITIONAL_REPRESENTATION('',(#5979),#5983);
#5979 = LINE('',#5980,#5981);
#5980 = CARTESIAN_POINT('',(-0.,-2.));
#5981 = VECTOR('',#5982,1.);
#5982 = DIRECTION('',(-1.,0.));
#5983 = ( GEOMETRIC_REPRESENTATION_CONTEXT(2) 
PARAMETRIC_REPRESENTATION_CONTEXT() REPRESENTATION_CONTEXT('2D SPACE',''
  ) );
#5984 = PCURVE('',#5985,#5990);
#5985 = PLANE('',#5986);
#5986 = AXIS2_PLACEMENT_3D('',#5987,#5988,#5989);
#5987 = CARTESIAN_POINT('',(30.419142307928,-17.5625,2.));
#5988 = DIRECTION('',(0.,-0.,-1.));
#5989 = DIRECTION('',(0.866025403784,-0.5,-0.));
#5990 = DEFINITIONAL_REPRESENTATION('',(#5991),#5999);
#5991 = ( BOUNDED_CURVE() B_SPLINE_CURVE(2,(#5992,#5993,#5994,#5995,
#5996,#5997,#5998),.UNSPECIFIED.,.T.,.F.) B_SPLINE_CURVE_WITH_KNOTS((1,2
    ,2,2,2,1),(-2.094395102393,0.,2.094395102393,4.188790204786,
6.28318530718,8.377580409573),.UNSPECIFIED.) CURVE() 
GEOMETRIC_REPRESENTATION_ITEM() RATIONAL_B_SPLINE_CURVE((1.,0.5,1.,0.5,
1.,0.5,1.)) REPRESENTATION_ITEM('') );
#5992 = CARTESIAN_POINT('',(-6.125,-3.));
#5993 = CARTESIAN_POINT('',(-11.3211524227,-3.));
#5994 = CARTESIAN_POINT('',(-8.723076211353,1.5));
#5995 = CARTESIAN_POINT('',(-6.125,6.));
#5996 = CARTESIAN_POINT('',(-3.526923788647,1.5));
#5997 = CARTESIAN_POINT('',(-0.928847577293,-3.));
#5998 = CARTESIAN_POINT('',(-6.125,-3.));
#5999 = ( GEOMETRIC_REPRESENTATION_CONTEXT(2) 
PARAMETRIC_REPRESENTATION_CONTEXT() REPRESENTATION_CONTEXT('2D SPACE',''
  ) );
#6000 = ORIENTED_EDGE('',*,*,#6001,.T.);
#6001 = EDGE_CURVE('',#5969,#6002,#6004,.T.);
#6002 = VERTEX_POINT('',#6003);
#6003 = CARTESIAN_POINT('',(22.126395956397,-14.7642338772,2.));
#6004 = SURFACE_CURVE('',#6005,(#6010,#6017),.PCURVE_S1.);
#6005 = CIRCLE('',#6006,3.);
#6006 = AXIS2_PLACEMENT_3D('',#6007,#6008,#6009);
#6007 = CARTESIAN_POINT('',(25.114736709749,-14.5,2.));
#6008 = DIRECTION('',(0.,0.,1.));
#6009 = DIRECTION('',(0.5,0.866025403784,-0.));
#6010 = PCURVE('',#638,#6011);
#6011 = DEFINITIONAL_REPRESENTATION('',(#6012),#6016);
#6012 = LINE('',#6013,#6014);
#6013 = CARTESIAN_POINT('',(-0.,-2.));
#6014 = VECTOR('',#6015,1.);
#6015 = DIRECTION('',(-1.,0.));
#6016 = ( GEOMETRIC_REPRESENTATION_CONTEXT(2) 
PARAMETRIC_REPRESENTATION_CONTEXT() REPRESENTATION_CONTEXT('2D SPACE',''
  ) );
#6017 = PCURVE('',#1433,#6018);
#6018 = DEFINITIONAL_REPRESENTATION('',(#6019),#6023);
#6019 = CIRCLE('',#6020,3.);
#6020 = AXIS2_PLACEMENT_2D('',#6021,#6022);
#6021 = CARTESIAN_POINT('',(-25.11473670974,14.5));
#6022 = DIRECTION('',(-0.5,-0.866025403784));
#6023 = ( GEOMETRIC_REPRESENTATION_CONTEXT(2) 
PARAMETRIC_REPRESENTATION_CONTEXT() REPRESENTATION_CONTEXT('2D SPACE',''
  ) );
#6024 = ORIENTED_EDGE('',*,*,#6025,.T.);
#6025 = EDGE_CURVE('',#6002,#6026,#6028,.T.);
#6026 = VERTEX_POINT('',#6027);
#6027 = CARTESIAN_POINT('',(22.400829329781,-15.77855650362,2.));
#6028 = SURFACE_CURVE('',#6029,(#6034,#6041),.PCURVE_S1.);
#6029 = CIRCLE('',#6030,3.);
#6030 = AXIS2_PLACEMENT_3D('',#6031,#6032,#6033);
#6031 = CARTESIAN_POINT('',(25.114736709749,-14.5,2.));
#6032 = DIRECTION('',(0.,0.,1.));
#6033 = DIRECTION('',(0.5,0.866025403784,-0.));
#6034 = PCURVE('',#638,#6035);
#6035 = DEFINITIONAL_REPRESENTATION('',(#6036),#6040);
#6036 = LINE('',#6037,#6038);
#6037 = CARTESIAN_POINT('',(-0.,-2.));
#6038 = VECTOR('',#6039,1.);
#6039 = DIRECTION('',(-1.,0.));
#6040 = ( GEOMETRIC_REPRESENTATION_CONTEXT(2) 
PARAMETRIC_REPRESENTATION_CONTEXT() REPRESENTATION_CONTEXT('2D SPACE',''
  ) );
#6041 = PCURVE('',#5985,#6042);
#6042 = DEFINITIONAL_REPRESENTATION('',(#6043),#6051);
#6043 = ( BOUNDED_CURVE() B_SPLINE_CURVE(2,(#6044,#6045,#6046,#6047,
#6048,#6049,#6050),.UNSPECIFIED.,.T.,.F.) B_SPLINE_CURVE_WITH_KNOTS((1,2
    ,2,2,2,1),(-2.094395102393,0.,2.094395102393,4.188790204786,
6.28318530718,8.377580409573),.UNSPECIFIED.) CURVE() 
GEOMETRIC_REPRESENTATION_ITEM() RATIONAL_B_SPLINE_CURVE((1.,0.5,1.,0.5,
1.,0.5,1.)) REPRESENTATION_ITEM('') );
#6044 = CARTESIAN_POINT('',(-6.125,-3.));
#6045 = CARTESIAN_POINT('',(-11.3211524227,-3.));
#6046 = CARTESIAN_POINT('',(-8.723076211353,1.5));
#6047 = CARTESIAN_POINT('',(-6.125,6.));
#6048 = CARTESIAN_POINT('',(-3.526923788647,1.5));
#6049 = CARTESIAN_POINT('',(-0.928847577293,-3.));
#6050 = CARTESIAN_POINT('',(-6.125,-3.));
#6051 = ( GEOMETRIC_REPRESENTATION_CONTEXT(2) 
PARAMETRIC_REPRESENTATION_CONTEXT() REPRESENTATION_CONTEXT('2D SPACE',''
  ) );
#6052 = ORIENTED_EDGE('',*,*,#6053,.T.);
#6053 = EDGE_CURVE('',#6026,#6054,#6056,.T.);
#6054 = VERTEX_POINT('',#6055);
#6055 = CARTESIAN_POINT('',(23.318253945955,-16.90263390457,2.));
#6056 = SURFACE_CURVE('',#6057,(#6062,#6069),.PCURVE_S1.);
#6057 = CIRCLE('',#6058,3.);
#6058 = AXIS2_PLACEMENT_3D('',#6059,#6060,#6061);
#6059 = CARTESIAN_POINT('',(25.114736709749,-14.5,2.));
#6060 = DIRECTION('',(0.,0.,1.));
#6061 = DIRECTION('',(0.5,0.866025403784,-0.));
#6062 = PCURVE('',#638,#6063);
#6063 = DEFINITIONAL_REPRESENTATION('',(#6064),#6068);
#6064 = LINE('',#6065,#6066);
#6065 = CARTESIAN_POINT('',(-0.,-2.));
#6066 = VECTOR('',#6067,1.);
#6067 = DIRECTION('',(-1.,0.));
#6068 = ( GEOMETRIC_REPRESENTATION_CONTEXT(2) 
PARAMETRIC_REPRESENTATION_CONTEXT() REPRESENTATION_CONTEXT('2D SPACE',''
  ) );
#6069 = PCURVE('',#6070,#6075);
#6070 = PLANE('',#6071);
#6071 = AXIS2_PLACEMENT_3D('',#6072,#6073,#6074);
#6072 = CARTESIAN_POINT('',(-2.808005405856E-15,-3.707602883041E-15,2.)
  );
#6073 = DIRECTION('',(-0.,-0.,1.));
#6074 = DIRECTION('',(-1.,0.,0.));
#6075 = DEFINITIONAL_REPRESENTATION('',(#6076),#6080);
#6076 = CIRCLE('',#6077,3.);
#6077 = AXIS2_PLACEMENT_2D('',#6078,#6079);
#6078 = CARTESIAN_POINT('',(-25.11473670974,14.5));
#6079 = DIRECTION('',(-0.5,-0.866025403784));
#6080 = ( GEOMETRIC_REPRESENTATION_CONTEXT(2) 
PARAMETRIC_REPRESENTATION_CONTEXT() REPRESENTATION_CONTEXT('2D SPACE',''
  ) );
#6081 = ORIENTED_EDGE('',*,*,#6082,.T.);
#6082 = EDGE_CURVE('',#6054,#6083,#6085,.T.);
#6083 = VERTEX_POINT('',#6084);
#6084 = CARTESIAN_POINT('',(23.614736709749,-17.09807621135,2.));
#6085 = SURFACE_CURVE('',#6086,(#6091,#6098),.PCURVE_S1.);
#6086 = CIRCLE('',#6087,3.);
#6087 = AXIS2_PLACEMENT_3D('',#6088,#6089,#6090);
#6088 = CARTESIAN_POINT('',(25.114736709749,-14.5,2.));
#6089 = DIRECTION('',(0.,0.,1.));
#6090 = DIRECTION('',(0.5,0.866025403784,-0.));
#6091 = PCURVE('',#638,#6092);
#6092 = DEFINITIONAL_REPRESENTATION('',(#6093),#6097);
#6093 = LINE('',#6094,#6095);
#6094 = CARTESIAN_POINT('',(-0.,-2.));
#6095 = VECTOR('',#6096,1.);
#6096 = DIRECTION('',(-1.,0.));
#6097 = ( GEOMETRIC_REPRESENTATION_CONTEXT(2) 
PARAMETRIC_REPRESENTATION_CONTEXT() REPRESENTATION_CONTEXT('2D SPACE',''
  ) );
#6098 = PCURVE('',#5928,#6099);
#6099 = DEFINITIONAL_REPRESENTATION('',(#6100),#6108);
#6100 = ( BOUNDED_CURVE() B_SPLINE_CURVE(2,(#6101,#6102,#6103,#6104,
#6105,#6106,#6107),.UNSPECIFIED.,.T.,.F.) B_SPLINE_CURVE_WITH_KNOTS((1,2
    ,2,2,2,1),(-2.094395102393,0.,2.094395102393,4.188790204786,
6.28318530718,8.377580409573),.UNSPECIFIED.) CURVE() 
GEOMETRIC_REPRESENTATION_ITEM() RATIONAL_B_SPLINE_CURVE((1.,0.5,1.,0.5,
1.,0.5,1.)) REPRESENTATION_ITEM('') );
#6101 = CARTESIAN_POINT('',(-6.125,-3.));
#6102 = CARTESIAN_POINT('',(-11.3211524227,-3.));
#6103 = CARTESIAN_POINT('',(-8.723076211353,1.5));
#6104 = CARTESIAN_POINT('',(-6.125,6.));
#6105 = CARTESIAN_POINT('',(-3.526923788647,1.5));
#6106 = CARTESIAN_POINT('',(-0.928847577293,-3.));
#6107 = CARTESIAN_POINT('',(-6.125,-3.));
#6108 = ( GEOMETRIC_REPRESENTATION_CONTEXT(2) 
PARAMETRIC_REPRESENTATION_CONTEXT() REPRESENTATION_CONTEXT('2D SPACE',''
  ) );
#6109 = ORIENTED_EDGE('',*,*,#6110,.F.);
#6110 = EDGE_CURVE('',#622,#6083,#6111,.T.);
#6111 = SURFACE_CURVE('',#6112,(#6116,#6123),.PCURVE_S1.);
#6112 = LINE('',#6113,#6114);
#6113 = CARTESIAN_POINT('',(23.614736709749,-17.09807621135,0.));
#6114 = VECTOR('',#6115,1.);
#6115 = DIRECTION('',(-0.,-0.,1.));
#6116 = PCURVE('',#638,#6117);
#6117 = DEFINITIONAL_REPRESENTATION('',(#6118),#6122);
#6118 = LINE('',#6119,#6120);
#6119 = CARTESIAN_POINT('',(-3.14159265359,0.));
#6120 = VECTOR('',#6121,1.);
#6121 = DIRECTION('',(-0.,-1.));
#6122 = ( GEOMETRIC_REPRESENTATION_CONTEXT(2) 
PARAMETRIC_REPRESENTATION_CONTEXT() REPRESENTATION_CONTEXT('2D SPACE',''
  ) );
#6123 = PCURVE('',#666,#6124);
#6124 = DEFINITIONAL_REPRESENTATION('',(#6125),#6129);
#6125 = LINE('',#6126,#6127);
#6126 = CARTESIAN_POINT('',(-0.,-0.));
#6127 = VECTOR('',#6128,1.);
#6128 = DIRECTION('',(-0.,-1.));
#6129 = ( GEOMETRIC_REPRESENTATION_CONTEXT(2) 
PARAMETRIC_REPRESENTATION_CONTEXT() REPRESENTATION_CONTEXT('2D SPACE',''
  ) );
#6130 = ORIENTED_EDGE('',*,*,#619,.F.);
#6131 = ADVANCED_FACE('',(#6132),#721,.F.);
#6132 = FACE_BOUND('',#6133,.T.);
#6133 = EDGE_LOOP('',(#6134,#6157,#6180,#6208,#6231,#6259,#6282,#6310,
    #6333,#6361,#6384,#6412,#6435,#6456,#6457));
#6134 = ORIENTED_EDGE('',*,*,#6135,.T.);
#6135 = EDGE_CURVE('',#679,#6136,#6138,.T.);
#6136 = VERTEX_POINT('',#6137);
#6137 = CARTESIAN_POINT('',(37.223547906108,-18.02692378864,2.));
#6138 = SURFACE_CURVE('',#6139,(#6143,#6150),.PCURVE_S1.);
#6139 = LINE('',#6140,#6141);
#6140 = CARTESIAN_POINT('',(37.223547906108,-18.02692378864,0.));
#6141 = VECTOR('',#6142,1.);
#6142 = DIRECTION('',(-0.,-0.,1.));
#6143 = PCURVE('',#721,#6144);
#6144 = DEFINITIONAL_REPRESENTATION('',(#6145),#6149);
#6145 = LINE('',#6146,#6147);
#6146 = CARTESIAN_POINT('',(-0.,0.));
#6147 = VECTOR('',#6148,1.);
#6148 = DIRECTION('',(-0.,-1.));
#6149 = ( GEOMETRIC_REPRESENTATION_CONTEXT(2) 
PARAMETRIC_REPRESENTATION_CONTEXT() REPRESENTATION_CONTEXT('2D SPACE',''
  ) );
#6150 = PCURVE('',#695,#6151);
#6151 = DEFINITIONAL_REPRESENTATION('',(#6152),#6156);
#6152 = LINE('',#6153,#6154);
#6153 = CARTESIAN_POINT('',(-3.14159265359,0.));
#6154 = VECTOR('',#6155,1.);
#6155 = DIRECTION('',(-0.,-1.));
#6156 = ( GEOMETRIC_REPRESENTATION_CONTEXT(2) 
PARAMETRIC_REPRESENTATION_CONTEXT() REPRESENTATION_CONTEXT('2D SPACE',''
  ) );
#6157 = ORIENTED_EDGE('',*,*,#6158,.T.);
#6158 = EDGE_CURVE('',#6136,#6159,#6161,.T.);
#6159 = VERTEX_POINT('',#6160);
#6160 = CARTESIAN_POINT('',(36.56451197436,-17.64642921604,2.));
#6161 = SURFACE_CURVE('',#6162,(#6166,#6173),.PCURVE_S1.);
#6162 = LINE('',#6163,#6164);
#6163 = CARTESIAN_POINT('',(37.223547906108,-18.02692378864,2.));
#6164 = VECTOR('',#6165,1.);
#6165 = DIRECTION('',(-0.866025403784,0.5,0.));
#6166 = PCURVE('',#721,#6167);
#6167 = DEFINITIONAL_REPRESENTATION('',(#6168),#6172);
#6168 = LINE('',#6169,#6170);
#6169 = CARTESIAN_POINT('',(-0.,-2.));
#6170 = VECTOR('',#6171,1.);
#6171 = DIRECTION('',(-1.,-0.));
#6172 = ( GEOMETRIC_REPRESENTATION_CONTEXT(2) 
PARAMETRIC_REPRESENTATION_CONTEXT() REPRESENTATION_CONTEXT('2D SPACE',''
  ) );
#6173 = PCURVE('',#4305,#6174);
#6174 = DEFINITIONAL_REPRESENTATION('',(#6175),#6179);
#6175 = LINE('',#6176,#6177);
#6176 = CARTESIAN_POINT('',(-37.2235479061,18.026923788647));
#6177 = VECTOR('',#6178,1.);
#6178 = DIRECTION('',(0.866025403784,-0.5));
#6179 = ( GEOMETRIC_REPRESENTATION_CONTEXT(2) 
PARAMETRIC_REPRESENTATION_CONTEXT() REPRESENTATION_CONTEXT('2D SPACE',''
  ) );
#6180 = ORIENTED_EDGE('',*,*,#6181,.T.);
#6181 = EDGE_CURVE('',#6159,#6182,#6184,.T.);
#6182 = VERTEX_POINT('',#6183);
#6183 = CARTESIAN_POINT('',(35.869754145178,-17.24531059634,2.));
#6184 = SURFACE_CURVE('',#6185,(#6189,#6196),.PCURVE_S1.);
#6185 = LINE('',#6186,#6187);
#6186 = CARTESIAN_POINT('',(37.223547906108,-18.02692378864,2.));
#6187 = VECTOR('',#6188,1.);
#6188 = DIRECTION('',(-0.866025403784,0.5,0.));
#6189 = PCURVE('',#721,#6190);
#6190 = DEFINITIONAL_REPRESENTATION('',(#6191),#6195);
#6191 = LINE('',#6192,#6193);
#6192 = CARTESIAN_POINT('',(-0.,-2.));
#6193 = VECTOR('',#6194,1.);
#6194 = DIRECTION('',(-1.,-0.));
#6195 = ( GEOMETRIC_REPRESENTATION_CONTEXT(2) 
PARAMETRIC_REPRESENTATION_CONTEXT() REPRESENTATION_CONTEXT('2D SPACE',''
  ) );
#6196 = PCURVE('',#6197,#6202);
#6197 = PLANE('',#6198);
#6198 = AXIS2_PLACEMENT_3D('',#6199,#6200,#6201);
#6199 = CARTESIAN_POINT('',(30.419142307928,-17.5625,2.));
#6200 = DIRECTION('',(0.,-0.,-1.));
#6201 = DIRECTION('',(0.866025403784,-0.5,-0.));
#6202 = DEFINITIONAL_REPRESENTATION('',(#6203),#6207);
#6203 = LINE('',#6204,#6205);
#6204 = CARTESIAN_POINT('',(6.125,-3.));
#6205 = VECTOR('',#6206,1.);
#6206 = DIRECTION('',(-1.,0.));
#6207 = ( GEOMETRIC_REPRESENTATION_CONTEXT(2) 
PARAMETRIC_REPRESENTATION_CONTEXT() REPRESENTATION_CONTEXT('2D SPACE',''
  ) );
#6208 = ORIENTED_EDGE('',*,*,#6209,.T.);
#6209 = EDGE_CURVE('',#6182,#6210,#6212,.T.);
#6210 = VERTEX_POINT('',#6211);
#6211 = CARTESIAN_POINT('',(34.653732821509,-16.54324035778,2.));
#6212 = SURFACE_CURVE('',#6213,(#6217,#6224),.PCURVE_S1.);
#6213 = LINE('',#6214,#6215);
#6214 = CARTESIAN_POINT('',(37.223547906108,-18.02692378864,2.));
#6215 = VECTOR('',#6216,1.);
#6216 = DIRECTION('',(-0.866025403784,0.5,0.));
#6217 = PCURVE('',#721,#6218);
#6218 = DEFINITIONAL_REPRESENTATION('',(#6219),#6223);
#6219 = LINE('',#6220,#6221);
#6220 = CARTESIAN_POINT('',(-0.,-2.));
#6221 = VECTOR('',#6222,1.);
#6222 = DIRECTION('',(-1.,-0.));
#6223 = ( GEOMETRIC_REPRESENTATION_CONTEXT(2) 
PARAMETRIC_REPRESENTATION_CONTEXT() REPRESENTATION_CONTEXT('2D SPACE',''
  ) );
#6224 = PCURVE('',#4254,#6225);
#6225 = DEFINITIONAL_REPRESENTATION('',(#6226),#6230);
#6226 = LINE('',#6227,#6228);
#6227 = CARTESIAN_POINT('',(-37.2235479061,18.026923788647));
#6228 = VECTOR('',#6229,1.);
#6229 = DIRECTION('',(0.866025403784,-0.5));
#6230 = ( GEOMETRIC_REPRESENTATION_CONTEXT(2) 
PARAMETRIC_REPRESENTATION_CONTEXT() REPRESENTATION_CONTEXT('2D SPACE',''
  ) );
#6231 = ORIENTED_EDGE('',*,*,#6232,.T.);
#6232 = EDGE_CURVE('',#6210,#6233,#6235,.T.);
#6233 = VERTEX_POINT('',#6234);
#6234 = CARTESIAN_POINT('',(33.958743044055,-16.14198782268,2.));
#6235 = SURFACE_CURVE('',#6236,(#6240,#6247),.PCURVE_S1.);
#6236 = LINE('',#6237,#6238);
#6237 = CARTESIAN_POINT('',(37.223547906108,-18.02692378864,2.));
#6238 = VECTOR('',#6239,1.);
#6239 = DIRECTION('',(-0.866025403784,0.5,0.));
#6240 = PCURVE('',#721,#6241);
#6241 = DEFINITIONAL_REPRESENTATION('',(#6242),#6246);
#6242 = LINE('',#6243,#6244);
#6243 = CARTESIAN_POINT('',(-0.,-2.));
#6244 = VECTOR('',#6245,1.);
#6245 = DIRECTION('',(-1.,-0.));
#6246 = ( GEOMETRIC_REPRESENTATION_CONTEXT(2) 
PARAMETRIC_REPRESENTATION_CONTEXT() REPRESENTATION_CONTEXT('2D SPACE',''
  ) );
#6247 = PCURVE('',#6248,#6253);
#6248 = PLANE('',#6249);
#6249 = AXIS2_PLACEMENT_3D('',#6250,#6251,#6252);
#6250 = CARTESIAN_POINT('',(30.419142307928,-17.5625,2.));
#6251 = DIRECTION('',(0.,-0.,-1.));
#6252 = DIRECTION('',(0.866025403784,-0.5,-0.));
#6253 = DEFINITIONAL_REPRESENTATION('',(#6254),#6258);
#6254 = LINE('',#6255,#6256);
#6255 = CARTESIAN_POINT('',(6.125,-3.));
#6256 = VECTOR('',#6257,1.);
#6257 = DIRECTION('',(-1.,0.));
#6258 = ( GEOMETRIC_REPRESENTATION_CONTEXT(2) 
PARAMETRIC_REPRESENTATION_CONTEXT() REPRESENTATION_CONTEXT('2D SPACE',''
  ) );
#6259 = ORIENTED_EDGE('',*,*,#6260,.T.);
#6260 = EDGE_CURVE('',#6233,#6261,#6263,.T.);
#6261 = VERTEX_POINT('',#6262);
#6262 = CARTESIAN_POINT('',(32.74227904619,-15.43966200606,2.));
#6263 = SURFACE_CURVE('',#6264,(#6268,#6275),.PCURVE_S1.);
#6264 = LINE('',#6265,#6266);
#6265 = CARTESIAN_POINT('',(37.223547906108,-18.02692378864,2.));
#6266 = VECTOR('',#6267,1.);
#6267 = DIRECTION('',(-0.866025403784,0.5,0.));
#6268 = PCURVE('',#721,#6269);
#6269 = DEFINITIONAL_REPRESENTATION('',(#6270),#6274);
#6270 = LINE('',#6271,#6272);
#6271 = CARTESIAN_POINT('',(-0.,-2.));
#6272 = VECTOR('',#6273,1.);
#6273 = DIRECTION('',(-1.,-0.));
#6274 = ( GEOMETRIC_REPRESENTATION_CONTEXT(2) 
PARAMETRIC_REPRESENTATION_CONTEXT() REPRESENTATION_CONTEXT('2D SPACE',''
  ) );
#6275 = PCURVE('',#4203,#6276);
#6276 = DEFINITIONAL_REPRESENTATION('',(#6277),#6281);
#6277 = LINE('',#6278,#6279);
#6278 = CARTESIAN_POINT('',(-37.2235479061,18.026923788647));
#6279 = VECTOR('',#6280,1.);
#6280 = DIRECTION('',(0.866025403784,-0.5));
#6281 = ( GEOMETRIC_REPRESENTATION_CONTEXT(2) 
PARAMETRIC_REPRESENTATION_CONTEXT() REPRESENTATION_CONTEXT('2D SPACE',''
  ) );
#6282 = ORIENTED_EDGE('',*,*,#6283,.T.);
#6283 = EDGE_CURVE('',#6261,#6284,#6286,.T.);
#6284 = VERTEX_POINT('',#6285);
#6285 = CARTESIAN_POINT('',(32.047012947259,-15.03824993668,2.));
#6286 = SURFACE_CURVE('',#6287,(#6291,#6298),.PCURVE_S1.);
#6287 = LINE('',#6288,#6289);
#6288 = CARTESIAN_POINT('',(37.223547906108,-18.02692378864,2.));
#6289 = VECTOR('',#6290,1.);
#6290 = DIRECTION('',(-0.866025403784,0.5,0.));
#6291 = PCURVE('',#721,#6292);
#6292 = DEFINITIONAL_REPRESENTATION('',(#6293),#6297);
#6293 = LINE('',#6294,#6295);
#6294 = CARTESIAN_POINT('',(-0.,-2.));
#6295 = VECTOR('',#6296,1.);
#6296 = DIRECTION('',(-1.,-0.));
#6297 = ( GEOMETRIC_REPRESENTATION_CONTEXT(2) 
PARAMETRIC_REPRESENTATION_CONTEXT() REPRESENTATION_CONTEXT('2D SPACE',''
  ) );
#6298 = PCURVE('',#6299,#6304);
#6299 = PLANE('',#6300);
#6300 = AXIS2_PLACEMENT_3D('',#6301,#6302,#6303);
#6301 = CARTESIAN_POINT('',(30.419142307928,-17.5625,2.));
#6302 = DIRECTION('',(0.,-0.,-1.));
#6303 = DIRECTION('',(0.866025403784,-0.5,-0.));
#6304 = DEFINITIONAL_REPRESENTATION('',(#6305),#6309);
#6305 = LINE('',#6306,#6307);
#6306 = CARTESIAN_POINT('',(6.125,-3.));
#6307 = VECTOR('',#6308,1.);
#6308 = DIRECTION('',(-1.,0.));
#6309 = ( GEOMETRIC_REPRESENTATION_CONTEXT(2) 
PARAMETRIC_REPRESENTATION_CONTEXT() REPRESENTATION_CONTEXT('2D SPACE',''
  ) );
#6310 = ORIENTED_EDGE('',*,*,#6311,.T.);
#6311 = EDGE_CURVE('',#6284,#6312,#6314,.T.);
#6312 = VERTEX_POINT('',#6313);
#6313 = CARTESIAN_POINT('',(30.830018752125,-14.33561801052,2.));
#6314 = SURFACE_CURVE('',#6315,(#6319,#6326),.PCURVE_S1.);
#6315 = LINE('',#6316,#6317);
#6316 = CARTESIAN_POINT('',(37.223547906108,-18.02692378864,2.));
#6317 = VECTOR('',#6318,1.);
#6318 = DIRECTION('',(-0.866025403784,0.5,0.));
#6319 = PCURVE('',#721,#6320);
#6320 = DEFINITIONAL_REPRESENTATION('',(#6321),#6325);
#6321 = LINE('',#6322,#6323);
#6322 = CARTESIAN_POINT('',(-0.,-2.));
#6323 = VECTOR('',#6324,1.);
#6324 = DIRECTION('',(-1.,-0.));
#6325 = ( GEOMETRIC_REPRESENTATION_CONTEXT(2) 
PARAMETRIC_REPRESENTATION_CONTEXT() REPRESENTATION_CONTEXT('2D SPACE',''
  ) );
#6326 = PCURVE('',#4152,#6327);
#6327 = DEFINITIONAL_REPRESENTATION('',(#6328),#6332);
#6328 = LINE('',#6329,#6330);
#6329 = CARTESIAN_POINT('',(-37.2235479061,18.026923788647));
#6330 = VECTOR('',#6331,1.);
#6331 = DIRECTION('',(0.866025403784,-0.5));
#6332 = ( GEOMETRIC_REPRESENTATION_CONTEXT(2) 
PARAMETRIC_REPRESENTATION_CONTEXT() REPRESENTATION_CONTEXT('2D SPACE',''
  ) );
#6333 = ORIENTED_EDGE('',*,*,#6334,.T.);
#6334 = EDGE_CURVE('',#6312,#6335,#6337,.T.);
#6335 = VERTEX_POINT('',#6336);
#6336 = CARTESIAN_POINT('',(30.134419847449,-13.93401379566,2.));
#6337 = SURFACE_CURVE('',#6338,(#6342,#6349),.PCURVE_S1.);
#6338 = LINE('',#6339,#6340);
#6339 = CARTESIAN_POINT('',(37.223547906108,-18.02692378864,2.));
#6340 = VECTOR('',#6341,1.);
#6341 = DIRECTION('',(-0.866025403784,0.5,0.));
#6342 = PCURVE('',#721,#6343);
#6343 = DEFINITIONAL_REPRESENTATION('',(#6344),#6348);
#6344 = LINE('',#6345,#6346);
#6345 = CARTESIAN_POINT('',(-0.,-2.));
#6346 = VECTOR('',#6347,1.);
#6347 = DIRECTION('',(-1.,-0.));
#6348 = ( GEOMETRIC_REPRESENTATION_CONTEXT(2) 
PARAMETRIC_REPRESENTATION_CONTEXT() REPRESENTATION_CONTEXT('2D SPACE',''
  ) );
#6349 = PCURVE('',#6350,#6355);
#6350 = PLANE('',#6351);
#6351 = AXIS2_PLACEMENT_3D('',#6352,#6353,#6354);
#6352 = CARTESIAN_POINT('',(30.419142307928,-17.5625,2.));
#6353 = DIRECTION('',(0.,-0.,-1.));
#6354 = DIRECTION('',(0.866025403784,-0.5,-0.));
#6355 = DEFINITIONAL_REPRESENTATION('',(#6356),#6360);
#6356 = LINE('',#6357,#6358);
#6357 = CARTESIAN_POINT('',(6.125,-3.));
#6358 = VECTOR('',#6359,1.);
#6359 = DIRECTION('',(-1.,0.));
#6360 = ( GEOMETRIC_REPRESENTATION_CONTEXT(2) 
PARAMETRIC_REPRESENTATION_CONTEXT() REPRESENTATION_CONTEXT('2D SPACE',''
  ) );
#6361 = ORIENTED_EDGE('',*,*,#6362,.T.);
#6362 = EDGE_CURVE('',#6335,#6363,#6365,.T.);
#6363 = VERTEX_POINT('',#6364);
#6364 = CARTESIAN_POINT('',(28.91678318111,-13.23101093857,2.));
#6365 = SURFACE_CURVE('',#6366,(#6370,#6377),.PCURVE_S1.);
#6366 = LINE('',#6367,#6368);
#6367 = CARTESIAN_POINT('',(37.223547906108,-18.02692378864,2.));
#6368 = VECTOR('',#6369,1.);
#6369 = DIRECTION('',(-0.866025403784,0.5,0.));
#6370 = PCURVE('',#721,#6371);
#6371 = DEFINITIONAL_REPRESENTATION('',(#6372),#6376);
#6372 = LINE('',#6373,#6374);
#6373 = CARTESIAN_POINT('',(-0.,-2.));
#6374 = VECTOR('',#6375,1.);
#6375 = DIRECTION('',(-1.,-0.));
#6376 = ( GEOMETRIC_REPRESENTATION_CONTEXT(2) 
PARAMETRIC_REPRESENTATION_CONTEXT() REPRESENTATION_CONTEXT('2D SPACE',''
  ) );
#6377 = PCURVE('',#4101,#6378);
#6378 = DEFINITIONAL_REPRESENTATION('',(#6379),#6383);
#6379 = LINE('',#6380,#6381);
#6380 = CARTESIAN_POINT('',(-37.2235479061,18.026923788647));
#6381 = VECTOR('',#6382,1.);
#6382 = DIRECTION('',(0.866025403784,-0.5));
#6383 = ( GEOMETRIC_REPRESENTATION_CONTEXT(2) 
PARAMETRIC_REPRESENTATION_CONTEXT() REPRESENTATION_CONTEXT('2D SPACE',''
  ) );
#6384 = ORIENTED_EDGE('',*,*,#6385,.T.);
#6385 = EDGE_CURVE('',#6363,#6386,#6388,.T.);
#6386 = VERTEX_POINT('',#6387);
#6387 = CARTESIAN_POINT('',(28.220778431775,-12.82917240918,2.));
#6388 = SURFACE_CURVE('',#6389,(#6393,#6400),.PCURVE_S1.);
#6389 = LINE('',#6390,#6391);
#6390 = CARTESIAN_POINT('',(37.223547906108,-18.02692378864,2.));
#6391 = VECTOR('',#6392,1.);
#6392 = DIRECTION('',(-0.866025403784,0.5,0.));
#6393 = PCURVE('',#721,#6394);
#6394 = DEFINITIONAL_REPRESENTATION('',(#6395),#6399);
#6395 = LINE('',#6396,#6397);
#6396 = CARTESIAN_POINT('',(-0.,-2.));
#6397 = VECTOR('',#6398,1.);
#6398 = DIRECTION('',(-1.,-0.));
#6399 = ( GEOMETRIC_REPRESENTATION_CONTEXT(2) 
PARAMETRIC_REPRESENTATION_CONTEXT() REPRESENTATION_CONTEXT('2D SPACE',''
  ) );
#6400 = PCURVE('',#6401,#6406);
#6401 = PLANE('',#6402);
#6402 = AXIS2_PLACEMENT_3D('',#6403,#6404,#6405);
#6403 = CARTESIAN_POINT('',(30.419142307928,-17.5625,2.));
#6404 = DIRECTION('',(0.,-0.,-1.));
#6405 = DIRECTION('',(0.866025403784,-0.5,-0.));
#6406 = DEFINITIONAL_REPRESENTATION('',(#6407),#6411);
#6407 = LINE('',#6408,#6409);
#6408 = CARTESIAN_POINT('',(6.125,-3.));
#6409 = VECTOR('',#6410,1.);
#6410 = DIRECTION('',(-1.,0.));
#6411 = ( GEOMETRIC_REPRESENTATION_CONTEXT(2) 
PARAMETRIC_REPRESENTATION_CONTEXT() REPRESENTATION_CONTEXT('2D SPACE',''
  ) );
#6412 = ORIENTED_EDGE('',*,*,#6413,.T.);
#6413 = EDGE_CURVE('',#6386,#6414,#6416,.T.);
#6414 = VERTEX_POINT('',#6415);
#6415 = CARTESIAN_POINT('',(27.002352832631,-12.12571406153,2.));
#6416 = SURFACE_CURVE('',#6417,(#6421,#6428),.PCURVE_S1.);
#6417 = LINE('',#6418,#6419);
#6418 = CARTESIAN_POINT('',(37.223547906108,-18.02692378864,2.));
#6419 = VECTOR('',#6420,1.);
#6420 = DIRECTION('',(-0.866025403784,0.5,0.));
#6421 = PCURVE('',#721,#6422);
#6422 = DEFINITIONAL_REPRESENTATION('',(#6423),#6427);
#6423 = LINE('',#6424,#6425);
#6424 = CARTESIAN_POINT('',(-0.,-2.));
#6425 = VECTOR('',#6426,1.);
#6426 = DIRECTION('',(-1.,-0.));
#6427 = ( GEOMETRIC_REPRESENTATION_CONTEXT(2) 
PARAMETRIC_REPRESENTATION_CONTEXT() REPRESENTATION_CONTEXT('2D SPACE',''
  ) );
#6428 = PCURVE('',#4050,#6429);
#6429 = DEFINITIONAL_REPRESENTATION('',(#6430),#6434);
#6430 = LINE('',#6431,#6432);
#6431 = CARTESIAN_POINT('',(-37.2235479061,18.026923788647));
#6432 = VECTOR('',#6433,1.);
#6433 = DIRECTION('',(0.866025403784,-0.5));
#6434 = ( GEOMETRIC_REPRESENTATION_CONTEXT(2) 
PARAMETRIC_REPRESENTATION_CONTEXT() REPRESENTATION_CONTEXT('2D SPACE',''
  ) );
#6435 = ORIENTED_EDGE('',*,*,#6436,.T.);
#6436 = EDGE_CURVE('',#6414,#5889,#6437,.T.);
#6437 = SURFACE_CURVE('',#6438,(#6442,#6449),.PCURVE_S1.);
#6438 = LINE('',#6439,#6440);
#6439 = CARTESIAN_POINT('',(37.223547906108,-18.02692378864,2.));
#6440 = VECTOR('',#6441,1.);
#6441 = DIRECTION('',(-0.866025403784,0.5,0.));
#6442 = PCURVE('',#721,#6443);
#6443 = DEFINITIONAL_REPRESENTATION('',(#6444),#6448);
#6444 = LINE('',#6445,#6446);
#6445 = CARTESIAN_POINT('',(-0.,-2.));
#6446 = VECTOR('',#6447,1.);
#6447 = DIRECTION('',(-1.,-0.));
#6448 = ( GEOMETRIC_REPRESENTATION_CONTEXT(2) 
PARAMETRIC_REPRESENTATION_CONTEXT() REPRESENTATION_CONTEXT('2D SPACE',''
  ) );
#6449 = PCURVE('',#5928,#6450);
#6450 = DEFINITIONAL_REPRESENTATION('',(#6451),#6455);
#6451 = LINE('',#6452,#6453);
#6452 = CARTESIAN_POINT('',(6.125,-3.));
#6453 = VECTOR('',#6454,1.);
#6454 = DIRECTION('',(-1.,0.));
#6455 = ( GEOMETRIC_REPRESENTATION_CONTEXT(2) 
PARAMETRIC_REPRESENTATION_CONTEXT() REPRESENTATION_CONTEXT('2D SPACE',''
  ) );
#6456 = ORIENTED_EDGE('',*,*,#5888,.F.);
#6457 = ORIENTED_EDGE('',*,*,#707,.F.);
#6458 = ADVANCED_FACE('',(#6459),#666,.F.);
#6459 = FACE_BOUND('',#6460,.T.);
#6460 = EDGE_LOOP('',(#6461,#6462,#6485,#6513,#6536,#6564,#6587,#6615,
    #6638,#6666,#6689,#6717,#6740,#6768,#6789));
#6461 = ORIENTED_EDGE('',*,*,#6110,.T.);
#6462 = ORIENTED_EDGE('',*,*,#6463,.T.);
#6463 = EDGE_CURVE('',#6083,#6464,#6466,.T.);
#6464 = VERTEX_POINT('',#6465);
#6465 = CARTESIAN_POINT('',(24.002352832631,-17.32186648424,2.));
#6466 = SURFACE_CURVE('',#6467,(#6471,#6478),.PCURVE_S1.);
#6467 = LINE('',#6468,#6469);
#6468 = CARTESIAN_POINT('',(23.614736709749,-17.09807621135,2.));
#6469 = VECTOR('',#6470,1.);
#6470 = DIRECTION('',(0.866025403784,-0.5,-0.));
#6471 = PCURVE('',#666,#6472);
#6472 = DEFINITIONAL_REPRESENTATION('',(#6473),#6477);
#6473 = LINE('',#6474,#6475);
#6474 = CARTESIAN_POINT('',(-0.,-2.));
#6475 = VECTOR('',#6476,1.);
#6476 = DIRECTION('',(-1.,0.));
#6477 = ( GEOMETRIC_REPRESENTATION_CONTEXT(2) 
PARAMETRIC_REPRESENTATION_CONTEXT() REPRESENTATION_CONTEXT('2D SPACE',''
  ) );
#6478 = PCURVE('',#5928,#6479);
#6479 = DEFINITIONAL_REPRESENTATION('',(#6480),#6484);
#6480 = LINE('',#6481,#6482);
#6481 = CARTESIAN_POINT('',(-6.125,3.));
#6482 = VECTOR('',#6483,1.);
#6483 = DIRECTION('',(1.,-0.));
#6484 = ( GEOMETRIC_REPRESENTATION_CONTEXT(2) 
PARAMETRIC_REPRESENTATION_CONTEXT() REPRESENTATION_CONTEXT('2D SPACE',''
  ) );
#6485 = ORIENTED_EDGE('',*,*,#6486,.T.);
#6486 = EDGE_CURVE('',#6464,#6487,#6489,.T.);
#6487 = VERTEX_POINT('',#6488);
#6488 = CARTESIAN_POINT('',(25.220778431774,-18.02532483189,2.));
#6489 = SURFACE_CURVE('',#6490,(#6494,#6501),.PCURVE_S1.);
#6490 = LINE('',#6491,#6492);
#6491 = CARTESIAN_POINT('',(23.614736709749,-17.09807621135,2.));
#6492 = VECTOR('',#6493,1.);
#6493 = DIRECTION('',(0.866025403784,-0.5,-0.));
#6494 = PCURVE('',#666,#6495);
#6495 = DEFINITIONAL_REPRESENTATION('',(#6496),#6500);
#6496 = LINE('',#6497,#6498);
#6497 = CARTESIAN_POINT('',(-0.,-2.));
#6498 = VECTOR('',#6499,1.);
#6499 = DIRECTION('',(-1.,0.));
#6500 = ( GEOMETRIC_REPRESENTATION_CONTEXT(2) 
PARAMETRIC_REPRESENTATION_CONTEXT() REPRESENTATION_CONTEXT('2D SPACE',''
  ) );
#6501 = PCURVE('',#6502,#6507);
#6502 = PLANE('',#6503);
#6503 = AXIS2_PLACEMENT_3D('',#6504,#6505,#6506);
#6504 = CARTESIAN_POINT('',(-2.808005405856E-15,-3.707602883041E-15,2.)
  );
#6505 = DIRECTION('',(-0.,-0.,1.));
#6506 = DIRECTION('',(-1.,0.,0.));
#6507 = DEFINITIONAL_REPRESENTATION('',(#6508),#6512);
#6508 = LINE('',#6509,#6510);
#6509 = CARTESIAN_POINT('',(-23.61473670974,17.098076211353));
#6510 = VECTOR('',#6511,1.);
#6511 = DIRECTION('',(-0.866025403784,0.5));
#6512 = ( GEOMETRIC_REPRESENTATION_CONTEXT(2) 
PARAMETRIC_REPRESENTATION_CONTEXT() REPRESENTATION_CONTEXT('2D SPACE',''
  ) );
#6513 = ORIENTED_EDGE('',*,*,#6514,.T.);
#6514 = EDGE_CURVE('',#6487,#6515,#6517,.T.);
#6515 = VERTEX_POINT('',#6516);
#6516 = CARTESIAN_POINT('',(25.916783181111,-18.42716336128,2.));
#6517 = SURFACE_CURVE('',#6518,(#6522,#6529),.PCURVE_S1.);
#6518 = LINE('',#6519,#6520);
#6519 = CARTESIAN_POINT('',(23.614736709749,-17.09807621135,2.));
#6520 = VECTOR('',#6521,1.);
#6521 = DIRECTION('',(0.866025403784,-0.5,-0.));
#6522 = PCURVE('',#666,#6523);
#6523 = DEFINITIONAL_REPRESENTATION('',(#6524),#6528);
#6524 = LINE('',#6525,#6526);
#6525 = CARTESIAN_POINT('',(-0.,-2.));
#6526 = VECTOR('',#6527,1.);
#6527 = DIRECTION('',(-1.,0.));
#6528 = ( GEOMETRIC_REPRESENTATION_CONTEXT(2) 
PARAMETRIC_REPRESENTATION_CONTEXT() REPRESENTATION_CONTEXT('2D SPACE',''
  ) );
#6529 = PCURVE('',#6401,#6530);
#6530 = DEFINITIONAL_REPRESENTATION('',(#6531),#6535);
#6531 = LINE('',#6532,#6533);
#6532 = CARTESIAN_POINT('',(-6.125,3.));
#6533 = VECTOR('',#6534,1.);
#6534 = DIRECTION('',(1.,-0.));
#6535 = ( GEOMETRIC_REPRESENTATION_CONTEXT(2) 
PARAMETRIC_REPRESENTATION_CONTEXT() REPRESENTATION_CONTEXT('2D SPACE',''
  ) );
#6536 = ORIENTED_EDGE('',*,*,#6537,.T.);
#6537 = EDGE_CURVE('',#6515,#6538,#6540,.T.);
#6538 = VERTEX_POINT('',#6539);
#6539 = CARTESIAN_POINT('',(27.13441984745,-19.13016621836,2.));
#6540 = SURFACE_CURVE('',#6541,(#6545,#6552),.PCURVE_S1.);
#6541 = LINE('',#6542,#6543);
#6542 = CARTESIAN_POINT('',(23.614736709749,-17.09807621135,2.));
#6543 = VECTOR('',#6544,1.);
#6544 = DIRECTION('',(0.866025403784,-0.5,-0.));
#6545 = PCURVE('',#666,#6546);
#6546 = DEFINITIONAL_REPRESENTATION('',(#6547),#6551);
#6547 = LINE('',#6548,#6549);
#6548 = CARTESIAN_POINT('',(-0.,-2.));
#6549 = VECTOR('',#6550,1.);
#6550 = DIRECTION('',(-1.,0.));
#6551 = ( GEOMETRIC_REPRESENTATION_CONTEXT(2) 
PARAMETRIC_REPRESENTATION_CONTEXT() REPRESENTATION_CONTEXT('2D SPACE',''
  ) );
#6552 = PCURVE('',#6553,#6558);
#6553 = PLANE('',#6554);
#6554 = AXIS2_PLACEMENT_3D('',#6555,#6556,#6557);
#6555 = CARTESIAN_POINT('',(-2.808005405856E-15,-3.707602883041E-15,2.)
  );
#6556 = DIRECTION('',(-0.,-0.,1.));
#6557 = DIRECTION('',(-1.,0.,0.));
#6558 = DEFINITIONAL_REPRESENTATION('',(#6559),#6563);
#6559 = LINE('',#6560,#6561);
#6560 = CARTESIAN_POINT('',(-23.61473670974,17.098076211353));
#6561 = VECTOR('',#6562,1.);
#6562 = DIRECTION('',(-0.866025403784,0.5));
#6563 = ( GEOMETRIC_REPRESENTATION_CONTEXT(2) 
PARAMETRIC_REPRESENTATION_CONTEXT() REPRESENTATION_CONTEXT('2D SPACE',''
  ) );
#6564 = ORIENTED_EDGE('',*,*,#6565,.T.);
#6565 = EDGE_CURVE('',#6538,#6566,#6568,.T.);
#6566 = VERTEX_POINT('',#6567);
#6567 = CARTESIAN_POINT('',(27.830018752125,-19.53177043322,2.));
#6568 = SURFACE_CURVE('',#6569,(#6573,#6580),.PCURVE_S1.);
#6569 = LINE('',#6570,#6571);
#6570 = CARTESIAN_POINT('',(23.614736709749,-17.09807621135,2.));
#6571 = VECTOR('',#6572,1.);
#6572 = DIRECTION('',(0.866025403784,-0.5,-0.));
#6573 = PCURVE('',#666,#6574);
#6574 = DEFINITIONAL_REPRESENTATION('',(#6575),#6579);
#6575 = LINE('',#6576,#6577);
#6576 = CARTESIAN_POINT('',(-0.,-2.));
#6577 = VECTOR('',#6578,1.);
#6578 = DIRECTION('',(-1.,0.));
#6579 = ( GEOMETRIC_REPRESENTATION_CONTEXT(2) 
PARAMETRIC_REPRESENTATION_CONTEXT() REPRESENTATION_CONTEXT('2D SPACE',''
  ) );
#6580 = PCURVE('',#6350,#6581);
#6581 = DEFINITIONAL_REPRESENTATION('',(#6582),#6586);
#6582 = LINE('',#6583,#6584);
#6583 = CARTESIAN_POINT('',(-6.125,3.));
#6584 = VECTOR('',#6585,1.);
#6585 = DIRECTION('',(1.,-0.));
#6586 = ( GEOMETRIC_REPRESENTATION_CONTEXT(2) 
PARAMETRIC_REPRESENTATION_CONTEXT() REPRESENTATION_CONTEXT('2D SPACE',''
  ) );
#6587 = ORIENTED_EDGE('',*,*,#6588,.T.);
#6588 = EDGE_CURVE('',#6566,#6589,#6591,.T.);
#6589 = VERTEX_POINT('',#6590);
#6590 = CARTESIAN_POINT('',(29.047012947259,-20.23440235939,2.));
#6591 = SURFACE_CURVE('',#6592,(#6596,#6603),.PCURVE_S1.);
#6592 = LINE('',#6593,#6594);
#6593 = CARTESIAN_POINT('',(23.614736709749,-17.09807621135,2.));
#6594 = VECTOR('',#6595,1.);
#6595 = DIRECTION('',(0.866025403784,-0.5,-0.));
#6596 = PCURVE('',#666,#6597);
#6597 = DEFINITIONAL_REPRESENTATION('',(#6598),#6602);
#6598 = LINE('',#6599,#6600);
#6599 = CARTESIAN_POINT('',(-0.,-2.));
#6600 = VECTOR('',#6601,1.);
#6601 = DIRECTION('',(-1.,0.));
#6602 = ( GEOMETRIC_REPRESENTATION_CONTEXT(2) 
PARAMETRIC_REPRESENTATION_CONTEXT() REPRESENTATION_CONTEXT('2D SPACE',''
  ) );
#6603 = PCURVE('',#6604,#6609);
#6604 = PLANE('',#6605);
#6605 = AXIS2_PLACEMENT_3D('',#6606,#6607,#6608);
#6606 = CARTESIAN_POINT('',(-2.808005405856E-15,-3.707602883041E-15,2.)
  );
#6607 = DIRECTION('',(-0.,-0.,1.));
#6608 = DIRECTION('',(-1.,0.,0.));
#6609 = DEFINITIONAL_REPRESENTATION('',(#6610),#6614);
#6610 = LINE('',#6611,#6612);
#6611 = CARTESIAN_POINT('',(-23.61473670974,17.098076211353));
#6612 = VECTOR('',#6613,1.);
#6613 = DIRECTION('',(-0.866025403784,0.5));
#6614 = ( GEOMETRIC_REPRESENTATION_CONTEXT(2) 
PARAMETRIC_REPRESENTATION_CONTEXT() REPRESENTATION_CONTEXT('2D SPACE',''
  ) );
#6615 = ORIENTED_EDGE('',*,*,#6616,.T.);
#6616 = EDGE_CURVE('',#6589,#6617,#6619,.T.);
#6617 = VERTEX_POINT('',#6618);
#6618 = CARTESIAN_POINT('',(29.74227904619,-20.63581442876,2.));
#6619 = SURFACE_CURVE('',#6620,(#6624,#6631),.PCURVE_S1.);
#6620 = LINE('',#6621,#6622);
#6621 = CARTESIAN_POINT('',(23.614736709749,-17.09807621135,2.));
#6622 = VECTOR('',#6623,1.);
#6623 = DIRECTION('',(0.866025403784,-0.5,-0.));
#6624 = PCURVE('',#666,#6625);
#6625 = DEFINITIONAL_REPRESENTATION('',(#6626),#6630);
#6626 = LINE('',#6627,#6628);
#6627 = CARTESIAN_POINT('',(-0.,-2.));
#6628 = VECTOR('',#6629,1.);
#6629 = DIRECTION('',(-1.,0.));
#6630 = ( GEOMETRIC_REPRESENTATION_CONTEXT(2) 
PARAMETRIC_REPRESENTATION_CONTEXT() REPRESENTATION_CONTEXT('2D SPACE',''
  ) );
#6631 = PCURVE('',#6299,#6632);
#6632 = DEFINITIONAL_REPRESENTATION('',(#6633),#6637);
#6633 = LINE('',#6634,#6635);
#6634 = CARTESIAN_POINT('',(-6.125,3.));
#6635 = VECTOR('',#6636,1.);
#6636 = DIRECTION('',(1.,-0.));
#6637 = ( GEOMETRIC_REPRESENTATION_CONTEXT(2) 
PARAMETRIC_REPRESENTATION_CONTEXT() REPRESENTATION_CONTEXT('2D SPACE',''
  ) );
#6638 = ORIENTED_EDGE('',*,*,#6639,.T.);
#6639 = EDGE_CURVE('',#6617,#6640,#6642,.T.);
#6640 = VERTEX_POINT('',#6641);
#6641 = CARTESIAN_POINT('',(30.958743044056,-21.33814024539,2.));
#6642 = SURFACE_CURVE('',#6643,(#6647,#6654),.PCURVE_S1.);
#6643 = LINE('',#6644,#6645);
#6644 = CARTESIAN_POINT('',(23.614736709749,-17.09807621135,2.));
#6645 = VECTOR('',#6646,1.);
#6646 = DIRECTION('',(0.866025403784,-0.5,-0.));
#6647 = PCURVE('',#666,#6648);
#6648 = DEFINITIONAL_REPRESENTATION('',(#6649),#6653);
#6649 = LINE('',#6650,#6651);
#6650 = CARTESIAN_POINT('',(-0.,-2.));
#6651 = VECTOR('',#6652,1.);
#6652 = DIRECTION('',(-1.,0.));
#6653 = ( GEOMETRIC_REPRESENTATION_CONTEXT(2) 
PARAMETRIC_REPRESENTATION_CONTEXT() REPRESENTATION_CONTEXT('2D SPACE',''
  ) );
#6654 = PCURVE('',#6655,#6660);
#6655 = PLANE('',#6656);
#6656 = AXIS2_PLACEMENT_3D('',#6657,#6658,#6659);
#6657 = CARTESIAN_POINT('',(-2.808005405856E-15,-3.707602883041E-15,2.)
  );
#6658 = DIRECTION('',(-0.,-0.,1.));
#6659 = DIRECTION('',(-1.,0.,0.));
#6660 = DEFINITIONAL_REPRESENTATION('',(#6661),#6665);
#6661 = LINE('',#6662,#6663);
#6662 = CARTESIAN_POINT('',(-23.61473670974,17.098076211353));
#6663 = VECTOR('',#6664,1.);
#6664 = DIRECTION('',(-0.866025403784,0.5));
#6665 = ( GEOMETRIC_REPRESENTATION_CONTEXT(2) 
PARAMETRIC_REPRESENTATION_CONTEXT() REPRESENTATION_CONTEXT('2D SPACE',''
  ) );
#6666 = ORIENTED_EDGE('',*,*,#6667,.T.);
#6667 = EDGE_CURVE('',#6640,#6668,#6670,.T.);
#6668 = VERTEX_POINT('',#6669);
#6669 = CARTESIAN_POINT('',(31.653732821509,-21.73939278049,2.));
#6670 = SURFACE_CURVE('',#6671,(#6675,#6682),.PCURVE_S1.);
#6671 = LINE('',#6672,#6673);
#6672 = CARTESIAN_POINT('',(23.614736709749,-17.09807621135,2.));
#6673 = VECTOR('',#6674,1.);
#6674 = DIRECTION('',(0.866025403784,-0.5,-0.));
#6675 = PCURVE('',#666,#6676);
#6676 = DEFINITIONAL_REPRESENTATION('',(#6677),#6681);
#6677 = LINE('',#6678,#6679);
#6678 = CARTESIAN_POINT('',(-0.,-2.));
#6679 = VECTOR('',#6680,1.);
#6680 = DIRECTION('',(-1.,0.));
#6681 = ( GEOMETRIC_REPRESENTATION_CONTEXT(2) 
PARAMETRIC_REPRESENTATION_CONTEXT() REPRESENTATION_CONTEXT('2D SPACE',''
  ) );
#6682 = PCURVE('',#6248,#6683);
#6683 = DEFINITIONAL_REPRESENTATION('',(#6684),#6688);
#6684 = LINE('',#6685,#6686);
#6685 = CARTESIAN_POINT('',(-6.125,3.));
#6686 = VECTOR('',#6687,1.);
#6687 = DIRECTION('',(1.,-0.));
#6688 = ( GEOMETRIC_REPRESENTATION_CONTEXT(2) 
PARAMETRIC_REPRESENTATION_CONTEXT() REPRESENTATION_CONTEXT('2D SPACE',''
  ) );
#6689 = ORIENTED_EDGE('',*,*,#6690,.T.);
#6690 = EDGE_CURVE('',#6668,#6691,#6693,.T.);
#6691 = VERTEX_POINT('',#6692);
#6692 = CARTESIAN_POINT('',(32.869754145179,-22.44146301905,2.));
#6693 = SURFACE_CURVE('',#6694,(#6698,#6705),.PCURVE_S1.);
#6694 = LINE('',#6695,#6696);
#6695 = CARTESIAN_POINT('',(23.614736709749,-17.09807621135,2.));
#6696 = VECTOR('',#6697,1.);
#6697 = DIRECTION('',(0.866025403784,-0.5,-0.));
#6698 = PCURVE('',#666,#6699);
#6699 = DEFINITIONAL_REPRESENTATION('',(#6700),#6704);
#6700 = LINE('',#6701,#6702);
#6701 = CARTESIAN_POINT('',(-0.,-2.));
#6702 = VECTOR('',#6703,1.);
#6703 = DIRECTION('',(-1.,0.));
#6704 = ( GEOMETRIC_REPRESENTATION_CONTEXT(2) 
PARAMETRIC_REPRESENTATION_CONTEXT() REPRESENTATION_CONTEXT('2D SPACE',''
  ) );
#6705 = PCURVE('',#6706,#6711);
#6706 = PLANE('',#6707);
#6707 = AXIS2_PLACEMENT_3D('',#6708,#6709,#6710);
#6708 = CARTESIAN_POINT('',(-2.808005405856E-15,-3.707602883041E-15,2.)
  );
#6709 = DIRECTION('',(-0.,-0.,1.));
#6710 = DIRECTION('',(-1.,0.,0.));
#6711 = DEFINITIONAL_REPRESENTATION('',(#6712),#6716);
#6712 = LINE('',#6713,#6714);
#6713 = CARTESIAN_POINT('',(-23.61473670974,17.098076211353));
#6714 = VECTOR('',#6715,1.);
#6715 = DIRECTION('',(-0.866025403784,0.5));
#6716 = ( GEOMETRIC_REPRESENTATION_CONTEXT(2) 
PARAMETRIC_REPRESENTATION_CONTEXT() REPRESENTATION_CONTEXT('2D SPACE',''
  ) );
#6717 = ORIENTED_EDGE('',*,*,#6718,.T.);
#6718 = EDGE_CURVE('',#6691,#6719,#6721,.T.);
#6719 = VERTEX_POINT('',#6720);
#6720 = CARTESIAN_POINT('',(33.56451197436,-22.84258163875,2.));
#6721 = SURFACE_CURVE('',#6722,(#6726,#6733),.PCURVE_S1.);
#6722 = LINE('',#6723,#6724);
#6723 = CARTESIAN_POINT('',(23.614736709749,-17.09807621135,2.));
#6724 = VECTOR('',#6725,1.);
#6725 = DIRECTION('',(0.866025403784,-0.5,-0.));
#6726 = PCURVE('',#666,#6727);
#6727 = DEFINITIONAL_REPRESENTATION('',(#6728),#6732);
#6728 = LINE('',#6729,#6730);
#6729 = CARTESIAN_POINT('',(-0.,-2.));
#6730 = VECTOR('',#6731,1.);
#6731 = DIRECTION('',(-1.,0.));
#6732 = ( GEOMETRIC_REPRESENTATION_CONTEXT(2) 
PARAMETRIC_REPRESENTATION_CONTEXT() REPRESENTATION_CONTEXT('2D SPACE',''
  ) );
#6733 = PCURVE('',#6197,#6734);
#6734 = DEFINITIONAL_REPRESENTATION('',(#6735),#6739);
#6735 = LINE('',#6736,#6737);
#6736 = CARTESIAN_POINT('',(-6.125,3.));
#6737 = VECTOR('',#6738,1.);
#6738 = DIRECTION('',(1.,-0.));
#6739 = ( GEOMETRIC_REPRESENTATION_CONTEXT(2) 
PARAMETRIC_REPRESENTATION_CONTEXT() REPRESENTATION_CONTEXT('2D SPACE',''
  ) );
#6740 = ORIENTED_EDGE('',*,*,#6741,.T.);
#6741 = EDGE_CURVE('',#6719,#6742,#6744,.T.);
#6742 = VERTEX_POINT('',#6743);
#6743 = CARTESIAN_POINT('',(34.223547906108,-23.22307621135,2.));
#6744 = SURFACE_CURVE('',#6745,(#6749,#6756),.PCURVE_S1.);
#6745 = LINE('',#6746,#6747);
#6746 = CARTESIAN_POINT('',(23.614736709749,-17.09807621135,2.));
#6747 = VECTOR('',#6748,1.);
#6748 = DIRECTION('',(0.866025403784,-0.5,-0.));
#6749 = PCURVE('',#666,#6750);
#6750 = DEFINITIONAL_REPRESENTATION('',(#6751),#6755);
#6751 = LINE('',#6752,#6753);
#6752 = CARTESIAN_POINT('',(-0.,-2.));
#6753 = VECTOR('',#6754,1.);
#6754 = DIRECTION('',(-1.,0.));
#6755 = ( GEOMETRIC_REPRESENTATION_CONTEXT(2) 
PARAMETRIC_REPRESENTATION_CONTEXT() REPRESENTATION_CONTEXT('2D SPACE',''
  ) );
#6756 = PCURVE('',#6757,#6762);
#6757 = PLANE('',#6758);
#6758 = AXIS2_PLACEMENT_3D('',#6759,#6760,#6761);
#6759 = CARTESIAN_POINT('',(-2.808005405856E-15,-3.707602883041E-15,2.)
  );
#6760 = DIRECTION('',(-0.,-0.,1.));
#6761 = DIRECTION('',(-1.,0.,0.));
#6762 = DEFINITIONAL_REPRESENTATION('',(#6763),#6767);
#6763 = LINE('',#6764,#6765);
#6764 = CARTESIAN_POINT('',(-23.61473670974,17.098076211353));
#6765 = VECTOR('',#6766,1.);
#6766 = DIRECTION('',(-0.866025403784,0.5));
#6767 = ( GEOMETRIC_REPRESENTATION_CONTEXT(2) 
PARAMETRIC_REPRESENTATION_CONTEXT() REPRESENTATION_CONTEXT('2D SPACE',''
  ) );
#6768 = ORIENTED_EDGE('',*,*,#6769,.F.);
#6769 = EDGE_CURVE('',#651,#6742,#6770,.T.);
#6770 = SURFACE_CURVE('',#6771,(#6775,#6782),.PCURVE_S1.);
#6771 = LINE('',#6772,#6773);
#6772 = CARTESIAN_POINT('',(34.223547906108,-23.22307621135,0.));
#6773 = VECTOR('',#6774,1.);
#6774 = DIRECTION('',(-0.,-0.,1.));
#6775 = PCURVE('',#666,#6776);
#6776 = DEFINITIONAL_REPRESENTATION('',(#6777),#6781);
#6777 = LINE('',#6778,#6779);
#6778 = CARTESIAN_POINT('',(-12.25,0.));
#6779 = VECTOR('',#6780,1.);
#6780 = DIRECTION('',(-0.,-1.));
#6781 = ( GEOMETRIC_REPRESENTATION_CONTEXT(2) 
PARAMETRIC_REPRESENTATION_CONTEXT() REPRESENTATION_CONTEXT('2D SPACE',''
  ) );
#6782 = PCURVE('',#695,#6783);
#6783 = DEFINITIONAL_REPRESENTATION('',(#6784),#6788);
#6784 = LINE('',#6785,#6786);
#6785 = CARTESIAN_POINT('',(-0.,0.));
#6786 = VECTOR('',#6787,1.);
#6787 = DIRECTION('',(-0.,-1.));
#6788 = ( GEOMETRIC_REPRESENTATION_CONTEXT(2) 
PARAMETRIC_REPRESENTATION_CONTEXT() REPRESENTATION_CONTEXT('2D SPACE',''
  ) );
#6789 = ORIENTED_EDGE('',*,*,#650,.F.);
#6790 = ADVANCED_FACE('',(#6791),#695,.F.);
#6791 = FACE_BOUND('',#6792,.T.);
#6792 = EDGE_LOOP('',(#6793,#6794,#6818,#6849,#6850,#6878,#6900,#6901));
#6793 = ORIENTED_EDGE('',*,*,#6769,.T.);
#6794 = ORIENTED_EDGE('',*,*,#6795,.T.);
#6795 = EDGE_CURVE('',#6742,#6796,#6798,.T.);
#6796 = VERTEX_POINT('',#6797);
#6797 = CARTESIAN_POINT('',(34.819875973964,-23.4856602453,2.));
#6798 = SURFACE_CURVE('',#6799,(#6804,#6811),.PCURVE_S1.);
#6799 = CIRCLE('',#6800,3.);
#6800 = AXIS2_PLACEMENT_3D('',#6801,#6802,#6803);
#6801 = CARTESIAN_POINT('',(35.723547906108,-20.625,2.));
#6802 = DIRECTION('',(0.,-0.,1.));
#6803 = DIRECTION('',(-0.5,-0.866025403784,-0.));
#6804 = PCURVE('',#695,#6805);
#6805 = DEFINITIONAL_REPRESENTATION('',(#6806),#6810);
#6806 = LINE('',#6807,#6808);
#6807 = CARTESIAN_POINT('',(-0.,-2.));
#6808 = VECTOR('',#6809,1.);
#6809 = DIRECTION('',(-1.,0.));
#6810 = ( GEOMETRIC_REPRESENTATION_CONTEXT(2) 
PARAMETRIC_REPRESENTATION_CONTEXT() REPRESENTATION_CONTEXT('2D SPACE',''
  ) );
#6811 = PCURVE('',#6757,#6812);
#6812 = DEFINITIONAL_REPRESENTATION('',(#6813),#6817);
#6813 = CIRCLE('',#6814,3.);
#6814 = AXIS2_PLACEMENT_2D('',#6815,#6816);
#6815 = CARTESIAN_POINT('',(-35.7235479061,20.625));
#6816 = DIRECTION('',(0.5,0.866025403784));
#6817 = ( GEOMETRIC_REPRESENTATION_CONTEXT(2) 
PARAMETRIC_REPRESENTATION_CONTEXT() REPRESENTATION_CONTEXT('2D SPACE',''
  ) );
#6818 = ORIENTED_EDGE('',*,*,#6819,.T.);
#6819 = EDGE_CURVE('',#6796,#1218,#6820,.T.);
#6820 = SURFACE_CURVE('',#6821,(#6826,#6833),.PCURVE_S1.);
#6821 = CIRCLE('',#6822,3.);
#6822 = AXIS2_PLACEMENT_3D('',#6823,#6824,#6825);
#6823 = CARTESIAN_POINT('',(35.723547906108,-20.625,2.));
#6824 = DIRECTION('',(0.,-0.,1.));
#6825 = DIRECTION('',(-0.5,-0.866025403784,-0.));
#6826 = PCURVE('',#695,#6827);
#6827 = DEFINITIONAL_REPRESENTATION('',(#6828),#6832);
#6828 = LINE('',#6829,#6830);
#6829 = CARTESIAN_POINT('',(-0.,-2.));
#6830 = VECTOR('',#6831,1.);
#6831 = DIRECTION('',(-1.,0.));
#6832 = ( GEOMETRIC_REPRESENTATION_CONTEXT(2) 
PARAMETRIC_REPRESENTATION_CONTEXT() REPRESENTATION_CONTEXT('2D SPACE',''
  ) );
#6833 = PCURVE('',#6834,#6839);
#6834 = PLANE('',#6835);
#6835 = AXIS2_PLACEMENT_3D('',#6836,#6837,#6838);
#6836 = CARTESIAN_POINT('',(30.419142307928,-17.5625,2.));
#6837 = DIRECTION('',(0.,-0.,-1.));
#6838 = DIRECTION('',(0.866025403784,-0.5,-0.));
#6839 = DEFINITIONAL_REPRESENTATION('',(#6840),#6848);
#6840 = ( BOUNDED_CURVE() B_SPLINE_CURVE(2,(#6841,#6842,#6843,#6844,
#6845,#6846,#6847),.UNSPECIFIED.,.T.,.F.) B_SPLINE_CURVE_WITH_KNOTS((1,2
    ,2,2,2,1),(-2.094395102393,0.,2.094395102393,4.188790204786,
6.28318530718,8.377580409573),.UNSPECIFIED.) CURVE() 
GEOMETRIC_REPRESENTATION_ITEM() RATIONAL_B_SPLINE_CURVE((1.,0.5,1.,0.5,
1.,0.5,1.)) REPRESENTATION_ITEM('') );
#6841 = CARTESIAN_POINT('',(6.125,3.));
#6842 = CARTESIAN_POINT('',(11.321152422707,3.));
#6843 = CARTESIAN_POINT('',(8.723076211353,-1.5));
#6844 = CARTESIAN_POINT('',(6.125,-6.));
#6845 = CARTESIAN_POINT('',(3.526923788647,-1.5));
#6846 = CARTESIAN_POINT('',(0.928847577293,3.));
#6847 = CARTESIAN_POINT('',(6.125,3.));
#6848 = ( GEOMETRIC_REPRESENTATION_CONTEXT(2) 
PARAMETRIC_REPRESENTATION_CONTEXT() REPRESENTATION_CONTEXT('2D SPACE',''
  ) );
#6849 = ORIENTED_EDGE('',*,*,#1245,.T.);
#6850 = ORIENTED_EDGE('',*,*,#6851,.T.);
#6851 = EDGE_CURVE('',#1246,#6852,#6854,.T.);
#6852 = VERTEX_POINT('',#6853);
#6853 = CARTESIAN_POINT('',(37.749116384064,-18.41206702742,2.));
#6854 = SURFACE_CURVE('',#6855,(#6860,#6867),.PCURVE_S1.);
#6855 = CIRCLE('',#6856,3.);
#6856 = AXIS2_PLACEMENT_3D('',#6857,#6858,#6859);
#6857 = CARTESIAN_POINT('',(35.723547906108,-20.625,2.));
#6858 = DIRECTION('',(0.,-0.,1.));
#6859 = DIRECTION('',(-0.5,-0.866025403784,-0.));
#6860 = PCURVE('',#695,#6861);
#6861 = DEFINITIONAL_REPRESENTATION('',(#6862),#6866);
#6862 = LINE('',#6863,#6864);
#6863 = CARTESIAN_POINT('',(-0.,-2.));
#6864 = VECTOR('',#6865,1.);
#6865 = DIRECTION('',(-1.,0.));
#6866 = ( GEOMETRIC_REPRESENTATION_CONTEXT(2) 
PARAMETRIC_REPRESENTATION_CONTEXT() REPRESENTATION_CONTEXT('2D SPACE',''
  ) );
#6867 = PCURVE('',#6834,#6868);
#6868 = DEFINITIONAL_REPRESENTATION('',(#6869),#6877);
#6869 = ( BOUNDED_CURVE() B_SPLINE_CURVE(2,(#6870,#6871,#6872,#6873,
#6874,#6875,#6876),.UNSPECIFIED.,.T.,.F.) B_SPLINE_CURVE_WITH_KNOTS((1,2
    ,2,2,2,1),(-2.094395102393,0.,2.094395102393,4.188790204786,
6.28318530718,8.377580409573),.UNSPECIFIED.) CURVE() 
GEOMETRIC_REPRESENTATION_ITEM() RATIONAL_B_SPLINE_CURVE((1.,0.5,1.,0.5,
1.,0.5,1.)) REPRESENTATION_ITEM('') );
#6870 = CARTESIAN_POINT('',(6.125,3.));
#6871 = CARTESIAN_POINT('',(11.321152422707,3.));
#6872 = CARTESIAN_POINT('',(8.723076211353,-1.5));
#6873 = CARTESIAN_POINT('',(6.125,-6.));
#6874 = CARTESIAN_POINT('',(3.526923788647,-1.5));
#6875 = CARTESIAN_POINT('',(0.928847577293,3.));
#6876 = CARTESIAN_POINT('',(6.125,3.));
#6877 = ( GEOMETRIC_REPRESENTATION_CONTEXT(2) 
PARAMETRIC_REPRESENTATION_CONTEXT() REPRESENTATION_CONTEXT('2D SPACE',''
  ) );
#6878 = ORIENTED_EDGE('',*,*,#6879,.T.);
#6879 = EDGE_CURVE('',#6852,#6136,#6880,.T.);
#6880 = SURFACE_CURVE('',#6881,(#6886,#6893),.PCURVE_S1.);
#6881 = CIRCLE('',#6882,3.);
#6882 = AXIS2_PLACEMENT_3D('',#6883,#6884,#6885);
#6883 = CARTESIAN_POINT('',(35.723547906108,-20.625,2.));
#6884 = DIRECTION('',(0.,-0.,1.));
#6885 = DIRECTION('',(-0.5,-0.866025403784,-0.));
#6886 = PCURVE('',#695,#6887);
#6887 = DEFINITIONAL_REPRESENTATION('',(#6888),#6892);
#6888 = LINE('',#6889,#6890);
#6889 = CARTESIAN_POINT('',(-0.,-2.));
#6890 = VECTOR('',#6891,1.);
#6891 = DIRECTION('',(-1.,0.));
#6892 = ( GEOMETRIC_REPRESENTATION_CONTEXT(2) 
PARAMETRIC_REPRESENTATION_CONTEXT() REPRESENTATION_CONTEXT('2D SPACE',''
  ) );
#6893 = PCURVE('',#4305,#6894);
#6894 = DEFINITIONAL_REPRESENTATION('',(#6895),#6899);
#6895 = CIRCLE('',#6896,3.);
#6896 = AXIS2_PLACEMENT_2D('',#6897,#6898);
#6897 = CARTESIAN_POINT('',(-35.7235479061,20.625));
#6898 = DIRECTION('',(0.5,0.866025403784));
#6899 = ( GEOMETRIC_REPRESENTATION_CONTEXT(2) 
PARAMETRIC_REPRESENTATION_CONTEXT() REPRESENTATION_CONTEXT('2D SPACE',''
  ) );
#6900 = ORIENTED_EDGE('',*,*,#6135,.F.);
#6901 = ORIENTED_EDGE('',*,*,#678,.F.);
#6902 = ADVANCED_FACE('',(#6903),#754,.F.);
#6903 = FACE_BOUND('',#6904,.T.);
#6904 = EDGE_LOOP('',(#6905,#6928,#6961,#6985,#7018,#7042,#7070,#7094,
    #7122,#7143));
#6905 = ORIENTED_EDGE('',*,*,#6906,.T.);
#6906 = EDGE_CURVE('',#736,#6907,#6909,.T.);
#6907 = VERTEX_POINT('',#6908);
#6908 = CARTESIAN_POINT('',(3.,-29.,2.));
#6909 = SURFACE_CURVE('',#6910,(#6914,#6921),.PCURVE_S1.);
#6910 = LINE('',#6911,#6912);
#6911 = CARTESIAN_POINT('',(3.,-29.,0.));
#6912 = VECTOR('',#6913,1.);
#6913 = DIRECTION('',(-0.,-0.,1.));
#6914 = PCURVE('',#754,#6915);
#6915 = DEFINITIONAL_REPRESENTATION('',(#6916),#6920);
#6916 = LINE('',#6917,#6918);
#6917 = CARTESIAN_POINT('',(-0.,0.));
#6918 = VECTOR('',#6919,1.);
#6919 = DIRECTION('',(-0.,-1.));
#6920 = ( GEOMETRIC_REPRESENTATION_CONTEXT(2) 
PARAMETRIC_REPRESENTATION_CONTEXT() REPRESENTATION_CONTEXT('2D SPACE',''
  ) );
#6921 = PCURVE('',#837,#6922);
#6922 = DEFINITIONAL_REPRESENTATION('',(#6923),#6927);
#6923 = LINE('',#6924,#6925);
#6924 = CARTESIAN_POINT('',(-12.25,-0.));
#6925 = VECTOR('',#6926,1.);
#6926 = DIRECTION('',(-0.,-1.));
#6927 = ( GEOMETRIC_REPRESENTATION_CONTEXT(2) 
PARAMETRIC_REPRESENTATION_CONTEXT() REPRESENTATION_CONTEXT('2D SPACE',''
  ) );
#6928 = ORIENTED_EDGE('',*,*,#6929,.T.);
#6929 = EDGE_CURVE('',#6907,#6930,#6932,.T.);
#6930 = VERTEX_POINT('',#6931);
#6931 = CARTESIAN_POINT('',(2.978983379249,-28.64551724137,2.));
#6932 = SURFACE_CURVE('',#6933,(#6938,#6945),.PCURVE_S1.);
#6933 = CIRCLE('',#6934,3.);
#6934 = AXIS2_PLACEMENT_3D('',#6935,#6936,#6937);
#6935 = CARTESIAN_POINT('',(3.219646771413E-15,-29.,2.));
#6936 = DIRECTION('',(0.,0.,1.));
#6937 = DIRECTION('',(1.,1.110223024625E-16,-0.));
#6938 = PCURVE('',#754,#6939);
#6939 = DEFINITIONAL_REPRESENTATION('',(#6940),#6944);
#6940 = LINE('',#6941,#6942);
#6941 = CARTESIAN_POINT('',(-0.,-2.));
#6942 = VECTOR('',#6943,1.);
#6943 = DIRECTION('',(-1.,0.));
#6944 = ( GEOMETRIC_REPRESENTATION_CONTEXT(2) 
PARAMETRIC_REPRESENTATION_CONTEXT() REPRESENTATION_CONTEXT('2D SPACE',''
  ) );
#6945 = PCURVE('',#6946,#6951);
#6946 = PLANE('',#6947);
#6947 = AXIS2_PLACEMENT_3D('',#6948,#6949,#6950);
#6948 = CARTESIAN_POINT('',(3.920556689754E-15,-35.125,2.));
#6949 = DIRECTION('',(0.,-0.,-1.));
#6950 = DIRECTION('',(1.110223024625E-16,-1.,-0.));
#6951 = DEFINITIONAL_REPRESENTATION('',(#6952),#6960);
#6952 = ( BOUNDED_CURVE() B_SPLINE_CURVE(2,(#6953,#6954,#6955,#6956,
#6957,#6958,#6959),.UNSPECIFIED.,.T.,.F.) B_SPLINE_CURVE_WITH_KNOTS((1,2
    ,2,2,2,1),(-2.094395102393,0.,2.094395102393,4.188790204786,
6.28318530718,8.377580409573),.UNSPECIFIED.) CURVE() 
GEOMETRIC_REPRESENTATION_ITEM() RATIONAL_B_SPLINE_CURVE((1.,0.5,1.,0.5,
1.,0.5,1.)) REPRESENTATION_ITEM('') );
#6953 = CARTESIAN_POINT('',(-6.125,-3.));
#6954 = CARTESIAN_POINT('',(-11.3211524227,-3.));
#6955 = CARTESIAN_POINT('',(-8.723076211353,1.5));
#6956 = CARTESIAN_POINT('',(-6.125,6.));
#6957 = CARTESIAN_POINT('',(-3.526923788647,1.5));
#6958 = CARTESIAN_POINT('',(-0.928847577293,-3.));
#6959 = CARTESIAN_POINT('',(-6.125,-3.));
#6960 = ( GEOMETRIC_REPRESENTATION_CONTEXT(2) 
PARAMETRIC_REPRESENTATION_CONTEXT() REPRESENTATION_CONTEXT('2D SPACE',''
  ) );
#6961 = ORIENTED_EDGE('',*,*,#6962,.T.);
#6962 = EDGE_CURVE('',#6930,#6963,#6965,.T.);
#6963 = VERTEX_POINT('',#6964);
#6964 = CARTESIAN_POINT('',(2.464216102295,-27.28896551724,2.));
#6965 = SURFACE_CURVE('',#6966,(#6971,#6978),.PCURVE_S1.);
#6966 = CIRCLE('',#6967,3.);
#6967 = AXIS2_PLACEMENT_3D('',#6968,#6969,#6970);
#6968 = CARTESIAN_POINT('',(3.219646771413E-15,-29.,2.));
#6969 = DIRECTION('',(0.,0.,1.));
#6970 = DIRECTION('',(1.,1.110223024625E-16,-0.));
#6971 = PCURVE('',#754,#6972);
#6972 = DEFINITIONAL_REPRESENTATION('',(#6973),#6977);
#6973 = LINE('',#6974,#6975);
#6974 = CARTESIAN_POINT('',(-0.,-2.));
#6975 = VECTOR('',#6976,1.);
#6976 = DIRECTION('',(-1.,0.));
#6977 = ( GEOMETRIC_REPRESENTATION_CONTEXT(2) 
PARAMETRIC_REPRESENTATION_CONTEXT() REPRESENTATION_CONTEXT('2D SPACE',''
  ) );
#6978 = PCURVE('',#6070,#6979);
#6979 = DEFINITIONAL_REPRESENTATION('',(#6980),#6984);
#6980 = CIRCLE('',#6981,3.);
#6981 = AXIS2_PLACEMENT_2D('',#6982,#6983);
#6982 = CARTESIAN_POINT('',(-6.027652177269E-15,29.));
#6983 = DIRECTION('',(-1.,-1.110223024625E-16));
#6984 = ( GEOMETRIC_REPRESENTATION_CONTEXT(2) 
PARAMETRIC_REPRESENTATION_CONTEXT() REPRESENTATION_CONTEXT('2D SPACE',''
  ) );
#6985 = ORIENTED_EDGE('',*,*,#6986,.T.);
#6986 = EDGE_CURVE('',#6963,#6987,#6989,.T.);
#6987 = VERTEX_POINT('',#6988);
#6988 = CARTESIAN_POINT('',(1.723003626873,-26.54413793103,2.));
#6989 = SURFACE_CURVE('',#6990,(#6995,#7002),.PCURVE_S1.);
#6990 = CIRCLE('',#6991,3.);
#6991 = AXIS2_PLACEMENT_3D('',#6992,#6993,#6994);
#6992 = CARTESIAN_POINT('',(3.219646771413E-15,-29.,2.));
#6993 = DIRECTION('',(0.,0.,1.));
#6994 = DIRECTION('',(1.,1.110223024625E-16,-0.));
#6995 = PCURVE('',#754,#6996);
#6996 = DEFINITIONAL_REPRESENTATION('',(#6997),#7001);
#6997 = LINE('',#6998,#6999);
#6998 = CARTESIAN_POINT('',(-0.,-2.));
#6999 = VECTOR('',#7000,1.);
#7000 = DIRECTION('',(-1.,0.));
#7001 = ( GEOMETRIC_REPRESENTATION_CONTEXT(2) 
PARAMETRIC_REPRESENTATION_CONTEXT() REPRESENTATION_CONTEXT('2D SPACE',''
  ) );
#7002 = PCURVE('',#7003,#7008);
#7003 = PLANE('',#7004);
#7004 = AXIS2_PLACEMENT_3D('',#7005,#7006,#7007);
#7005 = CARTESIAN_POINT('',(3.920556689754E-15,-35.125,2.));
#7006 = DIRECTION('',(0.,-0.,-1.));
#7007 = DIRECTION('',(1.110223024625E-16,-1.,-0.));
#7008 = DEFINITIONAL_REPRESENTATION('',(#7009),#7017);
#7009 = ( BOUNDED_CURVE() B_SPLINE_CURVE(2,(#7010,#7011,#7012,#7013,
#7014,#7015,#7016),.UNSPECIFIED.,.T.,.F.) B_SPLINE_CURVE_WITH_KNOTS((1,2
    ,2,2,2,1),(-2.094395102393,0.,2.094395102393,4.188790204786,
6.28318530718,8.377580409573),.UNSPECIFIED.) CURVE() 
GEOMETRIC_REPRESENTATION_ITEM() RATIONAL_B_SPLINE_CURVE((1.,0.5,1.,0.5,
1.,0.5,1.)) REPRESENTATION_ITEM('') );
#7010 = CARTESIAN_POINT('',(-6.125,-3.));
#7011 = CARTESIAN_POINT('',(-11.3211524227,-3.));
#7012 = CARTESIAN_POINT('',(-8.723076211353,1.5));
#7013 = CARTESIAN_POINT('',(-6.125,6.));
#7014 = CARTESIAN_POINT('',(-3.526923788647,1.5));
#7015 = CARTESIAN_POINT('',(-0.928847577293,-3.));
#7016 = CARTESIAN_POINT('',(-6.125,-3.));
#7017 = ( GEOMETRIC_REPRESENTATION_CONTEXT(2) 
PARAMETRIC_REPRESENTATION_CONTEXT() REPRESENTATION_CONTEXT('2D SPACE',''
  ) );
#7018 = ORIENTED_EDGE('',*,*,#7019,.T.);
#7019 = EDGE_CURVE('',#6987,#7020,#7022,.T.);
#7020 = VERTEX_POINT('',#7021);
#7021 = CARTESIAN_POINT('',(-1.723003626873,-26.54413793103,2.));
#7022 = SURFACE_CURVE('',#7023,(#7028,#7035),.PCURVE_S1.);
#7023 = CIRCLE('',#7024,3.);
#7024 = AXIS2_PLACEMENT_3D('',#7025,#7026,#7027);
#7025 = CARTESIAN_POINT('',(3.219646771413E-15,-29.,2.));
#7026 = DIRECTION('',(0.,0.,1.));
#7027 = DIRECTION('',(1.,1.110223024625E-16,-0.));
#7028 = PCURVE('',#754,#7029);
#7029 = DEFINITIONAL_REPRESENTATION('',(#7030),#7034);
#7030 = LINE('',#7031,#7032);
#7031 = CARTESIAN_POINT('',(-0.,-2.));
#7032 = VECTOR('',#7033,1.);
#7033 = DIRECTION('',(-1.,0.));
#7034 = ( GEOMETRIC_REPRESENTATION_CONTEXT(2) 
PARAMETRIC_REPRESENTATION_CONTEXT() REPRESENTATION_CONTEXT('2D SPACE',''
  ) );
#7035 = PCURVE('',#1433,#7036);
#7036 = DEFINITIONAL_REPRESENTATION('',(#7037),#7041);
#7037 = CIRCLE('',#7038,3.);
#7038 = AXIS2_PLACEMENT_2D('',#7039,#7040);
#7039 = CARTESIAN_POINT('',(-6.027652177269E-15,29.));
#7040 = DIRECTION('',(-1.,-1.110223024625E-16));
#7041 = ( GEOMETRIC_REPRESENTATION_CONTEXT(2) 
PARAMETRIC_REPRESENTATION_CONTEXT() REPRESENTATION_CONTEXT('2D SPACE',''
  ) );
#7042 = ORIENTED_EDGE('',*,*,#7043,.T.);
#7043 = EDGE_CURVE('',#7020,#7044,#7046,.T.);
#7044 = VERTEX_POINT('',#7045);
#7045 = CARTESIAN_POINT('',(-2.464216102295,-27.28896551724,2.));
#7046 = SURFACE_CURVE('',#7047,(#7052,#7059),.PCURVE_S1.);
#7047 = CIRCLE('',#7048,3.);
#7048 = AXIS2_PLACEMENT_3D('',#7049,#7050,#7051);
#7049 = CARTESIAN_POINT('',(3.219646771413E-15,-29.,2.));
#7050 = DIRECTION('',(0.,0.,1.));
#7051 = DIRECTION('',(1.,1.110223024625E-16,-0.));
#7052 = PCURVE('',#754,#7053);
#7053 = DEFINITIONAL_REPRESENTATION('',(#7054),#7058);
#7054 = LINE('',#7055,#7056);
#7055 = CARTESIAN_POINT('',(-0.,-2.));
#7056 = VECTOR('',#7057,1.);
#7057 = DIRECTION('',(-1.,0.));
#7058 = ( GEOMETRIC_REPRESENTATION_CONTEXT(2) 
PARAMETRIC_REPRESENTATION_CONTEXT() REPRESENTATION_CONTEXT('2D SPACE',''
  ) );
#7059 = PCURVE('',#7003,#7060);
#7060 = DEFINITIONAL_REPRESENTATION('',(#7061),#7069);
#7061 = ( BOUNDED_CURVE() B_SPLINE_CURVE(2,(#7062,#7063,#7064,#7065,
#7066,#7067,#7068),.UNSPECIFIED.,.T.,.F.) B_SPLINE_CURVE_WITH_KNOTS((1,2
    ,2,2,2,1),(-2.094395102393,0.,2.094395102393,4.188790204786,
6.28318530718,8.377580409573),.UNSPECIFIED.) CURVE() 
GEOMETRIC_REPRESENTATION_ITEM() RATIONAL_B_SPLINE_CURVE((1.,0.5,1.,0.5,
1.,0.5,1.)) REPRESENTATION_ITEM('') );
#7062 = CARTESIAN_POINT('',(-6.125,-3.));
#7063 = CARTESIAN_POINT('',(-11.3211524227,-3.));
#7064 = CARTESIAN_POINT('',(-8.723076211353,1.5));
#7065 = CARTESIAN_POINT('',(-6.125,6.));
#7066 = CARTESIAN_POINT('',(-3.526923788647,1.5));
#7067 = CARTESIAN_POINT('',(-0.928847577293,-3.));
#7068 = CARTESIAN_POINT('',(-6.125,-3.));
#7069 = ( GEOMETRIC_REPRESENTATION_CONTEXT(2) 
PARAMETRIC_REPRESENTATION_CONTEXT() REPRESENTATION_CONTEXT('2D SPACE',''
  ) );
#7070 = ORIENTED_EDGE('',*,*,#7071,.T.);
#7071 = EDGE_CURVE('',#7044,#7072,#7074,.T.);
#7072 = VERTEX_POINT('',#7073);
#7073 = CARTESIAN_POINT('',(-2.978983379249,-28.64551724137,2.));
#7074 = SURFACE_CURVE('',#7075,(#7080,#7087),.PCURVE_S1.);
#7075 = CIRCLE('',#7076,3.);
#7076 = AXIS2_PLACEMENT_3D('',#7077,#7078,#7079);
#7077 = CARTESIAN_POINT('',(3.219646771413E-15,-29.,2.));
#7078 = DIRECTION('',(0.,0.,1.));
#7079 = DIRECTION('',(1.,1.110223024625E-16,-0.));
#7080 = PCURVE('',#754,#7081);
#7081 = DEFINITIONAL_REPRESENTATION('',(#7082),#7086);
#7082 = LINE('',#7083,#7084);
#7083 = CARTESIAN_POINT('',(-0.,-2.));
#7084 = VECTOR('',#7085,1.);
#7085 = DIRECTION('',(-1.,0.));
#7086 = ( GEOMETRIC_REPRESENTATION_CONTEXT(2) 
PARAMETRIC_REPRESENTATION_CONTEXT() REPRESENTATION_CONTEXT('2D SPACE',''
  ) );
#7087 = PCURVE('',#4584,#7088);
#7088 = DEFINITIONAL_REPRESENTATION('',(#7089),#7093);
#7089 = CIRCLE('',#7090,3.);
#7090 = AXIS2_PLACEMENT_2D('',#7091,#7092);
#7091 = CARTESIAN_POINT('',(-6.027652177269E-15,29.));
#7092 = DIRECTION('',(-1.,-1.110223024625E-16));
#7093 = ( GEOMETRIC_REPRESENTATION_CONTEXT(2) 
PARAMETRIC_REPRESENTATION_CONTEXT() REPRESENTATION_CONTEXT('2D SPACE',''
  ) );
#7094 = ORIENTED_EDGE('',*,*,#7095,.T.);
#7095 = EDGE_CURVE('',#7072,#7096,#7098,.T.);
#7096 = VERTEX_POINT('',#7097);
#7097 = CARTESIAN_POINT('',(-3.,-29.,2.));
#7098 = SURFACE_CURVE('',#7099,(#7104,#7111),.PCURVE_S1.);
#7099 = CIRCLE('',#7100,3.);
#7100 = AXIS2_PLACEMENT_3D('',#7101,#7102,#7103);
#7101 = CARTESIAN_POINT('',(3.219646771413E-15,-29.,2.));
#7102 = DIRECTION('',(0.,0.,1.));
#7103 = DIRECTION('',(1.,1.110223024625E-16,-0.));
#7104 = PCURVE('',#754,#7105);
#7105 = DEFINITIONAL_REPRESENTATION('',(#7106),#7110);
#7106 = LINE('',#7107,#7108);
#7107 = CARTESIAN_POINT('',(-0.,-2.));
#7108 = VECTOR('',#7109,1.);
#7109 = DIRECTION('',(-1.,0.));
#7110 = ( GEOMETRIC_REPRESENTATION_CONTEXT(2) 
PARAMETRIC_REPRESENTATION_CONTEXT() REPRESENTATION_CONTEXT('2D SPACE',''
  ) );
#7111 = PCURVE('',#6946,#7112);
#7112 = DEFINITIONAL_REPRESENTATION('',(#7113),#7121);
#7113 = ( BOUNDED_CURVE() B_SPLINE_CURVE(2,(#7114,#7115,#7116,#7117,
#7118,#7119,#7120),.UNSPECIFIED.,.T.,.F.) B_SPLINE_CURVE_WITH_KNOTS((1,2
    ,2,2,2,1),(-2.094395102393,0.,2.094395102393,4.188790204786,
6.28318530718,8.377580409573),.UNSPECIFIED.) CURVE() 
GEOMETRIC_REPRESENTATION_ITEM() RATIONAL_B_SPLINE_CURVE((1.,0.5,1.,0.5,
1.,0.5,1.)) REPRESENTATION_ITEM('') );
#7114 = CARTESIAN_POINT('',(-6.125,-3.));
#7115 = CARTESIAN_POINT('',(-11.3211524227,-3.));
#7116 = CARTESIAN_POINT('',(-8.723076211353,1.5));
#7117 = CARTESIAN_POINT('',(-6.125,6.));
#7118 = CARTESIAN_POINT('',(-3.526923788647,1.5));
#7119 = CARTESIAN_POINT('',(-0.928847577293,-3.));
#7120 = CARTESIAN_POINT('',(-6.125,-3.));
#7121 = ( GEOMETRIC_REPRESENTATION_CONTEXT(2) 
PARAMETRIC_REPRESENTATION_CONTEXT() REPRESENTATION_CONTEXT('2D SPACE',''
  ) );
#7122 = ORIENTED_EDGE('',*,*,#7123,.F.);
#7123 = EDGE_CURVE('',#738,#7096,#7124,.T.);
#7124 = SURFACE_CURVE('',#7125,(#7129,#7136),.PCURVE_S1.);
#7125 = LINE('',#7126,#7127);
#7126 = CARTESIAN_POINT('',(-3.,-29.,0.));
#7127 = VECTOR('',#7128,1.);
#7128 = DIRECTION('',(-0.,-0.,1.));
#7129 = PCURVE('',#754,#7130);
#7130 = DEFINITIONAL_REPRESENTATION('',(#7131),#7135);
#7131 = LINE('',#7132,#7133);
#7132 = CARTESIAN_POINT('',(-3.14159265359,0.));
#7133 = VECTOR('',#7134,1.);
#7134 = DIRECTION('',(-0.,-1.));
#7135 = ( GEOMETRIC_REPRESENTATION_CONTEXT(2) 
PARAMETRIC_REPRESENTATION_CONTEXT() REPRESENTATION_CONTEXT('2D SPACE',''
  ) );
#7136 = PCURVE('',#782,#7137);
#7137 = DEFINITIONAL_REPRESENTATION('',(#7138),#7142);
#7138 = LINE('',#7139,#7140);
#7139 = CARTESIAN_POINT('',(-0.,-0.));
#7140 = VECTOR('',#7141,1.);
#7141 = DIRECTION('',(-0.,-1.));
#7142 = ( GEOMETRIC_REPRESENTATION_CONTEXT(2) 
PARAMETRIC_REPRESENTATION_CONTEXT() REPRESENTATION_CONTEXT('2D SPACE',''
  ) );
#7143 = ORIENTED_EDGE('',*,*,#735,.F.);
#7144 = ADVANCED_FACE('',(#7145),#837,.F.);
#7145 = FACE_BOUND('',#7146,.T.);
#7146 = EDGE_LOOP('',(#7147,#7170,#7193,#7221,#7244,#7272,#7295,#7323,
    #7346,#7374,#7397,#7425,#7448,#7469,#7470));
#7147 = ORIENTED_EDGE('',*,*,#7148,.T.);
#7148 = EDGE_CURVE('',#795,#7149,#7151,.T.);
#7149 = VERTEX_POINT('',#7150);
#7150 = CARTESIAN_POINT('',(3.,-41.25,2.));
#7151 = SURFACE_CURVE('',#7152,(#7156,#7163),.PCURVE_S1.);
#7152 = LINE('',#7153,#7154);
#7153 = CARTESIAN_POINT('',(3.,-41.25,0.));
#7154 = VECTOR('',#7155,1.);
#7155 = DIRECTION('',(-0.,-0.,1.));
#7156 = PCURVE('',#837,#7157);
#7157 = DEFINITIONAL_REPRESENTATION('',(#7158),#7162);
#7158 = LINE('',#7159,#7160);
#7159 = CARTESIAN_POINT('',(-0.,0.));
#7160 = VECTOR('',#7161,1.);
#7161 = DIRECTION('',(-0.,-1.));
#7162 = ( GEOMETRIC_REPRESENTATION_CONTEXT(2) 
PARAMETRIC_REPRESENTATION_CONTEXT() REPRESENTATION_CONTEXT('2D SPACE',''
  ) );
#7163 = PCURVE('',#811,#7164);
#7164 = DEFINITIONAL_REPRESENTATION('',(#7165),#7169);
#7165 = LINE('',#7166,#7167);
#7166 = CARTESIAN_POINT('',(-3.14159265359,0.));
#7167 = VECTOR('',#7168,1.);
#7168 = DIRECTION('',(-0.,-1.));
#7169 = ( GEOMETRIC_REPRESENTATION_CONTEXT(2) 
PARAMETRIC_REPRESENTATION_CONTEXT() REPRESENTATION_CONTEXT('2D SPACE',''
  ) );
#7170 = ORIENTED_EDGE('',*,*,#7171,.T.);
#7171 = EDGE_CURVE('',#7149,#7172,#7174,.T.);
#7172 = VERTEX_POINT('',#7173);
#7173 = CARTESIAN_POINT('',(2.999999999999,-40.48901085479,2.));
#7174 = SURFACE_CURVE('',#7175,(#7179,#7186),.PCURVE_S1.);
#7175 = LINE('',#7176,#7177);
#7176 = CARTESIAN_POINT('',(3.,-41.25,2.));
#7177 = VECTOR('',#7178,1.);
#7178 = DIRECTION('',(-1.110223024625E-16,1.,0.));
#7179 = PCURVE('',#837,#7180);
#7180 = DEFINITIONAL_REPRESENTATION('',(#7181),#7185);
#7181 = LINE('',#7182,#7183);
#7182 = CARTESIAN_POINT('',(-0.,-2.));
#7183 = VECTOR('',#7184,1.);
#7184 = DIRECTION('',(-1.,-0.));
#7185 = ( GEOMETRIC_REPRESENTATION_CONTEXT(2) 
PARAMETRIC_REPRESENTATION_CONTEXT() REPRESENTATION_CONTEXT('2D SPACE',''
  ) );
#7186 = PCURVE('',#6757,#7187);
#7187 = DEFINITIONAL_REPRESENTATION('',(#7188),#7192);
#7188 = LINE('',#7189,#7190);
#7189 = CARTESIAN_POINT('',(-3.,41.25));
#7190 = VECTOR('',#7191,1.);
#7191 = DIRECTION('',(1.110223024625E-16,-1.));
#7192 = ( GEOMETRIC_REPRESENTATION_CONTEXT(2) 
PARAMETRIC_REPRESENTATION_CONTEXT() REPRESENTATION_CONTEXT('2D SPACE',''
  ) );
#7193 = ORIENTED_EDGE('',*,*,#7194,.T.);
#7194 = EDGE_CURVE('',#7172,#7195,#7197,.T.);
#7195 = VERTEX_POINT('',#7196);
#7196 = CARTESIAN_POINT('',(3.,-39.6867736154,2.));
#7197 = SURFACE_CURVE('',#7198,(#7202,#7209),.PCURVE_S1.);
#7198 = LINE('',#7199,#7200);
#7199 = CARTESIAN_POINT('',(3.,-41.25,2.));
#7200 = VECTOR('',#7201,1.);
#7201 = DIRECTION('',(-1.110223024625E-16,1.,0.));
#7202 = PCURVE('',#837,#7203);
#7203 = DEFINITIONAL_REPRESENTATION('',(#7204),#7208);
#7204 = LINE('',#7205,#7206);
#7205 = CARTESIAN_POINT('',(-0.,-2.));
#7206 = VECTOR('',#7207,1.);
#7207 = DIRECTION('',(-1.,-0.));
#7208 = ( GEOMETRIC_REPRESENTATION_CONTEXT(2) 
PARAMETRIC_REPRESENTATION_CONTEXT() REPRESENTATION_CONTEXT('2D SPACE',''
  ) );
#7209 = PCURVE('',#7210,#7215);
#7210 = PLANE('',#7211);
#7211 = AXIS2_PLACEMENT_3D('',#7212,#7213,#7214);
#7212 = CARTESIAN_POINT('',(3.920556689754E-15,-35.125,2.));
#7213 = DIRECTION('',(0.,-0.,-1.));
#7214 = DIRECTION('',(1.110223024625E-16,-1.,-0.));
#7215 = DEFINITIONAL_REPRESENTATION('',(#7216),#7220);
#7216 = LINE('',#7217,#7218);
#7217 = CARTESIAN_POINT('',(6.125,-3.));
#7218 = VECTOR('',#7219,1.);
#7219 = DIRECTION('',(-1.,0.));
#7220 = ( GEOMETRIC_REPRESENTATION_CONTEXT(2) 
PARAMETRIC_REPRESENTATION_CONTEXT() REPRESENTATION_CONTEXT('2D SPACE',''
  ) );
#7221 = ORIENTED_EDGE('',*,*,#7222,.T.);
#7222 = EDGE_CURVE('',#7195,#7223,#7225,.T.);
#7223 = VERTEX_POINT('',#7224);
#7224 = CARTESIAN_POINT('',(3.,-38.28263313827,2.));
#7225 = SURFACE_CURVE('',#7226,(#7230,#7237),.PCURVE_S1.);
#7226 = LINE('',#7227,#7228);
#7227 = CARTESIAN_POINT('',(3.,-41.25,2.));
#7228 = VECTOR('',#7229,1.);
#7229 = DIRECTION('',(-1.110223024625E-16,1.,0.));
#7230 = PCURVE('',#837,#7231);
#7231 = DEFINITIONAL_REPRESENTATION('',(#7232),#7236);
#7232 = LINE('',#7233,#7234);
#7233 = CARTESIAN_POINT('',(-0.,-2.));
#7234 = VECTOR('',#7235,1.);
#7235 = DIRECTION('',(-1.,-0.));
#7236 = ( GEOMETRIC_REPRESENTATION_CONTEXT(2) 
PARAMETRIC_REPRESENTATION_CONTEXT() REPRESENTATION_CONTEXT('2D SPACE',''
  ) );
#7237 = PCURVE('',#6706,#7238);
#7238 = DEFINITIONAL_REPRESENTATION('',(#7239),#7243);
#7239 = LINE('',#7240,#7241);
#7240 = CARTESIAN_POINT('',(-3.,41.25));
#7241 = VECTOR('',#7242,1.);
#7242 = DIRECTION('',(1.110223024625E-16,-1.));
#7243 = ( GEOMETRIC_REPRESENTATION_CONTEXT(2) 
PARAMETRIC_REPRESENTATION_CONTEXT() REPRESENTATION_CONTEXT('2D SPACE',''
  ) );
#7244 = ORIENTED_EDGE('',*,*,#7245,.T.);
#7245 = EDGE_CURVE('',#7223,#7246,#7248,.T.);
#7246 = VERTEX_POINT('',#7247);
#7247 = CARTESIAN_POINT('',(3.000000000001,-37.48012806808,2.));
#7248 = SURFACE_CURVE('',#7249,(#7253,#7260),.PCURVE_S1.);
#7249 = LINE('',#7250,#7251);
#7250 = CARTESIAN_POINT('',(3.,-41.25,2.));
#7251 = VECTOR('',#7252,1.);
#7252 = DIRECTION('',(-1.110223024625E-16,1.,0.));
#7253 = PCURVE('',#837,#7254);
#7254 = DEFINITIONAL_REPRESENTATION('',(#7255),#7259);
#7255 = LINE('',#7256,#7257);
#7256 = CARTESIAN_POINT('',(-0.,-2.));
#7257 = VECTOR('',#7258,1.);
#7258 = DIRECTION('',(-1.,-0.));
#7259 = ( GEOMETRIC_REPRESENTATION_CONTEXT(2) 
PARAMETRIC_REPRESENTATION_CONTEXT() REPRESENTATION_CONTEXT('2D SPACE',''
  ) );
#7260 = PCURVE('',#7261,#7266);
#7261 = PLANE('',#7262);
#7262 = AXIS2_PLACEMENT_3D('',#7263,#7264,#7265);
#7263 = CARTESIAN_POINT('',(3.920556689754E-15,-35.125,2.));
#7264 = DIRECTION('',(0.,-0.,-1.));
#7265 = DIRECTION('',(1.110223024625E-16,-1.,-0.));
#7266 = DEFINITIONAL_REPRESENTATION('',(#7267),#7271);
#7267 = LINE('',#7268,#7269);
#7268 = CARTESIAN_POINT('',(6.125,-3.));
#7269 = VECTOR('',#7270,1.);
#7270 = DIRECTION('',(-1.,0.));
#7271 = ( GEOMETRIC_REPRESENTATION_CONTEXT(2) 
PARAMETRIC_REPRESENTATION_CONTEXT() REPRESENTATION_CONTEXT('2D SPACE',''
  ) );
#7272 = ORIENTED_EDGE('',*,*,#7273,.T.);
#7273 = EDGE_CURVE('',#7246,#7274,#7276,.T.);
#7274 = VERTEX_POINT('',#7275);
#7275 = CARTESIAN_POINT('',(3.,-36.07547643483,2.));
#7276 = SURFACE_CURVE('',#7277,(#7281,#7288),.PCURVE_S1.);
#7277 = LINE('',#7278,#7279);
#7278 = CARTESIAN_POINT('',(3.,-41.25,2.));
#7279 = VECTOR('',#7280,1.);
#7280 = DIRECTION('',(-1.110223024625E-16,1.,0.));
#7281 = PCURVE('',#837,#7282);
#7282 = DEFINITIONAL_REPRESENTATION('',(#7283),#7287);
#7283 = LINE('',#7284,#7285);
#7284 = CARTESIAN_POINT('',(-0.,-2.));
#7285 = VECTOR('',#7286,1.);
#7286 = DIRECTION('',(-1.,-0.));
#7287 = ( GEOMETRIC_REPRESENTATION_CONTEXT(2) 
PARAMETRIC_REPRESENTATION_CONTEXT() REPRESENTATION_CONTEXT('2D SPACE',''
  ) );
#7288 = PCURVE('',#6655,#7289);
#7289 = DEFINITIONAL_REPRESENTATION('',(#7290),#7294);
#7290 = LINE('',#7291,#7292);
#7291 = CARTESIAN_POINT('',(-3.,41.25));
#7292 = VECTOR('',#7293,1.);
#7293 = DIRECTION('',(1.110223024625E-16,-1.));
#7294 = ( GEOMETRIC_REPRESENTATION_CONTEXT(2) 
PARAMETRIC_REPRESENTATION_CONTEXT() REPRESENTATION_CONTEXT('2D SPACE',''
  ) );
#7295 = ORIENTED_EDGE('',*,*,#7296,.T.);
#7296 = EDGE_CURVE('',#7274,#7297,#7299,.T.);
#7297 = VERTEX_POINT('',#7298);
#7298 = CARTESIAN_POINT('',(3.000000000001,-35.27265229607,2.));
#7299 = SURFACE_CURVE('',#7300,(#7304,#7311),.PCURVE_S1.);
#7300 = LINE('',#7301,#7302);
#7301 = CARTESIAN_POINT('',(3.,-41.25,2.));
#7302 = VECTOR('',#7303,1.);
#7303 = DIRECTION('',(-1.110223024625E-16,1.,0.));
#7304 = PCURVE('',#837,#7305);
#7305 = DEFINITIONAL_REPRESENTATION('',(#7306),#7310);
#7306 = LINE('',#7307,#7308);
#7307 = CARTESIAN_POINT('',(-0.,-2.));
#7308 = VECTOR('',#7309,1.);
#7309 = DIRECTION('',(-1.,-0.));
#7310 = ( GEOMETRIC_REPRESENTATION_CONTEXT(2) 
PARAMETRIC_REPRESENTATION_CONTEXT() REPRESENTATION_CONTEXT('2D SPACE',''
  ) );
#7311 = PCURVE('',#7312,#7317);
#7312 = PLANE('',#7313);
#7313 = AXIS2_PLACEMENT_3D('',#7314,#7315,#7316);
#7314 = CARTESIAN_POINT('',(3.920556689754E-15,-35.125,2.));
#7315 = DIRECTION('',(0.,-0.,-1.));
#7316 = DIRECTION('',(1.110223024625E-16,-1.,-0.));
#7317 = DEFINITIONAL_REPRESENTATION('',(#7318),#7322);
#7318 = LINE('',#7319,#7320);
#7319 = CARTESIAN_POINT('',(6.125,-3.));
#7320 = VECTOR('',#7321,1.);
#7321 = DIRECTION('',(-1.,0.));
#7322 = ( GEOMETRIC_REPRESENTATION_CONTEXT(2) 
PARAMETRIC_REPRESENTATION_CONTEXT() REPRESENTATION_CONTEXT('2D SPACE',''
  ) );
#7323 = ORIENTED_EDGE('',*,*,#7324,.T.);
#7324 = EDGE_CURVE('',#7297,#7325,#7327,.T.);
#7325 = VERTEX_POINT('',#7326);
#7326 = CARTESIAN_POINT('',(3.,-33.86738844375,2.));
#7327 = SURFACE_CURVE('',#7328,(#7332,#7339),.PCURVE_S1.);
#7328 = LINE('',#7329,#7330);
#7329 = CARTESIAN_POINT('',(3.,-41.25,2.));
#7330 = VECTOR('',#7331,1.);
#7331 = DIRECTION('',(-1.110223024625E-16,1.,0.));
#7332 = PCURVE('',#837,#7333);
#7333 = DEFINITIONAL_REPRESENTATION('',(#7334),#7338);
#7334 = LINE('',#7335,#7336);
#7335 = CARTESIAN_POINT('',(-0.,-2.));
#7336 = VECTOR('',#7337,1.);
#7337 = DIRECTION('',(-1.,-0.));
#7338 = ( GEOMETRIC_REPRESENTATION_CONTEXT(2) 
PARAMETRIC_REPRESENTATION_CONTEXT() REPRESENTATION_CONTEXT('2D SPACE',''
  ) );
#7339 = PCURVE('',#6604,#7340);
#7340 = DEFINITIONAL_REPRESENTATION('',(#7341),#7345);
#7341 = LINE('',#7342,#7343);
#7342 = CARTESIAN_POINT('',(-3.,41.25));
#7343 = VECTOR('',#7344,1.);
#7344 = DIRECTION('',(1.110223024625E-16,-1.));
#7345 = ( GEOMETRIC_REPRESENTATION_CONTEXT(2) 
PARAMETRIC_REPRESENTATION_CONTEXT() REPRESENTATION_CONTEXT('2D SPACE',''
  ) );
#7346 = ORIENTED_EDGE('',*,*,#7347,.T.);
#7347 = EDGE_CURVE('',#7325,#7348,#7350,.T.);
#7348 = VERTEX_POINT('',#7349);
#7349 = CARTESIAN_POINT('',(3.,-33.06418001402,2.));
#7350 = SURFACE_CURVE('',#7351,(#7355,#7362),.PCURVE_S1.);
#7351 = LINE('',#7352,#7353);
#7352 = CARTESIAN_POINT('',(3.,-41.25,2.));
#7353 = VECTOR('',#7354,1.);
#7354 = DIRECTION('',(-1.110223024625E-16,1.,0.));
#7355 = PCURVE('',#837,#7356);
#7356 = DEFINITIONAL_REPRESENTATION('',(#7357),#7361);
#7357 = LINE('',#7358,#7359);
#7358 = CARTESIAN_POINT('',(-0.,-2.));
#7359 = VECTOR('',#7360,1.);
#7360 = DIRECTION('',(-1.,-0.));
#7361 = ( GEOMETRIC_REPRESENTATION_CONTEXT(2) 
PARAMETRIC_REPRESENTATION_CONTEXT() REPRESENTATION_CONTEXT('2D SPACE',''
  ) );
#7362 = PCURVE('',#7363,#7368);
#7363 = PLANE('',#7364);
#7364 = AXIS2_PLACEMENT_3D('',#7365,#7366,#7367);
#7365 = CARTESIAN_POINT('',(3.920556689754E-15,-35.125,2.));
#7366 = DIRECTION('',(0.,-0.,-1.));
#7367 = DIRECTION('',(1.110223024625E-16,-1.,-0.));
#7368 = DEFINITIONAL_REPRESENTATION('',(#7369),#7373);
#7369 = LINE('',#7370,#7371);
#7370 = CARTESIAN_POINT('',(6.125,-3.));
#7371 = VECTOR('',#7372,1.);
#7372 = DIRECTION('',(-1.,0.));
#7373 = ( GEOMETRIC_REPRESENTATION_CONTEXT(2) 
PARAMETRIC_REPRESENTATION_CONTEXT() REPRESENTATION_CONTEXT('2D SPACE',''
  ) );
#7374 = ORIENTED_EDGE('',*,*,#7375,.T.);
#7375 = EDGE_CURVE('',#7348,#7376,#7378,.T.);
#7376 = VERTEX_POINT('',#7377);
#7377 = CARTESIAN_POINT('',(3.000000000001,-31.65817429985,2.));
#7378 = SURFACE_CURVE('',#7379,(#7383,#7390),.PCURVE_S1.);
#7379 = LINE('',#7380,#7381);
#7380 = CARTESIAN_POINT('',(3.,-41.25,2.));
#7381 = VECTOR('',#7382,1.);
#7382 = DIRECTION('',(-1.110223024625E-16,1.,0.));
#7383 = PCURVE('',#837,#7384);
#7384 = DEFINITIONAL_REPRESENTATION('',(#7385),#7389);
#7385 = LINE('',#7386,#7387);
#7386 = CARTESIAN_POINT('',(-0.,-2.));
#7387 = VECTOR('',#7388,1.);
#7388 = DIRECTION('',(-1.,-0.));
#7389 = ( GEOMETRIC_REPRESENTATION_CONTEXT(2) 
PARAMETRIC_REPRESENTATION_CONTEXT() REPRESENTATION_CONTEXT('2D SPACE',''
  ) );
#7390 = PCURVE('',#6553,#7391);
#7391 = DEFINITIONAL_REPRESENTATION('',(#7392),#7396);
#7392 = LINE('',#7393,#7394);
#7393 = CARTESIAN_POINT('',(-3.,41.25));
#7394 = VECTOR('',#7395,1.);
#7395 = DIRECTION('',(1.110223024625E-16,-1.));
#7396 = ( GEOMETRIC_REPRESENTATION_CONTEXT(2) 
PARAMETRIC_REPRESENTATION_CONTEXT() REPRESENTATION_CONTEXT('2D SPACE',''
  ) );
#7397 = ORIENTED_EDGE('',*,*,#7398,.T.);
#7398 = EDGE_CURVE('',#7376,#7399,#7401,.T.);
#7399 = VERTEX_POINT('',#7400);
#7400 = CARTESIAN_POINT('',(3.,-30.85449724108,2.));
#7401 = SURFACE_CURVE('',#7402,(#7406,#7413),.PCURVE_S1.);
#7402 = LINE('',#7403,#7404);
#7403 = CARTESIAN_POINT('',(3.,-41.25,2.));
#7404 = VECTOR('',#7405,1.);
#7405 = DIRECTION('',(-1.110223024625E-16,1.,0.));
#7406 = PCURVE('',#837,#7407);
#7407 = DEFINITIONAL_REPRESENTATION('',(#7408),#7412);
#7408 = LINE('',#7409,#7410);
#7409 = CARTESIAN_POINT('',(-0.,-2.));
#7410 = VECTOR('',#7411,1.);
#7411 = DIRECTION('',(-1.,-0.));
#7412 = ( GEOMETRIC_REPRESENTATION_CONTEXT(2) 
PARAMETRIC_REPRESENTATION_CONTEXT() REPRESENTATION_CONTEXT('2D SPACE',''
  ) );
#7413 = PCURVE('',#7414,#7419);
#7414 = PLANE('',#7415);
#7415 = AXIS2_PLACEMENT_3D('',#7416,#7417,#7418);
#7416 = CARTESIAN_POINT('',(3.920556689754E-15,-35.125,2.));
#7417 = DIRECTION('',(0.,-0.,-1.));
#7418 = DIRECTION('',(1.110223024625E-16,-1.,-0.));
#7419 = DEFINITIONAL_REPRESENTATION('',(#7420),#7424);
#7420 = LINE('',#7421,#7422);
#7421 = CARTESIAN_POINT('',(6.125,-3.));
#7422 = VECTOR('',#7423,1.);
#7423 = DIRECTION('',(-1.,0.));
#7424 = ( GEOMETRIC_REPRESENTATION_CONTEXT(2) 
PARAMETRIC_REPRESENTATION_CONTEXT() REPRESENTATION_CONTEXT('2D SPACE',''
  ) );
#7425 = ORIENTED_EDGE('',*,*,#7426,.T.);
#7426 = EDGE_CURVE('',#7399,#7427,#7429,.T.);
#7427 = VERTEX_POINT('',#7428);
#7428 = CARTESIAN_POINT('',(3.,-29.44758054577,2.));
#7429 = SURFACE_CURVE('',#7430,(#7434,#7441),.PCURVE_S1.);
#7430 = LINE('',#7431,#7432);
#7431 = CARTESIAN_POINT('',(3.,-41.25,2.));
#7432 = VECTOR('',#7433,1.);
#7433 = DIRECTION('',(-1.110223024625E-16,1.,0.));
#7434 = PCURVE('',#837,#7435);
#7435 = DEFINITIONAL_REPRESENTATION('',(#7436),#7440);
#7436 = LINE('',#7437,#7438);
#7437 = CARTESIAN_POINT('',(-0.,-2.));
#7438 = VECTOR('',#7439,1.);
#7439 = DIRECTION('',(-1.,-0.));
#7440 = ( GEOMETRIC_REPRESENTATION_CONTEXT(2) 
PARAMETRIC_REPRESENTATION_CONTEXT() REPRESENTATION_CONTEXT('2D SPACE',''
  ) );
#7441 = PCURVE('',#6502,#7442);
#7442 = DEFINITIONAL_REPRESENTATION('',(#7443),#7447);
#7443 = LINE('',#7444,#7445);
#7444 = CARTESIAN_POINT('',(-3.,41.25));
#7445 = VECTOR('',#7446,1.);
#7446 = DIRECTION('',(1.110223024625E-16,-1.));
#7447 = ( GEOMETRIC_REPRESENTATION_CONTEXT(2) 
PARAMETRIC_REPRESENTATION_CONTEXT() REPRESENTATION_CONTEXT('2D SPACE',''
  ) );
#7448 = ORIENTED_EDGE('',*,*,#7449,.T.);
#7449 = EDGE_CURVE('',#7427,#6907,#7450,.T.);
#7450 = SURFACE_CURVE('',#7451,(#7455,#7462),.PCURVE_S1.);
#7451 = LINE('',#7452,#7453);
#7452 = CARTESIAN_POINT('',(3.,-41.25,2.));
#7453 = VECTOR('',#7454,1.);
#7454 = DIRECTION('',(-1.110223024625E-16,1.,0.));
#7455 = PCURVE('',#837,#7456);
#7456 = DEFINITIONAL_REPRESENTATION('',(#7457),#7461);
#7457 = LINE('',#7458,#7459);
#7458 = CARTESIAN_POINT('',(-0.,-2.));
#7459 = VECTOR('',#7460,1.);
#7460 = DIRECTION('',(-1.,-0.));
#7461 = ( GEOMETRIC_REPRESENTATION_CONTEXT(2) 
PARAMETRIC_REPRESENTATION_CONTEXT() REPRESENTATION_CONTEXT('2D SPACE',''
  ) );
#7462 = PCURVE('',#6946,#7463);
#7463 = DEFINITIONAL_REPRESENTATION('',(#7464),#7468);
#7464 = LINE('',#7465,#7466);
#7465 = CARTESIAN_POINT('',(6.125,-3.));
#7466 = VECTOR('',#7467,1.);
#7467 = DIRECTION('',(-1.,0.));
#7468 = ( GEOMETRIC_REPRESENTATION_CONTEXT(2) 
PARAMETRIC_REPRESENTATION_CONTEXT() REPRESENTATION_CONTEXT('2D SPACE',''
  ) );
#7469 = ORIENTED_EDGE('',*,*,#6906,.F.);
#7470 = ORIENTED_EDGE('',*,*,#823,.F.);
#7471 = ADVANCED_FACE('',(#7472),#782,.F.);
#7472 = FACE_BOUND('',#7473,.T.);
#7473 = EDGE_LOOP('',(#7474,#7475,#7498,#7521,#7544,#7567,#7590,#7613,
    #7636,#7659,#7682,#7705,#7728,#7751,#7772));
#7474 = ORIENTED_EDGE('',*,*,#7123,.T.);
#7475 = ORIENTED_EDGE('',*,*,#7476,.T.);
#7476 = EDGE_CURVE('',#7096,#7477,#7479,.T.);
#7477 = VERTEX_POINT('',#7478);
#7478 = CARTESIAN_POINT('',(-3.,-29.44758054577,2.));
#7479 = SURFACE_CURVE('',#7480,(#7484,#7491),.PCURVE_S1.);
#7480 = LINE('',#7481,#7482);
#7481 = CARTESIAN_POINT('',(-3.,-29.,2.));
#7482 = VECTOR('',#7483,1.);
#7483 = DIRECTION('',(1.110223024625E-16,-1.,-0.));
#7484 = PCURVE('',#782,#7485);
#7485 = DEFINITIONAL_REPRESENTATION('',(#7486),#7490);
#7486 = LINE('',#7487,#7488);
#7487 = CARTESIAN_POINT('',(-0.,-2.));
#7488 = VECTOR('',#7489,1.);
#7489 = DIRECTION('',(-1.,0.));
#7490 = ( GEOMETRIC_REPRESENTATION_CONTEXT(2) 
PARAMETRIC_REPRESENTATION_CONTEXT() REPRESENTATION_CONTEXT('2D SPACE',''
  ) );
#7491 = PCURVE('',#6946,#7492);
#7492 = DEFINITIONAL_REPRESENTATION('',(#7493),#7497);
#7493 = LINE('',#7494,#7495);
#7494 = CARTESIAN_POINT('',(-6.125,3.));
#7495 = VECTOR('',#7496,1.);
#7496 = DIRECTION('',(1.,-0.));
#7497 = ( GEOMETRIC_REPRESENTATION_CONTEXT(2) 
PARAMETRIC_REPRESENTATION_CONTEXT() REPRESENTATION_CONTEXT('2D SPACE',''
  ) );
#7498 = ORIENTED_EDGE('',*,*,#7499,.T.);
#7499 = EDGE_CURVE('',#7477,#7500,#7502,.T.);
#7500 = VERTEX_POINT('',#7501);
#7501 = CARTESIAN_POINT('',(-3.,-30.85449724108,2.));
#7502 = SURFACE_CURVE('',#7503,(#7507,#7514),.PCURVE_S1.);
#7503 = LINE('',#7504,#7505);
#7504 = CARTESIAN_POINT('',(-3.,-29.,2.));
#7505 = VECTOR('',#7506,1.);
#7506 = DIRECTION('',(1.110223024625E-16,-1.,-0.));
#7507 = PCURVE('',#782,#7508);
#7508 = DEFINITIONAL_REPRESENTATION('',(#7509),#7513);
#7509 = LINE('',#7510,#7511);
#7510 = CARTESIAN_POINT('',(-0.,-2.));
#7511 = VECTOR('',#7512,1.);
#7512 = DIRECTION('',(-1.,0.));
#7513 = ( GEOMETRIC_REPRESENTATION_CONTEXT(2) 
PARAMETRIC_REPRESENTATION_CONTEXT() REPRESENTATION_CONTEXT('2D SPACE',''
  ) );
#7514 = PCURVE('',#5077,#7515);
#7515 = DEFINITIONAL_REPRESENTATION('',(#7516),#7520);
#7516 = LINE('',#7517,#7518);
#7517 = CARTESIAN_POINT('',(3.,29.));
#7518 = VECTOR('',#7519,1.);
#7519 = DIRECTION('',(-1.110223024625E-16,1.));
#7520 = ( GEOMETRIC_REPRESENTATION_CONTEXT(2) 
PARAMETRIC_REPRESENTATION_CONTEXT() REPRESENTATION_CONTEXT('2D SPACE',''
  ) );
#7521 = ORIENTED_EDGE('',*,*,#7522,.T.);
#7522 = EDGE_CURVE('',#7500,#7523,#7525,.T.);
#7523 = VERTEX_POINT('',#7524);
#7524 = CARTESIAN_POINT('',(-2.999999999999,-31.65817429985,2.));
#7525 = SURFACE_CURVE('',#7526,(#7530,#7537),.PCURVE_S1.);
#7526 = LINE('',#7527,#7528);
#7527 = CARTESIAN_POINT('',(-3.,-29.,2.));
#7528 = VECTOR('',#7529,1.);
#7529 = DIRECTION('',(1.110223024625E-16,-1.,-0.));
#7530 = PCURVE('',#782,#7531);
#7531 = DEFINITIONAL_REPRESENTATION('',(#7532),#7536);
#7532 = LINE('',#7533,#7534);
#7533 = CARTESIAN_POINT('',(-0.,-2.));
#7534 = VECTOR('',#7535,1.);
#7535 = DIRECTION('',(-1.,0.));
#7536 = ( GEOMETRIC_REPRESENTATION_CONTEXT(2) 
PARAMETRIC_REPRESENTATION_CONTEXT() REPRESENTATION_CONTEXT('2D SPACE',''
  ) );
#7537 = PCURVE('',#7414,#7538);
#7538 = DEFINITIONAL_REPRESENTATION('',(#7539),#7543);
#7539 = LINE('',#7540,#7541);
#7540 = CARTESIAN_POINT('',(-6.125,3.));
#7541 = VECTOR('',#7542,1.);
#7542 = DIRECTION('',(1.,-0.));
#7543 = ( GEOMETRIC_REPRESENTATION_CONTEXT(2) 
PARAMETRIC_REPRESENTATION_CONTEXT() REPRESENTATION_CONTEXT('2D SPACE',''
  ) );
#7544 = ORIENTED_EDGE('',*,*,#7545,.T.);
#7545 = EDGE_CURVE('',#7523,#7546,#7548,.T.);
#7546 = VERTEX_POINT('',#7547);
#7547 = CARTESIAN_POINT('',(-2.999999999999,-33.06418001402,2.));
#7548 = SURFACE_CURVE('',#7549,(#7553,#7560),.PCURVE_S1.);
#7549 = LINE('',#7550,#7551);
#7550 = CARTESIAN_POINT('',(-3.,-29.,2.));
#7551 = VECTOR('',#7552,1.);
#7552 = DIRECTION('',(1.110223024625E-16,-1.,-0.));
#7553 = PCURVE('',#782,#7554);
#7554 = DEFINITIONAL_REPRESENTATION('',(#7555),#7559);
#7555 = LINE('',#7556,#7557);
#7556 = CARTESIAN_POINT('',(-0.,-2.));
#7557 = VECTOR('',#7558,1.);
#7558 = DIRECTION('',(-1.,0.));
#7559 = ( GEOMETRIC_REPRESENTATION_CONTEXT(2) 
PARAMETRIC_REPRESENTATION_CONTEXT() REPRESENTATION_CONTEXT('2D SPACE',''
  ) );
#7560 = PCURVE('',#5021,#7561);
#7561 = DEFINITIONAL_REPRESENTATION('',(#7562),#7566);
#7562 = LINE('',#7563,#7564);
#7563 = CARTESIAN_POINT('',(3.,29.));
#7564 = VECTOR('',#7565,1.);
#7565 = DIRECTION('',(-1.110223024625E-16,1.));
#7566 = ( GEOMETRIC_REPRESENTATION_CONTEXT(2) 
PARAMETRIC_REPRESENTATION_CONTEXT() REPRESENTATION_CONTEXT('2D SPACE',''
  ) );
#7567 = ORIENTED_EDGE('',*,*,#7568,.T.);
#7568 = EDGE_CURVE('',#7546,#7569,#7571,.T.);
#7569 = VERTEX_POINT('',#7570);
#7570 = CARTESIAN_POINT('',(-3.000000000001,-33.86738844375,2.));
#7571 = SURFACE_CURVE('',#7572,(#7576,#7583),.PCURVE_S1.);
#7572 = LINE('',#7573,#7574);
#7573 = CARTESIAN_POINT('',(-3.,-29.,2.));
#7574 = VECTOR('',#7575,1.);
#7575 = DIRECTION('',(1.110223024625E-16,-1.,-0.));
#7576 = PCURVE('',#782,#7577);
#7577 = DEFINITIONAL_REPRESENTATION('',(#7578),#7582);
#7578 = LINE('',#7579,#7580);
#7579 = CARTESIAN_POINT('',(-0.,-2.));
#7580 = VECTOR('',#7581,1.);
#7581 = DIRECTION('',(-1.,0.));
#7582 = ( GEOMETRIC_REPRESENTATION_CONTEXT(2) 
PARAMETRIC_REPRESENTATION_CONTEXT() REPRESENTATION_CONTEXT('2D SPACE',''
  ) );
#7583 = PCURVE('',#7363,#7584);
#7584 = DEFINITIONAL_REPRESENTATION('',(#7585),#7589);
#7585 = LINE('',#7586,#7587);
#7586 = CARTESIAN_POINT('',(-6.125,3.));
#7587 = VECTOR('',#7588,1.);
#7588 = DIRECTION('',(1.,-0.));
#7589 = ( GEOMETRIC_REPRESENTATION_CONTEXT(2) 
PARAMETRIC_REPRESENTATION_CONTEXT() REPRESENTATION_CONTEXT('2D SPACE',''
  ) );
#7590 = ORIENTED_EDGE('',*,*,#7591,.T.);
#7591 = EDGE_CURVE('',#7569,#7592,#7594,.T.);
#7592 = VERTEX_POINT('',#7593);
#7593 = CARTESIAN_POINT('',(-3.000000000001,-35.27265229607,2.));
#7594 = SURFACE_CURVE('',#7595,(#7599,#7606),.PCURVE_S1.);
#7595 = LINE('',#7596,#7597);
#7596 = CARTESIAN_POINT('',(-3.,-29.,2.));
#7597 = VECTOR('',#7598,1.);
#7598 = DIRECTION('',(1.110223024625E-16,-1.,-0.));
#7599 = PCURVE('',#782,#7600);
#7600 = DEFINITIONAL_REPRESENTATION('',(#7601),#7605);
#7601 = LINE('',#7602,#7603);
#7602 = CARTESIAN_POINT('',(-0.,-2.));
#7603 = VECTOR('',#7604,1.);
#7604 = DIRECTION('',(-1.,0.));
#7605 = ( GEOMETRIC_REPRESENTATION_CONTEXT(2) 
PARAMETRIC_REPRESENTATION_CONTEXT() REPRESENTATION_CONTEXT('2D SPACE',''
  ) );
#7606 = PCURVE('',#4965,#7607);
#7607 = DEFINITIONAL_REPRESENTATION('',(#7608),#7612);
#7608 = LINE('',#7609,#7610);
#7609 = CARTESIAN_POINT('',(3.,29.));
#7610 = VECTOR('',#7611,1.);
#7611 = DIRECTION('',(-1.110223024625E-16,1.));
#7612 = ( GEOMETRIC_REPRESENTATION_CONTEXT(2) 
PARAMETRIC_REPRESENTATION_CONTEXT() REPRESENTATION_CONTEXT('2D SPACE',''
  ) );
#7613 = ORIENTED_EDGE('',*,*,#7614,.T.);
#7614 = EDGE_CURVE('',#7592,#7615,#7617,.T.);
#7615 = VERTEX_POINT('',#7616);
#7616 = CARTESIAN_POINT('',(-2.999999999999,-36.07547643483,2.));
#7617 = SURFACE_CURVE('',#7618,(#7622,#7629),.PCURVE_S1.);
#7618 = LINE('',#7619,#7620);
#7619 = CARTESIAN_POINT('',(-3.,-29.,2.));
#7620 = VECTOR('',#7621,1.);
#7621 = DIRECTION('',(1.110223024625E-16,-1.,-0.));
#7622 = PCURVE('',#782,#7623);
#7623 = DEFINITIONAL_REPRESENTATION('',(#7624),#7628);
#7624 = LINE('',#7625,#7626);
#7625 = CARTESIAN_POINT('',(-0.,-2.));
#7626 = VECTOR('',#7627,1.);
#7627 = DIRECTION('',(-1.,0.));
#7628 = ( GEOMETRIC_REPRESENTATION_CONTEXT(2) 
PARAMETRIC_REPRESENTATION_CONTEXT() REPRESENTATION_CONTEXT('2D SPACE',''
  ) );
#7629 = PCURVE('',#7312,#7630);
#7630 = DEFINITIONAL_REPRESENTATION('',(#7631),#7635);
#7631 = LINE('',#7632,#7633);
#7632 = CARTESIAN_POINT('',(-6.125,3.));
#7633 = VECTOR('',#7634,1.);
#7634 = DIRECTION('',(1.,-0.));
#7635 = ( GEOMETRIC_REPRESENTATION_CONTEXT(2) 
PARAMETRIC_REPRESENTATION_CONTEXT() REPRESENTATION_CONTEXT('2D SPACE',''
  ) );
#7636 = ORIENTED_EDGE('',*,*,#7637,.T.);
#7637 = EDGE_CURVE('',#7615,#7638,#7640,.T.);
#7638 = VERTEX_POINT('',#7639);
#7639 = CARTESIAN_POINT('',(-3.,-37.48012806808,2.));
#7640 = SURFACE_CURVE('',#7641,(#7645,#7652),.PCURVE_S1.);
#7641 = LINE('',#7642,#7643);
#7642 = CARTESIAN_POINT('',(-3.,-29.,2.));
#7643 = VECTOR('',#7644,1.);
#7644 = DIRECTION('',(1.110223024625E-16,-1.,-0.));
#7645 = PCURVE('',#782,#7646);
#7646 = DEFINITIONAL_REPRESENTATION('',(#7647),#7651);
#7647 = LINE('',#7648,#7649);
#7648 = CARTESIAN_POINT('',(-0.,-2.));
#7649 = VECTOR('',#7650,1.);
#7650 = DIRECTION('',(-1.,0.));
#7651 = ( GEOMETRIC_REPRESENTATION_CONTEXT(2) 
PARAMETRIC_REPRESENTATION_CONTEXT() REPRESENTATION_CONTEXT('2D SPACE',''
  ) );
#7652 = PCURVE('',#4909,#7653);
#7653 = DEFINITIONAL_REPRESENTATION('',(#7654),#7658);
#7654 = LINE('',#7655,#7656);
#7655 = CARTESIAN_POINT('',(3.,29.));
#7656 = VECTOR('',#7657,1.);
#7657 = DIRECTION('',(-1.110223024625E-16,1.));
#7658 = ( GEOMETRIC_REPRESENTATION_CONTEXT(2) 
PARAMETRIC_REPRESENTATION_CONTEXT() REPRESENTATION_CONTEXT('2D SPACE',''
  ) );
#7659 = ORIENTED_EDGE('',*,*,#7660,.T.);
#7660 = EDGE_CURVE('',#7638,#7661,#7663,.T.);
#7661 = VERTEX_POINT('',#7662);
#7662 = CARTESIAN_POINT('',(-3.000000000001,-38.28263313827,2.));
#7663 = SURFACE_CURVE('',#7664,(#7668,#7675),.PCURVE_S1.);
#7664 = LINE('',#7665,#7666);
#7665 = CARTESIAN_POINT('',(-3.,-29.,2.));
#7666 = VECTOR('',#7667,1.);
#7667 = DIRECTION('',(1.110223024625E-16,-1.,-0.));
#7668 = PCURVE('',#782,#7669);
#7669 = DEFINITIONAL_REPRESENTATION('',(#7670),#7674);
#7670 = LINE('',#7671,#7672);
#7671 = CARTESIAN_POINT('',(-0.,-2.));
#7672 = VECTOR('',#7673,1.);
#7673 = DIRECTION('',(-1.,0.));
#7674 = ( GEOMETRIC_REPRESENTATION_CONTEXT(2) 
PARAMETRIC_REPRESENTATION_CONTEXT() REPRESENTATION_CONTEXT('2D SPACE',''
  ) );
#7675 = PCURVE('',#7261,#7676);
#7676 = DEFINITIONAL_REPRESENTATION('',(#7677),#7681);
#7677 = LINE('',#7678,#7679);
#7678 = CARTESIAN_POINT('',(-6.125,3.));
#7679 = VECTOR('',#7680,1.);
#7680 = DIRECTION('',(1.,-0.));
#7681 = ( GEOMETRIC_REPRESENTATION_CONTEXT(2) 
PARAMETRIC_REPRESENTATION_CONTEXT() REPRESENTATION_CONTEXT('2D SPACE',''
  ) );
#7682 = ORIENTED_EDGE('',*,*,#7683,.T.);
#7683 = EDGE_CURVE('',#7661,#7684,#7686,.T.);
#7684 = VERTEX_POINT('',#7685);
#7685 = CARTESIAN_POINT('',(-3.,-39.6867736154,2.));
#7686 = SURFACE_CURVE('',#7687,(#7691,#7698),.PCURVE_S1.);
#7687 = LINE('',#7688,#7689);
#7688 = CARTESIAN_POINT('',(-3.,-29.,2.));
#7689 = VECTOR('',#7690,1.);
#7690 = DIRECTION('',(1.110223024625E-16,-1.,-0.));
#7691 = PCURVE('',#782,#7692);
#7692 = DEFINITIONAL_REPRESENTATION('',(#7693),#7697);
#7693 = LINE('',#7694,#7695);
#7694 = CARTESIAN_POINT('',(-0.,-2.));
#7695 = VECTOR('',#7696,1.);
#7696 = DIRECTION('',(-1.,0.));
#7697 = ( GEOMETRIC_REPRESENTATION_CONTEXT(2) 
PARAMETRIC_REPRESENTATION_CONTEXT() REPRESENTATION_CONTEXT('2D SPACE',''
  ) );
#7698 = PCURVE('',#4853,#7699);
#7699 = DEFINITIONAL_REPRESENTATION('',(#7700),#7704);
#7700 = LINE('',#7701,#7702);
#7701 = CARTESIAN_POINT('',(3.,29.));
#7702 = VECTOR('',#7703,1.);
#7703 = DIRECTION('',(-1.110223024625E-16,1.));
#7704 = ( GEOMETRIC_REPRESENTATION_CONTEXT(2) 
PARAMETRIC_REPRESENTATION_CONTEXT() REPRESENTATION_CONTEXT('2D SPACE',''
  ) );
#7705 = ORIENTED_EDGE('',*,*,#7706,.T.);
#7706 = EDGE_CURVE('',#7684,#7707,#7709,.T.);
#7707 = VERTEX_POINT('',#7708);
#7708 = CARTESIAN_POINT('',(-2.999999999999,-40.48901085479,2.));
#7709 = SURFACE_CURVE('',#7710,(#7714,#7721),.PCURVE_S1.);
#7710 = LINE('',#7711,#7712);
#7711 = CARTESIAN_POINT('',(-3.,-29.,2.));
#7712 = VECTOR('',#7713,1.);
#7713 = DIRECTION('',(1.110223024625E-16,-1.,-0.));
#7714 = PCURVE('',#782,#7715);
#7715 = DEFINITIONAL_REPRESENTATION('',(#7716),#7720);
#7716 = LINE('',#7717,#7718);
#7717 = CARTESIAN_POINT('',(-0.,-2.));
#7718 = VECTOR('',#7719,1.);
#7719 = DIRECTION('',(-1.,0.));
#7720 = ( GEOMETRIC_REPRESENTATION_CONTEXT(2) 
PARAMETRIC_REPRESENTATION_CONTEXT() REPRESENTATION_CONTEXT('2D SPACE',''
  ) );
#7721 = PCURVE('',#7210,#7722);
#7722 = DEFINITIONAL_REPRESENTATION('',(#7723),#7727);
#7723 = LINE('',#7724,#7725);
#7724 = CARTESIAN_POINT('',(-6.125,3.));
#7725 = VECTOR('',#7726,1.);
#7726 = DIRECTION('',(1.,-0.));
#7727 = ( GEOMETRIC_REPRESENTATION_CONTEXT(2) 
PARAMETRIC_REPRESENTATION_CONTEXT() REPRESENTATION_CONTEXT('2D SPACE',''
  ) );
#7728 = ORIENTED_EDGE('',*,*,#7729,.T.);
#7729 = EDGE_CURVE('',#7707,#7730,#7732,.T.);
#7730 = VERTEX_POINT('',#7731);
#7731 = CARTESIAN_POINT('',(-3.,-41.25,2.));
#7732 = SURFACE_CURVE('',#7733,(#7737,#7744),.PCURVE_S1.);
#7733 = LINE('',#7734,#7735);
#7734 = CARTESIAN_POINT('',(-3.,-29.,2.));
#7735 = VECTOR('',#7736,1.);
#7736 = DIRECTION('',(1.110223024625E-16,-1.,-0.));
#7737 = PCURVE('',#782,#7738);
#7738 = DEFINITIONAL_REPRESENTATION('',(#7739),#7743);
#7739 = LINE('',#7740,#7741);
#7740 = CARTESIAN_POINT('',(-0.,-2.));
#7741 = VECTOR('',#7742,1.);
#7742 = DIRECTION('',(-1.,0.));
#7743 = ( GEOMETRIC_REPRESENTATION_CONTEXT(2) 
PARAMETRIC_REPRESENTATION_CONTEXT() REPRESENTATION_CONTEXT('2D SPACE',''
  ) );
#7744 = PCURVE('',#4797,#7745);
#7745 = DEFINITIONAL_REPRESENTATION('',(#7746),#7750);
#7746 = LINE('',#7747,#7748);
#7747 = CARTESIAN_POINT('',(3.,29.));
#7748 = VECTOR('',#7749,1.);
#7749 = DIRECTION('',(-1.110223024625E-16,1.));
#7750 = ( GEOMETRIC_REPRESENTATION_CONTEXT(2) 
PARAMETRIC_REPRESENTATION_CONTEXT() REPRESENTATION_CONTEXT('2D SPACE',''
  ) );
#7751 = ORIENTED_EDGE('',*,*,#7752,.F.);
#7752 = EDGE_CURVE('',#767,#7730,#7753,.T.);
#7753 = SURFACE_CURVE('',#7754,(#7758,#7765),.PCURVE_S1.);
#7754 = LINE('',#7755,#7756);
#7755 = CARTESIAN_POINT('',(-3.,-41.25,0.));
#7756 = VECTOR('',#7757,1.);
#7757 = DIRECTION('',(-0.,-0.,1.));
#7758 = PCURVE('',#782,#7759);
#7759 = DEFINITIONAL_REPRESENTATION('',(#7760),#7764);
#7760 = LINE('',#7761,#7762);
#7761 = CARTESIAN_POINT('',(-12.25,0.));
#7762 = VECTOR('',#7763,1.);
#7763 = DIRECTION('',(-0.,-1.));
#7764 = ( GEOMETRIC_REPRESENTATION_CONTEXT(2) 
PARAMETRIC_REPRESENTATION_CONTEXT() REPRESENTATION_CONTEXT('2D SPACE',''
  ) );
#7765 = PCURVE('',#811,#7766);
#7766 = DEFINITIONAL_REPRESENTATION('',(#7767),#7771);
#7767 = LINE('',#7768,#7769);
#7768 = CARTESIAN_POINT('',(-0.,0.));
#7769 = VECTOR('',#7770,1.);
#7770 = DIRECTION('',(-0.,-1.));
#7771 = ( GEOMETRIC_REPRESENTATION_CONTEXT(2) 
PARAMETRIC_REPRESENTATION_CONTEXT() REPRESENTATION_CONTEXT('2D SPACE',''
  ) );
#7772 = ORIENTED_EDGE('',*,*,#766,.F.);
#7773 = ADVANCED_FACE('',(#7774),#811,.F.);
#7774 = FACE_BOUND('',#7775,.T.);
#7775 = EDGE_LOOP('',(#7776,#7777,#7801,#7832,#7833,#7861,#7883,#7884));
#7776 = ORIENTED_EDGE('',*,*,#7752,.T.);
#7777 = ORIENTED_EDGE('',*,*,#7778,.T.);
#7778 = EDGE_CURVE('',#7730,#7779,#7781,.T.);
#7779 = VERTEX_POINT('',#7780);
#7780 = CARTESIAN_POINT('',(-2.9292404101,-41.89772727272,2.));
#7781 = SURFACE_CURVE('',#7782,(#7787,#7794),.PCURVE_S1.);
#7782 = CIRCLE('',#7783,3.);
#7783 = AXIS2_PLACEMENT_3D('',#7784,#7785,#7786);
#7784 = CARTESIAN_POINT('',(4.579669976579E-15,-41.25,2.));
#7785 = DIRECTION('',(0.,-0.,1.));
#7786 = DIRECTION('',(-1.,-1.110223024625E-16,-0.));
#7787 = PCURVE('',#811,#7788);
#7788 = DEFINITIONAL_REPRESENTATION('',(#7789),#7793);
#7789 = LINE('',#7790,#7791);
#7790 = CARTESIAN_POINT('',(-0.,-2.));
#7791 = VECTOR('',#7792,1.);
#7792 = DIRECTION('',(-1.,0.));
#7793 = ( GEOMETRIC_REPRESENTATION_CONTEXT(2) 
PARAMETRIC_REPRESENTATION_CONTEXT() REPRESENTATION_CONTEXT('2D SPACE',''
  ) );
#7794 = PCURVE('',#4797,#7795);
#7795 = DEFINITIONAL_REPRESENTATION('',(#7796),#7800);
#7796 = CIRCLE('',#7797,3.);
#7797 = AXIS2_PLACEMENT_2D('',#7798,#7799);
#7798 = CARTESIAN_POINT('',(-7.387675382435E-15,41.25));
#7799 = DIRECTION('',(1.,1.110223024625E-16));
#7800 = ( GEOMETRIC_REPRESENTATION_CONTEXT(2) 
PARAMETRIC_REPRESENTATION_CONTEXT() REPRESENTATION_CONTEXT('2D SPACE',''
  ) );
#7801 = ORIENTED_EDGE('',*,*,#7802,.T.);
#7802 = EDGE_CURVE('',#7779,#1166,#7803,.T.);
#7803 = SURFACE_CURVE('',#7804,(#7809,#7816),.PCURVE_S1.);
#7804 = CIRCLE('',#7805,3.);
#7805 = AXIS2_PLACEMENT_3D('',#7806,#7807,#7808);
#7806 = CARTESIAN_POINT('',(4.579669976579E-15,-41.25,2.));
#7807 = DIRECTION('',(0.,-0.,1.));
#7808 = DIRECTION('',(-1.,-1.110223024625E-16,-0.));
#7809 = PCURVE('',#811,#7810);
#7810 = DEFINITIONAL_REPRESENTATION('',(#7811),#7815);
#7811 = LINE('',#7812,#7813);
#7812 = CARTESIAN_POINT('',(-0.,-2.));
#7813 = VECTOR('',#7814,1.);
#7814 = DIRECTION('',(-1.,0.));
#7815 = ( GEOMETRIC_REPRESENTATION_CONTEXT(2) 
PARAMETRIC_REPRESENTATION_CONTEXT() REPRESENTATION_CONTEXT('2D SPACE',''
  ) );
#7816 = PCURVE('',#7817,#7822);
#7817 = PLANE('',#7818);
#7818 = AXIS2_PLACEMENT_3D('',#7819,#7820,#7821);
#7819 = CARTESIAN_POINT('',(3.920556689754E-15,-35.125,2.));
#7820 = DIRECTION('',(0.,-0.,-1.));
#7821 = DIRECTION('',(1.110223024625E-16,-1.,-0.));
#7822 = DEFINITIONAL_REPRESENTATION('',(#7823),#7831);
#7823 = ( BOUNDED_CURVE() B_SPLINE_CURVE(2,(#7824,#7825,#7826,#7827,
#7828,#7829,#7830),.UNSPECIFIED.,.T.,.F.) B_SPLINE_CURVE_WITH_KNOTS((1,2
    ,2,2,2,1),(-2.094395102393,0.,2.094395102393,4.188790204786,
6.28318530718,8.377580409573),.UNSPECIFIED.) CURVE() 
GEOMETRIC_REPRESENTATION_ITEM() RATIONAL_B_SPLINE_CURVE((1.,0.5,1.,0.5,
1.,0.5,1.)) REPRESENTATION_ITEM('') );
#7824 = CARTESIAN_POINT('',(6.125,3.));
#7825 = CARTESIAN_POINT('',(11.321152422707,3.));
#7826 = CARTESIAN_POINT('',(8.723076211353,-1.5));
#7827 = CARTESIAN_POINT('',(6.125,-6.));
#7828 = CARTESIAN_POINT('',(3.526923788647,-1.5));
#7829 = CARTESIAN_POINT('',(0.928847577293,3.));
#7830 = CARTESIAN_POINT('',(6.125,3.));
#7831 = ( GEOMETRIC_REPRESENTATION_CONTEXT(2) 
PARAMETRIC_REPRESENTATION_CONTEXT() REPRESENTATION_CONTEXT('2D SPACE',''
  ) );
#7832 = ORIENTED_EDGE('',*,*,#1193,.T.);
#7833 = ORIENTED_EDGE('',*,*,#7834,.T.);
#7834 = EDGE_CURVE('',#1194,#7835,#7837,.T.);
#7835 = VERTEX_POINT('',#7836);
#7836 = CARTESIAN_POINT('',(2.9292404101,-41.89772727272,2.));
#7837 = SURFACE_CURVE('',#7838,(#7843,#7850),.PCURVE_S1.);
#7838 = CIRCLE('',#7839,3.);
#7839 = AXIS2_PLACEMENT_3D('',#7840,#7841,#7842);
#7840 = CARTESIAN_POINT('',(4.579669976579E-15,-41.25,2.));
#7841 = DIRECTION('',(0.,-0.,1.));
#7842 = DIRECTION('',(-1.,-1.110223024625E-16,-0.));
#7843 = PCURVE('',#811,#7844);
#7844 = DEFINITIONAL_REPRESENTATION('',(#7845),#7849);
#7845 = LINE('',#7846,#7847);
#7846 = CARTESIAN_POINT('',(-0.,-2.));
#7847 = VECTOR('',#7848,1.);
#7848 = DIRECTION('',(-1.,0.));
#7849 = ( GEOMETRIC_REPRESENTATION_CONTEXT(2) 
PARAMETRIC_REPRESENTATION_CONTEXT() REPRESENTATION_CONTEXT('2D SPACE',''
  ) );
#7850 = PCURVE('',#7817,#7851);
#7851 = DEFINITIONAL_REPRESENTATION('',(#7852),#7860);
#7852 = ( BOUNDED_CURVE() B_SPLINE_CURVE(2,(#7853,#7854,#7855,#7856,
#7857,#7858,#7859),.UNSPECIFIED.,.T.,.F.) B_SPLINE_CURVE_WITH_KNOTS((1,2
    ,2,2,2,1),(-2.094395102393,0.,2.094395102393,4.188790204786,
6.28318530718,8.377580409573),.UNSPECIFIED.) CURVE() 
GEOMETRIC_REPRESENTATION_ITEM() RATIONAL_B_SPLINE_CURVE((1.,0.5,1.,0.5,
1.,0.5,1.)) REPRESENTATION_ITEM('') );
#7853 = CARTESIAN_POINT('',(6.125,3.));
#7854 = CARTESIAN_POINT('',(11.321152422707,3.));
#7855 = CARTESIAN_POINT('',(8.723076211353,-1.5));
#7856 = CARTESIAN_POINT('',(6.125,-6.));
#7857 = CARTESIAN_POINT('',(3.526923788647,-1.5));
#7858 = CARTESIAN_POINT('',(0.928847577293,3.));
#7859 = CARTESIAN_POINT('',(6.125,3.));
#7860 = ( GEOMETRIC_REPRESENTATION_CONTEXT(2) 
PARAMETRIC_REPRESENTATION_CONTEXT() REPRESENTATION_CONTEXT('2D SPACE',''
  ) );
#7861 = ORIENTED_EDGE('',*,*,#7862,.T.);
#7862 = EDGE_CURVE('',#7835,#7149,#7863,.T.);
#7863 = SURFACE_CURVE('',#7864,(#7869,#7876),.PCURVE_S1.);
#7864 = CIRCLE('',#7865,3.);
#7865 = AXIS2_PLACEMENT_3D('',#7866,#7867,#7868);
#7866 = CARTESIAN_POINT('',(4.579669976579E-15,-41.25,2.));
#7867 = DIRECTION('',(0.,-0.,1.));
#7868 = DIRECTION('',(-1.,-1.110223024625E-16,-0.));
#7869 = PCURVE('',#811,#7870);
#7870 = DEFINITIONAL_REPRESENTATION('',(#7871),#7875);
#7871 = LINE('',#7872,#7873);
#7872 = CARTESIAN_POINT('',(-0.,-2.));
#7873 = VECTOR('',#7874,1.);
#7874 = DIRECTION('',(-1.,0.));
#7875 = ( GEOMETRIC_REPRESENTATION_CONTEXT(2) 
PARAMETRIC_REPRESENTATION_CONTEXT() REPRESENTATION_CONTEXT('2D SPACE',''
  ) );
#7876 = PCURVE('',#6757,#7877);
#7877 = DEFINITIONAL_REPRESENTATION('',(#7878),#7882);
#7878 = CIRCLE('',#7879,3.);
#7879 = AXIS2_PLACEMENT_2D('',#7880,#7881);
#7880 = CARTESIAN_POINT('',(-7.387675382435E-15,41.25));
#7881 = DIRECTION('',(1.,1.110223024625E-16));
#7882 = ( GEOMETRIC_REPRESENTATION_CONTEXT(2) 
PARAMETRIC_REPRESENTATION_CONTEXT() REPRESENTATION_CONTEXT('2D SPACE',''
  ) );
#7883 = ORIENTED_EDGE('',*,*,#7148,.F.);
#7884 = ORIENTED_EDGE('',*,*,#794,.F.);
#7885 = ADVANCED_FACE('',(#7886),#878,.T.);
#7886 = FACE_BOUND('',#7887,.T.);
#7887 = EDGE_LOOP('',(#7888,#7918,#7951,#7972,#7973,#7995,#8021,#8043,
    #8069,#8091));
#7888 = ORIENTED_EDGE('',*,*,#7889,.T.);
#7889 = EDGE_CURVE('',#7890,#7892,#7894,.T.);
#7890 = VERTEX_POINT('',#7891);
#7891 = CARTESIAN_POINT('',(-40.6,-9.677010349317E-16,2.));
#7892 = VERTEX_POINT('',#7893);
#7893 = CARTESIAN_POINT('',(-40.6,-9.677010349317E-16,3.2));
#7894 = SURFACE_CURVE('',#7895,(#7899,#7906),.PCURVE_S1.);
#7895 = LINE('',#7896,#7897);
#7896 = CARTESIAN_POINT('',(-40.6,-9.677010349317E-16,2.));
#7897 = VECTOR('',#7898,1.);
#7898 = DIRECTION('',(-0.,-0.,1.));
#7899 = PCURVE('',#878,#7900);
#7900 = DEFINITIONAL_REPRESENTATION('',(#7901),#7905);
#7901 = LINE('',#7902,#7903);
#7902 = CARTESIAN_POINT('',(0.,0.));
#7903 = VECTOR('',#7904,1.);
#7904 = DIRECTION('',(0.,-1.));
#7905 = ( GEOMETRIC_REPRESENTATION_CONTEXT(2) 
PARAMETRIC_REPRESENTATION_CONTEXT() REPRESENTATION_CONTEXT('2D SPACE',''
  ) );
#7906 = PCURVE('',#7907,#7912);
#7907 = CYLINDRICAL_SURFACE('',#7908,40.6);
#7908 = AXIS2_PLACEMENT_3D('',#7909,#7910,#7911);
#7909 = CARTESIAN_POINT('',(0.,3.552713678801E-15,2.));
#7910 = DIRECTION('',(-0.,0.,-1.));
#7911 = DIRECTION('',(1.,-1.112441602971E-17,-0.));
#7912 = DEFINITIONAL_REPRESENTATION('',(#7913),#7917);
#7913 = LINE('',#7914,#7915);
#7914 = CARTESIAN_POINT('',(3.14159265359,0.));
#7915 = VECTOR('',#7916,1.);
#7916 = DIRECTION('',(0.,-1.));
#7917 = ( GEOMETRIC_REPRESENTATION_CONTEXT(2) 
PARAMETRIC_REPRESENTATION_CONTEXT() REPRESENTATION_CONTEXT('2D SPACE',''
  ) );
#7918 = ORIENTED_EDGE('',*,*,#7919,.T.);
#7919 = EDGE_CURVE('',#7892,#7920,#7922,.T.);
#7920 = VERTEX_POINT('',#7921);
#7921 = CARTESIAN_POINT('',(42.8,-1.030949170225E-15,3.2));
#7922 = SURFACE_CURVE('',#7923,(#7928,#7935),.PCURVE_S1.);
#7923 = CIRCLE('',#7924,41.7);
#7924 = AXIS2_PLACEMENT_3D('',#7925,#7926,#7927);
#7925 = CARTESIAN_POINT('',(1.1,-3.552713678801E-15,3.2));
#7926 = DIRECTION('',(-0.,0.,-1.));
#7927 = DIRECTION('',(-1.,6.199071088414E-17,0.));
#7928 = PCURVE('',#878,#7929);
#7929 = DEFINITIONAL_REPRESENTATION('',(#7930),#7934);
#7930 = LINE('',#7931,#7932);
#7931 = CARTESIAN_POINT('',(0.,-1.2));
#7932 = VECTOR('',#7933,1.);
#7933 = DIRECTION('',(1.,0.));
#7934 = ( GEOMETRIC_REPRESENTATION_CONTEXT(2) 
PARAMETRIC_REPRESENTATION_CONTEXT() REPRESENTATION_CONTEXT('2D SPACE',''
  ) );
#7935 = PCURVE('',#7936,#7941);
#7936 = PLANE('',#7937);
#7937 = AXIS2_PLACEMENT_3D('',#7938,#7939,#7940);
#7938 = CARTESIAN_POINT('',(0.57247706422,0.634829187511,3.2));
#7939 = DIRECTION('',(-0.,-0.,1.));
#7940 = DIRECTION('',(-1.,0.,0.));
#7941 = DEFINITIONAL_REPRESENTATION('',(#7942),#7950);
#7942 = ( BOUNDED_CURVE() B_SPLINE_CURVE(2,(#7943,#7944,#7945,#7946,
#7947,#7948,#7949),.UNSPECIFIED.,.T.,.F.) B_SPLINE_CURVE_WITH_KNOTS((1,2
    ,2,2,2,1),(-2.094395102393,0.,2.094395102393,4.188790204786,
6.28318530718,8.377580409573),.UNSPECIFIED.) CURVE() 
GEOMETRIC_REPRESENTATION_ITEM() RATIONAL_B_SPLINE_CURVE((1.,0.5,1.,0.5,
1.,0.5,1.)) REPRESENTATION_ITEM('') );
#7943 = CARTESIAN_POINT('',(41.17247706422,0.634829187511));
#7944 = CARTESIAN_POINT('',(41.17247706422,-71.59168948811));
#7945 = CARTESIAN_POINT('',(-21.37752293578,-35.4784301503));
#7946 = CARTESIAN_POINT('',(-83.92752293578,0.63482918751));
#7947 = CARTESIAN_POINT('',(-21.37752293578,36.748088525322));
#7948 = CARTESIAN_POINT('',(41.17247706422,72.861347863133));
#7949 = CARTESIAN_POINT('',(41.17247706422,0.634829187511));
#7950 = ( GEOMETRIC_REPRESENTATION_CONTEXT(2) 
PARAMETRIC_REPRESENTATION_CONTEXT() REPRESENTATION_CONTEXT('2D SPACE',''
  ) );
#7951 = ORIENTED_EDGE('',*,*,#7952,.F.);
#7952 = EDGE_CURVE('',#858,#7920,#7953,.T.);
#7953 = SURFACE_CURVE('',#7954,(#7958,#7965),.PCURVE_S1.);
#7954 = LINE('',#7955,#7956);
#7955 = CARTESIAN_POINT('',(42.8,-1.030949170225E-15,2.));
#7956 = VECTOR('',#7957,1.);
#7957 = DIRECTION('',(-0.,-0.,1.));
#7958 = PCURVE('',#878,#7959);
#7959 = DEFINITIONAL_REPRESENTATION('',(#7960),#7964);
#7960 = LINE('',#7961,#7962);
#7961 = CARTESIAN_POINT('',(3.14159265359,0.));
#7962 = VECTOR('',#7963,1.);
#7963 = DIRECTION('',(0.,-1.));
#7964 = ( GEOMETRIC_REPRESENTATION_CONTEXT(2) 
PARAMETRIC_REPRESENTATION_CONTEXT() REPRESENTATION_CONTEXT('2D SPACE',''
  ) );
#7965 = PCURVE('',#1129,#7966);
#7966 = DEFINITIONAL_REPRESENTATION('',(#7967),#7971);
#7967 = LINE('',#7968,#7969);
#7968 = CARTESIAN_POINT('',(0.,0.));
#7969 = VECTOR('',#7970,1.);
#7970 = DIRECTION('',(0.,-1.));
#7971 = ( GEOMETRIC_REPRESENTATION_CONTEXT(2) 
PARAMETRIC_REPRESENTATION_CONTEXT() REPRESENTATION_CONTEXT('2D SPACE',''
  ) );
#7972 = ORIENTED_EDGE('',*,*,#855,.F.);
#7973 = ORIENTED_EDGE('',*,*,#7974,.F.);
#7974 = EDGE_CURVE('',#4433,#856,#7975,.T.);
#7975 = SURFACE_CURVE('',#7976,(#7981,#7988),.PCURVE_S1.);
#7976 = CIRCLE('',#7977,41.7);
#7977 = AXIS2_PLACEMENT_3D('',#7978,#7979,#7980);
#7978 = CARTESIAN_POINT('',(1.1,-3.552713678801E-15,2.));
#7979 = DIRECTION('',(-0.,0.,-1.));
#7980 = DIRECTION('',(-1.,6.199071088414E-17,0.));
#7981 = PCURVE('',#878,#7982);
#7982 = DEFINITIONAL_REPRESENTATION('',(#7983),#7987);
#7983 = LINE('',#7984,#7985);
#7984 = CARTESIAN_POINT('',(0.,0.));
#7985 = VECTOR('',#7986,1.);
#7986 = DIRECTION('',(1.,0.));
#7987 = ( GEOMETRIC_REPRESENTATION_CONTEXT(2) 
PARAMETRIC_REPRESENTATION_CONTEXT() REPRESENTATION_CONTEXT('2D SPACE',''
  ) );
#7988 = PCURVE('',#4382,#7989);
#7989 = DEFINITIONAL_REPRESENTATION('',(#7990),#7994);
#7990 = CIRCLE('',#7991,41.7);
#7991 = AXIS2_PLACEMENT_2D('',#7992,#7993);
#7992 = CARTESIAN_POINT('',(-34.17237205583,0.55));
#7993 = DIRECTION('',(-0.866025403784,-0.5));
#7994 = ( GEOMETRIC_REPRESENTATION_CONTEXT(2) 
PARAMETRIC_REPRESENTATION_CONTEXT() REPRESENTATION_CONTEXT('2D SPACE',''
  ) );
#7995 = ORIENTED_EDGE('',*,*,#7996,.F.);
#7996 = EDGE_CURVE('',#3265,#4433,#7997,.T.);
#7997 = SURFACE_CURVE('',#7998,(#8003,#8010),.PCURVE_S1.);
#7998 = CIRCLE('',#7999,41.7);
#7999 = AXIS2_PLACEMENT_3D('',#8000,#8001,#8002);
#8000 = CARTESIAN_POINT('',(1.1,-3.552713678801E-15,2.));
#8001 = DIRECTION('',(-0.,0.,-1.));
#8002 = DIRECTION('',(-1.,6.199071088414E-17,0.));
#8003 = PCURVE('',#878,#8004);
#8004 = DEFINITIONAL_REPRESENTATION('',(#8005),#8009);
#8005 = LINE('',#8006,#8007);
#8006 = CARTESIAN_POINT('',(0.,0.));
#8007 = VECTOR('',#8008,1.);
#8008 = DIRECTION('',(1.,0.));
#8009 = ( GEOMETRIC_REPRESENTATION_CONTEXT(2) 
PARAMETRIC_REPRESENTATION_CONTEXT() REPRESENTATION_CONTEXT('2D SPACE',''
  ) );
#8010 = PCURVE('',#3309,#8011);
#8011 = DEFINITIONAL_REPRESENTATION('',(#8012),#8020);
#8012 = ( BOUNDED_CURVE() B_SPLINE_CURVE(2,(#8013,#8014,#8015,#8016,
#8017,#8018,#8019),.UNSPECIFIED.,.T.,.F.) B_SPLINE_CURVE_WITH_KNOTS((1,2
    ,2,2,2,1),(-2.094395102393,0.,2.094395102393,4.188790204786,
6.28318530718,8.377580409573),.UNSPECIFIED.) CURVE() 
GEOMETRIC_REPRESENTATION_ITEM() RATIONAL_B_SPLINE_CURVE((1.,0.5,1.,0.5,
1.,0.5,1.)) REPRESENTATION_ITEM('') );
#8013 = CARTESIAN_POINT('',(40.6,-2.73990184811E-15));
#8014 = CARTESIAN_POINT('',(40.6,-72.22651867562));
#8015 = CARTESIAN_POINT('',(-21.95,-36.11325933781));
#8016 = CARTESIAN_POINT('',(-84.5,-5.198418221392E-15));
#8017 = CARTESIAN_POINT('',(-21.95,36.113259337811));
#8018 = CARTESIAN_POINT('',(40.6,72.226518675622));
#8019 = CARTESIAN_POINT('',(40.6,-2.73990184811E-15));
#8020 = ( GEOMETRIC_REPRESENTATION_CONTEXT(2) 
PARAMETRIC_REPRESENTATION_CONTEXT() REPRESENTATION_CONTEXT('2D SPACE',''
  ) );
#8021 = ORIENTED_EDGE('',*,*,#8022,.F.);
#8022 = EDGE_CURVE('',#3382,#3265,#8023,.T.);
#8023 = SURFACE_CURVE('',#8024,(#8029,#8036),.PCURVE_S1.);
#8024 = CIRCLE('',#8025,41.7);
#8025 = AXIS2_PLACEMENT_3D('',#8026,#8027,#8028);
#8026 = CARTESIAN_POINT('',(1.1,-3.552713678801E-15,2.));
#8027 = DIRECTION('',(-0.,0.,-1.));
#8028 = DIRECTION('',(-1.,6.199071088414E-17,0.));
#8029 = PCURVE('',#878,#8030);
#8030 = DEFINITIONAL_REPRESENTATION('',(#8031),#8035);
#8031 = LINE('',#8032,#8033);
#8032 = CARTESIAN_POINT('',(0.,0.));
#8033 = VECTOR('',#8034,1.);
#8034 = DIRECTION('',(1.,0.));
#8035 = ( GEOMETRIC_REPRESENTATION_CONTEXT(2) 
PARAMETRIC_REPRESENTATION_CONTEXT() REPRESENTATION_CONTEXT('2D SPACE',''
  ) );
#8036 = PCURVE('',#2643,#8037);
#8037 = DEFINITIONAL_REPRESENTATION('',(#8038),#8042);
#8038 = CIRCLE('',#8039,41.7);
#8039 = AXIS2_PLACEMENT_2D('',#8040,#8041);
#8040 = CARTESIAN_POINT('',(-35.125,1.1));
#8041 = DIRECTION('',(2.840353158092E-16,-1.));
#8042 = ( GEOMETRIC_REPRESENTATION_CONTEXT(2) 
PARAMETRIC_REPRESENTATION_CONTEXT() REPRESENTATION_CONTEXT('2D SPACE',''
  ) );
#8043 = ORIENTED_EDGE('',*,*,#8044,.F.);
#8044 = EDGE_CURVE('',#2169,#3382,#8045,.T.);
#8045 = SURFACE_CURVE('',#8046,(#8051,#8058),.PCURVE_S1.);
#8046 = CIRCLE('',#8047,41.7);
#8047 = AXIS2_PLACEMENT_3D('',#8048,#8049,#8050);
#8048 = CARTESIAN_POINT('',(1.1,-3.552713678801E-15,2.));
#8049 = DIRECTION('',(-0.,0.,-1.));
#8050 = DIRECTION('',(-1.,6.199071088414E-17,0.));
#8051 = PCURVE('',#878,#8052);
#8052 = DEFINITIONAL_REPRESENTATION('',(#8053),#8057);
#8053 = LINE('',#8054,#8055);
#8054 = CARTESIAN_POINT('',(0.,0.));
#8055 = VECTOR('',#8056,1.);
#8056 = DIRECTION('',(1.,0.));
#8057 = ( GEOMETRIC_REPRESENTATION_CONTEXT(2) 
PARAMETRIC_REPRESENTATION_CONTEXT() REPRESENTATION_CONTEXT('2D SPACE',''
  ) );
#8058 = PCURVE('',#2207,#8059);
#8059 = DEFINITIONAL_REPRESENTATION('',(#8060),#8068);
#8060 = ( BOUNDED_CURVE() B_SPLINE_CURVE(2,(#8061,#8062,#8063,#8064,
#8065,#8066,#8067),.UNSPECIFIED.,.T.,.F.) B_SPLINE_CURVE_WITH_KNOTS((1,2
    ,2,2,2,1),(-2.094395102393,0.,2.094395102393,4.188790204786,
6.28318530718,8.377580409573),.UNSPECIFIED.) CURVE() 
GEOMETRIC_REPRESENTATION_ITEM() RATIONAL_B_SPLINE_CURVE((1.,0.5,1.,0.5,
1.,0.5,1.)) REPRESENTATION_ITEM('') );
#8061 = CARTESIAN_POINT('',(40.6,-2.73990184811E-15));
#8062 = CARTESIAN_POINT('',(40.6,-72.22651867562));
#8063 = CARTESIAN_POINT('',(-21.95,-36.11325933781));
#8064 = CARTESIAN_POINT('',(-84.5,-5.198418221392E-15));
#8065 = CARTESIAN_POINT('',(-21.95,36.113259337811));
#8066 = CARTESIAN_POINT('',(40.6,72.226518675622));
#8067 = CARTESIAN_POINT('',(40.6,-2.73990184811E-15));
#8068 = ( GEOMETRIC_REPRESENTATION_CONTEXT(2) 
PARAMETRIC_REPRESENTATION_CONTEXT() REPRESENTATION_CONTEXT('2D SPACE',''
  ) );
#8069 = ORIENTED_EDGE('',*,*,#8070,.F.);
#8070 = EDGE_CURVE('',#1579,#2169,#8071,.T.);
#8071 = SURFACE_CURVE('',#8072,(#8077,#8084),.PCURVE_S1.);
#8072 = CIRCLE('',#8073,41.7);
#8073 = AXIS2_PLACEMENT_3D('',#8074,#8075,#8076);
#8074 = CARTESIAN_POINT('',(1.1,-3.552713678801E-15,2.));
#8075 = DIRECTION('',(-0.,0.,-1.));
#8076 = DIRECTION('',(-1.,6.199071088414E-17,0.));
#8077 = PCURVE('',#878,#8078);
#8078 = DEFINITIONAL_REPRESENTATION('',(#8079),#8083);
#8079 = LINE('',#8080,#8081);
#8080 = CARTESIAN_POINT('',(0.,0.));
#8081 = VECTOR('',#8082,1.);
#8082 = DIRECTION('',(1.,0.));
#8083 = ( GEOMETRIC_REPRESENTATION_CONTEXT(2) 
PARAMETRIC_REPRESENTATION_CONTEXT() REPRESENTATION_CONTEXT('2D SPACE',''
  ) );
#8084 = PCURVE('',#1622,#8085);
#8085 = DEFINITIONAL_REPRESENTATION('',(#8086),#8090);
#8086 = CIRCLE('',#8087,41.7);
#8087 = AXIS2_PLACEMENT_2D('',#8088,#8089);
#8088 = CARTESIAN_POINT('',(-36.07762794416,0.55));
#8089 = DIRECTION('',(0.866025403784,-0.5));
#8090 = ( GEOMETRIC_REPRESENTATION_CONTEXT(2) 
PARAMETRIC_REPRESENTATION_CONTEXT() REPRESENTATION_CONTEXT('2D SPACE',''
  ) );
#8091 = ORIENTED_EDGE('',*,*,#8092,.F.);
#8092 = EDGE_CURVE('',#7890,#1579,#8093,.T.);
#8093 = SURFACE_CURVE('',#8094,(#8099,#8106),.PCURVE_S1.);
#8094 = CIRCLE('',#8095,41.7);
#8095 = AXIS2_PLACEMENT_3D('',#8096,#8097,#8098);
#8096 = CARTESIAN_POINT('',(1.1,-3.552713678801E-15,2.));
#8097 = DIRECTION('',(-0.,0.,-1.));
#8098 = DIRECTION('',(-1.,6.199071088414E-17,0.));
#8099 = PCURVE('',#878,#8100);
#8100 = DEFINITIONAL_REPRESENTATION('',(#8101),#8105);
#8101 = LINE('',#8102,#8103);
#8102 = CARTESIAN_POINT('',(0.,0.));
#8103 = VECTOR('',#8104,1.);
#8104 = DIRECTION('',(1.,0.));
#8105 = ( GEOMETRIC_REPRESENTATION_CONTEXT(2) 
PARAMETRIC_REPRESENTATION_CONTEXT() REPRESENTATION_CONTEXT('2D SPACE',''
  ) );
#8106 = PCURVE('',#1594,#8107);
#8107 = DEFINITIONAL_REPRESENTATION('',(#8108),#8116);
#8108 = ( BOUNDED_CURVE() B_SPLINE_CURVE(2,(#8109,#8110,#8111,#8112,
#8113,#8114,#8115),.UNSPECIFIED.,.T.,.F.) B_SPLINE_CURVE_WITH_KNOTS((1,2
    ,2,2,2,1),(-2.094395102393,0.,2.094395102393,4.188790204786,
6.28318530718,8.377580409573),.UNSPECIFIED.) CURVE() 
GEOMETRIC_REPRESENTATION_ITEM() RATIONAL_B_SPLINE_CURVE((1.,0.5,1.,0.5,
1.,0.5,1.)) REPRESENTATION_ITEM('') );
#8109 = CARTESIAN_POINT('',(40.6,-2.73990184811E-15));
#8110 = CARTESIAN_POINT('',(40.6,-72.22651867562));
#8111 = CARTESIAN_POINT('',(-21.95,-36.11325933781));
#8112 = CARTESIAN_POINT('',(-84.5,-5.198418221392E-15));
#8113 = CARTESIAN_POINT('',(-21.95,36.113259337811));
#8114 = CARTESIAN_POINT('',(40.6,72.226518675622));
#8115 = CARTESIAN_POINT('',(40.6,-2.73990184811E-15));
#8116 = ( GEOMETRIC_REPRESENTATION_CONTEXT(2) 
PARAMETRIC_REPRESENTATION_CONTEXT() REPRESENTATION_CONTEXT('2D SPACE',''
  ) );
#8117 = ADVANCED_FACE('',(#8118),#1129,.T.);
#8118 = FACE_BOUND('',#8119,.T.);
#8119 = EDGE_LOOP('',(#8120,#8121,#8149,#8170,#8171,#8193,#8194,#8216,
    #8217,#8239));
#8120 = ORIENTED_EDGE('',*,*,#7952,.T.);
#8121 = ORIENTED_EDGE('',*,*,#8122,.T.);
#8122 = EDGE_CURVE('',#7920,#8123,#8125,.T.);
#8123 = VERTEX_POINT('',#8124);
#8124 = CARTESIAN_POINT('',(-42.8,-4.210539130126E-15,3.2));
#8125 = SURFACE_CURVE('',#8126,(#8131,#8138),.PCURVE_S1.);
#8126 = CIRCLE('',#8127,42.8);
#8127 = AXIS2_PLACEMENT_3D('',#8128,#8129,#8130);
#8128 = CARTESIAN_POINT('',(-3.552713678801E-15,0.,3.2));
#8129 = DIRECTION('',(0.,0.,-1.));
#8130 = DIRECTION('',(1.,-2.408759743516E-17,-0.));
#8131 = PCURVE('',#1129,#8132);
#8132 = DEFINITIONAL_REPRESENTATION('',(#8133),#8137);
#8133 = LINE('',#8134,#8135);
#8134 = CARTESIAN_POINT('',(0.,-1.2));
#8135 = VECTOR('',#8136,1.);
#8136 = DIRECTION('',(1.,0.));
#8137 = ( GEOMETRIC_REPRESENTATION_CONTEXT(2) 
PARAMETRIC_REPRESENTATION_CONTEXT() REPRESENTATION_CONTEXT('2D SPACE',''
  ) );
#8138 = PCURVE('',#7936,#8139);
#8139 = DEFINITIONAL_REPRESENTATION('',(#8140),#8148);
#8140 = ( BOUNDED_CURVE() B_SPLINE_CURVE(2,(#8141,#8142,#8143,#8144,
#8145,#8146,#8147),.UNSPECIFIED.,.T.,.F.) B_SPLINE_CURVE_WITH_KNOTS((1,2
    ,2,2,2,1),(-2.094395102393,0.,2.094395102393,4.188790204786,
6.28318530718,8.377580409573),.UNSPECIFIED.) CURVE() 
GEOMETRIC_REPRESENTATION_ITEM() RATIONAL_B_SPLINE_CURVE((1.,0.5,1.,0.5,
1.,0.5,1.)) REPRESENTATION_ITEM('') );
#8141 = CARTESIAN_POINT('',(-42.22752293578,0.634829187511));
#8142 = CARTESIAN_POINT('',(-42.22752293578,74.766603751458));
#8143 = CARTESIAN_POINT('',(21.97247706422,37.700716469484));
#8144 = CARTESIAN_POINT('',(86.17247706422,0.634829187511));
#8145 = CARTESIAN_POINT('',(21.97247706422,-36.43105809446));
#8146 = CARTESIAN_POINT('',(-42.22752293578,-73.49694537643));
#8147 = CARTESIAN_POINT('',(-42.22752293578,0.634829187511));
#8148 = ( GEOMETRIC_REPRESENTATION_CONTEXT(2) 
PARAMETRIC_REPRESENTATION_CONTEXT() REPRESENTATION_CONTEXT('2D SPACE',''
  ) );
#8149 = ORIENTED_EDGE('',*,*,#8150,.F.);
#8150 = EDGE_CURVE('',#1081,#8123,#8151,.T.);
#8151 = SURFACE_CURVE('',#8152,(#8156,#8163),.PCURVE_S1.);
#8152 = LINE('',#8153,#8154);
#8153 = CARTESIAN_POINT('',(-42.8,-4.210539130126E-15,2.));
#8154 = VECTOR('',#8155,1.);
#8155 = DIRECTION('',(-0.,-0.,1.));
#8156 = PCURVE('',#1129,#8157);
#8157 = DEFINITIONAL_REPRESENTATION('',(#8158),#8162);
#8158 = LINE('',#8159,#8160);
#8159 = CARTESIAN_POINT('',(3.14159265359,0.));
#8160 = VECTOR('',#8161,1.);
#8161 = DIRECTION('',(0.,-1.));
#8162 = ( GEOMETRIC_REPRESENTATION_CONTEXT(2) 
PARAMETRIC_REPRESENTATION_CONTEXT() REPRESENTATION_CONTEXT('2D SPACE',''
  ) );
#8163 = PCURVE('',#992,#8164);
#8164 = DEFINITIONAL_REPRESENTATION('',(#8165),#8169);
#8165 = LINE('',#8166,#8167);
#8166 = CARTESIAN_POINT('',(0.,0.));
#8167 = VECTOR('',#8168,1.);
#8168 = DIRECTION('',(0.,-1.));
#8169 = ( GEOMETRIC_REPRESENTATION_CONTEXT(2) 
PARAMETRIC_REPRESENTATION_CONTEXT() REPRESENTATION_CONTEXT('2D SPACE',''
  ) );
#8170 = ORIENTED_EDGE('',*,*,#1108,.F.);
#8171 = ORIENTED_EDGE('',*,*,#8172,.F.);
#8172 = EDGE_CURVE('',#1142,#1109,#8173,.T.);
#8173 = SURFACE_CURVE('',#8174,(#8179,#8186),.PCURVE_S1.);
#8174 = CIRCLE('',#8175,42.8);
#8175 = AXIS2_PLACEMENT_3D('',#8176,#8177,#8178);
#8176 = CARTESIAN_POINT('',(-3.552713678801E-15,0.,2.));
#8177 = DIRECTION('',(0.,0.,-1.));
#8178 = DIRECTION('',(1.,-2.408759743516E-17,-0.));
#8179 = PCURVE('',#1129,#8180);
#8180 = DEFINITIONAL_REPRESENTATION('',(#8181),#8185);
#8181 = LINE('',#8182,#8183);
#8182 = CARTESIAN_POINT('',(0.,0.));
#8183 = VECTOR('',#8184,1.);
#8184 = DIRECTION('',(1.,0.));
#8185 = ( GEOMETRIC_REPRESENTATION_CONTEXT(2) 
PARAMETRIC_REPRESENTATION_CONTEXT() REPRESENTATION_CONTEXT('2D SPACE',''
  ) );
#8186 = PCURVE('',#5457,#8187);
#8187 = DEFINITIONAL_REPRESENTATION('',(#8188),#8192);
#8188 = CIRCLE('',#8189,42.8);
#8189 = AXIS2_PLACEMENT_2D('',#8190,#8191);
#8190 = CARTESIAN_POINT('',(-35.125,0.));
#8191 = DIRECTION('',(-0.866025403784,-0.5));
#8192 = ( GEOMETRIC_REPRESENTATION_CONTEXT(2) 
PARAMETRIC_REPRESENTATION_CONTEXT() REPRESENTATION_CONTEXT('2D SPACE',''
  ) );
#8193 = ORIENTED_EDGE('',*,*,#1165,.F.);
#8194 = ORIENTED_EDGE('',*,*,#8195,.F.);
#8195 = EDGE_CURVE('',#1194,#1166,#8196,.T.);
#8196 = SURFACE_CURVE('',#8197,(#8202,#8209),.PCURVE_S1.);
#8197 = CIRCLE('',#8198,42.8);
#8198 = AXIS2_PLACEMENT_3D('',#8199,#8200,#8201);
#8199 = CARTESIAN_POINT('',(-3.552713678801E-15,0.,2.));
#8200 = DIRECTION('',(0.,0.,-1.));
#8201 = DIRECTION('',(1.,-2.408759743516E-17,-0.));
#8202 = PCURVE('',#1129,#8203);
#8203 = DEFINITIONAL_REPRESENTATION('',(#8204),#8208);
#8204 = LINE('',#8205,#8206);
#8205 = CARTESIAN_POINT('',(0.,0.));
#8206 = VECTOR('',#8207,1.);
#8207 = DIRECTION('',(1.,0.));
#8208 = ( GEOMETRIC_REPRESENTATION_CONTEXT(2) 
PARAMETRIC_REPRESENTATION_CONTEXT() REPRESENTATION_CONTEXT('2D SPACE',''
  ) );
#8209 = PCURVE('',#7817,#8210);
#8210 = DEFINITIONAL_REPRESENTATION('',(#8211),#8215);
#8211 = CIRCLE('',#8212,42.8);
#8212 = AXIS2_PLACEMENT_2D('',#8213,#8214);
#8213 = CARTESIAN_POINT('',(-35.125,3.573611994558E-15));
#8214 = DIRECTION('',(1.351098998977E-16,-1.));
#8215 = ( GEOMETRIC_REPRESENTATION_CONTEXT(2) 
PARAMETRIC_REPRESENTATION_CONTEXT() REPRESENTATION_CONTEXT('2D SPACE',''
  ) );
#8216 = ORIENTED_EDGE('',*,*,#1217,.F.);
#8217 = ORIENTED_EDGE('',*,*,#8218,.F.);
#8218 = EDGE_CURVE('',#1246,#1218,#8219,.T.);
#8219 = SURFACE_CURVE('',#8220,(#8225,#8232),.PCURVE_S1.);
#8220 = CIRCLE('',#8221,42.8);
#8221 = AXIS2_PLACEMENT_3D('',#8222,#8223,#8224);
#8222 = CARTESIAN_POINT('',(-3.552713678801E-15,0.,2.));
#8223 = DIRECTION('',(0.,0.,-1.));
#8224 = DIRECTION('',(1.,-2.408759743516E-17,-0.));
#8225 = PCURVE('',#1129,#8226);
#8226 = DEFINITIONAL_REPRESENTATION('',(#8227),#8231);
#8227 = LINE('',#8228,#8229);
#8228 = CARTESIAN_POINT('',(0.,0.));
#8229 = VECTOR('',#8230,1.);
#8230 = DIRECTION('',(1.,0.));
#8231 = ( GEOMETRIC_REPRESENTATION_CONTEXT(2) 
PARAMETRIC_REPRESENTATION_CONTEXT() REPRESENTATION_CONTEXT('2D SPACE',''
  ) );
#8232 = PCURVE('',#6834,#8233);
#8233 = DEFINITIONAL_REPRESENTATION('',(#8234),#8238);
#8234 = CIRCLE('',#8235,42.8);
#8235 = AXIS2_PLACEMENT_2D('',#8236,#8237);
#8236 = CARTESIAN_POINT('',(-35.125,3.552713678801E-15));
#8237 = DIRECTION('',(0.866025403784,-0.5));
#8238 = ( GEOMETRIC_REPRESENTATION_CONTEXT(2) 
PARAMETRIC_REPRESENTATION_CONTEXT() REPRESENTATION_CONTEXT('2D SPACE',''
  ) );
#8239 = ORIENTED_EDGE('',*,*,#1269,.F.);
#8240 = ADVANCED_FACE('',(#8241),#992,.T.);
#8241 = FACE_BOUND('',#8242,.T.);
#8242 = EDGE_LOOP('',(#8243,#8244,#8272,#8293,#8294,#8316,#8317,#8339));
#8243 = ORIENTED_EDGE('',*,*,#8150,.T.);
#8244 = ORIENTED_EDGE('',*,*,#8245,.T.);
#8245 = EDGE_CURVE('',#8123,#8246,#8248,.T.);
#8246 = VERTEX_POINT('',#8247);
#8247 = CARTESIAN_POINT('',(45.,1.13186864968E-14,3.2));
#8248 = SURFACE_CURVE('',#8249,(#8254,#8261),.PCURVE_S1.);
#8249 = CIRCLE('',#8250,43.9);
#8250 = AXIS2_PLACEMENT_3D('',#8251,#8252,#8253);
#8251 = CARTESIAN_POINT('',(1.1,-8.881784197001E-15,3.2));
#8252 = DIRECTION('',(-0.,0.,-1.));
#8253 = DIRECTION('',(-1.,1.064064935507E-16,0.));
#8254 = PCURVE('',#992,#8255);
#8255 = DEFINITIONAL_REPRESENTATION('',(#8256),#8260);
#8256 = LINE('',#8257,#8258);
#8257 = CARTESIAN_POINT('',(0.,-1.2));
#8258 = VECTOR('',#8259,1.);
#8259 = DIRECTION('',(1.,0.));
#8260 = ( GEOMETRIC_REPRESENTATION_CONTEXT(2) 
PARAMETRIC_REPRESENTATION_CONTEXT() REPRESENTATION_CONTEXT('2D SPACE',''
  ) );
#8261 = PCURVE('',#7936,#8262);
#8262 = DEFINITIONAL_REPRESENTATION('',(#8263),#8271);
#8263 = ( BOUNDED_CURVE() B_SPLINE_CURVE(2,(#8264,#8265,#8266,#8267,
#8268,#8269,#8270),.UNSPECIFIED.,.T.,.F.) B_SPLINE_CURVE_WITH_KNOTS((1,2
    ,2,2,2,1),(-2.094395102393,0.,2.094395102393,4.188790204786,
6.28318530718,8.377580409573),.UNSPECIFIED.) CURVE() 
GEOMETRIC_REPRESENTATION_ITEM() RATIONAL_B_SPLINE_CURVE((1.,0.5,1.,0.5,
1.,0.5,1.)) REPRESENTATION_ITEM('') );
#8264 = CARTESIAN_POINT('',(43.37247706422,0.634829187511));
#8265 = CARTESIAN_POINT('',(43.37247706422,-75.40220126476));
#8266 = CARTESIAN_POINT('',(-22.47752293578,-37.38368603862));
#8267 = CARTESIAN_POINT('',(-88.32752293578,0.634829187511));
#8268 = CARTESIAN_POINT('',(-22.47752293578,38.653344413647));
#8269 = CARTESIAN_POINT('',(43.37247706422,76.671859639784));
#8270 = CARTESIAN_POINT('',(43.37247706422,0.634829187511));
#8271 = ( GEOMETRIC_REPRESENTATION_CONTEXT(2) 
PARAMETRIC_REPRESENTATION_CONTEXT() REPRESENTATION_CONTEXT('2D SPACE',''
  ) );
#8272 = ORIENTED_EDGE('',*,*,#8273,.F.);
#8273 = EDGE_CURVE('',#944,#8246,#8274,.T.);
#8274 = SURFACE_CURVE('',#8275,(#8279,#8286),.PCURVE_S1.);
#8275 = LINE('',#8276,#8277);
#8276 = CARTESIAN_POINT('',(45.,1.13186864968E-14,2.));
#8277 = VECTOR('',#8278,1.);
#8278 = DIRECTION('',(-0.,-0.,1.));
#8279 = PCURVE('',#992,#8280);
#8280 = DEFINITIONAL_REPRESENTATION('',(#8281),#8285);
#8281 = LINE('',#8282,#8283);
#8282 = CARTESIAN_POINT('',(3.14159265359,0.));
#8283 = VECTOR('',#8284,1.);
#8284 = DIRECTION('',(0.,-1.));
#8285 = ( GEOMETRIC_REPRESENTATION_CONTEXT(2) 
PARAMETRIC_REPRESENTATION_CONTEXT() REPRESENTATION_CONTEXT('2D SPACE',''
  ) );
#8286 = PCURVE('',#959,#8287);
#8287 = DEFINITIONAL_REPRESENTATION('',(#8288),#8292);
#8288 = LINE('',#8289,#8290);
#8289 = CARTESIAN_POINT('',(-0.,-0.));
#8290 = VECTOR('',#8291,1.);
#8291 = DIRECTION('',(-0.,-1.));
#8292 = ( GEOMETRIC_REPRESENTATION_CONTEXT(2) 
PARAMETRIC_REPRESENTATION_CONTEXT() REPRESENTATION_CONTEXT('2D SPACE',''
  ) );
#8293 = ORIENTED_EDGE('',*,*,#971,.F.);
#8294 = ORIENTED_EDGE('',*,*,#8295,.F.);
#8295 = EDGE_CURVE('',#1005,#972,#8296,.T.);
#8296 = SURFACE_CURVE('',#8297,(#8302,#8309),.PCURVE_S1.);
#8297 = CIRCLE('',#8298,43.9);
#8298 = AXIS2_PLACEMENT_3D('',#8299,#8300,#8301);
#8299 = CARTESIAN_POINT('',(1.1,-8.881784197001E-15,2.));
#8300 = DIRECTION('',(-0.,0.,-1.));
#8301 = DIRECTION('',(-1.,1.064064935507E-16,0.));
#8302 = PCURVE('',#992,#8303);
#8303 = DEFINITIONAL_REPRESENTATION('',(#8304),#8308);
#8304 = LINE('',#8305,#8306);
#8305 = CARTESIAN_POINT('',(0.,0.));
#8306 = VECTOR('',#8307,1.);
#8307 = DIRECTION('',(1.,0.));
#8308 = ( GEOMETRIC_REPRESENTATION_CONTEXT(2) 
PARAMETRIC_REPRESENTATION_CONTEXT() REPRESENTATION_CONTEXT('2D SPACE',''
  ) );
#8309 = PCURVE('',#3336,#8310);
#8310 = DEFINITIONAL_REPRESENTATION('',(#8311),#8315);
#8311 = CIRCLE('',#8312,43.9);
#8312 = AXIS2_PLACEMENT_2D('',#8313,#8314);
#8313 = CARTESIAN_POINT('',(-35.125,1.1));
#8314 = DIRECTION('',(3.284510984757E-16,-1.));
#8315 = ( GEOMETRIC_REPRESENTATION_CONTEXT(2) 
PARAMETRIC_REPRESENTATION_CONTEXT() REPRESENTATION_CONTEXT('2D SPACE',''
  ) );
#8316 = ORIENTED_EDGE('',*,*,#1028,.F.);
#8317 = ORIENTED_EDGE('',*,*,#8318,.F.);
#8318 = EDGE_CURVE('',#1057,#1029,#8319,.T.);
#8319 = SURFACE_CURVE('',#8320,(#8325,#8332),.PCURVE_S1.);
#8320 = CIRCLE('',#8321,43.9);
#8321 = AXIS2_PLACEMENT_3D('',#8322,#8323,#8324);
#8322 = CARTESIAN_POINT('',(1.1,-8.881784197001E-15,2.));
#8323 = DIRECTION('',(-0.,0.,-1.));
#8324 = DIRECTION('',(-1.,1.064064935507E-16,0.));
#8325 = PCURVE('',#992,#8326);
#8326 = DEFINITIONAL_REPRESENTATION('',(#8327),#8331);
#8327 = LINE('',#8328,#8329);
#8328 = CARTESIAN_POINT('',(0.,0.));
#8329 = VECTOR('',#8330,1.);
#8330 = DIRECTION('',(1.,0.));
#8331 = ( GEOMETRIC_REPRESENTATION_CONTEXT(2) 
PARAMETRIC_REPRESENTATION_CONTEXT() REPRESENTATION_CONTEXT('2D SPACE',''
  ) );
#8332 = PCURVE('',#2284,#8333);
#8333 = DEFINITIONAL_REPRESENTATION('',(#8334),#8338);
#8334 = CIRCLE('',#8335,43.9);
#8335 = AXIS2_PLACEMENT_2D('',#8336,#8337);
#8336 = CARTESIAN_POINT('',(-36.07762794416,0.55));
#8337 = DIRECTION('',(0.866025403784,-0.5));
#8338 = ( GEOMETRIC_REPRESENTATION_CONTEXT(2) 
PARAMETRIC_REPRESENTATION_CONTEXT() REPRESENTATION_CONTEXT('2D SPACE',''
  ) );
#8339 = ORIENTED_EDGE('',*,*,#1080,.F.);
#8340 = ADVANCED_FACE('',(#8341),#959,.F.);
#8341 = FACE_BOUND('',#8342,.T.);
#8342 = EDGE_LOOP('',(#8343,#8344,#8367,#8388));
#8343 = ORIENTED_EDGE('',*,*,#8273,.T.);
#8344 = ORIENTED_EDGE('',*,*,#8345,.T.);
#8345 = EDGE_CURVE('',#8246,#8346,#8348,.T.);
#8346 = VERTEX_POINT('',#8347);
#8347 = CARTESIAN_POINT('',(44.2,0.,3.2));
#8348 = SURFACE_CURVE('',#8349,(#8353,#8360),.PCURVE_S1.);
#8349 = LINE('',#8350,#8351);
#8350 = CARTESIAN_POINT('',(45.,1.13186864968E-14,3.2));
#8351 = VECTOR('',#8352,1.);
#8352 = DIRECTION('',(-1.,-1.4148358121E-14,-0.));
#8353 = PCURVE('',#959,#8354);
#8354 = DEFINITIONAL_REPRESENTATION('',(#8355),#8359);
#8355 = LINE('',#8356,#8357);
#8356 = CARTESIAN_POINT('',(-0.,-1.2));
#8357 = VECTOR('',#8358,1.);
#8358 = DIRECTION('',(-1.,0.));
#8359 = ( GEOMETRIC_REPRESENTATION_CONTEXT(2) 
PARAMETRIC_REPRESENTATION_CONTEXT() REPRESENTATION_CONTEXT('2D SPACE',''
  ) );
#8360 = PCURVE('',#7936,#8361);
#8361 = DEFINITIONAL_REPRESENTATION('',(#8362),#8366);
#8362 = LINE('',#8363,#8364);
#8363 = CARTESIAN_POINT('',(-44.42752293578,0.63482918751));
#8364 = VECTOR('',#8365,1.);
#8365 = DIRECTION('',(1.,1.4148358121E-14));
#8366 = ( GEOMETRIC_REPRESENTATION_CONTEXT(2) 
PARAMETRIC_REPRESENTATION_CONTEXT() REPRESENTATION_CONTEXT('2D SPACE',''
  ) );
#8367 = ORIENTED_EDGE('',*,*,#8368,.F.);
#8368 = EDGE_CURVE('',#915,#8346,#8369,.T.);
#8369 = SURFACE_CURVE('',#8370,(#8374,#8381),.PCURVE_S1.);
#8370 = LINE('',#8371,#8372);
#8371 = CARTESIAN_POINT('',(44.2,0.,2.));
#8372 = VECTOR('',#8373,1.);
#8373 = DIRECTION('',(-0.,-0.,1.));
#8374 = PCURVE('',#959,#8375);
#8375 = DEFINITIONAL_REPRESENTATION('',(#8376),#8380);
#8376 = LINE('',#8377,#8378);
#8377 = CARTESIAN_POINT('',(-0.8,0.));
#8378 = VECTOR('',#8379,1.);
#8379 = DIRECTION('',(-0.,-1.));
#8380 = ( GEOMETRIC_REPRESENTATION_CONTEXT(2) 
PARAMETRIC_REPRESENTATION_CONTEXT() REPRESENTATION_CONTEXT('2D SPACE',''
  ) );
#8381 = PCURVE('',#931,#8382);
#8382 = DEFINITIONAL_REPRESENTATION('',(#8383),#8387);
#8383 = LINE('',#8384,#8385);
#8384 = CARTESIAN_POINT('',(-0.,0.));
#8385 = VECTOR('',#8386,1.);
#8386 = DIRECTION('',(-0.,-1.));
#8387 = ( GEOMETRIC_REPRESENTATION_CONTEXT(2) 
PARAMETRIC_REPRESENTATION_CONTEXT() REPRESENTATION_CONTEXT('2D SPACE',''
  ) );
#8388 = ORIENTED_EDGE('',*,*,#943,.F.);
#8389 = ADVANCED_FACE('',(#8390),#931,.F.);
#8390 = FACE_BOUND('',#8391,.T.);
#8391 = EDGE_LOOP('',(#8392,#8393,#8417,#8445,#8467,#8493,#8515,#8541,
    #8563,#8589));
#8392 = ORIENTED_EDGE('',*,*,#8368,.T.);
#8393 = ORIENTED_EDGE('',*,*,#8394,.T.);
#8394 = EDGE_CURVE('',#8346,#8395,#8397,.T.);
#8395 = VERTEX_POINT('',#8396);
#8396 = CARTESIAN_POINT('',(-42.,-1.827199653276E-15,3.2));
#8397 = SURFACE_CURVE('',#8398,(#8403,#8410),.PCURVE_S1.);
#8398 = CIRCLE('',#8399,43.1);
#8399 = AXIS2_PLACEMENT_3D('',#8400,#8401,#8402);
#8400 = CARTESIAN_POINT('',(1.1,-3.552713678801E-15,3.2));
#8401 = DIRECTION('',(0.,0.,1.));
#8402 = DIRECTION('',(1.,8.242955171231E-17,-0.));
#8403 = PCURVE('',#931,#8404);
#8404 = DEFINITIONAL_REPRESENTATION('',(#8405),#8409);
#8405 = LINE('',#8406,#8407);
#8406 = CARTESIAN_POINT('',(-0.,-1.2));
#8407 = VECTOR('',#8408,1.);
#8408 = DIRECTION('',(-1.,0.));
#8409 = ( GEOMETRIC_REPRESENTATION_CONTEXT(2) 
PARAMETRIC_REPRESENTATION_CONTEXT() REPRESENTATION_CONTEXT('2D SPACE',''
  ) );
#8410 = PCURVE('',#7936,#8411);
#8411 = DEFINITIONAL_REPRESENTATION('',(#8412),#8416);
#8412 = CIRCLE('',#8413,43.1);
#8413 = AXIS2_PLACEMENT_2D('',#8414,#8415);
#8414 = CARTESIAN_POINT('',(-0.52752293578,0.634829187511));
#8415 = DIRECTION('',(-1.,-8.242955171231E-17));
#8416 = ( GEOMETRIC_REPRESENTATION_CONTEXT(2) 
PARAMETRIC_REPRESENTATION_CONTEXT() REPRESENTATION_CONTEXT('2D SPACE',''
  ) );
#8417 = ORIENTED_EDGE('',*,*,#8418,.F.);
#8418 = EDGE_CURVE('',#8419,#8395,#8421,.T.);
#8419 = VERTEX_POINT('',#8420);
#8420 = CARTESIAN_POINT('',(-42.,-1.827199653276E-15,2.));
#8421 = SURFACE_CURVE('',#8422,(#8426,#8433),.PCURVE_S1.);
#8422 = LINE('',#8423,#8424);
#8423 = CARTESIAN_POINT('',(-42.,-1.827199653276E-15,2.));
#8424 = VECTOR('',#8425,1.);
#8425 = DIRECTION('',(-0.,-0.,1.));
#8426 = PCURVE('',#931,#8427);
#8427 = DEFINITIONAL_REPRESENTATION('',(#8428),#8432);
#8428 = LINE('',#8429,#8430);
#8429 = CARTESIAN_POINT('',(-3.14159265359,0.));
#8430 = VECTOR('',#8431,1.);
#8431 = DIRECTION('',(-0.,-1.));
#8432 = ( GEOMETRIC_REPRESENTATION_CONTEXT(2) 
PARAMETRIC_REPRESENTATION_CONTEXT() REPRESENTATION_CONTEXT('2D SPACE',''
  ) );
#8433 = PCURVE('',#8434,#8439);
#8434 = CYLINDRICAL_SURFACE('',#8435,42.);
#8435 = AXIS2_PLACEMENT_3D('',#8436,#8437,#8438);
#8436 = CARTESIAN_POINT('',(5.329070518201E-15,-8.881784197001E-15,2.));
#8437 = DIRECTION('',(-0.,-0.,-1.));
#8438 = DIRECTION('',(-1.,1.679662986601E-16,-0.));
#8439 = DEFINITIONAL_REPRESENTATION('',(#8440),#8444);
#8440 = LINE('',#8441,#8442);
#8441 = CARTESIAN_POINT('',(-0.,0.));
#8442 = VECTOR('',#8443,1.);
#8443 = DIRECTION('',(-0.,-1.));
#8444 = ( GEOMETRIC_REPRESENTATION_CONTEXT(2) 
PARAMETRIC_REPRESENTATION_CONTEXT() REPRESENTATION_CONTEXT('2D SPACE',''
  ) );
#8445 = ORIENTED_EDGE('',*,*,#8446,.F.);
#8446 = EDGE_CURVE('',#2302,#8419,#8447,.T.);
#8447 = SURFACE_CURVE('',#8448,(#8453,#8460),.PCURVE_S1.);
#8448 = CIRCLE('',#8449,43.1);
#8449 = AXIS2_PLACEMENT_3D('',#8450,#8451,#8452);
#8450 = CARTESIAN_POINT('',(1.1,-3.552713678801E-15,2.));
#8451 = DIRECTION('',(0.,0.,1.));
#8452 = DIRECTION('',(1.,8.242955171231E-17,-0.));
#8453 = PCURVE('',#931,#8454);
#8454 = DEFINITIONAL_REPRESENTATION('',(#8455),#8459);
#8455 = LINE('',#8456,#8457);
#8456 = CARTESIAN_POINT('',(-0.,0.));
#8457 = VECTOR('',#8458,1.);
#8458 = DIRECTION('',(-1.,0.));
#8459 = ( GEOMETRIC_REPRESENTATION_CONTEXT(2) 
PARAMETRIC_REPRESENTATION_CONTEXT() REPRESENTATION_CONTEXT('2D SPACE',''
  ) );
#8460 = PCURVE('',#1594,#8461);
#8461 = DEFINITIONAL_REPRESENTATION('',(#8462),#8466);
#8462 = CIRCLE('',#8463,43.1);
#8463 = AXIS2_PLACEMENT_2D('',#8464,#8465);
#8464 = CARTESIAN_POINT('',(-1.1,-1.548892042409E-16));
#8465 = DIRECTION('',(-1.,-8.242955171231E-17));
#8466 = ( GEOMETRIC_REPRESENTATION_CONTEXT(2) 
PARAMETRIC_REPRESENTATION_CONTEXT() REPRESENTATION_CONTEXT('2D SPACE',''
  ) );
#8467 = ORIENTED_EDGE('',*,*,#8468,.F.);
#8468 = EDGE_CURVE('',#2246,#2302,#8469,.T.);
#8469 = SURFACE_CURVE('',#8470,(#8475,#8482),.PCURVE_S1.);
#8470 = CIRCLE('',#8471,43.1);
#8471 = AXIS2_PLACEMENT_3D('',#8472,#8473,#8474);
#8472 = CARTESIAN_POINT('',(1.1,-3.552713678801E-15,2.));
#8473 = DIRECTION('',(0.,0.,1.));
#8474 = DIRECTION('',(1.,8.242955171231E-17,-0.));
#8475 = PCURVE('',#931,#8476);
#8476 = DEFINITIONAL_REPRESENTATION('',(#8477),#8481);
#8477 = LINE('',#8478,#8479);
#8478 = CARTESIAN_POINT('',(-0.,0.));
#8479 = VECTOR('',#8480,1.);
#8480 = DIRECTION('',(-1.,0.));
#8481 = ( GEOMETRIC_REPRESENTATION_CONTEXT(2) 
PARAMETRIC_REPRESENTATION_CONTEXT() REPRESENTATION_CONTEXT('2D SPACE',''
  ) );
#8482 = PCURVE('',#2284,#8483);
#8483 = DEFINITIONAL_REPRESENTATION('',(#8484),#8492);
#8484 = ( BOUNDED_CURVE() B_SPLINE_CURVE(2,(#8485,#8486,#8487,#8488,
#8489,#8490,#8491),.UNSPECIFIED.,.T.,.F.) B_SPLINE_CURVE_WITH_KNOTS((1,2
    ,2,2,2,1),(-2.094395102393,0.,2.094395102393,4.188790204786,
6.28318530718,8.377580409573),.UNSPECIFIED.) CURVE() 
GEOMETRIC_REPRESENTATION_ITEM() RATIONAL_B_SPLINE_CURVE((1.,0.5,1.,0.5,
1.,0.5,1.)) REPRESENTATION_ITEM('') );
#8485 = CARTESIAN_POINT('',(-73.40332284727,22.1));
#8486 = CARTESIAN_POINT('',(-36.07762794416,86.75));
#8487 = CARTESIAN_POINT('',(1.248066958946,22.1));
#8488 = CARTESIAN_POINT('',(38.573761862056,-42.55));
#8489 = CARTESIAN_POINT('',(-36.07762794416,-42.55));
#8490 = CARTESIAN_POINT('',(-110.7290177503,-42.55));
#8491 = CARTESIAN_POINT('',(-73.40332284727,22.1));
#8492 = ( GEOMETRIC_REPRESENTATION_CONTEXT(2) 
PARAMETRIC_REPRESENTATION_CONTEXT() REPRESENTATION_CONTEXT('2D SPACE',''
  ) );
#8493 = ORIENTED_EDGE('',*,*,#8494,.F.);
#8494 = EDGE_CURVE('',#3354,#2246,#8495,.T.);
#8495 = SURFACE_CURVE('',#8496,(#8501,#8508),.PCURVE_S1.);
#8496 = CIRCLE('',#8497,43.1);
#8497 = AXIS2_PLACEMENT_3D('',#8498,#8499,#8500);
#8498 = CARTESIAN_POINT('',(1.1,-3.552713678801E-15,2.));
#8499 = DIRECTION('',(0.,0.,1.));
#8500 = DIRECTION('',(1.,8.242955171231E-17,-0.));
#8501 = PCURVE('',#931,#8502);
#8502 = DEFINITIONAL_REPRESENTATION('',(#8503),#8507);
#8503 = LINE('',#8504,#8505);
#8504 = CARTESIAN_POINT('',(-0.,0.));
#8505 = VECTOR('',#8506,1.);
#8506 = DIRECTION('',(-1.,0.));
#8507 = ( GEOMETRIC_REPRESENTATION_CONTEXT(2) 
PARAMETRIC_REPRESENTATION_CONTEXT() REPRESENTATION_CONTEXT('2D SPACE',''
  ) );
#8508 = PCURVE('',#2207,#8509);
#8509 = DEFINITIONAL_REPRESENTATION('',(#8510),#8514);
#8510 = CIRCLE('',#8511,43.1);
#8511 = AXIS2_PLACEMENT_2D('',#8512,#8513);
#8512 = CARTESIAN_POINT('',(-1.1,-1.548892042409E-16));
#8513 = DIRECTION('',(-1.,-8.242955171231E-17));
#8514 = ( GEOMETRIC_REPRESENTATION_CONTEXT(2) 
PARAMETRIC_REPRESENTATION_CONTEXT() REPRESENTATION_CONTEXT('2D SPACE',''
  ) );
#8515 = ORIENTED_EDGE('',*,*,#8516,.F.);
#8516 = EDGE_CURVE('',#3293,#3354,#8517,.T.);
#8517 = SURFACE_CURVE('',#8518,(#8523,#8530),.PCURVE_S1.);
#8518 = CIRCLE('',#8519,43.1);
#8519 = AXIS2_PLACEMENT_3D('',#8520,#8521,#8522);
#8520 = CARTESIAN_POINT('',(1.1,-3.552713678801E-15,2.));
#8521 = DIRECTION('',(0.,0.,1.));
#8522 = DIRECTION('',(1.,8.242955171231E-17,-0.));
#8523 = PCURVE('',#931,#8524);
#8524 = DEFINITIONAL_REPRESENTATION('',(#8525),#8529);
#8525 = LINE('',#8526,#8527);
#8526 = CARTESIAN_POINT('',(-0.,0.));
#8527 = VECTOR('',#8528,1.);
#8528 = DIRECTION('',(-1.,0.));
#8529 = ( GEOMETRIC_REPRESENTATION_CONTEXT(2) 
PARAMETRIC_REPRESENTATION_CONTEXT() REPRESENTATION_CONTEXT('2D SPACE',''
  ) );
#8530 = PCURVE('',#3336,#8531);
#8531 = DEFINITIONAL_REPRESENTATION('',(#8532),#8540);
#8532 = ( BOUNDED_CURVE() B_SPLINE_CURVE(2,(#8533,#8534,#8535,#8536,
#8537,#8538,#8539),.UNSPECIFIED.,.T.,.F.) B_SPLINE_CURVE_WITH_KNOTS((1,2
    ,2,2,2,1),(-2.094395102393,0.,2.094395102393,4.188790204786,
6.28318530718,8.377580409573),.UNSPECIFIED.) CURVE() 
GEOMETRIC_REPRESENTATION_ITEM() RATIONAL_B_SPLINE_CURVE((1.,0.5,1.,0.5,
1.,0.5,1.)) REPRESENTATION_ITEM('') );
#8533 = CARTESIAN_POINT('',(-35.125,44.2));
#8534 = CARTESIAN_POINT('',(39.526389806219,44.2));
#8535 = CARTESIAN_POINT('',(2.200694903109,-20.45));
#8536 = CARTESIAN_POINT('',(-35.125,-85.1));
#8537 = CARTESIAN_POINT('',(-72.4506949031,-20.45));
#8538 = CARTESIAN_POINT('',(-109.7763898062,44.2));
#8539 = CARTESIAN_POINT('',(-35.125,44.2));
#8540 = ( GEOMETRIC_REPRESENTATION_CONTEXT(2) 
PARAMETRIC_REPRESENTATION_CONTEXT() REPRESENTATION_CONTEXT('2D SPACE',''
  ) );
#8541 = ORIENTED_EDGE('',*,*,#8542,.F.);
#8542 = EDGE_CURVE('',#4400,#3293,#8543,.T.);
#8543 = SURFACE_CURVE('',#8544,(#8549,#8556),.PCURVE_S1.);
#8544 = CIRCLE('',#8545,43.1);
#8545 = AXIS2_PLACEMENT_3D('',#8546,#8547,#8548);
#8546 = CARTESIAN_POINT('',(1.1,-3.552713678801E-15,2.));
#8547 = DIRECTION('',(0.,0.,1.));
#8548 = DIRECTION('',(1.,8.242955171231E-17,-0.));
#8549 = PCURVE('',#931,#8550);
#8550 = DEFINITIONAL_REPRESENTATION('',(#8551),#8555);
#8551 = LINE('',#8552,#8553);
#8552 = CARTESIAN_POINT('',(-0.,0.));
#8553 = VECTOR('',#8554,1.);
#8554 = DIRECTION('',(-1.,0.));
#8555 = ( GEOMETRIC_REPRESENTATION_CONTEXT(2) 
PARAMETRIC_REPRESENTATION_CONTEXT() REPRESENTATION_CONTEXT('2D SPACE',''
  ) );
#8556 = PCURVE('',#3309,#8557);
#8557 = DEFINITIONAL_REPRESENTATION('',(#8558),#8562);
#8558 = CIRCLE('',#8559,43.1);
#8559 = AXIS2_PLACEMENT_2D('',#8560,#8561);
#8560 = CARTESIAN_POINT('',(-1.1,-1.548892042409E-16));
#8561 = DIRECTION('',(-1.,-8.242955171231E-17));
#8562 = ( GEOMETRIC_REPRESENTATION_CONTEXT(2) 
PARAMETRIC_REPRESENTATION_CONTEXT() REPRESENTATION_CONTEXT('2D SPACE',''
  ) );
#8563 = ORIENTED_EDGE('',*,*,#8564,.F.);
#8564 = EDGE_CURVE('',#891,#4400,#8565,.T.);
#8565 = SURFACE_CURVE('',#8566,(#8571,#8578),.PCURVE_S1.);
#8566 = CIRCLE('',#8567,43.1);
#8567 = AXIS2_PLACEMENT_3D('',#8568,#8569,#8570);
#8568 = CARTESIAN_POINT('',(1.1,-3.552713678801E-15,2.));
#8569 = DIRECTION('',(0.,0.,1.));
#8570 = DIRECTION('',(1.,8.242955171231E-17,-0.));
#8571 = PCURVE('',#931,#8572);
#8572 = DEFINITIONAL_REPRESENTATION('',(#8573),#8577);
#8573 = LINE('',#8574,#8575);
#8574 = CARTESIAN_POINT('',(-0.,0.));
#8575 = VECTOR('',#8576,1.);
#8576 = DIRECTION('',(-1.,0.));
#8577 = ( GEOMETRIC_REPRESENTATION_CONTEXT(2) 
PARAMETRIC_REPRESENTATION_CONTEXT() REPRESENTATION_CONTEXT('2D SPACE',''
  ) );
#8578 = PCURVE('',#4416,#8579);
#8579 = DEFINITIONAL_REPRESENTATION('',(#8580),#8588);
#8580 = ( BOUNDED_CURVE() B_SPLINE_CURVE(2,(#8581,#8582,#8583,#8584,
#8585,#8586,#8587),.UNSPECIFIED.,.T.,.F.) B_SPLINE_CURVE_WITH_KNOTS((1,2
    ,2,2,2,1),(-2.094395102393,0.,2.094395102393,4.188790204786,
6.28318530718,8.377580409573),.UNSPECIFIED.) CURVE() 
GEOMETRIC_REPRESENTATION_ITEM() RATIONAL_B_SPLINE_CURVE((1.,0.5,1.,0.5,
1.,0.5,1.)) REPRESENTATION_ITEM('') );
#8581 = CARTESIAN_POINT('',(3.153322847272,22.1));
#8582 = CARTESIAN_POINT('',(40.479017750382,-42.55));
#8583 = CARTESIAN_POINT('',(-34.17237205583,-42.55));
#8584 = CARTESIAN_POINT('',(-108.823761862,-42.55));
#8585 = CARTESIAN_POINT('',(-71.49806695894,22.1));
#8586 = CARTESIAN_POINT('',(-34.17237205583,86.75));
#8587 = CARTESIAN_POINT('',(3.153322847272,22.1));
#8588 = ( GEOMETRIC_REPRESENTATION_CONTEXT(2) 
PARAMETRIC_REPRESENTATION_CONTEXT() REPRESENTATION_CONTEXT('2D SPACE',''
  ) );
#8589 = ORIENTED_EDGE('',*,*,#914,.F.);
#8590 = ADVANCED_FACE('',(#8591),#1338,.T.);
#8591 = FACE_BOUND('',#8592,.F.);
#8592 = EDGE_LOOP('',(#8593,#8594,#8595,#8622,#8623,#8624));
#8593 = ORIENTED_EDGE('',*,*,#1502,.T.);
#8594 = ORIENTED_EDGE('',*,*,#1913,.T.);
#8595 = ORIENTED_EDGE('',*,*,#8596,.F.);
#8596 = EDGE_CURVE('',#1859,#1914,#8597,.T.);
#8597 = SURFACE_CURVE('',#8598,(#8603,#8610),.PCURVE_S1.);
#8598 = CIRCLE('',#8599,30.7);
#8599 = AXIS2_PLACEMENT_3D('',#8600,#8601,#8602);
#8600 = CARTESIAN_POINT('',(1.1,-1.7763568394E-15,2.));
#8601 = DIRECTION('',(-0.,0.,-1.));
#8602 = DIRECTION('',(-1.,3.517258604953E-17,0.));
#8603 = PCURVE('',#1338,#8604);
#8604 = DEFINITIONAL_REPRESENTATION('',(#8605),#8609);
#8605 = CIRCLE('',#8606,30.7);
#8606 = AXIS2_PLACEMENT_2D('',#8607,#8608);
#8607 = CARTESIAN_POINT('',(-36.07762794416,0.55));
#8608 = DIRECTION('',(0.866025403784,-0.5));
#8609 = ( GEOMETRIC_REPRESENTATION_CONTEXT(2) 
PARAMETRIC_REPRESENTATION_CONTEXT() REPRESENTATION_CONTEXT('2D SPACE',''
  ) );
#8610 = PCURVE('',#8611,#8616);
#8611 = CYLINDRICAL_SURFACE('',#8612,30.7);
#8612 = AXIS2_PLACEMENT_3D('',#8613,#8614,#8615);
#8613 = CARTESIAN_POINT('',(1.1,-1.7763568394E-15,2.));
#8614 = DIRECTION('',(-0.,0.,-1.));
#8615 = DIRECTION('',(-1.,3.517258604953E-17,0.));
#8616 = DEFINITIONAL_REPRESENTATION('',(#8617),#8621);
#8617 = LINE('',#8618,#8619);
#8618 = CARTESIAN_POINT('',(0.,0.));
#8619 = VECTOR('',#8620,1.);
#8620 = DIRECTION('',(1.,0.));
#8621 = ( GEOMETRIC_REPRESENTATION_CONTEXT(2) 
PARAMETRIC_REPRESENTATION_CONTEXT() REPRESENTATION_CONTEXT('2D SPACE',''
  ) );
#8622 = ORIENTED_EDGE('',*,*,#1886,.T.);
#8623 = ORIENTED_EDGE('',*,*,#1321,.T.);
#8624 = ORIENTED_EDGE('',*,*,#8625,.F.);
#8625 = EDGE_CURVE('',#1474,#1322,#8626,.T.);
#8626 = SURFACE_CURVE('',#8627,(#8632,#8643),.PCURVE_S1.);
#8627 = CIRCLE('',#8628,29.9);
#8628 = AXIS2_PLACEMENT_3D('',#8629,#8630,#8631);
#8629 = CARTESIAN_POINT('',(1.1,1.7763568394E-15,2.));
#8630 = DIRECTION('',(0.,0.,1.));
#8631 = DIRECTION('',(1.,-2.793089199885E-16,-0.));
#8632 = PCURVE('',#1338,#8633);
#8633 = DEFINITIONAL_REPRESENTATION('',(#8634),#8642);
#8634 = ( BOUNDED_CURVE() B_SPLINE_CURVE(2,(#8635,#8636,#8637,#8638,
#8639,#8640,#8641),.UNSPECIFIED.,.T.,.F.) B_SPLINE_CURVE_WITH_KNOTS((1,2
    ,2,2,2,1),(-2.094395102393,0.,2.094395102393,4.188790204786,
6.28318530718,8.377580409573),.UNSPECIFIED.) CURVE() 
GEOMETRIC_REPRESENTATION_ITEM() RATIONAL_B_SPLINE_CURVE((1.,0.5,1.,0.5,
1.,0.5,1.)) REPRESENTATION_ITEM('') );
#8635 = CARTESIAN_POINT('',(-61.97178751731,15.5));
#8636 = CARTESIAN_POINT('',(-36.07762794416,60.35));
#8637 = CARTESIAN_POINT('',(-10.183468371,15.5));
#8638 = CARTESIAN_POINT('',(15.710691202147,-29.35));
#8639 = CARTESIAN_POINT('',(-36.07762794416,-29.35));
#8640 = CARTESIAN_POINT('',(-87.86594709047,-29.35));
#8641 = CARTESIAN_POINT('',(-61.97178751731,15.5));
#8642 = ( GEOMETRIC_REPRESENTATION_CONTEXT(2) 
PARAMETRIC_REPRESENTATION_CONTEXT() REPRESENTATION_CONTEXT('2D SPACE',''
  ) );
#8643 = PCURVE('',#8644,#8649);
#8644 = CYLINDRICAL_SURFACE('',#8645,29.9);
#8645 = AXIS2_PLACEMENT_3D('',#8646,#8647,#8648);
#8646 = CARTESIAN_POINT('',(1.1,1.7763568394E-15,2.));
#8647 = DIRECTION('',(-0.,-0.,-1.));
#8648 = DIRECTION('',(1.,-2.793089199885E-16,-0.));
#8649 = DEFINITIONAL_REPRESENTATION('',(#8650),#8654);
#8650 = LINE('',#8651,#8652);
#8651 = CARTESIAN_POINT('',(-0.,0.));
#8652 = VECTOR('',#8653,1.);
#8653 = DIRECTION('',(-1.,0.));
#8654 = ( GEOMETRIC_REPRESENTATION_CONTEXT(2) 
PARAMETRIC_REPRESENTATION_CONTEXT() REPRESENTATION_CONTEXT('2D SPACE',''
  ) );
#8655 = ADVANCED_FACE('',(#8656),#1371,.T.);
#8656 = FACE_BOUND('',#8657,.F.);
#8657 = EDGE_LOOP('',(#8658,#8691,#8692,#8721,#8743,#8744));
#8658 = ORIENTED_EDGE('',*,*,#8659,.F.);
#8659 = EDGE_CURVE('',#4654,#8660,#8662,.T.);
#8660 = VERTEX_POINT('',#8661);
#8661 = CARTESIAN_POINT('',(-27.4,2.377427645731E-15,2.));
#8662 = SURFACE_CURVE('',#8663,(#8668,#8679),.PCURVE_S1.);
#8663 = CIRCLE('',#8664,27.4);
#8664 = AXIS2_PLACEMENT_3D('',#8665,#8666,#8667);
#8665 = CARTESIAN_POINT('',(3.552713678801E-15,3.552713678801E-15,2.));
#8666 = DIRECTION('',(0.,0.,-1.));
#8667 = DIRECTION('',(1.,-7.957102907278E-17,-0.));
#8668 = PCURVE('',#1371,#8669);
#8669 = DEFINITIONAL_REPRESENTATION('',(#8670),#8678);
#8670 = ( BOUNDED_CURVE() B_SPLINE_CURVE(2,(#8671,#8672,#8673,#8674,
#8675,#8676,#8677),.UNSPECIFIED.,.T.,.F.) B_SPLINE_CURVE_WITH_KNOTS((1,2
    ,2,2,2,1),(-2.094395102393,0.,2.094395102393,4.188790204786,
6.28318530718,8.377580409573),.UNSPECIFIED.) CURVE() 
GEOMETRIC_REPRESENTATION_ITEM() RATIONAL_B_SPLINE_CURVE((1.,0.5,1.,0.5,
1.,0.5,1.)) REPRESENTATION_ITEM('') );
#8671 = CARTESIAN_POINT('',(-27.4,-5.080070365248E-15));
#8672 = CARTESIAN_POINT('',(-27.4,47.458192127387));
#8673 = CARTESIAN_POINT('',(13.7,23.729096063694));
#8674 = CARTESIAN_POINT('',(54.8,-4.909744495703E-15));
#8675 = CARTESIAN_POINT('',(13.7,-23.72909606369));
#8676 = CARTESIAN_POINT('',(-27.4,-47.45819212738));
#8677 = CARTESIAN_POINT('',(-27.4,-5.080070365248E-15));
#8678 = ( GEOMETRIC_REPRESENTATION_CONTEXT(2) 
PARAMETRIC_REPRESENTATION_CONTEXT() REPRESENTATION_CONTEXT('2D SPACE',''
  ) );
#8679 = PCURVE('',#8680,#8685);
#8680 = CYLINDRICAL_SURFACE('',#8681,27.4);
#8681 = AXIS2_PLACEMENT_3D('',#8682,#8683,#8684);
#8682 = CARTESIAN_POINT('',(3.552713678801E-15,3.552713678801E-15,2.));
#8683 = DIRECTION('',(-0.,0.,-1.));
#8684 = DIRECTION('',(1.,-7.957102907278E-17,-0.));
#8685 = DEFINITIONAL_REPRESENTATION('',(#8686),#8690);
#8686 = LINE('',#8687,#8688);
#8687 = CARTESIAN_POINT('',(0.,0.));
#8688 = VECTOR('',#8689,1.);
#8689 = DIRECTION('',(1.,0.));
#8690 = ( GEOMETRIC_REPRESENTATION_CONTEXT(2) 
PARAMETRIC_REPRESENTATION_CONTEXT() REPRESENTATION_CONTEXT('2D SPACE',''
  ) );
#8691 = ORIENTED_EDGE('',*,*,#4681,.T.);
#8692 = ORIENTED_EDGE('',*,*,#8693,.F.);
#8693 = EDGE_CURVE('',#8694,#4682,#8696,.T.);
#8694 = VERTEX_POINT('',#8695);
#8695 = CARTESIAN_POINT('',(-28.8,5.111201019888E-16,2.));
#8696 = SURFACE_CURVE('',#8697,(#8702,#8709),.PCURVE_S1.);
#8697 = CIRCLE('',#8698,28.8);
#8698 = AXIS2_PLACEMENT_3D('',#8699,#8700,#8701);
#8699 = CARTESIAN_POINT('',(-3.552713678801E-15,4.440892098501E-15,2.));
#8700 = DIRECTION('',(0.,-0.,1.));
#8701 = DIRECTION('',(-1.,-1.364504165456E-16,-0.));
#8702 = PCURVE('',#1371,#8703);
#8703 = DEFINITIONAL_REPRESENTATION('',(#8704),#8708);
#8704 = CIRCLE('',#8705,28.8);
#8705 = AXIS2_PLACEMENT_2D('',#8706,#8707);
#8706 = CARTESIAN_POINT('',(7.447082729441E-16,-8.148494981542E-15));
#8707 = DIRECTION('',(1.,1.364504165456E-16));
#8708 = ( GEOMETRIC_REPRESENTATION_CONTEXT(2) 
PARAMETRIC_REPRESENTATION_CONTEXT() REPRESENTATION_CONTEXT('2D SPACE',''
  ) );
#8709 = PCURVE('',#8710,#8715);
#8710 = CYLINDRICAL_SURFACE('',#8711,28.8);
#8711 = AXIS2_PLACEMENT_3D('',#8712,#8713,#8714);
#8712 = CARTESIAN_POINT('',(-3.552713678801E-15,4.440892098501E-15,2.));
#8713 = DIRECTION('',(-0.,-0.,-1.));
#8714 = DIRECTION('',(-1.,-1.364504165456E-16,-0.));
#8715 = DEFINITIONAL_REPRESENTATION('',(#8716),#8720);
#8716 = LINE('',#8717,#8718);
#8717 = CARTESIAN_POINT('',(-0.,0.));
#8718 = VECTOR('',#8719,1.);
#8719 = DIRECTION('',(-1.,0.));
#8720 = ( GEOMETRIC_REPRESENTATION_CONTEXT(2) 
PARAMETRIC_REPRESENTATION_CONTEXT() REPRESENTATION_CONTEXT('2D SPACE',''
  ) );
#8721 = ORIENTED_EDGE('',*,*,#8722,.F.);
#8722 = EDGE_CURVE('',#1322,#8694,#8723,.T.);
#8723 = SURFACE_CURVE('',#8724,(#8729,#8736),.PCURVE_S1.);
#8724 = CIRCLE('',#8725,29.9);
#8725 = AXIS2_PLACEMENT_3D('',#8726,#8727,#8728);
#8726 = CARTESIAN_POINT('',(1.1,1.7763568394E-15,2.));
#8727 = DIRECTION('',(0.,0.,1.));
#8728 = DIRECTION('',(1.,-2.793089199885E-16,-0.));
#8729 = PCURVE('',#1371,#8730);
#8730 = DEFINITIONAL_REPRESENTATION('',(#8731),#8735);
#8731 = CIRCLE('',#8732,29.9);
#8732 = AXIS2_PLACEMENT_2D('',#8733,#8734);
#8733 = CARTESIAN_POINT('',(-1.1,-5.483959722442E-15));
#8734 = DIRECTION('',(-1.,2.793089199885E-16));
#8735 = ( GEOMETRIC_REPRESENTATION_CONTEXT(2) 
PARAMETRIC_REPRESENTATION_CONTEXT() REPRESENTATION_CONTEXT('2D SPACE',''
  ) );
#8736 = PCURVE('',#8644,#8737);
#8737 = DEFINITIONAL_REPRESENTATION('',(#8738),#8742);
#8738 = LINE('',#8739,#8740);
#8739 = CARTESIAN_POINT('',(-0.,0.));
#8740 = VECTOR('',#8741,1.);
#8741 = DIRECTION('',(-1.,0.));
#8742 = ( GEOMETRIC_REPRESENTATION_CONTEXT(2) 
PARAMETRIC_REPRESENTATION_CONTEXT() REPRESENTATION_CONTEXT('2D SPACE',''
  ) );
#8743 = ORIENTED_EDGE('',*,*,#1354,.T.);
#8744 = ORIENTED_EDGE('',*,*,#8745,.F.);
#8745 = EDGE_CURVE('',#8660,#1355,#8746,.T.);
#8746 = SURFACE_CURVE('',#8747,(#8752,#8763),.PCURVE_S1.);
#8747 = CIRCLE('',#8748,28.5);
#8748 = AXIS2_PLACEMENT_3D('',#8749,#8750,#8751);
#8749 = CARTESIAN_POINT('',(1.1,-3.552713678801E-15,2.));
#8750 = DIRECTION('',(-0.,0.,-1.));
#8751 = DIRECTION('',(-1.,2.080751341941E-16,0.));
#8752 = PCURVE('',#1371,#8753);
#8753 = DEFINITIONAL_REPRESENTATION('',(#8754),#8762);
#8754 = ( BOUNDED_CURVE() B_SPLINE_CURVE(2,(#8755,#8756,#8757,#8758,
#8759,#8760,#8761),.UNSPECIFIED.,.T.,.F.) B_SPLINE_CURVE_WITH_KNOTS((1,2
    ,2,2,2,1),(-2.094395102393,0.,2.094395102393,4.188790204786,
6.28318530718,8.377580409573),.UNSPECIFIED.) CURVE() 
GEOMETRIC_REPRESENTATION_ITEM() RATIONAL_B_SPLINE_CURVE((1.,0.5,1.,0.5,
1.,0.5,1.)) REPRESENTATION_ITEM('') );
#8755 = CARTESIAN_POINT('',(27.4,-6.085030528772E-15));
#8756 = CARTESIAN_POINT('',(27.4,-49.36344801571));
#8757 = CARTESIAN_POINT('',(-15.35,-24.68172400785));
#8758 = CARTESIAN_POINT('',(-58.1,4.724906689682E-15));
#8759 = CARTESIAN_POINT('',(-15.35,24.681724007856));
#8760 = CARTESIAN_POINT('',(27.4,49.363448015713));
#8761 = CARTESIAN_POINT('',(27.4,-6.085030528772E-15));
#8762 = ( GEOMETRIC_REPRESENTATION_CONTEXT(2) 
PARAMETRIC_REPRESENTATION_CONTEXT() REPRESENTATION_CONTEXT('2D SPACE',''
  ) );
#8763 = PCURVE('',#8764,#8769);
#8764 = CYLINDRICAL_SURFACE('',#8765,28.5);
#8765 = AXIS2_PLACEMENT_3D('',#8766,#8767,#8768);
#8766 = CARTESIAN_POINT('',(1.1,-3.552713678801E-15,2.));
#8767 = DIRECTION('',(-0.,0.,-1.));
#8768 = DIRECTION('',(-1.,2.080751341941E-16,0.));
#8769 = DEFINITIONAL_REPRESENTATION('',(#8770),#8774);
#8770 = LINE('',#8771,#8772);
#8771 = CARTESIAN_POINT('',(0.,0.));
#8772 = VECTOR('',#8773,1.);
#8773 = DIRECTION('',(1.,0.));
#8774 = ( GEOMETRIC_REPRESENTATION_CONTEXT(2) 
PARAMETRIC_REPRESENTATION_CONTEXT() REPRESENTATION_CONTEXT('2D SPACE',''
  ) );
#8775 = ADVANCED_FACE('',(#8776),#1400,.T.);
#8776 = FACE_BOUND('',#8777,.F.);
#8777 = EDGE_LOOP('',(#8778,#8779,#8801,#8802));
#8778 = ORIENTED_EDGE('',*,*,#1445,.T.);
#8779 = ORIENTED_EDGE('',*,*,#8780,.F.);
#8780 = EDGE_CURVE('',#1355,#1446,#8781,.T.);
#8781 = SURFACE_CURVE('',#8782,(#8787,#8794),.PCURVE_S1.);
#8782 = CIRCLE('',#8783,28.5);
#8783 = AXIS2_PLACEMENT_3D('',#8784,#8785,#8786);
#8784 = CARTESIAN_POINT('',(1.1,-3.552713678801E-15,2.));
#8785 = DIRECTION('',(-0.,0.,-1.));
#8786 = DIRECTION('',(-1.,2.080751341941E-16,0.));
#8787 = PCURVE('',#1400,#8788);
#8788 = DEFINITIONAL_REPRESENTATION('',(#8789),#8793);
#8789 = CIRCLE('',#8790,28.5);
#8790 = AXIS2_PLACEMENT_2D('',#8791,#8792);
#8791 = CARTESIAN_POINT('',(-36.07762794416,0.55));
#8792 = DIRECTION('',(0.866025403784,-0.5));
#8793 = ( GEOMETRIC_REPRESENTATION_CONTEXT(2) 
PARAMETRIC_REPRESENTATION_CONTEXT() REPRESENTATION_CONTEXT('2D SPACE',''
  ) );
#8794 = PCURVE('',#8764,#8795);
#8795 = DEFINITIONAL_REPRESENTATION('',(#8796),#8800);
#8796 = LINE('',#8797,#8798);
#8797 = CARTESIAN_POINT('',(0.,0.));
#8798 = VECTOR('',#8799,1.);
#8799 = DIRECTION('',(1.,0.));
#8800 = ( GEOMETRIC_REPRESENTATION_CONTEXT(2) 
PARAMETRIC_REPRESENTATION_CONTEXT() REPRESENTATION_CONTEXT('2D SPACE',''
  ) );
#8801 = ORIENTED_EDGE('',*,*,#1383,.T.);
#8802 = ORIENTED_EDGE('',*,*,#8803,.F.);
#8803 = EDGE_CURVE('',#1417,#1384,#8804,.T.);
#8804 = SURFACE_CURVE('',#8805,(#8810,#8821),.PCURVE_S1.);
#8805 = CIRCLE('',#8806,27.7);
#8806 = AXIS2_PLACEMENT_3D('',#8807,#8808,#8809);
#8807 = CARTESIAN_POINT('',(1.1,0.,2.));
#8808 = DIRECTION('',(0.,0.,1.));
#8809 = DIRECTION('',(1.,-2.868623801521E-16,-0.));
#8810 = PCURVE('',#1400,#8811);
#8811 = DEFINITIONAL_REPRESENTATION('',(#8812),#8820);
#8812 = ( BOUNDED_CURVE() B_SPLINE_CURVE(2,(#8813,#8814,#8815,#8816,
#8817,#8818,#8819),.UNSPECIFIED.,.T.,.F.) B_SPLINE_CURVE_WITH_KNOTS((1,2
    ,2,2,2,1),(-2.094395102393,0.,2.094395102393,4.188790204786,
6.28318530718,8.377580409573),.UNSPECIFIED.) CURVE() 
GEOMETRIC_REPRESENTATION_ITEM() RATIONAL_B_SPLINE_CURVE((1.,0.5,1.,0.5,
1.,0.5,1.)) REPRESENTATION_ITEM('') );
#8813 = CARTESIAN_POINT('',(-60.06653162899,14.4));
#8814 = CARTESIAN_POINT('',(-36.07762794416,55.95));
#8815 = CARTESIAN_POINT('',(-12.08872425933,14.4));
#8816 = CARTESIAN_POINT('',(11.900179425495,-27.15));
#8817 = CARTESIAN_POINT('',(-36.07762794416,-27.15));
#8818 = CARTESIAN_POINT('',(-84.05543531382,-27.15));
#8819 = CARTESIAN_POINT('',(-60.06653162899,14.4));
#8820 = ( GEOMETRIC_REPRESENTATION_CONTEXT(2) 
PARAMETRIC_REPRESENTATION_CONTEXT() REPRESENTATION_CONTEXT('2D SPACE',''
  ) );
#8821 = PCURVE('',#8822,#8827);
#8822 = CYLINDRICAL_SURFACE('',#8823,27.7);
#8823 = AXIS2_PLACEMENT_3D('',#8824,#8825,#8826);
#8824 = CARTESIAN_POINT('',(1.1,0.,2.));
#8825 = DIRECTION('',(-0.,-0.,-1.));
#8826 = DIRECTION('',(1.,-2.868623801521E-16,-0.));
#8827 = DEFINITIONAL_REPRESENTATION('',(#8828),#8832);
#8828 = LINE('',#8829,#8830);
#8829 = CARTESIAN_POINT('',(-0.,0.));
#8830 = VECTOR('',#8831,1.);
#8831 = DIRECTION('',(-1.,0.));
#8832 = ( GEOMETRIC_REPRESENTATION_CONTEXT(2) 
PARAMETRIC_REPRESENTATION_CONTEXT() REPRESENTATION_CONTEXT('2D SPACE',''
  ) );
#8833 = ADVANCED_FACE('',(#8834,#9279),#1433,.T.);
#8834 = FACE_BOUND('',#8835,.F.);
#8835 = EDGE_LOOP('',(#8836,#8871,#8899,#8928,#8957,#8986,#9013,#9014,
    #9038,#9065,#9066,#9088,#9089,#9111,#9112,#9136,#9158,#9159,#9181,
    #9182,#9215,#9248));
#8836 = ORIENTED_EDGE('',*,*,#8837,.F.);
#8837 = EDGE_CURVE('',#8838,#8840,#8842,.T.);
#8838 = VERTEX_POINT('',#8839);
#8839 = CARTESIAN_POINT('',(23.,0.,2.));
#8840 = VERTEX_POINT('',#8841);
#8841 = CARTESIAN_POINT('',(-23.,-2.816687638039E-15,2.));
#8842 = SURFACE_CURVE('',#8843,(#8848,#8859),.PCURVE_S1.);
#8843 = CIRCLE('',#8844,23.);
#8844 = AXIS2_PLACEMENT_3D('',#8845,#8846,#8847);
#8845 = CARTESIAN_POINT('',(0.,0.,2.));
#8846 = DIRECTION('',(0.,0.,-1.));
#8847 = DIRECTION('',(1.,-0.,-0.));
#8848 = PCURVE('',#1433,#8849);
#8849 = DEFINITIONAL_REPRESENTATION('',(#8850),#8858);
#8850 = ( BOUNDED_CURVE() B_SPLINE_CURVE(2,(#8851,#8852,#8853,#8854,
#8855,#8856,#8857),.UNSPECIFIED.,.T.,.F.) B_SPLINE_CURVE_WITH_KNOTS((1,2
    ,2,2,2,1),(-2.094395102393,0.,2.094395102393,4.188790204786,
6.28318530718,8.377580409573),.UNSPECIFIED.) CURVE() 
GEOMETRIC_REPRESENTATION_ITEM() RATIONAL_B_SPLINE_CURVE((1.,0.5,1.,0.5,
1.,0.5,1.)) REPRESENTATION_ITEM('') );
#8851 = CARTESIAN_POINT('',(-23.,-3.707602883041E-15));
#8852 = CARTESIAN_POINT('',(-23.,39.837168574084));
#8853 = CARTESIAN_POINT('',(11.5,19.918584287042));
#8854 = CARTESIAN_POINT('',(46.,1.925772393036E-15));
#8855 = CARTESIAN_POINT('',(11.5,-19.91858428704));
#8856 = CARTESIAN_POINT('',(-23.,-39.83716857408));
#8857 = CARTESIAN_POINT('',(-23.,-3.707602883041E-15));
#8858 = ( GEOMETRIC_REPRESENTATION_CONTEXT(2) 
PARAMETRIC_REPRESENTATION_CONTEXT() REPRESENTATION_CONTEXT('2D SPACE',''
  ) );
#8859 = PCURVE('',#8860,#8865);
#8860 = CYLINDRICAL_SURFACE('',#8861,23.);
#8861 = AXIS2_PLACEMENT_3D('',#8862,#8863,#8864);
#8862 = CARTESIAN_POINT('',(0.,0.,2.));
#8863 = DIRECTION('',(-0.,0.,-1.));
#8864 = DIRECTION('',(1.,-0.,-0.));
#8865 = DEFINITIONAL_REPRESENTATION('',(#8866),#8870);
#8866 = LINE('',#8867,#8868);
#8867 = CARTESIAN_POINT('',(0.,0.));
#8868 = VECTOR('',#8869,1.);
#8869 = DIRECTION('',(1.,0.));
#8870 = ( GEOMETRIC_REPRESENTATION_CONTEXT(2) 
PARAMETRIC_REPRESENTATION_CONTEXT() REPRESENTATION_CONTEXT('2D SPACE',''
  ) );
#8871 = ORIENTED_EDGE('',*,*,#8872,.F.);
#8872 = EDGE_CURVE('',#8873,#8838,#8875,.T.);
#8873 = VERTEX_POINT('',#8874);
#8874 = CARTESIAN_POINT('',(22.2,-1.188010156921E-15,2.));
#8875 = SURFACE_CURVE('',#8876,(#8880,#8887),.PCURVE_S1.);
#8876 = LINE('',#8877,#8878);
#8877 = CARTESIAN_POINT('',(22.2,-1.188010156921E-15,2.));
#8878 = VECTOR('',#8879,1.);
#8879 = DIRECTION('',(1.,1.485012696151E-15,-0.));
#8880 = PCURVE('',#1433,#8881);
#8881 = DEFINITIONAL_REPRESENTATION('',(#8882),#8886);
#8882 = LINE('',#8883,#8884);
#8883 = CARTESIAN_POINT('',(-22.2,-2.51959272612E-15));
#8884 = VECTOR('',#8885,1.);
#8885 = DIRECTION('',(-1.,-1.485012696151E-15));
#8886 = ( GEOMETRIC_REPRESENTATION_CONTEXT(2) 
PARAMETRIC_REPRESENTATION_CONTEXT() REPRESENTATION_CONTEXT('2D SPACE',''
  ) );
#8887 = PCURVE('',#8888,#8893);
#8888 = PLANE('',#8889);
#8889 = AXIS2_PLACEMENT_3D('',#8890,#8891,#8892);
#8890 = CARTESIAN_POINT('',(22.2,-1.188010156921E-15,2.));
#8891 = DIRECTION('',(1.485012696151E-15,-1.,-0.));
#8892 = DIRECTION('',(-1.,-1.485012696151E-15,0.));
#8893 = DEFINITIONAL_REPRESENTATION('',(#8894),#8898);
#8894 = LINE('',#8895,#8896);
#8895 = CARTESIAN_POINT('',(-0.,0.));
#8896 = VECTOR('',#8897,1.);
#8897 = DIRECTION('',(-1.,0.));
#8898 = ( GEOMETRIC_REPRESENTATION_CONTEXT(2) 
PARAMETRIC_REPRESENTATION_CONTEXT() REPRESENTATION_CONTEXT('2D SPACE',''
  ) );
#8899 = ORIENTED_EDGE('',*,*,#8900,.F.);
#8900 = EDGE_CURVE('',#8901,#8873,#8903,.T.);
#8901 = VERTEX_POINT('',#8902);
#8902 = CARTESIAN_POINT('',(-22.2,-1.530705737186E-15,2.));
#8903 = SURFACE_CURVE('',#8904,(#8909,#8916),.PCURVE_S1.);
#8904 = CIRCLE('',#8905,22.2);
#8905 = AXIS2_PLACEMENT_3D('',#8906,#8907,#8908);
#8906 = CARTESIAN_POINT('',(1.7763568394E-15,0.,2.));
#8907 = DIRECTION('',(0.,-0.,1.));
#8908 = DIRECTION('',(-1.,-6.895070888226E-17,-0.));
#8909 = PCURVE('',#1433,#8910);
#8910 = DEFINITIONAL_REPRESENTATION('',(#8911),#8915);
#8911 = CIRCLE('',#8912,22.2);
#8912 = AXIS2_PLACEMENT_2D('',#8913,#8914);
#8913 = CARTESIAN_POINT('',(-4.584362245257E-15,-3.707602883041E-15));
#8914 = DIRECTION('',(1.,6.895070888226E-17));
#8915 = ( GEOMETRIC_REPRESENTATION_CONTEXT(2) 
PARAMETRIC_REPRESENTATION_CONTEXT() REPRESENTATION_CONTEXT('2D SPACE',''
  ) );
#8916 = PCURVE('',#8917,#8922);
#8917 = CYLINDRICAL_SURFACE('',#8918,22.2);
#8918 = AXIS2_PLACEMENT_3D('',#8919,#8920,#8921);
#8919 = CARTESIAN_POINT('',(1.7763568394E-15,0.,2.));
#8920 = DIRECTION('',(-0.,-0.,-1.));
#8921 = DIRECTION('',(-1.,-6.895070888226E-17,-0.));
#8922 = DEFINITIONAL_REPRESENTATION('',(#8923),#8927);
#8923 = LINE('',#8924,#8925);
#8924 = CARTESIAN_POINT('',(-0.,0.));
#8925 = VECTOR('',#8926,1.);
#8926 = DIRECTION('',(-1.,0.));
#8927 = ( GEOMETRIC_REPRESENTATION_CONTEXT(2) 
PARAMETRIC_REPRESENTATION_CONTEXT() REPRESENTATION_CONTEXT('2D SPACE',''
  ) );
#8928 = ORIENTED_EDGE('',*,*,#8929,.F.);
#8929 = EDGE_CURVE('',#8930,#8901,#8932,.T.);
#8930 = VERTEX_POINT('',#8931);
#8931 = CARTESIAN_POINT('',(24.4,-4.186788970907E-15,2.));
#8932 = SURFACE_CURVE('',#8933,(#8938,#8945),.PCURVE_S1.);
#8933 = CIRCLE('',#8934,23.3);
#8934 = AXIS2_PLACEMENT_3D('',#8935,#8936,#8937);
#8935 = CARTESIAN_POINT('',(1.1,8.881784197001E-16,2.));
#8936 = DIRECTION('',(0.,0.,1.));
#8937 = DIRECTION('',(1.,-2.178097592535E-16,-0.));
#8938 = PCURVE('',#1433,#8939);
#8939 = DEFINITIONAL_REPRESENTATION('',(#8940),#8944);
#8940 = CIRCLE('',#8941,23.3);
#8941 = AXIS2_PLACEMENT_2D('',#8942,#8943);
#8942 = CARTESIAN_POINT('',(-1.1,-4.595781302742E-15));
#8943 = DIRECTION('',(-1.,2.178097592535E-16));
#8944 = ( GEOMETRIC_REPRESENTATION_CONTEXT(2) 
PARAMETRIC_REPRESENTATION_CONTEXT() REPRESENTATION_CONTEXT('2D SPACE',''
  ) );
#8945 = PCURVE('',#8946,#8951);
#8946 = CYLINDRICAL_SURFACE('',#8947,23.3);
#8947 = AXIS2_PLACEMENT_3D('',#8948,#8949,#8950);
#8948 = CARTESIAN_POINT('',(1.1,8.881784197001E-16,2.));
#8949 = DIRECTION('',(-0.,-0.,-1.));
#8950 = DIRECTION('',(1.,-2.178097592535E-16,-0.));
#8951 = DEFINITIONAL_REPRESENTATION('',(#8952),#8956);
#8952 = LINE('',#8953,#8954);
#8953 = CARTESIAN_POINT('',(-0.,0.));
#8954 = VECTOR('',#8955,1.);
#8955 = DIRECTION('',(-1.,0.));
#8956 = ( GEOMETRIC_REPRESENTATION_CONTEXT(2) 
PARAMETRIC_REPRESENTATION_CONTEXT() REPRESENTATION_CONTEXT('2D SPACE',''
  ) );
#8957 = ORIENTED_EDGE('',*,*,#8958,.F.);
#8958 = EDGE_CURVE('',#8959,#8930,#8961,.T.);
#8959 = VERTEX_POINT('',#8960);
#8960 = CARTESIAN_POINT('',(-24.4,2.975007620388E-15,2.));
#8961 = SURFACE_CURVE('',#8962,(#8967,#8974),.PCURVE_S1.);
#8962 = CIRCLE('',#8963,24.4);
#8963 = AXIS2_PLACEMENT_3D('',#8964,#8965,#8966);
#8964 = CARTESIAN_POINT('',(0.,8.881784197001E-16,2.));
#8965 = DIRECTION('',(-0.,0.,1.));
#8966 = DIRECTION('',(-1.,8.552578691342E-17,-0.));
#8967 = PCURVE('',#1433,#8968);
#8968 = DEFINITIONAL_REPRESENTATION('',(#8969),#8973);
#8969 = CIRCLE('',#8970,24.4);
#8970 = AXIS2_PLACEMENT_2D('',#8971,#8972);
#8971 = CARTESIAN_POINT('',(-2.808005405856E-15,-4.595781302742E-15));
#8972 = DIRECTION('',(1.,-8.552578691342E-17));
#8973 = ( GEOMETRIC_REPRESENTATION_CONTEXT(2) 
PARAMETRIC_REPRESENTATION_CONTEXT() REPRESENTATION_CONTEXT('2D SPACE',''
  ) );
#8974 = PCURVE('',#8975,#8980);
#8975 = CYLINDRICAL_SURFACE('',#8976,24.4);
#8976 = AXIS2_PLACEMENT_3D('',#8977,#8978,#8979);
#8977 = CARTESIAN_POINT('',(0.,8.881784197001E-16,2.));
#8978 = DIRECTION('',(-0.,-0.,-1.));
#8979 = DIRECTION('',(-1.,8.552578691342E-17,-0.));
#8980 = DEFINITIONAL_REPRESENTATION('',(#8981),#8985);
#8981 = LINE('',#8982,#8983);
#8982 = CARTESIAN_POINT('',(-0.,0.));
#8983 = VECTOR('',#8984,1.);
#8984 = DIRECTION('',(-1.,0.));
#8985 = ( GEOMETRIC_REPRESENTATION_CONTEXT(2) 
PARAMETRIC_REPRESENTATION_CONTEXT() REPRESENTATION_CONTEXT('2D SPACE',''
  ) );
#8986 = ORIENTED_EDGE('',*,*,#8987,.F.);
#8987 = EDGE_CURVE('',#3517,#8959,#8988,.T.);
#8988 = SURFACE_CURVE('',#8989,(#8994,#9001),.PCURVE_S1.);
#8989 = CIRCLE('',#8990,25.5);
#8990 = AXIS2_PLACEMENT_3D('',#8991,#8992,#8993);
#8991 = CARTESIAN_POINT('',(1.1,3.552713678801E-15,2.));
#8992 = DIRECTION('',(0.,0.,1.));
#8993 = DIRECTION('',(1.,-2.989693903897E-16,-0.));
#8994 = PCURVE('',#1433,#8995);
#8995 = DEFINITIONAL_REPRESENTATION('',(#8996),#9000);
#8996 = CIRCLE('',#8997,25.5);
#8997 = AXIS2_PLACEMENT_2D('',#8998,#8999);
#8998 = CARTESIAN_POINT('',(-1.1,-7.260316561842E-15));
#8999 = DIRECTION('',(-1.,2.989693903897E-16));
#9000 = ( GEOMETRIC_REPRESENTATION_CONTEXT(2) 
PARAMETRIC_REPRESENTATION_CONTEXT() REPRESENTATION_CONTEXT('2D SPACE',''
  ) );
#9001 = PCURVE('',#9002,#9007);
#9002 = CYLINDRICAL_SURFACE('',#9003,25.5);
#9003 = AXIS2_PLACEMENT_3D('',#9004,#9005,#9006);
#9004 = CARTESIAN_POINT('',(1.1,3.552713678801E-15,2.));
#9005 = DIRECTION('',(-0.,-0.,-1.));
#9006 = DIRECTION('',(1.,-2.989693903897E-16,-0.));
#9007 = DEFINITIONAL_REPRESENTATION('',(#9008),#9012);
#9008 = LINE('',#9009,#9010);
#9009 = CARTESIAN_POINT('',(-0.,0.));
#9010 = VECTOR('',#9011,1.);
#9011 = DIRECTION('',(-1.,0.));
#9012 = ( GEOMETRIC_REPRESENTATION_CONTEXT(2) 
PARAMETRIC_REPRESENTATION_CONTEXT() REPRESENTATION_CONTEXT('2D SPACE',''
  ) );
#9013 = ORIENTED_EDGE('',*,*,#3549,.T.);
#9014 = ORIENTED_EDGE('',*,*,#9015,.F.);
#9015 = EDGE_CURVE('',#9016,#3550,#9018,.T.);
#9016 = VERTEX_POINT('',#9017);
#9017 = CARTESIAN_POINT('',(26.6,-4.071005776137E-15,2.));
#9018 = SURFACE_CURVE('',#9019,(#9024,#9031),.PCURVE_S1.);
#9019 = CIRCLE('',#9020,25.5);
#9020 = AXIS2_PLACEMENT_3D('',#9021,#9022,#9023);
#9021 = CARTESIAN_POINT('',(1.1,3.552713678801E-15,2.));
#9022 = DIRECTION('',(0.,0.,1.));
#9023 = DIRECTION('',(1.,-2.989693903897E-16,-0.));
#9024 = PCURVE('',#1433,#9025);
#9025 = DEFINITIONAL_REPRESENTATION('',(#9026),#9030);
#9026 = CIRCLE('',#9027,25.5);
#9027 = AXIS2_PLACEMENT_2D('',#9028,#9029);
#9028 = CARTESIAN_POINT('',(-1.1,-7.260316561842E-15));
#9029 = DIRECTION('',(-1.,2.989693903897E-16));
#9030 = ( GEOMETRIC_REPRESENTATION_CONTEXT(2) 
PARAMETRIC_REPRESENTATION_CONTEXT() REPRESENTATION_CONTEXT('2D SPACE',''
  ) );
#9031 = PCURVE('',#9002,#9032);
#9032 = DEFINITIONAL_REPRESENTATION('',(#9033),#9037);
#9033 = LINE('',#9034,#9035);
#9034 = CARTESIAN_POINT('',(-0.,0.));
#9035 = VECTOR('',#9036,1.);
#9036 = DIRECTION('',(-1.,0.));
#9037 = ( GEOMETRIC_REPRESENTATION_CONTEXT(2) 
PARAMETRIC_REPRESENTATION_CONTEXT() REPRESENTATION_CONTEXT('2D SPACE',''
  ) );
#9038 = ORIENTED_EDGE('',*,*,#9039,.F.);
#9039 = EDGE_CURVE('',#5969,#9016,#9040,.T.);
#9040 = SURFACE_CURVE('',#9041,(#9046,#9053),.PCURVE_S1.);
#9041 = CIRCLE('',#9042,26.6);
#9042 = AXIS2_PLACEMENT_3D('',#9043,#9044,#9045);
#9043 = CARTESIAN_POINT('',(2.6645352591E-15,-8.881784197001E-16,2.));
#9044 = DIRECTION('',(0.,-0.,1.));
#9045 = DIRECTION('',(-1.,-2.8095161389E-18,-0.));
#9046 = PCURVE('',#1433,#9047);
#9047 = DEFINITIONAL_REPRESENTATION('',(#9048),#9052);
#9048 = CIRCLE('',#9049,26.6);
#9049 = AXIS2_PLACEMENT_2D('',#9050,#9051);
#9050 = CARTESIAN_POINT('',(-5.472540664957E-15,-2.819424463341E-15));
#9051 = DIRECTION('',(1.,2.8095161389E-18));
#9052 = ( GEOMETRIC_REPRESENTATION_CONTEXT(2) 
PARAMETRIC_REPRESENTATION_CONTEXT() REPRESENTATION_CONTEXT('2D SPACE',''
  ) );
#9053 = PCURVE('',#9054,#9059);
#9054 = CYLINDRICAL_SURFACE('',#9055,26.6);
#9055 = AXIS2_PLACEMENT_3D('',#9056,#9057,#9058);
#9056 = CARTESIAN_POINT('',(2.6645352591E-15,-8.881784197001E-16,2.));
#9057 = DIRECTION('',(-0.,-0.,-1.));
#9058 = DIRECTION('',(-1.,-2.8095161389E-18,-0.));
#9059 = DEFINITIONAL_REPRESENTATION('',(#9060),#9064);
#9060 = LINE('',#9061,#9062);
#9061 = CARTESIAN_POINT('',(-0.,0.));
#9062 = VECTOR('',#9063,1.);
#9063 = DIRECTION('',(-1.,0.));
#9064 = ( GEOMETRIC_REPRESENTATION_CONTEXT(2) 
PARAMETRIC_REPRESENTATION_CONTEXT() REPRESENTATION_CONTEXT('2D SPACE',''
  ) );
#9065 = ORIENTED_EDGE('',*,*,#6001,.T.);
#9066 = ORIENTED_EDGE('',*,*,#9067,.F.);
#9067 = EDGE_CURVE('',#6987,#6002,#9068,.T.);
#9068 = SURFACE_CURVE('',#9069,(#9074,#9081),.PCURVE_S1.);
#9069 = CIRCLE('',#9070,26.6);
#9070 = AXIS2_PLACEMENT_3D('',#9071,#9072,#9073);
#9071 = CARTESIAN_POINT('',(2.6645352591E-15,-8.881784197001E-16,2.));
#9072 = DIRECTION('',(0.,-0.,1.));
#9073 = DIRECTION('',(-1.,-2.8095161389E-18,-0.));
#9074 = PCURVE('',#1433,#9075);
#9075 = DEFINITIONAL_REPRESENTATION('',(#9076),#9080);
#9076 = CIRCLE('',#9077,26.6);
#9077 = AXIS2_PLACEMENT_2D('',#9078,#9079);
#9078 = CARTESIAN_POINT('',(-5.472540664957E-15,-2.819424463341E-15));
#9079 = DIRECTION('',(1.,2.8095161389E-18));
#9080 = ( GEOMETRIC_REPRESENTATION_CONTEXT(2) 
PARAMETRIC_REPRESENTATION_CONTEXT() REPRESENTATION_CONTEXT('2D SPACE',''
  ) );
#9081 = PCURVE('',#9054,#9082);
#9082 = DEFINITIONAL_REPRESENTATION('',(#9083),#9087);
#9083 = LINE('',#9084,#9085);
#9084 = CARTESIAN_POINT('',(-0.,0.));
#9085 = VECTOR('',#9086,1.);
#9086 = DIRECTION('',(-1.,0.));
#9087 = ( GEOMETRIC_REPRESENTATION_CONTEXT(2) 
PARAMETRIC_REPRESENTATION_CONTEXT() REPRESENTATION_CONTEXT('2D SPACE',''
  ) );
#9088 = ORIENTED_EDGE('',*,*,#7019,.T.);
#9089 = ORIENTED_EDGE('',*,*,#9090,.F.);
#9090 = EDGE_CURVE('',#4597,#7020,#9091,.T.);
#9091 = SURFACE_CURVE('',#9092,(#9097,#9104),.PCURVE_S1.);
#9092 = CIRCLE('',#9093,26.6);
#9093 = AXIS2_PLACEMENT_3D('',#9094,#9095,#9096);
#9094 = CARTESIAN_POINT('',(2.6645352591E-15,-8.881784197001E-16,2.));
#9095 = DIRECTION('',(0.,-0.,1.));
#9096 = DIRECTION('',(-1.,-2.8095161389E-18,-0.));
#9097 = PCURVE('',#1433,#9098);
#9098 = DEFINITIONAL_REPRESENTATION('',(#9099),#9103);
#9099 = CIRCLE('',#9100,26.6);
#9100 = AXIS2_PLACEMENT_2D('',#9101,#9102);
#9101 = CARTESIAN_POINT('',(-5.472540664957E-15,-2.819424463341E-15));
#9102 = DIRECTION('',(1.,2.8095161389E-18));
#9103 = ( GEOMETRIC_REPRESENTATION_CONTEXT(2) 
PARAMETRIC_REPRESENTATION_CONTEXT() REPRESENTATION_CONTEXT('2D SPACE',''
  ) );
#9104 = PCURVE('',#9054,#9105);
#9105 = DEFINITIONAL_REPRESENTATION('',(#9106),#9110);
#9106 = LINE('',#9107,#9108);
#9107 = CARTESIAN_POINT('',(-0.,0.));
#9108 = VECTOR('',#9109,1.);
#9109 = DIRECTION('',(-1.,0.));
#9110 = ( GEOMETRIC_REPRESENTATION_CONTEXT(2) 
PARAMETRIC_REPRESENTATION_CONTEXT() REPRESENTATION_CONTEXT('2D SPACE',''
  ) );
#9111 = ORIENTED_EDGE('',*,*,#4629,.T.);
#9112 = ORIENTED_EDGE('',*,*,#9113,.F.);
#9113 = EDGE_CURVE('',#9114,#4630,#9116,.T.);
#9114 = VERTEX_POINT('',#9115);
#9115 = CARTESIAN_POINT('',(-26.6,-9.629115489949E-16,2.));
#9116 = SURFACE_CURVE('',#9117,(#9122,#9129),.PCURVE_S1.);
#9117 = CIRCLE('',#9118,26.6);
#9118 = AXIS2_PLACEMENT_3D('',#9119,#9120,#9121);
#9119 = CARTESIAN_POINT('',(2.6645352591E-15,-8.881784197001E-16,2.));
#9120 = DIRECTION('',(0.,-0.,1.));
#9121 = DIRECTION('',(-1.,-2.8095161389E-18,-0.));
#9122 = PCURVE('',#1433,#9123);
#9123 = DEFINITIONAL_REPRESENTATION('',(#9124),#9128);
#9124 = CIRCLE('',#9125,26.6);
#9125 = AXIS2_PLACEMENT_2D('',#9126,#9127);
#9126 = CARTESIAN_POINT('',(-5.472540664957E-15,-2.819424463341E-15));
#9127 = DIRECTION('',(1.,2.8095161389E-18));
#9128 = ( GEOMETRIC_REPRESENTATION_CONTEXT(2) 
PARAMETRIC_REPRESENTATION_CONTEXT() REPRESENTATION_CONTEXT('2D SPACE',''
  ) );
#9129 = PCURVE('',#9054,#9130);
#9130 = DEFINITIONAL_REPRESENTATION('',(#9131),#9135);
#9131 = LINE('',#9132,#9133);
#9132 = CARTESIAN_POINT('',(-0.,0.));
#9133 = VECTOR('',#9134,1.);
#9134 = DIRECTION('',(-1.,0.));
#9135 = ( GEOMETRIC_REPRESENTATION_CONTEXT(2) 
PARAMETRIC_REPRESENTATION_CONTEXT() REPRESENTATION_CONTEXT('2D SPACE',''
  ) );
#9136 = ORIENTED_EDGE('',*,*,#9137,.F.);
#9137 = EDGE_CURVE('',#1384,#9114,#9138,.T.);
#9138 = SURFACE_CURVE('',#9139,(#9144,#9151),.PCURVE_S1.);
#9139 = CIRCLE('',#9140,27.7);
#9140 = AXIS2_PLACEMENT_3D('',#9141,#9142,#9143);
#9141 = CARTESIAN_POINT('',(1.1,0.,2.));
#9142 = DIRECTION('',(0.,0.,1.));
#9143 = DIRECTION('',(1.,-2.868623801521E-16,-0.));
#9144 = PCURVE('',#1433,#9145);
#9145 = DEFINITIONAL_REPRESENTATION('',(#9146),#9150);
#9146 = CIRCLE('',#9147,27.7);
#9147 = AXIS2_PLACEMENT_2D('',#9148,#9149);
#9148 = CARTESIAN_POINT('',(-1.1,-3.707602883041E-15));
#9149 = DIRECTION('',(-1.,2.868623801521E-16));
#9150 = ( GEOMETRIC_REPRESENTATION_CONTEXT(2) 
PARAMETRIC_REPRESENTATION_CONTEXT() REPRESENTATION_CONTEXT('2D SPACE',''
  ) );
#9151 = PCURVE('',#8822,#9152);
#9152 = DEFINITIONAL_REPRESENTATION('',(#9153),#9157);
#9153 = LINE('',#9154,#9155);
#9154 = CARTESIAN_POINT('',(-0.,0.));
#9155 = VECTOR('',#9156,1.);
#9156 = DIRECTION('',(-1.,0.));
#9157 = ( GEOMETRIC_REPRESENTATION_CONTEXT(2) 
PARAMETRIC_REPRESENTATION_CONTEXT() REPRESENTATION_CONTEXT('2D SPACE',''
  ) );
#9158 = ORIENTED_EDGE('',*,*,#1416,.T.);
#9159 = ORIENTED_EDGE('',*,*,#9160,.F.);
#9160 = EDGE_CURVE('',#2404,#1417,#9161,.T.);
#9161 = SURFACE_CURVE('',#9162,(#9167,#9174),.PCURVE_S1.);
#9162 = CIRCLE('',#9163,27.7);
#9163 = AXIS2_PLACEMENT_3D('',#9164,#9165,#9166);
#9164 = CARTESIAN_POINT('',(1.1,0.,2.));
#9165 = DIRECTION('',(0.,0.,1.));
#9166 = DIRECTION('',(1.,-2.868623801521E-16,-0.));
#9167 = PCURVE('',#1433,#9168);
#9168 = DEFINITIONAL_REPRESENTATION('',(#9169),#9173);
#9169 = CIRCLE('',#9170,27.7);
#9170 = AXIS2_PLACEMENT_2D('',#9171,#9172);
#9171 = CARTESIAN_POINT('',(-1.1,-3.707602883041E-15));
#9172 = DIRECTION('',(-1.,2.868623801521E-16));
#9173 = ( GEOMETRIC_REPRESENTATION_CONTEXT(2) 
PARAMETRIC_REPRESENTATION_CONTEXT() REPRESENTATION_CONTEXT('2D SPACE',''
  ) );
#9174 = PCURVE('',#8822,#9175);
#9175 = DEFINITIONAL_REPRESENTATION('',(#9176),#9180);
#9176 = LINE('',#9177,#9178);
#9177 = CARTESIAN_POINT('',(-0.,0.));
#9178 = VECTOR('',#9179,1.);
#9179 = DIRECTION('',(-1.,0.));
#9180 = ( GEOMETRIC_REPRESENTATION_CONTEXT(2) 
PARAMETRIC_REPRESENTATION_CONTEXT() REPRESENTATION_CONTEXT('2D SPACE',''
  ) );
#9181 = ORIENTED_EDGE('',*,*,#2436,.T.);
#9182 = ORIENTED_EDGE('',*,*,#9183,.F.);
#9183 = EDGE_CURVE('',#9184,#2437,#9186,.T.);
#9184 = VERTEX_POINT('',#9185);
#9185 = CARTESIAN_POINT('',(-25.2,1.848353599551E-15,2.));
#9186 = SURFACE_CURVE('',#9187,(#9192,#9203),.PCURVE_S1.);
#9187 = CIRCLE('',#9188,26.3);
#9188 = AXIS2_PLACEMENT_3D('',#9189,#9190,#9191);
#9189 = CARTESIAN_POINT('',(1.1,0.,2.));
#9190 = DIRECTION('',(-0.,0.,-1.));
#9191 = DIRECTION('',(-1.,7.027960454567E-17,0.));
#9192 = PCURVE('',#1433,#9193);
#9193 = DEFINITIONAL_REPRESENTATION('',(#9194),#9202);
#9194 = ( BOUNDED_CURVE() B_SPLINE_CURVE(2,(#9195,#9196,#9197,#9198,
#9199,#9200,#9201),.UNSPECIFIED.,.T.,.F.) B_SPLINE_CURVE_WITH_KNOTS((1,2
    ,2,2,2,1),(-2.094395102393,0.,2.094395102393,4.188790204786,
6.28318530718,8.377580409573),.UNSPECIFIED.) CURVE() 
GEOMETRIC_REPRESENTATION_ITEM() RATIONAL_B_SPLINE_CURVE((1.,0.5,1.,0.5,
1.,0.5,1.)) REPRESENTATION_ITEM('') );
#9195 = CARTESIAN_POINT('',(25.2,-5.555956482593E-15));
#9196 = CARTESIAN_POINT('',(25.2,-45.55293623906));
#9197 = CARTESIAN_POINT('',(-14.25,-22.77646811953));
#9198 = CARTESIAN_POINT('',(-53.7,-6.452537847454E-15));
#9199 = CARTESIAN_POINT('',(-14.25,22.776468119531));
#9200 = CARTESIAN_POINT('',(25.2,45.552936239061));
#9201 = CARTESIAN_POINT('',(25.2,-5.555956482593E-15));
#9202 = ( GEOMETRIC_REPRESENTATION_CONTEXT(2) 
PARAMETRIC_REPRESENTATION_CONTEXT() REPRESENTATION_CONTEXT('2D SPACE',''
  ) );
#9203 = PCURVE('',#9204,#9209);
#9204 = CYLINDRICAL_SURFACE('',#9205,26.3);
#9205 = AXIS2_PLACEMENT_3D('',#9206,#9207,#9208);
#9206 = CARTESIAN_POINT('',(1.1,0.,2.));
#9207 = DIRECTION('',(-0.,0.,-1.));
#9208 = DIRECTION('',(-1.,7.027960454567E-17,0.));
#9209 = DEFINITIONAL_REPRESENTATION('',(#9210),#9214);
#9210 = LINE('',#9211,#9212);
#9211 = CARTESIAN_POINT('',(0.,0.));
#9212 = VECTOR('',#9213,1.);
#9213 = DIRECTION('',(1.,0.));
#9214 = ( GEOMETRIC_REPRESENTATION_CONTEXT(2) 
PARAMETRIC_REPRESENTATION_CONTEXT() REPRESENTATION_CONTEXT('2D SPACE',''
  ) );
#9215 = ORIENTED_EDGE('',*,*,#9216,.F.);
#9216 = EDGE_CURVE('',#9217,#9184,#9219,.T.);
#9217 = VERTEX_POINT('',#9218);
#9218 = CARTESIAN_POINT('',(25.2,2.170963824199E-15,2.));
#9219 = SURFACE_CURVE('',#9220,(#9225,#9236),.PCURVE_S1.);
#9220 = CIRCLE('',#9221,25.2);
#9221 = AXIS2_PLACEMENT_3D('',#9222,#9223,#9224);
#9222 = CARTESIAN_POINT('',(2.6645352591E-15,3.552713678801E-15,2.));
#9223 = DIRECTION('',(0.,0.,-1.));
#9224 = DIRECTION('',(1.,-5.483134343659E-17,-0.));
#9225 = PCURVE('',#1433,#9226);
#9226 = DEFINITIONAL_REPRESENTATION('',(#9227),#9235);
#9227 = ( BOUNDED_CURVE() B_SPLINE_CURVE(2,(#9228,#9229,#9230,#9231,
#9232,#9233,#9234),.UNSPECIFIED.,.T.,.F.) B_SPLINE_CURVE_WITH_KNOTS((1,2
    ,2,2,2,1),(-2.094395102393,0.,2.094395102393,4.188790204786,
6.28318530718,8.377580409573),.UNSPECIFIED.) CURVE() 
GEOMETRIC_REPRESENTATION_ITEM() RATIONAL_B_SPLINE_CURVE((1.,0.5,1.,0.5,
1.,0.5,1.)) REPRESENTATION_ITEM('') );
#9228 = CARTESIAN_POINT('',(-25.2,-5.87856670724E-15));
#9229 = CARTESIAN_POINT('',(-25.2,43.647680350736));
#9230 = CARTESIAN_POINT('',(12.6,21.823840175368));
#9231 = CARTESIAN_POINT('',(50.4,-3.851596403343E-15));
#9232 = CARTESIAN_POINT('',(12.6,-21.82384017536));
#9233 = CARTESIAN_POINT('',(-25.2,-43.64768035073));
#9234 = CARTESIAN_POINT('',(-25.2,-5.87856670724E-15));
#9235 = ( GEOMETRIC_REPRESENTATION_CONTEXT(2) 
PARAMETRIC_REPRESENTATION_CONTEXT() REPRESENTATION_CONTEXT('2D SPACE',''
  ) );
#9236 = PCURVE('',#9237,#9242);
#9237 = CYLINDRICAL_SURFACE('',#9238,25.2);
#9238 = AXIS2_PLACEMENT_3D('',#9239,#9240,#9241);
#9239 = CARTESIAN_POINT('',(2.6645352591E-15,3.552713678801E-15,2.));
#9240 = DIRECTION('',(-0.,0.,-1.));
#9241 = DIRECTION('',(1.,-5.483134343659E-17,-0.));
#9242 = DEFINITIONAL_REPRESENTATION('',(#9243),#9247);
#9243 = LINE('',#9244,#9245);
#9244 = CARTESIAN_POINT('',(0.,0.));
#9245 = VECTOR('',#9246,1.);
#9246 = DIRECTION('',(1.,0.));
#9247 = ( GEOMETRIC_REPRESENTATION_CONTEXT(2) 
PARAMETRIC_REPRESENTATION_CONTEXT() REPRESENTATION_CONTEXT('2D SPACE',''
  ) );
#9248 = ORIENTED_EDGE('',*,*,#9249,.F.);
#9249 = EDGE_CURVE('',#8840,#9217,#9250,.T.);
#9250 = SURFACE_CURVE('',#9251,(#9256,#9267),.PCURVE_S1.);
#9251 = CIRCLE('',#9252,24.1);
#9252 = AXIS2_PLACEMENT_3D('',#9253,#9254,#9255);
#9253 = CARTESIAN_POINT('',(1.1,3.552713678801E-15,2.));
#9254 = DIRECTION('',(0.,0.,-1.));
#9255 = DIRECTION('',(-1.,-2.642905110722E-16,-0.));
#9256 = PCURVE('',#1433,#9257);
#9257 = DEFINITIONAL_REPRESENTATION('',(#9258),#9266);
#9258 = ( BOUNDED_CURVE() B_SPLINE_CURVE(2,(#9259,#9260,#9261,#9262,
#9263,#9264,#9265),.UNSPECIFIED.,.T.,.F.) B_SPLINE_CURVE_WITH_KNOTS((1,2
    ,2,2,2,1),(-2.094395102393,0.,2.094395102393,4.188790204786,
6.28318530718,8.377580409573),.UNSPECIFIED.) CURVE() 
GEOMETRIC_REPRESENTATION_ITEM() RATIONAL_B_SPLINE_CURVE((1.,0.5,1.,0.5,
1.,0.5,1.)) REPRESENTATION_ITEM('') );
#9259 = CARTESIAN_POINT('',(23.,-8.909152450025E-16));
#9260 = CARTESIAN_POINT('',(23.,-41.74242446241));
#9261 = CARTESIAN_POINT('',(-13.15,-20.8712122312));
#9262 = CARTESIAN_POINT('',(-49.3,-2.590191676741E-14));
#9263 = CARTESIAN_POINT('',(-13.15,20.871212231205));
#9264 = CARTESIAN_POINT('',(23.,41.74242446241));
#9265 = CARTESIAN_POINT('',(23.,-8.909152450025E-16));
#9266 = ( GEOMETRIC_REPRESENTATION_CONTEXT(2) 
PARAMETRIC_REPRESENTATION_CONTEXT() REPRESENTATION_CONTEXT('2D SPACE',''
  ) );
#9267 = PCURVE('',#9268,#9273);
#9268 = CYLINDRICAL_SURFACE('',#9269,24.1);
#9269 = AXIS2_PLACEMENT_3D('',#9270,#9271,#9272);
#9270 = CARTESIAN_POINT('',(1.1,3.552713678801E-15,2.));
#9271 = DIRECTION('',(-0.,0.,-1.));
#9272 = DIRECTION('',(-1.,-2.642905110722E-16,-0.));
#9273 = DEFINITIONAL_REPRESENTATION('',(#9274),#9278);
#9274 = LINE('',#9275,#9276);
#9275 = CARTESIAN_POINT('',(0.,0.));
#9276 = VECTOR('',#9277,1.);
#9277 = DIRECTION('',(1.,0.));
#9278 = ( GEOMETRIC_REPRESENTATION_CONTEXT(2) 
PARAMETRIC_REPRESENTATION_CONTEXT() REPRESENTATION_CONTEXT('2D SPACE',''
  ) );
#9279 = FACE_BOUND('',#9280,.F.);
#9280 = EDGE_LOOP('',(#9281));
#9281 = ORIENTED_EDGE('',*,*,#9282,.F.);
#9282 = EDGE_CURVE('',#9283,#9283,#9285,.T.);
#9283 = VERTEX_POINT('',#9284);
#9284 = CARTESIAN_POINT('',(19.5,0.,2.));
#9285 = SURFACE_CURVE('',#9286,(#9291,#9302),.PCURVE_S1.);
#9286 = CIRCLE('',#9287,19.5);
#9287 = AXIS2_PLACEMENT_3D('',#9288,#9289,#9290);
#9288 = CARTESIAN_POINT('',(0.,0.,2.));
#9289 = DIRECTION('',(0.,0.,-1.));
#9290 = DIRECTION('',(1.,-0.,-0.));
#9291 = PCURVE('',#1433,#9292);
#9292 = DEFINITIONAL_REPRESENTATION('',(#9293),#9301);
#9293 = ( BOUNDED_CURVE() B_SPLINE_CURVE(2,(#9294,#9295,#9296,#9297,
#9298,#9299,#9300),.UNSPECIFIED.,.T.,.F.) B_SPLINE_CURVE_WITH_KNOTS((1,2
    ,2,2,2,1),(-2.094395102393,0.,2.094395102393,4.188790204786,
6.28318530718,8.377580409573),.UNSPECIFIED.) CURVE() 
GEOMETRIC_REPRESENTATION_ITEM() RATIONAL_B_SPLINE_CURVE((1.,0.5,1.,0.5,
1.,0.5,1.)) REPRESENTATION_ITEM('') );
#9294 = CARTESIAN_POINT('',(-19.5,-3.707602883041E-15));
#9295 = CARTESIAN_POINT('',(-19.5,33.774990747593));
#9296 = CARTESIAN_POINT('',(9.75,16.887495373797));
#9297 = CARTESIAN_POINT('',(39.,1.068519633633E-15));
#9298 = CARTESIAN_POINT('',(9.75,-16.88749537379));
#9299 = CARTESIAN_POINT('',(-19.5,-33.77499074759));
#9300 = CARTESIAN_POINT('',(-19.5,-3.707602883041E-15));
#9301 = ( GEOMETRIC_REPRESENTATION_CONTEXT(2) 
PARAMETRIC_REPRESENTATION_CONTEXT() REPRESENTATION_CONTEXT('2D SPACE',''
  ) );
#9302 = PCURVE('',#9303,#9308);
#9303 = CYLINDRICAL_SURFACE('',#9304,19.5);
#9304 = AXIS2_PLACEMENT_3D('',#9305,#9306,#9307);
#9305 = CARTESIAN_POINT('',(0.,0.,2.));
#9306 = DIRECTION('',(-0.,0.,-1.));
#9307 = DIRECTION('',(1.,-0.,-0.));
#9308 = DEFINITIONAL_REPRESENTATION('',(#9309),#9313);
#9309 = LINE('',#9310,#9311);
#9310 = CARTESIAN_POINT('',(0.,0.));
#9311 = VECTOR('',#9312,1.);
#9312 = DIRECTION('',(1.,0.));
#9313 = ( GEOMETRIC_REPRESENTATION_CONTEXT(2) 
PARAMETRIC_REPRESENTATION_CONTEXT() REPRESENTATION_CONTEXT('2D SPACE',''
  ) );
#9314 = ADVANCED_FACE('',(#9315),#1490,.T.);
#9315 = FACE_BOUND('',#9316,.F.);
#9316 = EDGE_LOOP('',(#9317,#9343,#9344,#9366,#9367));
#9317 = ORIENTED_EDGE('',*,*,#9318,.F.);
#9318 = EDGE_CURVE('',#1446,#2380,#9319,.T.);
#9319 = SURFACE_CURVE('',#9320,(#9325,#9336),.PCURVE_S1.);
#9320 = CIRCLE('',#9321,28.5);
#9321 = AXIS2_PLACEMENT_3D('',#9322,#9323,#9324);
#9322 = CARTESIAN_POINT('',(1.1,-3.552713678801E-15,2.));
#9323 = DIRECTION('',(-0.,0.,-1.));
#9324 = DIRECTION('',(-1.,2.080751341941E-16,0.));
#9325 = PCURVE('',#1490,#9326);
#9326 = DEFINITIONAL_REPRESENTATION('',(#9327),#9335);
#9327 = ( BOUNDED_CURVE() B_SPLINE_CURVE(2,(#9328,#9329,#9330,#9331,
#9332,#9333,#9334),.UNSPECIFIED.,.T.,.F.) B_SPLINE_CURVE_WITH_KNOTS((1,2
    ,2,2,2,1),(-2.094395102393,0.,2.094395102393,4.188790204786,
6.28318530718,8.377580409573),.UNSPECIFIED.) CURVE() 
GEOMETRIC_REPRESENTATION_ITEM() RATIONAL_B_SPLINE_CURVE((1.,0.5,1.,0.5,
1.,0.5,1.)) REPRESENTATION_ITEM('') );
#9328 = CARTESIAN_POINT('',(27.4,-6.085030528772E-15));
#9329 = CARTESIAN_POINT('',(27.4,-49.36344801571));
#9330 = CARTESIAN_POINT('',(-15.35,-24.68172400785));
#9331 = CARTESIAN_POINT('',(-58.1,4.724906689682E-15));
#9332 = CARTESIAN_POINT('',(-15.35,24.681724007856));
#9333 = CARTESIAN_POINT('',(27.4,49.363448015713));
#9334 = CARTESIAN_POINT('',(27.4,-6.085030528772E-15));
#9335 = ( GEOMETRIC_REPRESENTATION_CONTEXT(2) 
PARAMETRIC_REPRESENTATION_CONTEXT() REPRESENTATION_CONTEXT('2D SPACE',''
  ) );
#9336 = PCURVE('',#8764,#9337);
#9337 = DEFINITIONAL_REPRESENTATION('',(#9338),#9342);
#9338 = LINE('',#9339,#9340);
#9339 = CARTESIAN_POINT('',(0.,0.));
#9340 = VECTOR('',#9341,1.);
#9341 = DIRECTION('',(1.,0.));
#9342 = ( GEOMETRIC_REPRESENTATION_CONTEXT(2) 
PARAMETRIC_REPRESENTATION_CONTEXT() REPRESENTATION_CONTEXT('2D SPACE',''
  ) );
#9343 = ORIENTED_EDGE('',*,*,#1473,.T.);
#9344 = ORIENTED_EDGE('',*,*,#9345,.F.);
#9345 = EDGE_CURVE('',#2883,#1474,#9346,.T.);
#9346 = SURFACE_CURVE('',#9347,(#9352,#9359),.PCURVE_S1.);
#9347 = CIRCLE('',#9348,29.9);
#9348 = AXIS2_PLACEMENT_3D('',#9349,#9350,#9351);
#9349 = CARTESIAN_POINT('',(1.1,1.7763568394E-15,2.));
#9350 = DIRECTION('',(0.,0.,1.));
#9351 = DIRECTION('',(1.,-2.793089199885E-16,-0.));
#9352 = PCURVE('',#1490,#9353);
#9353 = DEFINITIONAL_REPRESENTATION('',(#9354),#9358);
#9354 = CIRCLE('',#9355,29.9);
#9355 = AXIS2_PLACEMENT_2D('',#9356,#9357);
#9356 = CARTESIAN_POINT('',(-1.1,-5.483959722442E-15));
#9357 = DIRECTION('',(-1.,2.793089199885E-16));
#9358 = ( GEOMETRIC_REPRESENTATION_CONTEXT(2) 
PARAMETRIC_REPRESENTATION_CONTEXT() REPRESENTATION_CONTEXT('2D SPACE',''
  ) );
#9359 = PCURVE('',#8644,#9360);
#9360 = DEFINITIONAL_REPRESENTATION('',(#9361),#9365);
#9361 = LINE('',#9362,#9363);
#9362 = CARTESIAN_POINT('',(-0.,0.));
#9363 = VECTOR('',#9364,1.);
#9364 = DIRECTION('',(-1.,0.));
#9365 = ( GEOMETRIC_REPRESENTATION_CONTEXT(2) 
PARAMETRIC_REPRESENTATION_CONTEXT() REPRESENTATION_CONTEXT('2D SPACE',''
  ) );
#9366 = ORIENTED_EDGE('',*,*,#2910,.T.);
#9367 = ORIENTED_EDGE('',*,*,#2379,.T.);
#9368 = ADVANCED_FACE('',(#9369),#1594,.T.);
#9369 = FACE_BOUND('',#9370,.F.);
#9370 = EDGE_LOOP('',(#9371,#9397,#9398,#9399,#9421,#9422,#9423,#9424));
#9371 = ORIENTED_EDGE('',*,*,#9372,.F.);
#9372 = EDGE_CURVE('',#5347,#7890,#9373,.T.);
#9373 = SURFACE_CURVE('',#9374,(#9379,#9390),.PCURVE_S1.);
#9374 = CIRCLE('',#9375,40.6);
#9375 = AXIS2_PLACEMENT_3D('',#9376,#9377,#9378);
#9376 = CARTESIAN_POINT('',(0.,3.552713678801E-15,2.));
#9377 = DIRECTION('',(0.,0.,-1.));
#9378 = DIRECTION('',(1.,-1.112441602971E-17,-0.));
#9379 = PCURVE('',#1594,#9380);
#9380 = DEFINITIONAL_REPRESENTATION('',(#9381),#9389);
#9381 = ( BOUNDED_CURVE() B_SPLINE_CURVE(2,(#9382,#9383,#9384,#9385,
#9386,#9387,#9388),.UNSPECIFIED.,.T.,.F.) B_SPLINE_CURVE_WITH_KNOTS((1,2
    ,2,2,2,1),(-2.094395102393,0.,2.094395102393,4.188790204786,
6.28318530718,8.377580409573),.UNSPECIFIED.) CURVE() 
GEOMETRIC_REPRESENTATION_ITEM() RATIONAL_B_SPLINE_CURVE((1.,0.5,1.,0.5,
1.,0.5,1.)) REPRESENTATION_ITEM('') );
#9382 = CARTESIAN_POINT('',(-40.6,-6.808665271036E-15));
#9383 = CARTESIAN_POINT('',(-40.6,70.321262787296));
#9384 = CARTESIAN_POINT('',(20.3,35.160631393648));
#9385 = CARTESIAN_POINT('',(81.2,1.780512865623E-15));
#9386 = CARTESIAN_POINT('',(20.3,-35.16063139364));
#9387 = CARTESIAN_POINT('',(-40.6,-70.32126278729));
#9388 = CARTESIAN_POINT('',(-40.6,-6.808665271036E-15));
#9389 = ( GEOMETRIC_REPRESENTATION_CONTEXT(2) 
PARAMETRIC_REPRESENTATION_CONTEXT() REPRESENTATION_CONTEXT('2D SPACE',''
  ) );
#9390 = PCURVE('',#7907,#9391);
#9391 = DEFINITIONAL_REPRESENTATION('',(#9392),#9396);
#9392 = LINE('',#9393,#9394);
#9393 = CARTESIAN_POINT('',(0.,0.));
#9394 = VECTOR('',#9395,1.);
#9395 = DIRECTION('',(1.,0.));
#9396 = ( GEOMETRIC_REPRESENTATION_CONTEXT(2) 
PARAMETRIC_REPRESENTATION_CONTEXT() REPRESENTATION_CONTEXT('2D SPACE',''
  ) );
#9397 = ORIENTED_EDGE('',*,*,#5369,.T.);
#9398 = ORIENTED_EDGE('',*,*,#5418,.T.);
#9399 = ORIENTED_EDGE('',*,*,#9400,.F.);
#9400 = EDGE_CURVE('',#8419,#5419,#9401,.T.);
#9401 = SURFACE_CURVE('',#9402,(#9407,#9414),.PCURVE_S1.);
#9402 = CIRCLE('',#9403,42.);
#9403 = AXIS2_PLACEMENT_3D('',#9404,#9405,#9406);
#9404 = CARTESIAN_POINT('',(5.329070518201E-15,-8.881784197001E-15,2.));
#9405 = DIRECTION('',(-0.,0.,1.));
#9406 = DIRECTION('',(-1.,1.679662986601E-16,-0.));
#9407 = PCURVE('',#1594,#9408);
#9408 = DEFINITIONAL_REPRESENTATION('',(#9409),#9413);
#9409 = CIRCLE('',#9410,42.);
#9410 = AXIS2_PLACEMENT_2D('',#9411,#9412);
#9411 = CARTESIAN_POINT('',(-8.137075924057E-15,5.17418131396E-15));
#9412 = DIRECTION('',(1.,-1.679662986601E-16));
#9413 = ( GEOMETRIC_REPRESENTATION_CONTEXT(2) 
PARAMETRIC_REPRESENTATION_CONTEXT() REPRESENTATION_CONTEXT('2D SPACE',''
  ) );
#9414 = PCURVE('',#8434,#9415);
#9415 = DEFINITIONAL_REPRESENTATION('',(#9416),#9420);
#9416 = LINE('',#9417,#9418);
#9417 = CARTESIAN_POINT('',(-0.,0.));
#9418 = VECTOR('',#9419,1.);
#9419 = DIRECTION('',(-1.,0.));
#9420 = ( GEOMETRIC_REPRESENTATION_CONTEXT(2) 
PARAMETRIC_REPRESENTATION_CONTEXT() REPRESENTATION_CONTEXT('2D SPACE',''
  ) );
#9421 = ORIENTED_EDGE('',*,*,#8446,.F.);
#9422 = ORIENTED_EDGE('',*,*,#2329,.T.);
#9423 = ORIENTED_EDGE('',*,*,#1578,.T.);
#9424 = ORIENTED_EDGE('',*,*,#8092,.F.);
#9425 = ADVANCED_FACE('',(#9426),#1622,.T.);
#9426 = FACE_BOUND('',#9427,.F.);
#9427 = EDGE_LOOP('',(#9428,#9459,#9460,#9461));
#9428 = ORIENTED_EDGE('',*,*,#9429,.F.);
#9429 = EDGE_CURVE('',#2141,#1607,#9430,.T.);
#9430 = SURFACE_CURVE('',#9431,(#9436,#9447),.PCURVE_S1.);
#9431 = CIRCLE('',#9432,40.9);
#9432 = AXIS2_PLACEMENT_3D('',#9433,#9434,#9435);
#9433 = CARTESIAN_POINT('',(1.1,-3.552713678801E-15,2.));
#9434 = DIRECTION('',(0.,0.,1.));
#9435 = DIRECTION('',(1.,2.749572604786E-17,-0.));
#9436 = PCURVE('',#1622,#9437);
#9437 = DEFINITIONAL_REPRESENTATION('',(#9438),#9446);
#9438 = ( BOUNDED_CURVE() B_SPLINE_CURVE(2,(#9439,#9440,#9441,#9442,
#9443,#9444,#9445),.UNSPECIFIED.,.T.,.F.) B_SPLINE_CURVE_WITH_KNOTS((1,2
    ,2,2,2,1),(-2.094395102393,0.,2.094395102393,4.188790204786,
6.28318530718,8.377580409573),.UNSPECIFIED.) CURVE() 
GEOMETRIC_REPRESENTATION_ITEM() RATIONAL_B_SPLINE_CURVE((1.,0.5,1.,0.5,
1.,0.5,1.)) REPRESENTATION_ITEM('') );
#9439 = CARTESIAN_POINT('',(-71.49806695894,21.));
#9440 = CARTESIAN_POINT('',(-36.07762794416,82.35));
#9441 = CARTESIAN_POINT('',(-0.657188929379,21.));
#9442 = CARTESIAN_POINT('',(34.763250085404,-40.35));
#9443 = CARTESIAN_POINT('',(-36.07762794416,-40.35));
#9444 = CARTESIAN_POINT('',(-106.9185059737,-40.35));
#9445 = CARTESIAN_POINT('',(-71.49806695894,21.));
#9446 = ( GEOMETRIC_REPRESENTATION_CONTEXT(2) 
PARAMETRIC_REPRESENTATION_CONTEXT() REPRESENTATION_CONTEXT('2D SPACE',''
  ) );
#9447 = PCURVE('',#9448,#9453);
#9448 = CYLINDRICAL_SURFACE('',#9449,40.9);
#9449 = AXIS2_PLACEMENT_3D('',#9450,#9451,#9452);
#9450 = CARTESIAN_POINT('',(1.1,-3.552713678801E-15,2.));
#9451 = DIRECTION('',(-0.,-0.,-1.));
#9452 = DIRECTION('',(1.,2.749572604786E-17,-0.));
#9453 = DEFINITIONAL_REPRESENTATION('',(#9454),#9458);
#9454 = LINE('',#9455,#9456);
#9455 = CARTESIAN_POINT('',(-0.,0.));
#9456 = VECTOR('',#9457,1.);
#9457 = DIRECTION('',(-1.,0.));
#9458 = ( GEOMETRIC_REPRESENTATION_CONTEXT(2) 
PARAMETRIC_REPRESENTATION_CONTEXT() REPRESENTATION_CONTEXT('2D SPACE',''
  ) );
#9459 = ORIENTED_EDGE('',*,*,#2168,.T.);
#9460 = ORIENTED_EDGE('',*,*,#8070,.F.);
#9461 = ORIENTED_EDGE('',*,*,#1606,.T.);
#9462 = ADVANCED_FACE('',(#9463),#1650,.T.);
#9463 = FACE_BOUND('',#9464,.F.);
#9464 = EDGE_LOOP('',(#9465,#9498,#9499,#9528,#9550,#9551));
#9465 = ORIENTED_EDGE('',*,*,#9466,.F.);
#9466 = EDGE_CURVE('',#5301,#9467,#9469,.T.);
#9467 = VERTEX_POINT('',#9468);
#9468 = CARTESIAN_POINT('',(-38.4,-1.225251764164E-14,2.));
#9469 = SURFACE_CURVE('',#9470,(#9475,#9486),.PCURVE_S1.);
#9470 = CIRCLE('',#9471,38.4);
#9471 = AXIS2_PLACEMENT_3D('',#9472,#9473,#9474);
#9472 = CARTESIAN_POINT('',(1.7763568394E-15,5.329070518201E-15,2.));
#9473 = DIRECTION('',(0.,0.,-1.));
#9474 = DIRECTION('',(1.,-1.087000314356E-16,-0.));
#9475 = PCURVE('',#1650,#9476);
#9476 = DEFINITIONAL_REPRESENTATION('',(#9477),#9485);
#9477 = ( BOUNDED_CURVE() B_SPLINE_CURVE(2,(#9478,#9479,#9480,#9481,
#9482,#9483,#9484),.UNSPECIFIED.,.T.,.F.) B_SPLINE_CURVE_WITH_KNOTS((1,2
    ,2,2,2,1),(-2.094395102393,0.,2.094395102393,4.188790204786,
6.28318530718,8.377580409573),.UNSPECIFIED.) CURVE() 
GEOMETRIC_REPRESENTATION_ITEM() RATIONAL_B_SPLINE_CURVE((1.,0.5,1.,0.5,
1.,0.5,1.)) REPRESENTATION_ITEM('') );
#9478 = CARTESIAN_POINT('',(-38.4,-4.862592194114E-15));
#9479 = CARTESIAN_POINT('',(-38.4,66.510751010645));
#9480 = CARTESIAN_POINT('',(19.2,33.255375505322));
#9481 = CARTESIAN_POINT('',(76.8,-7.979548398047E-15));
#9482 = CARTESIAN_POINT('',(19.2,-33.25537550532));
#9483 = CARTESIAN_POINT('',(-38.4,-66.51075101064));
#9484 = CARTESIAN_POINT('',(-38.4,-4.862592194114E-15));
#9485 = ( GEOMETRIC_REPRESENTATION_CONTEXT(2) 
PARAMETRIC_REPRESENTATION_CONTEXT() REPRESENTATION_CONTEXT('2D SPACE',''
  ) );
#9486 = PCURVE('',#9487,#9492);
#9487 = CYLINDRICAL_SURFACE('',#9488,38.4);
#9488 = AXIS2_PLACEMENT_3D('',#9489,#9490,#9491);
#9489 = CARTESIAN_POINT('',(1.7763568394E-15,5.329070518201E-15,2.));
#9490 = DIRECTION('',(-0.,0.,-1.));
#9491 = DIRECTION('',(1.,-1.087000314356E-16,-0.));
#9492 = DEFINITIONAL_REPRESENTATION('',(#9493),#9497);
#9493 = LINE('',#9494,#9495);
#9494 = CARTESIAN_POINT('',(0.,0.));
#9495 = VECTOR('',#9496,1.);
#9496 = DIRECTION('',(1.,0.));
#9497 = ( GEOMETRIC_REPRESENTATION_CONTEXT(2) 
PARAMETRIC_REPRESENTATION_CONTEXT() REPRESENTATION_CONTEXT('2D SPACE',''
  ) );
#9498 = ORIENTED_EDGE('',*,*,#5323,.T.);
#9499 = ORIENTED_EDGE('',*,*,#9500,.F.);
#9500 = EDGE_CURVE('',#9501,#5324,#9503,.T.);
#9501 = VERTEX_POINT('',#9502);
#9502 = CARTESIAN_POINT('',(-39.8,3.315165343545E-16,2.));
#9503 = SURFACE_CURVE('',#9504,(#9509,#9516),.PCURVE_S1.);
#9504 = CIRCLE('',#9505,39.8);
#9505 = AXIS2_PLACEMENT_3D('',#9506,#9507,#9508);
#9506 = CARTESIAN_POINT('',(3.552713678801E-15,0.,2.));
#9507 = DIRECTION('',(-0.,0.,1.));
#9508 = DIRECTION('',(-1.,8.329561164686E-18,-0.));
#9509 = PCURVE('',#1650,#9510);
#9510 = DEFINITIONAL_REPRESENTATION('',(#9511),#9515);
#9511 = CIRCLE('',#9512,39.8);
#9512 = AXIS2_PLACEMENT_2D('',#9513,#9514);
#9513 = CARTESIAN_POINT('',(-6.360719084657E-15,-3.707602883041E-15));
#9514 = DIRECTION('',(1.,-8.329561164686E-18));
#9515 = ( GEOMETRIC_REPRESENTATION_CONTEXT(2) 
PARAMETRIC_REPRESENTATION_CONTEXT() REPRESENTATION_CONTEXT('2D SPACE',''
  ) );
#9516 = PCURVE('',#9517,#9522);
#9517 = CYLINDRICAL_SURFACE('',#9518,39.8);
#9518 = AXIS2_PLACEMENT_3D('',#9519,#9520,#9521);
#9519 = CARTESIAN_POINT('',(3.552713678801E-15,0.,2.));
#9520 = DIRECTION('',(-0.,-0.,-1.));
#9521 = DIRECTION('',(-1.,8.329561164686E-18,-0.));
#9522 = DEFINITIONAL_REPRESENTATION('',(#9523),#9527);
#9523 = LINE('',#9524,#9525);
#9524 = CARTESIAN_POINT('',(-0.,0.));
#9525 = VECTOR('',#9526,1.);
#9526 = DIRECTION('',(-1.,0.));
#9527 = ( GEOMETRIC_REPRESENTATION_CONTEXT(2) 
PARAMETRIC_REPRESENTATION_CONTEXT() REPRESENTATION_CONTEXT('2D SPACE',''
  ) );
#9528 = ORIENTED_EDGE('',*,*,#9529,.F.);
#9529 = EDGE_CURVE('',#1607,#9501,#9530,.T.);
#9530 = SURFACE_CURVE('',#9531,(#9536,#9543),.PCURVE_S1.);
#9531 = CIRCLE('',#9532,40.9);
#9532 = AXIS2_PLACEMENT_3D('',#9533,#9534,#9535);
#9533 = CARTESIAN_POINT('',(1.1,-3.552713678801E-15,2.));
#9534 = DIRECTION('',(0.,0.,1.));
#9535 = DIRECTION('',(1.,2.749572604786E-17,-0.));
#9536 = PCURVE('',#1650,#9537);
#9537 = DEFINITIONAL_REPRESENTATION('',(#9538),#9542);
#9538 = CIRCLE('',#9539,40.9);
#9539 = AXIS2_PLACEMENT_2D('',#9540,#9541);
#9540 = CARTESIAN_POINT('',(-1.1,-1.548892042409E-16));
#9541 = DIRECTION('',(-1.,-2.749572604786E-17));
#9542 = ( GEOMETRIC_REPRESENTATION_CONTEXT(2) 
PARAMETRIC_REPRESENTATION_CONTEXT() REPRESENTATION_CONTEXT('2D SPACE',''
  ) );
#9543 = PCURVE('',#9448,#9544);
#9544 = DEFINITIONAL_REPRESENTATION('',(#9545),#9549);
#9545 = LINE('',#9546,#9547);
#9546 = CARTESIAN_POINT('',(-0.,0.));
#9547 = VECTOR('',#9548,1.);
#9548 = DIRECTION('',(-1.,0.));
#9549 = ( GEOMETRIC_REPRESENTATION_CONTEXT(2) 
PARAMETRIC_REPRESENTATION_CONTEXT() REPRESENTATION_CONTEXT('2D SPACE',''
  ) );
#9550 = ORIENTED_EDGE('',*,*,#1634,.T.);
#9551 = ORIENTED_EDGE('',*,*,#9552,.F.);
#9552 = EDGE_CURVE('',#9467,#1635,#9553,.T.);
#9553 = SURFACE_CURVE('',#9554,(#9559,#9570),.PCURVE_S1.);
#9554 = CIRCLE('',#9555,39.5);
#9555 = AXIS2_PLACEMENT_3D('',#9556,#9557,#9558);
#9556 = CARTESIAN_POINT('',(1.1,1.7763568394E-15,2.));
#9557 = DIRECTION('',(0.,0.,-1.));
#9558 = DIRECTION('',(-1.,-3.551613792668E-16,-0.));
#9559 = PCURVE('',#1650,#9560);
#9560 = DEFINITIONAL_REPRESENTATION('',(#9561),#9569);
#9561 = ( BOUNDED_CURVE() B_SPLINE_CURVE(2,(#9562,#9563,#9564,#9565,
#9566,#9567,#9568),.UNSPECIFIED.,.T.,.F.) B_SPLINE_CURVE_WITH_KNOTS((1,2
    ,2,2,2,1),(-2.094395102393,0.,2.094395102393,4.188790204786,
6.28318530718,8.377580409573),.UNSPECIFIED.) CURVE() 
GEOMETRIC_REPRESENTATION_ITEM() RATIONAL_B_SPLINE_CURVE((1.,0.5,1.,0.5,
1.,0.5,1.)) REPRESENTATION_ITEM('') );
#9562 = CARTESIAN_POINT('',(38.4,8.544914758598E-15));
#9563 = CARTESIAN_POINT('',(38.4,-68.41600689897));
#9564 = CARTESIAN_POINT('',(-20.85,-34.20800344948));
#9565 = CARTESIAN_POINT('',(-80.1,-4.321641839779E-14));
#9566 = CARTESIAN_POINT('',(-20.85,34.208003449485));
#9567 = CARTESIAN_POINT('',(38.4,68.416006898971));
#9568 = CARTESIAN_POINT('',(38.4,8.544914758598E-15));
#9569 = ( GEOMETRIC_REPRESENTATION_CONTEXT(2) 
PARAMETRIC_REPRESENTATION_CONTEXT() REPRESENTATION_CONTEXT('2D SPACE',''
  ) );
#9570 = PCURVE('',#9571,#9576);
#9571 = CYLINDRICAL_SURFACE('',#9572,39.5);
#9572 = AXIS2_PLACEMENT_3D('',#9573,#9574,#9575);
#9573 = CARTESIAN_POINT('',(1.1,1.7763568394E-15,2.));
#9574 = DIRECTION('',(-0.,0.,-1.));
#9575 = DIRECTION('',(-1.,-3.551613792668E-16,-0.));
#9576 = DEFINITIONAL_REPRESENTATION('',(#9577),#9581);
#9577 = LINE('',#9578,#9579);
#9578 = CARTESIAN_POINT('',(0.,0.));
#9579 = VECTOR('',#9580,1.);
#9580 = DIRECTION('',(1.,0.));
#9581 = ( GEOMETRIC_REPRESENTATION_CONTEXT(2) 
PARAMETRIC_REPRESENTATION_CONTEXT() REPRESENTATION_CONTEXT('2D SPACE',''
  ) );
#9582 = ADVANCED_FACE('',(#9583),#1678,.T.);
#9583 = FACE_BOUND('',#9584,.F.);
#9584 = EDGE_LOOP('',(#9585,#9616,#9617,#9639));
#9585 = ORIENTED_EDGE('',*,*,#9586,.F.);
#9586 = EDGE_CURVE('',#2090,#1663,#9587,.T.);
#9587 = SURFACE_CURVE('',#9588,(#9593,#9604),.PCURVE_S1.);
#9588 = CIRCLE('',#9589,38.7);
#9589 = AXIS2_PLACEMENT_3D('',#9590,#9591,#9592);
#9590 = CARTESIAN_POINT('',(1.1,-1.7763568394E-15,2.));
#9591 = DIRECTION('',(0.,0.,1.));
#9592 = DIRECTION('',(1.,-8.861121332198E-17,-0.));
#9593 = PCURVE('',#1678,#9594);
#9594 = DEFINITIONAL_REPRESENTATION('',(#9595),#9603);
#9595 = ( BOUNDED_CURVE() B_SPLINE_CURVE(2,(#9596,#9597,#9598,#9599,
#9600,#9601,#9602),.UNSPECIFIED.,.T.,.F.) B_SPLINE_CURVE_WITH_KNOTS((1,2
    ,2,2,2,1),(-2.094395102393,0.,2.094395102393,4.188790204786,
6.28318530718,8.377580409573),.UNSPECIFIED.) CURVE() 
GEOMETRIC_REPRESENTATION_ITEM() RATIONAL_B_SPLINE_CURVE((1.,0.5,1.,0.5,
1.,0.5,1.)) REPRESENTATION_ITEM('') );
#9596 = CARTESIAN_POINT('',(-69.59281107062,19.9));
#9597 = CARTESIAN_POINT('',(-36.07762794416,77.95));
#9598 = CARTESIAN_POINT('',(-2.562444817705,19.9));
#9599 = CARTESIAN_POINT('',(30.952738308753,-38.15));
#9600 = CARTESIAN_POINT('',(-36.07762794416,-38.15));
#9601 = CARTESIAN_POINT('',(-103.107994197,-38.15));
#9602 = CARTESIAN_POINT('',(-69.59281107062,19.9));
#9603 = ( GEOMETRIC_REPRESENTATION_CONTEXT(2) 
PARAMETRIC_REPRESENTATION_CONTEXT() REPRESENTATION_CONTEXT('2D SPACE',''
  ) );
#9604 = PCURVE('',#9605,#9610);
#9605 = CYLINDRICAL_SURFACE('',#9606,38.7);
#9606 = AXIS2_PLACEMENT_3D('',#9607,#9608,#9609);
#9607 = CARTESIAN_POINT('',(1.1,-1.7763568394E-15,2.));
#9608 = DIRECTION('',(-0.,-0.,-1.));
#9609 = DIRECTION('',(1.,-8.861121332198E-17,-0.));
#9610 = DEFINITIONAL_REPRESENTATION('',(#9611),#9615);
#9611 = LINE('',#9612,#9613);
#9612 = CARTESIAN_POINT('',(-0.,0.));
#9613 = VECTOR('',#9614,1.);
#9614 = DIRECTION('',(-1.,0.));
#9615 = ( GEOMETRIC_REPRESENTATION_CONTEXT(2) 
PARAMETRIC_REPRESENTATION_CONTEXT() REPRESENTATION_CONTEXT('2D SPACE',''
  ) );
#9616 = ORIENTED_EDGE('',*,*,#2117,.T.);
#9617 = ORIENTED_EDGE('',*,*,#9618,.F.);
#9618 = EDGE_CURVE('',#1635,#2118,#9619,.T.);
#9619 = SURFACE_CURVE('',#9620,(#9625,#9632),.PCURVE_S1.);
#9620 = CIRCLE('',#9621,39.5);
#9621 = AXIS2_PLACEMENT_3D('',#9622,#9623,#9624);
#9622 = CARTESIAN_POINT('',(1.1,1.7763568394E-15,2.));
#9623 = DIRECTION('',(0.,0.,-1.));
#9624 = DIRECTION('',(-1.,-3.551613792668E-16,-0.));
#9625 = PCURVE('',#1678,#9626);
#9626 = DEFINITIONAL_REPRESENTATION('',(#9627),#9631);
#9627 = CIRCLE('',#9628,39.5);
#9628 = AXIS2_PLACEMENT_2D('',#9629,#9630);
#9629 = CARTESIAN_POINT('',(-36.07762794416,0.55));
#9630 = DIRECTION('',(0.866025403784,-0.5));
#9631 = ( GEOMETRIC_REPRESENTATION_CONTEXT(2) 
PARAMETRIC_REPRESENTATION_CONTEXT() REPRESENTATION_CONTEXT('2D SPACE',''
  ) );
#9632 = PCURVE('',#9571,#9633);
#9633 = DEFINITIONAL_REPRESENTATION('',(#9634),#9638);
#9634 = LINE('',#9635,#9636);
#9635 = CARTESIAN_POINT('',(0.,0.));
#9636 = VECTOR('',#9637,1.);
#9637 = DIRECTION('',(1.,0.));
#9638 = ( GEOMETRIC_REPRESENTATION_CONTEXT(2) 
PARAMETRIC_REPRESENTATION_CONTEXT() REPRESENTATION_CONTEXT('2D SPACE',''
  ) );
#9639 = ORIENTED_EDGE('',*,*,#1662,.T.);
#9640 = ADVANCED_FACE('',(#9641),#1706,.T.);
#9641 = FACE_BOUND('',#9642,.F.);
#9642 = EDGE_LOOP('',(#9643,#9676,#9677,#9706,#9728,#9729));
#9643 = ORIENTED_EDGE('',*,*,#9644,.F.);
#9644 = EDGE_CURVE('',#5255,#9645,#9647,.T.);
#9645 = VERTEX_POINT('',#9646);
#9646 = CARTESIAN_POINT('',(-36.2,-6.046156920059E-15,2.));
#9647 = SURFACE_CURVE('',#9648,(#9653,#9664),.PCURVE_S1.);
#9648 = CIRCLE('',#9649,36.2);
#9649 = AXIS2_PLACEMENT_3D('',#9650,#9651,#9652);
#9650 = CARTESIAN_POINT('',(-3.552713678801E-15,-5.329070518201E-15,2.)
  );
#9651 = DIRECTION('',(-0.,0.,-1.));
#9652 = DIRECTION('',(1.,3.414335465613E-16,-0.));
#9653 = PCURVE('',#1706,#9654);
#9654 = DEFINITIONAL_REPRESENTATION('',(#9655),#9663);
#9655 = ( BOUNDED_CURVE() B_SPLINE_CURVE(2,(#9656,#9657,#9658,#9659,
#9660,#9661,#9662),.UNSPECIFIED.,.T.,.F.) B_SPLINE_CURVE_WITH_KNOTS((1,2
    ,2,2,2,1),(-2.094395102393,0.,2.094395102393,4.188790204786,
6.28318530718,8.377580409573),.UNSPECIFIED.) CURVE() 
GEOMETRIC_REPRESENTATION_ITEM() RATIONAL_B_SPLINE_CURVE((1.,0.5,1.,0.5,
1.,0.5,1.)) REPRESENTATION_ITEM('') );
#9656 = CARTESIAN_POINT('',(-36.2,-1.073842675036E-14));
#9657 = CARTESIAN_POINT('',(-36.2,62.700239233993));
#9658 = CARTESIAN_POINT('',(18.1,31.350119616997));
#9659 = CARTESIAN_POINT('',(72.4,3.520769923202E-14));
#9660 = CARTESIAN_POINT('',(18.1,-31.35011961699));
#9661 = CARTESIAN_POINT('',(-36.2,-62.70023923399));
#9662 = CARTESIAN_POINT('',(-36.2,-1.073842675036E-14));
#9663 = ( GEOMETRIC_REPRESENTATION_CONTEXT(2) 
PARAMETRIC_REPRESENTATION_CONTEXT() REPRESENTATION_CONTEXT('2D SPACE',''
  ) );
#9664 = PCURVE('',#9665,#9670);
#9665 = CYLINDRICAL_SURFACE('',#9666,36.2);
#9666 = AXIS2_PLACEMENT_3D('',#9667,#9668,#9669);
#9667 = CARTESIAN_POINT('',(-3.552713678801E-15,-5.329070518201E-15,2.)
  );
#9668 = DIRECTION('',(-0.,0.,-1.));
#9669 = DIRECTION('',(1.,3.414335465613E-16,-0.));
#9670 = DEFINITIONAL_REPRESENTATION('',(#9671),#9675);
#9671 = LINE('',#9672,#9673);
#9672 = CARTESIAN_POINT('',(0.,0.));
#9673 = VECTOR('',#9674,1.);
#9674 = DIRECTION('',(1.,0.));
#9675 = ( GEOMETRIC_REPRESENTATION_CONTEXT(2) 
PARAMETRIC_REPRESENTATION_CONTEXT() REPRESENTATION_CONTEXT('2D SPACE',''
  ) );
#9676 = ORIENTED_EDGE('',*,*,#5277,.T.);
#9677 = ORIENTED_EDGE('',*,*,#9678,.F.);
#9678 = EDGE_CURVE('',#9679,#5278,#9681,.T.);
#9679 = VERTEX_POINT('',#9680);
#9680 = CARTESIAN_POINT('',(-37.6,6.392280228861E-15,2.));
#9681 = SURFACE_CURVE('',#9682,(#9687,#9694),.PCURVE_S1.);
#9682 = CIRCLE('',#9683,37.6);
#9683 = AXIS2_PLACEMENT_3D('',#9684,#9685,#9686);
#9684 = CARTESIAN_POINT('',(-1.7763568394E-15,1.7763568394E-15,2.));
#9685 = DIRECTION('',(-0.,0.,1.));
#9686 = DIRECTION('',(-1.,1.227639199325E-16,-0.));
#9687 = PCURVE('',#1706,#9688);
#9688 = DEFINITIONAL_REPRESENTATION('',(#9689),#9693);
#9689 = CIRCLE('',#9690,37.6);
#9690 = AXIS2_PLACEMENT_2D('',#9691,#9692);
#9691 = CARTESIAN_POINT('',(-1.031648566456E-15,-5.483959722442E-15));
#9692 = DIRECTION('',(1.,-1.227639199325E-16));
#9693 = ( GEOMETRIC_REPRESENTATION_CONTEXT(2) 
PARAMETRIC_REPRESENTATION_CONTEXT() REPRESENTATION_CONTEXT('2D SPACE',''
  ) );
#9694 = PCURVE('',#9695,#9700);
#9695 = CYLINDRICAL_SURFACE('',#9696,37.6);
#9696 = AXIS2_PLACEMENT_3D('',#9697,#9698,#9699);
#9697 = CARTESIAN_POINT('',(-1.7763568394E-15,1.7763568394E-15,2.));
#9698 = DIRECTION('',(-0.,-0.,-1.));
#9699 = DIRECTION('',(-1.,1.227639199325E-16,-0.));
#9700 = DEFINITIONAL_REPRESENTATION('',(#9701),#9705);
#9701 = LINE('',#9702,#9703);
#9702 = CARTESIAN_POINT('',(-0.,0.));
#9703 = VECTOR('',#9704,1.);
#9704 = DIRECTION('',(-1.,0.));
#9705 = ( GEOMETRIC_REPRESENTATION_CONTEXT(2) 
PARAMETRIC_REPRESENTATION_CONTEXT() REPRESENTATION_CONTEXT('2D SPACE',''
  ) );
#9706 = ORIENTED_EDGE('',*,*,#9707,.F.);
#9707 = EDGE_CURVE('',#1663,#9679,#9708,.T.);
#9708 = SURFACE_CURVE('',#9709,(#9714,#9721),.PCURVE_S1.);
#9709 = CIRCLE('',#9710,38.7);
#9710 = AXIS2_PLACEMENT_3D('',#9711,#9712,#9713);
#9711 = CARTESIAN_POINT('',(1.1,-1.7763568394E-15,2.));
#9712 = DIRECTION('',(0.,0.,1.));
#9713 = DIRECTION('',(1.,-8.861121332198E-17,-0.));
#9714 = PCURVE('',#1706,#9715);
#9715 = DEFINITIONAL_REPRESENTATION('',(#9716),#9720);
#9716 = CIRCLE('',#9717,38.7);
#9717 = AXIS2_PLACEMENT_2D('',#9718,#9719);
#9718 = CARTESIAN_POINT('',(-1.1,-1.931246043641E-15));
#9719 = DIRECTION('',(-1.,8.861121332198E-17));
#9720 = ( GEOMETRIC_REPRESENTATION_CONTEXT(2) 
PARAMETRIC_REPRESENTATION_CONTEXT() REPRESENTATION_CONTEXT('2D SPACE',''
  ) );
#9721 = PCURVE('',#9605,#9722);
#9722 = DEFINITIONAL_REPRESENTATION('',(#9723),#9727);
#9723 = LINE('',#9724,#9725);
#9724 = CARTESIAN_POINT('',(-0.,0.));
#9725 = VECTOR('',#9726,1.);
#9726 = DIRECTION('',(-1.,0.));
#9727 = ( GEOMETRIC_REPRESENTATION_CONTEXT(2) 
PARAMETRIC_REPRESENTATION_CONTEXT() REPRESENTATION_CONTEXT('2D SPACE',''
  ) );
#9728 = ORIENTED_EDGE('',*,*,#1690,.T.);
#9729 = ORIENTED_EDGE('',*,*,#9730,.F.);
#9730 = EDGE_CURVE('',#9645,#1691,#9731,.T.);
#9731 = SURFACE_CURVE('',#9732,(#9737,#9748),.PCURVE_S1.);
#9732 = CIRCLE('',#9733,37.3);
#9733 = AXIS2_PLACEMENT_3D('',#9734,#9735,#9736);
#9734 = CARTESIAN_POINT('',(1.1,3.552713678801E-15,2.));
#9735 = DIRECTION('',(0.,0.,-1.));
#9736 = DIRECTION('',(-1.,-2.573423753046E-16,-0.));
#9737 = PCURVE('',#1706,#9738);
#9738 = DEFINITIONAL_REPRESENTATION('',(#9739),#9747);
#9739 = ( BOUNDED_CURVE() B_SPLINE_CURVE(2,(#9740,#9741,#9742,#9743,
#9744,#9745,#9746),.UNSPECIFIED.,.T.,.F.) B_SPLINE_CURVE_WITH_KNOTS((1,2
    ,2,2,2,1),(-2.094395102393,0.,2.094395102393,4.188790204786,
6.28318530718,8.377580409573),.UNSPECIFIED.) CURVE() 
GEOMETRIC_REPRESENTATION_ITEM() RATIONAL_B_SPLINE_CURVE((1.,0.5,1.,0.5,
1.,0.5,1.)) REPRESENTATION_ITEM('') );
#9740 = CARTESIAN_POINT('',(36.2,2.338554037018E-15));
#9741 = CARTESIAN_POINT('',(36.2,-64.60549512231));
#9742 = CARTESIAN_POINT('',(-19.75,-32.30274756116));
#9743 = CARTESIAN_POINT('',(-75.7,-3.55939228812E-14));
#9744 = CARTESIAN_POINT('',(-19.75,32.30274756116));
#9745 = CARTESIAN_POINT('',(36.2,64.605495122319));
#9746 = CARTESIAN_POINT('',(36.2,2.338554037018E-15));
#9747 = ( GEOMETRIC_REPRESENTATION_CONTEXT(2) 
PARAMETRIC_REPRESENTATION_CONTEXT() REPRESENTATION_CONTEXT('2D SPACE',''
  ) );
#9748 = PCURVE('',#9749,#9754);
#9749 = CYLINDRICAL_SURFACE('',#9750,37.3);
#9750 = AXIS2_PLACEMENT_3D('',#9751,#9752,#9753);
#9751 = CARTESIAN_POINT('',(1.1,3.552713678801E-15,2.));
#9752 = DIRECTION('',(-0.,0.,-1.));
#9753 = DIRECTION('',(-1.,-2.573423753046E-16,-0.));
#9754 = DEFINITIONAL_REPRESENTATION('',(#9755),#9759);
#9755 = LINE('',#9756,#9757);
#9756 = CARTESIAN_POINT('',(0.,0.));
#9757 = VECTOR('',#9758,1.);
#9758 = DIRECTION('',(1.,0.));
#9759 = ( GEOMETRIC_REPRESENTATION_CONTEXT(2) 
PARAMETRIC_REPRESENTATION_CONTEXT() REPRESENTATION_CONTEXT('2D SPACE',''
  ) );
#9760 = ADVANCED_FACE('',(#9761),#1734,.T.);
#9761 = FACE_BOUND('',#9762,.F.);
#9762 = EDGE_LOOP('',(#9763,#9794,#9795,#9817));
#9763 = ORIENTED_EDGE('',*,*,#9764,.F.);
#9764 = EDGE_CURVE('',#2039,#1719,#9765,.T.);
#9765 = SURFACE_CURVE('',#9766,(#9771,#9782),.PCURVE_S1.);
#9766 = CIRCLE('',#9767,36.5);
#9767 = AXIS2_PLACEMENT_3D('',#9768,#9769,#9770);
#9768 = CARTESIAN_POINT('',(1.1,7.105427357601E-15,2.));
#9769 = DIRECTION('',(0.,0.,1.));
#9770 = DIRECTION('',(1.,-3.98620982807E-16,-0.));
#9771 = PCURVE('',#1734,#9772);
#9772 = DEFINITIONAL_REPRESENTATION('',(#9773),#9781);
#9773 = ( BOUNDED_CURVE() B_SPLINE_CURVE(2,(#9774,#9775,#9776,#9777,
#9778,#9779,#9780),.UNSPECIFIED.,.T.,.F.) B_SPLINE_CURVE_WITH_KNOTS((1,2
    ,2,2,2,1),(-2.094395102393,0.,2.094395102393,4.188790204786,
6.28318530718,8.377580409573),.UNSPECIFIED.) CURVE() 
GEOMETRIC_REPRESENTATION_ITEM() RATIONAL_B_SPLINE_CURVE((1.,0.5,1.,0.5,
1.,0.5,1.)) REPRESENTATION_ITEM('') );
#9774 = CARTESIAN_POINT('',(-67.68755518229,18.8));
#9775 = CARTESIAN_POINT('',(-36.07762794416,73.55));
#9776 = CARTESIAN_POINT('',(-4.467700706031,18.8));
#9777 = CARTESIAN_POINT('',(27.142226532101,-35.95));
#9778 = CARTESIAN_POINT('',(-36.07762794416,-35.95));
#9779 = CARTESIAN_POINT('',(-99.29748242042,-35.95));
#9780 = CARTESIAN_POINT('',(-67.68755518229,18.8));
#9781 = ( GEOMETRIC_REPRESENTATION_CONTEXT(2) 
PARAMETRIC_REPRESENTATION_CONTEXT() REPRESENTATION_CONTEXT('2D SPACE',''
  ) );
#9782 = PCURVE('',#9783,#9788);
#9783 = CYLINDRICAL_SURFACE('',#9784,36.5);
#9784 = AXIS2_PLACEMENT_3D('',#9785,#9786,#9787);
#9785 = CARTESIAN_POINT('',(1.1,7.105427357601E-15,2.));
#9786 = DIRECTION('',(-0.,-0.,-1.));
#9787 = DIRECTION('',(1.,-3.98620982807E-16,-0.));
#9788 = DEFINITIONAL_REPRESENTATION('',(#9789),#9793);
#9789 = LINE('',#9790,#9791);
#9790 = CARTESIAN_POINT('',(-0.,0.));
#9791 = VECTOR('',#9792,1.);
#9792 = DIRECTION('',(-1.,0.));
#9793 = ( GEOMETRIC_REPRESENTATION_CONTEXT(2) 
PARAMETRIC_REPRESENTATION_CONTEXT() REPRESENTATION_CONTEXT('2D SPACE',''
  ) );
#9794 = ORIENTED_EDGE('',*,*,#2066,.T.);
#9795 = ORIENTED_EDGE('',*,*,#9796,.F.);
#9796 = EDGE_CURVE('',#1691,#2067,#9797,.T.);
#9797 = SURFACE_CURVE('',#9798,(#9803,#9810),.PCURVE_S1.);
#9798 = CIRCLE('',#9799,37.3);
#9799 = AXIS2_PLACEMENT_3D('',#9800,#9801,#9802);
#9800 = CARTESIAN_POINT('',(1.1,3.552713678801E-15,2.));
#9801 = DIRECTION('',(0.,0.,-1.));
#9802 = DIRECTION('',(-1.,-2.573423753046E-16,-0.));
#9803 = PCURVE('',#1734,#9804);
#9804 = DEFINITIONAL_REPRESENTATION('',(#9805),#9809);
#9805 = CIRCLE('',#9806,37.3);
#9806 = AXIS2_PLACEMENT_2D('',#9807,#9808);
#9807 = CARTESIAN_POINT('',(-36.07762794416,0.55));
#9808 = DIRECTION('',(0.866025403784,-0.5));
#9809 = ( GEOMETRIC_REPRESENTATION_CONTEXT(2) 
PARAMETRIC_REPRESENTATION_CONTEXT() REPRESENTATION_CONTEXT('2D SPACE',''
  ) );
#9810 = PCURVE('',#9749,#9811);
#9811 = DEFINITIONAL_REPRESENTATION('',(#9812),#9816);
#9812 = LINE('',#9813,#9814);
#9813 = CARTESIAN_POINT('',(0.,0.));
#9814 = VECTOR('',#9815,1.);
#9815 = DIRECTION('',(1.,0.));
#9816 = ( GEOMETRIC_REPRESENTATION_CONTEXT(2) 
PARAMETRIC_REPRESENTATION_CONTEXT() REPRESENTATION_CONTEXT('2D SPACE',''
  ) );
#9817 = ORIENTED_EDGE('',*,*,#1718,.T.);
#9818 = ADVANCED_FACE('',(#9819),#1762,.T.);
#9819 = FACE_BOUND('',#9820,.F.);
#9820 = EDGE_LOOP('',(#9821,#9854,#9855,#9884,#9906,#9907));
#9821 = ORIENTED_EDGE('',*,*,#9822,.F.);
#9822 = EDGE_CURVE('',#5209,#9823,#9825,.T.);
#9823 = VERTEX_POINT('',#9824);
#9824 = CARTESIAN_POINT('',(-34.,-6.28502728111E-15,2.));
#9825 = SURFACE_CURVE('',#9826,(#9831,#9842),.PCURVE_S1.);
#9826 = CIRCLE('',#9827,34.);
#9827 = AXIS2_PLACEMENT_3D('',#9828,#9829,#9830);
#9828 = CARTESIAN_POINT('',(3.552713678801E-15,3.552713678801E-15,2.));
#9829 = DIRECTION('',(-0.,0.,-1.));
#9830 = DIRECTION('',(1.,1.668806424356E-16,-0.));
#9831 = PCURVE('',#1762,#9832);
#9832 = DEFINITIONAL_REPRESENTATION('',(#9833),#9841);
#9833 = ( BOUNDED_CURVE() B_SPLINE_CURVE(2,(#9834,#9835,#9836,#9837,
#9838,#9839,#9840),.UNSPECIFIED.,.T.,.F.) B_SPLINE_CURVE_WITH_KNOTS((1,2
    ,2,2,2,1),(-2.094395102393,0.,2.094395102393,4.188790204786,
6.28318530718,8.377580409573),.UNSPECIFIED.) CURVE() 
GEOMETRIC_REPRESENTATION_ITEM() RATIONAL_B_SPLINE_CURVE((1.,0.5,1.,0.5,
1.,0.5,1.)) REPRESENTATION_ITEM('') );
#9834 = CARTESIAN_POINT('',(-34.,-1.293425840465E-14));
#9835 = CARTESIAN_POINT('',(-34.,58.889727457342));
#9836 = CARTESIAN_POINT('',(17.,29.444863728671));
#9837 = CARTESIAN_POINT('',(68.,1.241516535798E-14));
#9838 = CARTESIAN_POINT('',(17.,-29.44486372867));
#9839 = CARTESIAN_POINT('',(-34.,-58.88972745734));
#9840 = CARTESIAN_POINT('',(-34.,-1.293425840465E-14));
#9841 = ( GEOMETRIC_REPRESENTATION_CONTEXT(2) 
PARAMETRIC_REPRESENTATION_CONTEXT() REPRESENTATION_CONTEXT('2D SPACE',''
  ) );
#9842 = PCURVE('',#9843,#9848);
#9843 = CYLINDRICAL_SURFACE('',#9844,34.);
#9844 = AXIS2_PLACEMENT_3D('',#9845,#9846,#9847);
#9845 = CARTESIAN_POINT('',(3.552713678801E-15,3.552713678801E-15,2.));
#9846 = DIRECTION('',(-0.,0.,-1.));
#9847 = DIRECTION('',(1.,1.668806424356E-16,-0.));
#9848 = DEFINITIONAL_REPRESENTATION('',(#9849),#9853);
#9849 = LINE('',#9850,#9851);
#9850 = CARTESIAN_POINT('',(0.,0.));
#9851 = VECTOR('',#9852,1.);
#9852 = DIRECTION('',(1.,0.));
#9853 = ( GEOMETRIC_REPRESENTATION_CONTEXT(2) 
PARAMETRIC_REPRESENTATION_CONTEXT() REPRESENTATION_CONTEXT('2D SPACE',''
  ) );
#9854 = ORIENTED_EDGE('',*,*,#5231,.T.);
#9855 = ORIENTED_EDGE('',*,*,#9856,.F.);
#9856 = EDGE_CURVE('',#9857,#5232,#9859,.T.);
#9857 = VERTEX_POINT('',#9858);
#9858 = CARTESIAN_POINT('',(-35.4,9.915797887417E-15,2.));
#9859 = SURFACE_CURVE('',#9860,(#9865,#9872),.PCURVE_S1.);
#9860 = CIRCLE('',#9861,35.4);
#9861 = AXIS2_PLACEMENT_3D('',#9862,#9863,#9864);
#9862 = CARTESIAN_POINT('',(-1.7763568394E-15,1.7763568394E-15,2.));
#9863 = DIRECTION('',(-0.,0.,1.));
#9864 = DIRECTION('',(-1.,2.299277132208E-16,-0.));
#9865 = PCURVE('',#1762,#9866);
#9866 = DEFINITIONAL_REPRESENTATION('',(#9867),#9871);
#9867 = CIRCLE('',#9868,35.4);
#9868 = AXIS2_PLACEMENT_2D('',#9869,#9870);
#9869 = CARTESIAN_POINT('',(-1.031648566456E-15,-5.483959722442E-15));
#9870 = DIRECTION('',(1.,-2.299277132208E-16));
#9871 = ( GEOMETRIC_REPRESENTATION_CONTEXT(2) 
PARAMETRIC_REPRESENTATION_CONTEXT() REPRESENTATION_CONTEXT('2D SPACE',''
  ) );
#9872 = PCURVE('',#9873,#9878);
#9873 = CYLINDRICAL_SURFACE('',#9874,35.4);
#9874 = AXIS2_PLACEMENT_3D('',#9875,#9876,#9877);
#9875 = CARTESIAN_POINT('',(-1.7763568394E-15,1.7763568394E-15,2.));
#9876 = DIRECTION('',(-0.,-0.,-1.));
#9877 = DIRECTION('',(-1.,2.299277132208E-16,-0.));
#9878 = DEFINITIONAL_REPRESENTATION('',(#9879),#9883);
#9879 = LINE('',#9880,#9881);
#9880 = CARTESIAN_POINT('',(-0.,0.));
#9881 = VECTOR('',#9882,1.);
#9882 = DIRECTION('',(-1.,0.));
#9883 = ( GEOMETRIC_REPRESENTATION_CONTEXT(2) 
PARAMETRIC_REPRESENTATION_CONTEXT() REPRESENTATION_CONTEXT('2D SPACE',''
  ) );
#9884 = ORIENTED_EDGE('',*,*,#9885,.F.);
#9885 = EDGE_CURVE('',#1719,#9857,#9886,.T.);
#9886 = SURFACE_CURVE('',#9887,(#9892,#9899),.PCURVE_S1.);
#9887 = CIRCLE('',#9888,36.5);
#9888 = AXIS2_PLACEMENT_3D('',#9889,#9890,#9891);
#9889 = CARTESIAN_POINT('',(1.1,7.105427357601E-15,2.));
#9890 = DIRECTION('',(0.,0.,1.));
#9891 = DIRECTION('',(1.,-3.98620982807E-16,-0.));
#9892 = PCURVE('',#1762,#9893);
#9893 = DEFINITIONAL_REPRESENTATION('',(#9894),#9898);
#9894 = CIRCLE('',#9895,36.5);
#9895 = AXIS2_PLACEMENT_2D('',#9896,#9897);
#9896 = CARTESIAN_POINT('',(-1.1,-1.081303024064E-14));
#9897 = DIRECTION('',(-1.,3.98620982807E-16));
#9898 = ( GEOMETRIC_REPRESENTATION_CONTEXT(2) 
PARAMETRIC_REPRESENTATION_CONTEXT() REPRESENTATION_CONTEXT('2D SPACE',''
  ) );
#9899 = PCURVE('',#9783,#9900);
#9900 = DEFINITIONAL_REPRESENTATION('',(#9901),#9905);
#9901 = LINE('',#9902,#9903);
#9902 = CARTESIAN_POINT('',(-0.,0.));
#9903 = VECTOR('',#9904,1.);
#9904 = DIRECTION('',(-1.,0.));
#9905 = ( GEOMETRIC_REPRESENTATION_CONTEXT(2) 
PARAMETRIC_REPRESENTATION_CONTEXT() REPRESENTATION_CONTEXT('2D SPACE',''
  ) );
#9906 = ORIENTED_EDGE('',*,*,#1746,.T.);
#9907 = ORIENTED_EDGE('',*,*,#9908,.F.);
#9908 = EDGE_CURVE('',#9823,#1747,#9909,.T.);
#9909 = SURFACE_CURVE('',#9910,(#9915,#9926),.PCURVE_S1.);
#9910 = CIRCLE('',#9911,35.1);
#9911 = AXIS2_PLACEMENT_3D('',#9912,#9913,#9914);
#9912 = CARTESIAN_POINT('',(1.1,-1.7763568394E-15,2.));
#9913 = DIRECTION('',(0.,0.,-1.));
#9914 = DIRECTION('',(-1.,-1.284521493365E-16,-0.));
#9915 = PCURVE('',#1762,#9916);
#9916 = DEFINITIONAL_REPRESENTATION('',(#9917),#9925);
#9917 = ( BOUNDED_CURVE() B_SPLINE_CURVE(2,(#9918,#9919,#9920,#9921,
#9922,#9923,#9924),.UNSPECIFIED.,.T.,.F.) B_SPLINE_CURVE_WITH_KNOTS((1,2
    ,2,2,2,1),(-2.094395102393,0.,2.094395102393,4.188790204786,
6.28318530718,8.377580409573),.UNSPECIFIED.) CURVE() 
GEOMETRIC_REPRESENTATION_ITEM() RATIONAL_B_SPLINE_CURVE((1.,0.5,1.,0.5,
1.,0.5,1.)) REPRESENTATION_ITEM('') );
#9918 = CARTESIAN_POINT('',(34.,2.577424398069E-15));
#9919 = CARTESIAN_POINT('',(34.,-60.79498334566));
#9920 = CARTESIAN_POINT('',(-18.65,-30.39749167283));
#9921 = CARTESIAN_POINT('',(-71.3,-1.954560745708E-14));
#9922 = CARTESIAN_POINT('',(-18.65,30.397491672834));
#9923 = CARTESIAN_POINT('',(34.,60.794983345668));
#9924 = CARTESIAN_POINT('',(34.,2.577424398069E-15));
#9925 = ( GEOMETRIC_REPRESENTATION_CONTEXT(2) 
PARAMETRIC_REPRESENTATION_CONTEXT() REPRESENTATION_CONTEXT('2D SPACE',''
  ) );
#9926 = PCURVE('',#9927,#9932);
#9927 = CYLINDRICAL_SURFACE('',#9928,35.1);
#9928 = AXIS2_PLACEMENT_3D('',#9929,#9930,#9931);
#9929 = CARTESIAN_POINT('',(1.1,-1.7763568394E-15,2.));
#9930 = DIRECTION('',(-0.,0.,-1.));
#9931 = DIRECTION('',(-1.,-1.284521493365E-16,-0.));
#9932 = DEFINITIONAL_REPRESENTATION('',(#9933),#9937);
#9933 = LINE('',#9934,#9935);
#9934 = CARTESIAN_POINT('',(0.,0.));
#9935 = VECTOR('',#9936,1.);
#9936 = DIRECTION('',(1.,0.));
#9937 = ( GEOMETRIC_REPRESENTATION_CONTEXT(2) 
PARAMETRIC_REPRESENTATION_CONTEXT() REPRESENTATION_CONTEXT('2D SPACE',''
  ) );
#9938 = ADVANCED_FACE('',(#9939),#1790,.T.);
#9939 = FACE_BOUND('',#9940,.F.);
#9940 = EDGE_LOOP('',(#9941,#9972,#9973,#9995));
#9941 = ORIENTED_EDGE('',*,*,#9942,.F.);
#9942 = EDGE_CURVE('',#1988,#1775,#9943,.T.);
#9943 = SURFACE_CURVE('',#9944,(#9949,#9960),.PCURVE_S1.);
#9944 = CIRCLE('',#9945,34.3);
#9945 = AXIS2_PLACEMENT_3D('',#9946,#9947,#9948);
#9946 = CARTESIAN_POINT('',(1.1,-1.7763568394E-15,2.));
#9947 = DIRECTION('',(0.,0.,1.));
#9948 = DIRECTION('',(1.,-2.601159486355E-16,-0.));
#9949 = PCURVE('',#1790,#9950);
#9950 = DEFINITIONAL_REPRESENTATION('',(#9951),#9959);
#9951 = ( BOUNDED_CURVE() B_SPLINE_CURVE(2,(#9952,#9953,#9954,#9955,
#9956,#9957,#9958),.UNSPECIFIED.,.T.,.F.) B_SPLINE_CURVE_WITH_KNOTS((1,2
    ,2,2,2,1),(-2.094395102393,0.,2.094395102393,4.188790204786,
6.28318530718,8.377580409573),.UNSPECIFIED.) CURVE() 
GEOMETRIC_REPRESENTATION_ITEM() RATIONAL_B_SPLINE_CURVE((1.,0.5,1.,0.5,
1.,0.5,1.)) REPRESENTATION_ITEM('') );
#9952 = CARTESIAN_POINT('',(-65.78229929396,17.7));
#9953 = CARTESIAN_POINT('',(-36.07762794416,69.15));
#9954 = CARTESIAN_POINT('',(-6.372956594357,17.7));
#9955 = CARTESIAN_POINT('',(23.33171475545,-33.75));
#9956 = CARTESIAN_POINT('',(-36.07762794416,-33.75));
#9957 = CARTESIAN_POINT('',(-95.48697064377,-33.75));
#9958 = CARTESIAN_POINT('',(-65.78229929396,17.7));
#9959 = ( GEOMETRIC_REPRESENTATION_CONTEXT(2) 
PARAMETRIC_REPRESENTATION_CONTEXT() REPRESENTATION_CONTEXT('2D SPACE',''
  ) );
#9960 = PCURVE('',#9961,#9966);
#9961 = CYLINDRICAL_SURFACE('',#9962,34.3);
#9962 = AXIS2_PLACEMENT_3D('',#9963,#9964,#9965);
#9963 = CARTESIAN_POINT('',(1.1,-1.7763568394E-15,2.));
#9964 = DIRECTION('',(-0.,-0.,-1.));
#9965 = DIRECTION('',(1.,-2.601159486355E-16,-0.));
#9966 = DEFINITIONAL_REPRESENTATION('',(#9967),#9971);
#9967 = LINE('',#9968,#9969);
#9968 = CARTESIAN_POINT('',(-0.,0.));
#9969 = VECTOR('',#9970,1.);
#9970 = DIRECTION('',(-1.,0.));
#9971 = ( GEOMETRIC_REPRESENTATION_CONTEXT(2) 
PARAMETRIC_REPRESENTATION_CONTEXT() REPRESENTATION_CONTEXT('2D SPACE',''
  ) );
#9972 = ORIENTED_EDGE('',*,*,#2015,.T.);
#9973 = ORIENTED_EDGE('',*,*,#9974,.F.);
#9974 = EDGE_CURVE('',#1747,#2016,#9975,.T.);
#9975 = SURFACE_CURVE('',#9976,(#9981,#9988),.PCURVE_S1.);
#9976 = CIRCLE('',#9977,35.1);
#9977 = AXIS2_PLACEMENT_3D('',#9978,#9979,#9980);
#9978 = CARTESIAN_POINT('',(1.1,-1.7763568394E-15,2.));
#9979 = DIRECTION('',(0.,0.,-1.));
#9980 = DIRECTION('',(-1.,-1.284521493365E-16,-0.));
#9981 = PCURVE('',#1790,#9982);
#9982 = DEFINITIONAL_REPRESENTATION('',(#9983),#9987);
#9983 = CIRCLE('',#9984,35.1);
#9984 = AXIS2_PLACEMENT_2D('',#9985,#9986);
#9985 = CARTESIAN_POINT('',(-36.07762794416,0.55));
#9986 = DIRECTION('',(0.866025403784,-0.5));
#9987 = ( GEOMETRIC_REPRESENTATION_CONTEXT(2) 
PARAMETRIC_REPRESENTATION_CONTEXT() REPRESENTATION_CONTEXT('2D SPACE',''
  ) );
#9988 = PCURVE('',#9927,#9989);
#9989 = DEFINITIONAL_REPRESENTATION('',(#9990),#9994);
#9990 = LINE('',#9991,#9992);
#9991 = CARTESIAN_POINT('',(0.,0.));
#9992 = VECTOR('',#9993,1.);
#9993 = DIRECTION('',(1.,0.));
#9994 = ( GEOMETRIC_REPRESENTATION_CONTEXT(2) 
PARAMETRIC_REPRESENTATION_CONTEXT() REPRESENTATION_CONTEXT('2D SPACE',''
  ) );
#9995 = ORIENTED_EDGE('',*,*,#1774,.T.);
#9996 = ADVANCED_FACE('',(#9997),#1818,.T.);
#9997 = FACE_BOUND('',#9998,.F.);
#9998 = EDGE_LOOP('',(#9999,#10032,#10033,#10062,#10084,#10085));
#9999 = ORIENTED_EDGE('',*,*,#10000,.F.);
#10000 = EDGE_CURVE('',#5163,#10001,#10003,.T.);
#10001 = VERTEX_POINT('',#10002);
#10002 = CARTESIAN_POINT('',(-31.8,2.307540094051E-15,2.));
#10003 = SURFACE_CURVE('',#10004,(#10009,#10020),.PCURVE_S1.);
#10004 = CIRCLE('',#10005,31.8);
#10005 = AXIS2_PLACEMENT_3D('',#10006,#10007,#10008);
#10006 = CARTESIAN_POINT('',(8.881784197001E-16,3.552713678801E-15,2.));
#10007 = DIRECTION('',(0.,0.,-1.));
#10008 = DIRECTION('',(1.,-8.330827787858E-17,-0.));
#10009 = PCURVE('',#1818,#10010);
#10010 = DEFINITIONAL_REPRESENTATION('',(#10011),#10019);
#10011 = ( BOUNDED_CURVE() B_SPLINE_CURVE(2,(#10012,#10013,#10014,#10015
    ,#10016,#10017,#10018),.UNSPECIFIED.,.T.,.F.) 
B_SPLINE_CURVE_WITH_KNOTS((1,2,2,2,2,1),(-2.094395102393,0.,
    2.094395102393,4.188790204786,6.28318530718,8.377580409573),
.UNSPECIFIED.) CURVE() GEOMETRIC_REPRESENTATION_ITEM() 
RATIONAL_B_SPLINE_CURVE((1.,0.5,1.,0.5,1.,0.5,1.)) REPRESENTATION_ITEM(
  '') );
#10012 = CARTESIAN_POINT('',(-31.8,-4.611113325303E-15));
#10013 = CARTESIAN_POINT('',(-31.8,55.07921568069));
#10014 = CARTESIAN_POINT('',(15.9,27.539607840345));
#10015 = CARTESIAN_POINT('',(63.6,-4.769969392343E-15));
#10016 = CARTESIAN_POINT('',(15.9,-27.53960784034));
#10017 = CARTESIAN_POINT('',(-31.8,-55.07921568069));
#10018 = CARTESIAN_POINT('',(-31.8,-4.611113325303E-15));
#10019 = ( GEOMETRIC_REPRESENTATION_CONTEXT(2) 
PARAMETRIC_REPRESENTATION_CONTEXT() REPRESENTATION_CONTEXT('2D SPACE',''
  ) );
#10020 = PCURVE('',#10021,#10026);
#10021 = CYLINDRICAL_SURFACE('',#10022,31.8);
#10022 = AXIS2_PLACEMENT_3D('',#10023,#10024,#10025);
#10023 = CARTESIAN_POINT('',(8.881784197001E-16,3.552713678801E-15,2.));
#10024 = DIRECTION('',(-0.,0.,-1.));
#10025 = DIRECTION('',(1.,-8.330827787858E-17,-0.));
#10026 = DEFINITIONAL_REPRESENTATION('',(#10027),#10031);
#10027 = LINE('',#10028,#10029);
#10028 = CARTESIAN_POINT('',(0.,0.));
#10029 = VECTOR('',#10030,1.);
#10030 = DIRECTION('',(1.,0.));
#10031 = ( GEOMETRIC_REPRESENTATION_CONTEXT(2) 
PARAMETRIC_REPRESENTATION_CONTEXT() REPRESENTATION_CONTEXT('2D SPACE',''
  ) );
#10032 = ORIENTED_EDGE('',*,*,#5185,.T.);
#10033 = ORIENTED_EDGE('',*,*,#10034,.F.);
#10034 = EDGE_CURVE('',#10035,#5186,#10037,.T.);
#10035 = VERTEX_POINT('',#10036);
#10036 = CARTESIAN_POINT('',(-33.2,1.134615871987E-14,2.));
#10037 = SURFACE_CURVE('',#10038,(#10043,#10050),.PCURVE_S1.);
#10038 = CIRCLE('',#10039,33.2);
#10039 = AXIS2_PLACEMENT_3D('',#10040,#10041,#10042);
#10040 = CARTESIAN_POINT('',(3.552713678801E-15,-3.552713678801E-15,2.)
  );
#10041 = DIRECTION('',(-0.,0.,1.));
#10042 = DIRECTION('',(-1.,4.487612168275E-16,-0.));
#10043 = PCURVE('',#1818,#10044);
#10044 = DEFINITIONAL_REPRESENTATION('',(#10045),#10049);
#10045 = CIRCLE('',#10046,33.2);
#10046 = AXIS2_PLACEMENT_2D('',#10047,#10048);
#10047 = CARTESIAN_POINT('',(-6.360719084657E-15,-1.548892042409E-16));
#10048 = DIRECTION('',(1.,-4.487612168275E-16));
#10049 = ( GEOMETRIC_REPRESENTATION_CONTEXT(2) 
PARAMETRIC_REPRESENTATION_CONTEXT() REPRESENTATION_CONTEXT('2D SPACE',''
  ) );
#10050 = PCURVE('',#10051,#10056);
#10051 = CYLINDRICAL_SURFACE('',#10052,33.2);
#10052 = AXIS2_PLACEMENT_3D('',#10053,#10054,#10055);
#10053 = CARTESIAN_POINT('',(3.552713678801E-15,-3.552713678801E-15,2.)
  );
#10054 = DIRECTION('',(-0.,-0.,-1.));
#10055 = DIRECTION('',(-1.,4.487612168275E-16,-0.));
#10056 = DEFINITIONAL_REPRESENTATION('',(#10057),#10061);
#10057 = LINE('',#10058,#10059);
#10058 = CARTESIAN_POINT('',(-0.,0.));
#10059 = VECTOR('',#10060,1.);
#10060 = DIRECTION('',(-1.,0.));
#10061 = ( GEOMETRIC_REPRESENTATION_CONTEXT(2) 
PARAMETRIC_REPRESENTATION_CONTEXT() REPRESENTATION_CONTEXT('2D SPACE',''
  ) );
#10062 = ORIENTED_EDGE('',*,*,#10063,.F.);
#10063 = EDGE_CURVE('',#1775,#10035,#10064,.T.);
#10064 = SURFACE_CURVE('',#10065,(#10070,#10077),.PCURVE_S1.);
#10065 = CIRCLE('',#10066,34.3);
#10066 = AXIS2_PLACEMENT_3D('',#10067,#10068,#10069);
#10067 = CARTESIAN_POINT('',(1.1,-1.7763568394E-15,2.));
#10068 = DIRECTION('',(0.,0.,1.));
#10069 = DIRECTION('',(1.,-2.601159486355E-16,-0.));
#10070 = PCURVE('',#1818,#10071);
#10071 = DEFINITIONAL_REPRESENTATION('',(#10072),#10076);
#10072 = CIRCLE('',#10073,34.3);
#10073 = AXIS2_PLACEMENT_2D('',#10074,#10075);
#10074 = CARTESIAN_POINT('',(-1.1,-1.931246043641E-15));
#10075 = DIRECTION('',(-1.,2.601159486355E-16));
#10076 = ( GEOMETRIC_REPRESENTATION_CONTEXT(2) 
PARAMETRIC_REPRESENTATION_CONTEXT() REPRESENTATION_CONTEXT('2D SPACE',''
  ) );
#10077 = PCURVE('',#9961,#10078);
#10078 = DEFINITIONAL_REPRESENTATION('',(#10079),#10083);
#10079 = LINE('',#10080,#10081);
#10080 = CARTESIAN_POINT('',(-0.,0.));
#10081 = VECTOR('',#10082,1.);
#10082 = DIRECTION('',(-1.,0.));
#10083 = ( GEOMETRIC_REPRESENTATION_CONTEXT(2) 
PARAMETRIC_REPRESENTATION_CONTEXT() REPRESENTATION_CONTEXT('2D SPACE',''
  ) );
#10084 = ORIENTED_EDGE('',*,*,#1802,.T.);
#10085 = ORIENTED_EDGE('',*,*,#10086,.F.);
#10086 = EDGE_CURVE('',#10001,#1803,#10087,.T.);
#10087 = SURFACE_CURVE('',#10088,(#10093,#10104),.PCURVE_S1.);
#10088 = CIRCLE('',#10089,32.9);
#10089 = AXIS2_PLACEMENT_3D('',#10090,#10091,#10092);
#10090 = CARTESIAN_POINT('',(1.1,-3.552713678801E-15,2.));
#10091 = DIRECTION('',(-0.,0.,-1.));
#10092 = DIRECTION('',(-1.,1.781232149803E-16,0.));
#10093 = PCURVE('',#1818,#10094);
#10094 = DEFINITIONAL_REPRESENTATION('',(#10095),#10103);
#10095 = ( BOUNDED_CURVE() B_SPLINE_CURVE(2,(#10096,#10097,#10098,#10099
    ,#10100,#10101,#10102),.UNSPECIFIED.,.T.,.F.) 
B_SPLINE_CURVE_WITH_KNOTS((1,2,2,2,2,1),(-2.094395102393,0.,
    2.094395102393,4.188790204786,6.28318530718,8.377580409573),
.UNSPECIFIED.) CURVE() GEOMETRIC_REPRESENTATION_ITEM() 
RATIONAL_B_SPLINE_CURVE((1.,0.5,1.,0.5,1.,0.5,1.)) REPRESENTATION_ITEM(
  '') );
#10096 = CARTESIAN_POINT('',(31.8,-6.015142977092E-15));
#10097 = CARTESIAN_POINT('',(31.8,-56.98447156901));
#10098 = CARTESIAN_POINT('',(-17.55,-28.4922357845));
#10099 = CARTESIAN_POINT('',(-66.9,3.507442403072E-15));
#10100 = CARTESIAN_POINT('',(-17.55,28.492235784508));
#10101 = CARTESIAN_POINT('',(31.8,56.984471569016));
#10102 = CARTESIAN_POINT('',(31.8,-6.015142977092E-15));
#10103 = ( GEOMETRIC_REPRESENTATION_CONTEXT(2) 
PARAMETRIC_REPRESENTATION_CONTEXT() REPRESENTATION_CONTEXT('2D SPACE',''
  ) );
#10104 = PCURVE('',#10105,#10110);
#10105 = CYLINDRICAL_SURFACE('',#10106,32.9);
#10106 = AXIS2_PLACEMENT_3D('',#10107,#10108,#10109);
#10107 = CARTESIAN_POINT('',(1.1,-3.552713678801E-15,2.));
#10108 = DIRECTION('',(-0.,0.,-1.));
#10109 = DIRECTION('',(-1.,1.781232149803E-16,0.));
#10110 = DEFINITIONAL_REPRESENTATION('',(#10111),#10115);
#10111 = LINE('',#10112,#10113);
#10112 = CARTESIAN_POINT('',(0.,0.));
#10113 = VECTOR('',#10114,1.);
#10114 = DIRECTION('',(1.,0.));
#10115 = ( GEOMETRIC_REPRESENTATION_CONTEXT(2) 
PARAMETRIC_REPRESENTATION_CONTEXT() REPRESENTATION_CONTEXT('2D SPACE',''
  ) );
#10116 = ADVANCED_FACE('',(#10117),#1846,.T.);
#10117 = FACE_BOUND('',#10118,.F.);
#10118 = EDGE_LOOP('',(#10119,#10150,#10151,#10173));
#10119 = ORIENTED_EDGE('',*,*,#10120,.F.);
#10120 = EDGE_CURVE('',#1937,#1831,#10121,.T.);
#10121 = SURFACE_CURVE('',#10122,(#10127,#10138),.PCURVE_S1.);
#10122 = CIRCLE('',#10123,32.1);
#10123 = AXIS2_PLACEMENT_3D('',#10124,#10125,#10126);
#10124 = CARTESIAN_POINT('',(1.1,1.7763568394E-15,2.));
#10125 = DIRECTION('',(0.,0.,1.));
#10126 = DIRECTION('',(1.,-2.975080536767E-16,-0.));
#10127 = PCURVE('',#1846,#10128);
#10128 = DEFINITIONAL_REPRESENTATION('',(#10129),#10137);
#10129 = ( BOUNDED_CURVE() B_SPLINE_CURVE(2,(#10130,#10131,#10132,#10133
    ,#10134,#10135,#10136),.UNSPECIFIED.,.T.,.F.) 
B_SPLINE_CURVE_WITH_KNOTS((1,2,2,2,2,1),(-2.094395102393,0.,
    2.094395102393,4.188790204786,6.28318530718,8.377580409573),
.UNSPECIFIED.) CURVE() GEOMETRIC_REPRESENTATION_ITEM() 
RATIONAL_B_SPLINE_CURVE((1.,0.5,1.,0.5,1.,0.5,1.)) REPRESENTATION_ITEM(
  '') );
#10130 = CARTESIAN_POINT('',(-63.87704340564,16.6));
#10131 = CARTESIAN_POINT('',(-36.07762794416,64.75));
#10132 = CARTESIAN_POINT('',(-8.278212482682,16.6));
#10133 = CARTESIAN_POINT('',(19.521202978798,-31.55));
#10134 = CARTESIAN_POINT('',(-36.07762794416,-31.55));
#10135 = CARTESIAN_POINT('',(-91.67645886712,-31.55));
#10136 = CARTESIAN_POINT('',(-63.87704340564,16.6));
#10137 = ( GEOMETRIC_REPRESENTATION_CONTEXT(2) 
PARAMETRIC_REPRESENTATION_CONTEXT() REPRESENTATION_CONTEXT('2D SPACE',''
  ) );
#10138 = PCURVE('',#10139,#10144);
#10139 = CYLINDRICAL_SURFACE('',#10140,32.1);
#10140 = AXIS2_PLACEMENT_3D('',#10141,#10142,#10143);
#10141 = CARTESIAN_POINT('',(1.1,1.7763568394E-15,2.));
#10142 = DIRECTION('',(-0.,-0.,-1.));
#10143 = DIRECTION('',(1.,-2.975080536767E-16,-0.));
#10144 = DEFINITIONAL_REPRESENTATION('',(#10145),#10149);
#10145 = LINE('',#10146,#10147);
#10146 = CARTESIAN_POINT('',(-0.,0.));
#10147 = VECTOR('',#10148,1.);
#10148 = DIRECTION('',(-1.,0.));
#10149 = ( GEOMETRIC_REPRESENTATION_CONTEXT(2) 
PARAMETRIC_REPRESENTATION_CONTEXT() REPRESENTATION_CONTEXT('2D SPACE',''
  ) );
#10150 = ORIENTED_EDGE('',*,*,#1964,.T.);
#10151 = ORIENTED_EDGE('',*,*,#10152,.F.);
#10152 = EDGE_CURVE('',#1803,#1965,#10153,.T.);
#10153 = SURFACE_CURVE('',#10154,(#10159,#10166),.PCURVE_S1.);
#10154 = CIRCLE('',#10155,32.9);
#10155 = AXIS2_PLACEMENT_3D('',#10156,#10157,#10158);
#10156 = CARTESIAN_POINT('',(1.1,-3.552713678801E-15,2.));
#10157 = DIRECTION('',(-0.,0.,-1.));
#10158 = DIRECTION('',(-1.,1.781232149803E-16,0.));
#10159 = PCURVE('',#1846,#10160);
#10160 = DEFINITIONAL_REPRESENTATION('',(#10161),#10165);
#10161 = CIRCLE('',#10162,32.9);
#10162 = AXIS2_PLACEMENT_2D('',#10163,#10164);
#10163 = CARTESIAN_POINT('',(-36.07762794416,0.55));
#10164 = DIRECTION('',(0.866025403784,-0.5));
#10165 = ( GEOMETRIC_REPRESENTATION_CONTEXT(2) 
PARAMETRIC_REPRESENTATION_CONTEXT() REPRESENTATION_CONTEXT('2D SPACE',''
  ) );
#10166 = PCURVE('',#10105,#10167);
#10167 = DEFINITIONAL_REPRESENTATION('',(#10168),#10172);
#10168 = LINE('',#10169,#10170);
#10169 = CARTESIAN_POINT('',(0.,0.));
#10170 = VECTOR('',#10171,1.);
#10171 = DIRECTION('',(1.,0.));
#10172 = ( GEOMETRIC_REPRESENTATION_CONTEXT(2) 
PARAMETRIC_REPRESENTATION_CONTEXT() REPRESENTATION_CONTEXT('2D SPACE',''
  ) );
#10173 = ORIENTED_EDGE('',*,*,#1830,.T.);
#10174 = ADVANCED_FACE('',(#10175),#1874,.T.);
#10175 = FACE_BOUND('',#10176,.F.);
#10176 = EDGE_LOOP('',(#10177,#10210,#10211,#10240,#10262,#10263));
#10177 = ORIENTED_EDGE('',*,*,#10178,.F.);
#10178 = EDGE_CURVE('',#5117,#10179,#10181,.T.);
#10179 = VERTEX_POINT('',#10180);
#10180 = CARTESIAN_POINT('',(-29.6,-6.965584476797E-16,2.));
#10181 = SURFACE_CURVE('',#10182,(#10187,#10198),.PCURVE_S1.);
#10182 = CIRCLE('',#10183,29.6);
#10183 = AXIS2_PLACEMENT_3D('',#10184,#10185,#10186);
#10184 = CARTESIAN_POINT('',(-3.552713678801E-15,-1.7763568394E-15,2.));
#10185 = DIRECTION('',(-0.,0.,-1.));
#10186 = DIRECTION('',(1.,2.851448545394E-16,-0.));
#10187 = PCURVE('',#1874,#10188);
#10188 = DEFINITIONAL_REPRESENTATION('',(#10189),#10197);
#10189 = ( BOUNDED_CURVE() B_SPLINE_CURVE(2,(#10190,#10191,#10192,#10193
    ,#10194,#10195,#10196),.UNSPECIFIED.,.T.,.F.) 
B_SPLINE_CURVE_WITH_KNOTS((1,2,2,2,2,1),(-2.094395102393,0.,
    2.094395102393,4.188790204786,6.28318530718,8.377580409573),
.UNSPECIFIED.) CURVE() GEOMETRIC_REPRESENTATION_ITEM() 
RATIONAL_B_SPLINE_CURVE((1.,0.5,1.,0.5,1.,0.5,1.)) REPRESENTATION_ITEM(
  '') );
#10190 = CARTESIAN_POINT('',(-29.6,-1.037153373801E-14));
#10191 = CARTESIAN_POINT('',(-29.6,51.268703904039));
#10192 = CARTESIAN_POINT('',(14.8,25.634351952019));
#10193 = CARTESIAN_POINT('',(59.2,2.219923839604E-14));
#10194 = CARTESIAN_POINT('',(14.8,-25.63435195201));
#10195 = CARTESIAN_POINT('',(-29.6,-51.26870390403));
#10196 = CARTESIAN_POINT('',(-29.6,-1.037153373801E-14));
#10197 = ( GEOMETRIC_REPRESENTATION_CONTEXT(2) 
PARAMETRIC_REPRESENTATION_CONTEXT() REPRESENTATION_CONTEXT('2D SPACE',''
  ) );
#10198 = PCURVE('',#10199,#10204);
#10199 = CYLINDRICAL_SURFACE('',#10200,29.6);
#10200 = AXIS2_PLACEMENT_3D('',#10201,#10202,#10203);
#10201 = CARTESIAN_POINT('',(-3.552713678801E-15,-1.7763568394E-15,2.));
#10202 = DIRECTION('',(-0.,0.,-1.));
#10203 = DIRECTION('',(1.,2.851448545394E-16,-0.));
#10204 = DEFINITIONAL_REPRESENTATION('',(#10205),#10209);
#10205 = LINE('',#10206,#10207);
#10206 = CARTESIAN_POINT('',(0.,0.));
#10207 = VECTOR('',#10208,1.);
#10208 = DIRECTION('',(1.,0.));
#10209 = ( GEOMETRIC_REPRESENTATION_CONTEXT(2) 
PARAMETRIC_REPRESENTATION_CONTEXT() REPRESENTATION_CONTEXT('2D SPACE',''
  ) );
#10210 = ORIENTED_EDGE('',*,*,#5139,.T.);
#10211 = ORIENTED_EDGE('',*,*,#10212,.F.);
#10212 = EDGE_CURVE('',#10213,#5140,#10215,.T.);
#10213 = VERTEX_POINT('',#10214);
#10214 = CARTESIAN_POINT('',(-31.,1.002217951498E-15,2.));
#10215 = SURFACE_CURVE('',#10216,(#10221,#10228),.PCURVE_S1.);
#10216 = CIRCLE('',#10217,31.);
#10217 = AXIS2_PLACEMENT_3D('',#10218,#10219,#10220);
#10218 = CARTESIAN_POINT('',(3.552713678801E-15,-8.881784197001E-16,2.)
  );
#10219 = DIRECTION('',(-0.,0.,1.));
#10220 = DIRECTION('',(-1.,6.098052810315E-17,-0.));
#10221 = PCURVE('',#1874,#10222);
#10222 = DEFINITIONAL_REPRESENTATION('',(#10223),#10227);
#10223 = CIRCLE('',#10224,31.);
#10224 = AXIS2_PLACEMENT_2D('',#10225,#10226);
#10225 = CARTESIAN_POINT('',(-6.360719084657E-15,-2.819424463341E-15));
#10226 = DIRECTION('',(1.,-6.098052810315E-17));
#10227 = ( GEOMETRIC_REPRESENTATION_CONTEXT(2) 
PARAMETRIC_REPRESENTATION_CONTEXT() REPRESENTATION_CONTEXT('2D SPACE',''
  ) );
#10228 = PCURVE('',#10229,#10234);
#10229 = CYLINDRICAL_SURFACE('',#10230,31.);
#10230 = AXIS2_PLACEMENT_3D('',#10231,#10232,#10233);
#10231 = CARTESIAN_POINT('',(3.552713678801E-15,-8.881784197001E-16,2.)
  );
#10232 = DIRECTION('',(-0.,-0.,-1.));
#10233 = DIRECTION('',(-1.,6.098052810315E-17,-0.));
#10234 = DEFINITIONAL_REPRESENTATION('',(#10235),#10239);
#10235 = LINE('',#10236,#10237);
#10236 = CARTESIAN_POINT('',(-0.,0.));
#10237 = VECTOR('',#10238,1.);
#10238 = DIRECTION('',(-1.,0.));
#10239 = ( GEOMETRIC_REPRESENTATION_CONTEXT(2) 
PARAMETRIC_REPRESENTATION_CONTEXT() REPRESENTATION_CONTEXT('2D SPACE',''
  ) );
#10240 = ORIENTED_EDGE('',*,*,#10241,.F.);
#10241 = EDGE_CURVE('',#1831,#10213,#10242,.T.);
#10242 = SURFACE_CURVE('',#10243,(#10248,#10255),.PCURVE_S1.);
#10243 = CIRCLE('',#10244,32.1);
#10244 = AXIS2_PLACEMENT_3D('',#10245,#10246,#10247);
#10245 = CARTESIAN_POINT('',(1.1,1.7763568394E-15,2.));
#10246 = DIRECTION('',(0.,0.,1.));
#10247 = DIRECTION('',(1.,-2.975080536767E-16,-0.));
#10248 = PCURVE('',#1874,#10249);
#10249 = DEFINITIONAL_REPRESENTATION('',(#10250),#10254);
#10250 = CIRCLE('',#10251,32.1);
#10251 = AXIS2_PLACEMENT_2D('',#10252,#10253);
#10252 = CARTESIAN_POINT('',(-1.1,-5.483959722442E-15));
#10253 = DIRECTION('',(-1.,2.975080536767E-16));
#10254 = ( GEOMETRIC_REPRESENTATION_CONTEXT(2) 
PARAMETRIC_REPRESENTATION_CONTEXT() REPRESENTATION_CONTEXT('2D SPACE',''
  ) );
#10255 = PCURVE('',#10139,#10256);
#10256 = DEFINITIONAL_REPRESENTATION('',(#10257),#10261);
#10257 = LINE('',#10258,#10259);
#10258 = CARTESIAN_POINT('',(-0.,0.));
#10259 = VECTOR('',#10260,1.);
#10260 = DIRECTION('',(-1.,0.));
#10261 = ( GEOMETRIC_REPRESENTATION_CONTEXT(2) 
PARAMETRIC_REPRESENTATION_CONTEXT() REPRESENTATION_CONTEXT('2D SPACE',''
  ) );
#10262 = ORIENTED_EDGE('',*,*,#1858,.T.);
#10263 = ORIENTED_EDGE('',*,*,#10264,.F.);
#10264 = EDGE_CURVE('',#10179,#1859,#10265,.T.);
#10265 = SURFACE_CURVE('',#10266,(#10271,#10282),.PCURVE_S1.);
#10266 = CIRCLE('',#10267,30.7);
#10267 = AXIS2_PLACEMENT_3D('',#10268,#10269,#10270);
#10268 = CARTESIAN_POINT('',(1.1,-1.7763568394E-15,2.));
#10269 = DIRECTION('',(-0.,0.,-1.));
#10270 = DIRECTION('',(-1.,3.517258604953E-17,0.));
#10271 = PCURVE('',#1874,#10272);
#10272 = DEFINITIONAL_REPRESENTATION('',(#10273),#10281);
#10273 = ( BOUNDED_CURVE() B_SPLINE_CURVE(2,(#10274,#10275,#10276,#10277
    ,#10278,#10279,#10280),.UNSPECIFIED.,.T.,.F.) 
B_SPLINE_CURVE_WITH_KNOTS((1,2,2,2,2,1),(-2.094395102393,0.,
    2.094395102393,4.188790204786,6.28318530718,8.377580409573),
.UNSPECIFIED.) CURVE() GEOMETRIC_REPRESENTATION_ITEM() 
RATIONAL_B_SPLINE_CURVE((1.,0.5,1.,0.5,1.,0.5,1.)) REPRESENTATION_ITEM(
  '') );
#10274 = CARTESIAN_POINT('',(29.6,-3.011044435362E-15));
#10275 = CARTESIAN_POINT('',(29.6,-53.17395979236));
#10276 = CARTESIAN_POINT('',(-16.45,-26.58697989618));
#10277 = CARTESIAN_POINT('',(-62.5,-7.290980606965E-15));
#10278 = CARTESIAN_POINT('',(-16.45,26.586979896182));
#10279 = CARTESIAN_POINT('',(29.6,53.173959792365));
#10280 = CARTESIAN_POINT('',(29.6,-3.011044435362E-15));
#10281 = ( GEOMETRIC_REPRESENTATION_CONTEXT(2) 
PARAMETRIC_REPRESENTATION_CONTEXT() REPRESENTATION_CONTEXT('2D SPACE',''
  ) );
#10282 = PCURVE('',#8611,#10283);
#10283 = DEFINITIONAL_REPRESENTATION('',(#10284),#10288);
#10284 = LINE('',#10285,#10286);
#10285 = CARTESIAN_POINT('',(0.,0.));
#10286 = VECTOR('',#10287,1.);
#10287 = DIRECTION('',(1.,0.));
#10288 = ( GEOMETRIC_REPRESENTATION_CONTEXT(2) 
PARAMETRIC_REPRESENTATION_CONTEXT() REPRESENTATION_CONTEXT('2D SPACE',''
  ) );
#10289 = ADVANCED_FACE('',(#10290),#1952,.T.);
#10290 = FACE_BOUND('',#10291,.F.);
#10291 = EDGE_LOOP('',(#10292,#10318,#10319,#10341));
#10292 = ORIENTED_EDGE('',*,*,#10293,.F.);
#10293 = EDGE_CURVE('',#1914,#2860,#10294,.T.);
#10294 = SURFACE_CURVE('',#10295,(#10300,#10311),.PCURVE_S1.);
#10295 = CIRCLE('',#10296,30.7);
#10296 = AXIS2_PLACEMENT_3D('',#10297,#10298,#10299);
#10297 = CARTESIAN_POINT('',(1.1,-1.7763568394E-15,2.));
#10298 = DIRECTION('',(-0.,0.,-1.));
#10299 = DIRECTION('',(-1.,3.517258604953E-17,0.));
#10300 = PCURVE('',#1952,#10301);
#10301 = DEFINITIONAL_REPRESENTATION('',(#10302),#10310);
#10302 = ( BOUNDED_CURVE() B_SPLINE_CURVE(2,(#10303,#10304,#10305,#10306
    ,#10307,#10308,#10309),.UNSPECIFIED.,.T.,.F.) 
B_SPLINE_CURVE_WITH_KNOTS((1,2,2,2,2,1),(-2.094395102393,0.,
    2.094395102393,4.188790204786,6.28318530718,8.377580409573),
.UNSPECIFIED.) CURVE() GEOMETRIC_REPRESENTATION_ITEM() 
RATIONAL_B_SPLINE_CURVE((1.,0.5,1.,0.5,1.,0.5,1.)) REPRESENTATION_ITEM(
  '') );
#10303 = CARTESIAN_POINT('',(29.6,-3.011044435362E-15));
#10304 = CARTESIAN_POINT('',(29.6,-53.17395979236));
#10305 = CARTESIAN_POINT('',(-16.45,-26.58697989618));
#10306 = CARTESIAN_POINT('',(-62.5,-7.290980606965E-15));
#10307 = CARTESIAN_POINT('',(-16.45,26.586979896182));
#10308 = CARTESIAN_POINT('',(29.6,53.173959792365));
#10309 = CARTESIAN_POINT('',(29.6,-3.011044435362E-15));
#10310 = ( GEOMETRIC_REPRESENTATION_CONTEXT(2) 
PARAMETRIC_REPRESENTATION_CONTEXT() REPRESENTATION_CONTEXT('2D SPACE',''
  ) );
#10311 = PCURVE('',#8611,#10312);
#10312 = DEFINITIONAL_REPRESENTATION('',(#10313),#10317);
#10313 = LINE('',#10314,#10315);
#10314 = CARTESIAN_POINT('',(0.,0.));
#10315 = VECTOR('',#10316,1.);
#10316 = DIRECTION('',(1.,0.));
#10317 = ( GEOMETRIC_REPRESENTATION_CONTEXT(2) 
PARAMETRIC_REPRESENTATION_CONTEXT() REPRESENTATION_CONTEXT('2D SPACE',''
  ) );
#10318 = ORIENTED_EDGE('',*,*,#1936,.T.);
#10319 = ORIENTED_EDGE('',*,*,#10320,.F.);
#10320 = EDGE_CURVE('',#2832,#1937,#10321,.T.);
#10321 = SURFACE_CURVE('',#10322,(#10327,#10334),.PCURVE_S1.);
#10322 = CIRCLE('',#10323,32.1);
#10323 = AXIS2_PLACEMENT_3D('',#10324,#10325,#10326);
#10324 = CARTESIAN_POINT('',(1.1,1.7763568394E-15,2.));
#10325 = DIRECTION('',(0.,0.,1.));
#10326 = DIRECTION('',(1.,-2.975080536767E-16,-0.));
#10327 = PCURVE('',#1952,#10328);
#10328 = DEFINITIONAL_REPRESENTATION('',(#10329),#10333);
#10329 = CIRCLE('',#10330,32.1);
#10330 = AXIS2_PLACEMENT_2D('',#10331,#10332);
#10331 = CARTESIAN_POINT('',(-1.1,-5.483959722442E-15));
#10332 = DIRECTION('',(-1.,2.975080536767E-16));
#10333 = ( GEOMETRIC_REPRESENTATION_CONTEXT(2) 
PARAMETRIC_REPRESENTATION_CONTEXT() REPRESENTATION_CONTEXT('2D SPACE',''
  ) );
#10334 = PCURVE('',#10139,#10335);
#10335 = DEFINITIONAL_REPRESENTATION('',(#10336),#10340);
#10336 = LINE('',#10337,#10338);
#10337 = CARTESIAN_POINT('',(-0.,0.));
#10338 = VECTOR('',#10339,1.);
#10339 = DIRECTION('',(-1.,0.));
#10340 = ( GEOMETRIC_REPRESENTATION_CONTEXT(2) 
PARAMETRIC_REPRESENTATION_CONTEXT() REPRESENTATION_CONTEXT('2D SPACE',''
  ) );
#10341 = ORIENTED_EDGE('',*,*,#2859,.T.);
#10342 = ADVANCED_FACE('',(#10343),#2003,.T.);
#10343 = FACE_BOUND('',#10344,.F.);
#10344 = EDGE_LOOP('',(#10345,#10371,#10372,#10394));
#10345 = ORIENTED_EDGE('',*,*,#10346,.F.);
#10346 = EDGE_CURVE('',#1965,#2809,#10347,.T.);
#10347 = SURFACE_CURVE('',#10348,(#10353,#10364),.PCURVE_S1.);
#10348 = CIRCLE('',#10349,32.9);
#10349 = AXIS2_PLACEMENT_3D('',#10350,#10351,#10352);
#10350 = CARTESIAN_POINT('',(1.1,-3.552713678801E-15,2.));
#10351 = DIRECTION('',(-0.,0.,-1.));
#10352 = DIRECTION('',(-1.,1.781232149803E-16,0.));
#10353 = PCURVE('',#2003,#10354);
#10354 = DEFINITIONAL_REPRESENTATION('',(#10355),#10363);
#10355 = ( BOUNDED_CURVE() B_SPLINE_CURVE(2,(#10356,#10357,#10358,#10359
    ,#10360,#10361,#10362),.UNSPECIFIED.,.T.,.F.) 
B_SPLINE_CURVE_WITH_KNOTS((1,2,2,2,2,1),(-2.094395102393,0.,
    2.094395102393,4.188790204786,6.28318530718,8.377580409573),
.UNSPECIFIED.) CURVE() GEOMETRIC_REPRESENTATION_ITEM() 
RATIONAL_B_SPLINE_CURVE((1.,0.5,1.,0.5,1.,0.5,1.)) REPRESENTATION_ITEM(
  '') );
#10356 = CARTESIAN_POINT('',(31.8,-6.015142977092E-15));
#10357 = CARTESIAN_POINT('',(31.8,-56.98447156901));
#10358 = CARTESIAN_POINT('',(-17.55,-28.4922357845));
#10359 = CARTESIAN_POINT('',(-66.9,3.507442403072E-15));
#10360 = CARTESIAN_POINT('',(-17.55,28.492235784508));
#10361 = CARTESIAN_POINT('',(31.8,56.984471569016));
#10362 = CARTESIAN_POINT('',(31.8,-6.015142977092E-15));
#10363 = ( GEOMETRIC_REPRESENTATION_CONTEXT(2) 
PARAMETRIC_REPRESENTATION_CONTEXT() REPRESENTATION_CONTEXT('2D SPACE',''
  ) );
#10364 = PCURVE('',#10105,#10365);
#10365 = DEFINITIONAL_REPRESENTATION('',(#10366),#10370);
#10366 = LINE('',#10367,#10368);
#10367 = CARTESIAN_POINT('',(0.,0.));
#10368 = VECTOR('',#10369,1.);
#10369 = DIRECTION('',(1.,0.));
#10370 = ( GEOMETRIC_REPRESENTATION_CONTEXT(2) 
PARAMETRIC_REPRESENTATION_CONTEXT() REPRESENTATION_CONTEXT('2D SPACE',''
  ) );
#10371 = ORIENTED_EDGE('',*,*,#1987,.T.);
#10372 = ORIENTED_EDGE('',*,*,#10373,.F.);
#10373 = EDGE_CURVE('',#2781,#1988,#10374,.T.);
#10374 = SURFACE_CURVE('',#10375,(#10380,#10387),.PCURVE_S1.);
#10375 = CIRCLE('',#10376,34.3);
#10376 = AXIS2_PLACEMENT_3D('',#10377,#10378,#10379);
#10377 = CARTESIAN_POINT('',(1.1,-1.7763568394E-15,2.));
#10378 = DIRECTION('',(0.,0.,1.));
#10379 = DIRECTION('',(1.,-2.601159486355E-16,-0.));
#10380 = PCURVE('',#2003,#10381);
#10381 = DEFINITIONAL_REPRESENTATION('',(#10382),#10386);
#10382 = CIRCLE('',#10383,34.3);
#10383 = AXIS2_PLACEMENT_2D('',#10384,#10385);
#10384 = CARTESIAN_POINT('',(-1.1,-1.931246043641E-15));
#10385 = DIRECTION('',(-1.,2.601159486355E-16));
#10386 = ( GEOMETRIC_REPRESENTATION_CONTEXT(2) 
PARAMETRIC_REPRESENTATION_CONTEXT() REPRESENTATION_CONTEXT('2D SPACE',''
  ) );
#10387 = PCURVE('',#9961,#10388);
#10388 = DEFINITIONAL_REPRESENTATION('',(#10389),#10393);
#10389 = LINE('',#10390,#10391);
#10390 = CARTESIAN_POINT('',(-0.,0.));
#10391 = VECTOR('',#10392,1.);
#10392 = DIRECTION('',(-1.,0.));
#10393 = ( GEOMETRIC_REPRESENTATION_CONTEXT(2) 
PARAMETRIC_REPRESENTATION_CONTEXT() REPRESENTATION_CONTEXT('2D SPACE',''
  ) );
#10394 = ORIENTED_EDGE('',*,*,#2808,.T.);
#10395 = ADVANCED_FACE('',(#10396),#2054,.T.);
#10396 = FACE_BOUND('',#10397,.F.);
#10397 = EDGE_LOOP('',(#10398,#10424,#10425,#10447));
#10398 = ORIENTED_EDGE('',*,*,#10399,.F.);
#10399 = EDGE_CURVE('',#2016,#2758,#10400,.T.);
#10400 = SURFACE_CURVE('',#10401,(#10406,#10417),.PCURVE_S1.);
#10401 = CIRCLE('',#10402,35.1);
#10402 = AXIS2_PLACEMENT_3D('',#10403,#10404,#10405);
#10403 = CARTESIAN_POINT('',(1.1,-1.7763568394E-15,2.));
#10404 = DIRECTION('',(0.,0.,-1.));
#10405 = DIRECTION('',(-1.,-1.284521493365E-16,-0.));
#10406 = PCURVE('',#2054,#10407);
#10407 = DEFINITIONAL_REPRESENTATION('',(#10408),#10416);
#10408 = ( BOUNDED_CURVE() B_SPLINE_CURVE(2,(#10409,#10410,#10411,#10412
    ,#10413,#10414,#10415),.UNSPECIFIED.,.T.,.F.) 
B_SPLINE_CURVE_WITH_KNOTS((1,2,2,2,2,1),(-2.094395102393,0.,
    2.094395102393,4.188790204786,6.28318530718,8.377580409573),
.UNSPECIFIED.) CURVE() GEOMETRIC_REPRESENTATION_ITEM() 
RATIONAL_B_SPLINE_CURVE((1.,0.5,1.,0.5,1.,0.5,1.)) REPRESENTATION_ITEM(
  '') );
#10409 = CARTESIAN_POINT('',(34.,2.577424398069E-15));
#10410 = CARTESIAN_POINT('',(34.,-60.79498334566));
#10411 = CARTESIAN_POINT('',(-18.65,-30.39749167283));
#10412 = CARTESIAN_POINT('',(-71.3,-1.954560745708E-14));
#10413 = CARTESIAN_POINT('',(-18.65,30.397491672834));
#10414 = CARTESIAN_POINT('',(34.,60.794983345668));
#10415 = CARTESIAN_POINT('',(34.,2.577424398069E-15));
#10416 = ( GEOMETRIC_REPRESENTATION_CONTEXT(2) 
PARAMETRIC_REPRESENTATION_CONTEXT() REPRESENTATION_CONTEXT('2D SPACE',''
  ) );
#10417 = PCURVE('',#9927,#10418);
#10418 = DEFINITIONAL_REPRESENTATION('',(#10419),#10423);
#10419 = LINE('',#10420,#10421);
#10420 = CARTESIAN_POINT('',(0.,0.));
#10421 = VECTOR('',#10422,1.);
#10422 = DIRECTION('',(1.,0.));
#10423 = ( GEOMETRIC_REPRESENTATION_CONTEXT(2) 
PARAMETRIC_REPRESENTATION_CONTEXT() REPRESENTATION_CONTEXT('2D SPACE',''
  ) );
#10424 = ORIENTED_EDGE('',*,*,#2038,.T.);
#10425 = ORIENTED_EDGE('',*,*,#10426,.F.);
#10426 = EDGE_CURVE('',#2730,#2039,#10427,.T.);
#10427 = SURFACE_CURVE('',#10428,(#10433,#10440),.PCURVE_S1.);
#10428 = CIRCLE('',#10429,36.5);
#10429 = AXIS2_PLACEMENT_3D('',#10430,#10431,#10432);
#10430 = CARTESIAN_POINT('',(1.1,7.105427357601E-15,2.));
#10431 = DIRECTION('',(0.,0.,1.));
#10432 = DIRECTION('',(1.,-3.98620982807E-16,-0.));
#10433 = PCURVE('',#2054,#10434);
#10434 = DEFINITIONAL_REPRESENTATION('',(#10435),#10439);
#10435 = CIRCLE('',#10436,36.5);
#10436 = AXIS2_PLACEMENT_2D('',#10437,#10438);
#10437 = CARTESIAN_POINT('',(-1.1,-1.081303024064E-14));
#10438 = DIRECTION('',(-1.,3.98620982807E-16));
#10439 = ( GEOMETRIC_REPRESENTATION_CONTEXT(2) 
PARAMETRIC_REPRESENTATION_CONTEXT() REPRESENTATION_CONTEXT('2D SPACE',''
  ) );
#10440 = PCURVE('',#9783,#10441);
#10441 = DEFINITIONAL_REPRESENTATION('',(#10442),#10446);
#10442 = LINE('',#10443,#10444);
#10443 = CARTESIAN_POINT('',(-0.,0.));
#10444 = VECTOR('',#10445,1.);
#10445 = DIRECTION('',(-1.,0.));
#10446 = ( GEOMETRIC_REPRESENTATION_CONTEXT(2) 
PARAMETRIC_REPRESENTATION_CONTEXT() REPRESENTATION_CONTEXT('2D SPACE',''
  ) );
#10447 = ORIENTED_EDGE('',*,*,#2757,.T.);
#10448 = ADVANCED_FACE('',(#10449),#2105,.T.);
#10449 = FACE_BOUND('',#10450,.F.);
#10450 = EDGE_LOOP('',(#10451,#10477,#10478,#10500));
#10451 = ORIENTED_EDGE('',*,*,#10452,.F.);
#10452 = EDGE_CURVE('',#2067,#2707,#10453,.T.);
#10453 = SURFACE_CURVE('',#10454,(#10459,#10470),.PCURVE_S1.);
#10454 = CIRCLE('',#10455,37.3);
#10455 = AXIS2_PLACEMENT_3D('',#10456,#10457,#10458);
#10456 = CARTESIAN_POINT('',(1.1,3.552713678801E-15,2.));
#10457 = DIRECTION('',(0.,0.,-1.));
#10458 = DIRECTION('',(-1.,-2.573423753046E-16,-0.));
#10459 = PCURVE('',#2105,#10460);
#10460 = DEFINITIONAL_REPRESENTATION('',(#10461),#10469);
#10461 = ( BOUNDED_CURVE() B_SPLINE_CURVE(2,(#10462,#10463,#10464,#10465
    ,#10466,#10467,#10468),.UNSPECIFIED.,.T.,.F.) 
B_SPLINE_CURVE_WITH_KNOTS((1,2,2,2,2,1),(-2.094395102393,0.,
    2.094395102393,4.188790204786,6.28318530718,8.377580409573),
.UNSPECIFIED.) CURVE() GEOMETRIC_REPRESENTATION_ITEM() 
RATIONAL_B_SPLINE_CURVE((1.,0.5,1.,0.5,1.,0.5,1.)) REPRESENTATION_ITEM(
  '') );
#10462 = CARTESIAN_POINT('',(36.2,2.338554037018E-15));
#10463 = CARTESIAN_POINT('',(36.2,-64.60549512231));
#10464 = CARTESIAN_POINT('',(-19.75,-32.30274756116));
#10465 = CARTESIAN_POINT('',(-75.7,-3.55939228812E-14));
#10466 = CARTESIAN_POINT('',(-19.75,32.30274756116));
#10467 = CARTESIAN_POINT('',(36.2,64.605495122319));
#10468 = CARTESIAN_POINT('',(36.2,2.338554037018E-15));
#10469 = ( GEOMETRIC_REPRESENTATION_CONTEXT(2) 
PARAMETRIC_REPRESENTATION_CONTEXT() REPRESENTATION_CONTEXT('2D SPACE',''
  ) );
#10470 = PCURVE('',#9749,#10471);
#10471 = DEFINITIONAL_REPRESENTATION('',(#10472),#10476);
#10472 = LINE('',#10473,#10474);
#10473 = CARTESIAN_POINT('',(0.,0.));
#10474 = VECTOR('',#10475,1.);
#10475 = DIRECTION('',(1.,0.));
#10476 = ( GEOMETRIC_REPRESENTATION_CONTEXT(2) 
PARAMETRIC_REPRESENTATION_CONTEXT() REPRESENTATION_CONTEXT('2D SPACE',''
  ) );
#10477 = ORIENTED_EDGE('',*,*,#2089,.T.);
#10478 = ORIENTED_EDGE('',*,*,#10479,.F.);
#10479 = EDGE_CURVE('',#2679,#2090,#10480,.T.);
#10480 = SURFACE_CURVE('',#10481,(#10486,#10493),.PCURVE_S1.);
#10481 = CIRCLE('',#10482,38.7);
#10482 = AXIS2_PLACEMENT_3D('',#10483,#10484,#10485);
#10483 = CARTESIAN_POINT('',(1.1,-1.7763568394E-15,2.));
#10484 = DIRECTION('',(0.,0.,1.));
#10485 = DIRECTION('',(1.,-8.861121332198E-17,-0.));
#10486 = PCURVE('',#2105,#10487);
#10487 = DEFINITIONAL_REPRESENTATION('',(#10488),#10492);
#10488 = CIRCLE('',#10489,38.7);
#10489 = AXIS2_PLACEMENT_2D('',#10490,#10491);
#10490 = CARTESIAN_POINT('',(-1.1,-1.931246043641E-15));
#10491 = DIRECTION('',(-1.,8.861121332198E-17));
#10492 = ( GEOMETRIC_REPRESENTATION_CONTEXT(2) 
PARAMETRIC_REPRESENTATION_CONTEXT() REPRESENTATION_CONTEXT('2D SPACE',''
  ) );
#10493 = PCURVE('',#9605,#10494);
#10494 = DEFINITIONAL_REPRESENTATION('',(#10495),#10499);
#10495 = LINE('',#10496,#10497);
#10496 = CARTESIAN_POINT('',(-0.,0.));
#10497 = VECTOR('',#10498,1.);
#10498 = DIRECTION('',(-1.,0.));
#10499 = ( GEOMETRIC_REPRESENTATION_CONTEXT(2) 
PARAMETRIC_REPRESENTATION_CONTEXT() REPRESENTATION_CONTEXT('2D SPACE',''
  ) );
#10500 = ORIENTED_EDGE('',*,*,#2706,.T.);
#10501 = ADVANCED_FACE('',(#10502),#2156,.T.);
#10502 = FACE_BOUND('',#10503,.F.);
#10503 = EDGE_LOOP('',(#10504,#10530,#10531,#10553));
#10504 = ORIENTED_EDGE('',*,*,#10505,.F.);
#10505 = EDGE_CURVE('',#2118,#2656,#10506,.T.);
#10506 = SURFACE_CURVE('',#10507,(#10512,#10523),.PCURVE_S1.);
#10507 = CIRCLE('',#10508,39.5);
#10508 = AXIS2_PLACEMENT_3D('',#10509,#10510,#10511);
#10509 = CARTESIAN_POINT('',(1.1,1.7763568394E-15,2.));
#10510 = DIRECTION('',(0.,0.,-1.));
#10511 = DIRECTION('',(-1.,-3.551613792668E-16,-0.));
#10512 = PCURVE('',#2156,#10513);
#10513 = DEFINITIONAL_REPRESENTATION('',(#10514),#10522);
#10514 = ( BOUNDED_CURVE() B_SPLINE_CURVE(2,(#10515,#10516,#10517,#10518
    ,#10519,#10520,#10521),.UNSPECIFIED.,.T.,.F.) 
B_SPLINE_CURVE_WITH_KNOTS((1,2,2,2,2,1),(-2.094395102393,0.,
    2.094395102393,4.188790204786,6.28318530718,8.377580409573),
.UNSPECIFIED.) CURVE() GEOMETRIC_REPRESENTATION_ITEM() 
RATIONAL_B_SPLINE_CURVE((1.,0.5,1.,0.5,1.,0.5,1.)) REPRESENTATION_ITEM(
  '') );
#10515 = CARTESIAN_POINT('',(38.4,8.544914758598E-15));
#10516 = CARTESIAN_POINT('',(38.4,-68.41600689897));
#10517 = CARTESIAN_POINT('',(-20.85,-34.20800344948));
#10518 = CARTESIAN_POINT('',(-80.1,-4.321641839779E-14));
#10519 = CARTESIAN_POINT('',(-20.85,34.208003449485));
#10520 = CARTESIAN_POINT('',(38.4,68.416006898971));
#10521 = CARTESIAN_POINT('',(38.4,8.544914758598E-15));
#10522 = ( GEOMETRIC_REPRESENTATION_CONTEXT(2) 
PARAMETRIC_REPRESENTATION_CONTEXT() REPRESENTATION_CONTEXT('2D SPACE',''
  ) );
#10523 = PCURVE('',#9571,#10524);
#10524 = DEFINITIONAL_REPRESENTATION('',(#10525),#10529);
#10525 = LINE('',#10526,#10527);
#10526 = CARTESIAN_POINT('',(0.,0.));
#10527 = VECTOR('',#10528,1.);
#10528 = DIRECTION('',(1.,0.));
#10529 = ( GEOMETRIC_REPRESENTATION_CONTEXT(2) 
PARAMETRIC_REPRESENTATION_CONTEXT() REPRESENTATION_CONTEXT('2D SPACE',''
  ) );
#10530 = ORIENTED_EDGE('',*,*,#2140,.T.);
#10531 = ORIENTED_EDGE('',*,*,#10532,.F.);
#10532 = EDGE_CURVE('',#2628,#2141,#10533,.T.);
#10533 = SURFACE_CURVE('',#10534,(#10539,#10546),.PCURVE_S1.);
#10534 = CIRCLE('',#10535,40.9);
#10535 = AXIS2_PLACEMENT_3D('',#10536,#10537,#10538);
#10536 = CARTESIAN_POINT('',(1.1,-3.552713678801E-15,2.));
#10537 = DIRECTION('',(0.,0.,1.));
#10538 = DIRECTION('',(1.,2.749572604786E-17,-0.));
#10539 = PCURVE('',#2156,#10540);
#10540 = DEFINITIONAL_REPRESENTATION('',(#10541),#10545);
#10541 = CIRCLE('',#10542,40.9);
#10542 = AXIS2_PLACEMENT_2D('',#10543,#10544);
#10543 = CARTESIAN_POINT('',(-1.1,-1.548892042409E-16));
#10544 = DIRECTION('',(-1.,-2.749572604786E-17));
#10545 = ( GEOMETRIC_REPRESENTATION_CONTEXT(2) 
PARAMETRIC_REPRESENTATION_CONTEXT() REPRESENTATION_CONTEXT('2D SPACE',''
  ) );
#10546 = PCURVE('',#9448,#10547);
#10547 = DEFINITIONAL_REPRESENTATION('',(#10548),#10552);
#10548 = LINE('',#10549,#10550);
#10549 = CARTESIAN_POINT('',(-0.,0.));
#10550 = VECTOR('',#10551,1.);
#10551 = DIRECTION('',(-1.,0.));
#10552 = ( GEOMETRIC_REPRESENTATION_CONTEXT(2) 
PARAMETRIC_REPRESENTATION_CONTEXT() REPRESENTATION_CONTEXT('2D SPACE',''
  ) );
#10553 = ORIENTED_EDGE('',*,*,#2655,.T.);
#10554 = ADVANCED_FACE('',(#10555),#2207,.T.);
#10555 = FACE_BOUND('',#10556,.F.);
#10556 = EDGE_LOOP('',(#10557,#10558,#10559,#10560,#10561));
#10557 = ORIENTED_EDGE('',*,*,#8044,.F.);
#10558 = ORIENTED_EDGE('',*,*,#2191,.T.);
#10559 = ORIENTED_EDGE('',*,*,#2245,.T.);
#10560 = ORIENTED_EDGE('',*,*,#8494,.F.);
#10561 = ORIENTED_EDGE('',*,*,#3381,.T.);
#10562 = ADVANCED_FACE('',(#10563),#2284,.T.);
#10563 = FACE_BOUND('',#10564,.F.);
#10564 = EDGE_LOOP('',(#10565,#10566,#10567,#10568));
#10565 = ORIENTED_EDGE('',*,*,#8468,.F.);
#10566 = ORIENTED_EDGE('',*,*,#2269,.T.);
#10567 = ORIENTED_EDGE('',*,*,#8318,.F.);
#10568 = ORIENTED_EDGE('',*,*,#2301,.T.);
#10569 = ADVANCED_FACE('',(#10570),#2420,.T.);
#10570 = FACE_BOUND('',#10571,.F.);
#10571 = EDGE_LOOP('',(#10572,#10573,#10595,#10596));
#10572 = ORIENTED_EDGE('',*,*,#2522,.T.);
#10573 = ORIENTED_EDGE('',*,*,#10574,.F.);
#10574 = EDGE_CURVE('',#2380,#2523,#10575,.T.);
#10575 = SURFACE_CURVE('',#10576,(#10581,#10588),.PCURVE_S1.);
#10576 = CIRCLE('',#10577,28.5);
#10577 = AXIS2_PLACEMENT_3D('',#10578,#10579,#10580);
#10578 = CARTESIAN_POINT('',(1.1,-3.552713678801E-15,2.));
#10579 = DIRECTION('',(-0.,0.,-1.));
#10580 = DIRECTION('',(-1.,2.080751341941E-16,0.));
#10581 = PCURVE('',#2420,#10582);
#10582 = DEFINITIONAL_REPRESENTATION('',(#10583),#10587);
#10583 = CIRCLE('',#10584,28.5);
#10584 = AXIS2_PLACEMENT_2D('',#10585,#10586);
#10585 = CARTESIAN_POINT('',(-35.125,1.1));
#10586 = DIRECTION('',(4.301197391191E-16,-1.));
#10587 = ( GEOMETRIC_REPRESENTATION_CONTEXT(2) 
PARAMETRIC_REPRESENTATION_CONTEXT() REPRESENTATION_CONTEXT('2D SPACE',''
  ) );
#10588 = PCURVE('',#8764,#10589);
#10589 = DEFINITIONAL_REPRESENTATION('',(#10590),#10594);
#10590 = LINE('',#10591,#10592);
#10591 = CARTESIAN_POINT('',(0.,0.));
#10592 = VECTOR('',#10593,1.);
#10593 = DIRECTION('',(1.,0.));
#10594 = ( GEOMETRIC_REPRESENTATION_CONTEXT(2) 
PARAMETRIC_REPRESENTATION_CONTEXT() REPRESENTATION_CONTEXT('2D SPACE',''
  ) );
#10595 = ORIENTED_EDGE('',*,*,#2403,.T.);
#10596 = ORIENTED_EDGE('',*,*,#10597,.F.);
#10597 = EDGE_CURVE('',#2494,#2404,#10598,.T.);
#10598 = SURFACE_CURVE('',#10599,(#10604,#10615),.PCURVE_S1.);
#10599 = CIRCLE('',#10600,27.7);
#10600 = AXIS2_PLACEMENT_3D('',#10601,#10602,#10603);
#10601 = CARTESIAN_POINT('',(1.1,0.,2.));
#10602 = DIRECTION('',(0.,0.,1.));
#10603 = DIRECTION('',(1.,-2.868623801521E-16,-0.));
#10604 = PCURVE('',#2420,#10605);
#10605 = DEFINITIONAL_REPRESENTATION('',(#10606),#10614);
#10606 = ( BOUNDED_CURVE() B_SPLINE_CURVE(2,(#10607,#10608,#10609,#10610
    ,#10611,#10612,#10613),.UNSPECIFIED.,.T.,.F.) 
B_SPLINE_CURVE_WITH_KNOTS((1,2,2,2,2,1),(-2.094395102393,0.,
    2.094395102393,4.188790204786,6.28318530718,8.377580409573),
.UNSPECIFIED.) CURVE() GEOMETRIC_REPRESENTATION_ITEM() 
RATIONAL_B_SPLINE_CURVE((1.,0.5,1.,0.5,1.,0.5,1.)) REPRESENTATION_ITEM(
  '') );
#10607 = CARTESIAN_POINT('',(-35.125,28.8));
#10608 = CARTESIAN_POINT('',(12.852807369658,28.8));
#10609 = CARTESIAN_POINT('',(-11.13609631517,-12.75));
#10610 = CARTESIAN_POINT('',(-35.125,-54.3));
#10611 = CARTESIAN_POINT('',(-59.11390368482,-12.75));
#10612 = CARTESIAN_POINT('',(-83.10280736965,28.8));
#10613 = CARTESIAN_POINT('',(-35.125,28.8));
#10614 = ( GEOMETRIC_REPRESENTATION_CONTEXT(2) 
PARAMETRIC_REPRESENTATION_CONTEXT() REPRESENTATION_CONTEXT('2D SPACE',''
  ) );
#10615 = PCURVE('',#8822,#10616);
#10616 = DEFINITIONAL_REPRESENTATION('',(#10617),#10621);
#10617 = LINE('',#10618,#10619);
#10618 = CARTESIAN_POINT('',(-0.,0.));
#10619 = VECTOR('',#10620,1.);
#10620 = DIRECTION('',(-1.,0.));
#10621 = ( GEOMETRIC_REPRESENTATION_CONTEXT(2) 
PARAMETRIC_REPRESENTATION_CONTEXT() REPRESENTATION_CONTEXT('2D SPACE',''
  ) );
#10622 = ADVANCED_FACE('',(#10623),#2477,.T.);
#10623 = FACE_BOUND('',#10624,.F.);
#10624 = EDGE_LOOP('',(#10625,#10626));
#10625 = ORIENTED_EDGE('',*,*,#2460,.T.);
#10626 = ORIENTED_EDGE('',*,*,#10627,.F.);
#10627 = EDGE_CURVE('',#2437,#2461,#10628,.T.);
#10628 = SURFACE_CURVE('',#10629,(#10634,#10641),.PCURVE_S1.);
#10629 = CIRCLE('',#10630,26.3);
#10630 = AXIS2_PLACEMENT_3D('',#10631,#10632,#10633);
#10631 = CARTESIAN_POINT('',(1.1,0.,2.));
#10632 = DIRECTION('',(-0.,0.,-1.));
#10633 = DIRECTION('',(-1.,7.027960454567E-17,0.));
#10634 = PCURVE('',#2477,#10635);
#10635 = DEFINITIONAL_REPRESENTATION('',(#10636),#10640);
#10636 = CIRCLE('',#10637,26.3);
#10637 = AXIS2_PLACEMENT_2D('',#10638,#10639);
#10638 = CARTESIAN_POINT('',(-35.125,1.1));
#10639 = DIRECTION('',(2.923242094707E-16,-1.));
#10640 = ( GEOMETRIC_REPRESENTATION_CONTEXT(2) 
PARAMETRIC_REPRESENTATION_CONTEXT() REPRESENTATION_CONTEXT('2D SPACE',''
  ) );
#10641 = PCURVE('',#9204,#10642);
#10642 = DEFINITIONAL_REPRESENTATION('',(#10643),#10647);
#10643 = LINE('',#10644,#10645);
#10644 = CARTESIAN_POINT('',(0.,0.));
#10645 = VECTOR('',#10646,1.);
#10646 = DIRECTION('',(1.,0.));
#10647 = ( GEOMETRIC_REPRESENTATION_CONTEXT(2) 
PARAMETRIC_REPRESENTATION_CONTEXT() REPRESENTATION_CONTEXT('2D SPACE',''
  ) );
#10648 = ADVANCED_FACE('',(#10649),#2510,.T.);
#10649 = FACE_BOUND('',#10650,.F.);
#10650 = EDGE_LOOP('',(#10651,#10677,#10678,#10700));
#10651 = ORIENTED_EDGE('',*,*,#10652,.F.);
#10652 = EDGE_CURVE('',#2461,#3493,#10653,.T.);
#10653 = SURFACE_CURVE('',#10654,(#10659,#10670),.PCURVE_S1.);
#10654 = CIRCLE('',#10655,26.3);
#10655 = AXIS2_PLACEMENT_3D('',#10656,#10657,#10658);
#10656 = CARTESIAN_POINT('',(1.1,0.,2.));
#10657 = DIRECTION('',(-0.,0.,-1.));
#10658 = DIRECTION('',(-1.,7.027960454567E-17,0.));
#10659 = PCURVE('',#2510,#10660);
#10660 = DEFINITIONAL_REPRESENTATION('',(#10661),#10669);
#10661 = ( BOUNDED_CURVE() B_SPLINE_CURVE(2,(#10662,#10663,#10664,#10665
    ,#10666,#10667,#10668),.UNSPECIFIED.,.T.,.F.) 
B_SPLINE_CURVE_WITH_KNOTS((1,2,2,2,2,1),(-2.094395102393,0.,
    2.094395102393,4.188790204786,6.28318530718,8.377580409573),
.UNSPECIFIED.) CURVE() GEOMETRIC_REPRESENTATION_ITEM() 
RATIONAL_B_SPLINE_CURVE((1.,0.5,1.,0.5,1.,0.5,1.)) REPRESENTATION_ITEM(
  '') );
#10662 = CARTESIAN_POINT('',(25.2,-5.555956482593E-15));
#10663 = CARTESIAN_POINT('',(25.2,-45.55293623906));
#10664 = CARTESIAN_POINT('',(-14.25,-22.77646811953));
#10665 = CARTESIAN_POINT('',(-53.7,-6.452537847454E-15));
#10666 = CARTESIAN_POINT('',(-14.25,22.776468119531));
#10667 = CARTESIAN_POINT('',(25.2,45.552936239061));
#10668 = CARTESIAN_POINT('',(25.2,-5.555956482593E-15));
#10669 = ( GEOMETRIC_REPRESENTATION_CONTEXT(2) 
PARAMETRIC_REPRESENTATION_CONTEXT() REPRESENTATION_CONTEXT('2D SPACE',''
  ) );
#10670 = PCURVE('',#9204,#10671);
#10671 = DEFINITIONAL_REPRESENTATION('',(#10672),#10676);
#10672 = LINE('',#10673,#10674);
#10673 = CARTESIAN_POINT('',(0.,0.));
#10674 = VECTOR('',#10675,1.);
#10675 = DIRECTION('',(1.,0.));
#10676 = ( GEOMETRIC_REPRESENTATION_CONTEXT(2) 
PARAMETRIC_REPRESENTATION_CONTEXT() REPRESENTATION_CONTEXT('2D SPACE',''
  ) );
#10677 = ORIENTED_EDGE('',*,*,#2493,.T.);
#10678 = ORIENTED_EDGE('',*,*,#10679,.F.);
#10679 = EDGE_CURVE('',#3460,#2494,#10680,.T.);
#10680 = SURFACE_CURVE('',#10681,(#10686,#10693),.PCURVE_S1.);
#10681 = CIRCLE('',#10682,27.7);
#10682 = AXIS2_PLACEMENT_3D('',#10683,#10684,#10685);
#10683 = CARTESIAN_POINT('',(1.1,0.,2.));
#10684 = DIRECTION('',(0.,0.,1.));
#10685 = DIRECTION('',(1.,-2.868623801521E-16,-0.));
#10686 = PCURVE('',#2510,#10687);
#10687 = DEFINITIONAL_REPRESENTATION('',(#10688),#10692);
#10688 = CIRCLE('',#10689,27.7);
#10689 = AXIS2_PLACEMENT_2D('',#10690,#10691);
#10690 = CARTESIAN_POINT('',(-1.1,-3.707602883041E-15));
#10691 = DIRECTION('',(-1.,2.868623801521E-16));
#10692 = ( GEOMETRIC_REPRESENTATION_CONTEXT(2) 
PARAMETRIC_REPRESENTATION_CONTEXT() REPRESENTATION_CONTEXT('2D SPACE',''
  ) );
#10693 = PCURVE('',#8822,#10694);
#10694 = DEFINITIONAL_REPRESENTATION('',(#10695),#10699);
#10695 = LINE('',#10696,#10697);
#10696 = CARTESIAN_POINT('',(-0.,0.));
#10697 = VECTOR('',#10698,1.);
#10698 = DIRECTION('',(-1.,0.));
#10699 = ( GEOMETRIC_REPRESENTATION_CONTEXT(2) 
PARAMETRIC_REPRESENTATION_CONTEXT() REPRESENTATION_CONTEXT('2D SPACE',''
  ) );
#10700 = ORIENTED_EDGE('',*,*,#3492,.T.);
#10701 = ADVANCED_FACE('',(#10702),#2567,.T.);
#10702 = FACE_BOUND('',#10703,.F.);
#10703 = EDGE_LOOP('',(#10704,#10730,#10731,#10732,#10754));
#10704 = ORIENTED_EDGE('',*,*,#10705,.F.);
#10705 = EDGE_CURVE('',#2523,#3962,#10706,.T.);
#10706 = SURFACE_CURVE('',#10707,(#10712,#10723),.PCURVE_S1.);
#10707 = CIRCLE('',#10708,28.5);
#10708 = AXIS2_PLACEMENT_3D('',#10709,#10710,#10711);
#10709 = CARTESIAN_POINT('',(1.1,-3.552713678801E-15,2.));
#10710 = DIRECTION('',(-0.,0.,-1.));
#10711 = DIRECTION('',(-1.,2.080751341941E-16,0.));
#10712 = PCURVE('',#2567,#10713);
#10713 = DEFINITIONAL_REPRESENTATION('',(#10714),#10722);
#10714 = ( BOUNDED_CURVE() B_SPLINE_CURVE(2,(#10715,#10716,#10717,#10718
    ,#10719,#10720,#10721),.UNSPECIFIED.,.T.,.F.) 
B_SPLINE_CURVE_WITH_KNOTS((1,2,2,2,2,1),(-2.094395102393,0.,
    2.094395102393,4.188790204786,6.28318530718,8.377580409573),
.UNSPECIFIED.) CURVE() GEOMETRIC_REPRESENTATION_ITEM() 
RATIONAL_B_SPLINE_CURVE((1.,0.5,1.,0.5,1.,0.5,1.)) REPRESENTATION_ITEM(
  '') );
#10715 = CARTESIAN_POINT('',(27.4,-6.085030528772E-15));
#10716 = CARTESIAN_POINT('',(27.4,-49.36344801571));
#10717 = CARTESIAN_POINT('',(-15.35,-24.68172400785));
#10718 = CARTESIAN_POINT('',(-58.1,4.724906689682E-15));
#10719 = CARTESIAN_POINT('',(-15.35,24.681724007856));
#10720 = CARTESIAN_POINT('',(27.4,49.363448015713));
#10721 = CARTESIAN_POINT('',(27.4,-6.085030528772E-15));
#10722 = ( GEOMETRIC_REPRESENTATION_CONTEXT(2) 
PARAMETRIC_REPRESENTATION_CONTEXT() REPRESENTATION_CONTEXT('2D SPACE',''
  ) );
#10723 = PCURVE('',#8764,#10724);
#10724 = DEFINITIONAL_REPRESENTATION('',(#10725),#10729);
#10725 = LINE('',#10726,#10727);
#10726 = CARTESIAN_POINT('',(0.,0.));
#10727 = VECTOR('',#10728,1.);
#10728 = DIRECTION('',(1.,0.));
#10729 = ( GEOMETRIC_REPRESENTATION_CONTEXT(2) 
PARAMETRIC_REPRESENTATION_CONTEXT() REPRESENTATION_CONTEXT('2D SPACE',''
  ) );
#10730 = ORIENTED_EDGE('',*,*,#2550,.T.);
#10731 = ORIENTED_EDGE('',*,*,#2937,.T.);
#10732 = ORIENTED_EDGE('',*,*,#10733,.F.);
#10733 = EDGE_CURVE('',#3934,#2938,#10734,.T.);
#10734 = SURFACE_CURVE('',#10735,(#10740,#10747),.PCURVE_S1.);
#10735 = CIRCLE('',#10736,29.9);
#10736 = AXIS2_PLACEMENT_3D('',#10737,#10738,#10739);
#10737 = CARTESIAN_POINT('',(1.1,1.7763568394E-15,2.));
#10738 = DIRECTION('',(0.,0.,1.));
#10739 = DIRECTION('',(1.,-2.793089199885E-16,-0.));
#10740 = PCURVE('',#2567,#10741);
#10741 = DEFINITIONAL_REPRESENTATION('',(#10742),#10746);
#10742 = CIRCLE('',#10743,29.9);
#10743 = AXIS2_PLACEMENT_2D('',#10744,#10745);
#10744 = CARTESIAN_POINT('',(-1.1,-5.483959722442E-15));
#10745 = DIRECTION('',(-1.,2.793089199885E-16));
#10746 = ( GEOMETRIC_REPRESENTATION_CONTEXT(2) 
PARAMETRIC_REPRESENTATION_CONTEXT() REPRESENTATION_CONTEXT('2D SPACE',''
  ) );
#10747 = PCURVE('',#8644,#10748);
#10748 = DEFINITIONAL_REPRESENTATION('',(#10749),#10753);
#10749 = LINE('',#10750,#10751);
#10750 = CARTESIAN_POINT('',(-0.,0.));
#10751 = VECTOR('',#10752,1.);
#10752 = DIRECTION('',(-1.,0.));
#10753 = ( GEOMETRIC_REPRESENTATION_CONTEXT(2) 
PARAMETRIC_REPRESENTATION_CONTEXT() REPRESENTATION_CONTEXT('2D SPACE',''
  ) );
#10754 = ORIENTED_EDGE('',*,*,#3961,.T.);
#10755 = ADVANCED_FACE('',(#10756),#2643,.T.);
#10756 = FACE_BOUND('',#10757,.F.);
#10757 = EDGE_LOOP('',(#10758,#10784,#10785,#10786,#10787,#10788));
#10758 = ORIENTED_EDGE('',*,*,#10759,.F.);
#10759 = EDGE_CURVE('',#3188,#2628,#10760,.T.);
#10760 = SURFACE_CURVE('',#10761,(#10766,#10777),.PCURVE_S1.);
#10761 = CIRCLE('',#10762,40.9);
#10762 = AXIS2_PLACEMENT_3D('',#10763,#10764,#10765);
#10763 = CARTESIAN_POINT('',(1.1,-3.552713678801E-15,2.));
#10764 = DIRECTION('',(0.,0.,1.));
#10765 = DIRECTION('',(1.,2.749572604786E-17,-0.));
#10766 = PCURVE('',#2643,#10767);
#10767 = DEFINITIONAL_REPRESENTATION('',(#10768),#10776);
#10768 = ( BOUNDED_CURVE() B_SPLINE_CURVE(2,(#10769,#10770,#10771,#10772
    ,#10773,#10774,#10775),.UNSPECIFIED.,.T.,.F.) 
B_SPLINE_CURVE_WITH_KNOTS((1,2,2,2,2,1),(-2.094395102393,0.,
    2.094395102393,4.188790204786,6.28318530718,8.377580409573),
.UNSPECIFIED.) CURVE() GEOMETRIC_REPRESENTATION_ITEM() 
RATIONAL_B_SPLINE_CURVE((1.,0.5,1.,0.5,1.,0.5,1.)) REPRESENTATION_ITEM(
  '') );
#10769 = CARTESIAN_POINT('',(-35.125,42.));
#10770 = CARTESIAN_POINT('',(35.715878029567,42.));
#10771 = CARTESIAN_POINT('',(0.295439014784,-19.35));
#10772 = CARTESIAN_POINT('',(-35.125,-80.7));
#10773 = CARTESIAN_POINT('',(-70.54543901478,-19.35));
#10774 = CARTESIAN_POINT('',(-105.9658780295,42.));
#10775 = CARTESIAN_POINT('',(-35.125,42.));
#10776 = ( GEOMETRIC_REPRESENTATION_CONTEXT(2) 
PARAMETRIC_REPRESENTATION_CONTEXT() REPRESENTATION_CONTEXT('2D SPACE',''
  ) );
#10777 = PCURVE('',#9448,#10778);
#10778 = DEFINITIONAL_REPRESENTATION('',(#10779),#10783);
#10779 = LINE('',#10780,#10781);
#10780 = CARTESIAN_POINT('',(-0.,0.));
#10781 = VECTOR('',#10782,1.);
#10782 = DIRECTION('',(-1.,0.));
#10783 = ( GEOMETRIC_REPRESENTATION_CONTEXT(2) 
PARAMETRIC_REPRESENTATION_CONTEXT() REPRESENTATION_CONTEXT('2D SPACE',''
  ) );
#10784 = ORIENTED_EDGE('',*,*,#3215,.T.);
#10785 = ORIENTED_EDGE('',*,*,#3264,.T.);
#10786 = ORIENTED_EDGE('',*,*,#8022,.F.);
#10787 = ORIENTED_EDGE('',*,*,#3405,.T.);
#10788 = ORIENTED_EDGE('',*,*,#2627,.T.);
#10789 = ADVANCED_FACE('',(#10790),#2694,.T.);
#10790 = FACE_BOUND('',#10791,.F.);
#10791 = EDGE_LOOP('',(#10792,#10818,#10819,#10841));
#10792 = ORIENTED_EDGE('',*,*,#10793,.F.);
#10793 = EDGE_CURVE('',#3137,#2679,#10794,.T.);
#10794 = SURFACE_CURVE('',#10795,(#10800,#10811),.PCURVE_S1.);
#10795 = CIRCLE('',#10796,38.7);
#10796 = AXIS2_PLACEMENT_3D('',#10797,#10798,#10799);
#10797 = CARTESIAN_POINT('',(1.1,-1.7763568394E-15,2.));
#10798 = DIRECTION('',(0.,0.,1.));
#10799 = DIRECTION('',(1.,-8.861121332198E-17,-0.));
#10800 = PCURVE('',#2694,#10801);
#10801 = DEFINITIONAL_REPRESENTATION('',(#10802),#10810);
#10802 = ( BOUNDED_CURVE() B_SPLINE_CURVE(2,(#10803,#10804,#10805,#10806
    ,#10807,#10808,#10809),.UNSPECIFIED.,.T.,.F.) 
B_SPLINE_CURVE_WITH_KNOTS((1,2,2,2,2,1),(-2.094395102393,0.,
    2.094395102393,4.188790204786,6.28318530718,8.377580409573),
.UNSPECIFIED.) CURVE() GEOMETRIC_REPRESENTATION_ITEM() 
RATIONAL_B_SPLINE_CURVE((1.,0.5,1.,0.5,1.,0.5,1.)) REPRESENTATION_ITEM(
  '') );
#10803 = CARTESIAN_POINT('',(-35.125,39.8));
#10804 = CARTESIAN_POINT('',(31.905366252916,39.8));
#10805 = CARTESIAN_POINT('',(-1.609816873542,-18.25));
#10806 = CARTESIAN_POINT('',(-35.125,-76.3));
#10807 = CARTESIAN_POINT('',(-68.64018312645,-18.25));
#10808 = CARTESIAN_POINT('',(-102.1553662529,39.8));
#10809 = CARTESIAN_POINT('',(-35.125,39.8));
#10810 = ( GEOMETRIC_REPRESENTATION_CONTEXT(2) 
PARAMETRIC_REPRESENTATION_CONTEXT() REPRESENTATION_CONTEXT('2D SPACE',''
  ) );
#10811 = PCURVE('',#9605,#10812);
#10812 = DEFINITIONAL_REPRESENTATION('',(#10813),#10817);
#10813 = LINE('',#10814,#10815);
#10814 = CARTESIAN_POINT('',(-0.,0.));
#10815 = VECTOR('',#10816,1.);
#10816 = DIRECTION('',(-1.,0.));
#10817 = ( GEOMETRIC_REPRESENTATION_CONTEXT(2) 
PARAMETRIC_REPRESENTATION_CONTEXT() REPRESENTATION_CONTEXT('2D SPACE',''
  ) );
#10818 = ORIENTED_EDGE('',*,*,#3164,.T.);
#10819 = ORIENTED_EDGE('',*,*,#10820,.F.);
#10820 = EDGE_CURVE('',#2656,#3165,#10821,.T.);
#10821 = SURFACE_CURVE('',#10822,(#10827,#10834),.PCURVE_S1.);
#10822 = CIRCLE('',#10823,39.5);
#10823 = AXIS2_PLACEMENT_3D('',#10824,#10825,#10826);
#10824 = CARTESIAN_POINT('',(1.1,1.7763568394E-15,2.));
#10825 = DIRECTION('',(0.,0.,-1.));
#10826 = DIRECTION('',(-1.,-3.551613792668E-16,-0.));
#10827 = PCURVE('',#2694,#10828);
#10828 = DEFINITIONAL_REPRESENTATION('',(#10829),#10833);
#10829 = CIRCLE('',#10830,39.5);
#10830 = AXIS2_PLACEMENT_2D('',#10831,#10832);
#10831 = CARTESIAN_POINT('',(-35.125,1.1));
#10832 = DIRECTION('',(-1.331167743418E-16,-1.));
#10833 = ( GEOMETRIC_REPRESENTATION_CONTEXT(2) 
PARAMETRIC_REPRESENTATION_CONTEXT() REPRESENTATION_CONTEXT('2D SPACE',''
  ) );
#10834 = PCURVE('',#9571,#10835);
#10835 = DEFINITIONAL_REPRESENTATION('',(#10836),#10840);
#10836 = LINE('',#10837,#10838);
#10837 = CARTESIAN_POINT('',(0.,0.));
#10838 = VECTOR('',#10839,1.);
#10839 = DIRECTION('',(1.,0.));
#10840 = ( GEOMETRIC_REPRESENTATION_CONTEXT(2) 
PARAMETRIC_REPRESENTATION_CONTEXT() REPRESENTATION_CONTEXT('2D SPACE',''
  ) );
#10841 = ORIENTED_EDGE('',*,*,#2678,.T.);
#10842 = ADVANCED_FACE('',(#10843),#2745,.T.);
#10843 = FACE_BOUND('',#10844,.F.);
#10844 = EDGE_LOOP('',(#10845,#10871,#10872,#10894));
#10845 = ORIENTED_EDGE('',*,*,#10846,.F.);
#10846 = EDGE_CURVE('',#3086,#2730,#10847,.T.);
#10847 = SURFACE_CURVE('',#10848,(#10853,#10864),.PCURVE_S1.);
#10848 = CIRCLE('',#10849,36.5);
#10849 = AXIS2_PLACEMENT_3D('',#10850,#10851,#10852);
#10850 = CARTESIAN_POINT('',(1.1,7.105427357601E-15,2.));
#10851 = DIRECTION('',(0.,0.,1.));
#10852 = DIRECTION('',(1.,-3.98620982807E-16,-0.));
#10853 = PCURVE('',#2745,#10854);
#10854 = DEFINITIONAL_REPRESENTATION('',(#10855),#10863);
#10855 = ( BOUNDED_CURVE() B_SPLINE_CURVE(2,(#10856,#10857,#10858,#10859
    ,#10860,#10861,#10862),.UNSPECIFIED.,.T.,.F.) 
B_SPLINE_CURVE_WITH_KNOTS((1,2,2,2,2,1),(-2.094395102393,0.,
    2.094395102393,4.188790204786,6.28318530718,8.377580409573),
.UNSPECIFIED.) CURVE() GEOMETRIC_REPRESENTATION_ITEM() 
RATIONAL_B_SPLINE_CURVE((1.,0.5,1.,0.5,1.,0.5,1.)) REPRESENTATION_ITEM(
  '') );
#10856 = CARTESIAN_POINT('',(-35.125,37.6));
#10857 = CARTESIAN_POINT('',(28.094854476264,37.6));
#10858 = CARTESIAN_POINT('',(-3.515072761868,-17.15));
#10859 = CARTESIAN_POINT('',(-35.125,-71.9));
#10860 = CARTESIAN_POINT('',(-66.73492723813,-17.15));
#10861 = CARTESIAN_POINT('',(-98.34485447626,37.6));
#10862 = CARTESIAN_POINT('',(-35.125,37.6));
#10863 = ( GEOMETRIC_REPRESENTATION_CONTEXT(2) 
PARAMETRIC_REPRESENTATION_CONTEXT() REPRESENTATION_CONTEXT('2D SPACE',''
  ) );
#10864 = PCURVE('',#9783,#10865);
#10865 = DEFINITIONAL_REPRESENTATION('',(#10866),#10870);
#10866 = LINE('',#10867,#10868);
#10867 = CARTESIAN_POINT('',(-0.,0.));
#10868 = VECTOR('',#10869,1.);
#10869 = DIRECTION('',(-1.,0.));
#10870 = ( GEOMETRIC_REPRESENTATION_CONTEXT(2) 
PARAMETRIC_REPRESENTATION_CONTEXT() REPRESENTATION_CONTEXT('2D SPACE',''
  ) );
#10871 = ORIENTED_EDGE('',*,*,#3113,.T.);
#10872 = ORIENTED_EDGE('',*,*,#10873,.F.);
#10873 = EDGE_CURVE('',#2707,#3114,#10874,.T.);
#10874 = SURFACE_CURVE('',#10875,(#10880,#10887),.PCURVE_S1.);
#10875 = CIRCLE('',#10876,37.3);
#10876 = AXIS2_PLACEMENT_3D('',#10877,#10878,#10879);
#10877 = CARTESIAN_POINT('',(1.1,3.552713678801E-15,2.));
#10878 = DIRECTION('',(0.,0.,-1.));
#10879 = DIRECTION('',(-1.,-2.573423753046E-16,-0.));
#10880 = PCURVE('',#2745,#10881);
#10881 = DEFINITIONAL_REPRESENTATION('',(#10882),#10886);
#10882 = CIRCLE('',#10883,37.3);
#10883 = AXIS2_PLACEMENT_2D('',#10884,#10885);
#10884 = CARTESIAN_POINT('',(-35.125,1.1));
#10885 = DIRECTION('',(-3.529777037952E-17,-1.));
#10886 = ( GEOMETRIC_REPRESENTATION_CONTEXT(2) 
PARAMETRIC_REPRESENTATION_CONTEXT() REPRESENTATION_CONTEXT('2D SPACE',''
  ) );
#10887 = PCURVE('',#9749,#10888);
#10888 = DEFINITIONAL_REPRESENTATION('',(#10889),#10893);
#10889 = LINE('',#10890,#10891);
#10890 = CARTESIAN_POINT('',(0.,0.));
#10891 = VECTOR('',#10892,1.);
#10892 = DIRECTION('',(1.,0.));
#10893 = ( GEOMETRIC_REPRESENTATION_CONTEXT(2) 
PARAMETRIC_REPRESENTATION_CONTEXT() REPRESENTATION_CONTEXT('2D SPACE',''
  ) );
#10894 = ORIENTED_EDGE('',*,*,#2729,.T.);
#10895 = ADVANCED_FACE('',(#10896),#2796,.T.);
#10896 = FACE_BOUND('',#10897,.F.);
#10897 = EDGE_LOOP('',(#10898,#10924,#10925,#10947));
#10898 = ORIENTED_EDGE('',*,*,#10899,.F.);
#10899 = EDGE_CURVE('',#3035,#2781,#10900,.T.);
#10900 = SURFACE_CURVE('',#10901,(#10906,#10917),.PCURVE_S1.);
#10901 = CIRCLE('',#10902,34.3);
#10902 = AXIS2_PLACEMENT_3D('',#10903,#10904,#10905);
#10903 = CARTESIAN_POINT('',(1.1,-1.7763568394E-15,2.));
#10904 = DIRECTION('',(0.,0.,1.));
#10905 = DIRECTION('',(1.,-2.601159486355E-16,-0.));
#10906 = PCURVE('',#2796,#10907);
#10907 = DEFINITIONAL_REPRESENTATION('',(#10908),#10916);
#10908 = ( BOUNDED_CURVE() B_SPLINE_CURVE(2,(#10909,#10910,#10911,#10912
    ,#10913,#10914,#10915),.UNSPECIFIED.,.T.,.F.) 
B_SPLINE_CURVE_WITH_KNOTS((1,2,2,2,2,1),(-2.094395102393,0.,
    2.094395102393,4.188790204786,6.28318530718,8.377580409573),
.UNSPECIFIED.) CURVE() GEOMETRIC_REPRESENTATION_ITEM() 
RATIONAL_B_SPLINE_CURVE((1.,0.5,1.,0.5,1.,0.5,1.)) REPRESENTATION_ITEM(
  '') );
#10909 = CARTESIAN_POINT('',(-35.125,35.4));
#10910 = CARTESIAN_POINT('',(24.284342699612,35.4));
#10911 = CARTESIAN_POINT('',(-5.420328650194,-16.05));
#10912 = CARTESIAN_POINT('',(-35.125,-67.5));
#10913 = CARTESIAN_POINT('',(-64.8296713498,-16.05));
#10914 = CARTESIAN_POINT('',(-94.53434269961,35.4));
#10915 = CARTESIAN_POINT('',(-35.125,35.4));
#10916 = ( GEOMETRIC_REPRESENTATION_CONTEXT(2) 
PARAMETRIC_REPRESENTATION_CONTEXT() REPRESENTATION_CONTEXT('2D SPACE',''
  ) );
#10917 = PCURVE('',#9961,#10918);
#10918 = DEFINITIONAL_REPRESENTATION('',(#10919),#10923);
#10919 = LINE('',#10920,#10921);
#10920 = CARTESIAN_POINT('',(-0.,0.));
#10921 = VECTOR('',#10922,1.);
#10922 = DIRECTION('',(-1.,0.));
#10923 = ( GEOMETRIC_REPRESENTATION_CONTEXT(2) 
PARAMETRIC_REPRESENTATION_CONTEXT() REPRESENTATION_CONTEXT('2D SPACE',''
  ) );
#10924 = ORIENTED_EDGE('',*,*,#3062,.T.);
#10925 = ORIENTED_EDGE('',*,*,#10926,.F.);
#10926 = EDGE_CURVE('',#2758,#3063,#10927,.T.);
#10927 = SURFACE_CURVE('',#10928,(#10933,#10940),.PCURVE_S1.);
#10928 = CIRCLE('',#10929,35.1);
#10929 = AXIS2_PLACEMENT_3D('',#10930,#10931,#10932);
#10930 = CARTESIAN_POINT('',(1.1,-1.7763568394E-15,2.));
#10931 = DIRECTION('',(0.,0.,-1.));
#10932 = DIRECTION('',(-1.,-1.284521493365E-16,-0.));
#10933 = PCURVE('',#2796,#10934);
#10934 = DEFINITIONAL_REPRESENTATION('',(#10935),#10939);
#10935 = CIRCLE('',#10936,35.1);
#10936 = AXIS2_PLACEMENT_2D('',#10937,#10938);
#10937 = CARTESIAN_POINT('',(-35.125,1.1));
#10938 = DIRECTION('',(9.359245558857E-17,-1.));
#10939 = ( GEOMETRIC_REPRESENTATION_CONTEXT(2) 
PARAMETRIC_REPRESENTATION_CONTEXT() REPRESENTATION_CONTEXT('2D SPACE',''
  ) );
#10940 = PCURVE('',#9927,#10941);
#10941 = DEFINITIONAL_REPRESENTATION('',(#10942),#10946);
#10942 = LINE('',#10943,#10944);
#10943 = CARTESIAN_POINT('',(0.,0.));
#10944 = VECTOR('',#10945,1.);
#10945 = DIRECTION('',(1.,0.));
#10946 = ( GEOMETRIC_REPRESENTATION_CONTEXT(2) 
PARAMETRIC_REPRESENTATION_CONTEXT() REPRESENTATION_CONTEXT('2D SPACE',''
  ) );
#10947 = ORIENTED_EDGE('',*,*,#2780,.T.);
#10948 = ADVANCED_FACE('',(#10949),#2847,.T.);
#10949 = FACE_BOUND('',#10950,.F.);
#10950 = EDGE_LOOP('',(#10951,#10977,#10978,#11000));
#10951 = ORIENTED_EDGE('',*,*,#10952,.F.);
#10952 = EDGE_CURVE('',#2984,#2832,#10953,.T.);
#10953 = SURFACE_CURVE('',#10954,(#10959,#10970),.PCURVE_S1.);
#10954 = CIRCLE('',#10955,32.1);
#10955 = AXIS2_PLACEMENT_3D('',#10956,#10957,#10958);
#10956 = CARTESIAN_POINT('',(1.1,1.7763568394E-15,2.));
#10957 = DIRECTION('',(0.,0.,1.));
#10958 = DIRECTION('',(1.,-2.975080536767E-16,-0.));
#10959 = PCURVE('',#2847,#10960);
#10960 = DEFINITIONAL_REPRESENTATION('',(#10961),#10969);
#10961 = ( BOUNDED_CURVE() B_SPLINE_CURVE(2,(#10962,#10963,#10964,#10965
    ,#10966,#10967,#10968),.UNSPECIFIED.,.T.,.F.) 
B_SPLINE_CURVE_WITH_KNOTS((1,2,2,2,2,1),(-2.094395102393,0.,
    2.094395102393,4.188790204786,6.28318530718,8.377580409573),
.UNSPECIFIED.) CURVE() GEOMETRIC_REPRESENTATION_ITEM() 
RATIONAL_B_SPLINE_CURVE((1.,0.5,1.,0.5,1.,0.5,1.)) REPRESENTATION_ITEM(
  '') );
#10962 = CARTESIAN_POINT('',(-35.125,33.2));
#10963 = CARTESIAN_POINT('',(20.473830922961,33.2));
#10964 = CARTESIAN_POINT('',(-7.32558453852,-14.95));
#10965 = CARTESIAN_POINT('',(-35.125,-63.1));
#10966 = CARTESIAN_POINT('',(-62.92441546148,-14.95));
#10967 = CARTESIAN_POINT('',(-90.72383092296,33.2));
#10968 = CARTESIAN_POINT('',(-35.125,33.2));
#10969 = ( GEOMETRIC_REPRESENTATION_CONTEXT(2) 
PARAMETRIC_REPRESENTATION_CONTEXT() REPRESENTATION_CONTEXT('2D SPACE',''
  ) );
#10970 = PCURVE('',#10139,#10971);
#10971 = DEFINITIONAL_REPRESENTATION('',(#10972),#10976);
#10972 = LINE('',#10973,#10974);
#10973 = CARTESIAN_POINT('',(-0.,0.));
#10974 = VECTOR('',#10975,1.);
#10975 = DIRECTION('',(-1.,0.));
#10976 = ( GEOMETRIC_REPRESENTATION_CONTEXT(2) 
PARAMETRIC_REPRESENTATION_CONTEXT() REPRESENTATION_CONTEXT('2D SPACE',''
  ) );
#10977 = ORIENTED_EDGE('',*,*,#3011,.T.);
#10978 = ORIENTED_EDGE('',*,*,#10979,.F.);
#10979 = EDGE_CURVE('',#2809,#3012,#10980,.T.);
#10980 = SURFACE_CURVE('',#10981,(#10986,#10993),.PCURVE_S1.);
#10981 = CIRCLE('',#10982,32.9);
#10982 = AXIS2_PLACEMENT_3D('',#10983,#10984,#10985);
#10983 = CARTESIAN_POINT('',(1.1,-3.552713678801E-15,2.));
#10984 = DIRECTION('',(-0.,0.,-1.));
#10985 = DIRECTION('',(-1.,1.781232149803E-16,0.));
#10986 = PCURVE('',#2847,#10987);
#10987 = DEFINITIONAL_REPRESENTATION('',(#10988),#10992);
#10988 = CIRCLE('',#10989,32.9);
#10989 = AXIS2_PLACEMENT_2D('',#10990,#10991);
#10990 = CARTESIAN_POINT('',(-35.125,1.1));
#10991 = DIRECTION('',(4.001678199053E-16,-1.));
#10992 = ( GEOMETRIC_REPRESENTATION_CONTEXT(2) 
PARAMETRIC_REPRESENTATION_CONTEXT() REPRESENTATION_CONTEXT('2D SPACE',''
  ) );
#10993 = PCURVE('',#10105,#10994);
#10994 = DEFINITIONAL_REPRESENTATION('',(#10995),#10999);
#10995 = LINE('',#10996,#10997);
#10996 = CARTESIAN_POINT('',(0.,0.));
#10997 = VECTOR('',#10998,1.);
#10998 = DIRECTION('',(1.,0.));
#10999 = ( GEOMETRIC_REPRESENTATION_CONTEXT(2) 
PARAMETRIC_REPRESENTATION_CONTEXT() REPRESENTATION_CONTEXT('2D SPACE',''
  ) );
#11000 = ORIENTED_EDGE('',*,*,#2831,.T.);
#11001 = ADVANCED_FACE('',(#11002),#2898,.T.);
#11002 = FACE_BOUND('',#11003,.F.);
#11003 = EDGE_LOOP('',(#11004,#11030,#11031,#11053));
#11004 = ORIENTED_EDGE('',*,*,#11005,.F.);
#11005 = EDGE_CURVE('',#2938,#2883,#11006,.T.);
#11006 = SURFACE_CURVE('',#11007,(#11012,#11023),.PCURVE_S1.);
#11007 = CIRCLE('',#11008,29.9);
#11008 = AXIS2_PLACEMENT_3D('',#11009,#11010,#11011);
#11009 = CARTESIAN_POINT('',(1.1,1.7763568394E-15,2.));
#11010 = DIRECTION('',(0.,0.,1.));
#11011 = DIRECTION('',(1.,-2.793089199885E-16,-0.));
#11012 = PCURVE('',#2898,#11013);
#11013 = DEFINITIONAL_REPRESENTATION('',(#11014),#11022);
#11014 = ( BOUNDED_CURVE() B_SPLINE_CURVE(2,(#11015,#11016,#11017,#11018
    ,#11019,#11020,#11021),.UNSPECIFIED.,.T.,.F.) 
B_SPLINE_CURVE_WITH_KNOTS((1,2,2,2,2,1),(-2.094395102393,0.,
    2.094395102393,4.188790204786,6.28318530718,8.377580409573),
.UNSPECIFIED.) CURVE() GEOMETRIC_REPRESENTATION_ITEM() 
RATIONAL_B_SPLINE_CURVE((1.,0.5,1.,0.5,1.,0.5,1.)) REPRESENTATION_ITEM(
  '') );
#11015 = CARTESIAN_POINT('',(-35.125,31.));
#11016 = CARTESIAN_POINT('',(16.663319146309,31.));
#11017 = CARTESIAN_POINT('',(-9.230840426845,-13.85));
#11018 = CARTESIAN_POINT('',(-35.125,-58.7));
#11019 = CARTESIAN_POINT('',(-61.01915957315,-13.85));
#11020 = CARTESIAN_POINT('',(-86.9133191463,31.));
#11021 = CARTESIAN_POINT('',(-35.125,31.));
#11022 = ( GEOMETRIC_REPRESENTATION_CONTEXT(2) 
PARAMETRIC_REPRESENTATION_CONTEXT() REPRESENTATION_CONTEXT('2D SPACE',''
  ) );
#11023 = PCURVE('',#8644,#11024);
#11024 = DEFINITIONAL_REPRESENTATION('',(#11025),#11029);
#11025 = LINE('',#11026,#11027);
#11026 = CARTESIAN_POINT('',(-0.,0.));
#11027 = VECTOR('',#11028,1.);
#11028 = DIRECTION('',(-1.,0.));
#11029 = ( GEOMETRIC_REPRESENTATION_CONTEXT(2) 
PARAMETRIC_REPRESENTATION_CONTEXT() REPRESENTATION_CONTEXT('2D SPACE',''
  ) );
#11030 = ORIENTED_EDGE('',*,*,#2960,.T.);
#11031 = ORIENTED_EDGE('',*,*,#11032,.F.);
#11032 = EDGE_CURVE('',#2860,#2961,#11033,.T.);
#11033 = SURFACE_CURVE('',#11034,(#11039,#11046),.PCURVE_S1.);
#11034 = CIRCLE('',#11035,30.7);
#11035 = AXIS2_PLACEMENT_3D('',#11036,#11037,#11038);
#11036 = CARTESIAN_POINT('',(1.1,-1.7763568394E-15,2.));
#11037 = DIRECTION('',(-0.,0.,-1.));
#11038 = DIRECTION('',(-1.,3.517258604953E-17,0.));
#11039 = PCURVE('',#2898,#11040);
#11040 = DEFINITIONAL_REPRESENTATION('',(#11041),#11045);
#11041 = CIRCLE('',#11042,30.7);
#11042 = AXIS2_PLACEMENT_2D('',#11043,#11044);
#11043 = CARTESIAN_POINT('',(-35.125,1.1));
#11044 = DIRECTION('',(2.572171909746E-16,-1.));
#11045 = ( GEOMETRIC_REPRESENTATION_CONTEXT(2) 
PARAMETRIC_REPRESENTATION_CONTEXT() REPRESENTATION_CONTEXT('2D SPACE',''
  ) );
#11046 = PCURVE('',#8611,#11047);
#11047 = DEFINITIONAL_REPRESENTATION('',(#11048),#11052);
#11048 = LINE('',#11049,#11050);
#11049 = CARTESIAN_POINT('',(0.,0.));
#11050 = VECTOR('',#11051,1.);
#11051 = DIRECTION('',(1.,0.));
#11052 = ( GEOMETRIC_REPRESENTATION_CONTEXT(2) 
PARAMETRIC_REPRESENTATION_CONTEXT() REPRESENTATION_CONTEXT('2D SPACE',''
  ) );
#11053 = ORIENTED_EDGE('',*,*,#2882,.T.);
#11054 = ADVANCED_FACE('',(#11055),#2999,.T.);
#11055 = FACE_BOUND('',#11056,.F.);
#11056 = EDGE_LOOP('',(#11057,#11083,#11084,#11106));
#11057 = ORIENTED_EDGE('',*,*,#11058,.F.);
#11058 = EDGE_CURVE('',#2961,#3911,#11059,.T.);
#11059 = SURFACE_CURVE('',#11060,(#11065,#11076),.PCURVE_S1.);
#11060 = CIRCLE('',#11061,30.7);
#11061 = AXIS2_PLACEMENT_3D('',#11062,#11063,#11064);
#11062 = CARTESIAN_POINT('',(1.1,-1.7763568394E-15,2.));
#11063 = DIRECTION('',(-0.,0.,-1.));
#11064 = DIRECTION('',(-1.,3.517258604953E-17,0.));
#11065 = PCURVE('',#2999,#11066);
#11066 = DEFINITIONAL_REPRESENTATION('',(#11067),#11075);
#11067 = ( BOUNDED_CURVE() B_SPLINE_CURVE(2,(#11068,#11069,#11070,#11071
    ,#11072,#11073,#11074),.UNSPECIFIED.,.T.,.F.) 
B_SPLINE_CURVE_WITH_KNOTS((1,2,2,2,2,1),(-2.094395102393,0.,
    2.094395102393,4.188790204786,6.28318530718,8.377580409573),
.UNSPECIFIED.) CURVE() GEOMETRIC_REPRESENTATION_ITEM() 
RATIONAL_B_SPLINE_CURVE((1.,0.5,1.,0.5,1.,0.5,1.)) REPRESENTATION_ITEM(
  '') );
#11068 = CARTESIAN_POINT('',(29.6,-3.011044435362E-15));
#11069 = CARTESIAN_POINT('',(29.6,-53.17395979236));
#11070 = CARTESIAN_POINT('',(-16.45,-26.58697989618));
#11071 = CARTESIAN_POINT('',(-62.5,-7.290980606965E-15));
#11072 = CARTESIAN_POINT('',(-16.45,26.586979896182));
#11073 = CARTESIAN_POINT('',(29.6,53.173959792365));
#11074 = CARTESIAN_POINT('',(29.6,-3.011044435362E-15));
#11075 = ( GEOMETRIC_REPRESENTATION_CONTEXT(2) 
PARAMETRIC_REPRESENTATION_CONTEXT() REPRESENTATION_CONTEXT('2D SPACE',''
  ) );
#11076 = PCURVE('',#8611,#11077);
#11077 = DEFINITIONAL_REPRESENTATION('',(#11078),#11082);
#11078 = LINE('',#11079,#11080);
#11079 = CARTESIAN_POINT('',(0.,0.));
#11080 = VECTOR('',#11081,1.);
#11081 = DIRECTION('',(1.,0.));
#11082 = ( GEOMETRIC_REPRESENTATION_CONTEXT(2) 
PARAMETRIC_REPRESENTATION_CONTEXT() REPRESENTATION_CONTEXT('2D SPACE',''
  ) );
#11083 = ORIENTED_EDGE('',*,*,#2983,.T.);
#11084 = ORIENTED_EDGE('',*,*,#11085,.F.);
#11085 = EDGE_CURVE('',#3883,#2984,#11086,.T.);
#11086 = SURFACE_CURVE('',#11087,(#11092,#11099),.PCURVE_S1.);
#11087 = CIRCLE('',#11088,32.1);
#11088 = AXIS2_PLACEMENT_3D('',#11089,#11090,#11091);
#11089 = CARTESIAN_POINT('',(1.1,1.7763568394E-15,2.));
#11090 = DIRECTION('',(0.,0.,1.));
#11091 = DIRECTION('',(1.,-2.975080536767E-16,-0.));
#11092 = PCURVE('',#2999,#11093);
#11093 = DEFINITIONAL_REPRESENTATION('',(#11094),#11098);
#11094 = CIRCLE('',#11095,32.1);
#11095 = AXIS2_PLACEMENT_2D('',#11096,#11097);
#11096 = CARTESIAN_POINT('',(-1.1,-5.483959722442E-15));
#11097 = DIRECTION('',(-1.,2.975080536767E-16));
#11098 = ( GEOMETRIC_REPRESENTATION_CONTEXT(2) 
PARAMETRIC_REPRESENTATION_CONTEXT() REPRESENTATION_CONTEXT('2D SPACE',''
  ) );
#11099 = PCURVE('',#10139,#11100);
#11100 = DEFINITIONAL_REPRESENTATION('',(#11101),#11105);
#11101 = LINE('',#11102,#11103);
#11102 = CARTESIAN_POINT('',(-0.,0.));
#11103 = VECTOR('',#11104,1.);
#11104 = DIRECTION('',(-1.,0.));
#11105 = ( GEOMETRIC_REPRESENTATION_CONTEXT(2) 
PARAMETRIC_REPRESENTATION_CONTEXT() REPRESENTATION_CONTEXT('2D SPACE',''
  ) );
#11106 = ORIENTED_EDGE('',*,*,#3910,.T.);
#11107 = ADVANCED_FACE('',(#11108),#3050,.T.);
#11108 = FACE_BOUND('',#11109,.F.);
#11109 = EDGE_LOOP('',(#11110,#11136,#11137,#11159));
#11110 = ORIENTED_EDGE('',*,*,#11111,.F.);
#11111 = EDGE_CURVE('',#3012,#3860,#11112,.T.);
#11112 = SURFACE_CURVE('',#11113,(#11118,#11129),.PCURVE_S1.);
#11113 = CIRCLE('',#11114,32.9);
#11114 = AXIS2_PLACEMENT_3D('',#11115,#11116,#11117);
#11115 = CARTESIAN_POINT('',(1.1,-3.552713678801E-15,2.));
#11116 = DIRECTION('',(-0.,0.,-1.));
#11117 = DIRECTION('',(-1.,1.781232149803E-16,0.));
#11118 = PCURVE('',#3050,#11119);
#11119 = DEFINITIONAL_REPRESENTATION('',(#11120),#11128);
#11120 = ( BOUNDED_CURVE() B_SPLINE_CURVE(2,(#11121,#11122,#11123,#11124
    ,#11125,#11126,#11127),.UNSPECIFIED.,.T.,.F.) 
B_SPLINE_CURVE_WITH_KNOTS((1,2,2,2,2,1),(-2.094395102393,0.,
    2.094395102393,4.188790204786,6.28318530718,8.377580409573),
.UNSPECIFIED.) CURVE() GEOMETRIC_REPRESENTATION_ITEM() 
RATIONAL_B_SPLINE_CURVE((1.,0.5,1.,0.5,1.,0.5,1.)) REPRESENTATION_ITEM(
  '') );
#11121 = CARTESIAN_POINT('',(31.8,-6.015142977092E-15));
#11122 = CARTESIAN_POINT('',(31.8,-56.98447156901));
#11123 = CARTESIAN_POINT('',(-17.55,-28.4922357845));
#11124 = CARTESIAN_POINT('',(-66.9,3.507442403072E-15));
#11125 = CARTESIAN_POINT('',(-17.55,28.492235784508));
#11126 = CARTESIAN_POINT('',(31.8,56.984471569016));
#11127 = CARTESIAN_POINT('',(31.8,-6.015142977092E-15));
#11128 = ( GEOMETRIC_REPRESENTATION_CONTEXT(2) 
PARAMETRIC_REPRESENTATION_CONTEXT() REPRESENTATION_CONTEXT('2D SPACE',''
  ) );
#11129 = PCURVE('',#10105,#11130);
#11130 = DEFINITIONAL_REPRESENTATION('',(#11131),#11135);
#11131 = LINE('',#11132,#11133);
#11132 = CARTESIAN_POINT('',(0.,0.));
#11133 = VECTOR('',#11134,1.);
#11134 = DIRECTION('',(1.,0.));
#11135 = ( GEOMETRIC_REPRESENTATION_CONTEXT(2) 
PARAMETRIC_REPRESENTATION_CONTEXT() REPRESENTATION_CONTEXT('2D SPACE',''
  ) );
#11136 = ORIENTED_EDGE('',*,*,#3034,.T.);
#11137 = ORIENTED_EDGE('',*,*,#11138,.F.);
#11138 = EDGE_CURVE('',#3832,#3035,#11139,.T.);
#11139 = SURFACE_CURVE('',#11140,(#11145,#11152),.PCURVE_S1.);
#11140 = CIRCLE('',#11141,34.3);
#11141 = AXIS2_PLACEMENT_3D('',#11142,#11143,#11144);
#11142 = CARTESIAN_POINT('',(1.1,-1.7763568394E-15,2.));
#11143 = DIRECTION('',(0.,0.,1.));
#11144 = DIRECTION('',(1.,-2.601159486355E-16,-0.));
#11145 = PCURVE('',#3050,#11146);
#11146 = DEFINITIONAL_REPRESENTATION('',(#11147),#11151);
#11147 = CIRCLE('',#11148,34.3);
#11148 = AXIS2_PLACEMENT_2D('',#11149,#11150);
#11149 = CARTESIAN_POINT('',(-1.1,-1.931246043641E-15));
#11150 = DIRECTION('',(-1.,2.601159486355E-16));
#11151 = ( GEOMETRIC_REPRESENTATION_CONTEXT(2) 
PARAMETRIC_REPRESENTATION_CONTEXT() REPRESENTATION_CONTEXT('2D SPACE',''
  ) );
#11152 = PCURVE('',#9961,#11153);
#11153 = DEFINITIONAL_REPRESENTATION('',(#11154),#11158);
#11154 = LINE('',#11155,#11156);
#11155 = CARTESIAN_POINT('',(-0.,0.));
#11156 = VECTOR('',#11157,1.);
#11157 = DIRECTION('',(-1.,0.));
#11158 = ( GEOMETRIC_REPRESENTATION_CONTEXT(2) 
PARAMETRIC_REPRESENTATION_CONTEXT() REPRESENTATION_CONTEXT('2D SPACE',''
  ) );
#11159 = ORIENTED_EDGE('',*,*,#3859,.T.);
#11160 = ADVANCED_FACE('',(#11161),#3101,.T.);
#11161 = FACE_BOUND('',#11162,.F.);
#11162 = EDGE_LOOP('',(#11163,#11189,#11190,#11212));
#11163 = ORIENTED_EDGE('',*,*,#11164,.F.);
#11164 = EDGE_CURVE('',#3063,#3809,#11165,.T.);
#11165 = SURFACE_CURVE('',#11166,(#11171,#11182),.PCURVE_S1.);
#11166 = CIRCLE('',#11167,35.1);
#11167 = AXIS2_PLACEMENT_3D('',#11168,#11169,#11170);
#11168 = CARTESIAN_POINT('',(1.1,-1.7763568394E-15,2.));
#11169 = DIRECTION('',(0.,0.,-1.));
#11170 = DIRECTION('',(-1.,-1.284521493365E-16,-0.));
#11171 = PCURVE('',#3101,#11172);
#11172 = DEFINITIONAL_REPRESENTATION('',(#11173),#11181);
#11173 = ( BOUNDED_CURVE() B_SPLINE_CURVE(2,(#11174,#11175,#11176,#11177
    ,#11178,#11179,#11180),.UNSPECIFIED.,.T.,.F.) 
B_SPLINE_CURVE_WITH_KNOTS((1,2,2,2,2,1),(-2.094395102393,0.,
    2.094395102393,4.188790204786,6.28318530718,8.377580409573),
.UNSPECIFIED.) CURVE() GEOMETRIC_REPRESENTATION_ITEM() 
RATIONAL_B_SPLINE_CURVE((1.,0.5,1.,0.5,1.,0.5,1.)) REPRESENTATION_ITEM(
  '') );
#11174 = CARTESIAN_POINT('',(34.,2.577424398069E-15));
#11175 = CARTESIAN_POINT('',(34.,-60.79498334566));
#11176 = CARTESIAN_POINT('',(-18.65,-30.39749167283));
#11177 = CARTESIAN_POINT('',(-71.3,-1.954560745708E-14));
#11178 = CARTESIAN_POINT('',(-18.65,30.397491672834));
#11179 = CARTESIAN_POINT('',(34.,60.794983345668));
#11180 = CARTESIAN_POINT('',(34.,2.577424398069E-15));
#11181 = ( GEOMETRIC_REPRESENTATION_CONTEXT(2) 
PARAMETRIC_REPRESENTATION_CONTEXT() REPRESENTATION_CONTEXT('2D SPACE',''
  ) );
#11182 = PCURVE('',#9927,#11183);
#11183 = DEFINITIONAL_REPRESENTATION('',(#11184),#11188);
#11184 = LINE('',#11185,#11186);
#11185 = CARTESIAN_POINT('',(0.,0.));
#11186 = VECTOR('',#11187,1.);
#11187 = DIRECTION('',(1.,0.));
#11188 = ( GEOMETRIC_REPRESENTATION_CONTEXT(2) 
PARAMETRIC_REPRESENTATION_CONTEXT() REPRESENTATION_CONTEXT('2D SPACE',''
  ) );
#11189 = ORIENTED_EDGE('',*,*,#3085,.T.);
#11190 = ORIENTED_EDGE('',*,*,#11191,.F.);
#11191 = EDGE_CURVE('',#3781,#3086,#11192,.T.);
#11192 = SURFACE_CURVE('',#11193,(#11198,#11205),.PCURVE_S1.);
#11193 = CIRCLE('',#11194,36.5);
#11194 = AXIS2_PLACEMENT_3D('',#11195,#11196,#11197);
#11195 = CARTESIAN_POINT('',(1.1,7.105427357601E-15,2.));
#11196 = DIRECTION('',(0.,0.,1.));
#11197 = DIRECTION('',(1.,-3.98620982807E-16,-0.));
#11198 = PCURVE('',#3101,#11199);
#11199 = DEFINITIONAL_REPRESENTATION('',(#11200),#11204);
#11200 = CIRCLE('',#11201,36.5);
#11201 = AXIS2_PLACEMENT_2D('',#11202,#11203);
#11202 = CARTESIAN_POINT('',(-1.1,-1.081303024064E-14));
#11203 = DIRECTION('',(-1.,3.98620982807E-16));
#11204 = ( GEOMETRIC_REPRESENTATION_CONTEXT(2) 
PARAMETRIC_REPRESENTATION_CONTEXT() REPRESENTATION_CONTEXT('2D SPACE',''
  ) );
#11205 = PCURVE('',#9783,#11206);
#11206 = DEFINITIONAL_REPRESENTATION('',(#11207),#11211);
#11207 = LINE('',#11208,#11209);
#11208 = CARTESIAN_POINT('',(-0.,0.));
#11209 = VECTOR('',#11210,1.);
#11210 = DIRECTION('',(-1.,0.));
#11211 = ( GEOMETRIC_REPRESENTATION_CONTEXT(2) 
PARAMETRIC_REPRESENTATION_CONTEXT() REPRESENTATION_CONTEXT('2D SPACE',''
  ) );
#11212 = ORIENTED_EDGE('',*,*,#3808,.T.);
#11213 = ADVANCED_FACE('',(#11214),#3152,.T.);
#11214 = FACE_BOUND('',#11215,.F.);
#11215 = EDGE_LOOP('',(#11216,#11242,#11243,#11265));
#11216 = ORIENTED_EDGE('',*,*,#11217,.F.);
#11217 = EDGE_CURVE('',#3114,#3758,#11218,.T.);
#11218 = SURFACE_CURVE('',#11219,(#11224,#11235),.PCURVE_S1.);
#11219 = CIRCLE('',#11220,37.3);
#11220 = AXIS2_PLACEMENT_3D('',#11221,#11222,#11223);
#11221 = CARTESIAN_POINT('',(1.1,3.552713678801E-15,2.));
#11222 = DIRECTION('',(0.,0.,-1.));
#11223 = DIRECTION('',(-1.,-2.573423753046E-16,-0.));
#11224 = PCURVE('',#3152,#11225);
#11225 = DEFINITIONAL_REPRESENTATION('',(#11226),#11234);
#11226 = ( BOUNDED_CURVE() B_SPLINE_CURVE(2,(#11227,#11228,#11229,#11230
    ,#11231,#11232,#11233),.UNSPECIFIED.,.T.,.F.) 
B_SPLINE_CURVE_WITH_KNOTS((1,2,2,2,2,1),(-2.094395102393,0.,
    2.094395102393,4.188790204786,6.28318530718,8.377580409573),
.UNSPECIFIED.) CURVE() GEOMETRIC_REPRESENTATION_ITEM() 
RATIONAL_B_SPLINE_CURVE((1.,0.5,1.,0.5,1.,0.5,1.)) REPRESENTATION_ITEM(
  '') );
#11227 = CARTESIAN_POINT('',(36.2,2.338554037018E-15));
#11228 = CARTESIAN_POINT('',(36.2,-64.60549512231));
#11229 = CARTESIAN_POINT('',(-19.75,-32.30274756116));
#11230 = CARTESIAN_POINT('',(-75.7,-3.55939228812E-14));
#11231 = CARTESIAN_POINT('',(-19.75,32.30274756116));
#11232 = CARTESIAN_POINT('',(36.2,64.605495122319));
#11233 = CARTESIAN_POINT('',(36.2,2.338554037018E-15));
#11234 = ( GEOMETRIC_REPRESENTATION_CONTEXT(2) 
PARAMETRIC_REPRESENTATION_CONTEXT() REPRESENTATION_CONTEXT('2D SPACE',''
  ) );
#11235 = PCURVE('',#9749,#11236);
#11236 = DEFINITIONAL_REPRESENTATION('',(#11237),#11241);
#11237 = LINE('',#11238,#11239);
#11238 = CARTESIAN_POINT('',(0.,0.));
#11239 = VECTOR('',#11240,1.);
#11240 = DIRECTION('',(1.,0.));
#11241 = ( GEOMETRIC_REPRESENTATION_CONTEXT(2) 
PARAMETRIC_REPRESENTATION_CONTEXT() REPRESENTATION_CONTEXT('2D SPACE',''
  ) );
#11242 = ORIENTED_EDGE('',*,*,#3136,.T.);
#11243 = ORIENTED_EDGE('',*,*,#11244,.F.);
#11244 = EDGE_CURVE('',#3730,#3137,#11245,.T.);
#11245 = SURFACE_CURVE('',#11246,(#11251,#11258),.PCURVE_S1.);
#11246 = CIRCLE('',#11247,38.7);
#11247 = AXIS2_PLACEMENT_3D('',#11248,#11249,#11250);
#11248 = CARTESIAN_POINT('',(1.1,-1.7763568394E-15,2.));
#11249 = DIRECTION('',(0.,0.,1.));
#11250 = DIRECTION('',(1.,-8.861121332198E-17,-0.));
#11251 = PCURVE('',#3152,#11252);
#11252 = DEFINITIONAL_REPRESENTATION('',(#11253),#11257);
#11253 = CIRCLE('',#11254,38.7);
#11254 = AXIS2_PLACEMENT_2D('',#11255,#11256);
#11255 = CARTESIAN_POINT('',(-1.1,-1.931246043641E-15));
#11256 = DIRECTION('',(-1.,8.861121332198E-17));
#11257 = ( GEOMETRIC_REPRESENTATION_CONTEXT(2) 
PARAMETRIC_REPRESENTATION_CONTEXT() REPRESENTATION_CONTEXT('2D SPACE',''
  ) );
#11258 = PCURVE('',#9605,#11259);
#11259 = DEFINITIONAL_REPRESENTATION('',(#11260),#11264);
#11260 = LINE('',#11261,#11262);
#11261 = CARTESIAN_POINT('',(-0.,0.));
#11262 = VECTOR('',#11263,1.);
#11263 = DIRECTION('',(-1.,0.));
#11264 = ( GEOMETRIC_REPRESENTATION_CONTEXT(2) 
PARAMETRIC_REPRESENTATION_CONTEXT() REPRESENTATION_CONTEXT('2D SPACE',''
  ) );
#11265 = ORIENTED_EDGE('',*,*,#3757,.T.);
#11266 = ADVANCED_FACE('',(#11267),#3203,.T.);
#11267 = FACE_BOUND('',#11268,.F.);
#11268 = EDGE_LOOP('',(#11269,#11295,#11296,#11318,#11319));
#11269 = ORIENTED_EDGE('',*,*,#11270,.F.);
#11270 = EDGE_CURVE('',#3165,#3707,#11271,.T.);
#11271 = SURFACE_CURVE('',#11272,(#11277,#11288),.PCURVE_S1.);
#11272 = CIRCLE('',#11273,39.5);
#11273 = AXIS2_PLACEMENT_3D('',#11274,#11275,#11276);
#11274 = CARTESIAN_POINT('',(1.1,1.7763568394E-15,2.));
#11275 = DIRECTION('',(0.,0.,-1.));
#11276 = DIRECTION('',(-1.,-3.551613792668E-16,-0.));
#11277 = PCURVE('',#3203,#11278);
#11278 = DEFINITIONAL_REPRESENTATION('',(#11279),#11287);
#11279 = ( BOUNDED_CURVE() B_SPLINE_CURVE(2,(#11280,#11281,#11282,#11283
    ,#11284,#11285,#11286),.UNSPECIFIED.,.T.,.F.) 
B_SPLINE_CURVE_WITH_KNOTS((1,2,2,2,2,1),(-2.094395102393,0.,
    2.094395102393,4.188790204786,6.28318530718,8.377580409573),
.UNSPECIFIED.) CURVE() GEOMETRIC_REPRESENTATION_ITEM() 
RATIONAL_B_SPLINE_CURVE((1.,0.5,1.,0.5,1.,0.5,1.)) REPRESENTATION_ITEM(
  '') );
#11280 = CARTESIAN_POINT('',(38.4,8.544914758598E-15));
#11281 = CARTESIAN_POINT('',(38.4,-68.41600689897));
#11282 = CARTESIAN_POINT('',(-20.85,-34.20800344948));
#11283 = CARTESIAN_POINT('',(-80.1,-4.321641839779E-14));
#11284 = CARTESIAN_POINT('',(-20.85,34.208003449485));
#11285 = CARTESIAN_POINT('',(38.4,68.416006898971));
#11286 = CARTESIAN_POINT('',(38.4,8.544914758598E-15));
#11287 = ( GEOMETRIC_REPRESENTATION_CONTEXT(2) 
PARAMETRIC_REPRESENTATION_CONTEXT() REPRESENTATION_CONTEXT('2D SPACE',''
  ) );
#11288 = PCURVE('',#9571,#11289);
#11289 = DEFINITIONAL_REPRESENTATION('',(#11290),#11294);
#11290 = LINE('',#11291,#11292);
#11291 = CARTESIAN_POINT('',(0.,0.));
#11292 = VECTOR('',#11293,1.);
#11293 = DIRECTION('',(1.,0.));
#11294 = ( GEOMETRIC_REPRESENTATION_CONTEXT(2) 
PARAMETRIC_REPRESENTATION_CONTEXT() REPRESENTATION_CONTEXT('2D SPACE',''
  ) );
#11295 = ORIENTED_EDGE('',*,*,#3187,.T.);
#11296 = ORIENTED_EDGE('',*,*,#11297,.F.);
#11297 = EDGE_CURVE('',#4457,#3188,#11298,.T.);
#11298 = SURFACE_CURVE('',#11299,(#11304,#11311),.PCURVE_S1.);
#11299 = CIRCLE('',#11300,40.9);
#11300 = AXIS2_PLACEMENT_3D('',#11301,#11302,#11303);
#11301 = CARTESIAN_POINT('',(1.1,-3.552713678801E-15,2.));
#11302 = DIRECTION('',(0.,0.,1.));
#11303 = DIRECTION('',(1.,2.749572604786E-17,-0.));
#11304 = PCURVE('',#3203,#11305);
#11305 = DEFINITIONAL_REPRESENTATION('',(#11306),#11310);
#11306 = CIRCLE('',#11307,40.9);
#11307 = AXIS2_PLACEMENT_2D('',#11308,#11309);
#11308 = CARTESIAN_POINT('',(-1.1,-1.548892042409E-16));
#11309 = DIRECTION('',(-1.,-2.749572604786E-17));
#11310 = ( GEOMETRIC_REPRESENTATION_CONTEXT(2) 
PARAMETRIC_REPRESENTATION_CONTEXT() REPRESENTATION_CONTEXT('2D SPACE',''
  ) );
#11311 = PCURVE('',#9448,#11312);
#11312 = DEFINITIONAL_REPRESENTATION('',(#11313),#11317);
#11313 = LINE('',#11314,#11315);
#11314 = CARTESIAN_POINT('',(-0.,0.));
#11315 = VECTOR('',#11316,1.);
#11316 = DIRECTION('',(-1.,0.));
#11317 = ( GEOMETRIC_REPRESENTATION_CONTEXT(2) 
PARAMETRIC_REPRESENTATION_CONTEXT() REPRESENTATION_CONTEXT('2D SPACE',''
  ) );
#11318 = ORIENTED_EDGE('',*,*,#4484,.T.);
#11319 = ORIENTED_EDGE('',*,*,#3706,.T.);
#11320 = ADVANCED_FACE('',(#11321),#3309,.T.);
#11321 = FACE_BOUND('',#11322,.F.);
#11322 = EDGE_LOOP('',(#11323,#11324,#11325,#11326));
#11323 = ORIENTED_EDGE('',*,*,#7996,.F.);
#11324 = ORIENTED_EDGE('',*,*,#3292,.T.);
#11325 = ORIENTED_EDGE('',*,*,#8542,.F.);
#11326 = ORIENTED_EDGE('',*,*,#4432,.T.);
#11327 = ADVANCED_FACE('',(#11328),#3336,.T.);
#11328 = FACE_BOUND('',#11329,.F.);
#11329 = EDGE_LOOP('',(#11330,#11331,#11332,#11333));
#11330 = ORIENTED_EDGE('',*,*,#8516,.F.);
#11331 = ORIENTED_EDGE('',*,*,#3321,.T.);
#11332 = ORIENTED_EDGE('',*,*,#8295,.F.);
#11333 = ORIENTED_EDGE('',*,*,#3353,.T.);
#11334 = ADVANCED_FACE('',(#11335),#3476,.T.);
#11335 = FACE_BOUND('',#11336,.F.);
#11336 = EDGE_LOOP('',(#11337,#11338,#11339,#11361,#11362,#11363));
#11337 = ORIENTED_EDGE('',*,*,#3630,.T.);
#11338 = ORIENTED_EDGE('',*,*,#4011,.T.);
#11339 = ORIENTED_EDGE('',*,*,#11340,.F.);
#11340 = EDGE_CURVE('',#3962,#4012,#11341,.T.);
#11341 = SURFACE_CURVE('',#11342,(#11347,#11354),.PCURVE_S1.);
#11342 = CIRCLE('',#11343,28.5);
#11343 = AXIS2_PLACEMENT_3D('',#11344,#11345,#11346);
#11344 = CARTESIAN_POINT('',(1.1,-3.552713678801E-15,2.));
#11345 = DIRECTION('',(-0.,0.,-1.));
#11346 = DIRECTION('',(-1.,2.080751341941E-16,0.));
#11347 = PCURVE('',#3476,#11348);
#11348 = DEFINITIONAL_REPRESENTATION('',(#11349),#11353);
#11349 = CIRCLE('',#11350,28.5);
#11350 = AXIS2_PLACEMENT_2D('',#11351,#11352);
#11351 = CARTESIAN_POINT('',(-34.17237205583,0.55));
#11352 = DIRECTION('',(-0.866025403784,-0.5));
#11353 = ( GEOMETRIC_REPRESENTATION_CONTEXT(2) 
PARAMETRIC_REPRESENTATION_CONTEXT() REPRESENTATION_CONTEXT('2D SPACE',''
  ) );
#11354 = PCURVE('',#8764,#11355);
#11355 = DEFINITIONAL_REPRESENTATION('',(#11356),#11360);
#11356 = LINE('',#11357,#11358);
#11357 = CARTESIAN_POINT('',(0.,0.));
#11358 = VECTOR('',#11359,1.);
#11359 = DIRECTION('',(1.,0.));
#11360 = ( GEOMETRIC_REPRESENTATION_CONTEXT(2) 
PARAMETRIC_REPRESENTATION_CONTEXT() REPRESENTATION_CONTEXT('2D SPACE',''
  ) );
#11361 = ORIENTED_EDGE('',*,*,#3984,.T.);
#11362 = ORIENTED_EDGE('',*,*,#3459,.T.);
#11363 = ORIENTED_EDGE('',*,*,#11364,.F.);
#11364 = EDGE_CURVE('',#3602,#3460,#11365,.T.);
#11365 = SURFACE_CURVE('',#11366,(#11371,#11382),.PCURVE_S1.);
#11366 = CIRCLE('',#11367,27.7);
#11367 = AXIS2_PLACEMENT_3D('',#11368,#11369,#11370);
#11368 = CARTESIAN_POINT('',(1.1,0.,2.));
#11369 = DIRECTION('',(0.,0.,1.));
#11370 = DIRECTION('',(1.,-2.868623801521E-16,-0.));
#11371 = PCURVE('',#3476,#11372);
#11372 = DEFINITIONAL_REPRESENTATION('',(#11373),#11381);
#11373 = ( BOUNDED_CURVE() B_SPLINE_CURVE(2,(#11374,#11375,#11376,#11377
    ,#11378,#11379,#11380),.UNSPECIFIED.,.T.,.F.) 
B_SPLINE_CURVE_WITH_KNOTS((1,2,2,2,2,1),(-2.094395102393,0.,
    2.094395102393,4.188790204786,6.28318530718,8.377580409573),
.UNSPECIFIED.) CURVE() GEOMETRIC_REPRESENTATION_ITEM() 
RATIONAL_B_SPLINE_CURVE((1.,0.5,1.,0.5,1.,0.5,1.)) REPRESENTATION_ITEM(
  '') );
#11374 = CARTESIAN_POINT('',(-10.183468371,14.4));
#11375 = CARTESIAN_POINT('',(13.805435313821,-27.15));
#11376 = CARTESIAN_POINT('',(-34.17237205583,-27.15));
#11377 = CARTESIAN_POINT('',(-82.15017942549,-27.15));
#11378 = CARTESIAN_POINT('',(-58.16127574066,14.4));
#11379 = CARTESIAN_POINT('',(-34.17237205583,55.95));
#11380 = CARTESIAN_POINT('',(-10.183468371,14.4));
#11381 = ( GEOMETRIC_REPRESENTATION_CONTEXT(2) 
PARAMETRIC_REPRESENTATION_CONTEXT() REPRESENTATION_CONTEXT('2D SPACE',''
  ) );
#11382 = PCURVE('',#8822,#11383);
#11383 = DEFINITIONAL_REPRESENTATION('',(#11384),#11388);
#11384 = LINE('',#11385,#11386);
#11385 = CARTESIAN_POINT('',(-0.,0.));
#11386 = VECTOR('',#11387,1.);
#11387 = DIRECTION('',(-1.,0.));
#11388 = ( GEOMETRIC_REPRESENTATION_CONTEXT(2) 
PARAMETRIC_REPRESENTATION_CONTEXT() REPRESENTATION_CONTEXT('2D SPACE',''
  ) );
#11389 = ADVANCED_FACE('',(#11390),#3533,.T.);
#11390 = FACE_BOUND('',#11391,.F.);
#11391 = EDGE_LOOP('',(#11392,#11393,#11415,#11416));
#11392 = ORIENTED_EDGE('',*,*,#3573,.T.);
#11393 = ORIENTED_EDGE('',*,*,#11394,.F.);
#11394 = EDGE_CURVE('',#3493,#3574,#11395,.T.);
#11395 = SURFACE_CURVE('',#11396,(#11401,#11408),.PCURVE_S1.);
#11396 = CIRCLE('',#11397,26.3);
#11397 = AXIS2_PLACEMENT_3D('',#11398,#11399,#11400);
#11398 = CARTESIAN_POINT('',(1.1,0.,2.));
#11399 = DIRECTION('',(-0.,0.,-1.));
#11400 = DIRECTION('',(-1.,7.027960454567E-17,0.));
#11401 = PCURVE('',#3533,#11402);
#11402 = DEFINITIONAL_REPRESENTATION('',(#11403),#11407);
#11403 = CIRCLE('',#11404,26.3);
#11404 = AXIS2_PLACEMENT_2D('',#11405,#11406);
#11405 = CARTESIAN_POINT('',(-34.17237205583,0.55));
#11406 = DIRECTION('',(-0.866025403784,-0.5));
#11407 = ( GEOMETRIC_REPRESENTATION_CONTEXT(2) 
PARAMETRIC_REPRESENTATION_CONTEXT() REPRESENTATION_CONTEXT('2D SPACE',''
  ) );
#11408 = PCURVE('',#9204,#11409);
#11409 = DEFINITIONAL_REPRESENTATION('',(#11410),#11414);
#11410 = LINE('',#11411,#11412);
#11411 = CARTESIAN_POINT('',(0.,0.));
#11412 = VECTOR('',#11413,1.);
#11413 = DIRECTION('',(1.,0.));
#11414 = ( GEOMETRIC_REPRESENTATION_CONTEXT(2) 
PARAMETRIC_REPRESENTATION_CONTEXT() REPRESENTATION_CONTEXT('2D SPACE',''
  ) );
#11415 = ORIENTED_EDGE('',*,*,#3516,.T.);
#11416 = ORIENTED_EDGE('',*,*,#11417,.F.);
#11417 = EDGE_CURVE('',#3550,#3517,#11418,.T.);
#11418 = SURFACE_CURVE('',#11419,(#11424,#11435),.PCURVE_S1.);
#11419 = CIRCLE('',#11420,25.5);
#11420 = AXIS2_PLACEMENT_3D('',#11421,#11422,#11423);
#11421 = CARTESIAN_POINT('',(1.1,3.552713678801E-15,2.));
#11422 = DIRECTION('',(0.,0.,1.));
#11423 = DIRECTION('',(1.,-2.989693903897E-16,-0.));
#11424 = PCURVE('',#3533,#11425);
#11425 = DEFINITIONAL_REPRESENTATION('',(#11426),#11434);
#11426 = ( BOUNDED_CURVE() B_SPLINE_CURVE(2,(#11427,#11428,#11429,#11430
    ,#11431,#11432,#11433),.UNSPECIFIED.,.T.,.F.) 
B_SPLINE_CURVE_WITH_KNOTS((1,2,2,2,2,1),(-2.094395102393,0.,
    2.094395102393,4.188790204786,6.28318530718,8.377580409573),
.UNSPECIFIED.) CURVE() GEOMETRIC_REPRESENTATION_ITEM() 
RATIONAL_B_SPLINE_CURVE((1.,0.5,1.,0.5,1.,0.5,1.)) REPRESENTATION_ITEM(
  '') );
#11427 = CARTESIAN_POINT('',(-12.08872425933,13.3));
#11428 = CARTESIAN_POINT('',(9.994923537169,-24.95));
#11429 = CARTESIAN_POINT('',(-34.17237205583,-24.95));
#11430 = CARTESIAN_POINT('',(-78.33966764884,-24.95));
#11431 = CARTESIAN_POINT('',(-56.25601985234,13.3));
#11432 = CARTESIAN_POINT('',(-34.17237205583,51.55));
#11433 = CARTESIAN_POINT('',(-12.08872425933,13.3));
#11434 = ( GEOMETRIC_REPRESENTATION_CONTEXT(2) 
PARAMETRIC_REPRESENTATION_CONTEXT() REPRESENTATION_CONTEXT('2D SPACE',''
  ) );
#11435 = PCURVE('',#9002,#11436);
#11436 = DEFINITIONAL_REPRESENTATION('',(#11437),#11441);
#11437 = LINE('',#11438,#11439);
#11438 = CARTESIAN_POINT('',(-0.,0.));
#11439 = VECTOR('',#11440,1.);
#11440 = DIRECTION('',(-1.,0.));
#11441 = ( GEOMETRIC_REPRESENTATION_CONTEXT(2) 
PARAMETRIC_REPRESENTATION_CONTEXT() REPRESENTATION_CONTEXT('2D SPACE',''
  ) );
#11442 = ADVANCED_FACE('',(#11443),#3618,.T.);
#11443 = FACE_BOUND('',#11444,.F.);
#11444 = EDGE_LOOP('',(#11445,#11473,#11474,#11498,#11520,#11521));
#11445 = ORIENTED_EDGE('',*,*,#11446,.F.);
#11446 = EDGE_CURVE('',#3574,#11447,#11449,.T.);
#11447 = VERTEX_POINT('',#11448);
#11448 = CARTESIAN_POINT('',(27.4,1.372467482206E-15,2.));
#11449 = SURFACE_CURVE('',#11450,(#11455,#11466),.PCURVE_S1.);
#11450 = CIRCLE('',#11451,26.3);
#11451 = AXIS2_PLACEMENT_3D('',#11452,#11453,#11454);
#11452 = CARTESIAN_POINT('',(1.1,0.,2.));
#11453 = DIRECTION('',(-0.,0.,-1.));
#11454 = DIRECTION('',(-1.,7.027960454567E-17,0.));
#11455 = PCURVE('',#3618,#11456);
#11456 = DEFINITIONAL_REPRESENTATION('',(#11457),#11465);
#11457 = ( BOUNDED_CURVE() B_SPLINE_CURVE(2,(#11458,#11459,#11460,#11461
    ,#11462,#11463,#11464),.UNSPECIFIED.,.T.,.F.) 
B_SPLINE_CURVE_WITH_KNOTS((1,2,2,2,2,1),(-2.094395102393,0.,
    2.094395102393,4.188790204786,6.28318530718,8.377580409573),
.UNSPECIFIED.) CURVE() GEOMETRIC_REPRESENTATION_ITEM() 
RATIONAL_B_SPLINE_CURVE((1.,0.5,1.,0.5,1.,0.5,1.)) REPRESENTATION_ITEM(
  '') );
#11458 = CARTESIAN_POINT('',(25.2,-5.555956482593E-15));
#11459 = CARTESIAN_POINT('',(25.2,-45.55293623906));
#11460 = CARTESIAN_POINT('',(-14.25,-22.77646811953));
#11461 = CARTESIAN_POINT('',(-53.7,-6.452537847454E-15));
#11462 = CARTESIAN_POINT('',(-14.25,22.776468119531));
#11463 = CARTESIAN_POINT('',(25.2,45.552936239061));
#11464 = CARTESIAN_POINT('',(25.2,-5.555956482593E-15));
#11465 = ( GEOMETRIC_REPRESENTATION_CONTEXT(2) 
PARAMETRIC_REPRESENTATION_CONTEXT() REPRESENTATION_CONTEXT('2D SPACE',''
  ) );
#11466 = PCURVE('',#9204,#11467);
#11467 = DEFINITIONAL_REPRESENTATION('',(#11468),#11472);
#11468 = LINE('',#11469,#11470);
#11469 = CARTESIAN_POINT('',(0.,0.));
#11470 = VECTOR('',#11471,1.);
#11471 = DIRECTION('',(1.,0.));
#11472 = ( GEOMETRIC_REPRESENTATION_CONTEXT(2) 
PARAMETRIC_REPRESENTATION_CONTEXT() REPRESENTATION_CONTEXT('2D SPACE',''
  ) );
#11473 = ORIENTED_EDGE('',*,*,#3601,.T.);
#11474 = ORIENTED_EDGE('',*,*,#11475,.F.);
#11475 = EDGE_CURVE('',#11476,#3602,#11478,.T.);
#11476 = VERTEX_POINT('',#11477);
#11477 = CARTESIAN_POINT('',(28.8,-7.946087930214E-15,2.));
#11478 = SURFACE_CURVE('',#11479,(#11484,#11491),.PCURVE_S1.);
#11479 = CIRCLE('',#11480,27.7);
#11480 = AXIS2_PLACEMENT_3D('',#11481,#11482,#11483);
#11481 = CARTESIAN_POINT('',(1.1,0.,2.));
#11482 = DIRECTION('',(0.,0.,1.));
#11483 = DIRECTION('',(1.,-2.868623801521E-16,-0.));
#11484 = PCURVE('',#3618,#11485);
#11485 = DEFINITIONAL_REPRESENTATION('',(#11486),#11490);
#11486 = CIRCLE('',#11487,27.7);
#11487 = AXIS2_PLACEMENT_2D('',#11488,#11489);
#11488 = CARTESIAN_POINT('',(-1.1,-3.707602883041E-15));
#11489 = DIRECTION('',(-1.,2.868623801521E-16));
#11490 = ( GEOMETRIC_REPRESENTATION_CONTEXT(2) 
PARAMETRIC_REPRESENTATION_CONTEXT() REPRESENTATION_CONTEXT('2D SPACE',''
  ) );
#11491 = PCURVE('',#8822,#11492);
#11492 = DEFINITIONAL_REPRESENTATION('',(#11493),#11497);
#11493 = LINE('',#11494,#11495);
#11494 = CARTESIAN_POINT('',(-0.,0.));
#11495 = VECTOR('',#11496,1.);
#11496 = DIRECTION('',(-1.,0.));
#11497 = ( GEOMETRIC_REPRESENTATION_CONTEXT(2) 
PARAMETRIC_REPRESENTATION_CONTEXT() REPRESENTATION_CONTEXT('2D SPACE',''
  ) );
#11498 = ORIENTED_EDGE('',*,*,#11499,.F.);
#11499 = EDGE_CURVE('',#5912,#11476,#11500,.T.);
#11500 = SURFACE_CURVE('',#11501,(#11506,#11513),.PCURVE_S1.);
#11501 = CIRCLE('',#11502,28.8);
#11502 = AXIS2_PLACEMENT_3D('',#11503,#11504,#11505);
#11503 = CARTESIAN_POINT('',(-3.552713678801E-15,4.440892098501E-15,2.)
  );
#11504 = DIRECTION('',(0.,-0.,1.));
#11505 = DIRECTION('',(-1.,-1.364504165456E-16,-0.));
#11506 = PCURVE('',#3618,#11507);
#11507 = DEFINITIONAL_REPRESENTATION('',(#11508),#11512);
#11508 = CIRCLE('',#11509,28.8);
#11509 = AXIS2_PLACEMENT_2D('',#11510,#11511);
#11510 = CARTESIAN_POINT('',(7.447082729441E-16,-8.148494981542E-15));
#11511 = DIRECTION('',(1.,1.364504165456E-16));
#11512 = ( GEOMETRIC_REPRESENTATION_CONTEXT(2) 
PARAMETRIC_REPRESENTATION_CONTEXT() REPRESENTATION_CONTEXT('2D SPACE',''
  ) );
#11513 = PCURVE('',#8710,#11514);
#11514 = DEFINITIONAL_REPRESENTATION('',(#11515),#11519);
#11515 = LINE('',#11516,#11517);
#11516 = CARTESIAN_POINT('',(-0.,0.));
#11517 = VECTOR('',#11518,1.);
#11518 = DIRECTION('',(-1.,0.));
#11519 = ( GEOMETRIC_REPRESENTATION_CONTEXT(2) 
PARAMETRIC_REPRESENTATION_CONTEXT() REPRESENTATION_CONTEXT('2D SPACE',''
  ) );
#11520 = ORIENTED_EDGE('',*,*,#5944,.T.);
#11521 = ORIENTED_EDGE('',*,*,#11522,.F.);
#11522 = EDGE_CURVE('',#11447,#5945,#11523,.T.);
#11523 = SURFACE_CURVE('',#11524,(#11529,#11540),.PCURVE_S1.);
#11524 = CIRCLE('',#11525,27.4);
#11525 = AXIS2_PLACEMENT_3D('',#11526,#11527,#11528);
#11526 = CARTESIAN_POINT('',(3.552713678801E-15,3.552713678801E-15,2.));
#11527 = DIRECTION('',(0.,0.,-1.));
#11528 = DIRECTION('',(1.,-7.957102907278E-17,-0.));
#11529 = PCURVE('',#3618,#11530);
#11530 = DEFINITIONAL_REPRESENTATION('',(#11531),#11539);
#11531 = ( BOUNDED_CURVE() B_SPLINE_CURVE(2,(#11532,#11533,#11534,#11535
    ,#11536,#11537,#11538),.UNSPECIFIED.,.T.,.F.) 
B_SPLINE_CURVE_WITH_KNOTS((1,2,2,2,2,1),(-2.094395102393,0.,
    2.094395102393,4.188790204786,6.28318530718,8.377580409573),
.UNSPECIFIED.) CURVE() GEOMETRIC_REPRESENTATION_ITEM() 
RATIONAL_B_SPLINE_CURVE((1.,0.5,1.,0.5,1.,0.5,1.)) REPRESENTATION_ITEM(
  '') );
#11532 = CARTESIAN_POINT('',(-27.4,-5.080070365248E-15));
#11533 = CARTESIAN_POINT('',(-27.4,47.458192127387));
#11534 = CARTESIAN_POINT('',(13.7,23.729096063694));
#11535 = CARTESIAN_POINT('',(54.8,-4.909744495703E-15));
#11536 = CARTESIAN_POINT('',(13.7,-23.72909606369));
#11537 = CARTESIAN_POINT('',(-27.4,-47.45819212738));
#11538 = CARTESIAN_POINT('',(-27.4,-5.080070365248E-15));
#11539 = ( GEOMETRIC_REPRESENTATION_CONTEXT(2) 
PARAMETRIC_REPRESENTATION_CONTEXT() REPRESENTATION_CONTEXT('2D SPACE',''
  ) );
#11540 = PCURVE('',#8680,#11541);
#11541 = DEFINITIONAL_REPRESENTATION('',(#11542),#11546);
#11542 = LINE('',#11543,#11544);
#11543 = CARTESIAN_POINT('',(0.,0.));
#11544 = VECTOR('',#11545,1.);
#11545 = DIRECTION('',(1.,0.));
#11546 = ( GEOMETRIC_REPRESENTATION_CONTEXT(2) 
PARAMETRIC_REPRESENTATION_CONTEXT() REPRESENTATION_CONTEXT('2D SPACE',''
  ) );
#11547 = ADVANCED_FACE('',(#11548),#3745,.T.);
#11548 = FACE_BOUND('',#11549,.F.);
#11549 = EDGE_LOOP('',(#11550,#11576,#11577,#11599));
#11550 = ORIENTED_EDGE('',*,*,#11551,.F.);
#11551 = EDGE_CURVE('',#4239,#3730,#11552,.T.);
#11552 = SURFACE_CURVE('',#11553,(#11558,#11569),.PCURVE_S1.);
#11553 = CIRCLE('',#11554,38.7);
#11554 = AXIS2_PLACEMENT_3D('',#11555,#11556,#11557);
#11555 = CARTESIAN_POINT('',(1.1,-1.7763568394E-15,2.));
#11556 = DIRECTION('',(0.,0.,1.));
#11557 = DIRECTION('',(1.,-8.861121332198E-17,-0.));
#11558 = PCURVE('',#3745,#11559);
#11559 = DEFINITIONAL_REPRESENTATION('',(#11560),#11568);
#11560 = ( BOUNDED_CURVE() B_SPLINE_CURVE(2,(#11561,#11562,#11563,#11564
    ,#11565,#11566,#11567),.UNSPECIFIED.,.T.,.F.) 
B_SPLINE_CURVE_WITH_KNOTS((1,2,2,2,2,1),(-2.094395102393,0.,
    2.094395102393,4.188790204786,6.28318530718,8.377580409573),
.UNSPECIFIED.) CURVE() GEOMETRIC_REPRESENTATION_ITEM() 
RATIONAL_B_SPLINE_CURVE((1.,0.5,1.,0.5,1.,0.5,1.)) REPRESENTATION_ITEM(
  '') );
#11561 = CARTESIAN_POINT('',(-0.657188929379,19.9));
#11562 = CARTESIAN_POINT('',(32.857994197078,-38.15));
#11563 = CARTESIAN_POINT('',(-34.17237205583,-38.15));
#11564 = CARTESIAN_POINT('',(-101.2027383087,-38.15));
#11565 = CARTESIAN_POINT('',(-67.68755518229,19.9));
#11566 = CARTESIAN_POINT('',(-34.17237205583,77.95));
#11567 = CARTESIAN_POINT('',(-0.657188929379,19.9));
#11568 = ( GEOMETRIC_REPRESENTATION_CONTEXT(2) 
PARAMETRIC_REPRESENTATION_CONTEXT() REPRESENTATION_CONTEXT('2D SPACE',''
  ) );
#11569 = PCURVE('',#9605,#11570);
#11570 = DEFINITIONAL_REPRESENTATION('',(#11571),#11575);
#11571 = LINE('',#11572,#11573);
#11572 = CARTESIAN_POINT('',(-0.,0.));
#11573 = VECTOR('',#11574,1.);
#11574 = DIRECTION('',(-1.,0.));
#11575 = ( GEOMETRIC_REPRESENTATION_CONTEXT(2) 
PARAMETRIC_REPRESENTATION_CONTEXT() REPRESENTATION_CONTEXT('2D SPACE',''
  ) );
#11576 = ORIENTED_EDGE('',*,*,#4266,.T.);
#11577 = ORIENTED_EDGE('',*,*,#11578,.F.);
#11578 = EDGE_CURVE('',#3707,#4267,#11579,.T.);
#11579 = SURFACE_CURVE('',#11580,(#11585,#11592),.PCURVE_S1.);
#11580 = CIRCLE('',#11581,39.5);
#11581 = AXIS2_PLACEMENT_3D('',#11582,#11583,#11584);
#11582 = CARTESIAN_POINT('',(1.1,1.7763568394E-15,2.));
#11583 = DIRECTION('',(0.,0.,-1.));
#11584 = DIRECTION('',(-1.,-3.551613792668E-16,-0.));
#11585 = PCURVE('',#3745,#11586);
#11586 = DEFINITIONAL_REPRESENTATION('',(#11587),#11591);
#11587 = CIRCLE('',#11588,39.5);
#11588 = AXIS2_PLACEMENT_2D('',#11589,#11590);
#11589 = CARTESIAN_POINT('',(-34.17237205583,0.55));
#11590 = DIRECTION('',(-0.866025403784,-0.5));
#11591 = ( GEOMETRIC_REPRESENTATION_CONTEXT(2) 
PARAMETRIC_REPRESENTATION_CONTEXT() REPRESENTATION_CONTEXT('2D SPACE',''
  ) );
#11592 = PCURVE('',#9571,#11593);
#11593 = DEFINITIONAL_REPRESENTATION('',(#11594),#11598);
#11594 = LINE('',#11595,#11596);
#11595 = CARTESIAN_POINT('',(0.,0.));
#11596 = VECTOR('',#11597,1.);
#11597 = DIRECTION('',(1.,0.));
#11598 = ( GEOMETRIC_REPRESENTATION_CONTEXT(2) 
PARAMETRIC_REPRESENTATION_CONTEXT() REPRESENTATION_CONTEXT('2D SPACE',''
  ) );
#11599 = ORIENTED_EDGE('',*,*,#3729,.T.);
#11600 = ADVANCED_FACE('',(#11601),#3796,.T.);
#11601 = FACE_BOUND('',#11602,.F.);
#11602 = EDGE_LOOP('',(#11603,#11629,#11630,#11652));
#11603 = ORIENTED_EDGE('',*,*,#11604,.F.);
#11604 = EDGE_CURVE('',#4188,#3781,#11605,.T.);
#11605 = SURFACE_CURVE('',#11606,(#11611,#11622),.PCURVE_S1.);
#11606 = CIRCLE('',#11607,36.5);
#11607 = AXIS2_PLACEMENT_3D('',#11608,#11609,#11610);
#11608 = CARTESIAN_POINT('',(1.1,7.105427357601E-15,2.));
#11609 = DIRECTION('',(0.,0.,1.));
#11610 = DIRECTION('',(1.,-3.98620982807E-16,-0.));
#11611 = PCURVE('',#3796,#11612);
#11612 = DEFINITIONAL_REPRESENTATION('',(#11613),#11621);
#11613 = ( BOUNDED_CURVE() B_SPLINE_CURVE(2,(#11614,#11615,#11616,#11617
    ,#11618,#11619,#11620),.UNSPECIFIED.,.T.,.F.) 
B_SPLINE_CURVE_WITH_KNOTS((1,2,2,2,2,1),(-2.094395102393,0.,
    2.094395102393,4.188790204786,6.28318530718,8.377580409573),
.UNSPECIFIED.) CURVE() GEOMETRIC_REPRESENTATION_ITEM() 
RATIONAL_B_SPLINE_CURVE((1.,0.5,1.,0.5,1.,0.5,1.)) REPRESENTATION_ITEM(
  '') );
#11614 = CARTESIAN_POINT('',(-2.562444817705,18.8));
#11615 = CARTESIAN_POINT('',(29.047482420427,-35.95));
#11616 = CARTESIAN_POINT('',(-34.17237205583,-35.95));
#11617 = CARTESIAN_POINT('',(-97.3922265321,-35.95));
#11618 = CARTESIAN_POINT('',(-65.78229929396,18.8));
#11619 = CARTESIAN_POINT('',(-34.17237205583,73.55));
#11620 = CARTESIAN_POINT('',(-2.562444817705,18.8));
#11621 = ( GEOMETRIC_REPRESENTATION_CONTEXT(2) 
PARAMETRIC_REPRESENTATION_CONTEXT() REPRESENTATION_CONTEXT('2D SPACE',''
  ) );
#11622 = PCURVE('',#9783,#11623);
#11623 = DEFINITIONAL_REPRESENTATION('',(#11624),#11628);
#11624 = LINE('',#11625,#11626);
#11625 = CARTESIAN_POINT('',(-0.,0.));
#11626 = VECTOR('',#11627,1.);
#11627 = DIRECTION('',(-1.,0.));
#11628 = ( GEOMETRIC_REPRESENTATION_CONTEXT(2) 
PARAMETRIC_REPRESENTATION_CONTEXT() REPRESENTATION_CONTEXT('2D SPACE',''
  ) );
#11629 = ORIENTED_EDGE('',*,*,#4215,.T.);
#11630 = ORIENTED_EDGE('',*,*,#11631,.F.);
#11631 = EDGE_CURVE('',#3758,#4216,#11632,.T.);
#11632 = SURFACE_CURVE('',#11633,(#11638,#11645),.PCURVE_S1.);
#11633 = CIRCLE('',#11634,37.3);
#11634 = AXIS2_PLACEMENT_3D('',#11635,#11636,#11637);
#11635 = CARTESIAN_POINT('',(1.1,3.552713678801E-15,2.));
#11636 = DIRECTION('',(0.,0.,-1.));
#11637 = DIRECTION('',(-1.,-2.573423753046E-16,-0.));
#11638 = PCURVE('',#3796,#11639);
#11639 = DEFINITIONAL_REPRESENTATION('',(#11640),#11644);
#11640 = CIRCLE('',#11641,37.3);
#11641 = AXIS2_PLACEMENT_2D('',#11642,#11643);
#11642 = CARTESIAN_POINT('',(-34.17237205583,0.55));
#11643 = DIRECTION('',(-0.866025403784,-0.5));
#11644 = ( GEOMETRIC_REPRESENTATION_CONTEXT(2) 
PARAMETRIC_REPRESENTATION_CONTEXT() REPRESENTATION_CONTEXT('2D SPACE',''
  ) );
#11645 = PCURVE('',#9749,#11646);
#11646 = DEFINITIONAL_REPRESENTATION('',(#11647),#11651);
#11647 = LINE('',#11648,#11649);
#11648 = CARTESIAN_POINT('',(0.,0.));
#11649 = VECTOR('',#11650,1.);
#11650 = DIRECTION('',(1.,0.));
#11651 = ( GEOMETRIC_REPRESENTATION_CONTEXT(2) 
PARAMETRIC_REPRESENTATION_CONTEXT() REPRESENTATION_CONTEXT('2D SPACE',''
  ) );
#11652 = ORIENTED_EDGE('',*,*,#3780,.T.);
#11653 = ADVANCED_FACE('',(#11654),#3847,.T.);
#11654 = FACE_BOUND('',#11655,.F.);
#11655 = EDGE_LOOP('',(#11656,#11682,#11683,#11705));
#11656 = ORIENTED_EDGE('',*,*,#11657,.F.);
#11657 = EDGE_CURVE('',#4137,#3832,#11658,.T.);
#11658 = SURFACE_CURVE('',#11659,(#11664,#11675),.PCURVE_S1.);
#11659 = CIRCLE('',#11660,34.3);
#11660 = AXIS2_PLACEMENT_3D('',#11661,#11662,#11663);
#11661 = CARTESIAN_POINT('',(1.1,-1.7763568394E-15,2.));
#11662 = DIRECTION('',(0.,0.,1.));
#11663 = DIRECTION('',(1.,-2.601159486355E-16,-0.));
#11664 = PCURVE('',#3847,#11665);
#11665 = DEFINITIONAL_REPRESENTATION('',(#11666),#11674);
#11666 = ( BOUNDED_CURVE() B_SPLINE_CURVE(2,(#11667,#11668,#11669,#11670
    ,#11671,#11672,#11673),.UNSPECIFIED.,.T.,.F.) 
B_SPLINE_CURVE_WITH_KNOTS((1,2,2,2,2,1),(-2.094395102393,0.,
    2.094395102393,4.188790204786,6.28318530718,8.377580409573),
.UNSPECIFIED.) CURVE() GEOMETRIC_REPRESENTATION_ITEM() 
RATIONAL_B_SPLINE_CURVE((1.,0.5,1.,0.5,1.,0.5,1.)) REPRESENTATION_ITEM(
  '') );
#11667 = CARTESIAN_POINT('',(-4.467700706031,17.7));
#11668 = CARTESIAN_POINT('',(25.236970643775,-33.75));
#11669 = CARTESIAN_POINT('',(-34.17237205583,-33.75));
#11670 = CARTESIAN_POINT('',(-93.58171475545,-33.75));
#11671 = CARTESIAN_POINT('',(-63.87704340564,17.7));
#11672 = CARTESIAN_POINT('',(-34.17237205583,69.15));
#11673 = CARTESIAN_POINT('',(-4.467700706031,17.7));
#11674 = ( GEOMETRIC_REPRESENTATION_CONTEXT(2) 
PARAMETRIC_REPRESENTATION_CONTEXT() REPRESENTATION_CONTEXT('2D SPACE',''
  ) );
#11675 = PCURVE('',#9961,#11676);
#11676 = DEFINITIONAL_REPRESENTATION('',(#11677),#11681);
#11677 = LINE('',#11678,#11679);
#11678 = CARTESIAN_POINT('',(-0.,0.));
#11679 = VECTOR('',#11680,1.);
#11680 = DIRECTION('',(-1.,0.));
#11681 = ( GEOMETRIC_REPRESENTATION_CONTEXT(2) 
PARAMETRIC_REPRESENTATION_CONTEXT() REPRESENTATION_CONTEXT('2D SPACE',''
  ) );
#11682 = ORIENTED_EDGE('',*,*,#4164,.T.);
#11683 = ORIENTED_EDGE('',*,*,#11684,.F.);
#11684 = EDGE_CURVE('',#3809,#4165,#11685,.T.);
#11685 = SURFACE_CURVE('',#11686,(#11691,#11698),.PCURVE_S1.);
#11686 = CIRCLE('',#11687,35.1);
#11687 = AXIS2_PLACEMENT_3D('',#11688,#11689,#11690);
#11688 = CARTESIAN_POINT('',(1.1,-1.7763568394E-15,2.));
#11689 = DIRECTION('',(0.,0.,-1.));
#11690 = DIRECTION('',(-1.,-1.284521493365E-16,-0.));
#11691 = PCURVE('',#3847,#11692);
#11692 = DEFINITIONAL_REPRESENTATION('',(#11693),#11697);
#11693 = CIRCLE('',#11694,35.1);
#11694 = AXIS2_PLACEMENT_2D('',#11695,#11696);
#11695 = CARTESIAN_POINT('',(-34.17237205583,0.55));
#11696 = DIRECTION('',(-0.866025403784,-0.5));
#11697 = ( GEOMETRIC_REPRESENTATION_CONTEXT(2) 
PARAMETRIC_REPRESENTATION_CONTEXT() REPRESENTATION_CONTEXT('2D SPACE',''
  ) );
#11698 = PCURVE('',#9927,#11699);
#11699 = DEFINITIONAL_REPRESENTATION('',(#11700),#11704);
#11700 = LINE('',#11701,#11702);
#11701 = CARTESIAN_POINT('',(0.,0.));
#11702 = VECTOR('',#11703,1.);
#11703 = DIRECTION('',(1.,0.));
#11704 = ( GEOMETRIC_REPRESENTATION_CONTEXT(2) 
PARAMETRIC_REPRESENTATION_CONTEXT() REPRESENTATION_CONTEXT('2D SPACE',''
  ) );
#11705 = ORIENTED_EDGE('',*,*,#3831,.T.);
#11706 = ADVANCED_FACE('',(#11707),#3898,.T.);
#11707 = FACE_BOUND('',#11708,.F.);
#11708 = EDGE_LOOP('',(#11709,#11735,#11736,#11758));
#11709 = ORIENTED_EDGE('',*,*,#11710,.F.);
#11710 = EDGE_CURVE('',#4086,#3883,#11711,.T.);
#11711 = SURFACE_CURVE('',#11712,(#11717,#11728),.PCURVE_S1.);
#11712 = CIRCLE('',#11713,32.1);
#11713 = AXIS2_PLACEMENT_3D('',#11714,#11715,#11716);
#11714 = CARTESIAN_POINT('',(1.1,1.7763568394E-15,2.));
#11715 = DIRECTION('',(0.,0.,1.));
#11716 = DIRECTION('',(1.,-2.975080536767E-16,-0.));
#11717 = PCURVE('',#3898,#11718);
#11718 = DEFINITIONAL_REPRESENTATION('',(#11719),#11727);
#11719 = ( BOUNDED_CURVE() B_SPLINE_CURVE(2,(#11720,#11721,#11722,#11723
    ,#11724,#11725,#11726),.UNSPECIFIED.,.T.,.F.) 
B_SPLINE_CURVE_WITH_KNOTS((1,2,2,2,2,1),(-2.094395102393,0.,
    2.094395102393,4.188790204786,6.28318530718,8.377580409573),
.UNSPECIFIED.) CURVE() GEOMETRIC_REPRESENTATION_ITEM() 
RATIONAL_B_SPLINE_CURVE((1.,0.5,1.,0.5,1.,0.5,1.)) REPRESENTATION_ITEM(
  '') );
#11720 = CARTESIAN_POINT('',(-6.372956594357,16.6));
#11721 = CARTESIAN_POINT('',(21.426458867124,-31.55));
#11722 = CARTESIAN_POINT('',(-34.17237205583,-31.55));
#11723 = CARTESIAN_POINT('',(-89.77120297879,-31.55));
#11724 = CARTESIAN_POINT('',(-61.97178751731,16.6));
#11725 = CARTESIAN_POINT('',(-34.17237205583,64.75));
#11726 = CARTESIAN_POINT('',(-6.372956594357,16.6));
#11727 = ( GEOMETRIC_REPRESENTATION_CONTEXT(2) 
PARAMETRIC_REPRESENTATION_CONTEXT() REPRESENTATION_CONTEXT('2D SPACE',''
  ) );
#11728 = PCURVE('',#10139,#11729);
#11729 = DEFINITIONAL_REPRESENTATION('',(#11730),#11734);
#11730 = LINE('',#11731,#11732);
#11731 = CARTESIAN_POINT('',(-0.,0.));
#11732 = VECTOR('',#11733,1.);
#11733 = DIRECTION('',(-1.,0.));
#11734 = ( GEOMETRIC_REPRESENTATION_CONTEXT(2) 
PARAMETRIC_REPRESENTATION_CONTEXT() REPRESENTATION_CONTEXT('2D SPACE',''
  ) );
#11735 = ORIENTED_EDGE('',*,*,#4113,.T.);
#11736 = ORIENTED_EDGE('',*,*,#11737,.F.);
#11737 = EDGE_CURVE('',#3860,#4114,#11738,.T.);
#11738 = SURFACE_CURVE('',#11739,(#11744,#11751),.PCURVE_S1.);
#11739 = CIRCLE('',#11740,32.9);
#11740 = AXIS2_PLACEMENT_3D('',#11741,#11742,#11743);
#11741 = CARTESIAN_POINT('',(1.1,-3.552713678801E-15,2.));
#11742 = DIRECTION('',(-0.,0.,-1.));
#11743 = DIRECTION('',(-1.,1.781232149803E-16,0.));
#11744 = PCURVE('',#3898,#11745);
#11745 = DEFINITIONAL_REPRESENTATION('',(#11746),#11750);
#11746 = CIRCLE('',#11747,32.9);
#11747 = AXIS2_PLACEMENT_2D('',#11748,#11749);
#11748 = CARTESIAN_POINT('',(-34.17237205583,0.55));
#11749 = DIRECTION('',(-0.866025403784,-0.5));
#11750 = ( GEOMETRIC_REPRESENTATION_CONTEXT(2) 
PARAMETRIC_REPRESENTATION_CONTEXT() REPRESENTATION_CONTEXT('2D SPACE',''
  ) );
#11751 = PCURVE('',#10105,#11752);
#11752 = DEFINITIONAL_REPRESENTATION('',(#11753),#11757);
#11753 = LINE('',#11754,#11755);
#11754 = CARTESIAN_POINT('',(0.,0.));
#11755 = VECTOR('',#11756,1.);
#11756 = DIRECTION('',(1.,0.));
#11757 = ( GEOMETRIC_REPRESENTATION_CONTEXT(2) 
PARAMETRIC_REPRESENTATION_CONTEXT() REPRESENTATION_CONTEXT('2D SPACE',''
  ) );
#11758 = ORIENTED_EDGE('',*,*,#3882,.T.);
#11759 = ADVANCED_FACE('',(#11760),#3949,.T.);
#11760 = FACE_BOUND('',#11761,.F.);
#11761 = EDGE_LOOP('',(#11762,#11788,#11789,#11811));
#11762 = ORIENTED_EDGE('',*,*,#11763,.F.);
#11763 = EDGE_CURVE('',#4035,#3934,#11764,.T.);
#11764 = SURFACE_CURVE('',#11765,(#11770,#11781),.PCURVE_S1.);
#11765 = CIRCLE('',#11766,29.9);
#11766 = AXIS2_PLACEMENT_3D('',#11767,#11768,#11769);
#11767 = CARTESIAN_POINT('',(1.1,1.7763568394E-15,2.));
#11768 = DIRECTION('',(0.,0.,1.));
#11769 = DIRECTION('',(1.,-2.793089199885E-16,-0.));
#11770 = PCURVE('',#3949,#11771);
#11771 = DEFINITIONAL_REPRESENTATION('',(#11772),#11780);
#11772 = ( BOUNDED_CURVE() B_SPLINE_CURVE(2,(#11773,#11774,#11775,#11776
    ,#11777,#11778,#11779),.UNSPECIFIED.,.T.,.F.) 
B_SPLINE_CURVE_WITH_KNOTS((1,2,2,2,2,1),(-2.094395102393,0.,
    2.094395102393,4.188790204786,6.28318530718,8.377580409573),
.UNSPECIFIED.) CURVE() GEOMETRIC_REPRESENTATION_ITEM() 
RATIONAL_B_SPLINE_CURVE((1.,0.5,1.,0.5,1.,0.5,1.)) REPRESENTATION_ITEM(
  '') );
#11773 = CARTESIAN_POINT('',(-8.278212482682,15.5));
#11774 = CARTESIAN_POINT('',(17.615947090472,-29.35));
#11775 = CARTESIAN_POINT('',(-34.17237205583,-29.35));
#11776 = CARTESIAN_POINT('',(-85.96069120214,-29.35));
#11777 = CARTESIAN_POINT('',(-60.06653162899,15.5));
#11778 = CARTESIAN_POINT('',(-34.17237205583,60.35));
#11779 = CARTESIAN_POINT('',(-8.278212482682,15.5));
#11780 = ( GEOMETRIC_REPRESENTATION_CONTEXT(2) 
PARAMETRIC_REPRESENTATION_CONTEXT() REPRESENTATION_CONTEXT('2D SPACE',''
  ) );
#11781 = PCURVE('',#8644,#11782);
#11782 = DEFINITIONAL_REPRESENTATION('',(#11783),#11787);
#11783 = LINE('',#11784,#11785);
#11784 = CARTESIAN_POINT('',(-0.,0.));
#11785 = VECTOR('',#11786,1.);
#11786 = DIRECTION('',(-1.,0.));
#11787 = ( GEOMETRIC_REPRESENTATION_CONTEXT(2) 
PARAMETRIC_REPRESENTATION_CONTEXT() REPRESENTATION_CONTEXT('2D SPACE',''
  ) );
#11788 = ORIENTED_EDGE('',*,*,#4062,.T.);
#11789 = ORIENTED_EDGE('',*,*,#11790,.F.);
#11790 = EDGE_CURVE('',#3911,#4063,#11791,.T.);
#11791 = SURFACE_CURVE('',#11792,(#11797,#11804),.PCURVE_S1.);
#11792 = CIRCLE('',#11793,30.7);
#11793 = AXIS2_PLACEMENT_3D('',#11794,#11795,#11796);
#11794 = CARTESIAN_POINT('',(1.1,-1.7763568394E-15,2.));
#11795 = DIRECTION('',(-0.,0.,-1.));
#11796 = DIRECTION('',(-1.,3.517258604953E-17,0.));
#11797 = PCURVE('',#3949,#11798);
#11798 = DEFINITIONAL_REPRESENTATION('',(#11799),#11803);
#11799 = CIRCLE('',#11800,30.7);
#11800 = AXIS2_PLACEMENT_2D('',#11801,#11802);
#11801 = CARTESIAN_POINT('',(-34.17237205583,0.55));
#11802 = DIRECTION('',(-0.866025403784,-0.5));
#11803 = ( GEOMETRIC_REPRESENTATION_CONTEXT(2) 
PARAMETRIC_REPRESENTATION_CONTEXT() REPRESENTATION_CONTEXT('2D SPACE',''
  ) );
#11804 = PCURVE('',#8611,#11805);
#11805 = DEFINITIONAL_REPRESENTATION('',(#11806),#11810);
#11806 = LINE('',#11807,#11808);
#11807 = CARTESIAN_POINT('',(0.,0.));
#11808 = VECTOR('',#11809,1.);
#11809 = DIRECTION('',(1.,0.));
#11810 = ( GEOMETRIC_REPRESENTATION_CONTEXT(2) 
PARAMETRIC_REPRESENTATION_CONTEXT() REPRESENTATION_CONTEXT('2D SPACE',''
  ) );
#11811 = ORIENTED_EDGE('',*,*,#3933,.T.);
#11812 = ADVANCED_FACE('',(#11813),#4050,.T.);
#11813 = FACE_BOUND('',#11814,.F.);
#11814 = EDGE_LOOP('',(#11815,#11843,#11844,#11868,#11890,#11891));
#11815 = ORIENTED_EDGE('',*,*,#11816,.F.);
#11816 = EDGE_CURVE('',#4012,#11817,#11819,.T.);
#11817 = VERTEX_POINT('',#11818);
#11818 = CARTESIAN_POINT('',(29.6,6.663930854965E-15,2.));
#11819 = SURFACE_CURVE('',#11820,(#11825,#11836),.PCURVE_S1.);
#11820 = CIRCLE('',#11821,28.5);
#11821 = AXIS2_PLACEMENT_3D('',#11822,#11823,#11824);
#11822 = CARTESIAN_POINT('',(1.1,-3.552713678801E-15,2.));
#11823 = DIRECTION('',(-0.,0.,-1.));
#11824 = DIRECTION('',(-1.,2.080751341941E-16,0.));
#11825 = PCURVE('',#4050,#11826);
#11826 = DEFINITIONAL_REPRESENTATION('',(#11827),#11835);
#11827 = ( BOUNDED_CURVE() B_SPLINE_CURVE(2,(#11828,#11829,#11830,#11831
    ,#11832,#11833,#11834),.UNSPECIFIED.,.T.,.F.) 
B_SPLINE_CURVE_WITH_KNOTS((1,2,2,2,2,1),(-2.094395102393,0.,
    2.094395102393,4.188790204786,6.28318530718,8.377580409573),
.UNSPECIFIED.) CURVE() GEOMETRIC_REPRESENTATION_ITEM() 
RATIONAL_B_SPLINE_CURVE((1.,0.5,1.,0.5,1.,0.5,1.)) REPRESENTATION_ITEM(
  '') );
#11828 = CARTESIAN_POINT('',(27.4,-6.085030528772E-15));
#11829 = CARTESIAN_POINT('',(27.4,-49.36344801571));
#11830 = CARTESIAN_POINT('',(-15.35,-24.68172400785));
#11831 = CARTESIAN_POINT('',(-58.1,4.724906689682E-15));
#11832 = CARTESIAN_POINT('',(-15.35,24.681724007856));
#11833 = CARTESIAN_POINT('',(27.4,49.363448015713));
#11834 = CARTESIAN_POINT('',(27.4,-6.085030528772E-15));
#11835 = ( GEOMETRIC_REPRESENTATION_CONTEXT(2) 
PARAMETRIC_REPRESENTATION_CONTEXT() REPRESENTATION_CONTEXT('2D SPACE',''
  ) );
#11836 = PCURVE('',#8764,#11837);
#11837 = DEFINITIONAL_REPRESENTATION('',(#11838),#11842);
#11838 = LINE('',#11839,#11840);
#11839 = CARTESIAN_POINT('',(0.,0.));
#11840 = VECTOR('',#11841,1.);
#11841 = DIRECTION('',(1.,0.));
#11842 = ( GEOMETRIC_REPRESENTATION_CONTEXT(2) 
PARAMETRIC_REPRESENTATION_CONTEXT() REPRESENTATION_CONTEXT('2D SPACE',''
  ) );
#11843 = ORIENTED_EDGE('',*,*,#4034,.T.);
#11844 = ORIENTED_EDGE('',*,*,#11845,.F.);
#11845 = EDGE_CURVE('',#11846,#4035,#11848,.T.);
#11846 = VERTEX_POINT('',#11847);
#11847 = CARTESIAN_POINT('',(31.,-6.574979868255E-15,2.));
#11848 = SURFACE_CURVE('',#11849,(#11854,#11861),.PCURVE_S1.);
#11849 = CIRCLE('',#11850,29.9);
#11850 = AXIS2_PLACEMENT_3D('',#11851,#11852,#11853);
#11851 = CARTESIAN_POINT('',(1.1,1.7763568394E-15,2.));
#11852 = DIRECTION('',(0.,0.,1.));
#11853 = DIRECTION('',(1.,-2.793089199885E-16,-0.));
#11854 = PCURVE('',#4050,#11855);
#11855 = DEFINITIONAL_REPRESENTATION('',(#11856),#11860);
#11856 = CIRCLE('',#11857,29.9);
#11857 = AXIS2_PLACEMENT_2D('',#11858,#11859);
#11858 = CARTESIAN_POINT('',(-1.1,-5.483959722442E-15));
#11859 = DIRECTION('',(-1.,2.793089199885E-16));
#11860 = ( GEOMETRIC_REPRESENTATION_CONTEXT(2) 
PARAMETRIC_REPRESENTATION_CONTEXT() REPRESENTATION_CONTEXT('2D SPACE',''
  ) );
#11861 = PCURVE('',#8644,#11862);
#11862 = DEFINITIONAL_REPRESENTATION('',(#11863),#11867);
#11863 = LINE('',#11864,#11865);
#11864 = CARTESIAN_POINT('',(-0.,0.));
#11865 = VECTOR('',#11866,1.);
#11866 = DIRECTION('',(-1.,0.));
#11867 = ( GEOMETRIC_REPRESENTATION_CONTEXT(2) 
PARAMETRIC_REPRESENTATION_CONTEXT() REPRESENTATION_CONTEXT('2D SPACE',''
  ) );
#11868 = ORIENTED_EDGE('',*,*,#11869,.F.);
#11869 = EDGE_CURVE('',#6386,#11846,#11870,.T.);
#11870 = SURFACE_CURVE('',#11871,(#11876,#11883),.PCURVE_S1.);
#11871 = CIRCLE('',#11872,31.);
#11872 = AXIS2_PLACEMENT_3D('',#11873,#11874,#11875);
#11873 = CARTESIAN_POINT('',(3.552713678801E-15,-8.881784197001E-16,2.)
  );
#11874 = DIRECTION('',(-0.,0.,1.));
#11875 = DIRECTION('',(-1.,6.098052810315E-17,-0.));
#11876 = PCURVE('',#4050,#11877);
#11877 = DEFINITIONAL_REPRESENTATION('',(#11878),#11882);
#11878 = CIRCLE('',#11879,31.);
#11879 = AXIS2_PLACEMENT_2D('',#11880,#11881);
#11880 = CARTESIAN_POINT('',(-6.360719084657E-15,-2.819424463341E-15));
#11881 = DIRECTION('',(1.,-6.098052810315E-17));
#11882 = ( GEOMETRIC_REPRESENTATION_CONTEXT(2) 
PARAMETRIC_REPRESENTATION_CONTEXT() REPRESENTATION_CONTEXT('2D SPACE',''
  ) );
#11883 = PCURVE('',#10229,#11884);
#11884 = DEFINITIONAL_REPRESENTATION('',(#11885),#11889);
#11885 = LINE('',#11886,#11887);
#11886 = CARTESIAN_POINT('',(-0.,0.));
#11887 = VECTOR('',#11888,1.);
#11888 = DIRECTION('',(-1.,0.));
#11889 = ( GEOMETRIC_REPRESENTATION_CONTEXT(2) 
PARAMETRIC_REPRESENTATION_CONTEXT() REPRESENTATION_CONTEXT('2D SPACE',''
  ) );
#11890 = ORIENTED_EDGE('',*,*,#6413,.T.);
#11891 = ORIENTED_EDGE('',*,*,#11892,.F.);
#11892 = EDGE_CURVE('',#11817,#6414,#11893,.T.);
#11893 = SURFACE_CURVE('',#11894,(#11899,#11910),.PCURVE_S1.);
#11894 = CIRCLE('',#11895,29.6);
#11895 = AXIS2_PLACEMENT_3D('',#11896,#11897,#11898);
#11896 = CARTESIAN_POINT('',(-3.552713678801E-15,-1.7763568394E-15,2.));
#11897 = DIRECTION('',(-0.,0.,-1.));
#11898 = DIRECTION('',(1.,2.851448545394E-16,-0.));
#11899 = PCURVE('',#4050,#11900);
#11900 = DEFINITIONAL_REPRESENTATION('',(#11901),#11909);
#11901 = ( BOUNDED_CURVE() B_SPLINE_CURVE(2,(#11902,#11903,#11904,#11905
    ,#11906,#11907,#11908),.UNSPECIFIED.,.T.,.F.) 
B_SPLINE_CURVE_WITH_KNOTS((1,2,2,2,2,1),(-2.094395102393,0.,
    2.094395102393,4.188790204786,6.28318530718,8.377580409573),
.UNSPECIFIED.) CURVE() GEOMETRIC_REPRESENTATION_ITEM() 
RATIONAL_B_SPLINE_CURVE((1.,0.5,1.,0.5,1.,0.5,1.)) REPRESENTATION_ITEM(
  '') );
#11902 = CARTESIAN_POINT('',(-29.6,-1.037153373801E-14));
#11903 = CARTESIAN_POINT('',(-29.6,51.268703904039));
#11904 = CARTESIAN_POINT('',(14.8,25.634351952019));
#11905 = CARTESIAN_POINT('',(59.2,2.219923839604E-14));
#11906 = CARTESIAN_POINT('',(14.8,-25.63435195201));
#11907 = CARTESIAN_POINT('',(-29.6,-51.26870390403));
#11908 = CARTESIAN_POINT('',(-29.6,-1.037153373801E-14));
#11909 = ( GEOMETRIC_REPRESENTATION_CONTEXT(2) 
PARAMETRIC_REPRESENTATION_CONTEXT() REPRESENTATION_CONTEXT('2D SPACE',''
  ) );
#11910 = PCURVE('',#10199,#11911);
#11911 = DEFINITIONAL_REPRESENTATION('',(#11912),#11916);
#11912 = LINE('',#11913,#11914);
#11913 = CARTESIAN_POINT('',(0.,0.));
#11914 = VECTOR('',#11915,1.);
#11915 = DIRECTION('',(1.,0.));
#11916 = ( GEOMETRIC_REPRESENTATION_CONTEXT(2) 
PARAMETRIC_REPRESENTATION_CONTEXT() REPRESENTATION_CONTEXT('2D SPACE',''
  ) );
#11917 = ADVANCED_FACE('',(#11918),#4101,.T.);
#11918 = FACE_BOUND('',#11919,.F.);
#11919 = EDGE_LOOP('',(#11920,#11948,#11949,#11973,#11995,#11996));
#11920 = ORIENTED_EDGE('',*,*,#11921,.F.);
#11921 = EDGE_CURVE('',#4063,#11922,#11924,.T.);
#11922 = VERTEX_POINT('',#11923);
#11923 = CARTESIAN_POINT('',(31.8,9.035104422616E-16,2.));
#11924 = SURFACE_CURVE('',#11925,(#11930,#11941),.PCURVE_S1.);
#11925 = CIRCLE('',#11926,30.7);
#11926 = AXIS2_PLACEMENT_3D('',#11927,#11928,#11929);
#11927 = CARTESIAN_POINT('',(1.1,-1.7763568394E-15,2.));
#11928 = DIRECTION('',(-0.,0.,-1.));
#11929 = DIRECTION('',(-1.,3.517258604953E-17,0.));
#11930 = PCURVE('',#4101,#11931);
#11931 = DEFINITIONAL_REPRESENTATION('',(#11932),#11940);
#11932 = ( BOUNDED_CURVE() B_SPLINE_CURVE(2,(#11933,#11934,#11935,#11936
    ,#11937,#11938,#11939),.UNSPECIFIED.,.T.,.F.) 
B_SPLINE_CURVE_WITH_KNOTS((1,2,2,2,2,1),(-2.094395102393,0.,
    2.094395102393,4.188790204786,6.28318530718,8.377580409573),
.UNSPECIFIED.) CURVE() GEOMETRIC_REPRESENTATION_ITEM() 
RATIONAL_B_SPLINE_CURVE((1.,0.5,1.,0.5,1.,0.5,1.)) REPRESENTATION_ITEM(
  '') );
#11933 = CARTESIAN_POINT('',(29.6,-3.011044435362E-15));
#11934 = CARTESIAN_POINT('',(29.6,-53.17395979236));
#11935 = CARTESIAN_POINT('',(-16.45,-26.58697989618));
#11936 = CARTESIAN_POINT('',(-62.5,-7.290980606965E-15));
#11937 = CARTESIAN_POINT('',(-16.45,26.586979896182));
#11938 = CARTESIAN_POINT('',(29.6,53.173959792365));
#11939 = CARTESIAN_POINT('',(29.6,-3.011044435362E-15));
#11940 = ( GEOMETRIC_REPRESENTATION_CONTEXT(2) 
PARAMETRIC_REPRESENTATION_CONTEXT() REPRESENTATION_CONTEXT('2D SPACE',''
  ) );
#11941 = PCURVE('',#8611,#11942);
#11942 = DEFINITIONAL_REPRESENTATION('',(#11943),#11947);
#11943 = LINE('',#11944,#11945);
#11944 = CARTESIAN_POINT('',(0.,0.));
#11945 = VECTOR('',#11946,1.);
#11946 = DIRECTION('',(1.,0.));
#11947 = ( GEOMETRIC_REPRESENTATION_CONTEXT(2) 
PARAMETRIC_REPRESENTATION_CONTEXT() REPRESENTATION_CONTEXT('2D SPACE',''
  ) );
#11948 = ORIENTED_EDGE('',*,*,#4085,.T.);
#11949 = ORIENTED_EDGE('',*,*,#11950,.F.);
#11950 = EDGE_CURVE('',#11951,#4086,#11953,.T.);
#11951 = VERTEX_POINT('',#11952);
#11952 = CARTESIAN_POINT('',(33.2,-7.773651683621E-15,2.));
#11953 = SURFACE_CURVE('',#11954,(#11959,#11966),.PCURVE_S1.);
#11954 = CIRCLE('',#11955,32.1);
#11955 = AXIS2_PLACEMENT_3D('',#11956,#11957,#11958);
#11956 = CARTESIAN_POINT('',(1.1,1.7763568394E-15,2.));
#11957 = DIRECTION('',(0.,0.,1.));
#11958 = DIRECTION('',(1.,-2.975080536767E-16,-0.));
#11959 = PCURVE('',#4101,#11960);
#11960 = DEFINITIONAL_REPRESENTATION('',(#11961),#11965);
#11961 = CIRCLE('',#11962,32.1);
#11962 = AXIS2_PLACEMENT_2D('',#11963,#11964);
#11963 = CARTESIAN_POINT('',(-1.1,-5.483959722442E-15));
#11964 = DIRECTION('',(-1.,2.975080536767E-16));
#11965 = ( GEOMETRIC_REPRESENTATION_CONTEXT(2) 
PARAMETRIC_REPRESENTATION_CONTEXT() REPRESENTATION_CONTEXT('2D SPACE',''
  ) );
#11966 = PCURVE('',#10139,#11967);
#11967 = DEFINITIONAL_REPRESENTATION('',(#11968),#11972);
#11968 = LINE('',#11969,#11970);
#11969 = CARTESIAN_POINT('',(-0.,0.));
#11970 = VECTOR('',#11971,1.);
#11971 = DIRECTION('',(-1.,0.));
#11972 = ( GEOMETRIC_REPRESENTATION_CONTEXT(2) 
PARAMETRIC_REPRESENTATION_CONTEXT() REPRESENTATION_CONTEXT('2D SPACE',''
  ) );
#11973 = ORIENTED_EDGE('',*,*,#11974,.F.);
#11974 = EDGE_CURVE('',#6335,#11951,#11975,.T.);
#11975 = SURFACE_CURVE('',#11976,(#11981,#11988),.PCURVE_S1.);
#11976 = CIRCLE('',#11977,33.2);
#11977 = AXIS2_PLACEMENT_3D('',#11978,#11979,#11980);
#11978 = CARTESIAN_POINT('',(3.552713678801E-15,-3.552713678801E-15,2.)
  );
#11979 = DIRECTION('',(-0.,0.,1.));
#11980 = DIRECTION('',(-1.,4.487612168275E-16,-0.));
#11981 = PCURVE('',#4101,#11982);
#11982 = DEFINITIONAL_REPRESENTATION('',(#11983),#11987);
#11983 = CIRCLE('',#11984,33.2);
#11984 = AXIS2_PLACEMENT_2D('',#11985,#11986);
#11985 = CARTESIAN_POINT('',(-6.360719084657E-15,-1.548892042409E-16));
#11986 = DIRECTION('',(1.,-4.487612168275E-16));
#11987 = ( GEOMETRIC_REPRESENTATION_CONTEXT(2) 
PARAMETRIC_REPRESENTATION_CONTEXT() REPRESENTATION_CONTEXT('2D SPACE',''
  ) );
#11988 = PCURVE('',#10051,#11989);
#11989 = DEFINITIONAL_REPRESENTATION('',(#11990),#11994);
#11990 = LINE('',#11991,#11992);
#11991 = CARTESIAN_POINT('',(-0.,0.));
#11992 = VECTOR('',#11993,1.);
#11993 = DIRECTION('',(-1.,0.));
#11994 = ( GEOMETRIC_REPRESENTATION_CONTEXT(2) 
PARAMETRIC_REPRESENTATION_CONTEXT() REPRESENTATION_CONTEXT('2D SPACE',''
  ) );
#11995 = ORIENTED_EDGE('',*,*,#6362,.T.);
#11996 = ORIENTED_EDGE('',*,*,#11997,.F.);
#11997 = EDGE_CURVE('',#11922,#6363,#11998,.T.);
#11998 = SURFACE_CURVE('',#11999,(#12004,#12015),.PCURVE_S1.);
#11999 = CIRCLE('',#12000,31.8);
#12000 = AXIS2_PLACEMENT_3D('',#12001,#12002,#12003);
#12001 = CARTESIAN_POINT('',(8.881784197001E-16,3.552713678801E-15,2.));
#12002 = DIRECTION('',(0.,0.,-1.));
#12003 = DIRECTION('',(1.,-8.330827787858E-17,-0.));
#12004 = PCURVE('',#4101,#12005);
#12005 = DEFINITIONAL_REPRESENTATION('',(#12006),#12014);
#12006 = ( BOUNDED_CURVE() B_SPLINE_CURVE(2,(#12007,#12008,#12009,#12010
    ,#12011,#12012,#12013),.UNSPECIFIED.,.T.,.F.) 
B_SPLINE_CURVE_WITH_KNOTS((1,2,2,2,2,1),(-2.094395102393,0.,
    2.094395102393,4.188790204786,6.28318530718,8.377580409573),
.UNSPECIFIED.) CURVE() GEOMETRIC_REPRESENTATION_ITEM() 
RATIONAL_B_SPLINE_CURVE((1.,0.5,1.,0.5,1.,0.5,1.)) REPRESENTATION_ITEM(
  '') );
#12007 = CARTESIAN_POINT('',(-31.8,-4.611113325303E-15));
#12008 = CARTESIAN_POINT('',(-31.8,55.07921568069));
#12009 = CARTESIAN_POINT('',(15.9,27.539607840345));
#12010 = CARTESIAN_POINT('',(63.6,-4.769969392343E-15));
#12011 = CARTESIAN_POINT('',(15.9,-27.53960784034));
#12012 = CARTESIAN_POINT('',(-31.8,-55.07921568069));
#12013 = CARTESIAN_POINT('',(-31.8,-4.611113325303E-15));
#12014 = ( GEOMETRIC_REPRESENTATION_CONTEXT(2) 
PARAMETRIC_REPRESENTATION_CONTEXT() REPRESENTATION_CONTEXT('2D SPACE',''
  ) );
#12015 = PCURVE('',#10021,#12016);
#12016 = DEFINITIONAL_REPRESENTATION('',(#12017),#12021);
#12017 = LINE('',#12018,#12019);
#12018 = CARTESIAN_POINT('',(0.,0.));
#12019 = VECTOR('',#12020,1.);
#12020 = DIRECTION('',(1.,0.));
#12021 = ( GEOMETRIC_REPRESENTATION_CONTEXT(2) 
PARAMETRIC_REPRESENTATION_CONTEXT() REPRESENTATION_CONTEXT('2D SPACE',''
  ) );
#12022 = ADVANCED_FACE('',(#12023),#4152,.T.);
#12023 = FACE_BOUND('',#12024,.F.);
#12024 = EDGE_LOOP('',(#12025,#12053,#12054,#12078,#12100,#12101));
#12025 = ORIENTED_EDGE('',*,*,#12026,.F.);
#12026 = EDGE_CURVE('',#4114,#12027,#12029,.T.);
#12027 = VERTEX_POINT('',#12028);
#12028 = CARTESIAN_POINT('',(34.,9.22665552161E-15,2.));
#12029 = SURFACE_CURVE('',#12030,(#12035,#12046),.PCURVE_S1.);
#12030 = CIRCLE('',#12031,32.9);
#12031 = AXIS2_PLACEMENT_3D('',#12032,#12033,#12034);
#12032 = CARTESIAN_POINT('',(1.1,-3.552713678801E-15,2.));
#12033 = DIRECTION('',(-0.,0.,-1.));
#12034 = DIRECTION('',(-1.,1.781232149803E-16,0.));
#12035 = PCURVE('',#4152,#12036);
#12036 = DEFINITIONAL_REPRESENTATION('',(#12037),#12045);
#12037 = ( BOUNDED_CURVE() B_SPLINE_CURVE(2,(#12038,#12039,#12040,#12041
    ,#12042,#12043,#12044),.UNSPECIFIED.,.T.,.F.) 
B_SPLINE_CURVE_WITH_KNOTS((1,2,2,2,2,1),(-2.094395102393,0.,
    2.094395102393,4.188790204786,6.28318530718,8.377580409573),
.UNSPECIFIED.) CURVE() GEOMETRIC_REPRESENTATION_ITEM() 
RATIONAL_B_SPLINE_CURVE((1.,0.5,1.,0.5,1.,0.5,1.)) REPRESENTATION_ITEM(
  '') );
#12038 = CARTESIAN_POINT('',(31.8,-6.015142977092E-15));
#12039 = CARTESIAN_POINT('',(31.8,-56.98447156901));
#12040 = CARTESIAN_POINT('',(-17.55,-28.4922357845));
#12041 = CARTESIAN_POINT('',(-66.9,3.507442403072E-15));
#12042 = CARTESIAN_POINT('',(-17.55,28.492235784508));
#12043 = CARTESIAN_POINT('',(31.8,56.984471569016));
#12044 = CARTESIAN_POINT('',(31.8,-6.015142977092E-15));
#12045 = ( GEOMETRIC_REPRESENTATION_CONTEXT(2) 
PARAMETRIC_REPRESENTATION_CONTEXT() REPRESENTATION_CONTEXT('2D SPACE',''
  ) );
#12046 = PCURVE('',#10105,#12047);
#12047 = DEFINITIONAL_REPRESENTATION('',(#12048),#12052);
#12048 = LINE('',#12049,#12050);
#12049 = CARTESIAN_POINT('',(0.,0.));
#12050 = VECTOR('',#12051,1.);
#12051 = DIRECTION('',(1.,0.));
#12052 = ( GEOMETRIC_REPRESENTATION_CONTEXT(2) 
PARAMETRIC_REPRESENTATION_CONTEXT() REPRESENTATION_CONTEXT('2D SPACE',''
  ) );
#12053 = ORIENTED_EDGE('',*,*,#4136,.T.);
#12054 = ORIENTED_EDGE('',*,*,#12055,.F.);
#12055 = EDGE_CURVE('',#12056,#4137,#12058,.T.);
#12056 = VERTEX_POINT('',#12057);
#12057 = CARTESIAN_POINT('',(35.4,-1.06983338776E-14,2.));
#12058 = SURFACE_CURVE('',#12059,(#12064,#12071),.PCURVE_S1.);
#12059 = CIRCLE('',#12060,34.3);
#12060 = AXIS2_PLACEMENT_3D('',#12061,#12062,#12063);
#12061 = CARTESIAN_POINT('',(1.1,-1.7763568394E-15,2.));
#12062 = DIRECTION('',(0.,0.,1.));
#12063 = DIRECTION('',(1.,-2.601159486355E-16,-0.));
#12064 = PCURVE('',#4152,#12065);
#12065 = DEFINITIONAL_REPRESENTATION('',(#12066),#12070);
#12066 = CIRCLE('',#12067,34.3);
#12067 = AXIS2_PLACEMENT_2D('',#12068,#12069);
#12068 = CARTESIAN_POINT('',(-1.1,-1.931246043641E-15));
#12069 = DIRECTION('',(-1.,2.601159486355E-16));
#12070 = ( GEOMETRIC_REPRESENTATION_CONTEXT(2) 
PARAMETRIC_REPRESENTATION_CONTEXT() REPRESENTATION_CONTEXT('2D SPACE',''
  ) );
#12071 = PCURVE('',#9961,#12072);
#12072 = DEFINITIONAL_REPRESENTATION('',(#12073),#12077);
#12073 = LINE('',#12074,#12075);
#12074 = CARTESIAN_POINT('',(-0.,0.));
#12075 = VECTOR('',#12076,1.);
#12076 = DIRECTION('',(-1.,0.));
#12077 = ( GEOMETRIC_REPRESENTATION_CONTEXT(2) 
PARAMETRIC_REPRESENTATION_CONTEXT() REPRESENTATION_CONTEXT('2D SPACE',''
  ) );
#12078 = ORIENTED_EDGE('',*,*,#12079,.F.);
#12079 = EDGE_CURVE('',#6284,#12056,#12080,.T.);
#12080 = SURFACE_CURVE('',#12081,(#12086,#12093),.PCURVE_S1.);
#12081 = CIRCLE('',#12082,35.4);
#12082 = AXIS2_PLACEMENT_3D('',#12083,#12084,#12085);
#12083 = CARTESIAN_POINT('',(-1.7763568394E-15,1.7763568394E-15,2.));
#12084 = DIRECTION('',(-0.,0.,1.));
#12085 = DIRECTION('',(-1.,2.299277132208E-16,-0.));
#12086 = PCURVE('',#4152,#12087);
#12087 = DEFINITIONAL_REPRESENTATION('',(#12088),#12092);
#12088 = CIRCLE('',#12089,35.4);
#12089 = AXIS2_PLACEMENT_2D('',#12090,#12091);
#12090 = CARTESIAN_POINT('',(-1.031648566456E-15,-5.483959722442E-15));
#12091 = DIRECTION('',(1.,-2.299277132208E-16));
#12092 = ( GEOMETRIC_REPRESENTATION_CONTEXT(2) 
PARAMETRIC_REPRESENTATION_CONTEXT() REPRESENTATION_CONTEXT('2D SPACE',''
  ) );
#12093 = PCURVE('',#9873,#12094);
#12094 = DEFINITIONAL_REPRESENTATION('',(#12095),#12099);
#12095 = LINE('',#12096,#12097);
#12096 = CARTESIAN_POINT('',(-0.,0.));
#12097 = VECTOR('',#12098,1.);
#12098 = DIRECTION('',(-1.,0.));
#12099 = ( GEOMETRIC_REPRESENTATION_CONTEXT(2) 
PARAMETRIC_REPRESENTATION_CONTEXT() REPRESENTATION_CONTEXT('2D SPACE',''
  ) );
#12100 = ORIENTED_EDGE('',*,*,#6311,.T.);
#12101 = ORIENTED_EDGE('',*,*,#12102,.F.);
#12102 = EDGE_CURVE('',#12027,#6312,#12103,.T.);
#12103 = SURFACE_CURVE('',#12104,(#12109,#12120),.PCURVE_S1.);
#12104 = CIRCLE('',#12105,34.);
#12105 = AXIS2_PLACEMENT_3D('',#12106,#12107,#12108);
#12106 = CARTESIAN_POINT('',(3.552713678801E-15,3.552713678801E-15,2.));
#12107 = DIRECTION('',(-0.,0.,-1.));
#12108 = DIRECTION('',(1.,1.668806424356E-16,-0.));
#12109 = PCURVE('',#4152,#12110);
#12110 = DEFINITIONAL_REPRESENTATION('',(#12111),#12119);
#12111 = ( BOUNDED_CURVE() B_SPLINE_CURVE(2,(#12112,#12113,#12114,#12115
    ,#12116,#12117,#12118),.UNSPECIFIED.,.T.,.F.) 
B_SPLINE_CURVE_WITH_KNOTS((1,2,2,2,2,1),(-2.094395102393,0.,
    2.094395102393,4.188790204786,6.28318530718,8.377580409573),
.UNSPECIFIED.) CURVE() GEOMETRIC_REPRESENTATION_ITEM() 
RATIONAL_B_SPLINE_CURVE((1.,0.5,1.,0.5,1.,0.5,1.)) REPRESENTATION_ITEM(
  '') );
#12112 = CARTESIAN_POINT('',(-34.,-1.293425840465E-14));
#12113 = CARTESIAN_POINT('',(-34.,58.889727457342));
#12114 = CARTESIAN_POINT('',(17.,29.444863728671));
#12115 = CARTESIAN_POINT('',(68.,1.241516535798E-14));
#12116 = CARTESIAN_POINT('',(17.,-29.44486372867));
#12117 = CARTESIAN_POINT('',(-34.,-58.88972745734));
#12118 = CARTESIAN_POINT('',(-34.,-1.293425840465E-14));
#12119 = ( GEOMETRIC_REPRESENTATION_CONTEXT(2) 
PARAMETRIC_REPRESENTATION_CONTEXT() REPRESENTATION_CONTEXT('2D SPACE',''
  ) );
#12120 = PCURVE('',#9843,#12121);
#12121 = DEFINITIONAL_REPRESENTATION('',(#12122),#12126);
#12122 = LINE('',#12123,#12124);
#12123 = CARTESIAN_POINT('',(0.,0.));
#12124 = VECTOR('',#12125,1.);
#12125 = DIRECTION('',(1.,0.));
#12126 = ( GEOMETRIC_REPRESENTATION_CONTEXT(2) 
PARAMETRIC_REPRESENTATION_CONTEXT() REPRESENTATION_CONTEXT('2D SPACE',''
  ) );
#12127 = ADVANCED_FACE('',(#12128),#4203,.T.);
#12128 = FACE_BOUND('',#12129,.F.);
#12129 = EDGE_LOOP('',(#12130,#12158,#12159,#12183,#12205,#12206));
#12130 = ORIENTED_EDGE('',*,*,#12131,.F.);
#12131 = EDGE_CURVE('',#4165,#12132,#12134,.T.);
#12132 = VERTEX_POINT('',#12133);
#12133 = CARTESIAN_POINT('',(36.2,7.030823867317E-15,2.));
#12134 = SURFACE_CURVE('',#12135,(#12140,#12151),.PCURVE_S1.);
#12135 = CIRCLE('',#12136,35.1);
#12136 = AXIS2_PLACEMENT_3D('',#12137,#12138,#12139);
#12137 = CARTESIAN_POINT('',(1.1,-1.7763568394E-15,2.));
#12138 = DIRECTION('',(0.,0.,-1.));
#12139 = DIRECTION('',(-1.,-1.284521493365E-16,-0.));
#12140 = PCURVE('',#4203,#12141);
#12141 = DEFINITIONAL_REPRESENTATION('',(#12142),#12150);
#12142 = ( BOUNDED_CURVE() B_SPLINE_CURVE(2,(#12143,#12144,#12145,#12146
    ,#12147,#12148,#12149),.UNSPECIFIED.,.T.,.F.) 
B_SPLINE_CURVE_WITH_KNOTS((1,2,2,2,2,1),(-2.094395102393,0.,
    2.094395102393,4.188790204786,6.28318530718,8.377580409573),
.UNSPECIFIED.) CURVE() GEOMETRIC_REPRESENTATION_ITEM() 
RATIONAL_B_SPLINE_CURVE((1.,0.5,1.,0.5,1.,0.5,1.)) REPRESENTATION_ITEM(
  '') );
#12143 = CARTESIAN_POINT('',(34.,2.577424398069E-15));
#12144 = CARTESIAN_POINT('',(34.,-60.79498334566));
#12145 = CARTESIAN_POINT('',(-18.65,-30.39749167283));
#12146 = CARTESIAN_POINT('',(-71.3,-1.954560745708E-14));
#12147 = CARTESIAN_POINT('',(-18.65,30.397491672834));
#12148 = CARTESIAN_POINT('',(34.,60.794983345668));
#12149 = CARTESIAN_POINT('',(34.,2.577424398069E-15));
#12150 = ( GEOMETRIC_REPRESENTATION_CONTEXT(2) 
PARAMETRIC_REPRESENTATION_CONTEXT() REPRESENTATION_CONTEXT('2D SPACE',''
  ) );
#12151 = PCURVE('',#9927,#12152);
#12152 = DEFINITIONAL_REPRESENTATION('',(#12153),#12157);
#12153 = LINE('',#12154,#12155);
#12154 = CARTESIAN_POINT('',(0.,0.));
#12155 = VECTOR('',#12156,1.);
#12156 = DIRECTION('',(1.,0.));
#12157 = ( GEOMETRIC_REPRESENTATION_CONTEXT(2) 
PARAMETRIC_REPRESENTATION_CONTEXT() REPRESENTATION_CONTEXT('2D SPACE',''
  ) );
#12158 = ORIENTED_EDGE('',*,*,#4187,.T.);
#12159 = ORIENTED_EDGE('',*,*,#12160,.F.);
#12160 = EDGE_CURVE('',#12161,#4188,#12163,.T.);
#12161 = VERTEX_POINT('',#12162);
#12162 = CARTESIAN_POINT('',(37.6,-7.444238514854E-15,2.));
#12163 = SURFACE_CURVE('',#12164,(#12169,#12176),.PCURVE_S1.);
#12164 = CIRCLE('',#12165,36.5);
#12165 = AXIS2_PLACEMENT_3D('',#12166,#12167,#12168);
#12166 = CARTESIAN_POINT('',(1.1,7.105427357601E-15,2.));
#12167 = DIRECTION('',(0.,0.,1.));
#12168 = DIRECTION('',(1.,-3.98620982807E-16,-0.));
#12169 = PCURVE('',#4203,#12170);
#12170 = DEFINITIONAL_REPRESENTATION('',(#12171),#12175);
#12171 = CIRCLE('',#12172,36.5);
#12172 = AXIS2_PLACEMENT_2D('',#12173,#12174);
#12173 = CARTESIAN_POINT('',(-1.1,-1.081303024064E-14));
#12174 = DIRECTION('',(-1.,3.98620982807E-16));
#12175 = ( GEOMETRIC_REPRESENTATION_CONTEXT(2) 
PARAMETRIC_REPRESENTATION_CONTEXT() REPRESENTATION_CONTEXT('2D SPACE',''
  ) );
#12176 = PCURVE('',#9783,#12177);
#12177 = DEFINITIONAL_REPRESENTATION('',(#12178),#12182);
#12178 = LINE('',#12179,#12180);
#12179 = CARTESIAN_POINT('',(-0.,0.));
#12180 = VECTOR('',#12181,1.);
#12181 = DIRECTION('',(-1.,0.));
#12182 = ( GEOMETRIC_REPRESENTATION_CONTEXT(2) 
PARAMETRIC_REPRESENTATION_CONTEXT() REPRESENTATION_CONTEXT('2D SPACE',''
  ) );
#12183 = ORIENTED_EDGE('',*,*,#12184,.F.);
#12184 = EDGE_CURVE('',#6233,#12161,#12185,.T.);
#12185 = SURFACE_CURVE('',#12186,(#12191,#12198),.PCURVE_S1.);
#12186 = CIRCLE('',#12187,37.6);
#12187 = AXIS2_PLACEMENT_3D('',#12188,#12189,#12190);
#12188 = CARTESIAN_POINT('',(-1.7763568394E-15,1.7763568394E-15,2.));
#12189 = DIRECTION('',(-0.,0.,1.));
#12190 = DIRECTION('',(-1.,1.227639199325E-16,-0.));
#12191 = PCURVE('',#4203,#12192);
#12192 = DEFINITIONAL_REPRESENTATION('',(#12193),#12197);
#12193 = CIRCLE('',#12194,37.6);
#12194 = AXIS2_PLACEMENT_2D('',#12195,#12196);
#12195 = CARTESIAN_POINT('',(-1.031648566456E-15,-5.483959722442E-15));
#12196 = DIRECTION('',(1.,-1.227639199325E-16));
#12197 = ( GEOMETRIC_REPRESENTATION_CONTEXT(2) 
PARAMETRIC_REPRESENTATION_CONTEXT() REPRESENTATION_CONTEXT('2D SPACE',''
  ) );
#12198 = PCURVE('',#9695,#12199);
#12199 = DEFINITIONAL_REPRESENTATION('',(#12200),#12204);
#12200 = LINE('',#12201,#12202);
#12201 = CARTESIAN_POINT('',(-0.,0.));
#12202 = VECTOR('',#12203,1.);
#12203 = DIRECTION('',(-1.,0.));
#12204 = ( GEOMETRIC_REPRESENTATION_CONTEXT(2) 
PARAMETRIC_REPRESENTATION_CONTEXT() REPRESENTATION_CONTEXT('2D SPACE',''
  ) );
#12205 = ORIENTED_EDGE('',*,*,#6260,.T.);
#12206 = ORIENTED_EDGE('',*,*,#12207,.F.);
#12207 = EDGE_CURVE('',#12132,#6261,#12208,.T.);
#12208 = SURFACE_CURVE('',#12209,(#12214,#12225),.PCURVE_S1.);
#12209 = CIRCLE('',#12210,36.2);
#12210 = AXIS2_PLACEMENT_3D('',#12211,#12212,#12213);
#12211 = CARTESIAN_POINT('',(-3.552713678801E-15,-5.329070518201E-15,2.)
  );
#12212 = DIRECTION('',(-0.,0.,-1.));
#12213 = DIRECTION('',(1.,3.414335465613E-16,-0.));
#12214 = PCURVE('',#4203,#12215);
#12215 = DEFINITIONAL_REPRESENTATION('',(#12216),#12224);
#12216 = ( BOUNDED_CURVE() B_SPLINE_CURVE(2,(#12217,#12218,#12219,#12220
    ,#12221,#12222,#12223),.UNSPECIFIED.,.T.,.F.) 
B_SPLINE_CURVE_WITH_KNOTS((1,2,2,2,2,1),(-2.094395102393,0.,
    2.094395102393,4.188790204786,6.28318530718,8.377580409573),
.UNSPECIFIED.) CURVE() GEOMETRIC_REPRESENTATION_ITEM() 
RATIONAL_B_SPLINE_CURVE((1.,0.5,1.,0.5,1.,0.5,1.)) REPRESENTATION_ITEM(
  '') );
#12217 = CARTESIAN_POINT('',(-36.2,-1.073842675036E-14));
#12218 = CARTESIAN_POINT('',(-36.2,62.700239233993));
#12219 = CARTESIAN_POINT('',(18.1,31.350119616997));
#12220 = CARTESIAN_POINT('',(72.4,3.520769923202E-14));
#12221 = CARTESIAN_POINT('',(18.1,-31.35011961699));
#12222 = CARTESIAN_POINT('',(-36.2,-62.70023923399));
#12223 = CARTESIAN_POINT('',(-36.2,-1.073842675036E-14));
#12224 = ( GEOMETRIC_REPRESENTATION_CONTEXT(2) 
PARAMETRIC_REPRESENTATION_CONTEXT() REPRESENTATION_CONTEXT('2D SPACE',''
  ) );
#12225 = PCURVE('',#9665,#12226);
#12226 = DEFINITIONAL_REPRESENTATION('',(#12227),#12231);
#12227 = LINE('',#12228,#12229);
#12228 = CARTESIAN_POINT('',(0.,0.));
#12229 = VECTOR('',#12230,1.);
#12230 = DIRECTION('',(1.,0.));
#12231 = ( GEOMETRIC_REPRESENTATION_CONTEXT(2) 
PARAMETRIC_REPRESENTATION_CONTEXT() REPRESENTATION_CONTEXT('2D SPACE',''
  ) );
#12232 = ADVANCED_FACE('',(#12233),#4254,.T.);
#12233 = FACE_BOUND('',#12234,.F.);
#12234 = EDGE_LOOP('',(#12235,#12263,#12264,#12288,#12310,#12311));
#12235 = ORIENTED_EDGE('',*,*,#12236,.F.);
#12236 = EDGE_CURVE('',#4216,#12237,#12239,.T.);
#12237 = VERTEX_POINT('',#12238);
#12238 = CARTESIAN_POINT('',(38.4,1.154989311073E-15,2.));
#12239 = SURFACE_CURVE('',#12240,(#12245,#12256),.PCURVE_S1.);
#12240 = CIRCLE('',#12241,37.3);
#12241 = AXIS2_PLACEMENT_3D('',#12242,#12243,#12244);
#12242 = CARTESIAN_POINT('',(1.1,3.552713678801E-15,2.));
#12243 = DIRECTION('',(0.,0.,-1.));
#12244 = DIRECTION('',(-1.,-2.573423753046E-16,-0.));
#12245 = PCURVE('',#4254,#12246);
#12246 = DEFINITIONAL_REPRESENTATION('',(#12247),#12255);
#12247 = ( BOUNDED_CURVE() B_SPLINE_CURVE(2,(#12248,#12249,#12250,#12251
    ,#12252,#12253,#12254),.UNSPECIFIED.,.T.,.F.) 
B_SPLINE_CURVE_WITH_KNOTS((1,2,2,2,2,1),(-2.094395102393,0.,
    2.094395102393,4.188790204786,6.28318530718,8.377580409573),
.UNSPECIFIED.) CURVE() GEOMETRIC_REPRESENTATION_ITEM() 
RATIONAL_B_SPLINE_CURVE((1.,0.5,1.,0.5,1.,0.5,1.)) REPRESENTATION_ITEM(
  '') );
#12248 = CARTESIAN_POINT('',(36.2,2.338554037018E-15));
#12249 = CARTESIAN_POINT('',(36.2,-64.60549512231));
#12250 = CARTESIAN_POINT('',(-19.75,-32.30274756116));
#12251 = CARTESIAN_POINT('',(-75.7,-3.55939228812E-14));
#12252 = CARTESIAN_POINT('',(-19.75,32.30274756116));
#12253 = CARTESIAN_POINT('',(36.2,64.605495122319));
#12254 = CARTESIAN_POINT('',(36.2,2.338554037018E-15));
#12255 = ( GEOMETRIC_REPRESENTATION_CONTEXT(2) 
PARAMETRIC_REPRESENTATION_CONTEXT() REPRESENTATION_CONTEXT('2D SPACE',''
  ) );
#12256 = PCURVE('',#9749,#12257);
#12257 = DEFINITIONAL_REPRESENTATION('',(#12258),#12262);
#12258 = LINE('',#12259,#12260);
#12259 = CARTESIAN_POINT('',(0.,0.));
#12260 = VECTOR('',#12261,1.);
#12261 = DIRECTION('',(1.,0.));
#12262 = ( GEOMETRIC_REPRESENTATION_CONTEXT(2) 
PARAMETRIC_REPRESENTATION_CONTEXT() REPRESENTATION_CONTEXT('2D SPACE',''
  ) );
#12263 = ORIENTED_EDGE('',*,*,#4238,.T.);
#12264 = ORIENTED_EDGE('',*,*,#12265,.F.);
#12265 = EDGE_CURVE('',#12266,#4239,#12268,.T.);
#12266 = VERTEX_POINT('',#12267);
#12267 = CARTESIAN_POINT('',(39.8,-5.205610794961E-15,2.));
#12268 = SURFACE_CURVE('',#12269,(#12274,#12281),.PCURVE_S1.);
#12269 = CIRCLE('',#12270,38.7);
#12270 = AXIS2_PLACEMENT_3D('',#12271,#12272,#12273);
#12271 = CARTESIAN_POINT('',(1.1,-1.7763568394E-15,2.));
#12272 = DIRECTION('',(0.,0.,1.));
#12273 = DIRECTION('',(1.,-8.861121332198E-17,-0.));
#12274 = PCURVE('',#4254,#12275);
#12275 = DEFINITIONAL_REPRESENTATION('',(#12276),#12280);
#12276 = CIRCLE('',#12277,38.7);
#12277 = AXIS2_PLACEMENT_2D('',#12278,#12279);
#12278 = CARTESIAN_POINT('',(-1.1,-1.931246043641E-15));
#12279 = DIRECTION('',(-1.,8.861121332198E-17));
#12280 = ( GEOMETRIC_REPRESENTATION_CONTEXT(2) 
PARAMETRIC_REPRESENTATION_CONTEXT() REPRESENTATION_CONTEXT('2D SPACE',''
  ) );
#12281 = PCURVE('',#9605,#12282);
#12282 = DEFINITIONAL_REPRESENTATION('',(#12283),#12287);
#12283 = LINE('',#12284,#12285);
#12284 = CARTESIAN_POINT('',(-0.,0.));
#12285 = VECTOR('',#12286,1.);
#12286 = DIRECTION('',(-1.,0.));
#12287 = ( GEOMETRIC_REPRESENTATION_CONTEXT(2) 
PARAMETRIC_REPRESENTATION_CONTEXT() REPRESENTATION_CONTEXT('2D SPACE',''
  ) );
#12288 = ORIENTED_EDGE('',*,*,#12289,.F.);
#12289 = EDGE_CURVE('',#6182,#12266,#12290,.T.);
#12290 = SURFACE_CURVE('',#12291,(#12296,#12303),.PCURVE_S1.);
#12291 = CIRCLE('',#12292,39.8);
#12292 = AXIS2_PLACEMENT_3D('',#12293,#12294,#12295);
#12293 = CARTESIAN_POINT('',(3.552713678801E-15,0.,2.));
#12294 = DIRECTION('',(-0.,0.,1.));
#12295 = DIRECTION('',(-1.,8.329561164686E-18,-0.));
#12296 = PCURVE('',#4254,#12297);
#12297 = DEFINITIONAL_REPRESENTATION('',(#12298),#12302);
#12298 = CIRCLE('',#12299,39.8);
#12299 = AXIS2_PLACEMENT_2D('',#12300,#12301);
#12300 = CARTESIAN_POINT('',(-6.360719084657E-15,-3.707602883041E-15));
#12301 = DIRECTION('',(1.,-8.329561164686E-18));
#12302 = ( GEOMETRIC_REPRESENTATION_CONTEXT(2) 
PARAMETRIC_REPRESENTATION_CONTEXT() REPRESENTATION_CONTEXT('2D SPACE',''
  ) );
#12303 = PCURVE('',#9517,#12304);
#12304 = DEFINITIONAL_REPRESENTATION('',(#12305),#12309);
#12305 = LINE('',#12306,#12307);
#12306 = CARTESIAN_POINT('',(-0.,0.));
#12307 = VECTOR('',#12308,1.);
#12308 = DIRECTION('',(-1.,0.));
#12309 = ( GEOMETRIC_REPRESENTATION_CONTEXT(2) 
PARAMETRIC_REPRESENTATION_CONTEXT() REPRESENTATION_CONTEXT('2D SPACE',''
  ) );
#12310 = ORIENTED_EDGE('',*,*,#6209,.T.);
#12311 = ORIENTED_EDGE('',*,*,#12312,.F.);
#12312 = EDGE_CURVE('',#12237,#6210,#12313,.T.);
#12313 = SURFACE_CURVE('',#12314,(#12319,#12330),.PCURVE_S1.);
#12314 = CIRCLE('',#12315,38.4);
#12315 = AXIS2_PLACEMENT_3D('',#12316,#12317,#12318);
#12316 = CARTESIAN_POINT('',(1.7763568394E-15,5.329070518201E-15,2.));
#12317 = DIRECTION('',(0.,0.,-1.));
#12318 = DIRECTION('',(1.,-1.087000314356E-16,-0.));
#12319 = PCURVE('',#4254,#12320);
#12320 = DEFINITIONAL_REPRESENTATION('',(#12321),#12329);
#12321 = ( BOUNDED_CURVE() B_SPLINE_CURVE(2,(#12322,#12323,#12324,#12325
    ,#12326,#12327,#12328),.UNSPECIFIED.,.T.,.F.) 
B_SPLINE_CURVE_WITH_KNOTS((1,2,2,2,2,1),(-2.094395102393,0.,
    2.094395102393,4.188790204786,6.28318530718,8.377580409573),
.UNSPECIFIED.) CURVE() GEOMETRIC_REPRESENTATION_ITEM() 
RATIONAL_B_SPLINE_CURVE((1.,0.5,1.,0.5,1.,0.5,1.)) REPRESENTATION_ITEM(
  '') );
#12322 = CARTESIAN_POINT('',(-38.4,-4.862592194114E-15));
#12323 = CARTESIAN_POINT('',(-38.4,66.510751010645));
#12324 = CARTESIAN_POINT('',(19.2,33.255375505322));
#12325 = CARTESIAN_POINT('',(76.8,-7.979548398047E-15));
#12326 = CARTESIAN_POINT('',(19.2,-33.25537550532));
#12327 = CARTESIAN_POINT('',(-38.4,-66.51075101064));
#12328 = CARTESIAN_POINT('',(-38.4,-4.862592194114E-15));
#12329 = ( GEOMETRIC_REPRESENTATION_CONTEXT(2) 
PARAMETRIC_REPRESENTATION_CONTEXT() REPRESENTATION_CONTEXT('2D SPACE',''
  ) );
#12330 = PCURVE('',#9487,#12331);
#12331 = DEFINITIONAL_REPRESENTATION('',(#12332),#12336);
#12332 = LINE('',#12333,#12334);
#12333 = CARTESIAN_POINT('',(0.,0.));
#12334 = VECTOR('',#12335,1.);
#12335 = DIRECTION('',(1.,0.));
#12336 = ( GEOMETRIC_REPRESENTATION_CONTEXT(2) 
PARAMETRIC_REPRESENTATION_CONTEXT() REPRESENTATION_CONTEXT('2D SPACE',''
  ) );
#12337 = ADVANCED_FACE('',(#12338),#4305,.T.);
#12338 = FACE_BOUND('',#12339,.F.);
#12339 = EDGE_LOOP('',(#12340,#12368,#12369,#12370,#12394,#12416,#12417,
    #12418));
#12340 = ORIENTED_EDGE('',*,*,#12341,.F.);
#12341 = EDGE_CURVE('',#4267,#12342,#12344,.T.);
#12342 = VERTEX_POINT('',#12343);
#12343 = CARTESIAN_POINT('',(40.6,3.101062387994E-15,2.));
#12344 = SURFACE_CURVE('',#12345,(#12350,#12361),.PCURVE_S1.);
#12345 = CIRCLE('',#12346,39.5);
#12346 = AXIS2_PLACEMENT_3D('',#12347,#12348,#12349);
#12347 = CARTESIAN_POINT('',(1.1,1.7763568394E-15,2.));
#12348 = DIRECTION('',(0.,0.,-1.));
#12349 = DIRECTION('',(-1.,-3.551613792668E-16,-0.));
#12350 = PCURVE('',#4305,#12351);
#12351 = DEFINITIONAL_REPRESENTATION('',(#12352),#12360);
#12352 = ( BOUNDED_CURVE() B_SPLINE_CURVE(2,(#12353,#12354,#12355,#12356
    ,#12357,#12358,#12359),.UNSPECIFIED.,.T.,.F.) 
B_SPLINE_CURVE_WITH_KNOTS((1,2,2,2,2,1),(-2.094395102393,0.,
    2.094395102393,4.188790204786,6.28318530718,8.377580409573),
.UNSPECIFIED.) CURVE() GEOMETRIC_REPRESENTATION_ITEM() 
RATIONAL_B_SPLINE_CURVE((1.,0.5,1.,0.5,1.,0.5,1.)) REPRESENTATION_ITEM(
  '') );
#12353 = CARTESIAN_POINT('',(38.4,8.544914758598E-15));
#12354 = CARTESIAN_POINT('',(38.4,-68.41600689897));
#12355 = CARTESIAN_POINT('',(-20.85,-34.20800344948));
#12356 = CARTESIAN_POINT('',(-80.1,-4.321641839779E-14));
#12357 = CARTESIAN_POINT('',(-20.85,34.208003449485));
#12358 = CARTESIAN_POINT('',(38.4,68.416006898971));
#12359 = CARTESIAN_POINT('',(38.4,8.544914758598E-15));
#12360 = ( GEOMETRIC_REPRESENTATION_CONTEXT(2) 
PARAMETRIC_REPRESENTATION_CONTEXT() REPRESENTATION_CONTEXT('2D SPACE',''
  ) );
#12361 = PCURVE('',#9571,#12362);
#12362 = DEFINITIONAL_REPRESENTATION('',(#12363),#12367);
#12363 = LINE('',#12364,#12365);
#12364 = CARTESIAN_POINT('',(0.,0.));
#12365 = VECTOR('',#12366,1.);
#12366 = DIRECTION('',(1.,0.));
#12367 = ( GEOMETRIC_REPRESENTATION_CONTEXT(2) 
PARAMETRIC_REPRESENTATION_CONTEXT() REPRESENTATION_CONTEXT('2D SPACE',''
  ) );
#12368 = ORIENTED_EDGE('',*,*,#4289,.T.);
#12369 = ORIENTED_EDGE('',*,*,#4343,.T.);
#12370 = ORIENTED_EDGE('',*,*,#12371,.F.);
#12371 = EDGE_CURVE('',#12372,#4344,#12374,.T.);
#12372 = VERTEX_POINT('',#12373);
#12373 = CARTESIAN_POINT('',(42.,-2.428138483443E-15,2.));
#12374 = SURFACE_CURVE('',#12375,(#12380,#12387),.PCURVE_S1.);
#12375 = CIRCLE('',#12376,40.9);
#12376 = AXIS2_PLACEMENT_3D('',#12377,#12378,#12379);
#12377 = CARTESIAN_POINT('',(1.1,-3.552713678801E-15,2.));
#12378 = DIRECTION('',(0.,0.,1.));
#12379 = DIRECTION('',(1.,2.749572604786E-17,-0.));
#12380 = PCURVE('',#4305,#12381);
#12381 = DEFINITIONAL_REPRESENTATION('',(#12382),#12386);
#12382 = CIRCLE('',#12383,40.9);
#12383 = AXIS2_PLACEMENT_2D('',#12384,#12385);
#12384 = CARTESIAN_POINT('',(-1.1,-1.548892042409E-16));
#12385 = DIRECTION('',(-1.,-2.749572604786E-17));
#12386 = ( GEOMETRIC_REPRESENTATION_CONTEXT(2) 
PARAMETRIC_REPRESENTATION_CONTEXT() REPRESENTATION_CONTEXT('2D SPACE',''
  ) );
#12387 = PCURVE('',#9448,#12388);
#12388 = DEFINITIONAL_REPRESENTATION('',(#12389),#12393);
#12389 = LINE('',#12390,#12391);
#12390 = CARTESIAN_POINT('',(-0.,0.));
#12391 = VECTOR('',#12392,1.);
#12392 = DIRECTION('',(-1.,0.));
#12393 = ( GEOMETRIC_REPRESENTATION_CONTEXT(2) 
PARAMETRIC_REPRESENTATION_CONTEXT() REPRESENTATION_CONTEXT('2D SPACE',''
  ) );
#12394 = ORIENTED_EDGE('',*,*,#12395,.F.);
#12395 = EDGE_CURVE('',#6852,#12372,#12396,.T.);
#12396 = SURFACE_CURVE('',#12397,(#12402,#12409),.PCURVE_S1.);
#12397 = CIRCLE('',#12398,42.);
#12398 = AXIS2_PLACEMENT_3D('',#12399,#12400,#12401);
#12399 = CARTESIAN_POINT('',(5.329070518201E-15,-8.881784197001E-15,2.)
  );
#12400 = DIRECTION('',(-0.,0.,1.));
#12401 = DIRECTION('',(-1.,1.679662986601E-16,-0.));
#12402 = PCURVE('',#4305,#12403);
#12403 = DEFINITIONAL_REPRESENTATION('',(#12404),#12408);
#12404 = CIRCLE('',#12405,42.);
#12405 = AXIS2_PLACEMENT_2D('',#12406,#12407);
#12406 = CARTESIAN_POINT('',(-8.137075924057E-15,5.17418131396E-15));
#12407 = DIRECTION('',(1.,-1.679662986601E-16));
#12408 = ( GEOMETRIC_REPRESENTATION_CONTEXT(2) 
PARAMETRIC_REPRESENTATION_CONTEXT() REPRESENTATION_CONTEXT('2D SPACE',''
  ) );
#12409 = PCURVE('',#8434,#12410);
#12410 = DEFINITIONAL_REPRESENTATION('',(#12411),#12415);
#12411 = LINE('',#12412,#12413);
#12412 = CARTESIAN_POINT('',(-0.,0.));
#12413 = VECTOR('',#12414,1.);
#12414 = DIRECTION('',(-1.,0.));
#12415 = ( GEOMETRIC_REPRESENTATION_CONTEXT(2) 
PARAMETRIC_REPRESENTATION_CONTEXT() REPRESENTATION_CONTEXT('2D SPACE',''
  ) );
#12416 = ORIENTED_EDGE('',*,*,#6879,.T.);
#12417 = ORIENTED_EDGE('',*,*,#6158,.T.);
#12418 = ORIENTED_EDGE('',*,*,#12419,.F.);
#12419 = EDGE_CURVE('',#12342,#6159,#12420,.T.);
#12420 = SURFACE_CURVE('',#12421,(#12426,#12437),.PCURVE_S1.);
#12421 = CIRCLE('',#12422,40.6);
#12422 = AXIS2_PLACEMENT_3D('',#12423,#12424,#12425);
#12423 = CARTESIAN_POINT('',(0.,3.552713678801E-15,2.));
#12424 = DIRECTION('',(0.,0.,-1.));
#12425 = DIRECTION('',(1.,-1.112441602971E-17,-0.));
#12426 = PCURVE('',#4305,#12427);
#12427 = DEFINITIONAL_REPRESENTATION('',(#12428),#12436);
#12428 = ( BOUNDED_CURVE() B_SPLINE_CURVE(2,(#12429,#12430,#12431,#12432
    ,#12433,#12434,#12435),.UNSPECIFIED.,.T.,.F.) 
B_SPLINE_CURVE_WITH_KNOTS((1,2,2,2,2,1),(-2.094395102393,0.,
    2.094395102393,4.188790204786,6.28318530718,8.377580409573),
.UNSPECIFIED.) CURVE() GEOMETRIC_REPRESENTATION_ITEM() 
RATIONAL_B_SPLINE_CURVE((1.,0.5,1.,0.5,1.,0.5,1.)) REPRESENTATION_ITEM(
  '') );
#12429 = CARTESIAN_POINT('',(-40.6,-6.808665271036E-15));
#12430 = CARTESIAN_POINT('',(-40.6,70.321262787296));
#12431 = CARTESIAN_POINT('',(20.3,35.160631393648));
#12432 = CARTESIAN_POINT('',(81.2,1.780512865623E-15));
#12433 = CARTESIAN_POINT('',(20.3,-35.16063139364));
#12434 = CARTESIAN_POINT('',(-40.6,-70.32126278729));
#12435 = CARTESIAN_POINT('',(-40.6,-6.808665271036E-15));
#12436 = ( GEOMETRIC_REPRESENTATION_CONTEXT(2) 
PARAMETRIC_REPRESENTATION_CONTEXT() REPRESENTATION_CONTEXT('2D SPACE',''
  ) );
#12437 = PCURVE('',#7907,#12438);
#12438 = DEFINITIONAL_REPRESENTATION('',(#12439),#12443);
#12439 = LINE('',#12440,#12441);
#12440 = CARTESIAN_POINT('',(0.,0.));
#12441 = VECTOR('',#12442,1.);
#12442 = DIRECTION('',(1.,0.));
#12443 = ( GEOMETRIC_REPRESENTATION_CONTEXT(2) 
PARAMETRIC_REPRESENTATION_CONTEXT() REPRESENTATION_CONTEXT('2D SPACE',''
  ) );
#12444 = ADVANCED_FACE('',(#12445),#4382,.T.);
#12445 = FACE_BOUND('',#12446,.F.);
#12446 = EDGE_LOOP('',(#12447,#12473,#12474,#12475));
#12447 = ORIENTED_EDGE('',*,*,#12448,.F.);
#12448 = EDGE_CURVE('',#4344,#4457,#12449,.T.);
#12449 = SURFACE_CURVE('',#12450,(#12455,#12466),.PCURVE_S1.);
#12450 = CIRCLE('',#12451,40.9);
#12451 = AXIS2_PLACEMENT_3D('',#12452,#12453,#12454);
#12452 = CARTESIAN_POINT('',(1.1,-3.552713678801E-15,2.));
#12453 = DIRECTION('',(0.,0.,1.));
#12454 = DIRECTION('',(1.,2.749572604786E-17,-0.));
#12455 = PCURVE('',#4382,#12456);
#12456 = DEFINITIONAL_REPRESENTATION('',(#12457),#12465);
#12457 = ( BOUNDED_CURVE() B_SPLINE_CURVE(2,(#12458,#12459,#12460,#12461
    ,#12462,#12463,#12464),.UNSPECIFIED.,.T.,.F.) 
B_SPLINE_CURVE_WITH_KNOTS((1,2,2,2,2,1),(-2.094395102393,0.,
    2.094395102393,4.188790204786,6.28318530718,8.377580409573),
.UNSPECIFIED.) CURVE() GEOMETRIC_REPRESENTATION_ITEM() 
RATIONAL_B_SPLINE_CURVE((1.,0.5,1.,0.5,1.,0.5,1.)) REPRESENTATION_ITEM(
  '') );
#12458 = CARTESIAN_POINT('',(1.248066958946,21.));
#12459 = CARTESIAN_POINT('',(36.66850597373,-40.35));
#12460 = CARTESIAN_POINT('',(-34.17237205583,-40.35));
#12461 = CARTESIAN_POINT('',(-105.0132500854,-40.35));
#12462 = CARTESIAN_POINT('',(-69.59281107062,21.));
#12463 = CARTESIAN_POINT('',(-34.17237205583,82.35));
#12464 = CARTESIAN_POINT('',(1.248066958946,21.));
#12465 = ( GEOMETRIC_REPRESENTATION_CONTEXT(2) 
PARAMETRIC_REPRESENTATION_CONTEXT() REPRESENTATION_CONTEXT('2D SPACE',''
  ) );
#12466 = PCURVE('',#9448,#12467);
#12467 = DEFINITIONAL_REPRESENTATION('',(#12468),#12472);
#12468 = LINE('',#12469,#12470);
#12469 = CARTESIAN_POINT('',(-0.,0.));
#12470 = VECTOR('',#12471,1.);
#12471 = DIRECTION('',(-1.,0.));
#12472 = ( GEOMETRIC_REPRESENTATION_CONTEXT(2) 
PARAMETRIC_REPRESENTATION_CONTEXT() REPRESENTATION_CONTEXT('2D SPACE',''
  ) );
#12473 = ORIENTED_EDGE('',*,*,#4367,.T.);
#12474 = ORIENTED_EDGE('',*,*,#7974,.F.);
#12475 = ORIENTED_EDGE('',*,*,#4456,.T.);
#12476 = ADVANCED_FACE('',(#12477),#4416,.T.);
#12477 = FACE_BOUND('',#12478,.F.);
#12478 = EDGE_LOOP('',(#12479,#12480));
#12479 = ORIENTED_EDGE('',*,*,#8564,.F.);
#12480 = ORIENTED_EDGE('',*,*,#4399,.T.);
#12481 = ADVANCED_FACE('',(#12482),#4551,.T.);
#12482 = FACE_BOUND('',#12483,.F.);
#12483 = EDGE_LOOP('',(#12484,#12485,#12486,#12508,#12509,#12510));
#12484 = ORIENTED_EDGE('',*,*,#4705,.T.);
#12485 = ORIENTED_EDGE('',*,*,#5116,.T.);
#12486 = ORIENTED_EDGE('',*,*,#12487,.F.);
#12487 = EDGE_CURVE('',#5062,#5117,#12488,.T.);
#12488 = SURFACE_CURVE('',#12489,(#12494,#12501),.PCURVE_S1.);
#12489 = CIRCLE('',#12490,29.6);
#12490 = AXIS2_PLACEMENT_3D('',#12491,#12492,#12493);
#12491 = CARTESIAN_POINT('',(-3.552713678801E-15,-1.7763568394E-15,2.));
#12492 = DIRECTION('',(-0.,0.,-1.));
#12493 = DIRECTION('',(1.,2.851448545394E-16,-0.));
#12494 = PCURVE('',#4551,#12495);
#12495 = DEFINITIONAL_REPRESENTATION('',(#12496),#12500);
#12496 = CIRCLE('',#12497,29.6);
#12497 = AXIS2_PLACEMENT_2D('',#12498,#12499);
#12498 = CARTESIAN_POINT('',(-35.125,-3.552713678801E-15));
#12499 = DIRECTION('',(-0.866025403784,-0.5));
#12500 = ( GEOMETRIC_REPRESENTATION_CONTEXT(2) 
PARAMETRIC_REPRESENTATION_CONTEXT() REPRESENTATION_CONTEXT('2D SPACE',''
  ) );
#12501 = PCURVE('',#10199,#12502);
#12502 = DEFINITIONAL_REPRESENTATION('',(#12503),#12507);
#12503 = LINE('',#12504,#12505);
#12504 = CARTESIAN_POINT('',(0.,0.));
#12505 = VECTOR('',#12506,1.);
#12506 = DIRECTION('',(1.,0.));
#12507 = ( GEOMETRIC_REPRESENTATION_CONTEXT(2) 
PARAMETRIC_REPRESENTATION_CONTEXT() REPRESENTATION_CONTEXT('2D SPACE',''
  ) );
#12508 = ORIENTED_EDGE('',*,*,#5089,.T.);
#12509 = ORIENTED_EDGE('',*,*,#4534,.T.);
#12510 = ORIENTED_EDGE('',*,*,#12511,.F.);
#12511 = EDGE_CURVE('',#4682,#4535,#12512,.T.);
#12512 = SURFACE_CURVE('',#12513,(#12518,#12529),.PCURVE_S1.);
#12513 = CIRCLE('',#12514,28.8);
#12514 = AXIS2_PLACEMENT_3D('',#12515,#12516,#12517);
#12515 = CARTESIAN_POINT('',(-3.552713678801E-15,4.440892098501E-15,2.)
  );
#12516 = DIRECTION('',(0.,-0.,1.));
#12517 = DIRECTION('',(-1.,-1.364504165456E-16,-0.));
#12518 = PCURVE('',#4551,#12519);
#12519 = DEFINITIONAL_REPRESENTATION('',(#12520),#12528);
#12520 = ( BOUNDED_CURVE() B_SPLINE_CURVE(2,(#12521,#12522,#12523,#12524
    ,#12525,#12526,#12527),.UNSPECIFIED.,.T.,.F.) 
B_SPLINE_CURVE_WITH_KNOTS((1,2,2,2,2,1),(-2.094395102393,0.,
    2.094395102393,4.188790204786,6.28318530718,8.377580409573),
.UNSPECIFIED.) CURVE() GEOMETRIC_REPRESENTATION_ITEM() 
RATIONAL_B_SPLINE_CURVE((1.,0.5,1.,0.5,1.,0.5,1.)) REPRESENTATION_ITEM(
  '') );
#12521 = CARTESIAN_POINT('',(-10.183468371,14.4));
#12522 = CARTESIAN_POINT('',(14.758063257984,-28.8));
#12523 = CARTESIAN_POINT('',(-35.125,-28.8));
#12524 = CARTESIAN_POINT('',(-85.00806325798,-28.8));
#12525 = CARTESIAN_POINT('',(-60.06653162899,14.4));
#12526 = CARTESIAN_POINT('',(-35.125,57.6));
#12527 = CARTESIAN_POINT('',(-10.183468371,14.4));
#12528 = ( GEOMETRIC_REPRESENTATION_CONTEXT(2) 
PARAMETRIC_REPRESENTATION_CONTEXT() REPRESENTATION_CONTEXT('2D SPACE',''
  ) );
#12529 = PCURVE('',#8710,#12530);
#12530 = DEFINITIONAL_REPRESENTATION('',(#12531),#12535);
#12531 = LINE('',#12532,#12533);
#12532 = CARTESIAN_POINT('',(-0.,0.));
#12533 = VECTOR('',#12534,1.);
#12534 = DIRECTION('',(-1.,0.));
#12535 = ( GEOMETRIC_REPRESENTATION_CONTEXT(2) 
PARAMETRIC_REPRESENTATION_CONTEXT() REPRESENTATION_CONTEXT('2D SPACE',''
  ) );
#12536 = ADVANCED_FACE('',(#12537),#4584,.T.);
#12537 = FACE_BOUND('',#12538,.F.);
#12538 = EDGE_LOOP('',(#12539,#12565,#12566,#12588));
#12539 = ORIENTED_EDGE('',*,*,#12540,.F.);
#12540 = EDGE_CURVE('',#7044,#4568,#12541,.T.);
#12541 = SURFACE_CURVE('',#12542,(#12547,#12558),.PCURVE_S1.);
#12542 = CIRCLE('',#12543,27.4);
#12543 = AXIS2_PLACEMENT_3D('',#12544,#12545,#12546);
#12544 = CARTESIAN_POINT('',(3.552713678801E-15,3.552713678801E-15,2.));
#12545 = DIRECTION('',(0.,0.,-1.));
#12546 = DIRECTION('',(1.,-7.957102907278E-17,-0.));
#12547 = PCURVE('',#4584,#12548);
#12548 = DEFINITIONAL_REPRESENTATION('',(#12549),#12557);
#12549 = ( BOUNDED_CURVE() B_SPLINE_CURVE(2,(#12550,#12551,#12552,#12553
    ,#12554,#12555,#12556),.UNSPECIFIED.,.T.,.F.) 
B_SPLINE_CURVE_WITH_KNOTS((1,2,2,2,2,1),(-2.094395102393,0.,
    2.094395102393,4.188790204786,6.28318530718,8.377580409573),
.UNSPECIFIED.) CURVE() GEOMETRIC_REPRESENTATION_ITEM() 
RATIONAL_B_SPLINE_CURVE((1.,0.5,1.,0.5,1.,0.5,1.)) REPRESENTATION_ITEM(
  '') );
#12550 = CARTESIAN_POINT('',(-27.4,-5.080070365248E-15));
#12551 = CARTESIAN_POINT('',(-27.4,47.458192127387));
#12552 = CARTESIAN_POINT('',(13.7,23.729096063694));
#12553 = CARTESIAN_POINT('',(54.8,-4.909744495703E-15));
#12554 = CARTESIAN_POINT('',(13.7,-23.72909606369));
#12555 = CARTESIAN_POINT('',(-27.4,-47.45819212738));
#12556 = CARTESIAN_POINT('',(-27.4,-5.080070365248E-15));
#12557 = ( GEOMETRIC_REPRESENTATION_CONTEXT(2) 
PARAMETRIC_REPRESENTATION_CONTEXT() REPRESENTATION_CONTEXT('2D SPACE',''
  ) );
#12558 = PCURVE('',#8680,#12559);
#12559 = DEFINITIONAL_REPRESENTATION('',(#12560),#12564);
#12560 = LINE('',#12561,#12562);
#12561 = CARTESIAN_POINT('',(0.,0.));
#12562 = VECTOR('',#12563,1.);
#12563 = DIRECTION('',(1.,0.));
#12564 = ( GEOMETRIC_REPRESENTATION_CONTEXT(2) 
PARAMETRIC_REPRESENTATION_CONTEXT() REPRESENTATION_CONTEXT('2D SPACE',''
  ) );
#12565 = ORIENTED_EDGE('',*,*,#7071,.T.);
#12566 = ORIENTED_EDGE('',*,*,#12567,.F.);
#12567 = EDGE_CURVE('',#4535,#7072,#12568,.T.);
#12568 = SURFACE_CURVE('',#12569,(#12574,#12581),.PCURVE_S1.);
#12569 = CIRCLE('',#12570,28.8);
#12570 = AXIS2_PLACEMENT_3D('',#12571,#12572,#12573);
#12571 = CARTESIAN_POINT('',(-3.552713678801E-15,4.440892098501E-15,2.)
  );
#12572 = DIRECTION('',(0.,-0.,1.));
#12573 = DIRECTION('',(-1.,-1.364504165456E-16,-0.));
#12574 = PCURVE('',#4584,#12575);
#12575 = DEFINITIONAL_REPRESENTATION('',(#12576),#12580);
#12576 = CIRCLE('',#12577,28.8);
#12577 = AXIS2_PLACEMENT_2D('',#12578,#12579);
#12578 = CARTESIAN_POINT('',(7.447082729441E-16,-8.148494981542E-15));
#12579 = DIRECTION('',(1.,1.364504165456E-16));
#12580 = ( GEOMETRIC_REPRESENTATION_CONTEXT(2) 
PARAMETRIC_REPRESENTATION_CONTEXT() REPRESENTATION_CONTEXT('2D SPACE',''
  ) );
#12581 = PCURVE('',#8710,#12582);
#12582 = DEFINITIONAL_REPRESENTATION('',(#12583),#12587);
#12583 = LINE('',#12584,#12585);
#12584 = CARTESIAN_POINT('',(-0.,0.));
#12585 = VECTOR('',#12586,1.);
#12586 = DIRECTION('',(-1.,0.));
#12587 = ( GEOMETRIC_REPRESENTATION_CONTEXT(2) 
PARAMETRIC_REPRESENTATION_CONTEXT() REPRESENTATION_CONTEXT('2D SPACE',''
  ) );
#12588 = ORIENTED_EDGE('',*,*,#4567,.T.);
#12589 = ADVANCED_FACE('',(#12590),#4613,.T.);
#12590 = FACE_BOUND('',#12591,.F.);
#12591 = EDGE_LOOP('',(#12592,#12593,#12615,#12616));
#12592 = ORIENTED_EDGE('',*,*,#4653,.T.);
#12593 = ORIENTED_EDGE('',*,*,#12594,.F.);
#12594 = EDGE_CURVE('',#4568,#4654,#12595,.T.);
#12595 = SURFACE_CURVE('',#12596,(#12601,#12608),.PCURVE_S1.);
#12596 = CIRCLE('',#12597,27.4);
#12597 = AXIS2_PLACEMENT_3D('',#12598,#12599,#12600);
#12598 = CARTESIAN_POINT('',(3.552713678801E-15,3.552713678801E-15,2.));
#12599 = DIRECTION('',(0.,0.,-1.));
#12600 = DIRECTION('',(1.,-7.957102907278E-17,-0.));
#12601 = PCURVE('',#4613,#12602);
#12602 = DEFINITIONAL_REPRESENTATION('',(#12603),#12607);
#12603 = CIRCLE('',#12604,27.4);
#12604 = AXIS2_PLACEMENT_2D('',#12605,#12606);
#12605 = CARTESIAN_POINT('',(-35.125,0.));
#12606 = DIRECTION('',(-0.866025403784,-0.5));
#12607 = ( GEOMETRIC_REPRESENTATION_CONTEXT(2) 
PARAMETRIC_REPRESENTATION_CONTEXT() REPRESENTATION_CONTEXT('2D SPACE',''
  ) );
#12608 = PCURVE('',#8680,#12609);
#12609 = DEFINITIONAL_REPRESENTATION('',(#12610),#12614);
#12610 = LINE('',#12611,#12612);
#12611 = CARTESIAN_POINT('',(0.,0.));
#12612 = VECTOR('',#12613,1.);
#12613 = DIRECTION('',(1.,0.));
#12614 = ( GEOMETRIC_REPRESENTATION_CONTEXT(2) 
PARAMETRIC_REPRESENTATION_CONTEXT() REPRESENTATION_CONTEXT('2D SPACE',''
  ) );
#12615 = ORIENTED_EDGE('',*,*,#4596,.T.);
#12616 = ORIENTED_EDGE('',*,*,#12617,.F.);
#12617 = EDGE_CURVE('',#4630,#4597,#12618,.T.);
#12618 = SURFACE_CURVE('',#12619,(#12624,#12635),.PCURVE_S1.);
#12619 = CIRCLE('',#12620,26.6);
#12620 = AXIS2_PLACEMENT_3D('',#12621,#12622,#12623);
#12621 = CARTESIAN_POINT('',(2.6645352591E-15,-8.881784197001E-16,2.));
#12622 = DIRECTION('',(0.,-0.,1.));
#12623 = DIRECTION('',(-1.,-2.8095161389E-18,-0.));
#12624 = PCURVE('',#4613,#12625);
#12625 = DEFINITIONAL_REPRESENTATION('',(#12626),#12634);
#12626 = ( BOUNDED_CURVE() B_SPLINE_CURVE(2,(#12627,#12628,#12629,#12630
    ,#12631,#12632,#12633),.UNSPECIFIED.,.T.,.F.) 
B_SPLINE_CURVE_WITH_KNOTS((1,2,2,2,2,1),(-2.094395102393,0.,
    2.094395102393,4.188790204786,6.28318530718,8.377580409573),
.UNSPECIFIED.) CURVE() GEOMETRIC_REPRESENTATION_ITEM() 
RATIONAL_B_SPLINE_CURVE((1.,0.5,1.,0.5,1.,0.5,1.)) REPRESENTATION_ITEM(
  '') );
#12627 = CARTESIAN_POINT('',(-12.08872425933,13.3));
#12628 = CARTESIAN_POINT('',(10.947551481332,-26.6));
#12629 = CARTESIAN_POINT('',(-35.125,-26.6));
#12630 = CARTESIAN_POINT('',(-81.19755148133,-26.6));
#12631 = CARTESIAN_POINT('',(-58.16127574066,13.3));
#12632 = CARTESIAN_POINT('',(-35.125,53.2));
#12633 = CARTESIAN_POINT('',(-12.08872425933,13.3));
#12634 = ( GEOMETRIC_REPRESENTATION_CONTEXT(2) 
PARAMETRIC_REPRESENTATION_CONTEXT() REPRESENTATION_CONTEXT('2D SPACE',''
  ) );
#12635 = PCURVE('',#9054,#12636);
#12636 = DEFINITIONAL_REPRESENTATION('',(#12637),#12641);
#12637 = LINE('',#12638,#12639);
#12638 = CARTESIAN_POINT('',(-0.,0.));
#12639 = VECTOR('',#12640,1.);
#12640 = DIRECTION('',(-1.,0.));
#12641 = ( GEOMETRIC_REPRESENTATION_CONTEXT(2) 
PARAMETRIC_REPRESENTATION_CONTEXT() REPRESENTATION_CONTEXT('2D SPACE',''
  ) );
#12642 = ADVANCED_FACE('',(#12643),#4797,.T.);
#12643 = FACE_BOUND('',#12644,.F.);
#12644 = EDGE_LOOP('',(#12645,#12671,#12672,#12673,#12695,#12696));
#12645 = ORIENTED_EDGE('',*,*,#12646,.F.);
#12646 = EDGE_CURVE('',#7707,#4782,#12647,.T.);
#12647 = SURFACE_CURVE('',#12648,(#12653,#12664),.PCURVE_S1.);
#12648 = CIRCLE('',#12649,40.6);
#12649 = AXIS2_PLACEMENT_3D('',#12650,#12651,#12652);
#12650 = CARTESIAN_POINT('',(0.,3.552713678801E-15,2.));
#12651 = DIRECTION('',(0.,0.,-1.));
#12652 = DIRECTION('',(1.,-1.112441602971E-17,-0.));
#12653 = PCURVE('',#4797,#12654);
#12654 = DEFINITIONAL_REPRESENTATION('',(#12655),#12663);
#12655 = ( BOUNDED_CURVE() B_SPLINE_CURVE(2,(#12656,#12657,#12658,#12659
    ,#12660,#12661,#12662),.UNSPECIFIED.,.T.,.F.) 
B_SPLINE_CURVE_WITH_KNOTS((1,2,2,2,2,1),(-2.094395102393,0.,
    2.094395102393,4.188790204786,6.28318530718,8.377580409573),
.UNSPECIFIED.) CURVE() GEOMETRIC_REPRESENTATION_ITEM() 
RATIONAL_B_SPLINE_CURVE((1.,0.5,1.,0.5,1.,0.5,1.)) REPRESENTATION_ITEM(
  '') );
#12656 = CARTESIAN_POINT('',(-40.6,-6.808665271036E-15));
#12657 = CARTESIAN_POINT('',(-40.6,70.321262787296));
#12658 = CARTESIAN_POINT('',(20.3,35.160631393648));
#12659 = CARTESIAN_POINT('',(81.2,1.780512865623E-15));
#12660 = CARTESIAN_POINT('',(20.3,-35.16063139364));
#12661 = CARTESIAN_POINT('',(-40.6,-70.32126278729));
#12662 = CARTESIAN_POINT('',(-40.6,-6.808665271036E-15));
#12663 = ( GEOMETRIC_REPRESENTATION_CONTEXT(2) 
PARAMETRIC_REPRESENTATION_CONTEXT() REPRESENTATION_CONTEXT('2D SPACE',''
  ) );
#12664 = PCURVE('',#7907,#12665);
#12665 = DEFINITIONAL_REPRESENTATION('',(#12666),#12670);
#12666 = LINE('',#12667,#12668);
#12667 = CARTESIAN_POINT('',(0.,0.));
#12668 = VECTOR('',#12669,1.);
#12669 = DIRECTION('',(1.,0.));
#12670 = ( GEOMETRIC_REPRESENTATION_CONTEXT(2) 
PARAMETRIC_REPRESENTATION_CONTEXT() REPRESENTATION_CONTEXT('2D SPACE',''
  ) );
#12671 = ORIENTED_EDGE('',*,*,#7729,.T.);
#12672 = ORIENTED_EDGE('',*,*,#7778,.T.);
#12673 = ORIENTED_EDGE('',*,*,#12674,.F.);
#12674 = EDGE_CURVE('',#5475,#7779,#12675,.T.);
#12675 = SURFACE_CURVE('',#12676,(#12681,#12688),.PCURVE_S1.);
#12676 = CIRCLE('',#12677,42.);
#12677 = AXIS2_PLACEMENT_3D('',#12678,#12679,#12680);
#12678 = CARTESIAN_POINT('',(5.329070518201E-15,-8.881784197001E-15,2.)
  );
#12679 = DIRECTION('',(-0.,0.,1.));
#12680 = DIRECTION('',(-1.,1.679662986601E-16,-0.));
#12681 = PCURVE('',#4797,#12682);
#12682 = DEFINITIONAL_REPRESENTATION('',(#12683),#12687);
#12683 = CIRCLE('',#12684,42.);
#12684 = AXIS2_PLACEMENT_2D('',#12685,#12686);
#12685 = CARTESIAN_POINT('',(-8.137075924057E-15,5.17418131396E-15));
#12686 = DIRECTION('',(1.,-1.679662986601E-16));
#12687 = ( GEOMETRIC_REPRESENTATION_CONTEXT(2) 
PARAMETRIC_REPRESENTATION_CONTEXT() REPRESENTATION_CONTEXT('2D SPACE',''
  ) );
#12688 = PCURVE('',#8434,#12689);
#12689 = DEFINITIONAL_REPRESENTATION('',(#12690),#12694);
#12690 = LINE('',#12691,#12692);
#12691 = CARTESIAN_POINT('',(-0.,0.));
#12692 = VECTOR('',#12693,1.);
#12693 = DIRECTION('',(-1.,0.));
#12694 = ( GEOMETRIC_REPRESENTATION_CONTEXT(2) 
PARAMETRIC_REPRESENTATION_CONTEXT() REPRESENTATION_CONTEXT('2D SPACE',''
  ) );
#12695 = ORIENTED_EDGE('',*,*,#5502,.T.);
#12696 = ORIENTED_EDGE('',*,*,#4781,.T.);
#12697 = ADVANCED_FACE('',(#12698),#4825,.T.);
#12698 = FACE_BOUND('',#12699,.F.);
#12699 = EDGE_LOOP('',(#12700,#12726,#12727,#12749));
#12700 = ORIENTED_EDGE('',*,*,#12701,.F.);
#12701 = EDGE_CURVE('',#5324,#4810,#12702,.T.);
#12702 = SURFACE_CURVE('',#12703,(#12708,#12719),.PCURVE_S1.);
#12703 = CIRCLE('',#12704,39.8);
#12704 = AXIS2_PLACEMENT_3D('',#12705,#12706,#12707);
#12705 = CARTESIAN_POINT('',(3.552713678801E-15,0.,2.));
#12706 = DIRECTION('',(-0.,0.,1.));
#12707 = DIRECTION('',(-1.,8.329561164686E-18,-0.));
#12708 = PCURVE('',#4825,#12709);
#12709 = DEFINITIONAL_REPRESENTATION('',(#12710),#12718);
#12710 = ( BOUNDED_CURVE() B_SPLINE_CURVE(2,(#12711,#12712,#12713,#12714
    ,#12715,#12716,#12717),.UNSPECIFIED.,.T.,.F.) 
B_SPLINE_CURVE_WITH_KNOTS((1,2,2,2,2,1),(-2.094395102393,0.,
    2.094395102393,4.188790204786,6.28318530718,8.377580409573),
.UNSPECIFIED.) CURVE() GEOMETRIC_REPRESENTATION_ITEM() 
RATIONAL_B_SPLINE_CURVE((1.,0.5,1.,0.5,1.,0.5,1.)) REPRESENTATION_ITEM(
  '') );
#12711 = CARTESIAN_POINT('',(-0.657188929379,19.9));
#12712 = CARTESIAN_POINT('',(33.810622141241,-39.8));
#12713 = CARTESIAN_POINT('',(-35.125,-39.8));
#12714 = CARTESIAN_POINT('',(-104.0606221412,-39.8));
#12715 = CARTESIAN_POINT('',(-69.59281107062,19.9));
#12716 = CARTESIAN_POINT('',(-35.125,79.6));
#12717 = CARTESIAN_POINT('',(-0.657188929379,19.9));
#12718 = ( GEOMETRIC_REPRESENTATION_CONTEXT(2) 
PARAMETRIC_REPRESENTATION_CONTEXT() REPRESENTATION_CONTEXT('2D SPACE',''
  ) );
#12719 = PCURVE('',#9517,#12720);
#12720 = DEFINITIONAL_REPRESENTATION('',(#12721),#12725);
#12721 = LINE('',#12722,#12723);
#12722 = CARTESIAN_POINT('',(-0.,0.));
#12723 = VECTOR('',#12724,1.);
#12724 = DIRECTION('',(-1.,0.));
#12725 = ( GEOMETRIC_REPRESENTATION_CONTEXT(2) 
PARAMETRIC_REPRESENTATION_CONTEXT() REPRESENTATION_CONTEXT('2D SPACE',''
  ) );
#12726 = ORIENTED_EDGE('',*,*,#5346,.T.);
#12727 = ORIENTED_EDGE('',*,*,#12728,.F.);
#12728 = EDGE_CURVE('',#4782,#5347,#12729,.T.);
#12729 = SURFACE_CURVE('',#12730,(#12735,#12742),.PCURVE_S1.);
#12730 = CIRCLE('',#12731,40.6);
#12731 = AXIS2_PLACEMENT_3D('',#12732,#12733,#12734);
#12732 = CARTESIAN_POINT('',(0.,3.552713678801E-15,2.));
#12733 = DIRECTION('',(0.,0.,-1.));
#12734 = DIRECTION('',(1.,-1.112441602971E-17,-0.));
#12735 = PCURVE('',#4825,#12736);
#12736 = DEFINITIONAL_REPRESENTATION('',(#12737),#12741);
#12737 = CIRCLE('',#12738,40.6);
#12738 = AXIS2_PLACEMENT_2D('',#12739,#12740);
#12739 = CARTESIAN_POINT('',(-35.125,1.7763568394E-15));
#12740 = DIRECTION('',(-0.866025403784,-0.5));
#12741 = ( GEOMETRIC_REPRESENTATION_CONTEXT(2) 
PARAMETRIC_REPRESENTATION_CONTEXT() REPRESENTATION_CONTEXT('2D SPACE',''
  ) );
#12742 = PCURVE('',#7907,#12743);
#12743 = DEFINITIONAL_REPRESENTATION('',(#12744),#12748);
#12744 = LINE('',#12745,#12746);
#12745 = CARTESIAN_POINT('',(0.,0.));
#12746 = VECTOR('',#12747,1.);
#12747 = DIRECTION('',(1.,0.));
#12748 = ( GEOMETRIC_REPRESENTATION_CONTEXT(2) 
PARAMETRIC_REPRESENTATION_CONTEXT() REPRESENTATION_CONTEXT('2D SPACE',''
  ) );
#12749 = ORIENTED_EDGE('',*,*,#4809,.T.);
#12750 = ADVANCED_FACE('',(#12751),#4853,.T.);
#12751 = FACE_BOUND('',#12752,.F.);
#12752 = EDGE_LOOP('',(#12753,#12779,#12780,#12802));
#12753 = ORIENTED_EDGE('',*,*,#12754,.F.);
#12754 = EDGE_CURVE('',#7661,#4838,#12755,.T.);
#12755 = SURFACE_CURVE('',#12756,(#12761,#12772),.PCURVE_S1.);
#12756 = CIRCLE('',#12757,38.4);
#12757 = AXIS2_PLACEMENT_3D('',#12758,#12759,#12760);
#12758 = CARTESIAN_POINT('',(1.7763568394E-15,5.329070518201E-15,2.));
#12759 = DIRECTION('',(0.,0.,-1.));
#12760 = DIRECTION('',(1.,-1.087000314356E-16,-0.));
#12761 = PCURVE('',#4853,#12762);
#12762 = DEFINITIONAL_REPRESENTATION('',(#12763),#12771);
#12763 = ( BOUNDED_CURVE() B_SPLINE_CURVE(2,(#12764,#12765,#12766,#12767
    ,#12768,#12769,#12770),.UNSPECIFIED.,.T.,.F.) 
B_SPLINE_CURVE_WITH_KNOTS((1,2,2,2,2,1),(-2.094395102393,0.,
    2.094395102393,4.188790204786,6.28318530718,8.377580409573),
.UNSPECIFIED.) CURVE() GEOMETRIC_REPRESENTATION_ITEM() 
RATIONAL_B_SPLINE_CURVE((1.,0.5,1.,0.5,1.,0.5,1.)) REPRESENTATION_ITEM(
  '') );
#12764 = CARTESIAN_POINT('',(-38.4,-4.862592194114E-15));
#12765 = CARTESIAN_POINT('',(-38.4,66.510751010645));
#12766 = CARTESIAN_POINT('',(19.2,33.255375505322));
#12767 = CARTESIAN_POINT('',(76.8,-7.979548398047E-15));
#12768 = CARTESIAN_POINT('',(19.2,-33.25537550532));
#12769 = CARTESIAN_POINT('',(-38.4,-66.51075101064));
#12770 = CARTESIAN_POINT('',(-38.4,-4.862592194114E-15));
#12771 = ( GEOMETRIC_REPRESENTATION_CONTEXT(2) 
PARAMETRIC_REPRESENTATION_CONTEXT() REPRESENTATION_CONTEXT('2D SPACE',''
  ) );
#12772 = PCURVE('',#9487,#12773);
#12773 = DEFINITIONAL_REPRESENTATION('',(#12774),#12778);
#12774 = LINE('',#12775,#12776);
#12775 = CARTESIAN_POINT('',(0.,0.));
#12776 = VECTOR('',#12777,1.);
#12777 = DIRECTION('',(1.,0.));
#12778 = ( GEOMETRIC_REPRESENTATION_CONTEXT(2) 
PARAMETRIC_REPRESENTATION_CONTEXT() REPRESENTATION_CONTEXT('2D SPACE',''
  ) );
#12779 = ORIENTED_EDGE('',*,*,#7683,.T.);
#12780 = ORIENTED_EDGE('',*,*,#12781,.F.);
#12781 = EDGE_CURVE('',#4810,#7684,#12782,.T.);
#12782 = SURFACE_CURVE('',#12783,(#12788,#12795),.PCURVE_S1.);
#12783 = CIRCLE('',#12784,39.8);
#12784 = AXIS2_PLACEMENT_3D('',#12785,#12786,#12787);
#12785 = CARTESIAN_POINT('',(3.552713678801E-15,0.,2.));
#12786 = DIRECTION('',(-0.,0.,1.));
#12787 = DIRECTION('',(-1.,8.329561164686E-18,-0.));
#12788 = PCURVE('',#4853,#12789);
#12789 = DEFINITIONAL_REPRESENTATION('',(#12790),#12794);
#12790 = CIRCLE('',#12791,39.8);
#12791 = AXIS2_PLACEMENT_2D('',#12792,#12793);
#12792 = CARTESIAN_POINT('',(-6.360719084657E-15,-3.707602883041E-15));
#12793 = DIRECTION('',(1.,-8.329561164686E-18));
#12794 = ( GEOMETRIC_REPRESENTATION_CONTEXT(2) 
PARAMETRIC_REPRESENTATION_CONTEXT() REPRESENTATION_CONTEXT('2D SPACE',''
  ) );
#12795 = PCURVE('',#9517,#12796);
#12796 = DEFINITIONAL_REPRESENTATION('',(#12797),#12801);
#12797 = LINE('',#12798,#12799);
#12798 = CARTESIAN_POINT('',(-0.,0.));
#12799 = VECTOR('',#12800,1.);
#12800 = DIRECTION('',(-1.,0.));
#12801 = ( GEOMETRIC_REPRESENTATION_CONTEXT(2) 
PARAMETRIC_REPRESENTATION_CONTEXT() REPRESENTATION_CONTEXT('2D SPACE',''
  ) );
#12802 = ORIENTED_EDGE('',*,*,#4837,.T.);
#12803 = ADVANCED_FACE('',(#12804),#4881,.T.);
#12804 = FACE_BOUND('',#12805,.F.);
#12805 = EDGE_LOOP('',(#12806,#12832,#12833,#12855));
#12806 = ORIENTED_EDGE('',*,*,#12807,.F.);
#12807 = EDGE_CURVE('',#5278,#4866,#12808,.T.);
#12808 = SURFACE_CURVE('',#12809,(#12814,#12825),.PCURVE_S1.);
#12809 = CIRCLE('',#12810,37.6);
#12810 = AXIS2_PLACEMENT_3D('',#12811,#12812,#12813);
#12811 = CARTESIAN_POINT('',(-1.7763568394E-15,1.7763568394E-15,2.));
#12812 = DIRECTION('',(-0.,0.,1.));
#12813 = DIRECTION('',(-1.,1.227639199325E-16,-0.));
#12814 = PCURVE('',#4881,#12815);
#12815 = DEFINITIONAL_REPRESENTATION('',(#12816),#12824);
#12816 = ( BOUNDED_CURVE() B_SPLINE_CURVE(2,(#12817,#12818,#12819,#12820
    ,#12821,#12822,#12823),.UNSPECIFIED.,.T.,.F.) 
B_SPLINE_CURVE_WITH_KNOTS((1,2,2,2,2,1),(-2.094395102393,0.,
    2.094395102393,4.188790204786,6.28318530718,8.377580409573),
.UNSPECIFIED.) CURVE() GEOMETRIC_REPRESENTATION_ITEM() 
RATIONAL_B_SPLINE_CURVE((1.,0.5,1.,0.5,1.,0.5,1.)) REPRESENTATION_ITEM(
  '') );
#12817 = CARTESIAN_POINT('',(-2.562444817705,18.8));
#12818 = CARTESIAN_POINT('',(30.00011036459,-37.6));
#12819 = CARTESIAN_POINT('',(-35.125,-37.6));
#12820 = CARTESIAN_POINT('',(-100.2501103645,-37.6));
#12821 = CARTESIAN_POINT('',(-67.68755518229,18.8));
#12822 = CARTESIAN_POINT('',(-35.125,75.2));
#12823 = CARTESIAN_POINT('',(-2.562444817705,18.8));
#12824 = ( GEOMETRIC_REPRESENTATION_CONTEXT(2) 
PARAMETRIC_REPRESENTATION_CONTEXT() REPRESENTATION_CONTEXT('2D SPACE',''
  ) );
#12825 = PCURVE('',#9695,#12826);
#12826 = DEFINITIONAL_REPRESENTATION('',(#12827),#12831);
#12827 = LINE('',#12828,#12829);
#12828 = CARTESIAN_POINT('',(-0.,0.));
#12829 = VECTOR('',#12830,1.);
#12830 = DIRECTION('',(-1.,0.));
#12831 = ( GEOMETRIC_REPRESENTATION_CONTEXT(2) 
PARAMETRIC_REPRESENTATION_CONTEXT() REPRESENTATION_CONTEXT('2D SPACE',''
  ) );
#12832 = ORIENTED_EDGE('',*,*,#5300,.T.);
#12833 = ORIENTED_EDGE('',*,*,#12834,.F.);
#12834 = EDGE_CURVE('',#4838,#5301,#12835,.T.);
#12835 = SURFACE_CURVE('',#12836,(#12841,#12848),.PCURVE_S1.);
#12836 = CIRCLE('',#12837,38.4);
#12837 = AXIS2_PLACEMENT_3D('',#12838,#12839,#12840);
#12838 = CARTESIAN_POINT('',(1.7763568394E-15,5.329070518201E-15,2.));
#12839 = DIRECTION('',(0.,0.,-1.));
#12840 = DIRECTION('',(1.,-1.087000314356E-16,-0.));
#12841 = PCURVE('',#4881,#12842);
#12842 = DEFINITIONAL_REPRESENTATION('',(#12843),#12847);
#12843 = CIRCLE('',#12844,38.4);
#12844 = AXIS2_PLACEMENT_2D('',#12845,#12846);
#12845 = CARTESIAN_POINT('',(-35.125,0.));
#12846 = DIRECTION('',(-0.866025403784,-0.5));
#12847 = ( GEOMETRIC_REPRESENTATION_CONTEXT(2) 
PARAMETRIC_REPRESENTATION_CONTEXT() REPRESENTATION_CONTEXT('2D SPACE',''
  ) );
#12848 = PCURVE('',#9487,#12849);
#12849 = DEFINITIONAL_REPRESENTATION('',(#12850),#12854);
#12850 = LINE('',#12851,#12852);
#12851 = CARTESIAN_POINT('',(0.,0.));
#12852 = VECTOR('',#12853,1.);
#12853 = DIRECTION('',(1.,0.));
#12854 = ( GEOMETRIC_REPRESENTATION_CONTEXT(2) 
PARAMETRIC_REPRESENTATION_CONTEXT() REPRESENTATION_CONTEXT('2D SPACE',''
  ) );
#12855 = ORIENTED_EDGE('',*,*,#4865,.T.);
#12856 = ADVANCED_FACE('',(#12857),#4909,.T.);
#12857 = FACE_BOUND('',#12858,.F.);
#12858 = EDGE_LOOP('',(#12859,#12885,#12886,#12908));
#12859 = ORIENTED_EDGE('',*,*,#12860,.F.);
#12860 = EDGE_CURVE('',#7615,#4894,#12861,.T.);
#12861 = SURFACE_CURVE('',#12862,(#12867,#12878),.PCURVE_S1.);
#12862 = CIRCLE('',#12863,36.2);
#12863 = AXIS2_PLACEMENT_3D('',#12864,#12865,#12866);
#12864 = CARTESIAN_POINT('',(-3.552713678801E-15,-5.329070518201E-15,2.)
  );
#12865 = DIRECTION('',(-0.,0.,-1.));
#12866 = DIRECTION('',(1.,3.414335465613E-16,-0.));
#12867 = PCURVE('',#4909,#12868);
#12868 = DEFINITIONAL_REPRESENTATION('',(#12869),#12877);
#12869 = ( BOUNDED_CURVE() B_SPLINE_CURVE(2,(#12870,#12871,#12872,#12873
    ,#12874,#12875,#12876),.UNSPECIFIED.,.T.,.F.) 
B_SPLINE_CURVE_WITH_KNOTS((1,2,2,2,2,1),(-2.094395102393,0.,
    2.094395102393,4.188790204786,6.28318530718,8.377580409573),
.UNSPECIFIED.) CURVE() GEOMETRIC_REPRESENTATION_ITEM() 
RATIONAL_B_SPLINE_CURVE((1.,0.5,1.,0.5,1.,0.5,1.)) REPRESENTATION_ITEM(
  '') );
#12870 = CARTESIAN_POINT('',(-36.2,-1.073842675036E-14));
#12871 = CARTESIAN_POINT('',(-36.2,62.700239233993));
#12872 = CARTESIAN_POINT('',(18.1,31.350119616997));
#12873 = CARTESIAN_POINT('',(72.4,3.520769923202E-14));
#12874 = CARTESIAN_POINT('',(18.1,-31.35011961699));
#12875 = CARTESIAN_POINT('',(-36.2,-62.70023923399));
#12876 = CARTESIAN_POINT('',(-36.2,-1.073842675036E-14));
#12877 = ( GEOMETRIC_REPRESENTATION_CONTEXT(2) 
PARAMETRIC_REPRESENTATION_CONTEXT() REPRESENTATION_CONTEXT('2D SPACE',''
  ) );
#12878 = PCURVE('',#9665,#12879);
#12879 = DEFINITIONAL_REPRESENTATION('',(#12880),#12884);
#12880 = LINE('',#12881,#12882);
#12881 = CARTESIAN_POINT('',(0.,0.));
#12882 = VECTOR('',#12883,1.);
#12883 = DIRECTION('',(1.,0.));
#12884 = ( GEOMETRIC_REPRESENTATION_CONTEXT(2) 
PARAMETRIC_REPRESENTATION_CONTEXT() REPRESENTATION_CONTEXT('2D SPACE',''
  ) );
#12885 = ORIENTED_EDGE('',*,*,#7637,.T.);
#12886 = ORIENTED_EDGE('',*,*,#12887,.F.);
#12887 = EDGE_CURVE('',#4866,#7638,#12888,.T.);
#12888 = SURFACE_CURVE('',#12889,(#12894,#12901),.PCURVE_S1.);
#12889 = CIRCLE('',#12890,37.6);
#12890 = AXIS2_PLACEMENT_3D('',#12891,#12892,#12893);
#12891 = CARTESIAN_POINT('',(-1.7763568394E-15,1.7763568394E-15,2.));
#12892 = DIRECTION('',(-0.,0.,1.));
#12893 = DIRECTION('',(-1.,1.227639199325E-16,-0.));
#12894 = PCURVE('',#4909,#12895);
#12895 = DEFINITIONAL_REPRESENTATION('',(#12896),#12900);
#12896 = CIRCLE('',#12897,37.6);
#12897 = AXIS2_PLACEMENT_2D('',#12898,#12899);
#12898 = CARTESIAN_POINT('',(-1.031648566456E-15,-5.483959722442E-15));
#12899 = DIRECTION('',(1.,-1.227639199325E-16));
#12900 = ( GEOMETRIC_REPRESENTATION_CONTEXT(2) 
PARAMETRIC_REPRESENTATION_CONTEXT() REPRESENTATION_CONTEXT('2D SPACE',''
  ) );
#12901 = PCURVE('',#9695,#12902);
#12902 = DEFINITIONAL_REPRESENTATION('',(#12903),#12907);
#12903 = LINE('',#12904,#12905);
#12904 = CARTESIAN_POINT('',(-0.,0.));
#12905 = VECTOR('',#12906,1.);
#12906 = DIRECTION('',(-1.,0.));
#12907 = ( GEOMETRIC_REPRESENTATION_CONTEXT(2) 
PARAMETRIC_REPRESENTATION_CONTEXT() REPRESENTATION_CONTEXT('2D SPACE',''
  ) );
#12908 = ORIENTED_EDGE('',*,*,#4893,.T.);
#12909 = ADVANCED_FACE('',(#12910),#4937,.T.);
#12910 = FACE_BOUND('',#12911,.F.);
#12911 = EDGE_LOOP('',(#12912,#12938,#12939,#12961));
#12912 = ORIENTED_EDGE('',*,*,#12913,.F.);
#12913 = EDGE_CURVE('',#5232,#4922,#12914,.T.);
#12914 = SURFACE_CURVE('',#12915,(#12920,#12931),.PCURVE_S1.);
#12915 = CIRCLE('',#12916,35.4);
#12916 = AXIS2_PLACEMENT_3D('',#12917,#12918,#12919);
#12917 = CARTESIAN_POINT('',(-1.7763568394E-15,1.7763568394E-15,2.));
#12918 = DIRECTION('',(-0.,0.,1.));
#12919 = DIRECTION('',(-1.,2.299277132208E-16,-0.));
#12920 = PCURVE('',#4937,#12921);
#12921 = DEFINITIONAL_REPRESENTATION('',(#12922),#12930);
#12922 = ( BOUNDED_CURVE() B_SPLINE_CURVE(2,(#12923,#12924,#12925,#12926
    ,#12927,#12928,#12929),.UNSPECIFIED.,.T.,.F.) 
B_SPLINE_CURVE_WITH_KNOTS((1,2,2,2,2,1),(-2.094395102393,0.,
    2.094395102393,4.188790204786,6.28318530718,8.377580409573),
.UNSPECIFIED.) CURVE() GEOMETRIC_REPRESENTATION_ITEM() 
RATIONAL_B_SPLINE_CURVE((1.,0.5,1.,0.5,1.,0.5,1.)) REPRESENTATION_ITEM(
  '') );
#12923 = CARTESIAN_POINT('',(-4.467700706031,17.7));
#12924 = CARTESIAN_POINT('',(26.189598587938,-35.4));
#12925 = CARTESIAN_POINT('',(-35.125,-35.4));
#12926 = CARTESIAN_POINT('',(-96.43959858793,-35.4));
#12927 = CARTESIAN_POINT('',(-65.78229929396,17.7));
#12928 = CARTESIAN_POINT('',(-35.125,70.8));
#12929 = CARTESIAN_POINT('',(-4.467700706031,17.7));
#12930 = ( GEOMETRIC_REPRESENTATION_CONTEXT(2) 
PARAMETRIC_REPRESENTATION_CONTEXT() REPRESENTATION_CONTEXT('2D SPACE',''
  ) );
#12931 = PCURVE('',#9873,#12932);
#12932 = DEFINITIONAL_REPRESENTATION('',(#12933),#12937);
#12933 = LINE('',#12934,#12935);
#12934 = CARTESIAN_POINT('',(-0.,0.));
#12935 = VECTOR('',#12936,1.);
#12936 = DIRECTION('',(-1.,0.));
#12937 = ( GEOMETRIC_REPRESENTATION_CONTEXT(2) 
PARAMETRIC_REPRESENTATION_CONTEXT() REPRESENTATION_CONTEXT('2D SPACE',''
  ) );
#12938 = ORIENTED_EDGE('',*,*,#5254,.T.);
#12939 = ORIENTED_EDGE('',*,*,#12940,.F.);
#12940 = EDGE_CURVE('',#4894,#5255,#12941,.T.);
#12941 = SURFACE_CURVE('',#12942,(#12947,#12954),.PCURVE_S1.);
#12942 = CIRCLE('',#12943,36.2);
#12943 = AXIS2_PLACEMENT_3D('',#12944,#12945,#12946);
#12944 = CARTESIAN_POINT('',(-3.552713678801E-15,-5.329070518201E-15,2.)
  );
#12945 = DIRECTION('',(-0.,0.,-1.));
#12946 = DIRECTION('',(1.,3.414335465613E-16,-0.));
#12947 = PCURVE('',#4937,#12948);
#12948 = DEFINITIONAL_REPRESENTATION('',(#12949),#12953);
#12949 = CIRCLE('',#12950,36.2);
#12950 = AXIS2_PLACEMENT_2D('',#12951,#12952);
#12951 = CARTESIAN_POINT('',(-35.125,-3.552713678801E-15));
#12952 = DIRECTION('',(-0.866025403784,-0.5));
#12953 = ( GEOMETRIC_REPRESENTATION_CONTEXT(2) 
PARAMETRIC_REPRESENTATION_CONTEXT() REPRESENTATION_CONTEXT('2D SPACE',''
  ) );
#12954 = PCURVE('',#9665,#12955);
#12955 = DEFINITIONAL_REPRESENTATION('',(#12956),#12960);
#12956 = LINE('',#12957,#12958);
#12957 = CARTESIAN_POINT('',(0.,0.));
#12958 = VECTOR('',#12959,1.);
#12959 = DIRECTION('',(1.,0.));
#12960 = ( GEOMETRIC_REPRESENTATION_CONTEXT(2) 
PARAMETRIC_REPRESENTATION_CONTEXT() REPRESENTATION_CONTEXT('2D SPACE',''
  ) );
#12961 = ORIENTED_EDGE('',*,*,#4921,.T.);
#12962 = ADVANCED_FACE('',(#12963),#4965,.T.);
#12963 = FACE_BOUND('',#12964,.F.);
#12964 = EDGE_LOOP('',(#12965,#12991,#12992,#13014));
#12965 = ORIENTED_EDGE('',*,*,#12966,.F.);
#12966 = EDGE_CURVE('',#7569,#4950,#12967,.T.);
#12967 = SURFACE_CURVE('',#12968,(#12973,#12984),.PCURVE_S1.);
#12968 = CIRCLE('',#12969,34.);
#12969 = AXIS2_PLACEMENT_3D('',#12970,#12971,#12972);
#12970 = CARTESIAN_POINT('',(3.552713678801E-15,3.552713678801E-15,2.));
#12971 = DIRECTION('',(-0.,0.,-1.));
#12972 = DIRECTION('',(1.,1.668806424356E-16,-0.));
#12973 = PCURVE('',#4965,#12974);
#12974 = DEFINITIONAL_REPRESENTATION('',(#12975),#12983);
#12975 = ( BOUNDED_CURVE() B_SPLINE_CURVE(2,(#12976,#12977,#12978,#12979
    ,#12980,#12981,#12982),.UNSPECIFIED.,.T.,.F.) 
B_SPLINE_CURVE_WITH_KNOTS((1,2,2,2,2,1),(-2.094395102393,0.,
    2.094395102393,4.188790204786,6.28318530718,8.377580409573),
.UNSPECIFIED.) CURVE() GEOMETRIC_REPRESENTATION_ITEM() 
RATIONAL_B_SPLINE_CURVE((1.,0.5,1.,0.5,1.,0.5,1.)) REPRESENTATION_ITEM(
  '') );
#12976 = CARTESIAN_POINT('',(-34.,-1.293425840465E-14));
#12977 = CARTESIAN_POINT('',(-34.,58.889727457342));
#12978 = CARTESIAN_POINT('',(17.,29.444863728671));
#12979 = CARTESIAN_POINT('',(68.,1.241516535798E-14));
#12980 = CARTESIAN_POINT('',(17.,-29.44486372867));
#12981 = CARTESIAN_POINT('',(-34.,-58.88972745734));
#12982 = CARTESIAN_POINT('',(-34.,-1.293425840465E-14));
#12983 = ( GEOMETRIC_REPRESENTATION_CONTEXT(2) 
PARAMETRIC_REPRESENTATION_CONTEXT() REPRESENTATION_CONTEXT('2D SPACE',''
  ) );
#12984 = PCURVE('',#9843,#12985);
#12985 = DEFINITIONAL_REPRESENTATION('',(#12986),#12990);
#12986 = LINE('',#12987,#12988);
#12987 = CARTESIAN_POINT('',(0.,0.));
#12988 = VECTOR('',#12989,1.);
#12989 = DIRECTION('',(1.,0.));
#12990 = ( GEOMETRIC_REPRESENTATION_CONTEXT(2) 
PARAMETRIC_REPRESENTATION_CONTEXT() REPRESENTATION_CONTEXT('2D SPACE',''
  ) );
#12991 = ORIENTED_EDGE('',*,*,#7591,.T.);
#12992 = ORIENTED_EDGE('',*,*,#12993,.F.);
#12993 = EDGE_CURVE('',#4922,#7592,#12994,.T.);
#12994 = SURFACE_CURVE('',#12995,(#13000,#13007),.PCURVE_S1.);
#12995 = CIRCLE('',#12996,35.4);
#12996 = AXIS2_PLACEMENT_3D('',#12997,#12998,#12999);
#12997 = CARTESIAN_POINT('',(-1.7763568394E-15,1.7763568394E-15,2.));
#12998 = DIRECTION('',(-0.,0.,1.));
#12999 = DIRECTION('',(-1.,2.299277132208E-16,-0.));
#13000 = PCURVE('',#4965,#13001);
#13001 = DEFINITIONAL_REPRESENTATION('',(#13002),#13006);
#13002 = CIRCLE('',#13003,35.4);
#13003 = AXIS2_PLACEMENT_2D('',#13004,#13005);
#13004 = CARTESIAN_POINT('',(-1.031648566456E-15,-5.483959722442E-15));
#13005 = DIRECTION('',(1.,-2.299277132208E-16));
#13006 = ( GEOMETRIC_REPRESENTATION_CONTEXT(2) 
PARAMETRIC_REPRESENTATION_CONTEXT() REPRESENTATION_CONTEXT('2D SPACE',''
  ) );
#13007 = PCURVE('',#9873,#13008);
#13008 = DEFINITIONAL_REPRESENTATION('',(#13009),#13013);
#13009 = LINE('',#13010,#13011);
#13010 = CARTESIAN_POINT('',(-0.,0.));
#13011 = VECTOR('',#13012,1.);
#13012 = DIRECTION('',(-1.,0.));
#13013 = ( GEOMETRIC_REPRESENTATION_CONTEXT(2) 
PARAMETRIC_REPRESENTATION_CONTEXT() REPRESENTATION_CONTEXT('2D SPACE',''
  ) );
#13014 = ORIENTED_EDGE('',*,*,#4949,.T.);
#13015 = ADVANCED_FACE('',(#13016),#4993,.T.);
#13016 = FACE_BOUND('',#13017,.F.);
#13017 = EDGE_LOOP('',(#13018,#13044,#13045,#13067));
#13018 = ORIENTED_EDGE('',*,*,#13019,.F.);
#13019 = EDGE_CURVE('',#5186,#4978,#13020,.T.);
#13020 = SURFACE_CURVE('',#13021,(#13026,#13037),.PCURVE_S1.);
#13021 = CIRCLE('',#13022,33.2);
#13022 = AXIS2_PLACEMENT_3D('',#13023,#13024,#13025);
#13023 = CARTESIAN_POINT('',(3.552713678801E-15,-3.552713678801E-15,2.)
  );
#13024 = DIRECTION('',(-0.,0.,1.));
#13025 = DIRECTION('',(-1.,4.487612168275E-16,-0.));
#13026 = PCURVE('',#4993,#13027);
#13027 = DEFINITIONAL_REPRESENTATION('',(#13028),#13036);
#13028 = ( BOUNDED_CURVE() B_SPLINE_CURVE(2,(#13029,#13030,#13031,#13032
    ,#13033,#13034,#13035),.UNSPECIFIED.,.T.,.F.) 
B_SPLINE_CURVE_WITH_KNOTS((1,2,2,2,2,1),(-2.094395102393,0.,
    2.094395102393,4.188790204786,6.28318530718,8.377580409573),
.UNSPECIFIED.) CURVE() GEOMETRIC_REPRESENTATION_ITEM() 
RATIONAL_B_SPLINE_CURVE((1.,0.5,1.,0.5,1.,0.5,1.)) REPRESENTATION_ITEM(
  '') );
#13029 = CARTESIAN_POINT('',(-6.372956594357,16.6));
#13030 = CARTESIAN_POINT('',(22.379086811287,-33.2));
#13031 = CARTESIAN_POINT('',(-35.125,-33.2));
#13032 = CARTESIAN_POINT('',(-92.62908681128,-33.2));
#13033 = CARTESIAN_POINT('',(-63.87704340564,16.6));
#13034 = CARTESIAN_POINT('',(-35.125,66.4));
#13035 = CARTESIAN_POINT('',(-6.372956594357,16.6));
#13036 = ( GEOMETRIC_REPRESENTATION_CONTEXT(2) 
PARAMETRIC_REPRESENTATION_CONTEXT() REPRESENTATION_CONTEXT('2D SPACE',''
  ) );
#13037 = PCURVE('',#10051,#13038);
#13038 = DEFINITIONAL_REPRESENTATION('',(#13039),#13043);
#13039 = LINE('',#13040,#13041);
#13040 = CARTESIAN_POINT('',(-0.,0.));
#13041 = VECTOR('',#13042,1.);
#13042 = DIRECTION('',(-1.,0.));
#13043 = ( GEOMETRIC_REPRESENTATION_CONTEXT(2) 
PARAMETRIC_REPRESENTATION_CONTEXT() REPRESENTATION_CONTEXT('2D SPACE',''
  ) );
#13044 = ORIENTED_EDGE('',*,*,#5208,.T.);
#13045 = ORIENTED_EDGE('',*,*,#13046,.F.);
#13046 = EDGE_CURVE('',#4950,#5209,#13047,.T.);
#13047 = SURFACE_CURVE('',#13048,(#13053,#13060),.PCURVE_S1.);
#13048 = CIRCLE('',#13049,34.);
#13049 = AXIS2_PLACEMENT_3D('',#13050,#13051,#13052);
#13050 = CARTESIAN_POINT('',(3.552713678801E-15,3.552713678801E-15,2.));
#13051 = DIRECTION('',(-0.,0.,-1.));
#13052 = DIRECTION('',(1.,1.668806424356E-16,-0.));
#13053 = PCURVE('',#4993,#13054);
#13054 = DEFINITIONAL_REPRESENTATION('',(#13055),#13059);
#13055 = CIRCLE('',#13056,34.);
#13056 = AXIS2_PLACEMENT_2D('',#13057,#13058);
#13057 = CARTESIAN_POINT('',(-35.125,0.));
#13058 = DIRECTION('',(-0.866025403784,-0.5));
#13059 = ( GEOMETRIC_REPRESENTATION_CONTEXT(2) 
PARAMETRIC_REPRESENTATION_CONTEXT() REPRESENTATION_CONTEXT('2D SPACE',''
  ) );
#13060 = PCURVE('',#9843,#13061);
#13061 = DEFINITIONAL_REPRESENTATION('',(#13062),#13066);
#13062 = LINE('',#13063,#13064);
#13063 = CARTESIAN_POINT('',(0.,0.));
#13064 = VECTOR('',#13065,1.);
#13065 = DIRECTION('',(1.,0.));
#13066 = ( GEOMETRIC_REPRESENTATION_CONTEXT(2) 
PARAMETRIC_REPRESENTATION_CONTEXT() REPRESENTATION_CONTEXT('2D SPACE',''
  ) );
#13067 = ORIENTED_EDGE('',*,*,#4977,.T.);
#13068 = ADVANCED_FACE('',(#13069),#5021,.T.);
#13069 = FACE_BOUND('',#13070,.F.);
#13070 = EDGE_LOOP('',(#13071,#13097,#13098,#13120));
#13071 = ORIENTED_EDGE('',*,*,#13072,.F.);
#13072 = EDGE_CURVE('',#7523,#5006,#13073,.T.);
#13073 = SURFACE_CURVE('',#13074,(#13079,#13090),.PCURVE_S1.);
#13074 = CIRCLE('',#13075,31.8);
#13075 = AXIS2_PLACEMENT_3D('',#13076,#13077,#13078);
#13076 = CARTESIAN_POINT('',(8.881784197001E-16,3.552713678801E-15,2.));
#13077 = DIRECTION('',(0.,0.,-1.));
#13078 = DIRECTION('',(1.,-8.330827787858E-17,-0.));
#13079 = PCURVE('',#5021,#13080);
#13080 = DEFINITIONAL_REPRESENTATION('',(#13081),#13089);
#13081 = ( BOUNDED_CURVE() B_SPLINE_CURVE(2,(#13082,#13083,#13084,#13085
    ,#13086,#13087,#13088),.UNSPECIFIED.,.T.,.F.) 
B_SPLINE_CURVE_WITH_KNOTS((1,2,2,2,2,1),(-2.094395102393,0.,
    2.094395102393,4.188790204786,6.28318530718,8.377580409573),
.UNSPECIFIED.) CURVE() GEOMETRIC_REPRESENTATION_ITEM() 
RATIONAL_B_SPLINE_CURVE((1.,0.5,1.,0.5,1.,0.5,1.)) REPRESENTATION_ITEM(
  '') );
#13082 = CARTESIAN_POINT('',(-31.8,-4.611113325303E-15));
#13083 = CARTESIAN_POINT('',(-31.8,55.07921568069));
#13084 = CARTESIAN_POINT('',(15.9,27.539607840345));
#13085 = CARTESIAN_POINT('',(63.6,-4.769969392343E-15));
#13086 = CARTESIAN_POINT('',(15.9,-27.53960784034));
#13087 = CARTESIAN_POINT('',(-31.8,-55.07921568069));
#13088 = CARTESIAN_POINT('',(-31.8,-4.611113325303E-15));
#13089 = ( GEOMETRIC_REPRESENTATION_CONTEXT(2) 
PARAMETRIC_REPRESENTATION_CONTEXT() REPRESENTATION_CONTEXT('2D SPACE',''
  ) );
#13090 = PCURVE('',#10021,#13091);
#13091 = DEFINITIONAL_REPRESENTATION('',(#13092),#13096);
#13092 = LINE('',#13093,#13094);
#13093 = CARTESIAN_POINT('',(0.,0.));
#13094 = VECTOR('',#13095,1.);
#13095 = DIRECTION('',(1.,0.));
#13096 = ( GEOMETRIC_REPRESENTATION_CONTEXT(2) 
PARAMETRIC_REPRESENTATION_CONTEXT() REPRESENTATION_CONTEXT('2D SPACE',''
  ) );
#13097 = ORIENTED_EDGE('',*,*,#7545,.T.);
#13098 = ORIENTED_EDGE('',*,*,#13099,.F.);
#13099 = EDGE_CURVE('',#4978,#7546,#13100,.T.);
#13100 = SURFACE_CURVE('',#13101,(#13106,#13113),.PCURVE_S1.);
#13101 = CIRCLE('',#13102,33.2);
#13102 = AXIS2_PLACEMENT_3D('',#13103,#13104,#13105);
#13103 = CARTESIAN_POINT('',(3.552713678801E-15,-3.552713678801E-15,2.)
  );
#13104 = DIRECTION('',(-0.,0.,1.));
#13105 = DIRECTION('',(-1.,4.487612168275E-16,-0.));
#13106 = PCURVE('',#5021,#13107);
#13107 = DEFINITIONAL_REPRESENTATION('',(#13108),#13112);
#13108 = CIRCLE('',#13109,33.2);
#13109 = AXIS2_PLACEMENT_2D('',#13110,#13111);
#13110 = CARTESIAN_POINT('',(-6.360719084657E-15,-1.548892042409E-16));
#13111 = DIRECTION('',(1.,-4.487612168275E-16));
#13112 = ( GEOMETRIC_REPRESENTATION_CONTEXT(2) 
PARAMETRIC_REPRESENTATION_CONTEXT() REPRESENTATION_CONTEXT('2D SPACE',''
  ) );
#13113 = PCURVE('',#10051,#13114);
#13114 = DEFINITIONAL_REPRESENTATION('',(#13115),#13119);
#13115 = LINE('',#13116,#13117);
#13116 = CARTESIAN_POINT('',(-0.,0.));
#13117 = VECTOR('',#13118,1.);
#13118 = DIRECTION('',(-1.,0.));
#13119 = ( GEOMETRIC_REPRESENTATION_CONTEXT(2) 
PARAMETRIC_REPRESENTATION_CONTEXT() REPRESENTATION_CONTEXT('2D SPACE',''
  ) );
#13120 = ORIENTED_EDGE('',*,*,#5005,.T.);
#13121 = ADVANCED_FACE('',(#13122),#5049,.T.);
#13122 = FACE_BOUND('',#13123,.F.);
#13123 = EDGE_LOOP('',(#13124,#13150,#13151,#13173));
#13124 = ORIENTED_EDGE('',*,*,#13125,.F.);
#13125 = EDGE_CURVE('',#5140,#5034,#13126,.T.);
#13126 = SURFACE_CURVE('',#13127,(#13132,#13143),.PCURVE_S1.);
#13127 = CIRCLE('',#13128,31.);
#13128 = AXIS2_PLACEMENT_3D('',#13129,#13130,#13131);
#13129 = CARTESIAN_POINT('',(3.552713678801E-15,-8.881784197001E-16,2.)
  );
#13130 = DIRECTION('',(-0.,0.,1.));
#13131 = DIRECTION('',(-1.,6.098052810315E-17,-0.));
#13132 = PCURVE('',#5049,#13133);
#13133 = DEFINITIONAL_REPRESENTATION('',(#13134),#13142);
#13134 = ( BOUNDED_CURVE() B_SPLINE_CURVE(2,(#13135,#13136,#13137,#13138
    ,#13139,#13140,#13141),.UNSPECIFIED.,.T.,.F.) 
B_SPLINE_CURVE_WITH_KNOTS((1,2,2,2,2,1),(-2.094395102393,0.,
    2.094395102393,4.188790204786,6.28318530718,8.377580409573),
.UNSPECIFIED.) CURVE() GEOMETRIC_REPRESENTATION_ITEM() 
RATIONAL_B_SPLINE_CURVE((1.,0.5,1.,0.5,1.,0.5,1.)) REPRESENTATION_ITEM(
  '') );
#13135 = CARTESIAN_POINT('',(-8.278212482682,15.5));
#13136 = CARTESIAN_POINT('',(18.568575034635,-31.));
#13137 = CARTESIAN_POINT('',(-35.125,-31.));
#13138 = CARTESIAN_POINT('',(-88.81857503463,-31.));
#13139 = CARTESIAN_POINT('',(-61.97178751731,15.5));
#13140 = CARTESIAN_POINT('',(-35.125,62.));
#13141 = CARTESIAN_POINT('',(-8.278212482682,15.5));
#13142 = ( GEOMETRIC_REPRESENTATION_CONTEXT(2) 
PARAMETRIC_REPRESENTATION_CONTEXT() REPRESENTATION_CONTEXT('2D SPACE',''
  ) );
#13143 = PCURVE('',#10229,#13144);
#13144 = DEFINITIONAL_REPRESENTATION('',(#13145),#13149);
#13145 = LINE('',#13146,#13147);
#13146 = CARTESIAN_POINT('',(-0.,0.));
#13147 = VECTOR('',#13148,1.);
#13148 = DIRECTION('',(-1.,0.));
#13149 = ( GEOMETRIC_REPRESENTATION_CONTEXT(2) 
PARAMETRIC_REPRESENTATION_CONTEXT() REPRESENTATION_CONTEXT('2D SPACE',''
  ) );
#13150 = ORIENTED_EDGE('',*,*,#5162,.T.);
#13151 = ORIENTED_EDGE('',*,*,#13152,.F.);
#13152 = EDGE_CURVE('',#5006,#5163,#13153,.T.);
#13153 = SURFACE_CURVE('',#13154,(#13159,#13166),.PCURVE_S1.);
#13154 = CIRCLE('',#13155,31.8);
#13155 = AXIS2_PLACEMENT_3D('',#13156,#13157,#13158);
#13156 = CARTESIAN_POINT('',(8.881784197001E-16,3.552713678801E-15,2.));
#13157 = DIRECTION('',(0.,0.,-1.));
#13158 = DIRECTION('',(1.,-8.330827787858E-17,-0.));
#13159 = PCURVE('',#5049,#13160);
#13160 = DEFINITIONAL_REPRESENTATION('',(#13161),#13165);
#13161 = CIRCLE('',#13162,31.8);
#13162 = AXIS2_PLACEMENT_2D('',#13163,#13164);
#13163 = CARTESIAN_POINT('',(-35.125,1.7763568394E-15));
#13164 = DIRECTION('',(-0.866025403784,-0.5));
#13165 = ( GEOMETRIC_REPRESENTATION_CONTEXT(2) 
PARAMETRIC_REPRESENTATION_CONTEXT() REPRESENTATION_CONTEXT('2D SPACE',''
  ) );
#13166 = PCURVE('',#10021,#13167);
#13167 = DEFINITIONAL_REPRESENTATION('',(#13168),#13172);
#13168 = LINE('',#13169,#13170);
#13169 = CARTESIAN_POINT('',(0.,0.));
#13170 = VECTOR('',#13171,1.);
#13171 = DIRECTION('',(1.,0.));
#13172 = ( GEOMETRIC_REPRESENTATION_CONTEXT(2) 
PARAMETRIC_REPRESENTATION_CONTEXT() REPRESENTATION_CONTEXT('2D SPACE',''
  ) );
#13173 = ORIENTED_EDGE('',*,*,#5033,.T.);
#13174 = ADVANCED_FACE('',(#13175),#5077,.T.);
#13175 = FACE_BOUND('',#13176,.F.);
#13176 = EDGE_LOOP('',(#13177,#13203,#13204,#13226));
#13177 = ORIENTED_EDGE('',*,*,#13178,.F.);
#13178 = EDGE_CURVE('',#7477,#5062,#13179,.T.);
#13179 = SURFACE_CURVE('',#13180,(#13185,#13196),.PCURVE_S1.);
#13180 = CIRCLE('',#13181,29.6);
#13181 = AXIS2_PLACEMENT_3D('',#13182,#13183,#13184);
#13182 = CARTESIAN_POINT('',(-3.552713678801E-15,-1.7763568394E-15,2.));
#13183 = DIRECTION('',(-0.,0.,-1.));
#13184 = DIRECTION('',(1.,2.851448545394E-16,-0.));
#13185 = PCURVE('',#5077,#13186);
#13186 = DEFINITIONAL_REPRESENTATION('',(#13187),#13195);
#13187 = ( BOUNDED_CURVE() B_SPLINE_CURVE(2,(#13188,#13189,#13190,#13191
    ,#13192,#13193,#13194),.UNSPECIFIED.,.T.,.F.) 
B_SPLINE_CURVE_WITH_KNOTS((1,2,2,2,2,1),(-2.094395102393,0.,
    2.094395102393,4.188790204786,6.28318530718,8.377580409573),
.UNSPECIFIED.) CURVE() GEOMETRIC_REPRESENTATION_ITEM() 
RATIONAL_B_SPLINE_CURVE((1.,0.5,1.,0.5,1.,0.5,1.)) REPRESENTATION_ITEM(
  '') );
#13188 = CARTESIAN_POINT('',(-29.6,-1.037153373801E-14));
#13189 = CARTESIAN_POINT('',(-29.6,51.268703904039));
#13190 = CARTESIAN_POINT('',(14.8,25.634351952019));
#13191 = CARTESIAN_POINT('',(59.2,2.219923839604E-14));
#13192 = CARTESIAN_POINT('',(14.8,-25.63435195201));
#13193 = CARTESIAN_POINT('',(-29.6,-51.26870390403));
#13194 = CARTESIAN_POINT('',(-29.6,-1.037153373801E-14));
#13195 = ( GEOMETRIC_REPRESENTATION_CONTEXT(2) 
PARAMETRIC_REPRESENTATION_CONTEXT() REPRESENTATION_CONTEXT('2D SPACE',''
  ) );
#13196 = PCURVE('',#10199,#13197);
#13197 = DEFINITIONAL_REPRESENTATION('',(#13198),#13202);
#13198 = LINE('',#13199,#13200);
#13199 = CARTESIAN_POINT('',(0.,0.));
#13200 = VECTOR('',#13201,1.);
#13201 = DIRECTION('',(1.,0.));
#13202 = ( GEOMETRIC_REPRESENTATION_CONTEXT(2) 
PARAMETRIC_REPRESENTATION_CONTEXT() REPRESENTATION_CONTEXT('2D SPACE',''
  ) );
#13203 = ORIENTED_EDGE('',*,*,#7499,.T.);
#13204 = ORIENTED_EDGE('',*,*,#13205,.F.);
#13205 = EDGE_CURVE('',#5034,#7500,#13206,.T.);
#13206 = SURFACE_CURVE('',#13207,(#13212,#13219),.PCURVE_S1.);
#13207 = CIRCLE('',#13208,31.);
#13208 = AXIS2_PLACEMENT_3D('',#13209,#13210,#13211);
#13209 = CARTESIAN_POINT('',(3.552713678801E-15,-8.881784197001E-16,2.)
  );
#13210 = DIRECTION('',(-0.,0.,1.));
#13211 = DIRECTION('',(-1.,6.098052810315E-17,-0.));
#13212 = PCURVE('',#5077,#13213);
#13213 = DEFINITIONAL_REPRESENTATION('',(#13214),#13218);
#13214 = CIRCLE('',#13215,31.);
#13215 = AXIS2_PLACEMENT_2D('',#13216,#13217);
#13216 = CARTESIAN_POINT('',(-6.360719084657E-15,-2.819424463341E-15));
#13217 = DIRECTION('',(1.,-6.098052810315E-17));
#13218 = ( GEOMETRIC_REPRESENTATION_CONTEXT(2) 
PARAMETRIC_REPRESENTATION_CONTEXT() REPRESENTATION_CONTEXT('2D SPACE',''
  ) );
#13219 = PCURVE('',#10229,#13220);
#13220 = DEFINITIONAL_REPRESENTATION('',(#13221),#13225);
#13221 = LINE('',#13222,#13223);
#13222 = CARTESIAN_POINT('',(-0.,0.));
#13223 = VECTOR('',#13224,1.);
#13224 = DIRECTION('',(-1.,0.));
#13225 = ( GEOMETRIC_REPRESENTATION_CONTEXT(2) 
PARAMETRIC_REPRESENTATION_CONTEXT() REPRESENTATION_CONTEXT('2D SPACE',''
  ) );
#13226 = ORIENTED_EDGE('',*,*,#5061,.T.);
#13227 = ADVANCED_FACE('',(#13228),#5457,.T.);
#13228 = FACE_BOUND('',#13229,.F.);
#13229 = EDGE_LOOP('',(#13230,#13256,#13257,#13258));
#13230 = ORIENTED_EDGE('',*,*,#13231,.F.);
#13231 = EDGE_CURVE('',#5419,#5475,#13232,.T.);
#13232 = SURFACE_CURVE('',#13233,(#13238,#13249),.PCURVE_S1.);
#13233 = CIRCLE('',#13234,42.);
#13234 = AXIS2_PLACEMENT_3D('',#13235,#13236,#13237);
#13235 = CARTESIAN_POINT('',(5.329070518201E-15,-8.881784197001E-15,2.)
  );
#13236 = DIRECTION('',(-0.,0.,1.));
#13237 = DIRECTION('',(-1.,1.679662986601E-16,-0.));
#13238 = PCURVE('',#5457,#13239);
#13239 = DEFINITIONAL_REPRESENTATION('',(#13240),#13248);
#13240 = ( BOUNDED_CURVE() B_SPLINE_CURVE(2,(#13241,#13242,#13243,#13244
    ,#13245,#13246,#13247),.UNSPECIFIED.,.T.,.F.) 
B_SPLINE_CURVE_WITH_KNOTS((1,2,2,2,2,1),(-2.094395102393,0.,
    2.094395102393,4.188790204786,6.28318530718,8.377580409573),
.UNSPECIFIED.) CURVE() GEOMETRIC_REPRESENTATION_ITEM() 
RATIONAL_B_SPLINE_CURVE((1.,0.5,1.,0.5,1.,0.5,1.)) REPRESENTATION_ITEM(
  '') );
#13241 = CARTESIAN_POINT('',(1.248066958946,21.));
#13242 = CARTESIAN_POINT('',(37.621133917893,-42.));
#13243 = CARTESIAN_POINT('',(-35.125,-42.));
#13244 = CARTESIAN_POINT('',(-107.8711339178,-42.));
#13245 = CARTESIAN_POINT('',(-71.49806695894,21.));
#13246 = CARTESIAN_POINT('',(-35.125,84.));
#13247 = CARTESIAN_POINT('',(1.248066958946,21.));
#13248 = ( GEOMETRIC_REPRESENTATION_CONTEXT(2) 
PARAMETRIC_REPRESENTATION_CONTEXT() REPRESENTATION_CONTEXT('2D SPACE',''
  ) );
#13249 = PCURVE('',#8434,#13250);
#13250 = DEFINITIONAL_REPRESENTATION('',(#13251),#13255);
#13251 = LINE('',#13252,#13253);
#13252 = CARTESIAN_POINT('',(-0.,0.));
#13253 = VECTOR('',#13254,1.);
#13254 = DIRECTION('',(-1.,0.));
#13255 = ( GEOMETRIC_REPRESENTATION_CONTEXT(2) 
PARAMETRIC_REPRESENTATION_CONTEXT() REPRESENTATION_CONTEXT('2D SPACE',''
  ) );
#13256 = ORIENTED_EDGE('',*,*,#5442,.T.);
#13257 = ORIENTED_EDGE('',*,*,#8172,.F.);
#13258 = ORIENTED_EDGE('',*,*,#5474,.T.);
#13259 = ADVANCED_FACE('',(#13260),#5571,.F.);
#13260 = FACE_BOUND('',#13261,.F.);
#13261 = EDGE_LOOP('',(#13262,#13285,#13314,#13335,#13336));
#13262 = ORIENTED_EDGE('',*,*,#13263,.F.);
#13263 = EDGE_CURVE('',#13264,#5720,#13266,.T.);
#13264 = VERTEX_POINT('',#13265);
#13265 = CARTESIAN_POINT('',(14.525491870897,3.087488608644,1.3));
#13266 = SURFACE_CURVE('',#13267,(#13271,#13278),.PCURVE_S1.);
#13267 = LINE('',#13268,#13269);
#13268 = CARTESIAN_POINT('',(14.525491870897,3.087488608644,1.3));
#13269 = VECTOR('',#13270,1.);
#13270 = DIRECTION('',(0.739175463232,0.157116594935,-0.654930538418));
#13271 = PCURVE('',#5571,#13272);
#13272 = DEFINITIONAL_REPRESENTATION('',(#13273),#13277);
#13273 = LINE('',#13274,#13275);
#13274 = CARTESIAN_POINT('',(0.,0.));
#13275 = VECTOR('',#13276,1.);
#13276 = DIRECTION('',(0.,1.));
#13277 = ( GEOMETRIC_REPRESENTATION_CONTEXT(2) 
PARAMETRIC_REPRESENTATION_CONTEXT() REPRESENTATION_CONTEXT('2D SPACE',''
  ) );
#13278 = PCURVE('',#5735,#13279);
#13279 = DEFINITIONAL_REPRESENTATION('',(#13280),#13284);
#13280 = LINE('',#13281,#13282);
#13281 = CARTESIAN_POINT('',(-0.2,-1.014590229547));
#13282 = VECTOR('',#13283,1.);
#13283 = DIRECTION('',(-0.654930538418,0.75568908279));
#13284 = ( GEOMETRIC_REPRESENTATION_CONTEXT(2) 
PARAMETRIC_REPRESENTATION_CONTEXT() REPRESENTATION_CONTEXT('2D SPACE',''
  ) );
#13285 = ORIENTED_EDGE('',*,*,#13286,.T.);
#13286 = EDGE_CURVE('',#13264,#13287,#13289,.T.);
#13287 = VERTEX_POINT('',#13288);
#13288 = CARTESIAN_POINT('',(14.525491870897,-3.087488608644,1.3));
#13289 = SURFACE_CURVE('',#13290,(#13295,#13302),.PCURVE_S1.);
#13290 = CIRCLE('',#13291,14.85);
#13291 = AXIS2_PLACEMENT_3D('',#13292,#13293,#13294);
#13292 = CARTESIAN_POINT('',(0.,0.,1.3));
#13293 = DIRECTION('',(-0.,0.,-1.));
#13294 = DIRECTION('',(0.978147600734,0.207911690818,-0.));
#13295 = PCURVE('',#5571,#13296);
#13296 = DEFINITIONAL_REPRESENTATION('',(#13297),#13301);
#13297 = LINE('',#13298,#13299);
#13298 = CARTESIAN_POINT('',(0.,0.));
#13299 = VECTOR('',#13300,1.);
#13300 = DIRECTION('',(1.,0.));
#13301 = ( GEOMETRIC_REPRESENTATION_CONTEXT(2) 
PARAMETRIC_REPRESENTATION_CONTEXT() REPRESENTATION_CONTEXT('2D SPACE',''
  ) );
#13302 = PCURVE('',#13303,#13308);
#13303 = CYLINDRICAL_SURFACE('',#13304,14.85);
#13304 = AXIS2_PLACEMENT_3D('',#13305,#13306,#13307);
#13305 = CARTESIAN_POINT('',(0.,0.,1.7));
#13306 = DIRECTION('',(-0.,-0.,-1.));
#13307 = DIRECTION('',(0.978147600734,0.207911690818,-0.));
#13308 = DEFINITIONAL_REPRESENTATION('',(#13309),#13313);
#13309 = LINE('',#13310,#13311);
#13310 = CARTESIAN_POINT('',(0.,0.4));
#13311 = VECTOR('',#13312,1.);
#13312 = DIRECTION('',(1.,0.));
#13313 = ( GEOMETRIC_REPRESENTATION_CONTEXT(2) 
PARAMETRIC_REPRESENTATION_CONTEXT() REPRESENTATION_CONTEXT('2D SPACE',''
  ) );
#13314 = ORIENTED_EDGE('',*,*,#13315,.T.);
#13315 = EDGE_CURVE('',#13287,#5555,#13316,.T.);
#13316 = SURFACE_CURVE('',#13317,(#13321,#13328),.PCURVE_S1.);
#13317 = LINE('',#13318,#13319);
#13318 = CARTESIAN_POINT('',(14.525491870897,-3.087488608644,1.3));
#13319 = VECTOR('',#13320,1.);
#13320 = DIRECTION('',(0.739175463232,-0.157116594935,-0.654930538418));
#13321 = PCURVE('',#5571,#13322);
#13322 = DEFINITIONAL_REPRESENTATION('',(#13323),#13327);
#13323 = LINE('',#13324,#13325);
#13324 = CARTESIAN_POINT('',(0.418879020479,0.));
#13325 = VECTOR('',#13326,1.);
#13326 = DIRECTION('',(0.,1.));
#13327 = ( GEOMETRIC_REPRESENTATION_CONTEXT(2) 
PARAMETRIC_REPRESENTATION_CONTEXT() REPRESENTATION_CONTEXT('2D SPACE',''
  ) );
#13328 = PCURVE('',#5599,#13329);
#13329 = DEFINITIONAL_REPRESENTATION('',(#13330),#13334);
#13330 = LINE('',#13331,#13332);
#13331 = CARTESIAN_POINT('',(-0.2,-1.014590229547));
#13332 = VECTOR('',#13333,1.);
#13333 = DIRECTION('',(-0.654930538418,0.75568908279));
#13334 = ( GEOMETRIC_REPRESENTATION_CONTEXT(2) 
PARAMETRIC_REPRESENTATION_CONTEXT() REPRESENTATION_CONTEXT('2D SPACE',''
  ) );
#13335 = ORIENTED_EDGE('',*,*,#5554,.T.);
#13336 = ORIENTED_EDGE('',*,*,#5747,.T.);
#13337 = ADVANCED_FACE('',(#13338),#5735,.T.);
#13338 = FACE_BOUND('',#13339,.F.);
#13339 = EDGE_LOOP('',(#13340,#13341,#13342,#13365));
#13340 = ORIENTED_EDGE('',*,*,#13263,.T.);
#13341 = ORIENTED_EDGE('',*,*,#5719,.F.);
#13342 = ORIENTED_EDGE('',*,*,#13343,.T.);
#13343 = EDGE_CURVE('',#5696,#13344,#13346,.T.);
#13344 = VERTEX_POINT('',#13345);
#13345 = CARTESIAN_POINT('',(14.525491870897,3.087488608644,1.7));
#13346 = SURFACE_CURVE('',#13347,(#13351,#13358),.PCURVE_S1.);
#13347 = LINE('',#13348,#13349);
#13348 = CARTESIAN_POINT('',(15.992713271998,3.39935614487,3.));
#13349 = VECTOR('',#13350,1.);
#13350 = DIRECTION('',(-0.739175463232,-0.157116594935,-0.654930538418)
  );
#13351 = PCURVE('',#5735,#13352);
#13352 = DEFINITIONAL_REPRESENTATION('',(#13353),#13357);
#13353 = LINE('',#13354,#13355);
#13354 = CARTESIAN_POINT('',(1.5,0.485409770453));
#13355 = VECTOR('',#13356,1.);
#13356 = DIRECTION('',(-0.654930538418,-0.75568908279));
#13357 = ( GEOMETRIC_REPRESENTATION_CONTEXT(2) 
PARAMETRIC_REPRESENTATION_CONTEXT() REPRESENTATION_CONTEXT('2D SPACE',''
  ) );
#13358 = PCURVE('',#5628,#13359);
#13359 = DEFINITIONAL_REPRESENTATION('',(#13360),#13364);
#13360 = LINE('',#13361,#13362);
#13361 = CARTESIAN_POINT('',(-0.,-0.));
#13362 = VECTOR('',#13363,1.);
#13363 = DIRECTION('',(-0.,-1.));
#13364 = ( GEOMETRIC_REPRESENTATION_CONTEXT(2) 
PARAMETRIC_REPRESENTATION_CONTEXT() REPRESENTATION_CONTEXT('2D SPACE',''
  ) );
#13365 = ORIENTED_EDGE('',*,*,#13366,.T.);
#13366 = EDGE_CURVE('',#13344,#13264,#13367,.T.);
#13367 = SURFACE_CURVE('',#13368,(#13372,#13379),.PCURVE_S1.);
#13368 = LINE('',#13369,#13370);
#13369 = CARTESIAN_POINT('',(14.525491870897,3.087488608644,1.7));
#13370 = VECTOR('',#13371,1.);
#13371 = DIRECTION('',(-0.,-0.,-1.));
#13372 = PCURVE('',#5735,#13373);
#13373 = DEFINITIONAL_REPRESENTATION('',(#13374),#13378);
#13374 = LINE('',#13375,#13376);
#13375 = CARTESIAN_POINT('',(0.2,-1.014590229547));
#13376 = VECTOR('',#13377,1.);
#13377 = DIRECTION('',(-1.,0.));
#13378 = ( GEOMETRIC_REPRESENTATION_CONTEXT(2) 
PARAMETRIC_REPRESENTATION_CONTEXT() REPRESENTATION_CONTEXT('2D SPACE',''
  ) );
#13379 = PCURVE('',#13303,#13380);
#13380 = DEFINITIONAL_REPRESENTATION('',(#13381),#13385);
#13381 = LINE('',#13382,#13383);
#13382 = CARTESIAN_POINT('',(0.,0.));
#13383 = VECTOR('',#13384,1.);
#13384 = DIRECTION('',(0.,1.));
#13385 = ( GEOMETRIC_REPRESENTATION_CONTEXT(2) 
PARAMETRIC_REPRESENTATION_CONTEXT() REPRESENTATION_CONTEXT('2D SPACE',''
  ) );
#13386 = ADVANCED_FACE('',(#13387),#5628,.F.);
#13387 = FACE_BOUND('',#13388,.F.);
#13388 = EDGE_LOOP('',(#13389,#13390,#13391,#13392,#13415));
#13389 = ORIENTED_EDGE('',*,*,#13343,.F.);
#13390 = ORIENTED_EDGE('',*,*,#5695,.F.);
#13391 = ORIENTED_EDGE('',*,*,#5611,.F.);
#13392 = ORIENTED_EDGE('',*,*,#13393,.T.);
#13393 = EDGE_CURVE('',#5584,#13394,#13396,.T.);
#13394 = VERTEX_POINT('',#13395);
#13395 = CARTESIAN_POINT('',(14.525491870897,-3.087488608644,1.7));
#13396 = SURFACE_CURVE('',#13397,(#13401,#13408),.PCURVE_S1.);
#13397 = LINE('',#13398,#13399);
#13398 = CARTESIAN_POINT('',(15.992713271998,-3.39935614487,3.));
#13399 = VECTOR('',#13400,1.);
#13400 = DIRECTION('',(-0.739175463232,0.157116594935,-0.654930538418));
#13401 = PCURVE('',#5628,#13402);
#13402 = DEFINITIONAL_REPRESENTATION('',(#13403),#13407);
#13403 = LINE('',#13404,#13405);
#13404 = CARTESIAN_POINT('',(-0.418879020479,-0.));
#13405 = VECTOR('',#13406,1.);
#13406 = DIRECTION('',(-0.,-1.));
#13407 = ( GEOMETRIC_REPRESENTATION_CONTEXT(2) 
PARAMETRIC_REPRESENTATION_CONTEXT() REPRESENTATION_CONTEXT('2D SPACE',''
  ) );
#13408 = PCURVE('',#5599,#13409);
#13409 = DEFINITIONAL_REPRESENTATION('',(#13410),#13414);
#13410 = LINE('',#13411,#13412);
#13411 = CARTESIAN_POINT('',(1.5,0.485409770453));
#13412 = VECTOR('',#13413,1.);
#13413 = DIRECTION('',(-0.654930538418,-0.75568908279));
#13414 = ( GEOMETRIC_REPRESENTATION_CONTEXT(2) 
PARAMETRIC_REPRESENTATION_CONTEXT() REPRESENTATION_CONTEXT('2D SPACE',''
  ) );
#13415 = ORIENTED_EDGE('',*,*,#13416,.F.);
#13416 = EDGE_CURVE('',#13344,#13394,#13417,.T.);
#13417 = SURFACE_CURVE('',#13418,(#13423,#13430),.PCURVE_S1.);
#13418 = CIRCLE('',#13419,14.85);
#13419 = AXIS2_PLACEMENT_3D('',#13420,#13421,#13422);
#13420 = CARTESIAN_POINT('',(0.,0.,1.7));
#13421 = DIRECTION('',(-0.,0.,-1.));
#13422 = DIRECTION('',(0.978147600734,0.207911690818,-0.));
#13423 = PCURVE('',#5628,#13424);
#13424 = DEFINITIONAL_REPRESENTATION('',(#13425),#13429);
#13425 = LINE('',#13426,#13427);
#13426 = CARTESIAN_POINT('',(-0.,-1.3));
#13427 = VECTOR('',#13428,1.);
#13428 = DIRECTION('',(-1.,-0.));
#13429 = ( GEOMETRIC_REPRESENTATION_CONTEXT(2) 
PARAMETRIC_REPRESENTATION_CONTEXT() REPRESENTATION_CONTEXT('2D SPACE',''
  ) );
#13430 = PCURVE('',#13303,#13431);
#13431 = DEFINITIONAL_REPRESENTATION('',(#13432),#13436);
#13432 = LINE('',#13433,#13434);
#13433 = CARTESIAN_POINT('',(0.,0.));
#13434 = VECTOR('',#13435,1.);
#13435 = DIRECTION('',(1.,0.));
#13436 = ( GEOMETRIC_REPRESENTATION_CONTEXT(2) 
PARAMETRIC_REPRESENTATION_CONTEXT() REPRESENTATION_CONTEXT('2D SPACE',''
  ) );
#13437 = ADVANCED_FACE('',(#13438,#13468),#5678,.T.);
#13438 = FACE_BOUND('',#13439,.F.);
#13439 = EDGE_LOOP('',(#13440));
#13440 = ORIENTED_EDGE('',*,*,#13441,.T.);
#13441 = EDGE_CURVE('',#13442,#13442,#13444,.T.);
#13442 = VERTEX_POINT('',#13443);
#13443 = CARTESIAN_POINT('',(19.5,0.,8.));
#13444 = SURFACE_CURVE('',#13445,(#13450,#13461),.PCURVE_S1.);
#13445 = CIRCLE('',#13446,19.5);
#13446 = AXIS2_PLACEMENT_3D('',#13447,#13448,#13449);
#13447 = CARTESIAN_POINT('',(0.,0.,8.));
#13448 = DIRECTION('',(0.,0.,-1.));
#13449 = DIRECTION('',(1.,-0.,-0.));
#13450 = PCURVE('',#5678,#13451);
#13451 = DEFINITIONAL_REPRESENTATION('',(#13452),#13460);
#13452 = ( BOUNDED_CURVE() B_SPLINE_CURVE(2,(#13453,#13454,#13455,#13456
    ,#13457,#13458,#13459),.UNSPECIFIED.,.T.,.F.) 
B_SPLINE_CURVE_WITH_KNOTS((1,2,2,2,2,1),(-2.094395102393,0.,
    2.094395102393,4.188790204786,6.28318530718,8.377580409573),
.UNSPECIFIED.) CURVE() GEOMETRIC_REPRESENTATION_ITEM() 
RATIONAL_B_SPLINE_CURVE((1.,0.5,1.,0.5,1.,0.5,1.)) REPRESENTATION_ITEM(
  '') );
#13453 = CARTESIAN_POINT('',(-19.5,-3.259817405866E-16));
#13454 = CARTESIAN_POINT('',(-19.5,33.774990747593));
#13455 = CARTESIAN_POINT('',(9.75,16.887495373797));
#13456 = CARTESIAN_POINT('',(39.,4.450140776088E-15));
#13457 = CARTESIAN_POINT('',(9.75,-16.88749537379));
#13458 = CARTESIAN_POINT('',(-19.5,-33.77499074759));
#13459 = CARTESIAN_POINT('',(-19.5,-3.259817405866E-16));
#13460 = ( GEOMETRIC_REPRESENTATION_CONTEXT(2) 
PARAMETRIC_REPRESENTATION_CONTEXT() REPRESENTATION_CONTEXT('2D SPACE',''
  ) );
#13461 = PCURVE('',#9303,#13462);
#13462 = DEFINITIONAL_REPRESENTATION('',(#13463),#13467);
#13463 = LINE('',#13464,#13465);
#13464 = CARTESIAN_POINT('',(0.,-6.));
#13465 = VECTOR('',#13466,1.);
#13466 = DIRECTION('',(1.,0.));
#13467 = ( GEOMETRIC_REPRESENTATION_CONTEXT(2) 
PARAMETRIC_REPRESENTATION_CONTEXT() REPRESENTATION_CONTEXT('2D SPACE',''
  ) );
#13468 = FACE_BOUND('',#13469,.F.);
#13469 = EDGE_LOOP('',(#13470));
#13470 = ORIENTED_EDGE('',*,*,#5663,.F.);
#13471 = ADVANCED_FACE('',(#13472),#5599,.F.);
#13472 = FACE_BOUND('',#13473,.T.);
#13473 = EDGE_LOOP('',(#13474,#13475,#13476,#13477));
#13474 = ORIENTED_EDGE('',*,*,#13315,.T.);
#13475 = ORIENTED_EDGE('',*,*,#5583,.F.);
#13476 = ORIENTED_EDGE('',*,*,#13393,.T.);
#13477 = ORIENTED_EDGE('',*,*,#13478,.T.);
#13478 = EDGE_CURVE('',#13394,#13287,#13479,.T.);
#13479 = SURFACE_CURVE('',#13480,(#13484,#13491),.PCURVE_S1.);
#13480 = LINE('',#13481,#13482);
#13481 = CARTESIAN_POINT('',(14.525491870897,-3.087488608644,1.7));
#13482 = VECTOR('',#13483,1.);
#13483 = DIRECTION('',(-0.,-0.,-1.));
#13484 = PCURVE('',#5599,#13485);
#13485 = DEFINITIONAL_REPRESENTATION('',(#13486),#13490);
#13486 = LINE('',#13487,#13488);
#13487 = CARTESIAN_POINT('',(0.2,-1.014590229547));
#13488 = VECTOR('',#13489,1.);
#13489 = DIRECTION('',(-1.,0.));
#13490 = ( GEOMETRIC_REPRESENTATION_CONTEXT(2) 
PARAMETRIC_REPRESENTATION_CONTEXT() REPRESENTATION_CONTEXT('2D SPACE',''
  ) );
#13491 = PCURVE('',#13303,#13492);
#13492 = DEFINITIONAL_REPRESENTATION('',(#13493),#13497);
#13493 = LINE('',#13494,#13495);
#13494 = CARTESIAN_POINT('',(0.418879020479,0.));
#13495 = VECTOR('',#13496,1.);
#13496 = DIRECTION('',(0.,1.));
#13497 = ( GEOMETRIC_REPRESENTATION_CONTEXT(2) 
PARAMETRIC_REPRESENTATION_CONTEXT() REPRESENTATION_CONTEXT('2D SPACE',''
  ) );
#13498 = ADVANCED_FACE('',(#13499),#5789,.F.);
#13499 = FACE_BOUND('',#13500,.T.);
#13500 = EDGE_LOOP('',(#13501,#13524,#13525,#13548));
#13501 = ORIENTED_EDGE('',*,*,#13502,.T.);
#13502 = EDGE_CURVE('',#13503,#5774,#13505,.T.);
#13503 = VERTEX_POINT('',#13504);
#13504 = CARTESIAN_POINT('',(-14.52549187089,3.087488608644,1.3));
#13505 = SURFACE_CURVE('',#13506,(#13510,#13517),.PCURVE_S1.);
#13506 = LINE('',#13507,#13508);
#13507 = CARTESIAN_POINT('',(-14.52549187089,3.087488608644,1.3));
#13508 = VECTOR('',#13509,1.);
#13509 = DIRECTION('',(-0.739175463232,0.157116594935,-0.654930538418));
#13510 = PCURVE('',#5789,#13511);
#13511 = DEFINITIONAL_REPRESENTATION('',(#13512),#13516);
#13512 = LINE('',#13513,#13514);
#13513 = CARTESIAN_POINT('',(-0.2,-1.014590229547));
#13514 = VECTOR('',#13515,1.);
#13515 = DIRECTION('',(-0.654930538418,0.75568908279));
#13516 = ( GEOMETRIC_REPRESENTATION_CONTEXT(2) 
PARAMETRIC_REPRESENTATION_CONTEXT() REPRESENTATION_CONTEXT('2D SPACE',''
  ) );
#13517 = PCURVE('',#5873,#13518);
#13518 = DEFINITIONAL_REPRESENTATION('',(#13519),#13523);
#13519 = LINE('',#13520,#13521);
#13520 = CARTESIAN_POINT('',(0.418879020479,0.));
#13521 = VECTOR('',#13522,1.);
#13522 = DIRECTION('',(0.,1.));
#13523 = ( GEOMETRIC_REPRESENTATION_CONTEXT(2) 
PARAMETRIC_REPRESENTATION_CONTEXT() REPRESENTATION_CONTEXT('2D SPACE',''
  ) );
#13524 = ORIENTED_EDGE('',*,*,#5771,.F.);
#13525 = ORIENTED_EDGE('',*,*,#13526,.T.);
#13526 = EDGE_CURVE('',#5772,#13527,#13529,.T.);
#13527 = VERTEX_POINT('',#13528);
#13528 = CARTESIAN_POINT('',(-14.52549187089,3.087488608644,1.7));
#13529 = SURFACE_CURVE('',#13530,(#13534,#13541),.PCURVE_S1.);
#13530 = LINE('',#13531,#13532);
#13531 = CARTESIAN_POINT('',(-15.99271327199,3.39935614487,3.));
#13532 = VECTOR('',#13533,1.);
#13533 = DIRECTION('',(0.739175463232,-0.157116594935,-0.654930538418));
#13534 = PCURVE('',#5789,#13535);
#13535 = DEFINITIONAL_REPRESENTATION('',(#13536),#13540);
#13536 = LINE('',#13537,#13538);
#13537 = CARTESIAN_POINT('',(1.5,0.485409770453));
#13538 = VECTOR('',#13539,1.);
#13539 = DIRECTION('',(-0.654930538418,-0.75568908279));
#13540 = ( GEOMETRIC_REPRESENTATION_CONTEXT(2) 
PARAMETRIC_REPRESENTATION_CONTEXT() REPRESENTATION_CONTEXT('2D SPACE',''
  ) );
#13541 = PCURVE('',#5818,#13542);
#13542 = DEFINITIONAL_REPRESENTATION('',(#13543),#13547);
#13543 = LINE('',#13544,#13545);
#13544 = CARTESIAN_POINT('',(-0.418879020479,-0.));
#13545 = VECTOR('',#13546,1.);
#13546 = DIRECTION('',(-0.,-1.));
#13547 = ( GEOMETRIC_REPRESENTATION_CONTEXT(2) 
PARAMETRIC_REPRESENTATION_CONTEXT() REPRESENTATION_CONTEXT('2D SPACE',''
  ) );
#13548 = ORIENTED_EDGE('',*,*,#13549,.T.);
#13549 = EDGE_CURVE('',#13527,#13503,#13550,.T.);
#13550 = SURFACE_CURVE('',#13551,(#13555,#13562),.PCURVE_S1.);
#13551 = LINE('',#13552,#13553);
#13552 = CARTESIAN_POINT('',(-14.52549187089,3.087488608644,1.7));
#13553 = VECTOR('',#13554,1.);
#13554 = DIRECTION('',(-0.,-0.,-1.));
#13555 = PCURVE('',#5789,#13556);
#13556 = DEFINITIONAL_REPRESENTATION('',(#13557),#13561);
#13557 = LINE('',#13558,#13559);
#13558 = CARTESIAN_POINT('',(0.2,-1.014590229547));
#13559 = VECTOR('',#13560,1.);
#13560 = DIRECTION('',(-1.,0.));
#13561 = ( GEOMETRIC_REPRESENTATION_CONTEXT(2) 
PARAMETRIC_REPRESENTATION_CONTEXT() REPRESENTATION_CONTEXT('2D SPACE',''
  ) );
#13562 = PCURVE('',#13563,#13568);
#13563 = CYLINDRICAL_SURFACE('',#13564,14.85);
#13564 = AXIS2_PLACEMENT_3D('',#13565,#13566,#13567);
#13565 = CARTESIAN_POINT('',(0.,0.,1.7));
#13566 = DIRECTION('',(-0.,-0.,-1.));
#13567 = DIRECTION('',(-0.978147600734,-0.207911690818,-0.));
#13568 = DEFINITIONAL_REPRESENTATION('',(#13569),#13573);
#13569 = LINE('',#13570,#13571);
#13570 = CARTESIAN_POINT('',(0.418879020479,0.));
#13571 = VECTOR('',#13572,1.);
#13572 = DIRECTION('',(0.,1.));
#13573 = ( GEOMETRIC_REPRESENTATION_CONTEXT(2) 
PARAMETRIC_REPRESENTATION_CONTEXT() REPRESENTATION_CONTEXT('2D SPACE',''
  ) );
#13574 = ADVANCED_FACE('',(#13575),#5873,.F.);
#13575 = FACE_BOUND('',#13576,.F.);
#13576 = EDGE_LOOP('',(#13577,#13600,#13622,#13623));
#13577 = ORIENTED_EDGE('',*,*,#13578,.F.);
#13578 = EDGE_CURVE('',#13579,#5831,#13581,.T.);
#13579 = VERTEX_POINT('',#13580);
#13580 = CARTESIAN_POINT('',(-14.52549187089,-3.087488608644,1.3));
#13581 = SURFACE_CURVE('',#13582,(#13586,#13593),.PCURVE_S1.);
#13582 = LINE('',#13583,#13584);
#13583 = CARTESIAN_POINT('',(-14.52549187089,-3.087488608644,1.3));
#13584 = VECTOR('',#13585,1.);
#13585 = DIRECTION('',(-0.739175463232,-0.157116594935,-0.654930538418)
  );
#13586 = PCURVE('',#5873,#13587);
#13587 = DEFINITIONAL_REPRESENTATION('',(#13588),#13592);
#13588 = LINE('',#13589,#13590);
#13589 = CARTESIAN_POINT('',(0.,0.));
#13590 = VECTOR('',#13591,1.);
#13591 = DIRECTION('',(0.,1.));
#13592 = ( GEOMETRIC_REPRESENTATION_CONTEXT(2) 
PARAMETRIC_REPRESENTATION_CONTEXT() REPRESENTATION_CONTEXT('2D SPACE',''
  ) );
#13593 = PCURVE('',#5846,#13594);
#13594 = DEFINITIONAL_REPRESENTATION('',(#13595),#13599);
#13595 = LINE('',#13596,#13597);
#13596 = CARTESIAN_POINT('',(-0.2,-1.014590229547));
#13597 = VECTOR('',#13598,1.);
#13598 = DIRECTION('',(-0.654930538418,0.75568908279));
#13599 = ( GEOMETRIC_REPRESENTATION_CONTEXT(2) 
PARAMETRIC_REPRESENTATION_CONTEXT() REPRESENTATION_CONTEXT('2D SPACE',''
  ) );
#13600 = ORIENTED_EDGE('',*,*,#13601,.T.);
#13601 = EDGE_CURVE('',#13579,#13503,#13602,.T.);
#13602 = SURFACE_CURVE('',#13603,(#13608,#13615),.PCURVE_S1.);
#13603 = CIRCLE('',#13604,14.85);
#13604 = AXIS2_PLACEMENT_3D('',#13605,#13606,#13607);
#13605 = CARTESIAN_POINT('',(0.,0.,1.3));
#13606 = DIRECTION('',(0.,0.,-1.));
#13607 = DIRECTION('',(-0.978147600734,-0.207911690818,-0.));
#13608 = PCURVE('',#5873,#13609);
#13609 = DEFINITIONAL_REPRESENTATION('',(#13610),#13614);
#13610 = LINE('',#13611,#13612);
#13611 = CARTESIAN_POINT('',(0.,0.));
#13612 = VECTOR('',#13613,1.);
#13613 = DIRECTION('',(1.,0.));
#13614 = ( GEOMETRIC_REPRESENTATION_CONTEXT(2) 
PARAMETRIC_REPRESENTATION_CONTEXT() REPRESENTATION_CONTEXT('2D SPACE',''
  ) );
#13615 = PCURVE('',#13563,#13616);
#13616 = DEFINITIONAL_REPRESENTATION('',(#13617),#13621);
#13617 = LINE('',#13618,#13619);
#13618 = CARTESIAN_POINT('',(0.,0.4));
#13619 = VECTOR('',#13620,1.);
#13620 = DIRECTION('',(1.,0.));
#13621 = ( GEOMETRIC_REPRESENTATION_CONTEXT(2) 
PARAMETRIC_REPRESENTATION_CONTEXT() REPRESENTATION_CONTEXT('2D SPACE',''
  ) );
#13622 = ORIENTED_EDGE('',*,*,#13502,.T.);
#13623 = ORIENTED_EDGE('',*,*,#5858,.T.);
#13624 = ADVANCED_FACE('',(#13625),#5846,.T.);
#13625 = FACE_BOUND('',#13626,.F.);
#13626 = EDGE_LOOP('',(#13627,#13628,#13629,#13652));
#13627 = ORIENTED_EDGE('',*,*,#13578,.T.);
#13628 = ORIENTED_EDGE('',*,*,#5830,.F.);
#13629 = ORIENTED_EDGE('',*,*,#13630,.T.);
#13630 = EDGE_CURVE('',#5802,#13631,#13633,.T.);
#13631 = VERTEX_POINT('',#13632);
#13632 = CARTESIAN_POINT('',(-14.52549187089,-3.087488608644,1.7));
#13633 = SURFACE_CURVE('',#13634,(#13638,#13645),.PCURVE_S1.);
#13634 = LINE('',#13635,#13636);
#13635 = CARTESIAN_POINT('',(-15.99271327199,-3.39935614487,3.));
#13636 = VECTOR('',#13637,1.);
#13637 = DIRECTION('',(0.739175463232,0.157116594935,-0.654930538418));
#13638 = PCURVE('',#5846,#13639);
#13639 = DEFINITIONAL_REPRESENTATION('',(#13640),#13644);
#13640 = LINE('',#13641,#13642);
#13641 = CARTESIAN_POINT('',(1.5,0.485409770453));
#13642 = VECTOR('',#13643,1.);
#13643 = DIRECTION('',(-0.654930538418,-0.75568908279));
#13644 = ( GEOMETRIC_REPRESENTATION_CONTEXT(2) 
PARAMETRIC_REPRESENTATION_CONTEXT() REPRESENTATION_CONTEXT('2D SPACE',''
  ) );
#13645 = PCURVE('',#5818,#13646);
#13646 = DEFINITIONAL_REPRESENTATION('',(#13647),#13651);
#13647 = LINE('',#13648,#13649);
#13648 = CARTESIAN_POINT('',(-0.,-0.));
#13649 = VECTOR('',#13650,1.);
#13650 = DIRECTION('',(-0.,-1.));
#13651 = ( GEOMETRIC_REPRESENTATION_CONTEXT(2) 
PARAMETRIC_REPRESENTATION_CONTEXT() REPRESENTATION_CONTEXT('2D SPACE',''
  ) );
#13652 = ORIENTED_EDGE('',*,*,#13653,.T.);
#13653 = EDGE_CURVE('',#13631,#13579,#13654,.T.);
#13654 = SURFACE_CURVE('',#13655,(#13659,#13666),.PCURVE_S1.);
#13655 = LINE('',#13656,#13657);
#13656 = CARTESIAN_POINT('',(-14.52549187089,-3.087488608644,1.7));
#13657 = VECTOR('',#13658,1.);
#13658 = DIRECTION('',(-0.,-0.,-1.));
#13659 = PCURVE('',#5846,#13660);
#13660 = DEFINITIONAL_REPRESENTATION('',(#13661),#13665);
#13661 = LINE('',#13662,#13663);
#13662 = CARTESIAN_POINT('',(0.2,-1.014590229547));
#13663 = VECTOR('',#13664,1.);
#13664 = DIRECTION('',(-1.,0.));
#13665 = ( GEOMETRIC_REPRESENTATION_CONTEXT(2) 
PARAMETRIC_REPRESENTATION_CONTEXT() REPRESENTATION_CONTEXT('2D SPACE',''
  ) );
#13666 = PCURVE('',#13563,#13667);
#13667 = DEFINITIONAL_REPRESENTATION('',(#13668),#13672);
#13668 = LINE('',#13669,#13670);
#13669 = CARTESIAN_POINT('',(0.,0.));
#13670 = VECTOR('',#13671,1.);
#13671 = DIRECTION('',(0.,1.));
#13672 = ( GEOMETRIC_REPRESENTATION_CONTEXT(2) 
PARAMETRIC_REPRESENTATION_CONTEXT() REPRESENTATION_CONTEXT('2D SPACE',''
  ) );
#13673 = ADVANCED_FACE('',(#13674),#5818,.F.);
#13674 = FACE_BOUND('',#13675,.F.);
#13675 = EDGE_LOOP('',(#13676,#13677,#13678,#13679));
#13676 = ORIENTED_EDGE('',*,*,#13630,.F.);
#13677 = ORIENTED_EDGE('',*,*,#5801,.F.);
#13678 = ORIENTED_EDGE('',*,*,#13526,.T.);
#13679 = ORIENTED_EDGE('',*,*,#13680,.F.);
#13680 = EDGE_CURVE('',#13631,#13527,#13681,.T.);
#13681 = SURFACE_CURVE('',#13682,(#13687,#13694),.PCURVE_S1.);
#13682 = CIRCLE('',#13683,14.85);
#13683 = AXIS2_PLACEMENT_3D('',#13684,#13685,#13686);
#13684 = CARTESIAN_POINT('',(0.,0.,1.7));
#13685 = DIRECTION('',(0.,0.,-1.));
#13686 = DIRECTION('',(-0.978147600734,-0.207911690818,-0.));
#13687 = PCURVE('',#5818,#13688);
#13688 = DEFINITIONAL_REPRESENTATION('',(#13689),#13693);
#13689 = LINE('',#13690,#13691);
#13690 = CARTESIAN_POINT('',(-0.,-1.3));
#13691 = VECTOR('',#13692,1.);
#13692 = DIRECTION('',(-1.,-0.));
#13693 = ( GEOMETRIC_REPRESENTATION_CONTEXT(2) 
PARAMETRIC_REPRESENTATION_CONTEXT() REPRESENTATION_CONTEXT('2D SPACE',''
  ) );
#13694 = PCURVE('',#13563,#13695);
#13695 = DEFINITIONAL_REPRESENTATION('',(#13696),#13700);
#13696 = LINE('',#13697,#13698);
#13697 = CARTESIAN_POINT('',(0.,0.));
#13698 = VECTOR('',#13699,1.);
#13699 = DIRECTION('',(1.,0.));
#13700 = ( GEOMETRIC_REPRESENTATION_CONTEXT(2) 
PARAMETRIC_REPRESENTATION_CONTEXT() REPRESENTATION_CONTEXT('2D SPACE',''
  ) );
#13701 = ADVANCED_FACE('',(#13702),#5928,.T.);
#13702 = FACE_BOUND('',#13703,.F.);
#13703 = EDGE_LOOP('',(#13704,#13705,#13706,#13728,#13729,#13730));
#13704 = ORIENTED_EDGE('',*,*,#6082,.T.);
#13705 = ORIENTED_EDGE('',*,*,#6463,.T.);
#13706 = ORIENTED_EDGE('',*,*,#13707,.F.);
#13707 = EDGE_CURVE('',#6414,#6464,#13708,.T.);
#13708 = SURFACE_CURVE('',#13709,(#13714,#13721),.PCURVE_S1.);
#13709 = CIRCLE('',#13710,29.6);
#13710 = AXIS2_PLACEMENT_3D('',#13711,#13712,#13713);
#13711 = CARTESIAN_POINT('',(-3.552713678801E-15,-1.7763568394E-15,2.));
#13712 = DIRECTION('',(-0.,0.,-1.));
#13713 = DIRECTION('',(1.,2.851448545394E-16,-0.));
#13714 = PCURVE('',#5928,#13715);
#13715 = DEFINITIONAL_REPRESENTATION('',(#13716),#13720);
#13716 = CIRCLE('',#13717,29.6);
#13717 = AXIS2_PLACEMENT_2D('',#13718,#13719);
#13718 = CARTESIAN_POINT('',(-35.125,7.105427357601E-15));
#13719 = DIRECTION('',(0.866025403784,-0.5));
#13720 = ( GEOMETRIC_REPRESENTATION_CONTEXT(2) 
PARAMETRIC_REPRESENTATION_CONTEXT() REPRESENTATION_CONTEXT('2D SPACE',''
  ) );
#13721 = PCURVE('',#10199,#13722);
#13722 = DEFINITIONAL_REPRESENTATION('',(#13723),#13727);
#13723 = LINE('',#13724,#13725);
#13724 = CARTESIAN_POINT('',(0.,0.));
#13725 = VECTOR('',#13726,1.);
#13726 = DIRECTION('',(1.,0.));
#13727 = ( GEOMETRIC_REPRESENTATION_CONTEXT(2) 
PARAMETRIC_REPRESENTATION_CONTEXT() REPRESENTATION_CONTEXT('2D SPACE',''
  ) );
#13728 = ORIENTED_EDGE('',*,*,#6436,.T.);
#13729 = ORIENTED_EDGE('',*,*,#5911,.T.);
#13730 = ORIENTED_EDGE('',*,*,#13731,.F.);
#13731 = EDGE_CURVE('',#6054,#5912,#13732,.T.);
#13732 = SURFACE_CURVE('',#13733,(#13738,#13749),.PCURVE_S1.);
#13733 = CIRCLE('',#13734,28.8);
#13734 = AXIS2_PLACEMENT_3D('',#13735,#13736,#13737);
#13735 = CARTESIAN_POINT('',(-3.552713678801E-15,4.440892098501E-15,2.)
  );
#13736 = DIRECTION('',(0.,-0.,1.));
#13737 = DIRECTION('',(-1.,-1.364504165456E-16,-0.));
#13738 = PCURVE('',#5928,#13739);
#13739 = DEFINITIONAL_REPRESENTATION('',(#13740),#13748);
#13740 = ( BOUNDED_CURVE() B_SPLINE_CURVE(2,(#13741,#13742,#13743,#13744
    ,#13745,#13746,#13747),.UNSPECIFIED.,.T.,.F.) 
B_SPLINE_CURVE_WITH_KNOTS((1,2,2,2,2,1),(-2.094395102393,0.,
    2.094395102393,4.188790204786,6.28318530718,8.377580409573),
.UNSPECIFIED.) CURVE() GEOMETRIC_REPRESENTATION_ITEM() 
RATIONAL_B_SPLINE_CURVE((1.,0.5,1.,0.5,1.,0.5,1.)) REPRESENTATION_ITEM(
  '') );
#13741 = CARTESIAN_POINT('',(-60.06653162899,14.4));
#13742 = CARTESIAN_POINT('',(-35.125,57.6));
#13743 = CARTESIAN_POINT('',(-10.183468371,14.4));
#13744 = CARTESIAN_POINT('',(14.758063257984,-28.8));
#13745 = CARTESIAN_POINT('',(-35.125,-28.8));
#13746 = CARTESIAN_POINT('',(-85.00806325798,-28.8));
#13747 = CARTESIAN_POINT('',(-60.06653162899,14.4));
#13748 = ( GEOMETRIC_REPRESENTATION_CONTEXT(2) 
PARAMETRIC_REPRESENTATION_CONTEXT() REPRESENTATION_CONTEXT('2D SPACE',''
  ) );
#13749 = PCURVE('',#8710,#13750);
#13750 = DEFINITIONAL_REPRESENTATION('',(#13751),#13755);
#13751 = LINE('',#13752,#13753);
#13752 = CARTESIAN_POINT('',(-0.,0.));
#13753 = VECTOR('',#13754,1.);
#13754 = DIRECTION('',(-1.,0.));
#13755 = ( GEOMETRIC_REPRESENTATION_CONTEXT(2) 
PARAMETRIC_REPRESENTATION_CONTEXT() REPRESENTATION_CONTEXT('2D SPACE',''
  ) );
#13756 = ADVANCED_FACE('',(#13757),#5985,.T.);
#13757 = FACE_BOUND('',#13758,.F.);
#13758 = EDGE_LOOP('',(#13759,#13760,#13782,#13783));
#13759 = ORIENTED_EDGE('',*,*,#6025,.T.);
#13760 = ORIENTED_EDGE('',*,*,#13761,.F.);
#13761 = EDGE_CURVE('',#5945,#6026,#13762,.T.);
#13762 = SURFACE_CURVE('',#13763,(#13768,#13775),.PCURVE_S1.);
#13763 = CIRCLE('',#13764,27.4);
#13764 = AXIS2_PLACEMENT_3D('',#13765,#13766,#13767);
#13765 = CARTESIAN_POINT('',(3.552713678801E-15,3.552713678801E-15,2.));
#13766 = DIRECTION('',(0.,0.,-1.));
#13767 = DIRECTION('',(1.,-7.957102907278E-17,-0.));
#13768 = PCURVE('',#5985,#13769);
#13769 = DEFINITIONAL_REPRESENTATION('',(#13770),#13774);
#13770 = CIRCLE('',#13771,27.4);
#13771 = AXIS2_PLACEMENT_2D('',#13772,#13773);
#13772 = CARTESIAN_POINT('',(-35.125,-3.552713678801E-15));
#13773 = DIRECTION('',(0.866025403784,-0.5));
#13774 = ( GEOMETRIC_REPRESENTATION_CONTEXT(2) 
PARAMETRIC_REPRESENTATION_CONTEXT() REPRESENTATION_CONTEXT('2D SPACE',''
  ) );
#13775 = PCURVE('',#8680,#13776);
#13776 = DEFINITIONAL_REPRESENTATION('',(#13777),#13781);
#13777 = LINE('',#13778,#13779);
#13778 = CARTESIAN_POINT('',(0.,0.));
#13779 = VECTOR('',#13780,1.);
#13780 = DIRECTION('',(1.,0.));
#13781 = ( GEOMETRIC_REPRESENTATION_CONTEXT(2) 
PARAMETRIC_REPRESENTATION_CONTEXT() REPRESENTATION_CONTEXT('2D SPACE',''
  ) );
#13782 = ORIENTED_EDGE('',*,*,#5968,.T.);
#13783 = ORIENTED_EDGE('',*,*,#13784,.F.);
#13784 = EDGE_CURVE('',#6002,#5969,#13785,.T.);
#13785 = SURFACE_CURVE('',#13786,(#13791,#13802),.PCURVE_S1.);
#13786 = CIRCLE('',#13787,26.6);
#13787 = AXIS2_PLACEMENT_3D('',#13788,#13789,#13790);
#13788 = CARTESIAN_POINT('',(2.6645352591E-15,-8.881784197001E-16,2.));
#13789 = DIRECTION('',(0.,-0.,1.));
#13790 = DIRECTION('',(-1.,-2.8095161389E-18,-0.));
#13791 = PCURVE('',#5985,#13792);
#13792 = DEFINITIONAL_REPRESENTATION('',(#13793),#13801);
#13793 = ( BOUNDED_CURVE() B_SPLINE_CURVE(2,(#13794,#13795,#13796,#13797
    ,#13798,#13799,#13800),.UNSPECIFIED.,.T.,.F.) 
B_SPLINE_CURVE_WITH_KNOTS((1,2,2,2,2,1),(-2.094395102393,0.,
    2.094395102393,4.188790204786,6.28318530718,8.377580409573),
.UNSPECIFIED.) CURVE() GEOMETRIC_REPRESENTATION_ITEM() 
RATIONAL_B_SPLINE_CURVE((1.,0.5,1.,0.5,1.,0.5,1.)) REPRESENTATION_ITEM(
  '') );
#13794 = CARTESIAN_POINT('',(-58.16127574066,13.3));
#13795 = CARTESIAN_POINT('',(-35.125,53.2));
#13796 = CARTESIAN_POINT('',(-12.08872425933,13.3));
#13797 = CARTESIAN_POINT('',(10.947551481332,-26.6));
#13798 = CARTESIAN_POINT('',(-35.125,-26.6));
#13799 = CARTESIAN_POINT('',(-81.19755148133,-26.6));
#13800 = CARTESIAN_POINT('',(-58.16127574066,13.3));
#13801 = ( GEOMETRIC_REPRESENTATION_CONTEXT(2) 
PARAMETRIC_REPRESENTATION_CONTEXT() REPRESENTATION_CONTEXT('2D SPACE',''
  ) );
#13802 = PCURVE('',#9054,#13803);
#13803 = DEFINITIONAL_REPRESENTATION('',(#13804),#13808);
#13804 = LINE('',#13805,#13806);
#13805 = CARTESIAN_POINT('',(-0.,0.));
#13806 = VECTOR('',#13807,1.);
#13807 = DIRECTION('',(-1.,0.));
#13808 = ( GEOMETRIC_REPRESENTATION_CONTEXT(2) 
PARAMETRIC_REPRESENTATION_CONTEXT() REPRESENTATION_CONTEXT('2D SPACE',''
  ) );
#13809 = ADVANCED_FACE('',(#13810),#6070,.T.);
#13810 = FACE_BOUND('',#13811,.F.);
#13811 = EDGE_LOOP('',(#13812,#13838,#13839,#13861));
#13812 = ORIENTED_EDGE('',*,*,#13813,.F.);
#13813 = EDGE_CURVE('',#6026,#6963,#13814,.T.);
#13814 = SURFACE_CURVE('',#13815,(#13820,#13831),.PCURVE_S1.);
#13815 = CIRCLE('',#13816,27.4);
#13816 = AXIS2_PLACEMENT_3D('',#13817,#13818,#13819);
#13817 = CARTESIAN_POINT('',(3.552713678801E-15,3.552713678801E-15,2.));
#13818 = DIRECTION('',(0.,0.,-1.));
#13819 = DIRECTION('',(1.,-7.957102907278E-17,-0.));
#13820 = PCURVE('',#6070,#13821);
#13821 = DEFINITIONAL_REPRESENTATION('',(#13822),#13830);
#13822 = ( BOUNDED_CURVE() B_SPLINE_CURVE(2,(#13823,#13824,#13825,#13826
    ,#13827,#13828,#13829),.UNSPECIFIED.,.T.,.F.) 
B_SPLINE_CURVE_WITH_KNOTS((1,2,2,2,2,1),(-2.094395102393,0.,
    2.094395102393,4.188790204786,6.28318530718,8.377580409573),
.UNSPECIFIED.) CURVE() GEOMETRIC_REPRESENTATION_ITEM() 
RATIONAL_B_SPLINE_CURVE((1.,0.5,1.,0.5,1.,0.5,1.)) REPRESENTATION_ITEM(
  '') );
#13823 = CARTESIAN_POINT('',(-27.4,-5.080070365248E-15));
#13824 = CARTESIAN_POINT('',(-27.4,47.458192127387));
#13825 = CARTESIAN_POINT('',(13.7,23.729096063694));
#13826 = CARTESIAN_POINT('',(54.8,-4.909744495703E-15));
#13827 = CARTESIAN_POINT('',(13.7,-23.72909606369));
#13828 = CARTESIAN_POINT('',(-27.4,-47.45819212738));
#13829 = CARTESIAN_POINT('',(-27.4,-5.080070365248E-15));
#13830 = ( GEOMETRIC_REPRESENTATION_CONTEXT(2) 
PARAMETRIC_REPRESENTATION_CONTEXT() REPRESENTATION_CONTEXT('2D SPACE',''
  ) );
#13831 = PCURVE('',#8680,#13832);
#13832 = DEFINITIONAL_REPRESENTATION('',(#13833),#13837);
#13833 = LINE('',#13834,#13835);
#13834 = CARTESIAN_POINT('',(0.,0.));
#13835 = VECTOR('',#13836,1.);
#13836 = DIRECTION('',(1.,0.));
#13837 = ( GEOMETRIC_REPRESENTATION_CONTEXT(2) 
PARAMETRIC_REPRESENTATION_CONTEXT() REPRESENTATION_CONTEXT('2D SPACE',''
  ) );
#13838 = ORIENTED_EDGE('',*,*,#6053,.T.);
#13839 = ORIENTED_EDGE('',*,*,#13840,.F.);
#13840 = EDGE_CURVE('',#6930,#6054,#13841,.T.);
#13841 = SURFACE_CURVE('',#13842,(#13847,#13854),.PCURVE_S1.);
#13842 = CIRCLE('',#13843,28.8);
#13843 = AXIS2_PLACEMENT_3D('',#13844,#13845,#13846);
#13844 = CARTESIAN_POINT('',(-3.552713678801E-15,4.440892098501E-15,2.)
  );
#13845 = DIRECTION('',(0.,-0.,1.));
#13846 = DIRECTION('',(-1.,-1.364504165456E-16,-0.));
#13847 = PCURVE('',#6070,#13848);
#13848 = DEFINITIONAL_REPRESENTATION('',(#13849),#13853);
#13849 = CIRCLE('',#13850,28.8);
#13850 = AXIS2_PLACEMENT_2D('',#13851,#13852);
#13851 = CARTESIAN_POINT('',(7.447082729441E-16,-8.148494981542E-15));
#13852 = DIRECTION('',(1.,1.364504165456E-16));
#13853 = ( GEOMETRIC_REPRESENTATION_CONTEXT(2) 
PARAMETRIC_REPRESENTATION_CONTEXT() REPRESENTATION_CONTEXT('2D SPACE',''
  ) );
#13854 = PCURVE('',#8710,#13855);
#13855 = DEFINITIONAL_REPRESENTATION('',(#13856),#13860);
#13856 = LINE('',#13857,#13858);
#13857 = CARTESIAN_POINT('',(-0.,0.));
#13858 = VECTOR('',#13859,1.);
#13859 = DIRECTION('',(-1.,0.));
#13860 = ( GEOMETRIC_REPRESENTATION_CONTEXT(2) 
PARAMETRIC_REPRESENTATION_CONTEXT() REPRESENTATION_CONTEXT('2D SPACE',''
  ) );
#13861 = ORIENTED_EDGE('',*,*,#6962,.T.);
#13862 = ADVANCED_FACE('',(#13863),#6197,.T.);
#13863 = FACE_BOUND('',#13864,.F.);
#13864 = EDGE_LOOP('',(#13865,#13891,#13892,#13914));
#13865 = ORIENTED_EDGE('',*,*,#13866,.F.);
#13866 = EDGE_CURVE('',#6691,#6182,#13867,.T.);
#13867 = SURFACE_CURVE('',#13868,(#13873,#13884),.PCURVE_S1.);
#13868 = CIRCLE('',#13869,39.8);
#13869 = AXIS2_PLACEMENT_3D('',#13870,#13871,#13872);
#13870 = CARTESIAN_POINT('',(3.552713678801E-15,0.,2.));
#13871 = DIRECTION('',(-0.,0.,1.));
#13872 = DIRECTION('',(-1.,8.329561164686E-18,-0.));
#13873 = PCURVE('',#6197,#13874);
#13874 = DEFINITIONAL_REPRESENTATION('',(#13875),#13883);
#13875 = ( BOUNDED_CURVE() B_SPLINE_CURVE(2,(#13876,#13877,#13878,#13879
    ,#13880,#13881,#13882),.UNSPECIFIED.,.T.,.F.) 
B_SPLINE_CURVE_WITH_KNOTS((1,2,2,2,2,1),(-2.094395102393,0.,
    2.094395102393,4.188790204786,6.28318530718,8.377580409573),
.UNSPECIFIED.) CURVE() GEOMETRIC_REPRESENTATION_ITEM() 
RATIONAL_B_SPLINE_CURVE((1.,0.5,1.,0.5,1.,0.5,1.)) REPRESENTATION_ITEM(
  '') );
#13876 = CARTESIAN_POINT('',(-69.59281107062,19.9));
#13877 = CARTESIAN_POINT('',(-35.125,79.6));
#13878 = CARTESIAN_POINT('',(-0.657188929379,19.9));
#13879 = CARTESIAN_POINT('',(33.810622141241,-39.8));
#13880 = CARTESIAN_POINT('',(-35.125,-39.8));
#13881 = CARTESIAN_POINT('',(-104.0606221412,-39.8));
#13882 = CARTESIAN_POINT('',(-69.59281107062,19.9));
#13883 = ( GEOMETRIC_REPRESENTATION_CONTEXT(2) 
PARAMETRIC_REPRESENTATION_CONTEXT() REPRESENTATION_CONTEXT('2D SPACE',''
  ) );
#13884 = PCURVE('',#9517,#13885);
#13885 = DEFINITIONAL_REPRESENTATION('',(#13886),#13890);
#13886 = LINE('',#13887,#13888);
#13887 = CARTESIAN_POINT('',(-0.,0.));
#13888 = VECTOR('',#13889,1.);
#13889 = DIRECTION('',(-1.,0.));
#13890 = ( GEOMETRIC_REPRESENTATION_CONTEXT(2) 
PARAMETRIC_REPRESENTATION_CONTEXT() REPRESENTATION_CONTEXT('2D SPACE',''
  ) );
#13891 = ORIENTED_EDGE('',*,*,#6718,.T.);
#13892 = ORIENTED_EDGE('',*,*,#13893,.F.);
#13893 = EDGE_CURVE('',#6159,#6719,#13894,.T.);
#13894 = SURFACE_CURVE('',#13895,(#13900,#13907),.PCURVE_S1.);
#13895 = CIRCLE('',#13896,40.6);
#13896 = AXIS2_PLACEMENT_3D('',#13897,#13898,#13899);
#13897 = CARTESIAN_POINT('',(0.,3.552713678801E-15,2.));
#13898 = DIRECTION('',(0.,0.,-1.));
#13899 = DIRECTION('',(1.,-1.112441602971E-17,-0.));
#13900 = PCURVE('',#6197,#13901);
#13901 = DEFINITIONAL_REPRESENTATION('',(#13902),#13906);
#13902 = CIRCLE('',#13903,40.6);
#13903 = AXIS2_PLACEMENT_2D('',#13904,#13905);
#13904 = CARTESIAN_POINT('',(-35.125,-1.7763568394E-15));
#13905 = DIRECTION('',(0.866025403784,-0.5));
#13906 = ( GEOMETRIC_REPRESENTATION_CONTEXT(2) 
PARAMETRIC_REPRESENTATION_CONTEXT() REPRESENTATION_CONTEXT('2D SPACE',''
  ) );
#13907 = PCURVE('',#7907,#13908);
#13908 = DEFINITIONAL_REPRESENTATION('',(#13909),#13913);
#13909 = LINE('',#13910,#13911);
#13910 = CARTESIAN_POINT('',(0.,0.));
#13911 = VECTOR('',#13912,1.);
#13912 = DIRECTION('',(1.,0.));
#13913 = ( GEOMETRIC_REPRESENTATION_CONTEXT(2) 
PARAMETRIC_REPRESENTATION_CONTEXT() REPRESENTATION_CONTEXT('2D SPACE',''
  ) );
#13914 = ORIENTED_EDGE('',*,*,#6181,.T.);
#13915 = ADVANCED_FACE('',(#13916),#6248,.T.);
#13916 = FACE_BOUND('',#13917,.F.);
#13917 = EDGE_LOOP('',(#13918,#13944,#13945,#13967));
#13918 = ORIENTED_EDGE('',*,*,#13919,.F.);
#13919 = EDGE_CURVE('',#6640,#6233,#13920,.T.);
#13920 = SURFACE_CURVE('',#13921,(#13926,#13937),.PCURVE_S1.);
#13921 = CIRCLE('',#13922,37.6);
#13922 = AXIS2_PLACEMENT_3D('',#13923,#13924,#13925);
#13923 = CARTESIAN_POINT('',(-1.7763568394E-15,1.7763568394E-15,2.));
#13924 = DIRECTION('',(-0.,0.,1.));
#13925 = DIRECTION('',(-1.,1.227639199325E-16,-0.));
#13926 = PCURVE('',#6248,#13927);
#13927 = DEFINITIONAL_REPRESENTATION('',(#13928),#13936);
#13928 = ( BOUNDED_CURVE() B_SPLINE_CURVE(2,(#13929,#13930,#13931,#13932
    ,#13933,#13934,#13935),.UNSPECIFIED.,.T.,.F.) 
B_SPLINE_CURVE_WITH_KNOTS((1,2,2,2,2,1),(-2.094395102393,0.,
    2.094395102393,4.188790204786,6.28318530718,8.377580409573),
.UNSPECIFIED.) CURVE() GEOMETRIC_REPRESENTATION_ITEM() 
RATIONAL_B_SPLINE_CURVE((1.,0.5,1.,0.5,1.,0.5,1.)) REPRESENTATION_ITEM(
  '') );
#13929 = CARTESIAN_POINT('',(-67.68755518229,18.8));
#13930 = CARTESIAN_POINT('',(-35.125,75.2));
#13931 = CARTESIAN_POINT('',(-2.562444817705,18.8));
#13932 = CARTESIAN_POINT('',(30.00011036459,-37.6));
#13933 = CARTESIAN_POINT('',(-35.125,-37.6));
#13934 = CARTESIAN_POINT('',(-100.2501103645,-37.6));
#13935 = CARTESIAN_POINT('',(-67.68755518229,18.8));
#13936 = ( GEOMETRIC_REPRESENTATION_CONTEXT(2) 
PARAMETRIC_REPRESENTATION_CONTEXT() REPRESENTATION_CONTEXT('2D SPACE',''
  ) );
#13937 = PCURVE('',#9695,#13938);
#13938 = DEFINITIONAL_REPRESENTATION('',(#13939),#13943);
#13939 = LINE('',#13940,#13941);
#13940 = CARTESIAN_POINT('',(-0.,0.));
#13941 = VECTOR('',#13942,1.);
#13942 = DIRECTION('',(-1.,0.));
#13943 = ( GEOMETRIC_REPRESENTATION_CONTEXT(2) 
PARAMETRIC_REPRESENTATION_CONTEXT() REPRESENTATION_CONTEXT('2D SPACE',''
  ) );
#13944 = ORIENTED_EDGE('',*,*,#6667,.T.);
#13945 = ORIENTED_EDGE('',*,*,#13946,.F.);
#13946 = EDGE_CURVE('',#6210,#6668,#13947,.T.);
#13947 = SURFACE_CURVE('',#13948,(#13953,#13960),.PCURVE_S1.);
#13948 = CIRCLE('',#13949,38.4);
#13949 = AXIS2_PLACEMENT_3D('',#13950,#13951,#13952);
#13950 = CARTESIAN_POINT('',(1.7763568394E-15,5.329070518201E-15,2.));
#13951 = DIRECTION('',(0.,0.,-1.));
#13952 = DIRECTION('',(1.,-1.087000314356E-16,-0.));
#13953 = PCURVE('',#6248,#13954);
#13954 = DEFINITIONAL_REPRESENTATION('',(#13955),#13959);
#13955 = CIRCLE('',#13956,38.4);
#13956 = AXIS2_PLACEMENT_2D('',#13957,#13958);
#13957 = CARTESIAN_POINT('',(-35.125,-1.7763568394E-15));
#13958 = DIRECTION('',(0.866025403784,-0.5));
#13959 = ( GEOMETRIC_REPRESENTATION_CONTEXT(2) 
PARAMETRIC_REPRESENTATION_CONTEXT() REPRESENTATION_CONTEXT('2D SPACE',''
  ) );
#13960 = PCURVE('',#9487,#13961);
#13961 = DEFINITIONAL_REPRESENTATION('',(#13962),#13966);
#13962 = LINE('',#13963,#13964);
#13963 = CARTESIAN_POINT('',(0.,0.));
#13964 = VECTOR('',#13965,1.);
#13965 = DIRECTION('',(1.,0.));
#13966 = ( GEOMETRIC_REPRESENTATION_CONTEXT(2) 
PARAMETRIC_REPRESENTATION_CONTEXT() REPRESENTATION_CONTEXT('2D SPACE',''
  ) );
#13967 = ORIENTED_EDGE('',*,*,#6232,.T.);
#13968 = ADVANCED_FACE('',(#13969),#6299,.T.);
#13969 = FACE_BOUND('',#13970,.F.);
#13970 = EDGE_LOOP('',(#13971,#13997,#13998,#14020));
#13971 = ORIENTED_EDGE('',*,*,#13972,.F.);
#13972 = EDGE_CURVE('',#6589,#6284,#13973,.T.);
#13973 = SURFACE_CURVE('',#13974,(#13979,#13990),.PCURVE_S1.);
#13974 = CIRCLE('',#13975,35.4);
#13975 = AXIS2_PLACEMENT_3D('',#13976,#13977,#13978);
#13976 = CARTESIAN_POINT('',(-1.7763568394E-15,1.7763568394E-15,2.));
#13977 = DIRECTION('',(-0.,0.,1.));
#13978 = DIRECTION('',(-1.,2.299277132208E-16,-0.));
#13979 = PCURVE('',#6299,#13980);
#13980 = DEFINITIONAL_REPRESENTATION('',(#13981),#13989);
#13981 = ( BOUNDED_CURVE() B_SPLINE_CURVE(2,(#13982,#13983,#13984,#13985
    ,#13986,#13987,#13988),.UNSPECIFIED.,.T.,.F.) 
B_SPLINE_CURVE_WITH_KNOTS((1,2,2,2,2,1),(-2.094395102393,0.,
    2.094395102393,4.188790204786,6.28318530718,8.377580409573),
.UNSPECIFIED.) CURVE() GEOMETRIC_REPRESENTATION_ITEM() 
RATIONAL_B_SPLINE_CURVE((1.,0.5,1.,0.5,1.,0.5,1.)) REPRESENTATION_ITEM(
  '') );
#13982 = CARTESIAN_POINT('',(-65.78229929396,17.7));
#13983 = CARTESIAN_POINT('',(-35.125,70.8));
#13984 = CARTESIAN_POINT('',(-4.467700706031,17.7));
#13985 = CARTESIAN_POINT('',(26.189598587938,-35.4));
#13986 = CARTESIAN_POINT('',(-35.125,-35.4));
#13987 = CARTESIAN_POINT('',(-96.43959858793,-35.4));
#13988 = CARTESIAN_POINT('',(-65.78229929396,17.7));
#13989 = ( GEOMETRIC_REPRESENTATION_CONTEXT(2) 
PARAMETRIC_REPRESENTATION_CONTEXT() REPRESENTATION_CONTEXT('2D SPACE',''
  ) );
#13990 = PCURVE('',#9873,#13991);
#13991 = DEFINITIONAL_REPRESENTATION('',(#13992),#13996);
#13992 = LINE('',#13993,#13994);
#13993 = CARTESIAN_POINT('',(-0.,0.));
#13994 = VECTOR('',#13995,1.);
#13995 = DIRECTION('',(-1.,0.));
#13996 = ( GEOMETRIC_REPRESENTATION_CONTEXT(2) 
PARAMETRIC_REPRESENTATION_CONTEXT() REPRESENTATION_CONTEXT('2D SPACE',''
  ) );
#13997 = ORIENTED_EDGE('',*,*,#6616,.T.);
#13998 = ORIENTED_EDGE('',*,*,#13999,.F.);
#13999 = EDGE_CURVE('',#6261,#6617,#14000,.T.);
#14000 = SURFACE_CURVE('',#14001,(#14006,#14013),.PCURVE_S1.);
#14001 = CIRCLE('',#14002,36.2);
#14002 = AXIS2_PLACEMENT_3D('',#14003,#14004,#14005);
#14003 = CARTESIAN_POINT('',(-3.552713678801E-15,-5.329070518201E-15,2.)
  );
#14004 = DIRECTION('',(-0.,0.,-1.));
#14005 = DIRECTION('',(1.,3.414335465613E-16,-0.));
#14006 = PCURVE('',#6299,#14007);
#14007 = DEFINITIONAL_REPRESENTATION('',(#14008),#14012);
#14008 = CIRCLE('',#14009,36.2);
#14009 = AXIS2_PLACEMENT_2D('',#14010,#14011);
#14010 = CARTESIAN_POINT('',(-35.125,7.105427357601E-15));
#14011 = DIRECTION('',(0.866025403784,-0.5));
#14012 = ( GEOMETRIC_REPRESENTATION_CONTEXT(2) 
PARAMETRIC_REPRESENTATION_CONTEXT() REPRESENTATION_CONTEXT('2D SPACE',''
  ) );
#14013 = PCURVE('',#9665,#14014);
#14014 = DEFINITIONAL_REPRESENTATION('',(#14015),#14019);
#14015 = LINE('',#14016,#14017);
#14016 = CARTESIAN_POINT('',(0.,0.));
#14017 = VECTOR('',#14018,1.);
#14018 = DIRECTION('',(1.,0.));
#14019 = ( GEOMETRIC_REPRESENTATION_CONTEXT(2) 
PARAMETRIC_REPRESENTATION_CONTEXT() REPRESENTATION_CONTEXT('2D SPACE',''
  ) );
#14020 = ORIENTED_EDGE('',*,*,#6283,.T.);
#14021 = ADVANCED_FACE('',(#14022),#6350,.T.);
#14022 = FACE_BOUND('',#14023,.F.);
#14023 = EDGE_LOOP('',(#14024,#14050,#14051,#14073));
#14024 = ORIENTED_EDGE('',*,*,#14025,.F.);
#14025 = EDGE_CURVE('',#6538,#6335,#14026,.T.);
#14026 = SURFACE_CURVE('',#14027,(#14032,#14043),.PCURVE_S1.);
#14027 = CIRCLE('',#14028,33.2);
#14028 = AXIS2_PLACEMENT_3D('',#14029,#14030,#14031);
#14029 = CARTESIAN_POINT('',(3.552713678801E-15,-3.552713678801E-15,2.)
  );
#14030 = DIRECTION('',(-0.,0.,1.));
#14031 = DIRECTION('',(-1.,4.487612168275E-16,-0.));
#14032 = PCURVE('',#6350,#14033);
#14033 = DEFINITIONAL_REPRESENTATION('',(#14034),#14042);
#14034 = ( BOUNDED_CURVE() B_SPLINE_CURVE(2,(#14035,#14036,#14037,#14038
    ,#14039,#14040,#14041),.UNSPECIFIED.,.T.,.F.) 
B_SPLINE_CURVE_WITH_KNOTS((1,2,2,2,2,1),(-2.094395102393,0.,
    2.094395102393,4.188790204786,6.28318530718,8.377580409573),
.UNSPECIFIED.) CURVE() GEOMETRIC_REPRESENTATION_ITEM() 
RATIONAL_B_SPLINE_CURVE((1.,0.5,1.,0.5,1.,0.5,1.)) REPRESENTATION_ITEM(
  '') );
#14035 = CARTESIAN_POINT('',(-63.87704340564,16.6));
#14036 = CARTESIAN_POINT('',(-35.125,66.4));
#14037 = CARTESIAN_POINT('',(-6.372956594357,16.6));
#14038 = CARTESIAN_POINT('',(22.379086811287,-33.2));
#14039 = CARTESIAN_POINT('',(-35.125,-33.2));
#14040 = CARTESIAN_POINT('',(-92.62908681128,-33.2));
#14041 = CARTESIAN_POINT('',(-63.87704340564,16.6));
#14042 = ( GEOMETRIC_REPRESENTATION_CONTEXT(2) 
PARAMETRIC_REPRESENTATION_CONTEXT() REPRESENTATION_CONTEXT('2D SPACE',''
  ) );
#14043 = PCURVE('',#10051,#14044);
#14044 = DEFINITIONAL_REPRESENTATION('',(#14045),#14049);
#14045 = LINE('',#14046,#14047);
#14046 = CARTESIAN_POINT('',(-0.,0.));
#14047 = VECTOR('',#14048,1.);
#14048 = DIRECTION('',(-1.,0.));
#14049 = ( GEOMETRIC_REPRESENTATION_CONTEXT(2) 
PARAMETRIC_REPRESENTATION_CONTEXT() REPRESENTATION_CONTEXT('2D SPACE',''
  ) );
#14050 = ORIENTED_EDGE('',*,*,#6565,.T.);
#14051 = ORIENTED_EDGE('',*,*,#14052,.F.);
#14052 = EDGE_CURVE('',#6312,#6566,#14053,.T.);
#14053 = SURFACE_CURVE('',#14054,(#14059,#14066),.PCURVE_S1.);
#14054 = CIRCLE('',#14055,34.);
#14055 = AXIS2_PLACEMENT_3D('',#14056,#14057,#14058);
#14056 = CARTESIAN_POINT('',(3.552713678801E-15,3.552713678801E-15,2.));
#14057 = DIRECTION('',(-0.,0.,-1.));
#14058 = DIRECTION('',(1.,1.668806424356E-16,-0.));
#14059 = PCURVE('',#6350,#14060);
#14060 = DEFINITIONAL_REPRESENTATION('',(#14061),#14065);
#14061 = CIRCLE('',#14062,34.);
#14062 = AXIS2_PLACEMENT_2D('',#14063,#14064);
#14063 = CARTESIAN_POINT('',(-35.125,-3.552713678801E-15));
#14064 = DIRECTION('',(0.866025403784,-0.5));
#14065 = ( GEOMETRIC_REPRESENTATION_CONTEXT(2) 
PARAMETRIC_REPRESENTATION_CONTEXT() REPRESENTATION_CONTEXT('2D SPACE',''
  ) );
#14066 = PCURVE('',#9843,#14067);
#14067 = DEFINITIONAL_REPRESENTATION('',(#14068),#14072);
#14068 = LINE('',#14069,#14070);
#14069 = CARTESIAN_POINT('',(0.,0.));
#14070 = VECTOR('',#14071,1.);
#14071 = DIRECTION('',(1.,0.));
#14072 = ( GEOMETRIC_REPRESENTATION_CONTEXT(2) 
PARAMETRIC_REPRESENTATION_CONTEXT() REPRESENTATION_CONTEXT('2D SPACE',''
  ) );
#14073 = ORIENTED_EDGE('',*,*,#6334,.T.);
#14074 = ADVANCED_FACE('',(#14075),#6401,.T.);
#14075 = FACE_BOUND('',#14076,.F.);
#14076 = EDGE_LOOP('',(#14077,#14103,#14104,#14126));
#14077 = ORIENTED_EDGE('',*,*,#14078,.F.);
#14078 = EDGE_CURVE('',#6487,#6386,#14079,.T.);
#14079 = SURFACE_CURVE('',#14080,(#14085,#14096),.PCURVE_S1.);
#14080 = CIRCLE('',#14081,31.);
#14081 = AXIS2_PLACEMENT_3D('',#14082,#14083,#14084);
#14082 = CARTESIAN_POINT('',(3.552713678801E-15,-8.881784197001E-16,2.)
  );
#14083 = DIRECTION('',(-0.,0.,1.));
#14084 = DIRECTION('',(-1.,6.098052810315E-17,-0.));
#14085 = PCURVE('',#6401,#14086);
#14086 = DEFINITIONAL_REPRESENTATION('',(#14087),#14095);
#14087 = ( BOUNDED_CURVE() B_SPLINE_CURVE(2,(#14088,#14089,#14090,#14091
    ,#14092,#14093,#14094),.UNSPECIFIED.,.T.,.F.) 
B_SPLINE_CURVE_WITH_KNOTS((1,2,2,2,2,1),(-2.094395102393,0.,
    2.094395102393,4.188790204786,6.28318530718,8.377580409573),
.UNSPECIFIED.) CURVE() GEOMETRIC_REPRESENTATION_ITEM() 
RATIONAL_B_SPLINE_CURVE((1.,0.5,1.,0.5,1.,0.5,1.)) REPRESENTATION_ITEM(
  '') );
#14088 = CARTESIAN_POINT('',(-61.97178751731,15.5));
#14089 = CARTESIAN_POINT('',(-35.125,62.));
#14090 = CARTESIAN_POINT('',(-8.278212482682,15.5));
#14091 = CARTESIAN_POINT('',(18.568575034635,-31.));
#14092 = CARTESIAN_POINT('',(-35.125,-31.));
#14093 = CARTESIAN_POINT('',(-88.81857503463,-31.));
#14094 = CARTESIAN_POINT('',(-61.97178751731,15.5));
#14095 = ( GEOMETRIC_REPRESENTATION_CONTEXT(2) 
PARAMETRIC_REPRESENTATION_CONTEXT() REPRESENTATION_CONTEXT('2D SPACE',''
  ) );
#14096 = PCURVE('',#10229,#14097);
#14097 = DEFINITIONAL_REPRESENTATION('',(#14098),#14102);
#14098 = LINE('',#14099,#14100);
#14099 = CARTESIAN_POINT('',(-0.,0.));
#14100 = VECTOR('',#14101,1.);
#14101 = DIRECTION('',(-1.,0.));
#14102 = ( GEOMETRIC_REPRESENTATION_CONTEXT(2) 
PARAMETRIC_REPRESENTATION_CONTEXT() REPRESENTATION_CONTEXT('2D SPACE',''
  ) );
#14103 = ORIENTED_EDGE('',*,*,#6514,.T.);
#14104 = ORIENTED_EDGE('',*,*,#14105,.F.);
#14105 = EDGE_CURVE('',#6363,#6515,#14106,.T.);
#14106 = SURFACE_CURVE('',#14107,(#14112,#14119),.PCURVE_S1.);
#14107 = CIRCLE('',#14108,31.8);
#14108 = AXIS2_PLACEMENT_3D('',#14109,#14110,#14111);
#14109 = CARTESIAN_POINT('',(8.881784197001E-16,3.552713678801E-15,2.));
#14110 = DIRECTION('',(0.,0.,-1.));
#14111 = DIRECTION('',(1.,-8.330827787858E-17,-0.));
#14112 = PCURVE('',#6401,#14113);
#14113 = DEFINITIONAL_REPRESENTATION('',(#14114),#14118);
#14114 = CIRCLE('',#14115,31.8);
#14115 = AXIS2_PLACEMENT_2D('',#14116,#14117);
#14116 = CARTESIAN_POINT('',(-35.125,-1.7763568394E-15));
#14117 = DIRECTION('',(0.866025403784,-0.5));
#14118 = ( GEOMETRIC_REPRESENTATION_CONTEXT(2) 
PARAMETRIC_REPRESENTATION_CONTEXT() REPRESENTATION_CONTEXT('2D SPACE',''
  ) );
#14119 = PCURVE('',#10021,#14120);
#14120 = DEFINITIONAL_REPRESENTATION('',(#14121),#14125);
#14121 = LINE('',#14122,#14123);
#14122 = CARTESIAN_POINT('',(0.,0.));
#14123 = VECTOR('',#14124,1.);
#14124 = DIRECTION('',(1.,0.));
#14125 = ( GEOMETRIC_REPRESENTATION_CONTEXT(2) 
PARAMETRIC_REPRESENTATION_CONTEXT() REPRESENTATION_CONTEXT('2D SPACE',''
  ) );
#14126 = ORIENTED_EDGE('',*,*,#6385,.T.);
#14127 = ADVANCED_FACE('',(#14128),#6502,.T.);
#14128 = FACE_BOUND('',#14129,.F.);
#14129 = EDGE_LOOP('',(#14130,#14156,#14157,#14179));
#14130 = ORIENTED_EDGE('',*,*,#14131,.F.);
#14131 = EDGE_CURVE('',#6464,#7427,#14132,.T.);
#14132 = SURFACE_CURVE('',#14133,(#14138,#14149),.PCURVE_S1.);
#14133 = CIRCLE('',#14134,29.6);
#14134 = AXIS2_PLACEMENT_3D('',#14135,#14136,#14137);
#14135 = CARTESIAN_POINT('',(-3.552713678801E-15,-1.7763568394E-15,2.));
#14136 = DIRECTION('',(-0.,0.,-1.));
#14137 = DIRECTION('',(1.,2.851448545394E-16,-0.));
#14138 = PCURVE('',#6502,#14139);
#14139 = DEFINITIONAL_REPRESENTATION('',(#14140),#14148);
#14140 = ( BOUNDED_CURVE() B_SPLINE_CURVE(2,(#14141,#14142,#14143,#14144
    ,#14145,#14146,#14147),.UNSPECIFIED.,.T.,.F.) 
B_SPLINE_CURVE_WITH_KNOTS((1,2,2,2,2,1),(-2.094395102393,0.,
    2.094395102393,4.188790204786,6.28318530718,8.377580409573),
.UNSPECIFIED.) CURVE() GEOMETRIC_REPRESENTATION_ITEM() 
RATIONAL_B_SPLINE_CURVE((1.,0.5,1.,0.5,1.,0.5,1.)) REPRESENTATION_ITEM(
  '') );
#14141 = CARTESIAN_POINT('',(-29.6,-1.037153373801E-14));
#14142 = CARTESIAN_POINT('',(-29.6,51.268703904039));
#14143 = CARTESIAN_POINT('',(14.8,25.634351952019));
#14144 = CARTESIAN_POINT('',(59.2,2.219923839604E-14));
#14145 = CARTESIAN_POINT('',(14.8,-25.63435195201));
#14146 = CARTESIAN_POINT('',(-29.6,-51.26870390403));
#14147 = CARTESIAN_POINT('',(-29.6,-1.037153373801E-14));
#14148 = ( GEOMETRIC_REPRESENTATION_CONTEXT(2) 
PARAMETRIC_REPRESENTATION_CONTEXT() REPRESENTATION_CONTEXT('2D SPACE',''
  ) );
#14149 = PCURVE('',#10199,#14150);
#14150 = DEFINITIONAL_REPRESENTATION('',(#14151),#14155);
#14151 = LINE('',#14152,#14153);
#14152 = CARTESIAN_POINT('',(0.,0.));
#14153 = VECTOR('',#14154,1.);
#14154 = DIRECTION('',(1.,0.));
#14155 = ( GEOMETRIC_REPRESENTATION_CONTEXT(2) 
PARAMETRIC_REPRESENTATION_CONTEXT() REPRESENTATION_CONTEXT('2D SPACE',''
  ) );
#14156 = ORIENTED_EDGE('',*,*,#6486,.T.);
#14157 = ORIENTED_EDGE('',*,*,#14158,.F.);
#14158 = EDGE_CURVE('',#7399,#6487,#14159,.T.);
#14159 = SURFACE_CURVE('',#14160,(#14165,#14172),.PCURVE_S1.);
#14160 = CIRCLE('',#14161,31.);
#14161 = AXIS2_PLACEMENT_3D('',#14162,#14163,#14164);
#14162 = CARTESIAN_POINT('',(3.552713678801E-15,-8.881784197001E-16,2.)
  );
#14163 = DIRECTION('',(-0.,0.,1.));
#14164 = DIRECTION('',(-1.,6.098052810315E-17,-0.));
#14165 = PCURVE('',#6502,#14166);
#14166 = DEFINITIONAL_REPRESENTATION('',(#14167),#14171);
#14167 = CIRCLE('',#14168,31.);
#14168 = AXIS2_PLACEMENT_2D('',#14169,#14170);
#14169 = CARTESIAN_POINT('',(-6.360719084657E-15,-2.819424463341E-15));
#14170 = DIRECTION('',(1.,-6.098052810315E-17));
#14171 = ( GEOMETRIC_REPRESENTATION_CONTEXT(2) 
PARAMETRIC_REPRESENTATION_CONTEXT() REPRESENTATION_CONTEXT('2D SPACE',''
  ) );
#14172 = PCURVE('',#10229,#14173);
#14173 = DEFINITIONAL_REPRESENTATION('',(#14174),#14178);
#14174 = LINE('',#14175,#14176);
#14175 = CARTESIAN_POINT('',(-0.,0.));
#14176 = VECTOR('',#14177,1.);
#14177 = DIRECTION('',(-1.,0.));
#14178 = ( GEOMETRIC_REPRESENTATION_CONTEXT(2) 
PARAMETRIC_REPRESENTATION_CONTEXT() REPRESENTATION_CONTEXT('2D SPACE',''
  ) );
#14179 = ORIENTED_EDGE('',*,*,#7426,.T.);
#14180 = ADVANCED_FACE('',(#14181),#6553,.T.);
#14181 = FACE_BOUND('',#14182,.F.);
#14182 = EDGE_LOOP('',(#14183,#14209,#14210,#14232));
#14183 = ORIENTED_EDGE('',*,*,#14184,.F.);
#14184 = EDGE_CURVE('',#6515,#7376,#14185,.T.);
#14185 = SURFACE_CURVE('',#14186,(#14191,#14202),.PCURVE_S1.);
#14186 = CIRCLE('',#14187,31.8);
#14187 = AXIS2_PLACEMENT_3D('',#14188,#14189,#14190);
#14188 = CARTESIAN_POINT('',(8.881784197001E-16,3.552713678801E-15,2.));
#14189 = DIRECTION('',(0.,0.,-1.));
#14190 = DIRECTION('',(1.,-8.330827787858E-17,-0.));
#14191 = PCURVE('',#6553,#14192);
#14192 = DEFINITIONAL_REPRESENTATION('',(#14193),#14201);
#14193 = ( BOUNDED_CURVE() B_SPLINE_CURVE(2,(#14194,#14195,#14196,#14197
    ,#14198,#14199,#14200),.UNSPECIFIED.,.T.,.F.) 
B_SPLINE_CURVE_WITH_KNOTS((1,2,2,2,2,1),(-2.094395102393,0.,
    2.094395102393,4.188790204786,6.28318530718,8.377580409573),
.UNSPECIFIED.) CURVE() GEOMETRIC_REPRESENTATION_ITEM() 
RATIONAL_B_SPLINE_CURVE((1.,0.5,1.,0.5,1.,0.5,1.)) REPRESENTATION_ITEM(
  '') );
#14194 = CARTESIAN_POINT('',(-31.8,-4.611113325303E-15));
#14195 = CARTESIAN_POINT('',(-31.8,55.07921568069));
#14196 = CARTESIAN_POINT('',(15.9,27.539607840345));
#14197 = CARTESIAN_POINT('',(63.6,-4.769969392343E-15));
#14198 = CARTESIAN_POINT('',(15.9,-27.53960784034));
#14199 = CARTESIAN_POINT('',(-31.8,-55.07921568069));
#14200 = CARTESIAN_POINT('',(-31.8,-4.611113325303E-15));
#14201 = ( GEOMETRIC_REPRESENTATION_CONTEXT(2) 
PARAMETRIC_REPRESENTATION_CONTEXT() REPRESENTATION_CONTEXT('2D SPACE',''
  ) );
#14202 = PCURVE('',#10021,#14203);
#14203 = DEFINITIONAL_REPRESENTATION('',(#14204),#14208);
#14204 = LINE('',#14205,#14206);
#14205 = CARTESIAN_POINT('',(0.,0.));
#14206 = VECTOR('',#14207,1.);
#14207 = DIRECTION('',(1.,0.));
#14208 = ( GEOMETRIC_REPRESENTATION_CONTEXT(2) 
PARAMETRIC_REPRESENTATION_CONTEXT() REPRESENTATION_CONTEXT('2D SPACE',''
  ) );
#14209 = ORIENTED_EDGE('',*,*,#6537,.T.);
#14210 = ORIENTED_EDGE('',*,*,#14211,.F.);
#14211 = EDGE_CURVE('',#7348,#6538,#14212,.T.);
#14212 = SURFACE_CURVE('',#14213,(#14218,#14225),.PCURVE_S1.);
#14213 = CIRCLE('',#14214,33.2);
#14214 = AXIS2_PLACEMENT_3D('',#14215,#14216,#14217);
#14215 = CARTESIAN_POINT('',(3.552713678801E-15,-3.552713678801E-15,2.)
  );
#14216 = DIRECTION('',(-0.,0.,1.));
#14217 = DIRECTION('',(-1.,4.487612168275E-16,-0.));
#14218 = PCURVE('',#6553,#14219);
#14219 = DEFINITIONAL_REPRESENTATION('',(#14220),#14224);
#14220 = CIRCLE('',#14221,33.2);
#14221 = AXIS2_PLACEMENT_2D('',#14222,#14223);
#14222 = CARTESIAN_POINT('',(-6.360719084657E-15,-1.548892042409E-16));
#14223 = DIRECTION('',(1.,-4.487612168275E-16));
#14224 = ( GEOMETRIC_REPRESENTATION_CONTEXT(2) 
PARAMETRIC_REPRESENTATION_CONTEXT() REPRESENTATION_CONTEXT('2D SPACE',''
  ) );
#14225 = PCURVE('',#10051,#14226);
#14226 = DEFINITIONAL_REPRESENTATION('',(#14227),#14231);
#14227 = LINE('',#14228,#14229);
#14228 = CARTESIAN_POINT('',(-0.,0.));
#14229 = VECTOR('',#14230,1.);
#14230 = DIRECTION('',(-1.,0.));
#14231 = ( GEOMETRIC_REPRESENTATION_CONTEXT(2) 
PARAMETRIC_REPRESENTATION_CONTEXT() REPRESENTATION_CONTEXT('2D SPACE',''
  ) );
#14232 = ORIENTED_EDGE('',*,*,#7375,.T.);
#14233 = ADVANCED_FACE('',(#14234),#6604,.T.);
#14234 = FACE_BOUND('',#14235,.F.);
#14235 = EDGE_LOOP('',(#14236,#14262,#14263,#14285));
#14236 = ORIENTED_EDGE('',*,*,#14237,.F.);
#14237 = EDGE_CURVE('',#6566,#7325,#14238,.T.);
#14238 = SURFACE_CURVE('',#14239,(#14244,#14255),.PCURVE_S1.);
#14239 = CIRCLE('',#14240,34.);
#14240 = AXIS2_PLACEMENT_3D('',#14241,#14242,#14243);
#14241 = CARTESIAN_POINT('',(3.552713678801E-15,3.552713678801E-15,2.));
#14242 = DIRECTION('',(-0.,0.,-1.));
#14243 = DIRECTION('',(1.,1.668806424356E-16,-0.));
#14244 = PCURVE('',#6604,#14245);
#14245 = DEFINITIONAL_REPRESENTATION('',(#14246),#14254);
#14246 = ( BOUNDED_CURVE() B_SPLINE_CURVE(2,(#14247,#14248,#14249,#14250
    ,#14251,#14252,#14253),.UNSPECIFIED.,.T.,.F.) 
B_SPLINE_CURVE_WITH_KNOTS((1,2,2,2,2,1),(-2.094395102393,0.,
    2.094395102393,4.188790204786,6.28318530718,8.377580409573),
.UNSPECIFIED.) CURVE() GEOMETRIC_REPRESENTATION_ITEM() 
RATIONAL_B_SPLINE_CURVE((1.,0.5,1.,0.5,1.,0.5,1.)) REPRESENTATION_ITEM(
  '') );
#14247 = CARTESIAN_POINT('',(-34.,-1.293425840465E-14));
#14248 = CARTESIAN_POINT('',(-34.,58.889727457342));
#14249 = CARTESIAN_POINT('',(17.,29.444863728671));
#14250 = CARTESIAN_POINT('',(68.,1.241516535798E-14));
#14251 = CARTESIAN_POINT('',(17.,-29.44486372867));
#14252 = CARTESIAN_POINT('',(-34.,-58.88972745734));
#14253 = CARTESIAN_POINT('',(-34.,-1.293425840465E-14));
#14254 = ( GEOMETRIC_REPRESENTATION_CONTEXT(2) 
PARAMETRIC_REPRESENTATION_CONTEXT() REPRESENTATION_CONTEXT('2D SPACE',''
  ) );
#14255 = PCURVE('',#9843,#14256);
#14256 = DEFINITIONAL_REPRESENTATION('',(#14257),#14261);
#14257 = LINE('',#14258,#14259);
#14258 = CARTESIAN_POINT('',(0.,0.));
#14259 = VECTOR('',#14260,1.);
#14260 = DIRECTION('',(1.,0.));
#14261 = ( GEOMETRIC_REPRESENTATION_CONTEXT(2) 
PARAMETRIC_REPRESENTATION_CONTEXT() REPRESENTATION_CONTEXT('2D SPACE',''
  ) );
#14262 = ORIENTED_EDGE('',*,*,#6588,.T.);
#14263 = ORIENTED_EDGE('',*,*,#14264,.F.);
#14264 = EDGE_CURVE('',#7297,#6589,#14265,.T.);
#14265 = SURFACE_CURVE('',#14266,(#14271,#14278),.PCURVE_S1.);
#14266 = CIRCLE('',#14267,35.4);
#14267 = AXIS2_PLACEMENT_3D('',#14268,#14269,#14270);
#14268 = CARTESIAN_POINT('',(-1.7763568394E-15,1.7763568394E-15,2.));
#14269 = DIRECTION('',(-0.,0.,1.));
#14270 = DIRECTION('',(-1.,2.299277132208E-16,-0.));
#14271 = PCURVE('',#6604,#14272);
#14272 = DEFINITIONAL_REPRESENTATION('',(#14273),#14277);
#14273 = CIRCLE('',#14274,35.4);
#14274 = AXIS2_PLACEMENT_2D('',#14275,#14276);
#14275 = CARTESIAN_POINT('',(-1.031648566456E-15,-5.483959722442E-15));
#14276 = DIRECTION('',(1.,-2.299277132208E-16));
#14277 = ( GEOMETRIC_REPRESENTATION_CONTEXT(2) 
PARAMETRIC_REPRESENTATION_CONTEXT() REPRESENTATION_CONTEXT('2D SPACE',''
  ) );
#14278 = PCURVE('',#9873,#14279);
#14279 = DEFINITIONAL_REPRESENTATION('',(#14280),#14284);
#14280 = LINE('',#14281,#14282);
#14281 = CARTESIAN_POINT('',(-0.,0.));
#14282 = VECTOR('',#14283,1.);
#14283 = DIRECTION('',(-1.,0.));
#14284 = ( GEOMETRIC_REPRESENTATION_CONTEXT(2) 
PARAMETRIC_REPRESENTATION_CONTEXT() REPRESENTATION_CONTEXT('2D SPACE',''
  ) );
#14285 = ORIENTED_EDGE('',*,*,#7324,.T.);
#14286 = ADVANCED_FACE('',(#14287),#6655,.T.);
#14287 = FACE_BOUND('',#14288,.F.);
#14288 = EDGE_LOOP('',(#14289,#14315,#14316,#14338));
#14289 = ORIENTED_EDGE('',*,*,#14290,.F.);
#14290 = EDGE_CURVE('',#6617,#7274,#14291,.T.);
#14291 = SURFACE_CURVE('',#14292,(#14297,#14308),.PCURVE_S1.);
#14292 = CIRCLE('',#14293,36.2);
#14293 = AXIS2_PLACEMENT_3D('',#14294,#14295,#14296);
#14294 = CARTESIAN_POINT('',(-3.552713678801E-15,-5.329070518201E-15,2.)
  );
#14295 = DIRECTION('',(-0.,0.,-1.));
#14296 = DIRECTION('',(1.,3.414335465613E-16,-0.));
#14297 = PCURVE('',#6655,#14298);
#14298 = DEFINITIONAL_REPRESENTATION('',(#14299),#14307);
#14299 = ( BOUNDED_CURVE() B_SPLINE_CURVE(2,(#14300,#14301,#14302,#14303
    ,#14304,#14305,#14306),.UNSPECIFIED.,.T.,.F.) 
B_SPLINE_CURVE_WITH_KNOTS((1,2,2,2,2,1),(-2.094395102393,0.,
    2.094395102393,4.188790204786,6.28318530718,8.377580409573),
.UNSPECIFIED.) CURVE() GEOMETRIC_REPRESENTATION_ITEM() 
RATIONAL_B_SPLINE_CURVE((1.,0.5,1.,0.5,1.,0.5,1.)) REPRESENTATION_ITEM(
  '') );
#14300 = CARTESIAN_POINT('',(-36.2,-1.073842675036E-14));
#14301 = CARTESIAN_POINT('',(-36.2,62.700239233993));
#14302 = CARTESIAN_POINT('',(18.1,31.350119616997));
#14303 = CARTESIAN_POINT('',(72.4,3.520769923202E-14));
#14304 = CARTESIAN_POINT('',(18.1,-31.35011961699));
#14305 = CARTESIAN_POINT('',(-36.2,-62.70023923399));
#14306 = CARTESIAN_POINT('',(-36.2,-1.073842675036E-14));
#14307 = ( GEOMETRIC_REPRESENTATION_CONTEXT(2) 
PARAMETRIC_REPRESENTATION_CONTEXT() REPRESENTATION_CONTEXT('2D SPACE',''
  ) );
#14308 = PCURVE('',#9665,#14309);
#14309 = DEFINITIONAL_REPRESENTATION('',(#14310),#14314);
#14310 = LINE('',#14311,#14312);
#14311 = CARTESIAN_POINT('',(0.,0.));
#14312 = VECTOR('',#14313,1.);
#14313 = DIRECTION('',(1.,0.));
#14314 = ( GEOMETRIC_REPRESENTATION_CONTEXT(2) 
PARAMETRIC_REPRESENTATION_CONTEXT() REPRESENTATION_CONTEXT('2D SPACE',''
  ) );
#14315 = ORIENTED_EDGE('',*,*,#6639,.T.);
#14316 = ORIENTED_EDGE('',*,*,#14317,.F.);
#14317 = EDGE_CURVE('',#7246,#6640,#14318,.T.);
#14318 = SURFACE_CURVE('',#14319,(#14324,#14331),.PCURVE_S1.);
#14319 = CIRCLE('',#14320,37.6);
#14320 = AXIS2_PLACEMENT_3D('',#14321,#14322,#14323);
#14321 = CARTESIAN_POINT('',(-1.7763568394E-15,1.7763568394E-15,2.));
#14322 = DIRECTION('',(-0.,0.,1.));
#14323 = DIRECTION('',(-1.,1.227639199325E-16,-0.));
#14324 = PCURVE('',#6655,#14325);
#14325 = DEFINITIONAL_REPRESENTATION('',(#14326),#14330);
#14326 = CIRCLE('',#14327,37.6);
#14327 = AXIS2_PLACEMENT_2D('',#14328,#14329);
#14328 = CARTESIAN_POINT('',(-1.031648566456E-15,-5.483959722442E-15));
#14329 = DIRECTION('',(1.,-1.227639199325E-16));
#14330 = ( GEOMETRIC_REPRESENTATION_CONTEXT(2) 
PARAMETRIC_REPRESENTATION_CONTEXT() REPRESENTATION_CONTEXT('2D SPACE',''
  ) );
#14331 = PCURVE('',#9695,#14332);
#14332 = DEFINITIONAL_REPRESENTATION('',(#14333),#14337);
#14333 = LINE('',#14334,#14335);
#14334 = CARTESIAN_POINT('',(-0.,0.));
#14335 = VECTOR('',#14336,1.);
#14336 = DIRECTION('',(-1.,0.));
#14337 = ( GEOMETRIC_REPRESENTATION_CONTEXT(2) 
PARAMETRIC_REPRESENTATION_CONTEXT() REPRESENTATION_CONTEXT('2D SPACE',''
  ) );
#14338 = ORIENTED_EDGE('',*,*,#7273,.T.);
#14339 = ADVANCED_FACE('',(#14340),#6706,.T.);
#14340 = FACE_BOUND('',#14341,.F.);
#14341 = EDGE_LOOP('',(#14342,#14368,#14369,#14391));
#14342 = ORIENTED_EDGE('',*,*,#14343,.F.);
#14343 = EDGE_CURVE('',#6668,#7223,#14344,.T.);
#14344 = SURFACE_CURVE('',#14345,(#14350,#14361),.PCURVE_S1.);
#14345 = CIRCLE('',#14346,38.4);
#14346 = AXIS2_PLACEMENT_3D('',#14347,#14348,#14349);
#14347 = CARTESIAN_POINT('',(1.7763568394E-15,5.329070518201E-15,2.));
#14348 = DIRECTION('',(0.,0.,-1.));
#14349 = DIRECTION('',(1.,-1.087000314356E-16,-0.));
#14350 = PCURVE('',#6706,#14351);
#14351 = DEFINITIONAL_REPRESENTATION('',(#14352),#14360);
#14352 = ( BOUNDED_CURVE() B_SPLINE_CURVE(2,(#14353,#14354,#14355,#14356
    ,#14357,#14358,#14359),.UNSPECIFIED.,.T.,.F.) 
B_SPLINE_CURVE_WITH_KNOTS((1,2,2,2,2,1),(-2.094395102393,0.,
    2.094395102393,4.188790204786,6.28318530718,8.377580409573),
.UNSPECIFIED.) CURVE() GEOMETRIC_REPRESENTATION_ITEM() 
RATIONAL_B_SPLINE_CURVE((1.,0.5,1.,0.5,1.,0.5,1.)) REPRESENTATION_ITEM(
  '') );
#14353 = CARTESIAN_POINT('',(-38.4,-4.862592194114E-15));
#14354 = CARTESIAN_POINT('',(-38.4,66.510751010645));
#14355 = CARTESIAN_POINT('',(19.2,33.255375505322));
#14356 = CARTESIAN_POINT('',(76.8,-7.979548398047E-15));
#14357 = CARTESIAN_POINT('',(19.2,-33.25537550532));
#14358 = CARTESIAN_POINT('',(-38.4,-66.51075101064));
#14359 = CARTESIAN_POINT('',(-38.4,-4.862592194114E-15));
#14360 = ( GEOMETRIC_REPRESENTATION_CONTEXT(2) 
PARAMETRIC_REPRESENTATION_CONTEXT() REPRESENTATION_CONTEXT('2D SPACE',''
  ) );
#14361 = PCURVE('',#9487,#14362);
#14362 = DEFINITIONAL_REPRESENTATION('',(#14363),#14367);
#14363 = LINE('',#14364,#14365);
#14364 = CARTESIAN_POINT('',(0.,0.));
#14365 = VECTOR('',#14366,1.);
#14366 = DIRECTION('',(1.,0.));
#14367 = ( GEOMETRIC_REPRESENTATION_CONTEXT(2) 
PARAMETRIC_REPRESENTATION_CONTEXT() REPRESENTATION_CONTEXT('2D SPACE',''
  ) );
#14368 = ORIENTED_EDGE('',*,*,#6690,.T.);
#14369 = ORIENTED_EDGE('',*,*,#14370,.F.);
#14370 = EDGE_CURVE('',#7195,#6691,#14371,.T.);
#14371 = SURFACE_CURVE('',#14372,(#14377,#14384),.PCURVE_S1.);
#14372 = CIRCLE('',#14373,39.8);
#14373 = AXIS2_PLACEMENT_3D('',#14374,#14375,#14376);
#14374 = CARTESIAN_POINT('',(3.552713678801E-15,0.,2.));
#14375 = DIRECTION('',(-0.,0.,1.));
#14376 = DIRECTION('',(-1.,8.329561164686E-18,-0.));
#14377 = PCURVE('',#6706,#14378);
#14378 = DEFINITIONAL_REPRESENTATION('',(#14379),#14383);
#14379 = CIRCLE('',#14380,39.8);
#14380 = AXIS2_PLACEMENT_2D('',#14381,#14382);
#14381 = CARTESIAN_POINT('',(-6.360719084657E-15,-3.707602883041E-15));
#14382 = DIRECTION('',(1.,-8.329561164686E-18));
#14383 = ( GEOMETRIC_REPRESENTATION_CONTEXT(2) 
PARAMETRIC_REPRESENTATION_CONTEXT() REPRESENTATION_CONTEXT('2D SPACE',''
  ) );
#14384 = PCURVE('',#9517,#14385);
#14385 = DEFINITIONAL_REPRESENTATION('',(#14386),#14390);
#14386 = LINE('',#14387,#14388);
#14387 = CARTESIAN_POINT('',(-0.,0.));
#14388 = VECTOR('',#14389,1.);
#14389 = DIRECTION('',(-1.,0.));
#14390 = ( GEOMETRIC_REPRESENTATION_CONTEXT(2) 
PARAMETRIC_REPRESENTATION_CONTEXT() REPRESENTATION_CONTEXT('2D SPACE',''
  ) );
#14391 = ORIENTED_EDGE('',*,*,#7222,.T.);
#14392 = ADVANCED_FACE('',(#14393),#6757,.T.);
#14393 = FACE_BOUND('',#14394,.F.);
#14394 = EDGE_LOOP('',(#14395,#14421,#14422,#14423,#14445,#14446));
#14395 = ORIENTED_EDGE('',*,*,#14396,.F.);
#14396 = EDGE_CURVE('',#6719,#7172,#14397,.T.);
#14397 = SURFACE_CURVE('',#14398,(#14403,#14414),.PCURVE_S1.);
#14398 = CIRCLE('',#14399,40.6);
#14399 = AXIS2_PLACEMENT_3D('',#14400,#14401,#14402);
#14400 = CARTESIAN_POINT('',(0.,3.552713678801E-15,2.));
#14401 = DIRECTION('',(0.,0.,-1.));
#14402 = DIRECTION('',(1.,-1.112441602971E-17,-0.));
#14403 = PCURVE('',#6757,#14404);
#14404 = DEFINITIONAL_REPRESENTATION('',(#14405),#14413);
#14405 = ( BOUNDED_CURVE() B_SPLINE_CURVE(2,(#14406,#14407,#14408,#14409
    ,#14410,#14411,#14412),.UNSPECIFIED.,.T.,.F.) 
B_SPLINE_CURVE_WITH_KNOTS((1,2,2,2,2,1),(-2.094395102393,0.,
    2.094395102393,4.188790204786,6.28318530718,8.377580409573),
.UNSPECIFIED.) CURVE() GEOMETRIC_REPRESENTATION_ITEM() 
RATIONAL_B_SPLINE_CURVE((1.,0.5,1.,0.5,1.,0.5,1.)) REPRESENTATION_ITEM(
  '') );
#14406 = CARTESIAN_POINT('',(-40.6,-6.808665271036E-15));
#14407 = CARTESIAN_POINT('',(-40.6,70.321262787296));
#14408 = CARTESIAN_POINT('',(20.3,35.160631393648));
#14409 = CARTESIAN_POINT('',(81.2,1.780512865623E-15));
#14410 = CARTESIAN_POINT('',(20.3,-35.16063139364));
#14411 = CARTESIAN_POINT('',(-40.6,-70.32126278729));
#14412 = CARTESIAN_POINT('',(-40.6,-6.808665271036E-15));
#14413 = ( GEOMETRIC_REPRESENTATION_CONTEXT(2) 
PARAMETRIC_REPRESENTATION_CONTEXT() REPRESENTATION_CONTEXT('2D SPACE',''
  ) );
#14414 = PCURVE('',#7907,#14415);
#14415 = DEFINITIONAL_REPRESENTATION('',(#14416),#14420);
#14416 = LINE('',#14417,#14418);
#14417 = CARTESIAN_POINT('',(0.,0.));
#14418 = VECTOR('',#14419,1.);
#14419 = DIRECTION('',(1.,0.));
#14420 = ( GEOMETRIC_REPRESENTATION_CONTEXT(2) 
PARAMETRIC_REPRESENTATION_CONTEXT() REPRESENTATION_CONTEXT('2D SPACE',''
  ) );
#14421 = ORIENTED_EDGE('',*,*,#6741,.T.);
#14422 = ORIENTED_EDGE('',*,*,#6795,.T.);
#14423 = ORIENTED_EDGE('',*,*,#14424,.F.);
#14424 = EDGE_CURVE('',#7835,#6796,#14425,.T.);
#14425 = SURFACE_CURVE('',#14426,(#14431,#14438),.PCURVE_S1.);
#14426 = CIRCLE('',#14427,42.);
#14427 = AXIS2_PLACEMENT_3D('',#14428,#14429,#14430);
#14428 = CARTESIAN_POINT('',(5.329070518201E-15,-8.881784197001E-15,2.)
  );
#14429 = DIRECTION('',(-0.,0.,1.));
#14430 = DIRECTION('',(-1.,1.679662986601E-16,-0.));
#14431 = PCURVE('',#6757,#14432);
#14432 = DEFINITIONAL_REPRESENTATION('',(#14433),#14437);
#14433 = CIRCLE('',#14434,42.);
#14434 = AXIS2_PLACEMENT_2D('',#14435,#14436);
#14435 = CARTESIAN_POINT('',(-8.137075924057E-15,5.17418131396E-15));
#14436 = DIRECTION('',(1.,-1.679662986601E-16));
#14437 = ( GEOMETRIC_REPRESENTATION_CONTEXT(2) 
PARAMETRIC_REPRESENTATION_CONTEXT() REPRESENTATION_CONTEXT('2D SPACE',''
  ) );
#14438 = PCURVE('',#8434,#14439);
#14439 = DEFINITIONAL_REPRESENTATION('',(#14440),#14444);
#14440 = LINE('',#14441,#14442);
#14441 = CARTESIAN_POINT('',(-0.,0.));
#14442 = VECTOR('',#14443,1.);
#14443 = DIRECTION('',(-1.,0.));
#14444 = ( GEOMETRIC_REPRESENTATION_CONTEXT(2) 
PARAMETRIC_REPRESENTATION_CONTEXT() REPRESENTATION_CONTEXT('2D SPACE',''
  ) );
#14445 = ORIENTED_EDGE('',*,*,#7862,.T.);
#14446 = ORIENTED_EDGE('',*,*,#7171,.T.);
#14447 = ADVANCED_FACE('',(#14448),#6834,.T.);
#14448 = FACE_BOUND('',#14449,.F.);
#14449 = EDGE_LOOP('',(#14450,#14476,#14477,#14478));
#14450 = ORIENTED_EDGE('',*,*,#14451,.F.);
#14451 = EDGE_CURVE('',#6796,#6852,#14452,.T.);
#14452 = SURFACE_CURVE('',#14453,(#14458,#14469),.PCURVE_S1.);
#14453 = CIRCLE('',#14454,42.);
#14454 = AXIS2_PLACEMENT_3D('',#14455,#14456,#14457);
#14455 = CARTESIAN_POINT('',(5.329070518201E-15,-8.881784197001E-15,2.)
  );
#14456 = DIRECTION('',(-0.,0.,1.));
#14457 = DIRECTION('',(-1.,1.679662986601E-16,-0.));
#14458 = PCURVE('',#6834,#14459);
#14459 = DEFINITIONAL_REPRESENTATION('',(#14460),#14468);
#14460 = ( BOUNDED_CURVE() B_SPLINE_CURVE(2,(#14461,#14462,#14463,#14464
    ,#14465,#14466,#14467),.UNSPECIFIED.,.T.,.F.) 
B_SPLINE_CURVE_WITH_KNOTS((1,2,2,2,2,1),(-2.094395102393,0.,
    2.094395102393,4.188790204786,6.28318530718,8.377580409573),
.UNSPECIFIED.) CURVE() GEOMETRIC_REPRESENTATION_ITEM() 
RATIONAL_B_SPLINE_CURVE((1.,0.5,1.,0.5,1.,0.5,1.)) REPRESENTATION_ITEM(
  '') );
#14461 = CARTESIAN_POINT('',(-71.49806695894,21.));
#14462 = CARTESIAN_POINT('',(-35.125,84.));
#14463 = CARTESIAN_POINT('',(1.248066958946,21.));
#14464 = CARTESIAN_POINT('',(37.621133917893,-42.));
#14465 = CARTESIAN_POINT('',(-35.125,-42.));
#14466 = CARTESIAN_POINT('',(-107.8711339178,-42.));
#14467 = CARTESIAN_POINT('',(-71.49806695894,21.));
#14468 = ( GEOMETRIC_REPRESENTATION_CONTEXT(2) 
PARAMETRIC_REPRESENTATION_CONTEXT() REPRESENTATION_CONTEXT('2D SPACE',''
  ) );
#14469 = PCURVE('',#8434,#14470);
#14470 = DEFINITIONAL_REPRESENTATION('',(#14471),#14475);
#14471 = LINE('',#14472,#14473);
#14472 = CARTESIAN_POINT('',(-0.,0.));
#14473 = VECTOR('',#14474,1.);
#14474 = DIRECTION('',(-1.,0.));
#14475 = ( GEOMETRIC_REPRESENTATION_CONTEXT(2) 
PARAMETRIC_REPRESENTATION_CONTEXT() REPRESENTATION_CONTEXT('2D SPACE',''
  ) );
#14476 = ORIENTED_EDGE('',*,*,#6819,.T.);
#14477 = ORIENTED_EDGE('',*,*,#8218,.F.);
#14478 = ORIENTED_EDGE('',*,*,#6851,.T.);
#14479 = ADVANCED_FACE('',(#14480),#6946,.T.);
#14480 = FACE_BOUND('',#14481,.F.);
#14481 = EDGE_LOOP('',(#14482,#14483,#14484,#14506,#14507,#14508));
#14482 = ORIENTED_EDGE('',*,*,#7095,.T.);
#14483 = ORIENTED_EDGE('',*,*,#7476,.T.);
#14484 = ORIENTED_EDGE('',*,*,#14485,.F.);
#14485 = EDGE_CURVE('',#7427,#7477,#14486,.T.);
#14486 = SURFACE_CURVE('',#14487,(#14492,#14499),.PCURVE_S1.);
#14487 = CIRCLE('',#14488,29.6);
#14488 = AXIS2_PLACEMENT_3D('',#14489,#14490,#14491);
#14489 = CARTESIAN_POINT('',(-3.552713678801E-15,-1.7763568394E-15,2.));
#14490 = DIRECTION('',(-0.,0.,-1.));
#14491 = DIRECTION('',(1.,2.851448545394E-16,-0.));
#14492 = PCURVE('',#6946,#14493);
#14493 = DEFINITIONAL_REPRESENTATION('',(#14494),#14498);
#14494 = CIRCLE('',#14495,29.6);
#14495 = AXIS2_PLACEMENT_2D('',#14496,#14497);
#14496 = CARTESIAN_POINT('',(-35.125,3.573611994558E-15));
#14497 = DIRECTION('',(-1.741225520768E-16,-1.));
#14498 = ( GEOMETRIC_REPRESENTATION_CONTEXT(2) 
PARAMETRIC_REPRESENTATION_CONTEXT() REPRESENTATION_CONTEXT('2D SPACE',''
  ) );
#14499 = PCURVE('',#10199,#14500);
#14500 = DEFINITIONAL_REPRESENTATION('',(#14501),#14505);
#14501 = LINE('',#14502,#14503);
#14502 = CARTESIAN_POINT('',(0.,0.));
#14503 = VECTOR('',#14504,1.);
#14504 = DIRECTION('',(1.,0.));
#14505 = ( GEOMETRIC_REPRESENTATION_CONTEXT(2) 
PARAMETRIC_REPRESENTATION_CONTEXT() REPRESENTATION_CONTEXT('2D SPACE',''
  ) );
#14506 = ORIENTED_EDGE('',*,*,#7449,.T.);
#14507 = ORIENTED_EDGE('',*,*,#6929,.T.);
#14508 = ORIENTED_EDGE('',*,*,#14509,.F.);
#14509 = EDGE_CURVE('',#7072,#6930,#14510,.T.);
#14510 = SURFACE_CURVE('',#14511,(#14516,#14527),.PCURVE_S1.);
#14511 = CIRCLE('',#14512,28.8);
#14512 = AXIS2_PLACEMENT_3D('',#14513,#14514,#14515);
#14513 = CARTESIAN_POINT('',(-3.552713678801E-15,4.440892098501E-15,2.)
  );
#14514 = DIRECTION('',(0.,-0.,1.));
#14515 = DIRECTION('',(-1.,-1.364504165456E-16,-0.));
#14516 = PCURVE('',#6946,#14517);
#14517 = DEFINITIONAL_REPRESENTATION('',(#14518),#14526);
#14518 = ( BOUNDED_CURVE() B_SPLINE_CURVE(2,(#14519,#14520,#14521,#14522
    ,#14523,#14524,#14525),.UNSPECIFIED.,.T.,.F.) 
B_SPLINE_CURVE_WITH_KNOTS((1,2,2,2,2,1),(-2.094395102393,0.,
    2.094395102393,4.188790204786,6.28318530718,8.377580409573),
.UNSPECIFIED.) CURVE() GEOMETRIC_REPRESENTATION_ITEM() 
RATIONAL_B_SPLINE_CURVE((1.,0.5,1.,0.5,1.,0.5,1.)) REPRESENTATION_ITEM(
  '') );
#14519 = CARTESIAN_POINT('',(-35.125,28.8));
#14520 = CARTESIAN_POINT('',(14.758063257984,28.8));
#14521 = CARTESIAN_POINT('',(-10.183468371,-14.4));
#14522 = CARTESIAN_POINT('',(-35.125,-57.6));
#14523 = CARTESIAN_POINT('',(-60.06653162899,-14.4));
#14524 = CARTESIAN_POINT('',(-85.00806325798,28.8));
#14525 = CARTESIAN_POINT('',(-35.125,28.8));
#14526 = ( GEOMETRIC_REPRESENTATION_CONTEXT(2) 
PARAMETRIC_REPRESENTATION_CONTEXT() REPRESENTATION_CONTEXT('2D SPACE',''
  ) );
#14527 = PCURVE('',#8710,#14528);
#14528 = DEFINITIONAL_REPRESENTATION('',(#14529),#14533);
#14529 = LINE('',#14530,#14531);
#14530 = CARTESIAN_POINT('',(-0.,0.));
#14531 = VECTOR('',#14532,1.);
#14532 = DIRECTION('',(-1.,0.));
#14533 = ( GEOMETRIC_REPRESENTATION_CONTEXT(2) 
PARAMETRIC_REPRESENTATION_CONTEXT() REPRESENTATION_CONTEXT('2D SPACE',''
  ) );
#14534 = ADVANCED_FACE('',(#14535),#7003,.T.);
#14535 = FACE_BOUND('',#14536,.F.);
#14536 = EDGE_LOOP('',(#14537,#14538,#14560,#14561));
#14537 = ORIENTED_EDGE('',*,*,#7043,.T.);
#14538 = ORIENTED_EDGE('',*,*,#14539,.F.);
#14539 = EDGE_CURVE('',#6963,#7044,#14540,.T.);
#14540 = SURFACE_CURVE('',#14541,(#14546,#14553),.PCURVE_S1.);
#14541 = CIRCLE('',#14542,27.4);
#14542 = AXIS2_PLACEMENT_3D('',#14543,#14544,#14545);
#14543 = CARTESIAN_POINT('',(3.552713678801E-15,3.552713678801E-15,2.));
#14544 = DIRECTION('',(0.,0.,-1.));
#14545 = DIRECTION('',(1.,-7.957102907278E-17,-0.));
#14546 = PCURVE('',#7003,#14547);
#14547 = DEFINITIONAL_REPRESENTATION('',(#14548),#14552);
#14548 = CIRCLE('',#14549,27.4);
#14549 = AXIS2_PLACEMENT_2D('',#14550,#14551);
#14550 = CARTESIAN_POINT('',(-35.125,-3.531815363043E-15));
#14551 = DIRECTION('',(1.905933315353E-16,-1.));
#14552 = ( GEOMETRIC_REPRESENTATION_CONTEXT(2) 
PARAMETRIC_REPRESENTATION_CONTEXT() REPRESENTATION_CONTEXT('2D SPACE',''
  ) );
#14553 = PCURVE('',#8680,#14554);
#14554 = DEFINITIONAL_REPRESENTATION('',(#14555),#14559);
#14555 = LINE('',#14556,#14557);
#14556 = CARTESIAN_POINT('',(0.,0.));
#14557 = VECTOR('',#14558,1.);
#14558 = DIRECTION('',(1.,0.));
#14559 = ( GEOMETRIC_REPRESENTATION_CONTEXT(2) 
PARAMETRIC_REPRESENTATION_CONTEXT() REPRESENTATION_CONTEXT('2D SPACE',''
  ) );
#14560 = ORIENTED_EDGE('',*,*,#6986,.T.);
#14561 = ORIENTED_EDGE('',*,*,#14562,.F.);
#14562 = EDGE_CURVE('',#7020,#6987,#14563,.T.);
#14563 = SURFACE_CURVE('',#14564,(#14569,#14580),.PCURVE_S1.);
#14564 = CIRCLE('',#14565,26.6);
#14565 = AXIS2_PLACEMENT_3D('',#14566,#14567,#14568);
#14566 = CARTESIAN_POINT('',(2.6645352591E-15,-8.881784197001E-16,2.));
#14567 = DIRECTION('',(0.,-0.,1.));
#14568 = DIRECTION('',(-1.,-2.8095161389E-18,-0.));
#14569 = PCURVE('',#7003,#14570);
#14570 = DEFINITIONAL_REPRESENTATION('',(#14571),#14579);
#14571 = ( BOUNDED_CURVE() B_SPLINE_CURVE(2,(#14572,#14573,#14574,#14575
    ,#14576,#14577,#14578),.UNSPECIFIED.,.T.,.F.) 
B_SPLINE_CURVE_WITH_KNOTS((1,2,2,2,2,1),(-2.094395102393,0.,
    2.094395102393,4.188790204786,6.28318530718,8.377580409573),
.UNSPECIFIED.) CURVE() GEOMETRIC_REPRESENTATION_ITEM() 
RATIONAL_B_SPLINE_CURVE((1.,0.5,1.,0.5,1.,0.5,1.)) REPRESENTATION_ITEM(
  '') );
#14572 = CARTESIAN_POINT('',(-35.125,26.6));
#14573 = CARTESIAN_POINT('',(10.947551481332,26.6));
#14574 = CARTESIAN_POINT('',(-12.08872425933,-13.3));
#14575 = CARTESIAN_POINT('',(-35.125,-53.2));
#14576 = CARTESIAN_POINT('',(-58.16127574066,-13.3));
#14577 = CARTESIAN_POINT('',(-81.19755148133,26.6));
#14578 = CARTESIAN_POINT('',(-35.125,26.6));
#14579 = ( GEOMETRIC_REPRESENTATION_CONTEXT(2) 
PARAMETRIC_REPRESENTATION_CONTEXT() REPRESENTATION_CONTEXT('2D SPACE',''
  ) );
#14580 = PCURVE('',#9054,#14581);
#14581 = DEFINITIONAL_REPRESENTATION('',(#14582),#14586);
#14582 = LINE('',#14583,#14584);
#14583 = CARTESIAN_POINT('',(-0.,0.));
#14584 = VECTOR('',#14585,1.);
#14585 = DIRECTION('',(-1.,0.));
#14586 = ( GEOMETRIC_REPRESENTATION_CONTEXT(2) 
PARAMETRIC_REPRESENTATION_CONTEXT() REPRESENTATION_CONTEXT('2D SPACE',''
  ) );
#14587 = ADVANCED_FACE('',(#14588),#7210,.T.);
#14588 = FACE_BOUND('',#14589,.F.);
#14589 = EDGE_LOOP('',(#14590,#14616,#14617,#14639));
#14590 = ORIENTED_EDGE('',*,*,#14591,.F.);
#14591 = EDGE_CURVE('',#7684,#7195,#14592,.T.);
#14592 = SURFACE_CURVE('',#14593,(#14598,#14609),.PCURVE_S1.);
#14593 = CIRCLE('',#14594,39.8);
#14594 = AXIS2_PLACEMENT_3D('',#14595,#14596,#14597);
#14595 = CARTESIAN_POINT('',(3.552713678801E-15,0.,2.));
#14596 = DIRECTION('',(-0.,0.,1.));
#14597 = DIRECTION('',(-1.,8.329561164686E-18,-0.));
#14598 = PCURVE('',#7210,#14599);
#14599 = DEFINITIONAL_REPRESENTATION('',(#14600),#14608);
#14600 = ( BOUNDED_CURVE() B_SPLINE_CURVE(2,(#14601,#14602,#14603,#14604
    ,#14605,#14606,#14607),.UNSPECIFIED.,.T.,.F.) 
B_SPLINE_CURVE_WITH_KNOTS((1,2,2,2,2,1),(-2.094395102393,0.,
    2.094395102393,4.188790204786,6.28318530718,8.377580409573),
.UNSPECIFIED.) CURVE() GEOMETRIC_REPRESENTATION_ITEM() 
RATIONAL_B_SPLINE_CURVE((1.,0.5,1.,0.5,1.,0.5,1.)) REPRESENTATION_ITEM(
  '') );
#14601 = CARTESIAN_POINT('',(-35.125,39.8));
#14602 = CARTESIAN_POINT('',(33.810622141241,39.8));
#14603 = CARTESIAN_POINT('',(-0.657188929379,-19.9));
#14604 = CARTESIAN_POINT('',(-35.125,-79.6));
#14605 = CARTESIAN_POINT('',(-69.59281107062,-19.9));
#14606 = CARTESIAN_POINT('',(-104.0606221412,39.8));
#14607 = CARTESIAN_POINT('',(-35.125,39.8));
#14608 = ( GEOMETRIC_REPRESENTATION_CONTEXT(2) 
PARAMETRIC_REPRESENTATION_CONTEXT() REPRESENTATION_CONTEXT('2D SPACE',''
  ) );
#14609 = PCURVE('',#9517,#14610);
#14610 = DEFINITIONAL_REPRESENTATION('',(#14611),#14615);
#14611 = LINE('',#14612,#14613);
#14612 = CARTESIAN_POINT('',(-0.,0.));
#14613 = VECTOR('',#14614,1.);
#14614 = DIRECTION('',(-1.,0.));
#14615 = ( GEOMETRIC_REPRESENTATION_CONTEXT(2) 
PARAMETRIC_REPRESENTATION_CONTEXT() REPRESENTATION_CONTEXT('2D SPACE',''
  ) );
#14616 = ORIENTED_EDGE('',*,*,#7706,.T.);
#14617 = ORIENTED_EDGE('',*,*,#14618,.F.);
#14618 = EDGE_CURVE('',#7172,#7707,#14619,.T.);
#14619 = SURFACE_CURVE('',#14620,(#14625,#14632),.PCURVE_S1.);
#14620 = CIRCLE('',#14621,40.6);
#14621 = AXIS2_PLACEMENT_3D('',#14622,#14623,#14624);
#14622 = CARTESIAN_POINT('',(0.,3.552713678801E-15,2.));
#14623 = DIRECTION('',(0.,0.,-1.));
#14624 = DIRECTION('',(1.,-1.112441602971E-17,-0.));
#14625 = PCURVE('',#7210,#14626);
#14626 = DEFINITIONAL_REPRESENTATION('',(#14627),#14631);
#14627 = CIRCLE('',#14628,40.6);
#14628 = AXIS2_PLACEMENT_2D('',#14629,#14630);
#14629 = CARTESIAN_POINT('',(-35.125,2.089831575765E-17));
#14630 = DIRECTION('',(1.221467184922E-16,-1.));
#14631 = ( GEOMETRIC_REPRESENTATION_CONTEXT(2) 
PARAMETRIC_REPRESENTATION_CONTEXT() REPRESENTATION_CONTEXT('2D SPACE',''
  ) );
#14632 = PCURVE('',#7907,#14633);
#14633 = DEFINITIONAL_REPRESENTATION('',(#14634),#14638);
#14634 = LINE('',#14635,#14636);
#14635 = CARTESIAN_POINT('',(0.,0.));
#14636 = VECTOR('',#14637,1.);
#14637 = DIRECTION('',(1.,0.));
#14638 = ( GEOMETRIC_REPRESENTATION_CONTEXT(2) 
PARAMETRIC_REPRESENTATION_CONTEXT() REPRESENTATION_CONTEXT('2D SPACE',''
  ) );
#14639 = ORIENTED_EDGE('',*,*,#7194,.T.);
#14640 = ADVANCED_FACE('',(#14641),#7261,.T.);
#14641 = FACE_BOUND('',#14642,.F.);
#14642 = EDGE_LOOP('',(#14643,#14669,#14670,#14692));
#14643 = ORIENTED_EDGE('',*,*,#14644,.F.);
#14644 = EDGE_CURVE('',#7638,#7246,#14645,.T.);
#14645 = SURFACE_CURVE('',#14646,(#14651,#14662),.PCURVE_S1.);
#14646 = CIRCLE('',#14647,37.6);
#14647 = AXIS2_PLACEMENT_3D('',#14648,#14649,#14650);
#14648 = CARTESIAN_POINT('',(-1.7763568394E-15,1.7763568394E-15,2.));
#14649 = DIRECTION('',(-0.,0.,1.));
#14650 = DIRECTION('',(-1.,1.227639199325E-16,-0.));
#14651 = PCURVE('',#7261,#14652);
#14652 = DEFINITIONAL_REPRESENTATION('',(#14653),#14661);
#14653 = ( BOUNDED_CURVE() B_SPLINE_CURVE(2,(#14654,#14655,#14656,#14657
    ,#14658,#14659,#14660),.UNSPECIFIED.,.T.,.F.) 
B_SPLINE_CURVE_WITH_KNOTS((1,2,2,2,2,1),(-2.094395102393,0.,
    2.094395102393,4.188790204786,6.28318530718,8.377580409573),
.UNSPECIFIED.) CURVE() GEOMETRIC_REPRESENTATION_ITEM() 
RATIONAL_B_SPLINE_CURVE((1.,0.5,1.,0.5,1.,0.5,1.)) REPRESENTATION_ITEM(
  '') );
#14654 = CARTESIAN_POINT('',(-35.125,37.6));
#14655 = CARTESIAN_POINT('',(30.00011036459,37.6));
#14656 = CARTESIAN_POINT('',(-2.562444817705,-18.8));
#14657 = CARTESIAN_POINT('',(-35.125,-75.2));
#14658 = CARTESIAN_POINT('',(-67.68755518229,-18.8));
#14659 = CARTESIAN_POINT('',(-100.2501103645,37.6));
#14660 = CARTESIAN_POINT('',(-35.125,37.6));
#14661 = ( GEOMETRIC_REPRESENTATION_CONTEXT(2) 
PARAMETRIC_REPRESENTATION_CONTEXT() REPRESENTATION_CONTEXT('2D SPACE',''
  ) );
#14662 = PCURVE('',#9695,#14663);
#14663 = DEFINITIONAL_REPRESENTATION('',(#14664),#14668);
#14664 = LINE('',#14665,#14666);
#14665 = CARTESIAN_POINT('',(-0.,0.));
#14666 = VECTOR('',#14667,1.);
#14667 = DIRECTION('',(-1.,0.));
#14668 = ( GEOMETRIC_REPRESENTATION_CONTEXT(2) 
PARAMETRIC_REPRESENTATION_CONTEXT() REPRESENTATION_CONTEXT('2D SPACE',''
  ) );
#14669 = ORIENTED_EDGE('',*,*,#7660,.T.);
#14670 = ORIENTED_EDGE('',*,*,#14671,.F.);
#14671 = EDGE_CURVE('',#7223,#7661,#14672,.T.);
#14672 = SURFACE_CURVE('',#14673,(#14678,#14685),.PCURVE_S1.);
#14673 = CIRCLE('',#14674,38.4);
#14674 = AXIS2_PLACEMENT_3D('',#14675,#14676,#14677);
#14675 = CARTESIAN_POINT('',(1.7763568394E-15,5.329070518201E-15,2.));
#14676 = DIRECTION('',(0.,0.,-1.));
#14677 = DIRECTION('',(1.,-1.087000314356E-16,-0.));
#14678 = PCURVE('',#7261,#14679);
#14679 = DEFINITIONAL_REPRESENTATION('',(#14680),#14684);
#14680 = CIRCLE('',#14681,38.4);
#14681 = AXIS2_PLACEMENT_2D('',#14682,#14683);
#14682 = CARTESIAN_POINT('',(-35.125,-1.755458523643E-15));
#14683 = DIRECTION('',(2.197223338981E-16,-1.));
#14684 = ( GEOMETRIC_REPRESENTATION_CONTEXT(2) 
PARAMETRIC_REPRESENTATION_CONTEXT() REPRESENTATION_CONTEXT('2D SPACE',''
  ) );
#14685 = PCURVE('',#9487,#14686);
#14686 = DEFINITIONAL_REPRESENTATION('',(#14687),#14691);
#14687 = LINE('',#14688,#14689);
#14688 = CARTESIAN_POINT('',(0.,0.));
#14689 = VECTOR('',#14690,1.);
#14690 = DIRECTION('',(1.,0.));
#14691 = ( GEOMETRIC_REPRESENTATION_CONTEXT(2) 
PARAMETRIC_REPRESENTATION_CONTEXT() REPRESENTATION_CONTEXT('2D SPACE',''
  ) );
#14692 = ORIENTED_EDGE('',*,*,#7245,.T.);
#14693 = ADVANCED_FACE('',(#14694),#7312,.T.);
#14694 = FACE_BOUND('',#14695,.F.);
#14695 = EDGE_LOOP('',(#14696,#14722,#14723,#14745));
#14696 = ORIENTED_EDGE('',*,*,#14697,.F.);
#14697 = EDGE_CURVE('',#7592,#7297,#14698,.T.);
#14698 = SURFACE_CURVE('',#14699,(#14704,#14715),.PCURVE_S1.);
#14699 = CIRCLE('',#14700,35.4);
#14700 = AXIS2_PLACEMENT_3D('',#14701,#14702,#14703);
#14701 = CARTESIAN_POINT('',(-1.7763568394E-15,1.7763568394E-15,2.));
#14702 = DIRECTION('',(-0.,0.,1.));
#14703 = DIRECTION('',(-1.,2.299277132208E-16,-0.));
#14704 = PCURVE('',#7312,#14705);
#14705 = DEFINITIONAL_REPRESENTATION('',(#14706),#14714);
#14706 = ( BOUNDED_CURVE() B_SPLINE_CURVE(2,(#14707,#14708,#14709,#14710
    ,#14711,#14712,#14713),.UNSPECIFIED.,.T.,.F.) 
B_SPLINE_CURVE_WITH_KNOTS((1,2,2,2,2,1),(-2.094395102393,0.,
    2.094395102393,4.188790204786,6.28318530718,8.377580409573),
.UNSPECIFIED.) CURVE() GEOMETRIC_REPRESENTATION_ITEM() 
RATIONAL_B_SPLINE_CURVE((1.,0.5,1.,0.5,1.,0.5,1.)) REPRESENTATION_ITEM(
  '') );
#14707 = CARTESIAN_POINT('',(-35.125,35.4));
#14708 = CARTESIAN_POINT('',(26.189598587938,35.4));
#14709 = CARTESIAN_POINT('',(-4.467700706031,-17.7));
#14710 = CARTESIAN_POINT('',(-35.125,-70.8));
#14711 = CARTESIAN_POINT('',(-65.78229929396,-17.7));
#14712 = CARTESIAN_POINT('',(-96.43959858793,35.4));
#14713 = CARTESIAN_POINT('',(-35.125,35.4));
#14714 = ( GEOMETRIC_REPRESENTATION_CONTEXT(2) 
PARAMETRIC_REPRESENTATION_CONTEXT() REPRESENTATION_CONTEXT('2D SPACE',''
  ) );
#14715 = PCURVE('',#9873,#14716);
#14716 = DEFINITIONAL_REPRESENTATION('',(#14717),#14721);
#14717 = LINE('',#14718,#14719);
#14718 = CARTESIAN_POINT('',(-0.,0.));
#14719 = VECTOR('',#14720,1.);
#14720 = DIRECTION('',(-1.,0.));
#14721 = ( GEOMETRIC_REPRESENTATION_CONTEXT(2) 
PARAMETRIC_REPRESENTATION_CONTEXT() REPRESENTATION_CONTEXT('2D SPACE',''
  ) );
#14722 = ORIENTED_EDGE('',*,*,#7614,.T.);
#14723 = ORIENTED_EDGE('',*,*,#14724,.F.);
#14724 = EDGE_CURVE('',#7274,#7615,#14725,.T.);
#14725 = SURFACE_CURVE('',#14726,(#14731,#14738),.PCURVE_S1.);
#14726 = CIRCLE('',#14727,36.2);
#14727 = AXIS2_PLACEMENT_3D('',#14728,#14729,#14730);
#14728 = CARTESIAN_POINT('',(-3.552713678801E-15,-5.329070518201E-15,2.)
  );
#14729 = DIRECTION('',(-0.,0.,-1.));
#14730 = DIRECTION('',(1.,3.414335465613E-16,-0.));
#14731 = PCURVE('',#7312,#14732);
#14732 = DEFINITIONAL_REPRESENTATION('',(#14733),#14737);
#14733 = CIRCLE('',#14734,36.2);
#14734 = AXIS2_PLACEMENT_2D('',#14735,#14736);
#14735 = CARTESIAN_POINT('',(-35.125,3.573611994558E-15));
#14736 = DIRECTION('',(-2.304112440987E-16,-1.));
#14737 = ( GEOMETRIC_REPRESENTATION_CONTEXT(2) 
PARAMETRIC_REPRESENTATION_CONTEXT() REPRESENTATION_CONTEXT('2D SPACE',''
  ) );
#14738 = PCURVE('',#9665,#14739);
#14739 = DEFINITIONAL_REPRESENTATION('',(#14740),#14744);
#14740 = LINE('',#14741,#14742);
#14741 = CARTESIAN_POINT('',(0.,0.));
#14742 = VECTOR('',#14743,1.);
#14743 = DIRECTION('',(1.,0.));
#14744 = ( GEOMETRIC_REPRESENTATION_CONTEXT(2) 
PARAMETRIC_REPRESENTATION_CONTEXT() REPRESENTATION_CONTEXT('2D SPACE',''
  ) );
#14745 = ORIENTED_EDGE('',*,*,#7296,.T.);
#14746 = ADVANCED_FACE('',(#14747),#7363,.T.);
#14747 = FACE_BOUND('',#14748,.F.);
#14748 = EDGE_LOOP('',(#14749,#14775,#14776,#14798));
#14749 = ORIENTED_EDGE('',*,*,#14750,.F.);
#14750 = EDGE_CURVE('',#7546,#7348,#14751,.T.);
#14751 = SURFACE_CURVE('',#14752,(#14757,#14768),.PCURVE_S1.);
#14752 = CIRCLE('',#14753,33.2);
#14753 = AXIS2_PLACEMENT_3D('',#14754,#14755,#14756);
#14754 = CARTESIAN_POINT('',(3.552713678801E-15,-3.552713678801E-15,2.)
  );
#14755 = DIRECTION('',(-0.,0.,1.));
#14756 = DIRECTION('',(-1.,4.487612168275E-16,-0.));
#14757 = PCURVE('',#7363,#14758);
#14758 = DEFINITIONAL_REPRESENTATION('',(#14759),#14767);
#14759 = ( BOUNDED_CURVE() B_SPLINE_CURVE(2,(#14760,#14761,#14762,#14763
    ,#14764,#14765,#14766),.UNSPECIFIED.,.T.,.F.) 
B_SPLINE_CURVE_WITH_KNOTS((1,2,2,2,2,1),(-2.094395102393,0.,
    2.094395102393,4.188790204786,6.28318530718,8.377580409573),
.UNSPECIFIED.) CURVE() GEOMETRIC_REPRESENTATION_ITEM() 
RATIONAL_B_SPLINE_CURVE((1.,0.5,1.,0.5,1.,0.5,1.)) REPRESENTATION_ITEM(
  '') );
#14760 = CARTESIAN_POINT('',(-35.125,33.2));
#14761 = CARTESIAN_POINT('',(22.379086811287,33.2));
#14762 = CARTESIAN_POINT('',(-6.372956594357,-16.6));
#14763 = CARTESIAN_POINT('',(-35.125,-66.4));
#14764 = CARTESIAN_POINT('',(-63.87704340564,-16.6));
#14765 = CARTESIAN_POINT('',(-92.62908681128,33.2));
#14766 = CARTESIAN_POINT('',(-35.125,33.2));
#14767 = ( GEOMETRIC_REPRESENTATION_CONTEXT(2) 
PARAMETRIC_REPRESENTATION_CONTEXT() REPRESENTATION_CONTEXT('2D SPACE',''
  ) );
#14768 = PCURVE('',#10051,#14769);
#14769 = DEFINITIONAL_REPRESENTATION('',(#14770),#14774);
#14770 = LINE('',#14771,#14772);
#14771 = CARTESIAN_POINT('',(-0.,0.));
#14772 = VECTOR('',#14773,1.);
#14773 = DIRECTION('',(-1.,0.));
#14774 = ( GEOMETRIC_REPRESENTATION_CONTEXT(2) 
PARAMETRIC_REPRESENTATION_CONTEXT() REPRESENTATION_CONTEXT('2D SPACE',''
  ) );
#14775 = ORIENTED_EDGE('',*,*,#7568,.T.);
#14776 = ORIENTED_EDGE('',*,*,#14777,.F.);
#14777 = EDGE_CURVE('',#7325,#7569,#14778,.T.);
#14778 = SURFACE_CURVE('',#14779,(#14784,#14791),.PCURVE_S1.);
#14779 = CIRCLE('',#14780,34.);
#14780 = AXIS2_PLACEMENT_3D('',#14781,#14782,#14783);
#14781 = CARTESIAN_POINT('',(3.552713678801E-15,3.552713678801E-15,2.));
#14782 = DIRECTION('',(-0.,0.,-1.));
#14783 = DIRECTION('',(1.,1.668806424356E-16,-0.));
#14784 = PCURVE('',#7363,#14785);
#14785 = DEFINITIONAL_REPRESENTATION('',(#14786),#14790);
#14786 = CIRCLE('',#14787,34.);
#14787 = AXIS2_PLACEMENT_2D('',#14788,#14789);
#14788 = CARTESIAN_POINT('',(-35.125,-3.531815363043E-15));
#14789 = DIRECTION('',(-5.585833997306E-17,-1.));
#14790 = ( GEOMETRIC_REPRESENTATION_CONTEXT(2) 
PARAMETRIC_REPRESENTATION_CONTEXT() REPRESENTATION_CONTEXT('2D SPACE',''
  ) );
#14791 = PCURVE('',#9843,#14792);
#14792 = DEFINITIONAL_REPRESENTATION('',(#14793),#14797);
#14793 = LINE('',#14794,#14795);
#14794 = CARTESIAN_POINT('',(0.,0.));
#14795 = VECTOR('',#14796,1.);
#14796 = DIRECTION('',(1.,0.));
#14797 = ( GEOMETRIC_REPRESENTATION_CONTEXT(2) 
PARAMETRIC_REPRESENTATION_CONTEXT() REPRESENTATION_CONTEXT('2D SPACE',''
  ) );
#14798 = ORIENTED_EDGE('',*,*,#7347,.T.);
#14799 = ADVANCED_FACE('',(#14800),#7414,.T.);
#14800 = FACE_BOUND('',#14801,.F.);
#14801 = EDGE_LOOP('',(#14802,#14828,#14829,#14851));
#14802 = ORIENTED_EDGE('',*,*,#14803,.F.);
#14803 = EDGE_CURVE('',#7500,#7399,#14804,.T.);
#14804 = SURFACE_CURVE('',#14805,(#14810,#14821),.PCURVE_S1.);
#14805 = CIRCLE('',#14806,31.);
#14806 = AXIS2_PLACEMENT_3D('',#14807,#14808,#14809);
#14807 = CARTESIAN_POINT('',(3.552713678801E-15,-8.881784197001E-16,2.)
  );
#14808 = DIRECTION('',(-0.,0.,1.));
#14809 = DIRECTION('',(-1.,6.098052810315E-17,-0.));
#14810 = PCURVE('',#7414,#14811);
#14811 = DEFINITIONAL_REPRESENTATION('',(#14812),#14820);
#14812 = ( BOUNDED_CURVE() B_SPLINE_CURVE(2,(#14813,#14814,#14815,#14816
    ,#14817,#14818,#14819),.UNSPECIFIED.,.T.,.F.) 
B_SPLINE_CURVE_WITH_KNOTS((1,2,2,2,2,1),(-2.094395102393,0.,
    2.094395102393,4.188790204786,6.28318530718,8.377580409573),
.UNSPECIFIED.) CURVE() GEOMETRIC_REPRESENTATION_ITEM() 
RATIONAL_B_SPLINE_CURVE((1.,0.5,1.,0.5,1.,0.5,1.)) REPRESENTATION_ITEM(
  '') );
#14813 = CARTESIAN_POINT('',(-35.125,31.));
#14814 = CARTESIAN_POINT('',(18.568575034635,31.));
#14815 = CARTESIAN_POINT('',(-8.278212482682,-15.5));
#14816 = CARTESIAN_POINT('',(-35.125,-62.));
#14817 = CARTESIAN_POINT('',(-61.97178751731,-15.5));
#14818 = CARTESIAN_POINT('',(-88.81857503463,31.));
#14819 = CARTESIAN_POINT('',(-35.125,31.));
#14820 = ( GEOMETRIC_REPRESENTATION_CONTEXT(2) 
PARAMETRIC_REPRESENTATION_CONTEXT() REPRESENTATION_CONTEXT('2D SPACE',''
  ) );
#14821 = PCURVE('',#10229,#14822);
#14822 = DEFINITIONAL_REPRESENTATION('',(#14823),#14827);
#14823 = LINE('',#14824,#14825);
#14824 = CARTESIAN_POINT('',(-0.,0.));
#14825 = VECTOR('',#14826,1.);
#14826 = DIRECTION('',(-1.,0.));
#14827 = ( GEOMETRIC_REPRESENTATION_CONTEXT(2) 
PARAMETRIC_REPRESENTATION_CONTEXT() REPRESENTATION_CONTEXT('2D SPACE',''
  ) );
#14828 = ORIENTED_EDGE('',*,*,#7522,.T.);
#14829 = ORIENTED_EDGE('',*,*,#14830,.F.);
#14830 = EDGE_CURVE('',#7376,#7523,#14831,.T.);
#14831 = SURFACE_CURVE('',#14832,(#14837,#14844),.PCURVE_S1.);
#14832 = CIRCLE('',#14833,31.8);
#14833 = AXIS2_PLACEMENT_3D('',#14834,#14835,#14836);
#14834 = CARTESIAN_POINT('',(8.881784197001E-16,3.552713678801E-15,2.));
#14835 = DIRECTION('',(0.,0.,-1.));
#14836 = DIRECTION('',(1.,-8.330827787858E-17,-0.));
#14837 = PCURVE('',#7414,#14838);
#14838 = DEFINITIONAL_REPRESENTATION('',(#14839),#14843);
#14839 = CIRCLE('',#14840,31.8);
#14840 = AXIS2_PLACEMENT_2D('',#14841,#14842);
#14841 = CARTESIAN_POINT('',(-35.125,-8.672801039425E-16));
#14842 = DIRECTION('',(1.943305803411E-16,-1.));
#14843 = ( GEOMETRIC_REPRESENTATION_CONTEXT(2) 
PARAMETRIC_REPRESENTATION_CONTEXT() REPRESENTATION_CONTEXT('2D SPACE',''
  ) );
#14844 = PCURVE('',#10021,#14845);
#14845 = DEFINITIONAL_REPRESENTATION('',(#14846),#14850);
#14846 = LINE('',#14847,#14848);
#14847 = CARTESIAN_POINT('',(0.,0.));
#14848 = VECTOR('',#14849,1.);
#14849 = DIRECTION('',(1.,0.));
#14850 = ( GEOMETRIC_REPRESENTATION_CONTEXT(2) 
PARAMETRIC_REPRESENTATION_CONTEXT() REPRESENTATION_CONTEXT('2D SPACE',''
  ) );
#14851 = ORIENTED_EDGE('',*,*,#7398,.T.);
#14852 = ADVANCED_FACE('',(#14853),#7817,.T.);
#14853 = FACE_BOUND('',#14854,.F.);
#14854 = EDGE_LOOP('',(#14855,#14881,#14882,#14883));
#14855 = ORIENTED_EDGE('',*,*,#14856,.F.);
#14856 = EDGE_CURVE('',#7779,#7835,#14857,.T.);
#14857 = SURFACE_CURVE('',#14858,(#14863,#14874),.PCURVE_S1.);
#14858 = CIRCLE('',#14859,42.);
#14859 = AXIS2_PLACEMENT_3D('',#14860,#14861,#14862);
#14860 = CARTESIAN_POINT('',(5.329070518201E-15,-8.881784197001E-15,2.)
  );
#14861 = DIRECTION('',(-0.,0.,1.));
#14862 = DIRECTION('',(-1.,1.679662986601E-16,-0.));
#14863 = PCURVE('',#7817,#14864);
#14864 = DEFINITIONAL_REPRESENTATION('',(#14865),#14873);
#14865 = ( BOUNDED_CURVE() B_SPLINE_CURVE(2,(#14866,#14867,#14868,#14869
    ,#14870,#14871,#14872),.UNSPECIFIED.,.T.,.F.) 
B_SPLINE_CURVE_WITH_KNOTS((1,2,2,2,2,1),(-2.094395102393,0.,
    2.094395102393,4.188790204786,6.28318530718,8.377580409573),
.UNSPECIFIED.) CURVE() GEOMETRIC_REPRESENTATION_ITEM() 
RATIONAL_B_SPLINE_CURVE((1.,0.5,1.,0.5,1.,0.5,1.)) REPRESENTATION_ITEM(
  '') );
#14866 = CARTESIAN_POINT('',(-35.125,42.));
#14867 = CARTESIAN_POINT('',(37.621133917893,42.));
#14868 = CARTESIAN_POINT('',(1.248066958946,-21.));
#14869 = CARTESIAN_POINT('',(-35.125,-84.));
#14870 = CARTESIAN_POINT('',(-71.49806695894,-21.));
#14871 = CARTESIAN_POINT('',(-107.8711339178,42.));
#14872 = CARTESIAN_POINT('',(-35.125,42.));
#14873 = ( GEOMETRIC_REPRESENTATION_CONTEXT(2) 
PARAMETRIC_REPRESENTATION_CONTEXT() REPRESENTATION_CONTEXT('2D SPACE',''
  ) );
#14874 = PCURVE('',#8434,#14875);
#14875 = DEFINITIONAL_REPRESENTATION('',(#14876),#14880);
#14876 = LINE('',#14877,#14878);
#14877 = CARTESIAN_POINT('',(-0.,0.));
#14878 = VECTOR('',#14879,1.);
#14879 = DIRECTION('',(-1.,0.));
#14880 = ( GEOMETRIC_REPRESENTATION_CONTEXT(2) 
PARAMETRIC_REPRESENTATION_CONTEXT() REPRESENTATION_CONTEXT('2D SPACE',''
  ) );
#14881 = ORIENTED_EDGE('',*,*,#7802,.T.);
#14882 = ORIENTED_EDGE('',*,*,#8195,.F.);
#14883 = ORIENTED_EDGE('',*,*,#7834,.T.);
#14884 = ADVANCED_FACE('',(#14885),#7907,.T.);
#14885 = FACE_BOUND('',#14886,.T.);
#14886 = EDGE_LOOP('',(#14887,#14910,#14936,#14937,#14938,#14939,#14940,
    #14941,#14942,#14943));
#14887 = ORIENTED_EDGE('',*,*,#14888,.T.);
#14888 = EDGE_CURVE('',#12342,#14889,#14891,.T.);
#14889 = VERTEX_POINT('',#14890);
#14890 = CARTESIAN_POINT('',(40.6,3.101062387994E-15,3.2));
#14891 = SURFACE_CURVE('',#14892,(#14896,#14903),.PCURVE_S1.);
#14892 = LINE('',#14893,#14894);
#14893 = CARTESIAN_POINT('',(40.6,3.101062387994E-15,2.));
#14894 = VECTOR('',#14895,1.);
#14895 = DIRECTION('',(-0.,-0.,1.));
#14896 = PCURVE('',#7907,#14897);
#14897 = DEFINITIONAL_REPRESENTATION('',(#14898),#14902);
#14898 = LINE('',#14899,#14900);
#14899 = CARTESIAN_POINT('',(0.,0.));
#14900 = VECTOR('',#14901,1.);
#14901 = DIRECTION('',(0.,-1.));
#14902 = ( GEOMETRIC_REPRESENTATION_CONTEXT(2) 
PARAMETRIC_REPRESENTATION_CONTEXT() REPRESENTATION_CONTEXT('2D SPACE',''
  ) );
#14903 = PCURVE('',#9571,#14904);
#14904 = DEFINITIONAL_REPRESENTATION('',(#14905),#14909);
#14905 = LINE('',#14906,#14907);
#14906 = CARTESIAN_POINT('',(3.14159265359,0.));
#14907 = VECTOR('',#14908,1.);
#14908 = DIRECTION('',(0.,-1.));
#14909 = ( GEOMETRIC_REPRESENTATION_CONTEXT(2) 
PARAMETRIC_REPRESENTATION_CONTEXT() REPRESENTATION_CONTEXT('2D SPACE',''
  ) );
#14910 = ORIENTED_EDGE('',*,*,#14911,.T.);
#14911 = EDGE_CURVE('',#14889,#7892,#14912,.T.);
#14912 = SURFACE_CURVE('',#14913,(#14918,#14925),.PCURVE_S1.);
#14913 = CIRCLE('',#14914,40.6);
#14914 = AXIS2_PLACEMENT_3D('',#14915,#14916,#14917);
#14915 = CARTESIAN_POINT('',(0.,3.552713678801E-15,3.2));
#14916 = DIRECTION('',(0.,0.,-1.));
#14917 = DIRECTION('',(1.,-1.112441602971E-17,-0.));
#14918 = PCURVE('',#7907,#14919);
#14919 = DEFINITIONAL_REPRESENTATION('',(#14920),#14924);
#14920 = LINE('',#14921,#14922);
#14921 = CARTESIAN_POINT('',(0.,-1.2));
#14922 = VECTOR('',#14923,1.);
#14923 = DIRECTION('',(1.,0.));
#14924 = ( GEOMETRIC_REPRESENTATION_CONTEXT(2) 
PARAMETRIC_REPRESENTATION_CONTEXT() REPRESENTATION_CONTEXT('2D SPACE',''
  ) );
#14925 = PCURVE('',#7936,#14926);
#14926 = DEFINITIONAL_REPRESENTATION('',(#14927),#14935);
#14927 = ( BOUNDED_CURVE() B_SPLINE_CURVE(2,(#14928,#14929,#14930,#14931
    ,#14932,#14933,#14934),.UNSPECIFIED.,.T.,.F.) 
B_SPLINE_CURVE_WITH_KNOTS((1,2,2,2,2,1),(-2.094395102393,0.,
    2.094395102393,4.188790204786,6.28318530718,8.377580409573),
.UNSPECIFIED.) CURVE() GEOMETRIC_REPRESENTATION_ITEM() 
RATIONAL_B_SPLINE_CURVE((1.,0.5,1.,0.5,1.,0.5,1.)) REPRESENTATION_ITEM(
  '') );
#14928 = CARTESIAN_POINT('',(-40.02752293578,0.63482918751));
#14929 = CARTESIAN_POINT('',(-40.02752293578,70.956091974807));
#14930 = CARTESIAN_POINT('',(20.87247706422,35.795460581159));
#14931 = CARTESIAN_POINT('',(81.77247706422,0.634829187511));
#14932 = CARTESIAN_POINT('',(20.87247706422,-34.52580220613));
#14933 = CARTESIAN_POINT('',(-40.02752293578,-69.68643359978));
#14934 = CARTESIAN_POINT('',(-40.02752293578,0.63482918751));
#14935 = ( GEOMETRIC_REPRESENTATION_CONTEXT(2) 
PARAMETRIC_REPRESENTATION_CONTEXT() REPRESENTATION_CONTEXT('2D SPACE',''
  ) );
#14936 = ORIENTED_EDGE('',*,*,#7889,.F.);
#14937 = ORIENTED_EDGE('',*,*,#9372,.F.);
#14938 = ORIENTED_EDGE('',*,*,#12728,.F.);
#14939 = ORIENTED_EDGE('',*,*,#12646,.F.);
#14940 = ORIENTED_EDGE('',*,*,#14618,.F.);
#14941 = ORIENTED_EDGE('',*,*,#14396,.F.);
#14942 = ORIENTED_EDGE('',*,*,#13893,.F.);
#14943 = ORIENTED_EDGE('',*,*,#12419,.F.);
#14944 = ADVANCED_FACE('',(#14945),#7936,.T.);
#14945 = FACE_BOUND('',#14946,.F.);
#14946 = EDGE_LOOP('',(#14947,#14977,#15005,#15033,#15061,#15089,#15117,
    #15145,#15173,#15201,#15229,#15257,#15285,#15313,#15341,#15369,
    #15395,#15396,#15397,#15398,#15399,#15400,#15401,#15425,#15449,
    #15473,#15497,#15521,#15545,#15569,#15593,#15617,#15641,#15665,
    #15689,#15713,#15737,#15761,#15785,#15809,#15833,#15857));
#14947 = ORIENTED_EDGE('',*,*,#14948,.T.);
#14948 = EDGE_CURVE('',#14949,#14951,#14953,.T.);
#14949 = VERTEX_POINT('',#14950);
#14950 = CARTESIAN_POINT('',(23.,0.,3.2));
#14951 = VERTEX_POINT('',#14952);
#14952 = CARTESIAN_POINT('',(-23.,-2.816687638039E-15,3.2));
#14953 = SURFACE_CURVE('',#14954,(#14959,#14970),.PCURVE_S1.);
#14954 = CIRCLE('',#14955,23.);
#14955 = AXIS2_PLACEMENT_3D('',#14956,#14957,#14958);
#14956 = CARTESIAN_POINT('',(0.,0.,3.2));
#14957 = DIRECTION('',(0.,0.,-1.));
#14958 = DIRECTION('',(1.,-0.,-0.));
#14959 = PCURVE('',#7936,#14960);
#14960 = DEFINITIONAL_REPRESENTATION('',(#14961),#14969);
#14961 = ( BOUNDED_CURVE() B_SPLINE_CURVE(2,(#14962,#14963,#14964,#14965
    ,#14966,#14967,#14968),.UNSPECIFIED.,.T.,.F.) 
B_SPLINE_CURVE_WITH_KNOTS((1,2,2,2,2,1),(-2.094395102393,0.,
    2.094395102393,4.188790204786,6.28318530718,8.377580409573),
.UNSPECIFIED.) CURVE() GEOMETRIC_REPRESENTATION_ITEM() 
RATIONAL_B_SPLINE_CURVE((1.,0.5,1.,0.5,1.,0.5,1.)) REPRESENTATION_ITEM(
  '') );
#14962 = CARTESIAN_POINT('',(-22.42752293578,0.634829187511));
#14963 = CARTESIAN_POINT('',(-22.42752293578,40.471997761595));
#14964 = CARTESIAN_POINT('',(12.07247706422,20.553413474553));
#14965 = CARTESIAN_POINT('',(46.57247706422,0.634829187511));
#14966 = CARTESIAN_POINT('',(12.07247706422,-19.28375509953));
#14967 = CARTESIAN_POINT('',(-22.42752293578,-39.20233938657));
#14968 = CARTESIAN_POINT('',(-22.42752293578,0.634829187511));
#14969 = ( GEOMETRIC_REPRESENTATION_CONTEXT(2) 
PARAMETRIC_REPRESENTATION_CONTEXT() REPRESENTATION_CONTEXT('2D SPACE',''
  ) );
#14970 = PCURVE('',#8860,#14971);
#14971 = DEFINITIONAL_REPRESENTATION('',(#14972),#14976);
#14972 = LINE('',#14973,#14974);
#14973 = CARTESIAN_POINT('',(0.,-1.2));
#14974 = VECTOR('',#14975,1.);
#14975 = DIRECTION('',(1.,0.));
#14976 = ( GEOMETRIC_REPRESENTATION_CONTEXT(2) 
PARAMETRIC_REPRESENTATION_CONTEXT() REPRESENTATION_CONTEXT('2D SPACE',''
  ) );
#14977 = ORIENTED_EDGE('',*,*,#14978,.T.);
#14978 = EDGE_CURVE('',#14951,#14979,#14981,.T.);
#14979 = VERTEX_POINT('',#14980);
#14980 = CARTESIAN_POINT('',(25.2,2.170963824199E-15,3.2));
#14981 = SURFACE_CURVE('',#14982,(#14987,#14998),.PCURVE_S1.);
#14982 = CIRCLE('',#14983,24.1);
#14983 = AXIS2_PLACEMENT_3D('',#14984,#14985,#14986);
#14984 = CARTESIAN_POINT('',(1.1,3.552713678801E-15,3.2));
#14985 = DIRECTION('',(0.,0.,-1.));
#14986 = DIRECTION('',(-1.,-2.642905110722E-16,-0.));
#14987 = PCURVE('',#7936,#14988);
#14988 = DEFINITIONAL_REPRESENTATION('',(#14989),#14997);
#14989 = ( BOUNDED_CURVE() B_SPLINE_CURVE(2,(#14990,#14991,#14992,#14993
    ,#14994,#14995,#14996),.UNSPECIFIED.,.T.,.F.) 
B_SPLINE_CURVE_WITH_KNOTS((1,2,2,2,2,1),(-2.094395102393,0.,
    2.094395102393,4.188790204786,6.28318530718,8.377580409573),
.UNSPECIFIED.) CURVE() GEOMETRIC_REPRESENTATION_ITEM() 
RATIONAL_B_SPLINE_CURVE((1.,0.5,1.,0.5,1.,0.5,1.)) REPRESENTATION_ITEM(
  '') );
#14990 = CARTESIAN_POINT('',(23.57247706422,0.634829187511));
#14991 = CARTESIAN_POINT('',(23.57247706422,-41.10759527489));
#14992 = CARTESIAN_POINT('',(-12.57752293578,-20.23638304369));
#14993 = CARTESIAN_POINT('',(-48.72752293578,0.63482918751));
#14994 = CARTESIAN_POINT('',(-12.57752293578,21.506041418715));
#14995 = CARTESIAN_POINT('',(23.57247706422,42.37725364992));
#14996 = CARTESIAN_POINT('',(23.57247706422,0.634829187511));
#14997 = ( GEOMETRIC_REPRESENTATION_CONTEXT(2) 
PARAMETRIC_REPRESENTATION_CONTEXT() REPRESENTATION_CONTEXT('2D SPACE',''
  ) );
#14998 = PCURVE('',#9268,#14999);
#14999 = DEFINITIONAL_REPRESENTATION('',(#15000),#15004);
#15000 = LINE('',#15001,#15002);
#15001 = CARTESIAN_POINT('',(0.,-1.2));
#15002 = VECTOR('',#15003,1.);
#15003 = DIRECTION('',(1.,0.));
#15004 = ( GEOMETRIC_REPRESENTATION_CONTEXT(2) 
PARAMETRIC_REPRESENTATION_CONTEXT() REPRESENTATION_CONTEXT('2D SPACE',''
  ) );
#15005 = ORIENTED_EDGE('',*,*,#15006,.T.);
#15006 = EDGE_CURVE('',#14979,#15007,#15009,.T.);
#15007 = VERTEX_POINT('',#15008);
#15008 = CARTESIAN_POINT('',(-25.2,1.848353599551E-15,3.2));
#15009 = SURFACE_CURVE('',#15010,(#15015,#15026),.PCURVE_S1.);
#15010 = CIRCLE('',#15011,25.2);
#15011 = AXIS2_PLACEMENT_3D('',#15012,#15013,#15014);
#15012 = CARTESIAN_POINT('',(2.6645352591E-15,3.552713678801E-15,3.2));
#15013 = DIRECTION('',(0.,0.,-1.));
#15014 = DIRECTION('',(1.,-5.483134343659E-17,-0.));
#15015 = PCURVE('',#7936,#15016);
#15016 = DEFINITIONAL_REPRESENTATION('',(#15017),#15025);
#15017 = ( BOUNDED_CURVE() B_SPLINE_CURVE(2,(#15018,#15019,#15020,#15021
    ,#15022,#15023,#15024),.UNSPECIFIED.,.T.,.F.) 
B_SPLINE_CURVE_WITH_KNOTS((1,2,2,2,2,1),(-2.094395102393,0.,
    2.094395102393,4.188790204786,6.28318530718,8.377580409573),
.UNSPECIFIED.) CURVE() GEOMETRIC_REPRESENTATION_ITEM() 
RATIONAL_B_SPLINE_CURVE((1.,0.5,1.,0.5,1.,0.5,1.)) REPRESENTATION_ITEM(
  '') );
#15018 = CARTESIAN_POINT('',(-24.62752293578,0.63482918751));
#15019 = CARTESIAN_POINT('',(-24.62752293578,44.282509538246));
#15020 = CARTESIAN_POINT('',(13.17247706422,22.458669362878));
#15021 = CARTESIAN_POINT('',(50.97247706422,0.634829187511));
#15022 = CARTESIAN_POINT('',(13.17247706422,-21.18901098785));
#15023 = CARTESIAN_POINT('',(-24.62752293578,-43.01285116322));
#15024 = CARTESIAN_POINT('',(-24.62752293578,0.63482918751));
#15025 = ( GEOMETRIC_REPRESENTATION_CONTEXT(2) 
PARAMETRIC_REPRESENTATION_CONTEXT() REPRESENTATION_CONTEXT('2D SPACE',''
  ) );
#15026 = PCURVE('',#9237,#15027);
#15027 = DEFINITIONAL_REPRESENTATION('',(#15028),#15032);
#15028 = LINE('',#15029,#15030);
#15029 = CARTESIAN_POINT('',(0.,-1.2));
#15030 = VECTOR('',#15031,1.);
#15031 = DIRECTION('',(1.,0.));
#15032 = ( GEOMETRIC_REPRESENTATION_CONTEXT(2) 
PARAMETRIC_REPRESENTATION_CONTEXT() REPRESENTATION_CONTEXT('2D SPACE',''
  ) );
#15033 = ORIENTED_EDGE('',*,*,#15034,.T.);
#15034 = EDGE_CURVE('',#15007,#15035,#15037,.T.);
#15035 = VERTEX_POINT('',#15036);
#15036 = CARTESIAN_POINT('',(27.4,1.372467482206E-15,3.2));
#15037 = SURFACE_CURVE('',#15038,(#15043,#15054),.PCURVE_S1.);
#15038 = CIRCLE('',#15039,26.3);
#15039 = AXIS2_PLACEMENT_3D('',#15040,#15041,#15042);
#15040 = CARTESIAN_POINT('',(1.1,0.,3.2));
#15041 = DIRECTION('',(-0.,0.,-1.));
#15042 = DIRECTION('',(-1.,7.027960454567E-17,0.));
#15043 = PCURVE('',#7936,#15044);
#15044 = DEFINITIONAL_REPRESENTATION('',(#15045),#15053);
#15045 = ( BOUNDED_CURVE() B_SPLINE_CURVE(2,(#15046,#15047,#15048,#15049
    ,#15050,#15051,#15052),.UNSPECIFIED.,.T.,.F.) 
B_SPLINE_CURVE_WITH_KNOTS((1,2,2,2,2,1),(-2.094395102393,0.,
    2.094395102393,4.188790204786,6.28318530718,8.377580409573),
.UNSPECIFIED.) CURVE() GEOMETRIC_REPRESENTATION_ITEM() 
RATIONAL_B_SPLINE_CURVE((1.,0.5,1.,0.5,1.,0.5,1.)) REPRESENTATION_ITEM(
  '') );
#15046 = CARTESIAN_POINT('',(25.77247706422,0.63482918751));
#15047 = CARTESIAN_POINT('',(25.77247706422,-44.91810705155));
#15048 = CARTESIAN_POINT('',(-13.67752293578,-22.14163893202));
#15049 = CARTESIAN_POINT('',(-53.12752293578,0.63482918751));
#15050 = CARTESIAN_POINT('',(-13.67752293578,23.411297307041));
#15051 = CARTESIAN_POINT('',(25.77247706422,46.187765426572));
#15052 = CARTESIAN_POINT('',(25.77247706422,0.63482918751));
#15053 = ( GEOMETRIC_REPRESENTATION_CONTEXT(2) 
PARAMETRIC_REPRESENTATION_CONTEXT() REPRESENTATION_CONTEXT('2D SPACE',''
  ) );
#15054 = PCURVE('',#9204,#15055);
#15055 = DEFINITIONAL_REPRESENTATION('',(#15056),#15060);
#15056 = LINE('',#15057,#15058);
#15057 = CARTESIAN_POINT('',(0.,-1.2));
#15058 = VECTOR('',#15059,1.);
#15059 = DIRECTION('',(1.,0.));
#15060 = ( GEOMETRIC_REPRESENTATION_CONTEXT(2) 
PARAMETRIC_REPRESENTATION_CONTEXT() REPRESENTATION_CONTEXT('2D SPACE',''
  ) );
#15061 = ORIENTED_EDGE('',*,*,#15062,.T.);
#15062 = EDGE_CURVE('',#15035,#15063,#15065,.T.);
#15063 = VERTEX_POINT('',#15064);
#15064 = CARTESIAN_POINT('',(-27.4,2.377427645731E-15,3.2));
#15065 = SURFACE_CURVE('',#15066,(#15071,#15082),.PCURVE_S1.);
#15066 = CIRCLE('',#15067,27.4);
#15067 = AXIS2_PLACEMENT_3D('',#15068,#15069,#15070);
#15068 = CARTESIAN_POINT('',(3.552713678801E-15,3.552713678801E-15,3.2)
  );
#15069 = DIRECTION('',(0.,0.,-1.));
#15070 = DIRECTION('',(1.,-7.957102907278E-17,-0.));
#15071 = PCURVE('',#7936,#15072);
#15072 = DEFINITIONAL_REPRESENTATION('',(#15073),#15081);
#15073 = ( BOUNDED_CURVE() B_SPLINE_CURVE(2,(#15074,#15075,#15076,#15077
    ,#15078,#15079,#15080),.UNSPECIFIED.,.T.,.F.) 
B_SPLINE_CURVE_WITH_KNOTS((1,2,2,2,2,1),(-2.094395102393,0.,
    2.094395102393,4.188790204786,6.28318530718,8.377580409573),
.UNSPECIFIED.) CURVE() GEOMETRIC_REPRESENTATION_ITEM() 
RATIONAL_B_SPLINE_CURVE((1.,0.5,1.,0.5,1.,0.5,1.)) REPRESENTATION_ITEM(
  '') );
#15074 = CARTESIAN_POINT('',(-26.82752293578,0.63482918751));
#15075 = CARTESIAN_POINT('',(-26.82752293578,48.093021314898));
#15076 = CARTESIAN_POINT('',(14.27247706422,24.363925251204));
#15077 = CARTESIAN_POINT('',(55.37247706422,0.63482918751));
#15078 = CARTESIAN_POINT('',(14.27247706422,-23.09426687618));
#15079 = CARTESIAN_POINT('',(-26.82752293578,-46.82336293987));
#15080 = CARTESIAN_POINT('',(-26.82752293578,0.63482918751));
#15081 = ( GEOMETRIC_REPRESENTATION_CONTEXT(2) 
PARAMETRIC_REPRESENTATION_CONTEXT() REPRESENTATION_CONTEXT('2D SPACE',''
  ) );
#15082 = PCURVE('',#8680,#15083);
#15083 = DEFINITIONAL_REPRESENTATION('',(#15084),#15088);
#15084 = LINE('',#15085,#15086);
#15085 = CARTESIAN_POINT('',(0.,-1.2));
#15086 = VECTOR('',#15087,1.);
#15087 = DIRECTION('',(1.,0.));
#15088 = ( GEOMETRIC_REPRESENTATION_CONTEXT(2) 
PARAMETRIC_REPRESENTATION_CONTEXT() REPRESENTATION_CONTEXT('2D SPACE',''
  ) );
#15089 = ORIENTED_EDGE('',*,*,#15090,.T.);
#15090 = EDGE_CURVE('',#15063,#15091,#15093,.T.);
#15091 = VERTEX_POINT('',#15092);
#15092 = CARTESIAN_POINT('',(29.6,6.663930854965E-15,3.2));
#15093 = SURFACE_CURVE('',#15094,(#15099,#15110),.PCURVE_S1.);
#15094 = CIRCLE('',#15095,28.5);
#15095 = AXIS2_PLACEMENT_3D('',#15096,#15097,#15098);
#15096 = CARTESIAN_POINT('',(1.1,-3.552713678801E-15,3.2));
#15097 = DIRECTION('',(-0.,0.,-1.));
#15098 = DIRECTION('',(-1.,2.080751341941E-16,0.));
#15099 = PCURVE('',#7936,#15100);
#15100 = DEFINITIONAL_REPRESENTATION('',(#15101),#15109);
#15101 = ( BOUNDED_CURVE() B_SPLINE_CURVE(2,(#15102,#15103,#15104,#15105
    ,#15106,#15107,#15108),.UNSPECIFIED.,.T.,.F.) 
B_SPLINE_CURVE_WITH_KNOTS((1,2,2,2,2,1),(-2.094395102393,0.,
    2.094395102393,4.188790204786,6.28318530718,8.377580409573),
.UNSPECIFIED.) CURVE() GEOMETRIC_REPRESENTATION_ITEM() 
RATIONAL_B_SPLINE_CURVE((1.,0.5,1.,0.5,1.,0.5,1.)) REPRESENTATION_ITEM(
  '') );
#15102 = CARTESIAN_POINT('',(27.97247706422,0.63482918751));
#15103 = CARTESIAN_POINT('',(27.97247706422,-48.7286188282));
#15104 = CARTESIAN_POINT('',(-14.77752293578,-24.04689482034));
#15105 = CARTESIAN_POINT('',(-57.52752293578,0.634829187511));
#15106 = CARTESIAN_POINT('',(-14.77752293578,25.316553195367));
#15107 = CARTESIAN_POINT('',(27.97247706422,49.998277203224));
#15108 = CARTESIAN_POINT('',(27.97247706422,0.63482918751));
#15109 = ( GEOMETRIC_REPRESENTATION_CONTEXT(2) 
PARAMETRIC_REPRESENTATION_CONTEXT() REPRESENTATION_CONTEXT('2D SPACE',''
  ) );
#15110 = PCURVE('',#8764,#15111);
#15111 = DEFINITIONAL_REPRESENTATION('',(#15112),#15116);
#15112 = LINE('',#15113,#15114);
#15113 = CARTESIAN_POINT('',(0.,-1.2));
#15114 = VECTOR('',#15115,1.);
#15115 = DIRECTION('',(1.,0.));
#15116 = ( GEOMETRIC_REPRESENTATION_CONTEXT(2) 
PARAMETRIC_REPRESENTATION_CONTEXT() REPRESENTATION_CONTEXT('2D SPACE',''
  ) );
#15117 = ORIENTED_EDGE('',*,*,#15118,.T.);
#15118 = EDGE_CURVE('',#15091,#15119,#15121,.T.);
#15119 = VERTEX_POINT('',#15120);
#15120 = CARTESIAN_POINT('',(-29.6,-6.965584476797E-16,3.2));
#15121 = SURFACE_CURVE('',#15122,(#15127,#15138),.PCURVE_S1.);
#15122 = CIRCLE('',#15123,29.6);
#15123 = AXIS2_PLACEMENT_3D('',#15124,#15125,#15126);
#15124 = CARTESIAN_POINT('',(-3.552713678801E-15,-1.7763568394E-15,3.2)
  );
#15125 = DIRECTION('',(-0.,0.,-1.));
#15126 = DIRECTION('',(1.,2.851448545394E-16,-0.));
#15127 = PCURVE('',#7936,#15128);
#15128 = DEFINITIONAL_REPRESENTATION('',(#15129),#15137);
#15129 = ( BOUNDED_CURVE() B_SPLINE_CURVE(2,(#15130,#15131,#15132,#15133
    ,#15134,#15135,#15136),.UNSPECIFIED.,.T.,.F.) 
B_SPLINE_CURVE_WITH_KNOTS((1,2,2,2,2,1),(-2.094395102393,0.,
    2.094395102393,4.188790204786,6.28318530718,8.377580409573),
.UNSPECIFIED.) CURVE() GEOMETRIC_REPRESENTATION_ITEM() 
RATIONAL_B_SPLINE_CURVE((1.,0.5,1.,0.5,1.,0.5,1.)) REPRESENTATION_ITEM(
  '') );
#15130 = CARTESIAN_POINT('',(-29.02752293578,0.63482918751));
#15131 = CARTESIAN_POINT('',(-29.02752293578,51.903533091549));
#15132 = CARTESIAN_POINT('',(15.37247706422,26.26918113953));
#15133 = CARTESIAN_POINT('',(59.77247706422,0.634829187511));
#15134 = CARTESIAN_POINT('',(15.37247706422,-24.9995227645));
#15135 = CARTESIAN_POINT('',(-29.02752293578,-50.63387471652));
#15136 = CARTESIAN_POINT('',(-29.02752293578,0.63482918751));
#15137 = ( GEOMETRIC_REPRESENTATION_CONTEXT(2) 
PARAMETRIC_REPRESENTATION_CONTEXT() REPRESENTATION_CONTEXT('2D SPACE',''
  ) );
#15138 = PCURVE('',#10199,#15139);
#15139 = DEFINITIONAL_REPRESENTATION('',(#15140),#15144);
#15140 = LINE('',#15141,#15142);
#15141 = CARTESIAN_POINT('',(0.,-1.2));
#15142 = VECTOR('',#15143,1.);
#15143 = DIRECTION('',(1.,0.));
#15144 = ( GEOMETRIC_REPRESENTATION_CONTEXT(2) 
PARAMETRIC_REPRESENTATION_CONTEXT() REPRESENTATION_CONTEXT('2D SPACE',''
  ) );
#15145 = ORIENTED_EDGE('',*,*,#15146,.T.);
#15146 = EDGE_CURVE('',#15119,#15147,#15149,.T.);
#15147 = VERTEX_POINT('',#15148);
#15148 = CARTESIAN_POINT('',(31.8,9.035104422616E-16,3.2));
#15149 = SURFACE_CURVE('',#15150,(#15155,#15166),.PCURVE_S1.);
#15150 = CIRCLE('',#15151,30.7);
#15151 = AXIS2_PLACEMENT_3D('',#15152,#15153,#15154);
#15152 = CARTESIAN_POINT('',(1.1,-1.7763568394E-15,3.2));
#15153 = DIRECTION('',(-0.,0.,-1.));
#15154 = DIRECTION('',(-1.,3.517258604953E-17,0.));
#15155 = PCURVE('',#7936,#15156);
#15156 = DEFINITIONAL_REPRESENTATION('',(#15157),#15165);
#15157 = ( BOUNDED_CURVE() B_SPLINE_CURVE(2,(#15158,#15159,#15160,#15161
    ,#15162,#15163,#15164),.UNSPECIFIED.,.T.,.F.) 
B_SPLINE_CURVE_WITH_KNOTS((1,2,2,2,2,1),(-2.094395102393,0.,
    2.094395102393,4.188790204786,6.28318530718,8.377580409573),
.UNSPECIFIED.) CURVE() GEOMETRIC_REPRESENTATION_ITEM() 
RATIONAL_B_SPLINE_CURVE((1.,0.5,1.,0.5,1.,0.5,1.)) REPRESENTATION_ITEM(
  '') );
#15158 = CARTESIAN_POINT('',(30.17247706422,0.634829187511));
#15159 = CARTESIAN_POINT('',(30.17247706422,-52.53913060485));
#15160 = CARTESIAN_POINT('',(-15.87752293578,-25.95215070867));
#15161 = CARTESIAN_POINT('',(-61.92752293578,0.63482918751));
#15162 = CARTESIAN_POINT('',(-15.87752293578,27.221809083693));
#15163 = CARTESIAN_POINT('',(30.17247706422,53.808788979875));
#15164 = CARTESIAN_POINT('',(30.17247706422,0.634829187511));
#15165 = ( GEOMETRIC_REPRESENTATION_CONTEXT(2) 
PARAMETRIC_REPRESENTATION_CONTEXT() REPRESENTATION_CONTEXT('2D SPACE',''
  ) );
#15166 = PCURVE('',#8611,#15167);
#15167 = DEFINITIONAL_REPRESENTATION('',(#15168),#15172);
#15168 = LINE('',#15169,#15170);
#15169 = CARTESIAN_POINT('',(0.,-1.2));
#15170 = VECTOR('',#15171,1.);
#15171 = DIRECTION('',(1.,0.));
#15172 = ( GEOMETRIC_REPRESENTATION_CONTEXT(2) 
PARAMETRIC_REPRESENTATION_CONTEXT() REPRESENTATION_CONTEXT('2D SPACE',''
  ) );
#15173 = ORIENTED_EDGE('',*,*,#15174,.T.);
#15174 = EDGE_CURVE('',#15147,#15175,#15177,.T.);
#15175 = VERTEX_POINT('',#15176);
#15176 = CARTESIAN_POINT('',(-31.8,2.307540094051E-15,3.2));
#15177 = SURFACE_CURVE('',#15178,(#15183,#15194),.PCURVE_S1.);
#15178 = CIRCLE('',#15179,31.8);
#15179 = AXIS2_PLACEMENT_3D('',#15180,#15181,#15182);
#15180 = CARTESIAN_POINT('',(8.881784197001E-16,3.552713678801E-15,3.2)
  );
#15181 = DIRECTION('',(0.,0.,-1.));
#15182 = DIRECTION('',(1.,-8.330827787858E-17,-0.));
#15183 = PCURVE('',#7936,#15184);
#15184 = DEFINITIONAL_REPRESENTATION('',(#15185),#15193);
#15185 = ( BOUNDED_CURVE() B_SPLINE_CURVE(2,(#15186,#15187,#15188,#15189
    ,#15190,#15191,#15192),.UNSPECIFIED.,.T.,.F.) 
B_SPLINE_CURVE_WITH_KNOTS((1,2,2,2,2,1),(-2.094395102393,0.,
    2.094395102393,4.188790204786,6.28318530718,8.377580409573),
.UNSPECIFIED.) CURVE() GEOMETRIC_REPRESENTATION_ITEM() 
RATIONAL_B_SPLINE_CURVE((1.,0.5,1.,0.5,1.,0.5,1.)) REPRESENTATION_ITEM(
  '') );
#15186 = CARTESIAN_POINT('',(-31.22752293578,0.63482918751));
#15187 = CARTESIAN_POINT('',(-31.22752293578,55.714044868201));
#15188 = CARTESIAN_POINT('',(16.47247706422,28.174437027856));
#15189 = CARTESIAN_POINT('',(64.17247706422,0.63482918751));
#15190 = CARTESIAN_POINT('',(16.47247706422,-26.90477865283));
#15191 = CARTESIAN_POINT('',(-31.22752293578,-54.44438649318));
#15192 = CARTESIAN_POINT('',(-31.22752293578,0.63482918751));
#15193 = ( GEOMETRIC_REPRESENTATION_CONTEXT(2) 
PARAMETRIC_REPRESENTATION_CONTEXT() REPRESENTATION_CONTEXT('2D SPACE',''
  ) );
#15194 = PCURVE('',#10021,#15195);
#15195 = DEFINITIONAL_REPRESENTATION('',(#15196),#15200);
#15196 = LINE('',#15197,#15198);
#15197 = CARTESIAN_POINT('',(0.,-1.2));
#15198 = VECTOR('',#15199,1.);
#15199 = DIRECTION('',(1.,0.));
#15200 = ( GEOMETRIC_REPRESENTATION_CONTEXT(2) 
PARAMETRIC_REPRESENTATION_CONTEXT() REPRESENTATION_CONTEXT('2D SPACE',''
  ) );
#15201 = ORIENTED_EDGE('',*,*,#15202,.T.);
#15202 = EDGE_CURVE('',#15175,#15203,#15205,.T.);
#15203 = VERTEX_POINT('',#15204);
#15204 = CARTESIAN_POINT('',(34.,9.22665552161E-15,3.2));
#15205 = SURFACE_CURVE('',#15206,(#15211,#15222),.PCURVE_S1.);
#15206 = CIRCLE('',#15207,32.9);
#15207 = AXIS2_PLACEMENT_3D('',#15208,#15209,#15210);
#15208 = CARTESIAN_POINT('',(1.1,-3.552713678801E-15,3.2));
#15209 = DIRECTION('',(-0.,0.,-1.));
#15210 = DIRECTION('',(-1.,1.781232149803E-16,0.));
#15211 = PCURVE('',#7936,#15212);
#15212 = DEFINITIONAL_REPRESENTATION('',(#15213),#15221);
#15213 = ( BOUNDED_CURVE() B_SPLINE_CURVE(2,(#15214,#15215,#15216,#15217
    ,#15218,#15219,#15220),.UNSPECIFIED.,.T.,.F.) 
B_SPLINE_CURVE_WITH_KNOTS((1,2,2,2,2,1),(-2.094395102393,0.,
    2.094395102393,4.188790204786,6.28318530718,8.377580409573),
.UNSPECIFIED.) CURVE() GEOMETRIC_REPRESENTATION_ITEM() 
RATIONAL_B_SPLINE_CURVE((1.,0.5,1.,0.5,1.,0.5,1.)) REPRESENTATION_ITEM(
  '') );
#15214 = CARTESIAN_POINT('',(32.37247706422,0.63482918751));
#15215 = CARTESIAN_POINT('',(32.37247706422,-56.3496423815));
#15216 = CARTESIAN_POINT('',(-16.97752293578,-27.85740659699));
#15217 = CARTESIAN_POINT('',(-66.32752293578,0.634829187511));
#15218 = CARTESIAN_POINT('',(-16.97752293578,29.127064972019));
#15219 = CARTESIAN_POINT('',(32.37247706422,57.619300756527));
#15220 = CARTESIAN_POINT('',(32.37247706422,0.63482918751));
#15221 = ( GEOMETRIC_REPRESENTATION_CONTEXT(2) 
PARAMETRIC_REPRESENTATION_CONTEXT() REPRESENTATION_CONTEXT('2D SPACE',''
  ) );
#15222 = PCURVE('',#10105,#15223);
#15223 = DEFINITIONAL_REPRESENTATION('',(#15224),#15228);
#15224 = LINE('',#15225,#15226);
#15225 = CARTESIAN_POINT('',(0.,-1.2));
#15226 = VECTOR('',#15227,1.);
#15227 = DIRECTION('',(1.,0.));
#15228 = ( GEOMETRIC_REPRESENTATION_CONTEXT(2) 
PARAMETRIC_REPRESENTATION_CONTEXT() REPRESENTATION_CONTEXT('2D SPACE',''
  ) );
#15229 = ORIENTED_EDGE('',*,*,#15230,.T.);
#15230 = EDGE_CURVE('',#15203,#15231,#15233,.T.);
#15231 = VERTEX_POINT('',#15232);
#15232 = CARTESIAN_POINT('',(-34.,-6.28502728111E-15,3.2));
#15233 = SURFACE_CURVE('',#15234,(#15239,#15250),.PCURVE_S1.);
#15234 = CIRCLE('',#15235,34.);
#15235 = AXIS2_PLACEMENT_3D('',#15236,#15237,#15238);
#15236 = CARTESIAN_POINT('',(3.552713678801E-15,3.552713678801E-15,3.2)
  );
#15237 = DIRECTION('',(-0.,0.,-1.));
#15238 = DIRECTION('',(1.,1.668806424356E-16,-0.));
#15239 = PCURVE('',#7936,#15240);
#15240 = DEFINITIONAL_REPRESENTATION('',(#15241),#15249);
#15241 = ( BOUNDED_CURVE() B_SPLINE_CURVE(2,(#15242,#15243,#15244,#15245
    ,#15246,#15247,#15248),.UNSPECIFIED.,.T.,.F.) 
B_SPLINE_CURVE_WITH_KNOTS((1,2,2,2,2,1),(-2.094395102393,0.,
    2.094395102393,4.188790204786,6.28318530718,8.377580409573),
.UNSPECIFIED.) CURVE() GEOMETRIC_REPRESENTATION_ITEM() 
RATIONAL_B_SPLINE_CURVE((1.,0.5,1.,0.5,1.,0.5,1.)) REPRESENTATION_ITEM(
  '') );
#15242 = CARTESIAN_POINT('',(-33.42752293578,0.63482918751));
#15243 = CARTESIAN_POINT('',(-33.42752293578,59.524556644852));
#15244 = CARTESIAN_POINT('',(17.57247706422,30.079692916181));
#15245 = CARTESIAN_POINT('',(68.57247706422,0.634829187511));
#15246 = CARTESIAN_POINT('',(17.57247706422,-28.81003454116));
#15247 = CARTESIAN_POINT('',(-33.42752293578,-58.25489826983));
#15248 = CARTESIAN_POINT('',(-33.42752293578,0.63482918751));
#15249 = ( GEOMETRIC_REPRESENTATION_CONTEXT(2) 
PARAMETRIC_REPRESENTATION_CONTEXT() REPRESENTATION_CONTEXT('2D SPACE',''
  ) );
#15250 = PCURVE('',#9843,#15251);
#15251 = DEFINITIONAL_REPRESENTATION('',(#15252),#15256);
#15252 = LINE('',#15253,#15254);
#15253 = CARTESIAN_POINT('',(0.,-1.2));
#15254 = VECTOR('',#15255,1.);
#15255 = DIRECTION('',(1.,0.));
#15256 = ( GEOMETRIC_REPRESENTATION_CONTEXT(2) 
PARAMETRIC_REPRESENTATION_CONTEXT() REPRESENTATION_CONTEXT('2D SPACE',''
  ) );
#15257 = ORIENTED_EDGE('',*,*,#15258,.T.);
#15258 = EDGE_CURVE('',#15231,#15259,#15261,.T.);
#15259 = VERTEX_POINT('',#15260);
#15260 = CARTESIAN_POINT('',(36.2,7.030823867317E-15,3.2));
#15261 = SURFACE_CURVE('',#15262,(#15267,#15278),.PCURVE_S1.);
#15262 = CIRCLE('',#15263,35.1);
#15263 = AXIS2_PLACEMENT_3D('',#15264,#15265,#15266);
#15264 = CARTESIAN_POINT('',(1.1,-1.7763568394E-15,3.2));
#15265 = DIRECTION('',(0.,0.,-1.));
#15266 = DIRECTION('',(-1.,-1.284521493365E-16,-0.));
#15267 = PCURVE('',#7936,#15268);
#15268 = DEFINITIONAL_REPRESENTATION('',(#15269),#15277);
#15269 = ( BOUNDED_CURVE() B_SPLINE_CURVE(2,(#15270,#15271,#15272,#15273
    ,#15274,#15275,#15276),.UNSPECIFIED.,.T.,.F.) 
B_SPLINE_CURVE_WITH_KNOTS((1,2,2,2,2,1),(-2.094395102393,0.,
    2.094395102393,4.188790204786,6.28318530718,8.377580409573),
.UNSPECIFIED.) CURVE() GEOMETRIC_REPRESENTATION_ITEM() 
RATIONAL_B_SPLINE_CURVE((1.,0.5,1.,0.5,1.,0.5,1.)) REPRESENTATION_ITEM(
  '') );
#15270 = CARTESIAN_POINT('',(34.57247706422,0.634829187511));
#15271 = CARTESIAN_POINT('',(34.57247706422,-60.16015415815));
#15272 = CARTESIAN_POINT('',(-18.07752293578,-29.76266248532));
#15273 = CARTESIAN_POINT('',(-70.72752293578,0.63482918751));
#15274 = CARTESIAN_POINT('',(-18.07752293578,31.032320860344));
#15275 = CARTESIAN_POINT('',(34.57247706422,61.429812533178));
#15276 = CARTESIAN_POINT('',(34.57247706422,0.634829187511));
#15277 = ( GEOMETRIC_REPRESENTATION_CONTEXT(2) 
PARAMETRIC_REPRESENTATION_CONTEXT() REPRESENTATION_CONTEXT('2D SPACE',''
  ) );
#15278 = PCURVE('',#9927,#15279);
#15279 = DEFINITIONAL_REPRESENTATION('',(#15280),#15284);
#15280 = LINE('',#15281,#15282);
#15281 = CARTESIAN_POINT('',(0.,-1.2));
#15282 = VECTOR('',#15283,1.);
#15283 = DIRECTION('',(1.,0.));
#15284 = ( GEOMETRIC_REPRESENTATION_CONTEXT(2) 
PARAMETRIC_REPRESENTATION_CONTEXT() REPRESENTATION_CONTEXT('2D SPACE',''
  ) );
#15285 = ORIENTED_EDGE('',*,*,#15286,.T.);
#15286 = EDGE_CURVE('',#15259,#15287,#15289,.T.);
#15287 = VERTEX_POINT('',#15288);
#15288 = CARTESIAN_POINT('',(-36.2,-6.046156920059E-15,3.2));
#15289 = SURFACE_CURVE('',#15290,(#15295,#15306),.PCURVE_S1.);
#15290 = CIRCLE('',#15291,36.2);
#15291 = AXIS2_PLACEMENT_3D('',#15292,#15293,#15294);
#15292 = CARTESIAN_POINT('',(-3.552713678801E-15,-5.329070518201E-15,3.2
    ));
#15293 = DIRECTION('',(-0.,0.,-1.));
#15294 = DIRECTION('',(1.,3.414335465613E-16,-0.));
#15295 = PCURVE('',#7936,#15296);
#15296 = DEFINITIONAL_REPRESENTATION('',(#15297),#15305);
#15297 = ( BOUNDED_CURVE() B_SPLINE_CURVE(2,(#15298,#15299,#15300,#15301
    ,#15302,#15303,#15304),.UNSPECIFIED.,.T.,.F.) 
B_SPLINE_CURVE_WITH_KNOTS((1,2,2,2,2,1),(-2.094395102393,0.,
    2.094395102393,4.188790204786,6.28318530718,8.377580409573),
.UNSPECIFIED.) CURVE() GEOMETRIC_REPRESENTATION_ITEM() 
RATIONAL_B_SPLINE_CURVE((1.,0.5,1.,0.5,1.,0.5,1.)) REPRESENTATION_ITEM(
  '') );
#15298 = CARTESIAN_POINT('',(-35.62752293578,0.63482918751));
#15299 = CARTESIAN_POINT('',(-35.62752293578,63.335068421504));
#15300 = CARTESIAN_POINT('',(18.67247706422,31.984948804507));
#15301 = CARTESIAN_POINT('',(72.97247706422,0.634829187511));
#15302 = CARTESIAN_POINT('',(18.67247706422,-30.71529042948));
#15303 = CARTESIAN_POINT('',(-35.62752293578,-62.06541004648));
#15304 = CARTESIAN_POINT('',(-35.62752293578,0.63482918751));
#15305 = ( GEOMETRIC_REPRESENTATION_CONTEXT(2) 
PARAMETRIC_REPRESENTATION_CONTEXT() REPRESENTATION_CONTEXT('2D SPACE',''
  ) );
#15306 = PCURVE('',#9665,#15307);
#15307 = DEFINITIONAL_REPRESENTATION('',(#15308),#15312);
#15308 = LINE('',#15309,#15310);
#15309 = CARTESIAN_POINT('',(0.,-1.2));
#15310 = VECTOR('',#15311,1.);
#15311 = DIRECTION('',(1.,0.));
#15312 = ( GEOMETRIC_REPRESENTATION_CONTEXT(2) 
PARAMETRIC_REPRESENTATION_CONTEXT() REPRESENTATION_CONTEXT('2D SPACE',''
  ) );
#15313 = ORIENTED_EDGE('',*,*,#15314,.T.);
#15314 = EDGE_CURVE('',#15287,#15315,#15317,.T.);
#15315 = VERTEX_POINT('',#15316);
#15316 = CARTESIAN_POINT('',(38.4,1.154989311073E-15,3.2));
#15317 = SURFACE_CURVE('',#15318,(#15323,#15334),.PCURVE_S1.);
#15318 = CIRCLE('',#15319,37.3);
#15319 = AXIS2_PLACEMENT_3D('',#15320,#15321,#15322);
#15320 = CARTESIAN_POINT('',(1.1,3.552713678801E-15,3.2));
#15321 = DIRECTION('',(0.,0.,-1.));
#15322 = DIRECTION('',(-1.,-2.573423753046E-16,-0.));
#15323 = PCURVE('',#7936,#15324);
#15324 = DEFINITIONAL_REPRESENTATION('',(#15325),#15333);
#15325 = ( BOUNDED_CURVE() B_SPLINE_CURVE(2,(#15326,#15327,#15328,#15329
    ,#15330,#15331,#15332),.UNSPECIFIED.,.T.,.F.) 
B_SPLINE_CURVE_WITH_KNOTS((1,2,2,2,2,1),(-2.094395102393,0.,
    2.094395102393,4.188790204786,6.28318530718,8.377580409573),
.UNSPECIFIED.) CURVE() GEOMETRIC_REPRESENTATION_ITEM() 
RATIONAL_B_SPLINE_CURVE((1.,0.5,1.,0.5,1.,0.5,1.)) REPRESENTATION_ITEM(
  '') );
#15326 = CARTESIAN_POINT('',(36.77247706422,0.634829187511));
#15327 = CARTESIAN_POINT('',(36.77247706422,-63.9706659348));
#15328 = CARTESIAN_POINT('',(-19.17752293578,-31.66791837364));
#15329 = CARTESIAN_POINT('',(-75.12752293578,0.63482918751));
#15330 = CARTESIAN_POINT('',(-19.17752293578,32.93757674867));
#15331 = CARTESIAN_POINT('',(36.77247706422,65.24032430983));
#15332 = CARTESIAN_POINT('',(36.77247706422,0.634829187511));
#15333 = ( GEOMETRIC_REPRESENTATION_CONTEXT(2) 
PARAMETRIC_REPRESENTATION_CONTEXT() REPRESENTATION_CONTEXT('2D SPACE',''
  ) );
#15334 = PCURVE('',#9749,#15335);
#15335 = DEFINITIONAL_REPRESENTATION('',(#15336),#15340);
#15336 = LINE('',#15337,#15338);
#15337 = CARTESIAN_POINT('',(0.,-1.2));
#15338 = VECTOR('',#15339,1.);
#15339 = DIRECTION('',(1.,0.));
#15340 = ( GEOMETRIC_REPRESENTATION_CONTEXT(2) 
PARAMETRIC_REPRESENTATION_CONTEXT() REPRESENTATION_CONTEXT('2D SPACE',''
  ) );
#15341 = ORIENTED_EDGE('',*,*,#15342,.T.);
#15342 = EDGE_CURVE('',#15315,#15343,#15345,.T.);
#15343 = VERTEX_POINT('',#15344);
#15344 = CARTESIAN_POINT('',(-38.4,-1.225251764164E-14,3.2));
#15345 = SURFACE_CURVE('',#15346,(#15351,#15362),.PCURVE_S1.);
#15346 = CIRCLE('',#15347,38.4);
#15347 = AXIS2_PLACEMENT_3D('',#15348,#15349,#15350);
#15348 = CARTESIAN_POINT('',(1.7763568394E-15,5.329070518201E-15,3.2));
#15349 = DIRECTION('',(0.,0.,-1.));
#15350 = DIRECTION('',(1.,-1.087000314356E-16,-0.));
#15351 = PCURVE('',#7936,#15352);
#15352 = DEFINITIONAL_REPRESENTATION('',(#15353),#15361);
#15353 = ( BOUNDED_CURVE() B_SPLINE_CURVE(2,(#15354,#15355,#15356,#15357
    ,#15358,#15359,#15360),.UNSPECIFIED.,.T.,.F.) 
B_SPLINE_CURVE_WITH_KNOTS((1,2,2,2,2,1),(-2.094395102393,0.,
    2.094395102393,4.188790204786,6.28318530718,8.377580409573),
.UNSPECIFIED.) CURVE() GEOMETRIC_REPRESENTATION_ITEM() 
RATIONAL_B_SPLINE_CURVE((1.,0.5,1.,0.5,1.,0.5,1.)) REPRESENTATION_ITEM(
  '') );
#15354 = CARTESIAN_POINT('',(-37.82752293578,0.63482918751));
#15355 = CARTESIAN_POINT('',(-37.82752293578,67.145580198155));
#15356 = CARTESIAN_POINT('',(19.77247706422,33.890204692833));
#15357 = CARTESIAN_POINT('',(77.37247706422,0.63482918751));
#15358 = CARTESIAN_POINT('',(19.77247706422,-32.62054631781));
#15359 = CARTESIAN_POINT('',(-37.82752293578,-65.87592182313));
#15360 = CARTESIAN_POINT('',(-37.82752293578,0.63482918751));
#15361 = ( GEOMETRIC_REPRESENTATION_CONTEXT(2) 
PARAMETRIC_REPRESENTATION_CONTEXT() REPRESENTATION_CONTEXT('2D SPACE',''
  ) );
#15362 = PCURVE('',#9487,#15363);
#15363 = DEFINITIONAL_REPRESENTATION('',(#15364),#15368);
#15364 = LINE('',#15365,#15366);
#15365 = CARTESIAN_POINT('',(0.,-1.2));
#15366 = VECTOR('',#15367,1.);
#15367 = DIRECTION('',(1.,0.));
#15368 = ( GEOMETRIC_REPRESENTATION_CONTEXT(2) 
PARAMETRIC_REPRESENTATION_CONTEXT() REPRESENTATION_CONTEXT('2D SPACE',''
  ) );
#15369 = ORIENTED_EDGE('',*,*,#15370,.T.);
#15370 = EDGE_CURVE('',#15343,#14889,#15371,.T.);
#15371 = SURFACE_CURVE('',#15372,(#15377,#15388),.PCURVE_S1.);
#15372 = CIRCLE('',#15373,39.5);
#15373 = AXIS2_PLACEMENT_3D('',#15374,#15375,#15376);
#15374 = CARTESIAN_POINT('',(1.1,1.7763568394E-15,3.2));
#15375 = DIRECTION('',(0.,0.,-1.));
#15376 = DIRECTION('',(-1.,-3.551613792668E-16,-0.));
#15377 = PCURVE('',#7936,#15378);
#15378 = DEFINITIONAL_REPRESENTATION('',(#15379),#15387);
#15379 = ( BOUNDED_CURVE() B_SPLINE_CURVE(2,(#15380,#15381,#15382,#15383
    ,#15384,#15385,#15386),.UNSPECIFIED.,.T.,.F.) 
B_SPLINE_CURVE_WITH_KNOTS((1,2,2,2,2,1),(-2.094395102393,0.,
    2.094395102393,4.188790204786,6.28318530718,8.377580409573),
.UNSPECIFIED.) CURVE() GEOMETRIC_REPRESENTATION_ITEM() 
RATIONAL_B_SPLINE_CURVE((1.,0.5,1.,0.5,1.,0.5,1.)) REPRESENTATION_ITEM(
  '') );
#15380 = CARTESIAN_POINT('',(38.97247706422,0.634829187511));
#15381 = CARTESIAN_POINT('',(38.97247706422,-67.78117771146));
#15382 = CARTESIAN_POINT('',(-20.27752293578,-33.57317426197));
#15383 = CARTESIAN_POINT('',(-79.52752293578,0.63482918751));
#15384 = CARTESIAN_POINT('',(-20.27752293578,34.842832636996));
#15385 = CARTESIAN_POINT('',(38.97247706422,69.050836086481));
#15386 = CARTESIAN_POINT('',(38.97247706422,0.634829187511));
#15387 = ( GEOMETRIC_REPRESENTATION_CONTEXT(2) 
PARAMETRIC_REPRESENTATION_CONTEXT() REPRESENTATION_CONTEXT('2D SPACE',''
  ) );
#15388 = PCURVE('',#9571,#15389);
#15389 = DEFINITIONAL_REPRESENTATION('',(#15390),#15394);
#15390 = LINE('',#15391,#15392);
#15391 = CARTESIAN_POINT('',(0.,-1.2));
#15392 = VECTOR('',#15393,1.);
#15393 = DIRECTION('',(1.,0.));
#15394 = ( GEOMETRIC_REPRESENTATION_CONTEXT(2) 
PARAMETRIC_REPRESENTATION_CONTEXT() REPRESENTATION_CONTEXT('2D SPACE',''
  ) );
#15395 = ORIENTED_EDGE('',*,*,#14911,.T.);
#15396 = ORIENTED_EDGE('',*,*,#7919,.T.);
#15397 = ORIENTED_EDGE('',*,*,#8122,.T.);
#15398 = ORIENTED_EDGE('',*,*,#8245,.T.);
#15399 = ORIENTED_EDGE('',*,*,#8345,.T.);
#15400 = ORIENTED_EDGE('',*,*,#8394,.T.);
#15401 = ORIENTED_EDGE('',*,*,#15402,.T.);
#15402 = EDGE_CURVE('',#8395,#15403,#15405,.T.);
#15403 = VERTEX_POINT('',#15404);
#15404 = CARTESIAN_POINT('',(42.,-2.428138483443E-15,3.2));
#15405 = SURFACE_CURVE('',#15406,(#15411,#15418),.PCURVE_S1.);
#15406 = CIRCLE('',#15407,42.);
#15407 = AXIS2_PLACEMENT_3D('',#15408,#15409,#15410);
#15408 = CARTESIAN_POINT('',(5.329070518201E-15,-8.881784197001E-15,3.2)
  );
#15409 = DIRECTION('',(-0.,0.,1.));
#15410 = DIRECTION('',(-1.,1.679662986601E-16,-0.));
#15411 = PCURVE('',#7936,#15412);
#15412 = DEFINITIONAL_REPRESENTATION('',(#15413),#15417);
#15413 = CIRCLE('',#15414,42.);
#15414 = AXIS2_PLACEMENT_2D('',#15415,#15416);
#15415 = CARTESIAN_POINT('',(0.57247706422,0.634829187511));
#15416 = DIRECTION('',(1.,-1.679662986601E-16));
#15417 = ( GEOMETRIC_REPRESENTATION_CONTEXT(2) 
PARAMETRIC_REPRESENTATION_CONTEXT() REPRESENTATION_CONTEXT('2D SPACE',''
  ) );
#15418 = PCURVE('',#8434,#15419);
#15419 = DEFINITIONAL_REPRESENTATION('',(#15420),#15424);
#15420 = LINE('',#15421,#15422);
#15421 = CARTESIAN_POINT('',(-0.,-1.2));
#15422 = VECTOR('',#15423,1.);
#15423 = DIRECTION('',(-1.,0.));
#15424 = ( GEOMETRIC_REPRESENTATION_CONTEXT(2) 
PARAMETRIC_REPRESENTATION_CONTEXT() REPRESENTATION_CONTEXT('2D SPACE',''
  ) );
#15425 = ORIENTED_EDGE('',*,*,#15426,.T.);
#15426 = EDGE_CURVE('',#15403,#15427,#15429,.T.);
#15427 = VERTEX_POINT('',#15428);
#15428 = CARTESIAN_POINT('',(-39.8,3.315165343545E-16,3.2));
#15429 = SURFACE_CURVE('',#15430,(#15435,#15442),.PCURVE_S1.);
#15430 = CIRCLE('',#15431,40.9);
#15431 = AXIS2_PLACEMENT_3D('',#15432,#15433,#15434);
#15432 = CARTESIAN_POINT('',(1.1,-3.552713678801E-15,3.2));
#15433 = DIRECTION('',(0.,0.,1.));
#15434 = DIRECTION('',(1.,2.749572604786E-17,-0.));
#15435 = PCURVE('',#7936,#15436);
#15436 = DEFINITIONAL_REPRESENTATION('',(#15437),#15441);
#15437 = CIRCLE('',#15438,40.9);
#15438 = AXIS2_PLACEMENT_2D('',#15439,#15440);
#15439 = CARTESIAN_POINT('',(-0.52752293578,0.634829187511));
#15440 = DIRECTION('',(-1.,-2.749572604786E-17));
#15441 = ( GEOMETRIC_REPRESENTATION_CONTEXT(2) 
PARAMETRIC_REPRESENTATION_CONTEXT() REPRESENTATION_CONTEXT('2D SPACE',''
  ) );
#15442 = PCURVE('',#9448,#15443);
#15443 = DEFINITIONAL_REPRESENTATION('',(#15444),#15448);
#15444 = LINE('',#15445,#15446);
#15445 = CARTESIAN_POINT('',(-0.,-1.2));
#15446 = VECTOR('',#15447,1.);
#15447 = DIRECTION('',(-1.,0.));
#15448 = ( GEOMETRIC_REPRESENTATION_CONTEXT(2) 
PARAMETRIC_REPRESENTATION_CONTEXT() REPRESENTATION_CONTEXT('2D SPACE',''
  ) );
#15449 = ORIENTED_EDGE('',*,*,#15450,.T.);
#15450 = EDGE_CURVE('',#15427,#15451,#15453,.T.);
#15451 = VERTEX_POINT('',#15452);
#15452 = CARTESIAN_POINT('',(39.8,-5.205610794961E-15,3.2));
#15453 = SURFACE_CURVE('',#15454,(#15459,#15466),.PCURVE_S1.);
#15454 = CIRCLE('',#15455,39.8);
#15455 = AXIS2_PLACEMENT_3D('',#15456,#15457,#15458);
#15456 = CARTESIAN_POINT('',(3.552713678801E-15,0.,3.2));
#15457 = DIRECTION('',(-0.,0.,1.));
#15458 = DIRECTION('',(-1.,8.329561164686E-18,-0.));
#15459 = PCURVE('',#7936,#15460);
#15460 = DEFINITIONAL_REPRESENTATION('',(#15461),#15465);
#15461 = CIRCLE('',#15462,39.8);
#15462 = AXIS2_PLACEMENT_2D('',#15463,#15464);
#15463 = CARTESIAN_POINT('',(0.57247706422,0.634829187511));
#15464 = DIRECTION('',(1.,-8.329561164686E-18));
#15465 = ( GEOMETRIC_REPRESENTATION_CONTEXT(2) 
PARAMETRIC_REPRESENTATION_CONTEXT() REPRESENTATION_CONTEXT('2D SPACE',''
  ) );
#15466 = PCURVE('',#9517,#15467);
#15467 = DEFINITIONAL_REPRESENTATION('',(#15468),#15472);
#15468 = LINE('',#15469,#15470);
#15469 = CARTESIAN_POINT('',(-0.,-1.2));
#15470 = VECTOR('',#15471,1.);
#15471 = DIRECTION('',(-1.,0.));
#15472 = ( GEOMETRIC_REPRESENTATION_CONTEXT(2) 
PARAMETRIC_REPRESENTATION_CONTEXT() REPRESENTATION_CONTEXT('2D SPACE',''
  ) );
#15473 = ORIENTED_EDGE('',*,*,#15474,.T.);
#15474 = EDGE_CURVE('',#15451,#15475,#15477,.T.);
#15475 = VERTEX_POINT('',#15476);
#15476 = CARTESIAN_POINT('',(-37.6,6.392280228861E-15,3.2));
#15477 = SURFACE_CURVE('',#15478,(#15483,#15490),.PCURVE_S1.);
#15478 = CIRCLE('',#15479,38.7);
#15479 = AXIS2_PLACEMENT_3D('',#15480,#15481,#15482);
#15480 = CARTESIAN_POINT('',(1.1,-1.7763568394E-15,3.2));
#15481 = DIRECTION('',(0.,0.,1.));
#15482 = DIRECTION('',(1.,-8.861121332198E-17,-0.));
#15483 = PCURVE('',#7936,#15484);
#15484 = DEFINITIONAL_REPRESENTATION('',(#15485),#15489);
#15485 = CIRCLE('',#15486,38.7);
#15486 = AXIS2_PLACEMENT_2D('',#15487,#15488);
#15487 = CARTESIAN_POINT('',(-0.52752293578,0.634829187511));
#15488 = DIRECTION('',(-1.,8.861121332198E-17));
#15489 = ( GEOMETRIC_REPRESENTATION_CONTEXT(2) 
PARAMETRIC_REPRESENTATION_CONTEXT() REPRESENTATION_CONTEXT('2D SPACE',''
  ) );
#15490 = PCURVE('',#9605,#15491);
#15491 = DEFINITIONAL_REPRESENTATION('',(#15492),#15496);
#15492 = LINE('',#15493,#15494);
#15493 = CARTESIAN_POINT('',(-0.,-1.2));
#15494 = VECTOR('',#15495,1.);
#15495 = DIRECTION('',(-1.,0.));
#15496 = ( GEOMETRIC_REPRESENTATION_CONTEXT(2) 
PARAMETRIC_REPRESENTATION_CONTEXT() REPRESENTATION_CONTEXT('2D SPACE',''
  ) );
#15497 = ORIENTED_EDGE('',*,*,#15498,.T.);
#15498 = EDGE_CURVE('',#15475,#15499,#15501,.T.);
#15499 = VERTEX_POINT('',#15500);
#15500 = CARTESIAN_POINT('',(37.6,-7.444238514854E-15,3.2));
#15501 = SURFACE_CURVE('',#15502,(#15507,#15514),.PCURVE_S1.);
#15502 = CIRCLE('',#15503,37.6);
#15503 = AXIS2_PLACEMENT_3D('',#15504,#15505,#15506);
#15504 = CARTESIAN_POINT('',(-1.7763568394E-15,1.7763568394E-15,3.2));
#15505 = DIRECTION('',(-0.,0.,1.));
#15506 = DIRECTION('',(-1.,1.227639199325E-16,-0.));
#15507 = PCURVE('',#7936,#15508);
#15508 = DEFINITIONAL_REPRESENTATION('',(#15509),#15513);
#15509 = CIRCLE('',#15510,37.6);
#15510 = AXIS2_PLACEMENT_2D('',#15511,#15512);
#15511 = CARTESIAN_POINT('',(0.57247706422,0.63482918751));
#15512 = DIRECTION('',(1.,-1.227639199325E-16));
#15513 = ( GEOMETRIC_REPRESENTATION_CONTEXT(2) 
PARAMETRIC_REPRESENTATION_CONTEXT() REPRESENTATION_CONTEXT('2D SPACE',''
  ) );
#15514 = PCURVE('',#9695,#15515);
#15515 = DEFINITIONAL_REPRESENTATION('',(#15516),#15520);
#15516 = LINE('',#15517,#15518);
#15517 = CARTESIAN_POINT('',(-0.,-1.2));
#15518 = VECTOR('',#15519,1.);
#15519 = DIRECTION('',(-1.,0.));
#15520 = ( GEOMETRIC_REPRESENTATION_CONTEXT(2) 
PARAMETRIC_REPRESENTATION_CONTEXT() REPRESENTATION_CONTEXT('2D SPACE',''
  ) );
#15521 = ORIENTED_EDGE('',*,*,#15522,.T.);
#15522 = EDGE_CURVE('',#15499,#15523,#15525,.T.);
#15523 = VERTEX_POINT('',#15524);
#15524 = CARTESIAN_POINT('',(-35.4,9.915797887417E-15,3.2));
#15525 = SURFACE_CURVE('',#15526,(#15531,#15538),.PCURVE_S1.);
#15526 = CIRCLE('',#15527,36.5);
#15527 = AXIS2_PLACEMENT_3D('',#15528,#15529,#15530);
#15528 = CARTESIAN_POINT('',(1.1,7.105427357601E-15,3.2));
#15529 = DIRECTION('',(0.,0.,1.));
#15530 = DIRECTION('',(1.,-3.98620982807E-16,-0.));
#15531 = PCURVE('',#7936,#15532);
#15532 = DEFINITIONAL_REPRESENTATION('',(#15533),#15537);
#15533 = CIRCLE('',#15534,36.5);
#15534 = AXIS2_PLACEMENT_2D('',#15535,#15536);
#15535 = CARTESIAN_POINT('',(-0.52752293578,0.63482918751));
#15536 = DIRECTION('',(-1.,3.98620982807E-16));
#15537 = ( GEOMETRIC_REPRESENTATION_CONTEXT(2) 
PARAMETRIC_REPRESENTATION_CONTEXT() REPRESENTATION_CONTEXT('2D SPACE',''
  ) );
#15538 = PCURVE('',#9783,#15539);
#15539 = DEFINITIONAL_REPRESENTATION('',(#15540),#15544);
#15540 = LINE('',#15541,#15542);
#15541 = CARTESIAN_POINT('',(-0.,-1.2));
#15542 = VECTOR('',#15543,1.);
#15543 = DIRECTION('',(-1.,0.));
#15544 = ( GEOMETRIC_REPRESENTATION_CONTEXT(2) 
PARAMETRIC_REPRESENTATION_CONTEXT() REPRESENTATION_CONTEXT('2D SPACE',''
  ) );
#15545 = ORIENTED_EDGE('',*,*,#15546,.T.);
#15546 = EDGE_CURVE('',#15523,#15547,#15549,.T.);
#15547 = VERTEX_POINT('',#15548);
#15548 = CARTESIAN_POINT('',(35.4,-1.06983338776E-14,3.2));
#15549 = SURFACE_CURVE('',#15550,(#15555,#15562),.PCURVE_S1.);
#15550 = CIRCLE('',#15551,35.4);
#15551 = AXIS2_PLACEMENT_3D('',#15552,#15553,#15554);
#15552 = CARTESIAN_POINT('',(-1.7763568394E-15,1.7763568394E-15,3.2));
#15553 = DIRECTION('',(-0.,0.,1.));
#15554 = DIRECTION('',(-1.,2.299277132208E-16,-0.));
#15555 = PCURVE('',#7936,#15556);
#15556 = DEFINITIONAL_REPRESENTATION('',(#15557),#15561);
#15557 = CIRCLE('',#15558,35.4);
#15558 = AXIS2_PLACEMENT_2D('',#15559,#15560);
#15559 = CARTESIAN_POINT('',(0.57247706422,0.63482918751));
#15560 = DIRECTION('',(1.,-2.299277132208E-16));
#15561 = ( GEOMETRIC_REPRESENTATION_CONTEXT(2) 
PARAMETRIC_REPRESENTATION_CONTEXT() REPRESENTATION_CONTEXT('2D SPACE',''
  ) );
#15562 = PCURVE('',#9873,#15563);
#15563 = DEFINITIONAL_REPRESENTATION('',(#15564),#15568);
#15564 = LINE('',#15565,#15566);
#15565 = CARTESIAN_POINT('',(-0.,-1.2));
#15566 = VECTOR('',#15567,1.);
#15567 = DIRECTION('',(-1.,0.));
#15568 = ( GEOMETRIC_REPRESENTATION_CONTEXT(2) 
PARAMETRIC_REPRESENTATION_CONTEXT() REPRESENTATION_CONTEXT('2D SPACE',''
  ) );
#15569 = ORIENTED_EDGE('',*,*,#15570,.T.);
#15570 = EDGE_CURVE('',#15547,#15571,#15573,.T.);
#15571 = VERTEX_POINT('',#15572);
#15572 = CARTESIAN_POINT('',(-33.2,1.134615871987E-14,3.2));
#15573 = SURFACE_CURVE('',#15574,(#15579,#15586),.PCURVE_S1.);
#15574 = CIRCLE('',#15575,34.3);
#15575 = AXIS2_PLACEMENT_3D('',#15576,#15577,#15578);
#15576 = CARTESIAN_POINT('',(1.1,-1.7763568394E-15,3.2));
#15577 = DIRECTION('',(0.,0.,1.));
#15578 = DIRECTION('',(1.,-2.601159486355E-16,-0.));
#15579 = PCURVE('',#7936,#15580);
#15580 = DEFINITIONAL_REPRESENTATION('',(#15581),#15585);
#15581 = CIRCLE('',#15582,34.3);
#15582 = AXIS2_PLACEMENT_2D('',#15583,#15584);
#15583 = CARTESIAN_POINT('',(-0.52752293578,0.634829187511));
#15584 = DIRECTION('',(-1.,2.601159486355E-16));
#15585 = ( GEOMETRIC_REPRESENTATION_CONTEXT(2) 
PARAMETRIC_REPRESENTATION_CONTEXT() REPRESENTATION_CONTEXT('2D SPACE',''
  ) );
#15586 = PCURVE('',#9961,#15587);
#15587 = DEFINITIONAL_REPRESENTATION('',(#15588),#15592);
#15588 = LINE('',#15589,#15590);
#15589 = CARTESIAN_POINT('',(-0.,-1.2));
#15590 = VECTOR('',#15591,1.);
#15591 = DIRECTION('',(-1.,0.));
#15592 = ( GEOMETRIC_REPRESENTATION_CONTEXT(2) 
PARAMETRIC_REPRESENTATION_CONTEXT() REPRESENTATION_CONTEXT('2D SPACE',''
  ) );
#15593 = ORIENTED_EDGE('',*,*,#15594,.T.);
#15594 = EDGE_CURVE('',#15571,#15595,#15597,.T.);
#15595 = VERTEX_POINT('',#15596);
#15596 = CARTESIAN_POINT('',(33.2,-7.773651683621E-15,3.2));
#15597 = SURFACE_CURVE('',#15598,(#15603,#15610),.PCURVE_S1.);
#15598 = CIRCLE('',#15599,33.2);
#15599 = AXIS2_PLACEMENT_3D('',#15600,#15601,#15602);
#15600 = CARTESIAN_POINT('',(3.552713678801E-15,-3.552713678801E-15,3.2)
  );
#15601 = DIRECTION('',(-0.,0.,1.));
#15602 = DIRECTION('',(-1.,4.487612168275E-16,-0.));
#15603 = PCURVE('',#7936,#15604);
#15604 = DEFINITIONAL_REPRESENTATION('',(#15605),#15609);
#15605 = CIRCLE('',#15606,33.2);
#15606 = AXIS2_PLACEMENT_2D('',#15607,#15608);
#15607 = CARTESIAN_POINT('',(0.57247706422,0.634829187511));
#15608 = DIRECTION('',(1.,-4.487612168275E-16));
#15609 = ( GEOMETRIC_REPRESENTATION_CONTEXT(2) 
PARAMETRIC_REPRESENTATION_CONTEXT() REPRESENTATION_CONTEXT('2D SPACE',''
  ) );
#15610 = PCURVE('',#10051,#15611);
#15611 = DEFINITIONAL_REPRESENTATION('',(#15612),#15616);
#15612 = LINE('',#15613,#15614);
#15613 = CARTESIAN_POINT('',(-0.,-1.2));
#15614 = VECTOR('',#15615,1.);
#15615 = DIRECTION('',(-1.,0.));
#15616 = ( GEOMETRIC_REPRESENTATION_CONTEXT(2) 
PARAMETRIC_REPRESENTATION_CONTEXT() REPRESENTATION_CONTEXT('2D SPACE',''
  ) );
#15617 = ORIENTED_EDGE('',*,*,#15618,.T.);
#15618 = EDGE_CURVE('',#15595,#15619,#15621,.T.);
#15619 = VERTEX_POINT('',#15620);
#15620 = CARTESIAN_POINT('',(-31.,1.002217951498E-15,3.2));
#15621 = SURFACE_CURVE('',#15622,(#15627,#15634),.PCURVE_S1.);
#15622 = CIRCLE('',#15623,32.1);
#15623 = AXIS2_PLACEMENT_3D('',#15624,#15625,#15626);
#15624 = CARTESIAN_POINT('',(1.1,1.7763568394E-15,3.2));
#15625 = DIRECTION('',(0.,0.,1.));
#15626 = DIRECTION('',(1.,-2.975080536767E-16,-0.));
#15627 = PCURVE('',#7936,#15628);
#15628 = DEFINITIONAL_REPRESENTATION('',(#15629),#15633);
#15629 = CIRCLE('',#15630,32.1);
#15630 = AXIS2_PLACEMENT_2D('',#15631,#15632);
#15631 = CARTESIAN_POINT('',(-0.52752293578,0.63482918751));
#15632 = DIRECTION('',(-1.,2.975080536767E-16));
#15633 = ( GEOMETRIC_REPRESENTATION_CONTEXT(2) 
PARAMETRIC_REPRESENTATION_CONTEXT() REPRESENTATION_CONTEXT('2D SPACE',''
  ) );
#15634 = PCURVE('',#10139,#15635);
#15635 = DEFINITIONAL_REPRESENTATION('',(#15636),#15640);
#15636 = LINE('',#15637,#15638);
#15637 = CARTESIAN_POINT('',(-0.,-1.2));
#15638 = VECTOR('',#15639,1.);
#15639 = DIRECTION('',(-1.,0.));
#15640 = ( GEOMETRIC_REPRESENTATION_CONTEXT(2) 
PARAMETRIC_REPRESENTATION_CONTEXT() REPRESENTATION_CONTEXT('2D SPACE',''
  ) );
#15641 = ORIENTED_EDGE('',*,*,#15642,.T.);
#15642 = EDGE_CURVE('',#15619,#15643,#15645,.T.);
#15643 = VERTEX_POINT('',#15644);
#15644 = CARTESIAN_POINT('',(31.,-6.574979868255E-15,3.2));
#15645 = SURFACE_CURVE('',#15646,(#15651,#15658),.PCURVE_S1.);
#15646 = CIRCLE('',#15647,31.);
#15647 = AXIS2_PLACEMENT_3D('',#15648,#15649,#15650);
#15648 = CARTESIAN_POINT('',(3.552713678801E-15,-8.881784197001E-16,3.2)
  );
#15649 = DIRECTION('',(-0.,0.,1.));
#15650 = DIRECTION('',(-1.,6.098052810315E-17,-0.));
#15651 = PCURVE('',#7936,#15652);
#15652 = DEFINITIONAL_REPRESENTATION('',(#15653),#15657);
#15653 = CIRCLE('',#15654,31.);
#15654 = AXIS2_PLACEMENT_2D('',#15655,#15656);
#15655 = CARTESIAN_POINT('',(0.57247706422,0.634829187511));
#15656 = DIRECTION('',(1.,-6.098052810315E-17));
#15657 = ( GEOMETRIC_REPRESENTATION_CONTEXT(2) 
PARAMETRIC_REPRESENTATION_CONTEXT() REPRESENTATION_CONTEXT('2D SPACE',''
  ) );
#15658 = PCURVE('',#10229,#15659);
#15659 = DEFINITIONAL_REPRESENTATION('',(#15660),#15664);
#15660 = LINE('',#15661,#15662);
#15661 = CARTESIAN_POINT('',(-0.,-1.2));
#15662 = VECTOR('',#15663,1.);
#15663 = DIRECTION('',(-1.,0.));
#15664 = ( GEOMETRIC_REPRESENTATION_CONTEXT(2) 
PARAMETRIC_REPRESENTATION_CONTEXT() REPRESENTATION_CONTEXT('2D SPACE',''
  ) );
#15665 = ORIENTED_EDGE('',*,*,#15666,.T.);
#15666 = EDGE_CURVE('',#15643,#15667,#15669,.T.);
#15667 = VERTEX_POINT('',#15668);
#15668 = CARTESIAN_POINT('',(-28.8,5.111201019888E-16,3.2));
#15669 = SURFACE_CURVE('',#15670,(#15675,#15682),.PCURVE_S1.);
#15670 = CIRCLE('',#15671,29.9);
#15671 = AXIS2_PLACEMENT_3D('',#15672,#15673,#15674);
#15672 = CARTESIAN_POINT('',(1.1,1.7763568394E-15,3.2));
#15673 = DIRECTION('',(0.,0.,1.));
#15674 = DIRECTION('',(1.,-2.793089199885E-16,-0.));
#15675 = PCURVE('',#7936,#15676);
#15676 = DEFINITIONAL_REPRESENTATION('',(#15677),#15681);
#15677 = CIRCLE('',#15678,29.9);
#15678 = AXIS2_PLACEMENT_2D('',#15679,#15680);
#15679 = CARTESIAN_POINT('',(-0.52752293578,0.63482918751));
#15680 = DIRECTION('',(-1.,2.793089199885E-16));
#15681 = ( GEOMETRIC_REPRESENTATION_CONTEXT(2) 
PARAMETRIC_REPRESENTATION_CONTEXT() REPRESENTATION_CONTEXT('2D SPACE',''
  ) );
#15682 = PCURVE('',#8644,#15683);
#15683 = DEFINITIONAL_REPRESENTATION('',(#15684),#15688);
#15684 = LINE('',#15685,#15686);
#15685 = CARTESIAN_POINT('',(-0.,-1.2));
#15686 = VECTOR('',#15687,1.);
#15687 = DIRECTION('',(-1.,0.));
#15688 = ( GEOMETRIC_REPRESENTATION_CONTEXT(2) 
PARAMETRIC_REPRESENTATION_CONTEXT() REPRESENTATION_CONTEXT('2D SPACE',''
  ) );
#15689 = ORIENTED_EDGE('',*,*,#15690,.T.);
#15690 = EDGE_CURVE('',#15667,#15691,#15693,.T.);
#15691 = VERTEX_POINT('',#15692);
#15692 = CARTESIAN_POINT('',(28.8,-7.946087930214E-15,3.2));
#15693 = SURFACE_CURVE('',#15694,(#15699,#15706),.PCURVE_S1.);
#15694 = CIRCLE('',#15695,28.8);
#15695 = AXIS2_PLACEMENT_3D('',#15696,#15697,#15698);
#15696 = CARTESIAN_POINT('',(-3.552713678801E-15,4.440892098501E-15,3.2)
  );
#15697 = DIRECTION('',(0.,-0.,1.));
#15698 = DIRECTION('',(-1.,-1.364504165456E-16,-0.));
#15699 = PCURVE('',#7936,#15700);
#15700 = DEFINITIONAL_REPRESENTATION('',(#15701),#15705);
#15701 = CIRCLE('',#15702,28.8);
#15702 = AXIS2_PLACEMENT_2D('',#15703,#15704);
#15703 = CARTESIAN_POINT('',(0.57247706422,0.63482918751));
#15704 = DIRECTION('',(1.,1.364504165456E-16));
#15705 = ( GEOMETRIC_REPRESENTATION_CONTEXT(2) 
PARAMETRIC_REPRESENTATION_CONTEXT() REPRESENTATION_CONTEXT('2D SPACE',''
  ) );
#15706 = PCURVE('',#8710,#15707);
#15707 = DEFINITIONAL_REPRESENTATION('',(#15708),#15712);
#15708 = LINE('',#15709,#15710);
#15709 = CARTESIAN_POINT('',(-0.,-1.2));
#15710 = VECTOR('',#15711,1.);
#15711 = DIRECTION('',(-1.,0.));
#15712 = ( GEOMETRIC_REPRESENTATION_CONTEXT(2) 
PARAMETRIC_REPRESENTATION_CONTEXT() REPRESENTATION_CONTEXT('2D SPACE',''
  ) );
#15713 = ORIENTED_EDGE('',*,*,#15714,.T.);
#15714 = EDGE_CURVE('',#15691,#15715,#15717,.T.);
#15715 = VERTEX_POINT('',#15716);
#15716 = CARTESIAN_POINT('',(-26.6,-9.629115489949E-16,3.2));
#15717 = SURFACE_CURVE('',#15718,(#15723,#15730),.PCURVE_S1.);
#15718 = CIRCLE('',#15719,27.7);
#15719 = AXIS2_PLACEMENT_3D('',#15720,#15721,#15722);
#15720 = CARTESIAN_POINT('',(1.1,0.,3.2));
#15721 = DIRECTION('',(0.,0.,1.));
#15722 = DIRECTION('',(1.,-2.868623801521E-16,-0.));
#15723 = PCURVE('',#7936,#15724);
#15724 = DEFINITIONAL_REPRESENTATION('',(#15725),#15729);
#15725 = CIRCLE('',#15726,27.7);
#15726 = AXIS2_PLACEMENT_2D('',#15727,#15728);
#15727 = CARTESIAN_POINT('',(-0.52752293578,0.634829187511));
#15728 = DIRECTION('',(-1.,2.868623801521E-16));
#15729 = ( GEOMETRIC_REPRESENTATION_CONTEXT(2) 
PARAMETRIC_REPRESENTATION_CONTEXT() REPRESENTATION_CONTEXT('2D SPACE',''
  ) );
#15730 = PCURVE('',#8822,#15731);
#15731 = DEFINITIONAL_REPRESENTATION('',(#15732),#15736);
#15732 = LINE('',#15733,#15734);
#15733 = CARTESIAN_POINT('',(-0.,-1.2));
#15734 = VECTOR('',#15735,1.);
#15735 = DIRECTION('',(-1.,0.));
#15736 = ( GEOMETRIC_REPRESENTATION_CONTEXT(2) 
PARAMETRIC_REPRESENTATION_CONTEXT() REPRESENTATION_CONTEXT('2D SPACE',''
  ) );
#15737 = ORIENTED_EDGE('',*,*,#15738,.T.);
#15738 = EDGE_CURVE('',#15715,#15739,#15741,.T.);
#15739 = VERTEX_POINT('',#15740);
#15740 = CARTESIAN_POINT('',(26.6,-4.071005776137E-15,3.2));
#15741 = SURFACE_CURVE('',#15742,(#15747,#15754),.PCURVE_S1.);
#15742 = CIRCLE('',#15743,26.6);
#15743 = AXIS2_PLACEMENT_3D('',#15744,#15745,#15746);
#15744 = CARTESIAN_POINT('',(2.6645352591E-15,-8.881784197001E-16,3.2));
#15745 = DIRECTION('',(0.,-0.,1.));
#15746 = DIRECTION('',(-1.,-2.8095161389E-18,-0.));
#15747 = PCURVE('',#7936,#15748);
#15748 = DEFINITIONAL_REPRESENTATION('',(#15749),#15753);
#15749 = CIRCLE('',#15750,26.6);
#15750 = AXIS2_PLACEMENT_2D('',#15751,#15752);
#15751 = CARTESIAN_POINT('',(0.57247706422,0.634829187511));
#15752 = DIRECTION('',(1.,2.8095161389E-18));
#15753 = ( GEOMETRIC_REPRESENTATION_CONTEXT(2) 
PARAMETRIC_REPRESENTATION_CONTEXT() REPRESENTATION_CONTEXT('2D SPACE',''
  ) );
#15754 = PCURVE('',#9054,#15755);
#15755 = DEFINITIONAL_REPRESENTATION('',(#15756),#15760);
#15756 = LINE('',#15757,#15758);
#15757 = CARTESIAN_POINT('',(-0.,-1.2));
#15758 = VECTOR('',#15759,1.);
#15759 = DIRECTION('',(-1.,0.));
#15760 = ( GEOMETRIC_REPRESENTATION_CONTEXT(2) 
PARAMETRIC_REPRESENTATION_CONTEXT() REPRESENTATION_CONTEXT('2D SPACE',''
  ) );
#15761 = ORIENTED_EDGE('',*,*,#15762,.T.);
#15762 = EDGE_CURVE('',#15739,#15763,#15765,.T.);
#15763 = VERTEX_POINT('',#15764);
#15764 = CARTESIAN_POINT('',(-24.4,2.975007620388E-15,3.2));
#15765 = SURFACE_CURVE('',#15766,(#15771,#15778),.PCURVE_S1.);
#15766 = CIRCLE('',#15767,25.5);
#15767 = AXIS2_PLACEMENT_3D('',#15768,#15769,#15770);
#15768 = CARTESIAN_POINT('',(1.1,3.552713678801E-15,3.2));
#15769 = DIRECTION('',(0.,0.,1.));
#15770 = DIRECTION('',(1.,-2.989693903897E-16,-0.));
#15771 = PCURVE('',#7936,#15772);
#15772 = DEFINITIONAL_REPRESENTATION('',(#15773),#15777);
#15773 = CIRCLE('',#15774,25.5);
#15774 = AXIS2_PLACEMENT_2D('',#15775,#15776);
#15775 = CARTESIAN_POINT('',(-0.52752293578,0.63482918751));
#15776 = DIRECTION('',(-1.,2.989693903897E-16));
#15777 = ( GEOMETRIC_REPRESENTATION_CONTEXT(2) 
PARAMETRIC_REPRESENTATION_CONTEXT() REPRESENTATION_CONTEXT('2D SPACE',''
  ) );
#15778 = PCURVE('',#9002,#15779);
#15779 = DEFINITIONAL_REPRESENTATION('',(#15780),#15784);
#15780 = LINE('',#15781,#15782);
#15781 = CARTESIAN_POINT('',(-0.,-1.2));
#15782 = VECTOR('',#15783,1.);
#15783 = DIRECTION('',(-1.,0.));
#15784 = ( GEOMETRIC_REPRESENTATION_CONTEXT(2) 
PARAMETRIC_REPRESENTATION_CONTEXT() REPRESENTATION_CONTEXT('2D SPACE',''
  ) );
#15785 = ORIENTED_EDGE('',*,*,#15786,.T.);
#15786 = EDGE_CURVE('',#15763,#15787,#15789,.T.);
#15787 = VERTEX_POINT('',#15788);
#15788 = CARTESIAN_POINT('',(24.4,-4.186788970907E-15,3.2));
#15789 = SURFACE_CURVE('',#15790,(#15795,#15802),.PCURVE_S1.);
#15790 = CIRCLE('',#15791,24.4);
#15791 = AXIS2_PLACEMENT_3D('',#15792,#15793,#15794);
#15792 = CARTESIAN_POINT('',(0.,8.881784197001E-16,3.2));
#15793 = DIRECTION('',(-0.,0.,1.));
#15794 = DIRECTION('',(-1.,8.552578691342E-17,-0.));
#15795 = PCURVE('',#7936,#15796);
#15796 = DEFINITIONAL_REPRESENTATION('',(#15797),#15801);
#15797 = CIRCLE('',#15798,24.4);
#15798 = AXIS2_PLACEMENT_2D('',#15799,#15800);
#15799 = CARTESIAN_POINT('',(0.57247706422,0.63482918751));
#15800 = DIRECTION('',(1.,-8.552578691342E-17));
#15801 = ( GEOMETRIC_REPRESENTATION_CONTEXT(2) 
PARAMETRIC_REPRESENTATION_CONTEXT() REPRESENTATION_CONTEXT('2D SPACE',''
  ) );
#15802 = PCURVE('',#8975,#15803);
#15803 = DEFINITIONAL_REPRESENTATION('',(#15804),#15808);
#15804 = LINE('',#15805,#15806);
#15805 = CARTESIAN_POINT('',(-0.,-1.2));
#15806 = VECTOR('',#15807,1.);
#15807 = DIRECTION('',(-1.,0.));
#15808 = ( GEOMETRIC_REPRESENTATION_CONTEXT(2) 
PARAMETRIC_REPRESENTATION_CONTEXT() REPRESENTATION_CONTEXT('2D SPACE',''
  ) );
#15809 = ORIENTED_EDGE('',*,*,#15810,.T.);
#15810 = EDGE_CURVE('',#15787,#15811,#15813,.T.);
#15811 = VERTEX_POINT('',#15812);
#15812 = CARTESIAN_POINT('',(-22.2,-1.530705737186E-15,3.2));
#15813 = SURFACE_CURVE('',#15814,(#15819,#15826),.PCURVE_S1.);
#15814 = CIRCLE('',#15815,23.3);
#15815 = AXIS2_PLACEMENT_3D('',#15816,#15817,#15818);
#15816 = CARTESIAN_POINT('',(1.1,8.881784197001E-16,3.2));
#15817 = DIRECTION('',(0.,0.,1.));
#15818 = DIRECTION('',(1.,-2.178097592535E-16,-0.));
#15819 = PCURVE('',#7936,#15820);
#15820 = DEFINITIONAL_REPRESENTATION('',(#15821),#15825);
#15821 = CIRCLE('',#15822,23.3);
#15822 = AXIS2_PLACEMENT_2D('',#15823,#15824);
#15823 = CARTESIAN_POINT('',(-0.52752293578,0.63482918751));
#15824 = DIRECTION('',(-1.,2.178097592535E-16));
#15825 = ( GEOMETRIC_REPRESENTATION_CONTEXT(2) 
PARAMETRIC_REPRESENTATION_CONTEXT() REPRESENTATION_CONTEXT('2D SPACE',''
  ) );
#15826 = PCURVE('',#8946,#15827);
#15827 = DEFINITIONAL_REPRESENTATION('',(#15828),#15832);
#15828 = LINE('',#15829,#15830);
#15829 = CARTESIAN_POINT('',(-0.,-1.2));
#15830 = VECTOR('',#15831,1.);
#15831 = DIRECTION('',(-1.,0.));
#15832 = ( GEOMETRIC_REPRESENTATION_CONTEXT(2) 
PARAMETRIC_REPRESENTATION_CONTEXT() REPRESENTATION_CONTEXT('2D SPACE',''
  ) );
#15833 = ORIENTED_EDGE('',*,*,#15834,.T.);
#15834 = EDGE_CURVE('',#15811,#15835,#15837,.T.);
#15835 = VERTEX_POINT('',#15836);
#15836 = CARTESIAN_POINT('',(22.2,-1.188010156921E-15,3.2));
#15837 = SURFACE_CURVE('',#15838,(#15843,#15850),.PCURVE_S1.);
#15838 = CIRCLE('',#15839,22.2);
#15839 = AXIS2_PLACEMENT_3D('',#15840,#15841,#15842);
#15840 = CARTESIAN_POINT('',(1.7763568394E-15,0.,3.2));
#15841 = DIRECTION('',(0.,-0.,1.));
#15842 = DIRECTION('',(-1.,-6.895070888226E-17,-0.));
#15843 = PCURVE('',#7936,#15844);
#15844 = DEFINITIONAL_REPRESENTATION('',(#15845),#15849);
#15845 = CIRCLE('',#15846,22.2);
#15846 = AXIS2_PLACEMENT_2D('',#15847,#15848);
#15847 = CARTESIAN_POINT('',(0.57247706422,0.634829187511));
#15848 = DIRECTION('',(1.,6.895070888226E-17));
#15849 = ( GEOMETRIC_REPRESENTATION_CONTEXT(2) 
PARAMETRIC_REPRESENTATION_CONTEXT() REPRESENTATION_CONTEXT('2D SPACE',''
  ) );
#15850 = PCURVE('',#8917,#15851);
#15851 = DEFINITIONAL_REPRESENTATION('',(#15852),#15856);
#15852 = LINE('',#15853,#15854);
#15853 = CARTESIAN_POINT('',(-0.,-1.2));
#15854 = VECTOR('',#15855,1.);
#15855 = DIRECTION('',(-1.,0.));
#15856 = ( GEOMETRIC_REPRESENTATION_CONTEXT(2) 
PARAMETRIC_REPRESENTATION_CONTEXT() REPRESENTATION_CONTEXT('2D SPACE',''
  ) );
#15857 = ORIENTED_EDGE('',*,*,#15858,.T.);
#15858 = EDGE_CURVE('',#15835,#14949,#15859,.T.);
#15859 = SURFACE_CURVE('',#15860,(#15864,#15871),.PCURVE_S1.);
#15860 = LINE('',#15861,#15862);
#15861 = CARTESIAN_POINT('',(22.2,-1.188010156921E-15,3.2));
#15862 = VECTOR('',#15863,1.);
#15863 = DIRECTION('',(1.,1.485012696151E-15,-0.));
#15864 = PCURVE('',#7936,#15865);
#15865 = DEFINITIONAL_REPRESENTATION('',(#15866),#15870);
#15866 = LINE('',#15867,#15868);
#15867 = CARTESIAN_POINT('',(-21.62752293578,0.634829187511));
#15868 = VECTOR('',#15869,1.);
#15869 = DIRECTION('',(-1.,-1.485012696151E-15));
#15870 = ( GEOMETRIC_REPRESENTATION_CONTEXT(2) 
PARAMETRIC_REPRESENTATION_CONTEXT() REPRESENTATION_CONTEXT('2D SPACE',''
  ) );
#15871 = PCURVE('',#8888,#15872);
#15872 = DEFINITIONAL_REPRESENTATION('',(#15873),#15877);
#15873 = LINE('',#15874,#15875);
#15874 = CARTESIAN_POINT('',(-0.,-1.2));
#15875 = VECTOR('',#15876,1.);
#15876 = DIRECTION('',(-1.,0.));
#15877 = ( GEOMETRIC_REPRESENTATION_CONTEXT(2) 
PARAMETRIC_REPRESENTATION_CONTEXT() REPRESENTATION_CONTEXT('2D SPACE',''
  ) );
#15878 = ADVANCED_FACE('',(#15879),#8434,.F.);
#15879 = FACE_BOUND('',#15880,.T.);
#15880 = EDGE_LOOP('',(#15881,#15882,#15883,#15904,#15905,#15906,#15907,
    #15908,#15909,#15910));
#15881 = ORIENTED_EDGE('',*,*,#8418,.T.);
#15882 = ORIENTED_EDGE('',*,*,#15402,.T.);
#15883 = ORIENTED_EDGE('',*,*,#15884,.F.);
#15884 = EDGE_CURVE('',#12372,#15403,#15885,.T.);
#15885 = SURFACE_CURVE('',#15886,(#15890,#15897),.PCURVE_S1.);
#15886 = LINE('',#15887,#15888);
#15887 = CARTESIAN_POINT('',(42.,-2.428138483443E-15,2.));
#15888 = VECTOR('',#15889,1.);
#15889 = DIRECTION('',(-0.,-0.,1.));
#15890 = PCURVE('',#8434,#15891);
#15891 = DEFINITIONAL_REPRESENTATION('',(#15892),#15896);
#15892 = LINE('',#15893,#15894);
#15893 = CARTESIAN_POINT('',(-3.14159265359,0.));
#15894 = VECTOR('',#15895,1.);
#15895 = DIRECTION('',(-0.,-1.));
#15896 = ( GEOMETRIC_REPRESENTATION_CONTEXT(2) 
PARAMETRIC_REPRESENTATION_CONTEXT() REPRESENTATION_CONTEXT('2D SPACE',''
  ) );
#15897 = PCURVE('',#9448,#15898);
#15898 = DEFINITIONAL_REPRESENTATION('',(#15899),#15903);
#15899 = LINE('',#15900,#15901);
#15900 = CARTESIAN_POINT('',(-0.,0.));
#15901 = VECTOR('',#15902,1.);
#15902 = DIRECTION('',(-0.,-1.));
#15903 = ( GEOMETRIC_REPRESENTATION_CONTEXT(2) 
PARAMETRIC_REPRESENTATION_CONTEXT() REPRESENTATION_CONTEXT('2D SPACE',''
  ) );
#15904 = ORIENTED_EDGE('',*,*,#12395,.F.);
#15905 = ORIENTED_EDGE('',*,*,#14451,.F.);
#15906 = ORIENTED_EDGE('',*,*,#14424,.F.);
#15907 = ORIENTED_EDGE('',*,*,#14856,.F.);
#15908 = ORIENTED_EDGE('',*,*,#12674,.F.);
#15909 = ORIENTED_EDGE('',*,*,#13231,.F.);
#15910 = ORIENTED_EDGE('',*,*,#9400,.F.);
#15911 = ADVANCED_FACE('',(#15912),#8644,.F.);
#15912 = FACE_BOUND('',#15913,.T.);
#15913 = EDGE_LOOP('',(#15914,#15935,#15936,#15957,#15958,#15959,#15960,
    #15961,#15962,#15963));
#15914 = ORIENTED_EDGE('',*,*,#15915,.T.);
#15915 = EDGE_CURVE('',#11846,#15643,#15916,.T.);
#15916 = SURFACE_CURVE('',#15917,(#15921,#15928),.PCURVE_S1.);
#15917 = LINE('',#15918,#15919);
#15918 = CARTESIAN_POINT('',(31.,-6.574979868255E-15,2.));
#15919 = VECTOR('',#15920,1.);
#15920 = DIRECTION('',(-0.,-0.,1.));
#15921 = PCURVE('',#8644,#15922);
#15922 = DEFINITIONAL_REPRESENTATION('',(#15923),#15927);
#15923 = LINE('',#15924,#15925);
#15924 = CARTESIAN_POINT('',(-0.,0.));
#15925 = VECTOR('',#15926,1.);
#15926 = DIRECTION('',(-0.,-1.));
#15927 = ( GEOMETRIC_REPRESENTATION_CONTEXT(2) 
PARAMETRIC_REPRESENTATION_CONTEXT() REPRESENTATION_CONTEXT('2D SPACE',''
  ) );
#15928 = PCURVE('',#10229,#15929);
#15929 = DEFINITIONAL_REPRESENTATION('',(#15930),#15934);
#15930 = LINE('',#15931,#15932);
#15931 = CARTESIAN_POINT('',(-3.14159265359,0.));
#15932 = VECTOR('',#15933,1.);
#15933 = DIRECTION('',(-0.,-1.));
#15934 = ( GEOMETRIC_REPRESENTATION_CONTEXT(2) 
PARAMETRIC_REPRESENTATION_CONTEXT() REPRESENTATION_CONTEXT('2D SPACE',''
  ) );
#15935 = ORIENTED_EDGE('',*,*,#15666,.T.);
#15936 = ORIENTED_EDGE('',*,*,#15937,.F.);
#15937 = EDGE_CURVE('',#8694,#15667,#15938,.T.);
#15938 = SURFACE_CURVE('',#15939,(#15943,#15950),.PCURVE_S1.);
#15939 = LINE('',#15940,#15941);
#15940 = CARTESIAN_POINT('',(-28.8,5.111201019888E-16,2.));
#15941 = VECTOR('',#15942,1.);
#15942 = DIRECTION('',(-0.,-0.,1.));
#15943 = PCURVE('',#8644,#15944);
#15944 = DEFINITIONAL_REPRESENTATION('',(#15945),#15949);
#15945 = LINE('',#15946,#15947);
#15946 = CARTESIAN_POINT('',(-3.14159265359,0.));
#15947 = VECTOR('',#15948,1.);
#15948 = DIRECTION('',(-0.,-1.));
#15949 = ( GEOMETRIC_REPRESENTATION_CONTEXT(2) 
PARAMETRIC_REPRESENTATION_CONTEXT() REPRESENTATION_CONTEXT('2D SPACE',''
  ) );
#15950 = PCURVE('',#8710,#15951);
#15951 = DEFINITIONAL_REPRESENTATION('',(#15952),#15956);
#15952 = LINE('',#15953,#15954);
#15953 = CARTESIAN_POINT('',(-0.,0.));
#15954 = VECTOR('',#15955,1.);
#15955 = DIRECTION('',(-0.,-1.));
#15956 = ( GEOMETRIC_REPRESENTATION_CONTEXT(2) 
PARAMETRIC_REPRESENTATION_CONTEXT() REPRESENTATION_CONTEXT('2D SPACE',''
  ) );
#15957 = ORIENTED_EDGE('',*,*,#8722,.F.);
#15958 = ORIENTED_EDGE('',*,*,#8625,.F.);
#15959 = ORIENTED_EDGE('',*,*,#9345,.F.);
#15960 = ORIENTED_EDGE('',*,*,#11005,.F.);
#15961 = ORIENTED_EDGE('',*,*,#10733,.F.);
#15962 = ORIENTED_EDGE('',*,*,#11763,.F.);
#15963 = ORIENTED_EDGE('',*,*,#11845,.F.);
#15964 = ADVANCED_FACE('',(#15965),#8611,.T.);
#15965 = FACE_BOUND('',#15966,.T.);
#15966 = EDGE_LOOP('',(#15967,#15988,#15989,#16010,#16011,#16012,#16013,
    #16014,#16015,#16016));
#15967 = ORIENTED_EDGE('',*,*,#15968,.T.);
#15968 = EDGE_CURVE('',#10179,#15119,#15969,.T.);
#15969 = SURFACE_CURVE('',#15970,(#15974,#15981),.PCURVE_S1.);
#15970 = LINE('',#15971,#15972);
#15971 = CARTESIAN_POINT('',(-29.6,-6.965584476797E-16,2.));
#15972 = VECTOR('',#15973,1.);
#15973 = DIRECTION('',(-0.,-0.,1.));
#15974 = PCURVE('',#8611,#15975);
#15975 = DEFINITIONAL_REPRESENTATION('',(#15976),#15980);
#15976 = LINE('',#15977,#15978);
#15977 = CARTESIAN_POINT('',(0.,0.));
#15978 = VECTOR('',#15979,1.);
#15979 = DIRECTION('',(0.,-1.));
#15980 = ( GEOMETRIC_REPRESENTATION_CONTEXT(2) 
PARAMETRIC_REPRESENTATION_CONTEXT() REPRESENTATION_CONTEXT('2D SPACE',''
  ) );
#15981 = PCURVE('',#10199,#15982);
#15982 = DEFINITIONAL_REPRESENTATION('',(#15983),#15987);
#15983 = LINE('',#15984,#15985);
#15984 = CARTESIAN_POINT('',(3.14159265359,0.));
#15985 = VECTOR('',#15986,1.);
#15986 = DIRECTION('',(0.,-1.));
#15987 = ( GEOMETRIC_REPRESENTATION_CONTEXT(2) 
PARAMETRIC_REPRESENTATION_CONTEXT() REPRESENTATION_CONTEXT('2D SPACE',''
  ) );
#15988 = ORIENTED_EDGE('',*,*,#15146,.T.);
#15989 = ORIENTED_EDGE('',*,*,#15990,.F.);
#15990 = EDGE_CURVE('',#11922,#15147,#15991,.T.);
#15991 = SURFACE_CURVE('',#15992,(#15996,#16003),.PCURVE_S1.);
#15992 = LINE('',#15993,#15994);
#15993 = CARTESIAN_POINT('',(31.8,9.035104422616E-16,2.));
#15994 = VECTOR('',#15995,1.);
#15995 = DIRECTION('',(-0.,-0.,1.));
#15996 = PCURVE('',#8611,#15997);
#15997 = DEFINITIONAL_REPRESENTATION('',(#15998),#16002);
#15998 = LINE('',#15999,#16000);
#15999 = CARTESIAN_POINT('',(3.14159265359,0.));
#16000 = VECTOR('',#16001,1.);
#16001 = DIRECTION('',(0.,-1.));
#16002 = ( GEOMETRIC_REPRESENTATION_CONTEXT(2) 
PARAMETRIC_REPRESENTATION_CONTEXT() REPRESENTATION_CONTEXT('2D SPACE',''
  ) );
#16003 = PCURVE('',#10021,#16004);
#16004 = DEFINITIONAL_REPRESENTATION('',(#16005),#16009);
#16005 = LINE('',#16006,#16007);
#16006 = CARTESIAN_POINT('',(0.,0.));
#16007 = VECTOR('',#16008,1.);
#16008 = DIRECTION('',(0.,-1.));
#16009 = ( GEOMETRIC_REPRESENTATION_CONTEXT(2) 
PARAMETRIC_REPRESENTATION_CONTEXT() REPRESENTATION_CONTEXT('2D SPACE',''
  ) );
#16010 = ORIENTED_EDGE('',*,*,#11921,.F.);
#16011 = ORIENTED_EDGE('',*,*,#11790,.F.);
#16012 = ORIENTED_EDGE('',*,*,#11058,.F.);
#16013 = ORIENTED_EDGE('',*,*,#11032,.F.);
#16014 = ORIENTED_EDGE('',*,*,#10293,.F.);
#16015 = ORIENTED_EDGE('',*,*,#8596,.F.);
#16016 = ORIENTED_EDGE('',*,*,#10264,.F.);
#16017 = ADVANCED_FACE('',(#16018),#8680,.T.);
#16018 = FACE_BOUND('',#16019,.T.);
#16019 = EDGE_LOOP('',(#16020,#16041,#16042,#16063,#16064,#16065,#16066,
    #16067,#16068,#16069));
#16020 = ORIENTED_EDGE('',*,*,#16021,.T.);
#16021 = EDGE_CURVE('',#11447,#15035,#16022,.T.);
#16022 = SURFACE_CURVE('',#16023,(#16027,#16034),.PCURVE_S1.);
#16023 = LINE('',#16024,#16025);
#16024 = CARTESIAN_POINT('',(27.4,1.372467482206E-15,2.));
#16025 = VECTOR('',#16026,1.);
#16026 = DIRECTION('',(-0.,-0.,1.));
#16027 = PCURVE('',#8680,#16028);
#16028 = DEFINITIONAL_REPRESENTATION('',(#16029),#16033);
#16029 = LINE('',#16030,#16031);
#16030 = CARTESIAN_POINT('',(0.,0.));
#16031 = VECTOR('',#16032,1.);
#16032 = DIRECTION('',(0.,-1.));
#16033 = ( GEOMETRIC_REPRESENTATION_CONTEXT(2) 
PARAMETRIC_REPRESENTATION_CONTEXT() REPRESENTATION_CONTEXT('2D SPACE',''
  ) );
#16034 = PCURVE('',#9204,#16035);
#16035 = DEFINITIONAL_REPRESENTATION('',(#16036),#16040);
#16036 = LINE('',#16037,#16038);
#16037 = CARTESIAN_POINT('',(3.14159265359,0.));
#16038 = VECTOR('',#16039,1.);
#16039 = DIRECTION('',(0.,-1.));
#16040 = ( GEOMETRIC_REPRESENTATION_CONTEXT(2) 
PARAMETRIC_REPRESENTATION_CONTEXT() REPRESENTATION_CONTEXT('2D SPACE',''
  ) );
#16041 = ORIENTED_EDGE('',*,*,#15062,.T.);
#16042 = ORIENTED_EDGE('',*,*,#16043,.F.);
#16043 = EDGE_CURVE('',#8660,#15063,#16044,.T.);
#16044 = SURFACE_CURVE('',#16045,(#16049,#16056),.PCURVE_S1.);
#16045 = LINE('',#16046,#16047);
#16046 = CARTESIAN_POINT('',(-27.4,2.377427645731E-15,2.));
#16047 = VECTOR('',#16048,1.);
#16048 = DIRECTION('',(-0.,-0.,1.));
#16049 = PCURVE('',#8680,#16050);
#16050 = DEFINITIONAL_REPRESENTATION('',(#16051),#16055);
#16051 = LINE('',#16052,#16053);
#16052 = CARTESIAN_POINT('',(3.14159265359,0.));
#16053 = VECTOR('',#16054,1.);
#16054 = DIRECTION('',(0.,-1.));
#16055 = ( GEOMETRIC_REPRESENTATION_CONTEXT(2) 
PARAMETRIC_REPRESENTATION_CONTEXT() REPRESENTATION_CONTEXT('2D SPACE',''
  ) );
#16056 = PCURVE('',#8764,#16057);
#16057 = DEFINITIONAL_REPRESENTATION('',(#16058),#16062);
#16058 = LINE('',#16059,#16060);
#16059 = CARTESIAN_POINT('',(0.,0.));
#16060 = VECTOR('',#16061,1.);
#16061 = DIRECTION('',(0.,-1.));
#16062 = ( GEOMETRIC_REPRESENTATION_CONTEXT(2) 
PARAMETRIC_REPRESENTATION_CONTEXT() REPRESENTATION_CONTEXT('2D SPACE',''
  ) );
#16063 = ORIENTED_EDGE('',*,*,#8659,.F.);
#16064 = ORIENTED_EDGE('',*,*,#12594,.F.);
#16065 = ORIENTED_EDGE('',*,*,#12540,.F.);
#16066 = ORIENTED_EDGE('',*,*,#14539,.F.);
#16067 = ORIENTED_EDGE('',*,*,#13813,.F.);
#16068 = ORIENTED_EDGE('',*,*,#13761,.F.);
#16069 = ORIENTED_EDGE('',*,*,#11522,.F.);
#16070 = ADVANCED_FACE('',(#16071),#8764,.T.);
#16071 = FACE_BOUND('',#16072,.T.);
#16072 = EDGE_LOOP('',(#16073,#16074,#16075,#16096,#16097,#16098,#16099,
    #16100,#16101,#16102));
#16073 = ORIENTED_EDGE('',*,*,#16043,.T.);
#16074 = ORIENTED_EDGE('',*,*,#15090,.T.);
#16075 = ORIENTED_EDGE('',*,*,#16076,.F.);
#16076 = EDGE_CURVE('',#11817,#15091,#16077,.T.);
#16077 = SURFACE_CURVE('',#16078,(#16082,#16089),.PCURVE_S1.);
#16078 = LINE('',#16079,#16080);
#16079 = CARTESIAN_POINT('',(29.6,6.663930854965E-15,2.));
#16080 = VECTOR('',#16081,1.);
#16081 = DIRECTION('',(-0.,-0.,1.));
#16082 = PCURVE('',#8764,#16083);
#16083 = DEFINITIONAL_REPRESENTATION('',(#16084),#16088);
#16084 = LINE('',#16085,#16086);
#16085 = CARTESIAN_POINT('',(3.14159265359,0.));
#16086 = VECTOR('',#16087,1.);
#16087 = DIRECTION('',(0.,-1.));
#16088 = ( GEOMETRIC_REPRESENTATION_CONTEXT(2) 
PARAMETRIC_REPRESENTATION_CONTEXT() REPRESENTATION_CONTEXT('2D SPACE',''
  ) );
#16089 = PCURVE('',#10199,#16090);
#16090 = DEFINITIONAL_REPRESENTATION('',(#16091),#16095);
#16091 = LINE('',#16092,#16093);
#16092 = CARTESIAN_POINT('',(0.,0.));
#16093 = VECTOR('',#16094,1.);
#16094 = DIRECTION('',(0.,-1.));
#16095 = ( GEOMETRIC_REPRESENTATION_CONTEXT(2) 
PARAMETRIC_REPRESENTATION_CONTEXT() REPRESENTATION_CONTEXT('2D SPACE',''
  ) );
#16096 = ORIENTED_EDGE('',*,*,#11816,.F.);
#16097 = ORIENTED_EDGE('',*,*,#11340,.F.);
#16098 = ORIENTED_EDGE('',*,*,#10705,.F.);
#16099 = ORIENTED_EDGE('',*,*,#10574,.F.);
#16100 = ORIENTED_EDGE('',*,*,#9318,.F.);
#16101 = ORIENTED_EDGE('',*,*,#8780,.F.);
#16102 = ORIENTED_EDGE('',*,*,#8745,.F.);
#16103 = ADVANCED_FACE('',(#16104),#8710,.F.);
#16104 = FACE_BOUND('',#16105,.T.);
#16105 = EDGE_LOOP('',(#16106,#16107,#16108,#16129,#16130,#16131,#16132,
    #16133,#16134,#16135));
#16106 = ORIENTED_EDGE('',*,*,#15937,.T.);
#16107 = ORIENTED_EDGE('',*,*,#15690,.T.);
#16108 = ORIENTED_EDGE('',*,*,#16109,.F.);
#16109 = EDGE_CURVE('',#11476,#15691,#16110,.T.);
#16110 = SURFACE_CURVE('',#16111,(#16115,#16122),.PCURVE_S1.);
#16111 = LINE('',#16112,#16113);
#16112 = CARTESIAN_POINT('',(28.8,-7.946087930214E-15,2.));
#16113 = VECTOR('',#16114,1.);
#16114 = DIRECTION('',(-0.,-0.,1.));
#16115 = PCURVE('',#8710,#16116);
#16116 = DEFINITIONAL_REPRESENTATION('',(#16117),#16121);
#16117 = LINE('',#16118,#16119);
#16118 = CARTESIAN_POINT('',(-3.14159265359,0.));
#16119 = VECTOR('',#16120,1.);
#16120 = DIRECTION('',(-0.,-1.));
#16121 = ( GEOMETRIC_REPRESENTATION_CONTEXT(2) 
PARAMETRIC_REPRESENTATION_CONTEXT() REPRESENTATION_CONTEXT('2D SPACE',''
  ) );
#16122 = PCURVE('',#8822,#16123);
#16123 = DEFINITIONAL_REPRESENTATION('',(#16124),#16128);
#16124 = LINE('',#16125,#16126);
#16125 = CARTESIAN_POINT('',(-0.,0.));
#16126 = VECTOR('',#16127,1.);
#16127 = DIRECTION('',(-0.,-1.));
#16128 = ( GEOMETRIC_REPRESENTATION_CONTEXT(2) 
PARAMETRIC_REPRESENTATION_CONTEXT() REPRESENTATION_CONTEXT('2D SPACE',''
  ) );
#16129 = ORIENTED_EDGE('',*,*,#11499,.F.);
#16130 = ORIENTED_EDGE('',*,*,#13731,.F.);
#16131 = ORIENTED_EDGE('',*,*,#13840,.F.);
#16132 = ORIENTED_EDGE('',*,*,#14509,.F.);
#16133 = ORIENTED_EDGE('',*,*,#12567,.F.);
#16134 = ORIENTED_EDGE('',*,*,#12511,.F.);
#16135 = ORIENTED_EDGE('',*,*,#8693,.F.);
#16136 = ADVANCED_FACE('',(#16137),#8822,.F.);
#16137 = FACE_BOUND('',#16138,.T.);
#16138 = EDGE_LOOP('',(#16139,#16140,#16141,#16162,#16163,#16164,#16165,
    #16166,#16167,#16168));
#16139 = ORIENTED_EDGE('',*,*,#16109,.T.);
#16140 = ORIENTED_EDGE('',*,*,#15714,.T.);
#16141 = ORIENTED_EDGE('',*,*,#16142,.F.);
#16142 = EDGE_CURVE('',#9114,#15715,#16143,.T.);
#16143 = SURFACE_CURVE('',#16144,(#16148,#16155),.PCURVE_S1.);
#16144 = LINE('',#16145,#16146);
#16145 = CARTESIAN_POINT('',(-26.6,-9.629115489949E-16,2.));
#16146 = VECTOR('',#16147,1.);
#16147 = DIRECTION('',(-0.,-0.,1.));
#16148 = PCURVE('',#8822,#16149);
#16149 = DEFINITIONAL_REPRESENTATION('',(#16150),#16154);
#16150 = LINE('',#16151,#16152);
#16151 = CARTESIAN_POINT('',(-3.14159265359,0.));
#16152 = VECTOR('',#16153,1.);
#16153 = DIRECTION('',(-0.,-1.));
#16154 = ( GEOMETRIC_REPRESENTATION_CONTEXT(2) 
PARAMETRIC_REPRESENTATION_CONTEXT() REPRESENTATION_CONTEXT('2D SPACE',''
  ) );
#16155 = PCURVE('',#9054,#16156);
#16156 = DEFINITIONAL_REPRESENTATION('',(#16157),#16161);
#16157 = LINE('',#16158,#16159);
#16158 = CARTESIAN_POINT('',(-0.,0.));
#16159 = VECTOR('',#16160,1.);
#16160 = DIRECTION('',(-0.,-1.));
#16161 = ( GEOMETRIC_REPRESENTATION_CONTEXT(2) 
PARAMETRIC_REPRESENTATION_CONTEXT() REPRESENTATION_CONTEXT('2D SPACE',''
  ) );
#16162 = ORIENTED_EDGE('',*,*,#9137,.F.);
#16163 = ORIENTED_EDGE('',*,*,#8803,.F.);
#16164 = ORIENTED_EDGE('',*,*,#9160,.F.);
#16165 = ORIENTED_EDGE('',*,*,#10597,.F.);
#16166 = ORIENTED_EDGE('',*,*,#10679,.F.);
#16167 = ORIENTED_EDGE('',*,*,#11364,.F.);
#16168 = ORIENTED_EDGE('',*,*,#11475,.F.);
#16169 = ADVANCED_FACE('',(#16170),#8860,.T.);
#16170 = FACE_BOUND('',#16171,.T.);
#16171 = EDGE_LOOP('',(#16172,#16193,#16194,#16215));
#16172 = ORIENTED_EDGE('',*,*,#16173,.T.);
#16173 = EDGE_CURVE('',#8838,#14949,#16174,.T.);
#16174 = SURFACE_CURVE('',#16175,(#16179,#16186),.PCURVE_S1.);
#16175 = LINE('',#16176,#16177);
#16176 = CARTESIAN_POINT('',(23.,0.,2.));
#16177 = VECTOR('',#16178,1.);
#16178 = DIRECTION('',(-0.,-0.,1.));
#16179 = PCURVE('',#8860,#16180);
#16180 = DEFINITIONAL_REPRESENTATION('',(#16181),#16185);
#16181 = LINE('',#16182,#16183);
#16182 = CARTESIAN_POINT('',(0.,0.));
#16183 = VECTOR('',#16184,1.);
#16184 = DIRECTION('',(0.,-1.));
#16185 = ( GEOMETRIC_REPRESENTATION_CONTEXT(2) 
PARAMETRIC_REPRESENTATION_CONTEXT() REPRESENTATION_CONTEXT('2D SPACE',''
  ) );
#16186 = PCURVE('',#8888,#16187);
#16187 = DEFINITIONAL_REPRESENTATION('',(#16188),#16192);
#16188 = LINE('',#16189,#16190);
#16189 = CARTESIAN_POINT('',(-0.8,0.));
#16190 = VECTOR('',#16191,1.);
#16191 = DIRECTION('',(-0.,-1.));
#16192 = ( GEOMETRIC_REPRESENTATION_CONTEXT(2) 
PARAMETRIC_REPRESENTATION_CONTEXT() REPRESENTATION_CONTEXT('2D SPACE',''
  ) );
#16193 = ORIENTED_EDGE('',*,*,#14948,.T.);
#16194 = ORIENTED_EDGE('',*,*,#16195,.F.);
#16195 = EDGE_CURVE('',#8840,#14951,#16196,.T.);
#16196 = SURFACE_CURVE('',#16197,(#16201,#16208),.PCURVE_S1.);
#16197 = LINE('',#16198,#16199);
#16198 = CARTESIAN_POINT('',(-23.,-2.816687638039E-15,2.));
#16199 = VECTOR('',#16200,1.);
#16200 = DIRECTION('',(-0.,-0.,1.));
#16201 = PCURVE('',#8860,#16202);
#16202 = DEFINITIONAL_REPRESENTATION('',(#16203),#16207);
#16203 = LINE('',#16204,#16205);
#16204 = CARTESIAN_POINT('',(3.14159265359,0.));
#16205 = VECTOR('',#16206,1.);
#16206 = DIRECTION('',(0.,-1.));
#16207 = ( GEOMETRIC_REPRESENTATION_CONTEXT(2) 
PARAMETRIC_REPRESENTATION_CONTEXT() REPRESENTATION_CONTEXT('2D SPACE',''
  ) );
#16208 = PCURVE('',#9268,#16209);
#16209 = DEFINITIONAL_REPRESENTATION('',(#16210),#16214);
#16210 = LINE('',#16211,#16212);
#16211 = CARTESIAN_POINT('',(0.,0.));
#16212 = VECTOR('',#16213,1.);
#16213 = DIRECTION('',(0.,-1.));
#16214 = ( GEOMETRIC_REPRESENTATION_CONTEXT(2) 
PARAMETRIC_REPRESENTATION_CONTEXT() REPRESENTATION_CONTEXT('2D SPACE',''
  ) );
#16215 = ORIENTED_EDGE('',*,*,#8837,.F.);
#16216 = ADVANCED_FACE('',(#16217),#9268,.T.);
#16217 = FACE_BOUND('',#16218,.T.);
#16218 = EDGE_LOOP('',(#16219,#16220,#16221,#16242));
#16219 = ORIENTED_EDGE('',*,*,#16195,.T.);
#16220 = ORIENTED_EDGE('',*,*,#14978,.T.);
#16221 = ORIENTED_EDGE('',*,*,#16222,.F.);
#16222 = EDGE_CURVE('',#9217,#14979,#16223,.T.);
#16223 = SURFACE_CURVE('',#16224,(#16228,#16235),.PCURVE_S1.);
#16224 = LINE('',#16225,#16226);
#16225 = CARTESIAN_POINT('',(25.2,2.170963824199E-15,2.));
#16226 = VECTOR('',#16227,1.);
#16227 = DIRECTION('',(-0.,-0.,1.));
#16228 = PCURVE('',#9268,#16229);
#16229 = DEFINITIONAL_REPRESENTATION('',(#16230),#16234);
#16230 = LINE('',#16231,#16232);
#16231 = CARTESIAN_POINT('',(3.14159265359,0.));
#16232 = VECTOR('',#16233,1.);
#16233 = DIRECTION('',(0.,-1.));
#16234 = ( GEOMETRIC_REPRESENTATION_CONTEXT(2) 
PARAMETRIC_REPRESENTATION_CONTEXT() REPRESENTATION_CONTEXT('2D SPACE',''
  ) );
#16235 = PCURVE('',#9237,#16236);
#16236 = DEFINITIONAL_REPRESENTATION('',(#16237),#16241);
#16237 = LINE('',#16238,#16239);
#16238 = CARTESIAN_POINT('',(0.,0.));
#16239 = VECTOR('',#16240,1.);
#16240 = DIRECTION('',(0.,-1.));
#16241 = ( GEOMETRIC_REPRESENTATION_CONTEXT(2) 
PARAMETRIC_REPRESENTATION_CONTEXT() REPRESENTATION_CONTEXT('2D SPACE',''
  ) );
#16242 = ORIENTED_EDGE('',*,*,#9249,.F.);
#16243 = ADVANCED_FACE('',(#16244),#9237,.T.);
#16244 = FACE_BOUND('',#16245,.T.);
#16245 = EDGE_LOOP('',(#16246,#16247,#16248,#16269));
#16246 = ORIENTED_EDGE('',*,*,#16222,.T.);
#16247 = ORIENTED_EDGE('',*,*,#15006,.T.);
#16248 = ORIENTED_EDGE('',*,*,#16249,.F.);
#16249 = EDGE_CURVE('',#9184,#15007,#16250,.T.);
#16250 = SURFACE_CURVE('',#16251,(#16255,#16262),.PCURVE_S1.);
#16251 = LINE('',#16252,#16253);
#16252 = CARTESIAN_POINT('',(-25.2,1.848353599551E-15,2.));
#16253 = VECTOR('',#16254,1.);
#16254 = DIRECTION('',(-0.,-0.,1.));
#16255 = PCURVE('',#9237,#16256);
#16256 = DEFINITIONAL_REPRESENTATION('',(#16257),#16261);
#16257 = LINE('',#16258,#16259);
#16258 = CARTESIAN_POINT('',(3.14159265359,0.));
#16259 = VECTOR('',#16260,1.);
#16260 = DIRECTION('',(0.,-1.));
#16261 = ( GEOMETRIC_REPRESENTATION_CONTEXT(2) 
PARAMETRIC_REPRESENTATION_CONTEXT() REPRESENTATION_CONTEXT('2D SPACE',''
  ) );
#16262 = PCURVE('',#9204,#16263);
#16263 = DEFINITIONAL_REPRESENTATION('',(#16264),#16268);
#16264 = LINE('',#16265,#16266);
#16265 = CARTESIAN_POINT('',(0.,0.));
#16266 = VECTOR('',#16267,1.);
#16267 = DIRECTION('',(0.,-1.));
#16268 = ( GEOMETRIC_REPRESENTATION_CONTEXT(2) 
PARAMETRIC_REPRESENTATION_CONTEXT() REPRESENTATION_CONTEXT('2D SPACE',''
  ) );
#16269 = ORIENTED_EDGE('',*,*,#9216,.F.);
#16270 = ADVANCED_FACE('',(#16271),#9204,.T.);
#16271 = FACE_BOUND('',#16272,.T.);
#16272 = EDGE_LOOP('',(#16273,#16274,#16275,#16276,#16277,#16278,#16279,
    #16280));
#16273 = ORIENTED_EDGE('',*,*,#16249,.T.);
#16274 = ORIENTED_EDGE('',*,*,#15034,.T.);
#16275 = ORIENTED_EDGE('',*,*,#16021,.F.);
#16276 = ORIENTED_EDGE('',*,*,#11446,.F.);
#16277 = ORIENTED_EDGE('',*,*,#11394,.F.);
#16278 = ORIENTED_EDGE('',*,*,#10652,.F.);
#16279 = ORIENTED_EDGE('',*,*,#10627,.F.);
#16280 = ORIENTED_EDGE('',*,*,#9183,.F.);
#16281 = ADVANCED_FACE('',(#16282),#9054,.F.);
#16282 = FACE_BOUND('',#16283,.T.);
#16283 = EDGE_LOOP('',(#16284,#16285,#16286,#16307,#16308,#16309,#16310,
    #16311,#16312,#16313));
#16284 = ORIENTED_EDGE('',*,*,#16142,.T.);
#16285 = ORIENTED_EDGE('',*,*,#15738,.T.);
#16286 = ORIENTED_EDGE('',*,*,#16287,.F.);
#16287 = EDGE_CURVE('',#9016,#15739,#16288,.T.);
#16288 = SURFACE_CURVE('',#16289,(#16293,#16300),.PCURVE_S1.);
#16289 = LINE('',#16290,#16291);
#16290 = CARTESIAN_POINT('',(26.6,-4.071005776137E-15,2.));
#16291 = VECTOR('',#16292,1.);
#16292 = DIRECTION('',(-0.,-0.,1.));
#16293 = PCURVE('',#9054,#16294);
#16294 = DEFINITIONAL_REPRESENTATION('',(#16295),#16299);
#16295 = LINE('',#16296,#16297);
#16296 = CARTESIAN_POINT('',(-3.14159265359,0.));
#16297 = VECTOR('',#16298,1.);
#16298 = DIRECTION('',(-0.,-1.));
#16299 = ( GEOMETRIC_REPRESENTATION_CONTEXT(2) 
PARAMETRIC_REPRESENTATION_CONTEXT() REPRESENTATION_CONTEXT('2D SPACE',''
  ) );
#16300 = PCURVE('',#9002,#16301);
#16301 = DEFINITIONAL_REPRESENTATION('',(#16302),#16306);
#16302 = LINE('',#16303,#16304);
#16303 = CARTESIAN_POINT('',(-0.,0.));
#16304 = VECTOR('',#16305,1.);
#16305 = DIRECTION('',(-0.,-1.));
#16306 = ( GEOMETRIC_REPRESENTATION_CONTEXT(2) 
PARAMETRIC_REPRESENTATION_CONTEXT() REPRESENTATION_CONTEXT('2D SPACE',''
  ) );
#16307 = ORIENTED_EDGE('',*,*,#9039,.F.);
#16308 = ORIENTED_EDGE('',*,*,#13784,.F.);
#16309 = ORIENTED_EDGE('',*,*,#9067,.F.);
#16310 = ORIENTED_EDGE('',*,*,#14562,.F.);
#16311 = ORIENTED_EDGE('',*,*,#9090,.F.);
#16312 = ORIENTED_EDGE('',*,*,#12617,.F.);
#16313 = ORIENTED_EDGE('',*,*,#9113,.F.);
#16314 = ADVANCED_FACE('',(#16315),#9002,.F.);
#16315 = FACE_BOUND('',#16316,.T.);
#16316 = EDGE_LOOP('',(#16317,#16318,#16319,#16340,#16341,#16342));
#16317 = ORIENTED_EDGE('',*,*,#16287,.T.);
#16318 = ORIENTED_EDGE('',*,*,#15762,.T.);
#16319 = ORIENTED_EDGE('',*,*,#16320,.F.);
#16320 = EDGE_CURVE('',#8959,#15763,#16321,.T.);
#16321 = SURFACE_CURVE('',#16322,(#16326,#16333),.PCURVE_S1.);
#16322 = LINE('',#16323,#16324);
#16323 = CARTESIAN_POINT('',(-24.4,2.975007620388E-15,2.));
#16324 = VECTOR('',#16325,1.);
#16325 = DIRECTION('',(-0.,-0.,1.));
#16326 = PCURVE('',#9002,#16327);
#16327 = DEFINITIONAL_REPRESENTATION('',(#16328),#16332);
#16328 = LINE('',#16329,#16330);
#16329 = CARTESIAN_POINT('',(-3.14159265359,0.));
#16330 = VECTOR('',#16331,1.);
#16331 = DIRECTION('',(-0.,-1.));
#16332 = ( GEOMETRIC_REPRESENTATION_CONTEXT(2) 
PARAMETRIC_REPRESENTATION_CONTEXT() REPRESENTATION_CONTEXT('2D SPACE',''
  ) );
#16333 = PCURVE('',#8975,#16334);
#16334 = DEFINITIONAL_REPRESENTATION('',(#16335),#16339);
#16335 = LINE('',#16336,#16337);
#16336 = CARTESIAN_POINT('',(-0.,0.));
#16337 = VECTOR('',#16338,1.);
#16338 = DIRECTION('',(-0.,-1.));
#16339 = ( GEOMETRIC_REPRESENTATION_CONTEXT(2) 
PARAMETRIC_REPRESENTATION_CONTEXT() REPRESENTATION_CONTEXT('2D SPACE',''
  ) );
#16340 = ORIENTED_EDGE('',*,*,#8987,.F.);
#16341 = ORIENTED_EDGE('',*,*,#11417,.F.);
#16342 = ORIENTED_EDGE('',*,*,#9015,.F.);
#16343 = ADVANCED_FACE('',(#16344),#8975,.F.);
#16344 = FACE_BOUND('',#16345,.T.);
#16345 = EDGE_LOOP('',(#16346,#16347,#16348,#16369));
#16346 = ORIENTED_EDGE('',*,*,#16320,.T.);
#16347 = ORIENTED_EDGE('',*,*,#15786,.T.);
#16348 = ORIENTED_EDGE('',*,*,#16349,.F.);
#16349 = EDGE_CURVE('',#8930,#15787,#16350,.T.);
#16350 = SURFACE_CURVE('',#16351,(#16355,#16362),.PCURVE_S1.);
#16351 = LINE('',#16352,#16353);
#16352 = CARTESIAN_POINT('',(24.4,-4.186788970907E-15,2.));
#16353 = VECTOR('',#16354,1.);
#16354 = DIRECTION('',(-0.,-0.,1.));
#16355 = PCURVE('',#8975,#16356);
#16356 = DEFINITIONAL_REPRESENTATION('',(#16357),#16361);
#16357 = LINE('',#16358,#16359);
#16358 = CARTESIAN_POINT('',(-3.14159265359,0.));
#16359 = VECTOR('',#16360,1.);
#16360 = DIRECTION('',(-0.,-1.));
#16361 = ( GEOMETRIC_REPRESENTATION_CONTEXT(2) 
PARAMETRIC_REPRESENTATION_CONTEXT() REPRESENTATION_CONTEXT('2D SPACE',''
  ) );
#16362 = PCURVE('',#8946,#16363);
#16363 = DEFINITIONAL_REPRESENTATION('',(#16364),#16368);
#16364 = LINE('',#16365,#16366);
#16365 = CARTESIAN_POINT('',(-0.,0.));
#16366 = VECTOR('',#16367,1.);
#16367 = DIRECTION('',(-0.,-1.));
#16368 = ( GEOMETRIC_REPRESENTATION_CONTEXT(2) 
PARAMETRIC_REPRESENTATION_CONTEXT() REPRESENTATION_CONTEXT('2D SPACE',''
  ) );
#16369 = ORIENTED_EDGE('',*,*,#8958,.F.);
#16370 = ADVANCED_FACE('',(#16371),#8946,.F.);
#16371 = FACE_BOUND('',#16372,.T.);
#16372 = EDGE_LOOP('',(#16373,#16374,#16375,#16396));
#16373 = ORIENTED_EDGE('',*,*,#16349,.T.);
#16374 = ORIENTED_EDGE('',*,*,#15810,.T.);
#16375 = ORIENTED_EDGE('',*,*,#16376,.F.);
#16376 = EDGE_CURVE('',#8901,#15811,#16377,.T.);
#16377 = SURFACE_CURVE('',#16378,(#16382,#16389),.PCURVE_S1.);
#16378 = LINE('',#16379,#16380);
#16379 = CARTESIAN_POINT('',(-22.2,-1.530705737186E-15,2.));
#16380 = VECTOR('',#16381,1.);
#16381 = DIRECTION('',(-0.,-0.,1.));
#16382 = PCURVE('',#8946,#16383);
#16383 = DEFINITIONAL_REPRESENTATION('',(#16384),#16388);
#16384 = LINE('',#16385,#16386);
#16385 = CARTESIAN_POINT('',(-3.14159265359,0.));
#16386 = VECTOR('',#16387,1.);
#16387 = DIRECTION('',(-0.,-1.));
#16388 = ( GEOMETRIC_REPRESENTATION_CONTEXT(2) 
PARAMETRIC_REPRESENTATION_CONTEXT() REPRESENTATION_CONTEXT('2D SPACE',''
  ) );
#16389 = PCURVE('',#8917,#16390);
#16390 = DEFINITIONAL_REPRESENTATION('',(#16391),#16395);
#16391 = LINE('',#16392,#16393);
#16392 = CARTESIAN_POINT('',(-0.,0.));
#16393 = VECTOR('',#16394,1.);
#16394 = DIRECTION('',(-0.,-1.));
#16395 = ( GEOMETRIC_REPRESENTATION_CONTEXT(2) 
PARAMETRIC_REPRESENTATION_CONTEXT() REPRESENTATION_CONTEXT('2D SPACE',''
  ) );
#16396 = ORIENTED_EDGE('',*,*,#8929,.F.);
#16397 = ADVANCED_FACE('',(#16398),#8917,.F.);
#16398 = FACE_BOUND('',#16399,.T.);
#16399 = EDGE_LOOP('',(#16400,#16401,#16402,#16423));
#16400 = ORIENTED_EDGE('',*,*,#16376,.T.);
#16401 = ORIENTED_EDGE('',*,*,#15834,.T.);
#16402 = ORIENTED_EDGE('',*,*,#16403,.F.);
#16403 = EDGE_CURVE('',#8873,#15835,#16404,.T.);
#16404 = SURFACE_CURVE('',#16405,(#16409,#16416),.PCURVE_S1.);
#16405 = LINE('',#16406,#16407);
#16406 = CARTESIAN_POINT('',(22.2,-1.188010156921E-15,2.));
#16407 = VECTOR('',#16408,1.);
#16408 = DIRECTION('',(-0.,-0.,1.));
#16409 = PCURVE('',#8917,#16410);
#16410 = DEFINITIONAL_REPRESENTATION('',(#16411),#16415);
#16411 = LINE('',#16412,#16413);
#16412 = CARTESIAN_POINT('',(-3.14159265359,0.));
#16413 = VECTOR('',#16414,1.);
#16414 = DIRECTION('',(-0.,-1.));
#16415 = ( GEOMETRIC_REPRESENTATION_CONTEXT(2) 
PARAMETRIC_REPRESENTATION_CONTEXT() REPRESENTATION_CONTEXT('2D SPACE',''
  ) );
#16416 = PCURVE('',#8888,#16417);
#16417 = DEFINITIONAL_REPRESENTATION('',(#16418),#16422);
#16418 = LINE('',#16419,#16420);
#16419 = CARTESIAN_POINT('',(-0.,0.));
#16420 = VECTOR('',#16421,1.);
#16421 = DIRECTION('',(-0.,-1.));
#16422 = ( GEOMETRIC_REPRESENTATION_CONTEXT(2) 
PARAMETRIC_REPRESENTATION_CONTEXT() REPRESENTATION_CONTEXT('2D SPACE',''
  ) );
#16423 = ORIENTED_EDGE('',*,*,#8900,.F.);
#16424 = ADVANCED_FACE('',(#16425),#8888,.F.);
#16425 = FACE_BOUND('',#16426,.T.);
#16426 = EDGE_LOOP('',(#16427,#16428,#16429,#16430));
#16427 = ORIENTED_EDGE('',*,*,#16403,.T.);
#16428 = ORIENTED_EDGE('',*,*,#15858,.T.);
#16429 = ORIENTED_EDGE('',*,*,#16173,.F.);
#16430 = ORIENTED_EDGE('',*,*,#8872,.F.);
#16431 = ADVANCED_FACE('',(#16432),#9303,.T.);
#16432 = FACE_BOUND('',#16433,.T.);
#16433 = EDGE_LOOP('',(#16434,#16455,#16456,#16457));
#16434 = ORIENTED_EDGE('',*,*,#16435,.T.);
#16435 = EDGE_CURVE('',#9283,#13442,#16436,.T.);
#16436 = SEAM_CURVE('',#16437,(#16441,#16448),.PCURVE_S1.);
#16437 = LINE('',#16438,#16439);
#16438 = CARTESIAN_POINT('',(19.5,0.,2.));
#16439 = VECTOR('',#16440,1.);
#16440 = DIRECTION('',(-0.,-0.,1.));
#16441 = PCURVE('',#9303,#16442);
#16442 = DEFINITIONAL_REPRESENTATION('',(#16443),#16447);
#16443 = LINE('',#16444,#16445);
#16444 = CARTESIAN_POINT('',(0.,0.));
#16445 = VECTOR('',#16446,1.);
#16446 = DIRECTION('',(0.,-1.));
#16447 = ( GEOMETRIC_REPRESENTATION_CONTEXT(2) 
PARAMETRIC_REPRESENTATION_CONTEXT() REPRESENTATION_CONTEXT('2D SPACE',''
  ) );
#16448 = PCURVE('',#9303,#16449);
#16449 = DEFINITIONAL_REPRESENTATION('',(#16450),#16454);
#16450 = LINE('',#16451,#16452);
#16451 = CARTESIAN_POINT('',(6.28318530718,0.));
#16452 = VECTOR('',#16453,1.);
#16453 = DIRECTION('',(0.,-1.));
#16454 = ( GEOMETRIC_REPRESENTATION_CONTEXT(2) 
PARAMETRIC_REPRESENTATION_CONTEXT() REPRESENTATION_CONTEXT('2D SPACE',''
  ) );
#16455 = ORIENTED_EDGE('',*,*,#13441,.T.);
#16456 = ORIENTED_EDGE('',*,*,#16435,.F.);
#16457 = ORIENTED_EDGE('',*,*,#9282,.F.);
#16458 = ADVANCED_FACE('',(#16459),#9448,.F.);
#16459 = FACE_BOUND('',#16460,.T.);
#16460 = EDGE_LOOP('',(#16461,#16462,#16463,#16484,#16485,#16486,#16487,
    #16488,#16489,#16490));
#16461 = ORIENTED_EDGE('',*,*,#15884,.T.);
#16462 = ORIENTED_EDGE('',*,*,#15426,.T.);
#16463 = ORIENTED_EDGE('',*,*,#16464,.F.);
#16464 = EDGE_CURVE('',#9501,#15427,#16465,.T.);
#16465 = SURFACE_CURVE('',#16466,(#16470,#16477),.PCURVE_S1.);
#16466 = LINE('',#16467,#16468);
#16467 = CARTESIAN_POINT('',(-39.8,3.315165343545E-16,2.));
#16468 = VECTOR('',#16469,1.);
#16469 = DIRECTION('',(-0.,-0.,1.));
#16470 = PCURVE('',#9448,#16471);
#16471 = DEFINITIONAL_REPRESENTATION('',(#16472),#16476);
#16472 = LINE('',#16473,#16474);
#16473 = CARTESIAN_POINT('',(-3.14159265359,0.));
#16474 = VECTOR('',#16475,1.);
#16475 = DIRECTION('',(-0.,-1.));
#16476 = ( GEOMETRIC_REPRESENTATION_CONTEXT(2) 
PARAMETRIC_REPRESENTATION_CONTEXT() REPRESENTATION_CONTEXT('2D SPACE',''
  ) );
#16477 = PCURVE('',#9517,#16478);
#16478 = DEFINITIONAL_REPRESENTATION('',(#16479),#16483);
#16479 = LINE('',#16480,#16481);
#16480 = CARTESIAN_POINT('',(-0.,0.));
#16481 = VECTOR('',#16482,1.);
#16482 = DIRECTION('',(-0.,-1.));
#16483 = ( GEOMETRIC_REPRESENTATION_CONTEXT(2) 
PARAMETRIC_REPRESENTATION_CONTEXT() REPRESENTATION_CONTEXT('2D SPACE',''
  ) );
#16484 = ORIENTED_EDGE('',*,*,#9529,.F.);
#16485 = ORIENTED_EDGE('',*,*,#9429,.F.);
#16486 = ORIENTED_EDGE('',*,*,#10532,.F.);
#16487 = ORIENTED_EDGE('',*,*,#10759,.F.);
#16488 = ORIENTED_EDGE('',*,*,#11297,.F.);
#16489 = ORIENTED_EDGE('',*,*,#12448,.F.);
#16490 = ORIENTED_EDGE('',*,*,#12371,.F.);
#16491 = ADVANCED_FACE('',(#16492),#9487,.T.);
#16492 = FACE_BOUND('',#16493,.T.);
#16493 = EDGE_LOOP('',(#16494,#16515,#16516,#16537,#16538,#16539,#16540,
    #16541,#16542,#16543));
#16494 = ORIENTED_EDGE('',*,*,#16495,.T.);
#16495 = EDGE_CURVE('',#12237,#15315,#16496,.T.);
#16496 = SURFACE_CURVE('',#16497,(#16501,#16508),.PCURVE_S1.);
#16497 = LINE('',#16498,#16499);
#16498 = CARTESIAN_POINT('',(38.4,1.154989311073E-15,2.));
#16499 = VECTOR('',#16500,1.);
#16500 = DIRECTION('',(-0.,-0.,1.));
#16501 = PCURVE('',#9487,#16502);
#16502 = DEFINITIONAL_REPRESENTATION('',(#16503),#16507);
#16503 = LINE('',#16504,#16505);
#16504 = CARTESIAN_POINT('',(0.,0.));
#16505 = VECTOR('',#16506,1.);
#16506 = DIRECTION('',(0.,-1.));
#16507 = ( GEOMETRIC_REPRESENTATION_CONTEXT(2) 
PARAMETRIC_REPRESENTATION_CONTEXT() REPRESENTATION_CONTEXT('2D SPACE',''
  ) );
#16508 = PCURVE('',#9749,#16509);
#16509 = DEFINITIONAL_REPRESENTATION('',(#16510),#16514);
#16510 = LINE('',#16511,#16512);
#16511 = CARTESIAN_POINT('',(3.14159265359,0.));
#16512 = VECTOR('',#16513,1.);
#16513 = DIRECTION('',(0.,-1.));
#16514 = ( GEOMETRIC_REPRESENTATION_CONTEXT(2) 
PARAMETRIC_REPRESENTATION_CONTEXT() REPRESENTATION_CONTEXT('2D SPACE',''
  ) );
#16515 = ORIENTED_EDGE('',*,*,#15342,.T.);
#16516 = ORIENTED_EDGE('',*,*,#16517,.F.);
#16517 = EDGE_CURVE('',#9467,#15343,#16518,.T.);
#16518 = SURFACE_CURVE('',#16519,(#16523,#16530),.PCURVE_S1.);
#16519 = LINE('',#16520,#16521);
#16520 = CARTESIAN_POINT('',(-38.4,-1.225251764164E-14,2.));
#16521 = VECTOR('',#16522,1.);
#16522 = DIRECTION('',(-0.,-0.,1.));
#16523 = PCURVE('',#9487,#16524);
#16524 = DEFINITIONAL_REPRESENTATION('',(#16525),#16529);
#16525 = LINE('',#16526,#16527);
#16526 = CARTESIAN_POINT('',(3.14159265359,0.));
#16527 = VECTOR('',#16528,1.);
#16528 = DIRECTION('',(0.,-1.));
#16529 = ( GEOMETRIC_REPRESENTATION_CONTEXT(2) 
PARAMETRIC_REPRESENTATION_CONTEXT() REPRESENTATION_CONTEXT('2D SPACE',''
  ) );
#16530 = PCURVE('',#9571,#16531);
#16531 = DEFINITIONAL_REPRESENTATION('',(#16532),#16536);
#16532 = LINE('',#16533,#16534);
#16533 = CARTESIAN_POINT('',(0.,0.));
#16534 = VECTOR('',#16535,1.);
#16535 = DIRECTION('',(0.,-1.));
#16536 = ( GEOMETRIC_REPRESENTATION_CONTEXT(2) 
PARAMETRIC_REPRESENTATION_CONTEXT() REPRESENTATION_CONTEXT('2D SPACE',''
  ) );
#16537 = ORIENTED_EDGE('',*,*,#9466,.F.);
#16538 = ORIENTED_EDGE('',*,*,#12834,.F.);
#16539 = ORIENTED_EDGE('',*,*,#12754,.F.);
#16540 = ORIENTED_EDGE('',*,*,#14671,.F.);
#16541 = ORIENTED_EDGE('',*,*,#14343,.F.);
#16542 = ORIENTED_EDGE('',*,*,#13946,.F.);
#16543 = ORIENTED_EDGE('',*,*,#12312,.F.);
#16544 = ADVANCED_FACE('',(#16545),#9571,.T.);
#16545 = FACE_BOUND('',#16546,.T.);
#16546 = EDGE_LOOP('',(#16547,#16548,#16549,#16550,#16551,#16552,#16553,
    #16554,#16555,#16556));
#16547 = ORIENTED_EDGE('',*,*,#16517,.T.);
#16548 = ORIENTED_EDGE('',*,*,#15370,.T.);
#16549 = ORIENTED_EDGE('',*,*,#14888,.F.);
#16550 = ORIENTED_EDGE('',*,*,#12341,.F.);
#16551 = ORIENTED_EDGE('',*,*,#11578,.F.);
#16552 = ORIENTED_EDGE('',*,*,#11270,.F.);
#16553 = ORIENTED_EDGE('',*,*,#10820,.F.);
#16554 = ORIENTED_EDGE('',*,*,#10505,.F.);
#16555 = ORIENTED_EDGE('',*,*,#9618,.F.);
#16556 = ORIENTED_EDGE('',*,*,#9552,.F.);
#16557 = ADVANCED_FACE('',(#16558),#9517,.F.);
#16558 = FACE_BOUND('',#16559,.T.);
#16559 = EDGE_LOOP('',(#16560,#16561,#16562,#16583,#16584,#16585,#16586,
    #16587,#16588,#16589));
#16560 = ORIENTED_EDGE('',*,*,#16464,.T.);
#16561 = ORIENTED_EDGE('',*,*,#15450,.T.);
#16562 = ORIENTED_EDGE('',*,*,#16563,.F.);
#16563 = EDGE_CURVE('',#12266,#15451,#16564,.T.);
#16564 = SURFACE_CURVE('',#16565,(#16569,#16576),.PCURVE_S1.);
#16565 = LINE('',#16566,#16567);
#16566 = CARTESIAN_POINT('',(39.8,-5.205610794961E-15,2.));
#16567 = VECTOR('',#16568,1.);
#16568 = DIRECTION('',(-0.,-0.,1.));
#16569 = PCURVE('',#9517,#16570);
#16570 = DEFINITIONAL_REPRESENTATION('',(#16571),#16575);
#16571 = LINE('',#16572,#16573);
#16572 = CARTESIAN_POINT('',(-3.14159265359,0.));
#16573 = VECTOR('',#16574,1.);
#16574 = DIRECTION('',(-0.,-1.));
#16575 = ( GEOMETRIC_REPRESENTATION_CONTEXT(2) 
PARAMETRIC_REPRESENTATION_CONTEXT() REPRESENTATION_CONTEXT('2D SPACE',''
  ) );
#16576 = PCURVE('',#9605,#16577);
#16577 = DEFINITIONAL_REPRESENTATION('',(#16578),#16582);
#16578 = LINE('',#16579,#16580);
#16579 = CARTESIAN_POINT('',(-0.,0.));
#16580 = VECTOR('',#16581,1.);
#16581 = DIRECTION('',(-0.,-1.));
#16582 = ( GEOMETRIC_REPRESENTATION_CONTEXT(2) 
PARAMETRIC_REPRESENTATION_CONTEXT() REPRESENTATION_CONTEXT('2D SPACE',''
  ) );
#16583 = ORIENTED_EDGE('',*,*,#12289,.F.);
#16584 = ORIENTED_EDGE('',*,*,#13866,.F.);
#16585 = ORIENTED_EDGE('',*,*,#14370,.F.);
#16586 = ORIENTED_EDGE('',*,*,#14591,.F.);
#16587 = ORIENTED_EDGE('',*,*,#12781,.F.);
#16588 = ORIENTED_EDGE('',*,*,#12701,.F.);
#16589 = ORIENTED_EDGE('',*,*,#9500,.F.);
#16590 = ADVANCED_FACE('',(#16591),#9605,.F.);
#16591 = FACE_BOUND('',#16592,.T.);
#16592 = EDGE_LOOP('',(#16593,#16594,#16595,#16616,#16617,#16618,#16619,
    #16620,#16621,#16622));
#16593 = ORIENTED_EDGE('',*,*,#16563,.T.);
#16594 = ORIENTED_EDGE('',*,*,#15474,.T.);
#16595 = ORIENTED_EDGE('',*,*,#16596,.F.);
#16596 = EDGE_CURVE('',#9679,#15475,#16597,.T.);
#16597 = SURFACE_CURVE('',#16598,(#16602,#16609),.PCURVE_S1.);
#16598 = LINE('',#16599,#16600);
#16599 = CARTESIAN_POINT('',(-37.6,6.392280228861E-15,2.));
#16600 = VECTOR('',#16601,1.);
#16601 = DIRECTION('',(-0.,-0.,1.));
#16602 = PCURVE('',#9605,#16603);
#16603 = DEFINITIONAL_REPRESENTATION('',(#16604),#16608);
#16604 = LINE('',#16605,#16606);
#16605 = CARTESIAN_POINT('',(-3.14159265359,0.));
#16606 = VECTOR('',#16607,1.);
#16607 = DIRECTION('',(-0.,-1.));
#16608 = ( GEOMETRIC_REPRESENTATION_CONTEXT(2) 
PARAMETRIC_REPRESENTATION_CONTEXT() REPRESENTATION_CONTEXT('2D SPACE',''
  ) );
#16609 = PCURVE('',#9695,#16610);
#16610 = DEFINITIONAL_REPRESENTATION('',(#16611),#16615);
#16611 = LINE('',#16612,#16613);
#16612 = CARTESIAN_POINT('',(-0.,0.));
#16613 = VECTOR('',#16614,1.);
#16614 = DIRECTION('',(-0.,-1.));
#16615 = ( GEOMETRIC_REPRESENTATION_CONTEXT(2) 
PARAMETRIC_REPRESENTATION_CONTEXT() REPRESENTATION_CONTEXT('2D SPACE',''
  ) );
#16616 = ORIENTED_EDGE('',*,*,#9707,.F.);
#16617 = ORIENTED_EDGE('',*,*,#9586,.F.);
#16618 = ORIENTED_EDGE('',*,*,#10479,.F.);
#16619 = ORIENTED_EDGE('',*,*,#10793,.F.);
#16620 = ORIENTED_EDGE('',*,*,#11244,.F.);
#16621 = ORIENTED_EDGE('',*,*,#11551,.F.);
#16622 = ORIENTED_EDGE('',*,*,#12265,.F.);
#16623 = ADVANCED_FACE('',(#16624),#9665,.T.);
#16624 = FACE_BOUND('',#16625,.T.);
#16625 = EDGE_LOOP('',(#16626,#16647,#16648,#16669,#16670,#16671,#16672,
    #16673,#16674,#16675));
#16626 = ORIENTED_EDGE('',*,*,#16627,.T.);
#16627 = EDGE_CURVE('',#12132,#15259,#16628,.T.);
#16628 = SURFACE_CURVE('',#16629,(#16633,#16640),.PCURVE_S1.);
#16629 = LINE('',#16630,#16631);
#16630 = CARTESIAN_POINT('',(36.2,7.030823867317E-15,2.));
#16631 = VECTOR('',#16632,1.);
#16632 = DIRECTION('',(-0.,-0.,1.));
#16633 = PCURVE('',#9665,#16634);
#16634 = DEFINITIONAL_REPRESENTATION('',(#16635),#16639);
#16635 = LINE('',#16636,#16637);
#16636 = CARTESIAN_POINT('',(0.,0.));
#16637 = VECTOR('',#16638,1.);
#16638 = DIRECTION('',(0.,-1.));
#16639 = ( GEOMETRIC_REPRESENTATION_CONTEXT(2) 
PARAMETRIC_REPRESENTATION_CONTEXT() REPRESENTATION_CONTEXT('2D SPACE',''
  ) );
#16640 = PCURVE('',#9927,#16641);
#16641 = DEFINITIONAL_REPRESENTATION('',(#16642),#16646);
#16642 = LINE('',#16643,#16644);
#16643 = CARTESIAN_POINT('',(3.14159265359,0.));
#16644 = VECTOR('',#16645,1.);
#16645 = DIRECTION('',(0.,-1.));
#16646 = ( GEOMETRIC_REPRESENTATION_CONTEXT(2) 
PARAMETRIC_REPRESENTATION_CONTEXT() REPRESENTATION_CONTEXT('2D SPACE',''
  ) );
#16647 = ORIENTED_EDGE('',*,*,#15286,.T.);
#16648 = ORIENTED_EDGE('',*,*,#16649,.F.);
#16649 = EDGE_CURVE('',#9645,#15287,#16650,.T.);
#16650 = SURFACE_CURVE('',#16651,(#16655,#16662),.PCURVE_S1.);
#16651 = LINE('',#16652,#16653);
#16652 = CARTESIAN_POINT('',(-36.2,-6.046156920059E-15,2.));
#16653 = VECTOR('',#16654,1.);
#16654 = DIRECTION('',(-0.,-0.,1.));
#16655 = PCURVE('',#9665,#16656);
#16656 = DEFINITIONAL_REPRESENTATION('',(#16657),#16661);
#16657 = LINE('',#16658,#16659);
#16658 = CARTESIAN_POINT('',(3.14159265359,0.));
#16659 = VECTOR('',#16660,1.);
#16660 = DIRECTION('',(0.,-1.));
#16661 = ( GEOMETRIC_REPRESENTATION_CONTEXT(2) 
PARAMETRIC_REPRESENTATION_CONTEXT() REPRESENTATION_CONTEXT('2D SPACE',''
  ) );
#16662 = PCURVE('',#9749,#16663);
#16663 = DEFINITIONAL_REPRESENTATION('',(#16664),#16668);
#16664 = LINE('',#16665,#16666);
#16665 = CARTESIAN_POINT('',(0.,0.));
#16666 = VECTOR('',#16667,1.);
#16667 = DIRECTION('',(0.,-1.));
#16668 = ( GEOMETRIC_REPRESENTATION_CONTEXT(2) 
PARAMETRIC_REPRESENTATION_CONTEXT() REPRESENTATION_CONTEXT('2D SPACE',''
  ) );
#16669 = ORIENTED_EDGE('',*,*,#9644,.F.);
#16670 = ORIENTED_EDGE('',*,*,#12940,.F.);
#16671 = ORIENTED_EDGE('',*,*,#12860,.F.);
#16672 = ORIENTED_EDGE('',*,*,#14724,.F.);
#16673 = ORIENTED_EDGE('',*,*,#14290,.F.);
#16674 = ORIENTED_EDGE('',*,*,#13999,.F.);
#16675 = ORIENTED_EDGE('',*,*,#12207,.F.);
#16676 = ADVANCED_FACE('',(#16677),#9749,.T.);
#16677 = FACE_BOUND('',#16678,.T.);
#16678 = EDGE_LOOP('',(#16679,#16680,#16681,#16682,#16683,#16684,#16685,
    #16686,#16687,#16688));
#16679 = ORIENTED_EDGE('',*,*,#16649,.T.);
#16680 = ORIENTED_EDGE('',*,*,#15314,.T.);
#16681 = ORIENTED_EDGE('',*,*,#16495,.F.);
#16682 = ORIENTED_EDGE('',*,*,#12236,.F.);
#16683 = ORIENTED_EDGE('',*,*,#11631,.F.);
#16684 = ORIENTED_EDGE('',*,*,#11217,.F.);
#16685 = ORIENTED_EDGE('',*,*,#10873,.F.);
#16686 = ORIENTED_EDGE('',*,*,#10452,.F.);
#16687 = ORIENTED_EDGE('',*,*,#9796,.F.);
#16688 = ORIENTED_EDGE('',*,*,#9730,.F.);
#16689 = ADVANCED_FACE('',(#16690),#9695,.F.);
#16690 = FACE_BOUND('',#16691,.T.);
#16691 = EDGE_LOOP('',(#16692,#16693,#16694,#16715,#16716,#16717,#16718,
    #16719,#16720,#16721));
#16692 = ORIENTED_EDGE('',*,*,#16596,.T.);
#16693 = ORIENTED_EDGE('',*,*,#15498,.T.);
#16694 = ORIENTED_EDGE('',*,*,#16695,.F.);
#16695 = EDGE_CURVE('',#12161,#15499,#16696,.T.);
#16696 = SURFACE_CURVE('',#16697,(#16701,#16708),.PCURVE_S1.);
#16697 = LINE('',#16698,#16699);
#16698 = CARTESIAN_POINT('',(37.6,-7.444238514854E-15,2.));
#16699 = VECTOR('',#16700,1.);
#16700 = DIRECTION('',(-0.,-0.,1.));
#16701 = PCURVE('',#9695,#16702);
#16702 = DEFINITIONAL_REPRESENTATION('',(#16703),#16707);
#16703 = LINE('',#16704,#16705);
#16704 = CARTESIAN_POINT('',(-3.14159265359,0.));
#16705 = VECTOR('',#16706,1.);
#16706 = DIRECTION('',(-0.,-1.));
#16707 = ( GEOMETRIC_REPRESENTATION_CONTEXT(2) 
PARAMETRIC_REPRESENTATION_CONTEXT() REPRESENTATION_CONTEXT('2D SPACE',''
  ) );
#16708 = PCURVE('',#9783,#16709);
#16709 = DEFINITIONAL_REPRESENTATION('',(#16710),#16714);
#16710 = LINE('',#16711,#16712);
#16711 = CARTESIAN_POINT('',(-0.,0.));
#16712 = VECTOR('',#16713,1.);
#16713 = DIRECTION('',(-0.,-1.));
#16714 = ( GEOMETRIC_REPRESENTATION_CONTEXT(2) 
PARAMETRIC_REPRESENTATION_CONTEXT() REPRESENTATION_CONTEXT('2D SPACE',''
  ) );
#16715 = ORIENTED_EDGE('',*,*,#12184,.F.);
#16716 = ORIENTED_EDGE('',*,*,#13919,.F.);
#16717 = ORIENTED_EDGE('',*,*,#14317,.F.);
#16718 = ORIENTED_EDGE('',*,*,#14644,.F.);
#16719 = ORIENTED_EDGE('',*,*,#12887,.F.);
#16720 = ORIENTED_EDGE('',*,*,#12807,.F.);
#16721 = ORIENTED_EDGE('',*,*,#9678,.F.);
#16722 = ADVANCED_FACE('',(#16723),#9783,.F.);
#16723 = FACE_BOUND('',#16724,.T.);
#16724 = EDGE_LOOP('',(#16725,#16726,#16727,#16748,#16749,#16750,#16751,
    #16752,#16753,#16754));
#16725 = ORIENTED_EDGE('',*,*,#16695,.T.);
#16726 = ORIENTED_EDGE('',*,*,#15522,.T.);
#16727 = ORIENTED_EDGE('',*,*,#16728,.F.);
#16728 = EDGE_CURVE('',#9857,#15523,#16729,.T.);
#16729 = SURFACE_CURVE('',#16730,(#16734,#16741),.PCURVE_S1.);
#16730 = LINE('',#16731,#16732);
#16731 = CARTESIAN_POINT('',(-35.4,9.915797887417E-15,2.));
#16732 = VECTOR('',#16733,1.);
#16733 = DIRECTION('',(-0.,-0.,1.));
#16734 = PCURVE('',#9783,#16735);
#16735 = DEFINITIONAL_REPRESENTATION('',(#16736),#16740);
#16736 = LINE('',#16737,#16738);
#16737 = CARTESIAN_POINT('',(-3.14159265359,0.));
#16738 = VECTOR('',#16739,1.);
#16739 = DIRECTION('',(-0.,-1.));
#16740 = ( GEOMETRIC_REPRESENTATION_CONTEXT(2) 
PARAMETRIC_REPRESENTATION_CONTEXT() REPRESENTATION_CONTEXT('2D SPACE',''
  ) );
#16741 = PCURVE('',#9873,#16742);
#16742 = DEFINITIONAL_REPRESENTATION('',(#16743),#16747);
#16743 = LINE('',#16744,#16745);
#16744 = CARTESIAN_POINT('',(-0.,0.));
#16745 = VECTOR('',#16746,1.);
#16746 = DIRECTION('',(-0.,-1.));
#16747 = ( GEOMETRIC_REPRESENTATION_CONTEXT(2) 
PARAMETRIC_REPRESENTATION_CONTEXT() REPRESENTATION_CONTEXT('2D SPACE',''
  ) );
#16748 = ORIENTED_EDGE('',*,*,#9885,.F.);
#16749 = ORIENTED_EDGE('',*,*,#9764,.F.);
#16750 = ORIENTED_EDGE('',*,*,#10426,.F.);
#16751 = ORIENTED_EDGE('',*,*,#10846,.F.);
#16752 = ORIENTED_EDGE('',*,*,#11191,.F.);
#16753 = ORIENTED_EDGE('',*,*,#11604,.F.);
#16754 = ORIENTED_EDGE('',*,*,#12160,.F.);
#16755 = ADVANCED_FACE('',(#16756),#9843,.T.);
#16756 = FACE_BOUND('',#16757,.T.);
#16757 = EDGE_LOOP('',(#16758,#16779,#16780,#16801,#16802,#16803,#16804,
    #16805,#16806,#16807));
#16758 = ORIENTED_EDGE('',*,*,#16759,.T.);
#16759 = EDGE_CURVE('',#12027,#15203,#16760,.T.);
#16760 = SURFACE_CURVE('',#16761,(#16765,#16772),.PCURVE_S1.);
#16761 = LINE('',#16762,#16763);
#16762 = CARTESIAN_POINT('',(34.,9.22665552161E-15,2.));
#16763 = VECTOR('',#16764,1.);
#16764 = DIRECTION('',(-0.,-0.,1.));
#16765 = PCURVE('',#9843,#16766);
#16766 = DEFINITIONAL_REPRESENTATION('',(#16767),#16771);
#16767 = LINE('',#16768,#16769);
#16768 = CARTESIAN_POINT('',(0.,0.));
#16769 = VECTOR('',#16770,1.);
#16770 = DIRECTION('',(0.,-1.));
#16771 = ( GEOMETRIC_REPRESENTATION_CONTEXT(2) 
PARAMETRIC_REPRESENTATION_CONTEXT() REPRESENTATION_CONTEXT('2D SPACE',''
  ) );
#16772 = PCURVE('',#10105,#16773);
#16773 = DEFINITIONAL_REPRESENTATION('',(#16774),#16778);
#16774 = LINE('',#16775,#16776);
#16775 = CARTESIAN_POINT('',(3.14159265359,0.));
#16776 = VECTOR('',#16777,1.);
#16777 = DIRECTION('',(0.,-1.));
#16778 = ( GEOMETRIC_REPRESENTATION_CONTEXT(2) 
PARAMETRIC_REPRESENTATION_CONTEXT() REPRESENTATION_CONTEXT('2D SPACE',''
  ) );
#16779 = ORIENTED_EDGE('',*,*,#15230,.T.);
#16780 = ORIENTED_EDGE('',*,*,#16781,.F.);
#16781 = EDGE_CURVE('',#9823,#15231,#16782,.T.);
#16782 = SURFACE_CURVE('',#16783,(#16787,#16794),.PCURVE_S1.);
#16783 = LINE('',#16784,#16785);
#16784 = CARTESIAN_POINT('',(-34.,-6.28502728111E-15,2.));
#16785 = VECTOR('',#16786,1.);
#16786 = DIRECTION('',(-0.,-0.,1.));
#16787 = PCURVE('',#9843,#16788);
#16788 = DEFINITIONAL_REPRESENTATION('',(#16789),#16793);
#16789 = LINE('',#16790,#16791);
#16790 = CARTESIAN_POINT('',(3.14159265359,0.));
#16791 = VECTOR('',#16792,1.);
#16792 = DIRECTION('',(0.,-1.));
#16793 = ( GEOMETRIC_REPRESENTATION_CONTEXT(2) 
PARAMETRIC_REPRESENTATION_CONTEXT() REPRESENTATION_CONTEXT('2D SPACE',''
  ) );
#16794 = PCURVE('',#9927,#16795);
#16795 = DEFINITIONAL_REPRESENTATION('',(#16796),#16800);
#16796 = LINE('',#16797,#16798);
#16797 = CARTESIAN_POINT('',(0.,0.));
#16798 = VECTOR('',#16799,1.);
#16799 = DIRECTION('',(0.,-1.));
#16800 = ( GEOMETRIC_REPRESENTATION_CONTEXT(2) 
PARAMETRIC_REPRESENTATION_CONTEXT() REPRESENTATION_CONTEXT('2D SPACE',''
  ) );
#16801 = ORIENTED_EDGE('',*,*,#9822,.F.);
#16802 = ORIENTED_EDGE('',*,*,#13046,.F.);
#16803 = ORIENTED_EDGE('',*,*,#12966,.F.);
#16804 = ORIENTED_EDGE('',*,*,#14777,.F.);
#16805 = ORIENTED_EDGE('',*,*,#14237,.F.);
#16806 = ORIENTED_EDGE('',*,*,#14052,.F.);
#16807 = ORIENTED_EDGE('',*,*,#12102,.F.);
#16808 = ADVANCED_FACE('',(#16809),#9927,.T.);
#16809 = FACE_BOUND('',#16810,.T.);
#16810 = EDGE_LOOP('',(#16811,#16812,#16813,#16814,#16815,#16816,#16817,
    #16818,#16819,#16820));
#16811 = ORIENTED_EDGE('',*,*,#16781,.T.);
#16812 = ORIENTED_EDGE('',*,*,#15258,.T.);
#16813 = ORIENTED_EDGE('',*,*,#16627,.F.);
#16814 = ORIENTED_EDGE('',*,*,#12131,.F.);
#16815 = ORIENTED_EDGE('',*,*,#11684,.F.);
#16816 = ORIENTED_EDGE('',*,*,#11164,.F.);
#16817 = ORIENTED_EDGE('',*,*,#10926,.F.);
#16818 = ORIENTED_EDGE('',*,*,#10399,.F.);
#16819 = ORIENTED_EDGE('',*,*,#9974,.F.);
#16820 = ORIENTED_EDGE('',*,*,#9908,.F.);
#16821 = ADVANCED_FACE('',(#16822),#9873,.F.);
#16822 = FACE_BOUND('',#16823,.T.);
#16823 = EDGE_LOOP('',(#16824,#16825,#16826,#16847,#16848,#16849,#16850,
    #16851,#16852,#16853));
#16824 = ORIENTED_EDGE('',*,*,#16728,.T.);
#16825 = ORIENTED_EDGE('',*,*,#15546,.T.);
#16826 = ORIENTED_EDGE('',*,*,#16827,.F.);
#16827 = EDGE_CURVE('',#12056,#15547,#16828,.T.);
#16828 = SURFACE_CURVE('',#16829,(#16833,#16840),.PCURVE_S1.);
#16829 = LINE('',#16830,#16831);
#16830 = CARTESIAN_POINT('',(35.4,-1.06983338776E-14,2.));
#16831 = VECTOR('',#16832,1.);
#16832 = DIRECTION('',(-0.,-0.,1.));
#16833 = PCURVE('',#9873,#16834);
#16834 = DEFINITIONAL_REPRESENTATION('',(#16835),#16839);
#16835 = LINE('',#16836,#16837);
#16836 = CARTESIAN_POINT('',(-3.14159265359,0.));
#16837 = VECTOR('',#16838,1.);
#16838 = DIRECTION('',(-0.,-1.));
#16839 = ( GEOMETRIC_REPRESENTATION_CONTEXT(2) 
PARAMETRIC_REPRESENTATION_CONTEXT() REPRESENTATION_CONTEXT('2D SPACE',''
  ) );
#16840 = PCURVE('',#9961,#16841);
#16841 = DEFINITIONAL_REPRESENTATION('',(#16842),#16846);
#16842 = LINE('',#16843,#16844);
#16843 = CARTESIAN_POINT('',(-0.,0.));
#16844 = VECTOR('',#16845,1.);
#16845 = DIRECTION('',(-0.,-1.));
#16846 = ( GEOMETRIC_REPRESENTATION_CONTEXT(2) 
PARAMETRIC_REPRESENTATION_CONTEXT() REPRESENTATION_CONTEXT('2D SPACE',''
  ) );
#16847 = ORIENTED_EDGE('',*,*,#12079,.F.);
#16848 = ORIENTED_EDGE('',*,*,#13972,.F.);
#16849 = ORIENTED_EDGE('',*,*,#14264,.F.);
#16850 = ORIENTED_EDGE('',*,*,#14697,.F.);
#16851 = ORIENTED_EDGE('',*,*,#12993,.F.);
#16852 = ORIENTED_EDGE('',*,*,#12913,.F.);
#16853 = ORIENTED_EDGE('',*,*,#9856,.F.);
#16854 = ADVANCED_FACE('',(#16855),#9961,.F.);
#16855 = FACE_BOUND('',#16856,.T.);
#16856 = EDGE_LOOP('',(#16857,#16858,#16859,#16880,#16881,#16882,#16883,
    #16884,#16885,#16886));
#16857 = ORIENTED_EDGE('',*,*,#16827,.T.);
#16858 = ORIENTED_EDGE('',*,*,#15570,.T.);
#16859 = ORIENTED_EDGE('',*,*,#16860,.F.);
#16860 = EDGE_CURVE('',#10035,#15571,#16861,.T.);
#16861 = SURFACE_CURVE('',#16862,(#16866,#16873),.PCURVE_S1.);
#16862 = LINE('',#16863,#16864);
#16863 = CARTESIAN_POINT('',(-33.2,1.134615871987E-14,2.));
#16864 = VECTOR('',#16865,1.);
#16865 = DIRECTION('',(-0.,-0.,1.));
#16866 = PCURVE('',#9961,#16867);
#16867 = DEFINITIONAL_REPRESENTATION('',(#16868),#16872);
#16868 = LINE('',#16869,#16870);
#16869 = CARTESIAN_POINT('',(-3.14159265359,0.));
#16870 = VECTOR('',#16871,1.);
#16871 = DIRECTION('',(-0.,-1.));
#16872 = ( GEOMETRIC_REPRESENTATION_CONTEXT(2) 
PARAMETRIC_REPRESENTATION_CONTEXT() REPRESENTATION_CONTEXT('2D SPACE',''
  ) );
#16873 = PCURVE('',#10051,#16874);
#16874 = DEFINITIONAL_REPRESENTATION('',(#16875),#16879);
#16875 = LINE('',#16876,#16877);
#16876 = CARTESIAN_POINT('',(-0.,0.));
#16877 = VECTOR('',#16878,1.);
#16878 = DIRECTION('',(-0.,-1.));
#16879 = ( GEOMETRIC_REPRESENTATION_CONTEXT(2) 
PARAMETRIC_REPRESENTATION_CONTEXT() REPRESENTATION_CONTEXT('2D SPACE',''
  ) );
#16880 = ORIENTED_EDGE('',*,*,#10063,.F.);
#16881 = ORIENTED_EDGE('',*,*,#9942,.F.);
#16882 = ORIENTED_EDGE('',*,*,#10373,.F.);
#16883 = ORIENTED_EDGE('',*,*,#10899,.F.);
#16884 = ORIENTED_EDGE('',*,*,#11138,.F.);
#16885 = ORIENTED_EDGE('',*,*,#11657,.F.);
#16886 = ORIENTED_EDGE('',*,*,#12055,.F.);
#16887 = ADVANCED_FACE('',(#16888),#10021,.T.);
#16888 = FACE_BOUND('',#16889,.T.);
#16889 = EDGE_LOOP('',(#16890,#16891,#16892,#16913,#16914,#16915,#16916,
    #16917,#16918,#16919));
#16890 = ORIENTED_EDGE('',*,*,#15990,.T.);
#16891 = ORIENTED_EDGE('',*,*,#15174,.T.);
#16892 = ORIENTED_EDGE('',*,*,#16893,.F.);
#16893 = EDGE_CURVE('',#10001,#15175,#16894,.T.);
#16894 = SURFACE_CURVE('',#16895,(#16899,#16906),.PCURVE_S1.);
#16895 = LINE('',#16896,#16897);
#16896 = CARTESIAN_POINT('',(-31.8,2.307540094051E-15,2.));
#16897 = VECTOR('',#16898,1.);
#16898 = DIRECTION('',(-0.,-0.,1.));
#16899 = PCURVE('',#10021,#16900);
#16900 = DEFINITIONAL_REPRESENTATION('',(#16901),#16905);
#16901 = LINE('',#16902,#16903);
#16902 = CARTESIAN_POINT('',(3.14159265359,0.));
#16903 = VECTOR('',#16904,1.);
#16904 = DIRECTION('',(0.,-1.));
#16905 = ( GEOMETRIC_REPRESENTATION_CONTEXT(2) 
PARAMETRIC_REPRESENTATION_CONTEXT() REPRESENTATION_CONTEXT('2D SPACE',''
  ) );
#16906 = PCURVE('',#10105,#16907);
#16907 = DEFINITIONAL_REPRESENTATION('',(#16908),#16912);
#16908 = LINE('',#16909,#16910);
#16909 = CARTESIAN_POINT('',(0.,0.));
#16910 = VECTOR('',#16911,1.);
#16911 = DIRECTION('',(0.,-1.));
#16912 = ( GEOMETRIC_REPRESENTATION_CONTEXT(2) 
PARAMETRIC_REPRESENTATION_CONTEXT() REPRESENTATION_CONTEXT('2D SPACE',''
  ) );
#16913 = ORIENTED_EDGE('',*,*,#10000,.F.);
#16914 = ORIENTED_EDGE('',*,*,#13152,.F.);
#16915 = ORIENTED_EDGE('',*,*,#13072,.F.);
#16916 = ORIENTED_EDGE('',*,*,#14830,.F.);
#16917 = ORIENTED_EDGE('',*,*,#14184,.F.);
#16918 = ORIENTED_EDGE('',*,*,#14105,.F.);
#16919 = ORIENTED_EDGE('',*,*,#11997,.F.);
#16920 = ADVANCED_FACE('',(#16921),#10105,.T.);
#16921 = FACE_BOUND('',#16922,.T.);
#16922 = EDGE_LOOP('',(#16923,#16924,#16925,#16926,#16927,#16928,#16929,
    #16930,#16931,#16932));
#16923 = ORIENTED_EDGE('',*,*,#16893,.T.);
#16924 = ORIENTED_EDGE('',*,*,#15202,.T.);
#16925 = ORIENTED_EDGE('',*,*,#16759,.F.);
#16926 = ORIENTED_EDGE('',*,*,#12026,.F.);
#16927 = ORIENTED_EDGE('',*,*,#11737,.F.);
#16928 = ORIENTED_EDGE('',*,*,#11111,.F.);
#16929 = ORIENTED_EDGE('',*,*,#10979,.F.);
#16930 = ORIENTED_EDGE('',*,*,#10346,.F.);
#16931 = ORIENTED_EDGE('',*,*,#10152,.F.);
#16932 = ORIENTED_EDGE('',*,*,#10086,.F.);
#16933 = ADVANCED_FACE('',(#16934),#10051,.F.);
#16934 = FACE_BOUND('',#16935,.T.);
#16935 = EDGE_LOOP('',(#16936,#16937,#16938,#16959,#16960,#16961,#16962,
    #16963,#16964,#16965));
#16936 = ORIENTED_EDGE('',*,*,#16860,.T.);
#16937 = ORIENTED_EDGE('',*,*,#15594,.T.);
#16938 = ORIENTED_EDGE('',*,*,#16939,.F.);
#16939 = EDGE_CURVE('',#11951,#15595,#16940,.T.);
#16940 = SURFACE_CURVE('',#16941,(#16945,#16952),.PCURVE_S1.);
#16941 = LINE('',#16942,#16943);
#16942 = CARTESIAN_POINT('',(33.2,-7.773651683621E-15,2.));
#16943 = VECTOR('',#16944,1.);
#16944 = DIRECTION('',(-0.,-0.,1.));
#16945 = PCURVE('',#10051,#16946);
#16946 = DEFINITIONAL_REPRESENTATION('',(#16947),#16951);
#16947 = LINE('',#16948,#16949);
#16948 = CARTESIAN_POINT('',(-3.14159265359,0.));
#16949 = VECTOR('',#16950,1.);
#16950 = DIRECTION('',(-0.,-1.));
#16951 = ( GEOMETRIC_REPRESENTATION_CONTEXT(2) 
PARAMETRIC_REPRESENTATION_CONTEXT() REPRESENTATION_CONTEXT('2D SPACE',''
  ) );
#16952 = PCURVE('',#10139,#16953);
#16953 = DEFINITIONAL_REPRESENTATION('',(#16954),#16958);
#16954 = LINE('',#16955,#16956);
#16955 = CARTESIAN_POINT('',(-0.,0.));
#16956 = VECTOR('',#16957,1.);
#16957 = DIRECTION('',(-0.,-1.));
#16958 = ( GEOMETRIC_REPRESENTATION_CONTEXT(2) 
PARAMETRIC_REPRESENTATION_CONTEXT() REPRESENTATION_CONTEXT('2D SPACE',''
  ) );
#16959 = ORIENTED_EDGE('',*,*,#11974,.F.);
#16960 = ORIENTED_EDGE('',*,*,#14025,.F.);
#16961 = ORIENTED_EDGE('',*,*,#14211,.F.);
#16962 = ORIENTED_EDGE('',*,*,#14750,.F.);
#16963 = ORIENTED_EDGE('',*,*,#13099,.F.);
#16964 = ORIENTED_EDGE('',*,*,#13019,.F.);
#16965 = ORIENTED_EDGE('',*,*,#10034,.F.);
#16966 = ADVANCED_FACE('',(#16967),#10139,.F.);
#16967 = FACE_BOUND('',#16968,.T.);
#16968 = EDGE_LOOP('',(#16969,#16970,#16971,#16992,#16993,#16994,#16995,
    #16996,#16997,#16998));
#16969 = ORIENTED_EDGE('',*,*,#16939,.T.);
#16970 = ORIENTED_EDGE('',*,*,#15618,.T.);
#16971 = ORIENTED_EDGE('',*,*,#16972,.F.);
#16972 = EDGE_CURVE('',#10213,#15619,#16973,.T.);
#16973 = SURFACE_CURVE('',#16974,(#16978,#16985),.PCURVE_S1.);
#16974 = LINE('',#16975,#16976);
#16975 = CARTESIAN_POINT('',(-31.,1.002217951498E-15,2.));
#16976 = VECTOR('',#16977,1.);
#16977 = DIRECTION('',(-0.,-0.,1.));
#16978 = PCURVE('',#10139,#16979);
#16979 = DEFINITIONAL_REPRESENTATION('',(#16980),#16984);
#16980 = LINE('',#16981,#16982);
#16981 = CARTESIAN_POINT('',(-3.14159265359,0.));
#16982 = VECTOR('',#16983,1.);
#16983 = DIRECTION('',(-0.,-1.));
#16984 = ( GEOMETRIC_REPRESENTATION_CONTEXT(2) 
PARAMETRIC_REPRESENTATION_CONTEXT() REPRESENTATION_CONTEXT('2D SPACE',''
  ) );
#16985 = PCURVE('',#10229,#16986);
#16986 = DEFINITIONAL_REPRESENTATION('',(#16987),#16991);
#16987 = LINE('',#16988,#16989);
#16988 = CARTESIAN_POINT('',(-0.,0.));
#16989 = VECTOR('',#16990,1.);
#16990 = DIRECTION('',(-0.,-1.));
#16991 = ( GEOMETRIC_REPRESENTATION_CONTEXT(2) 
PARAMETRIC_REPRESENTATION_CONTEXT() REPRESENTATION_CONTEXT('2D SPACE',''
  ) );
#16992 = ORIENTED_EDGE('',*,*,#10241,.F.);
#16993 = ORIENTED_EDGE('',*,*,#10120,.F.);
#16994 = ORIENTED_EDGE('',*,*,#10320,.F.);
#16995 = ORIENTED_EDGE('',*,*,#10952,.F.);
#16996 = ORIENTED_EDGE('',*,*,#11085,.F.);
#16997 = ORIENTED_EDGE('',*,*,#11710,.F.);
#16998 = ORIENTED_EDGE('',*,*,#11950,.F.);
#16999 = ADVANCED_FACE('',(#17000),#10199,.T.);
#17000 = FACE_BOUND('',#17001,.T.);
#17001 = EDGE_LOOP('',(#17002,#17003,#17004,#17005,#17006,#17007,#17008,
    #17009,#17010,#17011));
#17002 = ORIENTED_EDGE('',*,*,#16076,.T.);
#17003 = ORIENTED_EDGE('',*,*,#15118,.T.);
#17004 = ORIENTED_EDGE('',*,*,#15968,.F.);
#17005 = ORIENTED_EDGE('',*,*,#10178,.F.);
#17006 = ORIENTED_EDGE('',*,*,#12487,.F.);
#17007 = ORIENTED_EDGE('',*,*,#13178,.F.);
#17008 = ORIENTED_EDGE('',*,*,#14485,.F.);
#17009 = ORIENTED_EDGE('',*,*,#14131,.F.);
#17010 = ORIENTED_EDGE('',*,*,#13707,.F.);
#17011 = ORIENTED_EDGE('',*,*,#11892,.F.);
#17012 = ADVANCED_FACE('',(#17013),#10229,.F.);
#17013 = FACE_BOUND('',#17014,.T.);
#17014 = EDGE_LOOP('',(#17015,#17016,#17017,#17018,#17019,#17020,#17021,
    #17022,#17023,#17024));
#17015 = ORIENTED_EDGE('',*,*,#16972,.T.);
#17016 = ORIENTED_EDGE('',*,*,#15642,.T.);
#17017 = ORIENTED_EDGE('',*,*,#15915,.F.);
#17018 = ORIENTED_EDGE('',*,*,#11869,.F.);
#17019 = ORIENTED_EDGE('',*,*,#14078,.F.);
#17020 = ORIENTED_EDGE('',*,*,#14158,.F.);
#17021 = ORIENTED_EDGE('',*,*,#14803,.F.);
#17022 = ORIENTED_EDGE('',*,*,#13205,.F.);
#17023 = ORIENTED_EDGE('',*,*,#13125,.F.);
#17024 = ORIENTED_EDGE('',*,*,#10212,.F.);
#17025 = ADVANCED_FACE('',(#17026),#13303,.F.);
#17026 = FACE_BOUND('',#17027,.F.);
#17027 = EDGE_LOOP('',(#17028,#17029,#17030,#17031));
#17028 = ORIENTED_EDGE('',*,*,#13416,.T.);
#17029 = ORIENTED_EDGE('',*,*,#13478,.T.);
#17030 = ORIENTED_EDGE('',*,*,#13286,.F.);
#17031 = ORIENTED_EDGE('',*,*,#13366,.F.);
#17032 = ADVANCED_FACE('',(#17033),#13563,.F.);
#17033 = FACE_BOUND('',#17034,.F.);
#17034 = EDGE_LOOP('',(#17035,#17036,#17037,#17038));
#17035 = ORIENTED_EDGE('',*,*,#13680,.T.);
#17036 = ORIENTED_EDGE('',*,*,#13549,.T.);
#17037 = ORIENTED_EDGE('',*,*,#13601,.F.);
#17038 = ORIENTED_EDGE('',*,*,#13653,.F.);
#17039 = ( GEOMETRIC_REPRESENTATION_CONTEXT(3) 
GLOBAL_UNCERTAINTY_ASSIGNED_CONTEXT((#17043)) 
GLOBAL_UNIT_ASSIGNED_CONTEXT((#17040,#17041,#17042)) 
REPRESENTATION_CONTEXT('Context #1',
  '3D Context with UNIT and UNCERTAINTY') );
#17040 = ( LENGTH_UNIT() NAMED_UNIT(*) SI_UNIT(.MILLI.,.METRE.) );
#17041 = ( NAMED_UNIT(*) PLANE_ANGLE_UNIT() SI_UNIT($,.RADIAN.) );
#17042 = ( NAMED_UNIT(*) SI_UNIT($,.STERADIAN.) SOLID_ANGLE_UNIT() );
#17043 = UNCERTAINTY_MEASURE_WITH_UNIT(LENGTH_MEASURE(1.E-07),#17040,
  'distance_accuracy_value','confusion accuracy');
#17044 = PRODUCT_RELATED_PRODUCT_CATEGORY('part',$,(#7));
ENDSEC;
END-ISO-10303-21;
